<?xml version="1.0" encoding="UTF-8"?>
<osm version="0.6" generator="openstreetmap-cgimap 2.1.0 (3498737 spike-06.openstreetmap.org)" copyright="OpenStreetMap and contributors" attribution="http://www.openstreetmap.org/copyright" license="http://opendatacommons.org/licenses/odbl/1-0/">
 <bounds minlat="35.0050000" minlon="126.7980000" maxlat="35.0140000" maxlon="126.8100000"/>
 <node id="415146207" visible="true" version="6" changeset="146059783" timestamp="2024-01-09T09:58:20Z" user="songyw124" uid="3610838" lat="35.0056933" lon="126.8013393">
  <tag k="name" v="신도리"/>
  <tag k="name:el" v="Σίντο-ρι"/>
  <tag k="name:en" v="Sindo-ri"/>
  <tag k="name:ko" v="신도리"/>
  <tag k="name:ko-Latn" v="Sindo-ri"/>
  <tag k="place" v="village"/>
 </node>
 <node id="433187257" visible="true" version="2" changeset="50271152" timestamp="2017-07-14T01:19:51Z" user="FUKUTAN" uid="5207199" lat="35.0100450" lon="126.8118233"/>
 <node id="433187266" visible="true" version="2" changeset="54997523" timestamp="2017-12-29T00:31:59Z" user="FUKUTAN" uid="5207199" lat="35.0053566" lon="126.8091546"/>
 <node id="433187275" visible="true" version="1" changeset="1722174" timestamp="2009-07-03T18:21:14Z" user="cyana" uid="74529" lat="35.0061500" lon="126.8081000"/>
 <node id="433187284" visible="true" version="2" changeset="50271152" timestamp="2017-07-14T01:19:51Z" user="FUKUTAN" uid="5207199" lat="35.0103535" lon="126.8112474"/>
 <node id="433187294" visible="true" version="2" changeset="50271152" timestamp="2017-07-14T01:19:51Z" user="FUKUTAN" uid="5207199" lat="35.0105008" lon="126.8069807"/>
 <node id="433187399" visible="true" version="2" changeset="50271152" timestamp="2017-07-14T01:19:51Z" user="FUKUTAN" uid="5207199" lat="35.0107967" lon="126.8096800"/>
 <node id="433187416" visible="true" version="2" changeset="50271152" timestamp="2017-07-14T01:19:51Z" user="FUKUTAN" uid="5207199" lat="35.0093159" lon="126.8102095"/>
 <node id="433187703" visible="true" version="2" changeset="50271152" timestamp="2017-07-14T01:19:51Z" user="FUKUTAN" uid="5207199" lat="35.0042049" lon="126.8129076"/>
 <node id="433187814" visible="true" version="2" changeset="50271152" timestamp="2017-07-14T01:19:51Z" user="FUKUTAN" uid="5207199" lat="35.0091378" lon="126.8100504"/>
 <node id="433187838" visible="true" version="1" changeset="1722174" timestamp="2009-07-03T18:21:43Z" user="cyana" uid="74529" lat="35.0098600" lon="126.8073500"/>
 <node id="433187855" visible="true" version="2" changeset="50271152" timestamp="2017-07-14T01:19:51Z" user="FUKUTAN" uid="5207199" lat="35.0043243" lon="126.8142183"/>
 <node id="433187875" visible="true" version="1" changeset="1722174" timestamp="2009-07-03T18:21:44Z" user="cyana" uid="74529" lat="35.0052300" lon="126.8138400"/>
 <node id="433187947" visible="true" version="2" changeset="50271152" timestamp="2017-07-14T01:19:51Z" user="FUKUTAN" uid="5207199" lat="35.0073971" lon="126.8102764"/>
 <node id="433187959" visible="true" version="1" changeset="1722174" timestamp="2009-07-03T18:21:47Z" user="cyana" uid="74529" lat="35.0085600" lon="126.8102400"/>
 <node id="433187975" visible="true" version="1" changeset="1722174" timestamp="2009-07-03T18:21:48Z" user="cyana" uid="74529" lat="35.0044900" lon="126.8125400"/>
 <node id="433188016" visible="true" version="1" changeset="1722174" timestamp="2009-07-03T18:21:49Z" user="cyana" uid="74529" lat="35.0088400" lon="126.8071700"/>
 <node id="433188032" visible="true" version="1" changeset="1722174" timestamp="2009-07-03T18:21:51Z" user="cyana" uid="74529" lat="35.0080000" lon="126.8075400"/>
 <node id="433188046" visible="true" version="2" changeset="50271152" timestamp="2017-07-14T01:19:51Z" user="FUKUTAN" uid="5207199" lat="35.0057294" lon="126.8130705"/>
 <node id="433188051" visible="true" version="2" changeset="50271152" timestamp="2017-07-14T01:19:51Z" user="FUKUTAN" uid="5207199" lat="35.0058959" lon="126.8129911"/>
 <node id="433188053" visible="true" version="2" changeset="50271152" timestamp="2017-07-14T01:19:51Z" user="FUKUTAN" uid="5207199" lat="35.0052391" lon="126.8096061"/>
 <node id="433188074" visible="true" version="2" changeset="50271152" timestamp="2017-07-14T01:19:51Z" user="FUKUTAN" uid="5207199" lat="35.0050072" lon="126.8114628"/>
 <node id="433190813" visible="true" version="2" changeset="50271152" timestamp="2017-07-14T01:19:51Z" user="FUKUTAN" uid="5207199" lat="35.0101426" lon="126.8072888"/>
 <node id="433190828" visible="true" version="2" changeset="50271152" timestamp="2017-07-14T01:19:51Z" user="FUKUTAN" uid="5207199" lat="35.0102635" lon="126.8069745"/>
 <node id="437028986" visible="true" version="1" changeset="1770056" timestamp="2009-07-08T09:20:59Z" user="cyana" uid="74529" lat="35.0029000" lon="126.8103600"/>
 <node id="1438911589" visible="true" version="2" changeset="54997523" timestamp="2017-12-29T00:32:00Z" user="FUKUTAN" uid="5207199" lat="35.0031189" lon="126.8101180"/>
 <node id="1438911602" visible="true" version="2" changeset="54997523" timestamp="2017-12-29T00:32:00Z" user="FUKUTAN" uid="5207199" lat="35.0037243" lon="126.8088010"/>
 <node id="1438911608" visible="true" version="2" changeset="54997523" timestamp="2017-12-29T00:31:59Z" user="FUKUTAN" uid="5207199" lat="35.0038782" lon="126.8085880"/>
 <node id="1438911613" visible="true" version="2" changeset="54997523" timestamp="2017-12-29T00:31:59Z" user="FUKUTAN" uid="5207199" lat="35.0044619" lon="126.8083073"/>
 <node id="1438911622" visible="true" version="2" changeset="54997523" timestamp="2017-12-29T00:31:59Z" user="FUKUTAN" uid="5207199" lat="35.0049433" lon="126.8077712"/>
 <node id="1438911643" visible="true" version="3" changeset="54997523" timestamp="2017-12-29T00:31:59Z" user="FUKUTAN" uid="5207199" lat="35.0052287" lon="126.8075101"/>
 <node id="1438911645" visible="true" version="2" changeset="53130301" timestamp="2017-10-21T15:00:00Z" user="FUKUTAN" uid="5207199" lat="35.0055501" lon="126.8074862"/>
 <node id="1438911653" visible="true" version="3" changeset="183872037" timestamp="2026-06-09T11:55:14Z" user="야광멧돼지" uid="12393144" lat="35.0057335" lon="126.8076428"/>
 <node id="1438911672" visible="true" version="3" changeset="53130301" timestamp="2017-10-21T14:59:59Z" user="FUKUTAN" uid="5207199" lat="35.0068743" lon="126.8064223"/>
 <node id="1438911788" visible="true" version="3" changeset="55000270" timestamp="2017-12-29T04:56:06Z" user="FUKUTAN" uid="5207199" lat="35.0161988" lon="126.8061984"/>
 <node id="1438911795" visible="true" version="2" changeset="55000270" timestamp="2017-12-29T04:56:06Z" user="FUKUTAN" uid="5207199" lat="35.0175565" lon="126.8063027"/>
 <node id="1438911796" visible="true" version="2" changeset="55000270" timestamp="2017-12-29T04:56:06Z" user="FUKUTAN" uid="5207199" lat="35.0178768" lon="126.8063079"/>
 <node id="1438911828" visible="true" version="4" changeset="65610732" timestamp="2018-12-19T13:03:36Z" user="FUKUTAN" uid="5207199" lat="35.0194543" lon="126.8063443"/>
 <node id="1438911851" visible="true" version="2" changeset="65610732" timestamp="2018-12-19T13:03:36Z" user="FUKUTAN" uid="5207199" lat="35.0206469" lon="126.8060453"/>
 <node id="1438911872" visible="true" version="3" changeset="65610732" timestamp="2018-12-19T13:03:36Z" user="FUKUTAN" uid="5207199" lat="35.0224785" lon="126.8056158"/>
 <node id="1438911901" visible="true" version="4" changeset="65610732" timestamp="2018-12-19T13:03:36Z" user="FUKUTAN" uid="5207199" lat="35.0236623" lon="126.8049746"/>
 <node id="1438911914" visible="true" version="4" changeset="65610732" timestamp="2018-12-19T13:03:36Z" user="FUKUTAN" uid="5207199" lat="35.0240705" lon="126.8049064"/>
 <node id="1438911926" visible="true" version="5" changeset="65610732" timestamp="2018-12-19T13:03:36Z" user="FUKUTAN" uid="5207199" lat="35.0243047" lon="126.8048984"/>
 <node id="2623128159" visible="true" version="5" changeset="65610732" timestamp="2018-12-19T13:03:36Z" user="FUKUTAN" uid="5207199" lat="35.0228001" lon="126.8055149"/>
 <node id="2623137535" visible="true" version="2" changeset="53130301" timestamp="2017-10-21T14:59:58Z" user="FUKUTAN" uid="5207199" lat="35.0089089" lon="126.8014737"/>
 <node id="2623137537" visible="true" version="5" changeset="144333236" timestamp="2023-11-22T16:36:43Z" user="asdfqwer51" uid="3350410" lat="35.0191677" lon="126.8011325"/>
 <node id="2623137538" visible="true" version="2" changeset="53130301" timestamp="2017-10-21T14:59:59Z" user="FUKUTAN" uid="5207199" lat="35.0082332" lon="126.8025296"/>
 <node id="2623137539" visible="true" version="5" changeset="144333236" timestamp="2023-11-22T16:36:43Z" user="asdfqwer51" uid="3350410" lat="35.0170785" lon="126.8007442"/>
 <node id="2623137540" visible="true" version="2" changeset="53130301" timestamp="2017-10-21T14:59:59Z" user="FUKUTAN" uid="5207199" lat="35.0073473" lon="126.8052813"/>
 <node id="2623137542" visible="true" version="10" changeset="176319095" timestamp="2025-12-23T17:30:15Z" user="aaei924" uid="10626814" lat="35.0211550" lon="126.8011558">
  <tag k="highway" v="traffic_signals"/>
  <tag k="traffic_signals" v="signal"/>
 </node>
 <node id="2623137543" visible="true" version="1" changeset="20008128" timestamp="2014-01-15T07:52:27Z" user="Jockhyeng1" uid="1594736" lat="35.0099019" lon="126.8007767"/>
 <node id="2623137544" visible="true" version="8" changeset="176313032" timestamp="2025-12-23T15:05:33Z" user="aaei924" uid="10626814" lat="35.0135919" lon="126.8005206">
  <tag k="highway" v="traffic_signals"/>
  <tag k="traffic_signals" v="signal"/>
 </node>
 <node id="2623137545" visible="true" version="3" changeset="53130301" timestamp="2017-10-21T14:59:58Z" user="FUKUTAN" uid="5207199" lat="35.0105906" lon="126.8005416"/>
 <node id="2662276083" visible="true" version="8" changeset="144333236" timestamp="2023-11-22T16:36:43Z" user="asdfqwer51" uid="3350410" lat="35.0176824" lon="126.8008965">
  <tag k="highway" v="traffic_signals"/>
  <tag k="traffic_signals" v="signal"/>
 </node>
 <node id="3317874405" visible="true" version="7" changeset="144325400" timestamp="2023-11-22T12:55:22Z" user="asdfqwer51" uid="3350410" lat="35.0136229" lon="126.7955287">
  <tag k="highway" v="traffic_signals"/>
  <tag k="traffic_signals" v="signal"/>
 </node>
 <node id="3317878849" visible="true" version="4" changeset="129629562" timestamp="2022-12-02T05:47:22Z" user="gwahak" uid="9413288" lat="35.0126127" lon="126.8005157"/>
 <node id="3413882972" visible="true" version="4" changeset="96780587" timestamp="2021-01-01T17:12:51Z" user="mulgist" uid="12368943" lat="35.0116213" lon="126.7976328"/>
 <node id="3763708596" visible="true" version="4" changeset="183872037" timestamp="2026-06-09T11:55:14Z" user="야광멧돼지" uid="12393144" lat="35.0042704" lon="126.8106641"/>
 <node id="3763708599" visible="true" version="5" changeset="54972016" timestamp="2017-12-28T02:49:47Z" user="FUKUTAN" uid="5207199" lat="35.0035687" lon="126.8118822">
  <tag k="highway" v="traffic_signals"/>
 </node>
 <node id="3763708608" visible="true" version="2" changeset="53130301" timestamp="2017-10-21T14:59:59Z" user="FUKUTAN" uid="5207199" lat="35.0039390" lon="126.8114098"/>
 <node id="3763708609" visible="true" version="5" changeset="183719228" timestamp="2026-06-06T00:53:04Z" user="aaei924" uid="10626814" lat="35.0026183" lon="126.8126571">
  <tag k="highway" v="traffic_signals"/>
  <tag k="name" v="신도교차로"/>
  <tag k="traffic_signals" v="signal"/>
 </node>
 <node id="4675966223" visible="true" version="3" changeset="96780587" timestamp="2021-01-01T17:12:51Z" user="mulgist" uid="12368943" lat="35.0122141" lon="126.7957619"/>
 <node id="4675966224" visible="true" version="3" changeset="96780587" timestamp="2021-01-01T17:12:51Z" user="mulgist" uid="12368943" lat="35.0121976" lon="126.7981742"/>
 <node id="4675966225" visible="true" version="3" changeset="96780587" timestamp="2021-01-01T17:12:51Z" user="mulgist" uid="12368943" lat="35.0103412" lon="126.7981525"/>
 <node id="4675966226" visible="true" version="2" changeset="96780587" timestamp="2021-01-01T17:12:51Z" user="mulgist" uid="12368943" lat="35.0103318" lon="126.7961491"/>
 <node id="4969382578" visible="true" version="1" changeset="50271152" timestamp="2017-07-14T01:19:46Z" user="FUKUTAN" uid="5207199" lat="35.0093768" lon="126.8110218"/>
 <node id="4969382579" visible="true" version="1" changeset="50271152" timestamp="2017-07-14T01:19:46Z" user="FUKUTAN" uid="5207199" lat="35.0094362" lon="126.8105466"/>
 <node id="4969382580" visible="true" version="1" changeset="50271152" timestamp="2017-07-14T01:19:46Z" user="FUKUTAN" uid="5207199" lat="35.0094853" lon="126.8115059"/>
 <node id="4969382581" visible="true" version="1" changeset="50271152" timestamp="2017-07-14T01:19:46Z" user="FUKUTAN" uid="5207199" lat="35.0097626" lon="126.8118156"/>
 <node id="4969382582" visible="true" version="1" changeset="50271152" timestamp="2017-07-14T01:19:46Z" user="FUKUTAN" uid="5207199" lat="35.0102724" lon="126.8115847"/>
 <node id="4969382583" visible="true" version="1" changeset="50271152" timestamp="2017-07-14T01:19:46Z" user="FUKUTAN" uid="5207199" lat="35.0103616" lon="126.8104887"/>
 <node id="4969382584" visible="true" version="1" changeset="50271152" timestamp="2017-07-14T01:19:46Z" user="FUKUTAN" uid="5207199" lat="35.0103688" lon="126.8103216"/>
 <node id="4969382586" visible="true" version="1" changeset="50271152" timestamp="2017-07-14T01:19:46Z" user="FUKUTAN" uid="5207199" lat="35.0050956" lon="126.8100875"/>
 <node id="4969382587" visible="true" version="1" changeset="50271152" timestamp="2017-07-14T01:19:46Z" user="FUKUTAN" uid="5207199" lat="35.0039855" lon="126.8131823"/>
 <node id="4969382588" visible="true" version="1" changeset="50271152" timestamp="2017-07-14T01:19:46Z" user="FUKUTAN" uid="5207199" lat="35.0040079" lon="126.8136408"/>
 <node id="4969382589" visible="true" version="1" changeset="50271152" timestamp="2017-07-14T01:19:46Z" user="FUKUTAN" uid="5207199" lat="35.0047553" lon="126.8145690"/>
 <node id="4969382590" visible="true" version="1" changeset="50271152" timestamp="2017-07-14T01:19:46Z" user="FUKUTAN" uid="5207199" lat="35.0068091" lon="126.8116638"/>
 <node id="4969382591" visible="true" version="1" changeset="50271152" timestamp="2017-07-14T01:19:46Z" user="FUKUTAN" uid="5207199" lat="35.0067271" lon="126.8113460"/>
 <node id="4969382592" visible="true" version="1" changeset="50271152" timestamp="2017-07-14T01:19:46Z" user="FUKUTAN" uid="5207199" lat="35.0068231" lon="126.8111870"/>
 <node id="4969382593" visible="true" version="1" changeset="50271152" timestamp="2017-07-14T01:19:46Z" user="FUKUTAN" uid="5207199" lat="35.0077146" lon="126.8105436"/>
 <node id="4969382594" visible="true" version="1" changeset="50271152" timestamp="2017-07-14T01:19:46Z" user="FUKUTAN" uid="5207199" lat="35.0079162" lon="126.8106629"/>
 <node id="4969382595" visible="true" version="1" changeset="50271152" timestamp="2017-07-14T01:19:46Z" user="FUKUTAN" uid="5207199" lat="35.0079997" lon="126.8104740"/>
 <node id="4969382596" visible="true" version="1" changeset="50271152" timestamp="2017-07-14T01:19:46Z" user="FUKUTAN" uid="5207199" lat="35.0081114" lon="126.8102240"/>
 <node id="4969382597" visible="true" version="1" changeset="50271152" timestamp="2017-07-14T01:19:46Z" user="FUKUTAN" uid="5207199" lat="35.0083509" lon="126.8103306"/>
 <node id="4969382598" visible="true" version="1" changeset="50271152" timestamp="2017-07-14T01:19:46Z" user="FUKUTAN" uid="5207199" lat="35.0106224" lon="126.8100842"/>
 <node id="4969382599" visible="true" version="1" changeset="50271152" timestamp="2017-07-14T01:19:46Z" user="FUKUTAN" uid="5207199" lat="35.0107527" lon="126.8101307"/>
 <node id="4969382600" visible="true" version="1" changeset="50271152" timestamp="2017-07-14T01:19:46Z" user="FUKUTAN" uid="5207199" lat="35.0109294" lon="126.8100506"/>
 <node id="4969382601" visible="true" version="1" changeset="50271152" timestamp="2017-07-14T01:19:46Z" user="FUKUTAN" uid="5207199" lat="35.0113079" lon="126.8093420"/>
 <node id="4969382602" visible="true" version="1" changeset="50271152" timestamp="2017-07-14T01:19:46Z" user="FUKUTAN" uid="5207199" lat="35.0114795" lon="126.8092126"/>
 <node id="4969382603" visible="true" version="1" changeset="50271152" timestamp="2017-07-14T01:19:46Z" user="FUKUTAN" uid="5207199" lat="35.0122819" lon="126.8088675"/>
 <node id="4969382604" visible="true" version="1" changeset="50271152" timestamp="2017-07-14T01:19:46Z" user="FUKUTAN" uid="5207199" lat="35.0144319" lon="126.8087134"/>
 <node id="4969382605" visible="true" version="1" changeset="50271152" timestamp="2017-07-14T01:19:46Z" user="FUKUTAN" uid="5207199" lat="35.0147902" lon="126.8086025"/>
 <node id="4969382606" visible="true" version="1" changeset="50271152" timestamp="2017-07-14T01:19:46Z" user="FUKUTAN" uid="5207199" lat="35.0174751" lon="126.8074810"/>
 <node id="4969382607" visible="true" version="1" changeset="50271152" timestamp="2017-07-14T01:19:46Z" user="FUKUTAN" uid="5207199" lat="35.0180706" lon="126.8072284"/>
 <node id="4969382608" visible="true" version="1" changeset="50271152" timestamp="2017-07-14T01:19:46Z" user="FUKUTAN" uid="5207199" lat="35.0183481" lon="126.8071852"/>
 <node id="4969382609" visible="true" version="1" changeset="50271152" timestamp="2017-07-14T01:19:46Z" user="FUKUTAN" uid="5207199" lat="35.0206743" lon="126.8073894"/>
 <node id="4969382610" visible="true" version="1" changeset="50271152" timestamp="2017-07-14T01:19:46Z" user="FUKUTAN" uid="5207199" lat="35.0211256" lon="126.8076322"/>
 <node id="4969382611" visible="true" version="1" changeset="50271152" timestamp="2017-07-14T01:19:46Z" user="FUKUTAN" uid="5207199" lat="35.0271145" lon="126.8113682"/>
 <node id="4969382612" visible="true" version="1" changeset="50271152" timestamp="2017-07-14T01:19:46Z" user="FUKUTAN" uid="5207199" lat="35.0273592" lon="126.8114429"/>
 <node id="4969382613" visible="true" version="1" changeset="50271152" timestamp="2017-07-14T01:19:46Z" user="FUKUTAN" uid="5207199" lat="35.0276422" lon="126.8115083"/>
 <node id="4969382614" visible="true" version="1" changeset="50271152" timestamp="2017-07-14T01:19:46Z" user="FUKUTAN" uid="5207199" lat="35.0278716" lon="126.8114896"/>
 <node id="4969382615" visible="true" version="1" changeset="50271152" timestamp="2017-07-14T01:19:46Z" user="FUKUTAN" uid="5207199" lat="35.0281164" lon="126.8113869"/>
 <node id="4969382616" visible="true" version="1" changeset="50271152" timestamp="2017-07-14T01:19:47Z" user="FUKUTAN" uid="5207199" lat="35.0294625" lon="126.8100699"/>
 <node id="4969382617" visible="true" version="1" changeset="50271152" timestamp="2017-07-14T01:19:47Z" user="FUKUTAN" uid="5207199" lat="35.0304414" lon="126.8095656"/>
 <node id="4969382618" visible="true" version="1" changeset="50271152" timestamp="2017-07-14T01:19:47Z" user="FUKUTAN" uid="5207199" lat="35.0312445" lon="126.8092387"/>
 <node id="4969382619" visible="true" version="1" changeset="50271152" timestamp="2017-07-14T01:19:47Z" user="FUKUTAN" uid="5207199" lat="35.0315427" lon="126.8091920"/>
 <node id="4969382620" visible="true" version="1" changeset="50271152" timestamp="2017-07-14T01:19:47Z" user="FUKUTAN" uid="5207199" lat="35.0397409" lon="126.8083327"/>
 <node id="4969382621" visible="true" version="1" changeset="50271152" timestamp="2017-07-14T01:19:47Z" user="FUKUTAN" uid="5207199" lat="35.0399550" lon="126.8082580"/>
 <node id="4969382622" visible="true" version="1" changeset="50271152" timestamp="2017-07-14T01:19:47Z" user="FUKUTAN" uid="5207199" lat="35.0401538" lon="126.8081366"/>
 <node id="4969382623" visible="true" version="1" changeset="50271152" timestamp="2017-07-14T01:19:47Z" user="FUKUTAN" uid="5207199" lat="35.0404674" lon="126.8078377"/>
 <node id="4969382624" visible="true" version="1" changeset="50271152" timestamp="2017-07-14T01:19:47Z" user="FUKUTAN" uid="5207199" lat="35.0405515" lon="126.8076042"/>
 <node id="4969382625" visible="true" version="1" changeset="50271152" timestamp="2017-07-14T01:19:47Z" user="FUKUTAN" uid="5207199" lat="35.0405821" lon="126.8070625"/>
 <node id="4974385190" visible="true" version="4" changeset="144325400" timestamp="2023-11-22T12:55:22Z" user="asdfqwer51" uid="3350410" lat="35.0135721" lon="126.7882441"/>
 <node id="4976383005" visible="true" version="3" changeset="96780587" timestamp="2021-01-01T17:12:51Z" user="mulgist" uid="12368943" lat="35.0122355" lon="126.7982047"/>
 <node id="4976383006" visible="true" version="5" changeset="144397454" timestamp="2023-11-24T08:19:48Z" user="asdfqwer51" uid="3350410" lat="35.0097261" lon="126.7982498"/>
 <node id="4976383010" visible="true" version="3" changeset="96332427" timestamp="2020-12-23T14:29:14Z" user="mulgist" uid="12368943" lat="35.0151081" lon="126.7970326"/>
 <node id="4976383011" visible="true" version="3" changeset="96332427" timestamp="2020-12-23T14:29:14Z" user="mulgist" uid="12368943" lat="35.0137975" lon="126.7970610"/>
 <node id="4976383013" visible="true" version="3" changeset="96332427" timestamp="2020-12-23T14:29:14Z" user="mulgist" uid="12368943" lat="35.0151030" lon="126.7982042"/>
 <node id="5180185972" visible="true" version="2" changeset="65610732" timestamp="2018-12-19T13:03:36Z" user="FUKUTAN" uid="5207199" lat="35.0221237" lon="126.8056817"/>
 <node id="5180189933" visible="true" version="3" changeset="65610732" timestamp="2018-12-19T13:03:36Z" user="FUKUTAN" uid="5207199" lat="35.0160013" lon="126.8005306"/>
 <node id="5180189971" visible="true" version="3" changeset="144333236" timestamp="2023-11-22T16:36:43Z" user="asdfqwer51" uid="3350410" lat="35.0182918" lon="126.8010686"/>
 <node id="5180189974" visible="true" version="3" changeset="121788783" timestamp="2022-06-01T00:47:10Z" user="야광멧돼지" uid="12393144" lat="35.0136150" lon="126.7991418"/>
 <node id="5180189975" visible="true" version="1" changeset="53130301" timestamp="2017-10-21T14:59:43Z" user="FUKUTAN" uid="5207199" lat="35.0111149" lon="126.8005104"/>
 <node id="5180189976" visible="true" version="1" changeset="53130301" timestamp="2017-10-21T14:59:43Z" user="FUKUTAN" uid="5207199" lat="35.0102466" lon="126.8006344"/>
 <node id="5180189977" visible="true" version="1" changeset="53130301" timestamp="2017-10-21T14:59:43Z" user="FUKUTAN" uid="5207199" lat="35.0093428" lon="126.8011079"/>
 <node id="5180189978" visible="true" version="1" changeset="53130301" timestamp="2017-10-21T14:59:43Z" user="FUKUTAN" uid="5207199" lat="35.0085866" lon="126.8018966"/>
 <node id="5180189979" visible="true" version="2" changeset="54997523" timestamp="2017-12-29T00:31:59Z" user="FUKUTAN" uid="5207199" lat="35.0071591" lon="126.8058276"/>
 <node id="5180189980" visible="true" version="2" changeset="54997523" timestamp="2017-12-29T00:31:59Z" user="FUKUTAN" uid="5207199" lat="35.0062692" lon="126.8071794"/>
 <node id="5180189981" visible="true" version="3" changeset="183872037" timestamp="2026-06-09T11:55:14Z" user="야광멧돼지" uid="12393144" lat="35.0052718" lon="126.8082240"/>
 <node id="5180189982" visible="true" version="2" changeset="172491283" timestamp="2025-09-26T15:22:32Z" user="FUKUTAN" uid="5207199" lat="35.0041324" lon="126.8110425"/>
 <node id="5180190139" visible="true" version="1" changeset="53130301" timestamp="2017-10-21T14:59:44Z" user="FUKUTAN" uid="5207199" lat="35.0160766" lon="126.8062355"/>
 <node id="5180190140" visible="true" version="2" changeset="55037307" timestamp="2017-12-30T15:32:37Z" user="FUKUTAN" uid="5207199" lat="35.0151249" lon="126.8071518"/>
 <node id="5180190141" visible="true" version="1" changeset="53130301" timestamp="2017-10-21T14:59:44Z" user="FUKUTAN" uid="5207199" lat="35.0149376" lon="126.8072817"/>
 <node id="5180190142" visible="true" version="5" changeset="176313032" timestamp="2025-12-23T15:05:33Z" user="aaei924" uid="10626814" lat="35.0141943" lon="126.8075560"/>
 <node id="5180190143" visible="true" version="3" changeset="144389498" timestamp="2023-11-24T03:22:48Z" user="asdfqwer51" uid="3350410" lat="35.0135967" lon="126.8076685"/>
 <node id="5180190144" visible="true" version="1" changeset="53130301" timestamp="2017-10-21T14:59:44Z" user="FUKUTAN" uid="5207199" lat="35.0130201" lon="126.8078048"/>
 <node id="5180190145" visible="true" version="2" changeset="171629645" timestamp="2025-09-08T11:26:54Z" user="FUKUTAN" uid="5207199" lat="35.0121802" lon="126.8078131"/>
 <node id="5180190146" visible="true" version="2" changeset="171629645" timestamp="2025-09-08T11:26:54Z" user="FUKUTAN" uid="5207199" lat="35.0118388" lon="126.8077625"/>
 <node id="5180190147" visible="true" version="1" changeset="53130301" timestamp="2017-10-21T14:59:44Z" user="FUKUTAN" uid="5207199" lat="35.0116198" lon="126.8076644"/>
 <node id="5180190148" visible="true" version="1" changeset="53130301" timestamp="2017-10-21T14:59:44Z" user="FUKUTAN" uid="5207199" lat="35.0107002" lon="126.8069627"/>
 <node id="5180190149" visible="true" version="1" changeset="53130301" timestamp="2017-10-21T14:59:45Z" user="FUKUTAN" uid="5207199" lat="35.0105173" lon="126.8068032"/>
 <node id="5180190150" visible="true" version="1" changeset="53130301" timestamp="2017-10-21T14:59:45Z" user="FUKUTAN" uid="5207199" lat="35.0103606" lon="126.8067968"/>
 <node id="5180190151" visible="true" version="1" changeset="53130301" timestamp="2017-10-21T14:59:45Z" user="FUKUTAN" uid="5207199" lat="35.0101516" lon="126.8069244"/>
 <node id="5180190152" visible="true" version="1" changeset="53130301" timestamp="2017-10-21T14:59:45Z" user="FUKUTAN" uid="5207199" lat="35.0097806" lon="126.8070775"/>
 <node id="5180190153" visible="true" version="1" changeset="53130301" timestamp="2017-10-21T14:59:45Z" user="FUKUTAN" uid="5207199" lat="35.0094985" lon="126.8070903"/>
 <node id="5180190154" visible="true" version="1" changeset="53130301" timestamp="2017-10-21T14:59:45Z" user="FUKUTAN" uid="5207199" lat="35.0092895" lon="126.8070329"/>
 <node id="5180190155" visible="true" version="1" changeset="53130301" timestamp="2017-10-21T14:59:45Z" user="FUKUTAN" uid="5207199" lat="35.0091484" lon="126.8069053"/>
 <node id="5180190156" visible="true" version="1" changeset="53130301" timestamp="2017-10-21T14:59:45Z" user="FUKUTAN" uid="5207199" lat="35.0090125" lon="126.8065927"/>
 <node id="5180190157" visible="true" version="1" changeset="53130301" timestamp="2017-10-21T14:59:45Z" user="FUKUTAN" uid="5207199" lat="35.0088819" lon="126.8064779"/>
 <node id="5180190158" visible="true" version="1" changeset="53130301" timestamp="2017-10-21T14:59:45Z" user="FUKUTAN" uid="5207199" lat="35.0087304" lon="126.8064651"/>
 <node id="5180190159" visible="true" version="1" changeset="53130301" timestamp="2017-10-21T14:59:45Z" user="FUKUTAN" uid="5207199" lat="35.0084848" lon="126.8065672"/>
 <node id="5180190160" visible="true" version="2" changeset="180387303" timestamp="2026-03-25T05:42:47Z" user="야광멧돼지" uid="12393144" lat="35.0077860" lon="126.8072347"/>
 <node id="5180190161" visible="true" version="2" changeset="180387303" timestamp="2026-03-25T05:42:47Z" user="야광멧돼지" uid="12393144" lat="35.0073438" lon="126.8074418"/>
 <node id="5180190162" visible="true" version="2" changeset="180387303" timestamp="2026-03-25T05:42:47Z" user="야광멧돼지" uid="12393144" lat="35.0064750" lon="126.8075891"/>
 <node id="5180190163" visible="true" version="1" changeset="53130301" timestamp="2017-10-21T14:59:45Z" user="FUKUTAN" uid="5207199" lat="35.0062275" lon="126.8076198"/>
 <node id="5180190164" visible="true" version="2" changeset="183872037" timestamp="2026-06-09T11:55:14Z" user="야광멧돼지" uid="12393144" lat="35.0059124" lon="126.8078184"/>
 <node id="5181473113" visible="true" version="2" changeset="96780587" timestamp="2021-01-01T17:12:51Z" user="mulgist" uid="12368943" lat="35.0105781" lon="126.7955090"/>
 <node id="5181473114" visible="true" version="2" changeset="96780587" timestamp="2021-01-01T17:12:51Z" user="mulgist" uid="12368943" lat="35.0109166" lon="126.7957135"/>
 <node id="5181473115" visible="true" version="2" changeset="96780587" timestamp="2021-01-01T17:12:51Z" user="mulgist" uid="12368943" lat="35.0113760" lon="126.7958126"/>
 <node id="5181473589" visible="true" version="3" changeset="96780587" timestamp="2021-01-01T17:12:51Z" user="mulgist" uid="12368943" lat="35.0114943" lon="126.7975334"/>
 <node id="5181473590" visible="true" version="3" changeset="96780587" timestamp="2021-01-01T17:12:51Z" user="mulgist" uid="12368943" lat="35.0113071" lon="126.7979107"/>
 <node id="5181473591" visible="true" version="3" changeset="96780587" timestamp="2021-01-01T17:12:51Z" user="mulgist" uid="12368943" lat="35.0114361" lon="126.7980100"/>
 <node id="5219773933" visible="true" version="2" changeset="65610732" timestamp="2018-12-19T13:03:36Z" user="FUKUTAN" uid="5207199" lat="35.0211193" lon="126.8058905"/>
 <node id="5291647173" visible="true" version="2" changeset="144325400" timestamp="2023-11-22T12:55:22Z" user="asdfqwer51" uid="3350410" lat="35.0138806" lon="126.7853227"/>
 <node id="5291647175" visible="true" version="2" changeset="144325400" timestamp="2023-11-22T12:55:22Z" user="asdfqwer51" uid="3350410" lat="35.0137250" lon="126.7859537"/>
 <node id="5291647177" visible="true" version="2" changeset="144325400" timestamp="2023-11-22T12:55:22Z" user="asdfqwer51" uid="3350410" lat="35.0136287" lon="126.7865100"/>
 <node id="5291647179" visible="true" version="2" changeset="144325400" timestamp="2023-11-22T12:55:22Z" user="asdfqwer51" uid="3350410" lat="35.0135741" lon="126.7870487">
  <tag k="highway" v="traffic_signals"/>
  <tag k="traffic_signals" v="signal"/>
 </node>
 <node id="5291647189" visible="true" version="1" changeset="54730316" timestamp="2017-12-18T13:10:07Z" user="user_5292863" uid="5292863" lat="35.0135979" lon="126.7910325"/>
 <node id="5291647191" visible="true" version="4" changeset="144325400" timestamp="2023-11-22T12:55:22Z" user="asdfqwer51" uid="3350410" lat="35.0136019" lon="126.7921978">
  <tag k="highway" v="traffic_signals"/>
  <tag k="traffic_signals" v="signal"/>
 </node>
 <node id="5291647215" visible="true" version="2" changeset="96780587" timestamp="2021-01-01T17:12:51Z" user="mulgist" uid="12368943" lat="35.0122491" lon="126.7956984"/>
 <node id="5307612372" visible="true" version="1" changeset="54971785" timestamp="2017-12-28T02:27:03Z" user="FUKUTAN" uid="5207199" lat="35.0105387" lon="126.8007310"/>
 <node id="5307612373" visible="true" version="1" changeset="54971785" timestamp="2017-12-28T02:27:03Z" user="FUKUTAN" uid="5207199" lat="35.0102250" lon="126.8008244"/>
 <node id="5307612374" visible="true" version="1" changeset="54971785" timestamp="2017-12-28T02:27:03Z" user="FUKUTAN" uid="5207199" lat="35.0096054" lon="126.8011233"/>
 <node id="5307612375" visible="true" version="1" changeset="54971785" timestamp="2017-12-28T02:27:03Z" user="FUKUTAN" uid="5207199" lat="35.0091770" lon="126.8013661"/>
 <node id="5307612376" visible="true" version="1" changeset="54971785" timestamp="2017-12-28T02:27:04Z" user="FUKUTAN" uid="5207199" lat="35.0087562" lon="126.8018425"/>
 <node id="5307612377" visible="true" version="1" changeset="54971785" timestamp="2017-12-28T02:27:04Z" user="FUKUTAN" uid="5207199" lat="35.0084655" lon="126.8023281"/>
 <node id="5307612378" visible="true" version="1" changeset="54971785" timestamp="2017-12-28T02:27:04Z" user="FUKUTAN" uid="5207199" lat="35.0082054" lon="126.8030380"/>
 <node id="5307612379" visible="true" version="1" changeset="54971785" timestamp="2017-12-28T02:27:04Z" user="FUKUTAN" uid="5207199" lat="35.0076929" lon="126.8046445"/>
 <node id="5307612380" visible="true" version="1" changeset="54971785" timestamp="2017-12-28T02:27:04Z" user="FUKUTAN" uid="5207199" lat="35.0074414" lon="126.8054735"/>
 <node id="5307612381" visible="true" version="2" changeset="180387303" timestamp="2026-03-25T05:42:47Z" user="야광멧돼지" uid="12393144" lat="35.0071260" lon="126.8062577"/>
 <node id="5307612382" visible="true" version="2" changeset="180387303" timestamp="2026-03-25T05:42:47Z" user="야광멧돼지" uid="12393144" lat="35.0067727" lon="126.8068478"/>
 <node id="5307612383" visible="true" version="2" changeset="180387303" timestamp="2026-03-25T05:42:47Z" user="야광멧돼지" uid="12393144" lat="35.0062154" lon="126.8074252"/>
 <node id="5307612384" visible="true" version="2" changeset="180387303" timestamp="2026-03-25T05:42:47Z" user="야광멧돼지" uid="12393144" lat="35.0062506" lon="126.8074665"/>
 <node id="5307612385" visible="true" version="1" changeset="54971785" timestamp="2017-12-28T02:27:04Z" user="FUKUTAN" uid="5207199" lat="35.0067095" lon="126.8074146"/>
 <node id="5307612386" visible="true" version="1" changeset="54971785" timestamp="2017-12-28T02:27:04Z" user="FUKUTAN" uid="5207199" lat="35.0071940" lon="126.8073653"/>
 <node id="5307612387" visible="true" version="1" changeset="54971785" timestamp="2017-12-28T02:27:04Z" user="FUKUTAN" uid="5207199" lat="35.0073909" lon="126.8072975"/>
 <node id="5307612388" visible="true" version="1" changeset="54971785" timestamp="2017-12-28T02:27:04Z" user="FUKUTAN" uid="5207199" lat="35.0077391" lon="126.8071126"/>
 <node id="5307612389" visible="true" version="2" changeset="180387303" timestamp="2026-03-25T05:42:47Z" user="야광멧돼지" uid="12393144" lat="35.0079587" lon="126.8069359"/>
 <node id="5307612390" visible="true" version="2" changeset="180387303" timestamp="2026-03-25T05:42:47Z" user="야광멧돼지" uid="12393144" lat="35.0083569" lon="126.8066195"/>
 <node id="5307612391" visible="true" version="2" changeset="180387303" timestamp="2026-03-25T05:42:47Z" user="야광멧돼지" uid="12393144" lat="35.0086967" lon="126.8063341"/>
 <node id="5307612392" visible="true" version="2" changeset="180387303" timestamp="2026-03-25T05:42:47Z" user="야광멧돼지" uid="12393144" lat="35.0089522" lon="126.8063903"/>
 <node id="5307612393" visible="true" version="1" changeset="54971785" timestamp="2017-12-28T02:27:04Z" user="FUKUTAN" uid="5207199" lat="35.0091221" lon="126.8064841"/>
 <node id="5307612394" visible="true" version="1" changeset="54971785" timestamp="2017-12-28T02:27:04Z" user="FUKUTAN" uid="5207199" lat="35.0092129" lon="126.8066320"/>
 <node id="5307612395" visible="true" version="1" changeset="54971785" timestamp="2017-12-28T02:27:04Z" user="FUKUTAN" uid="5207199" lat="35.0092785" lon="126.8068415"/>
 <node id="5307612396" visible="true" version="1" changeset="54971785" timestamp="2017-12-28T02:27:04Z" user="FUKUTAN" uid="5207199" lat="35.0093694" lon="126.8069463"/>
 <node id="5307612397" visible="true" version="1" changeset="54971785" timestamp="2017-12-28T02:27:04Z" user="FUKUTAN" uid="5207199" lat="35.0095511" lon="126.8069709"/>
 <node id="5307612398" visible="true" version="1" changeset="54971785" timestamp="2017-12-28T02:27:04Z" user="FUKUTAN" uid="5207199" lat="35.0097782" lon="126.8069709"/>
 <node id="5307612399" visible="true" version="1" changeset="54971785" timestamp="2017-12-28T02:27:04Z" user="FUKUTAN" uid="5207199" lat="35.0102140" lon="126.8067769"/>
 <node id="5307612400" visible="true" version="1" changeset="54971785" timestamp="2017-12-28T02:27:04Z" user="FUKUTAN" uid="5207199" lat="35.0103503" lon="126.8067026"/>
 <node id="5307612401" visible="true" version="1" changeset="54971785" timestamp="2017-12-28T02:27:04Z" user="FUKUTAN" uid="5207199" lat="35.0105068" lon="126.8067061"/>
 <node id="5307612402" visible="true" version="1" changeset="54971785" timestamp="2017-12-28T02:27:04Z" user="FUKUTAN" uid="5207199" lat="35.0106836" lon="126.8068052"/>
 <node id="5307612403" visible="true" version="1" changeset="54971785" timestamp="2017-12-28T02:27:04Z" user="FUKUTAN" uid="5207199" lat="35.0114634" lon="126.8074458"/>
 <node id="5307612404" visible="true" version="1" changeset="54971785" timestamp="2017-12-28T02:27:04Z" user="FUKUTAN" uid="5207199" lat="35.0116866" lon="126.8076157"/>
 <node id="5307612405" visible="true" version="1" changeset="54971785" timestamp="2017-12-28T02:27:04Z" user="FUKUTAN" uid="5207199" lat="35.0119417" lon="126.8076865"/>
 <node id="5307612406" visible="true" version="1" changeset="54971785" timestamp="2017-12-28T02:27:04Z" user="FUKUTAN" uid="5207199" lat="35.0123272" lon="126.8077077"/>
 <node id="5307612407" visible="true" version="1" changeset="54971785" timestamp="2017-12-28T02:27:04Z" user="FUKUTAN" uid="5207199" lat="35.0130088" lon="126.8077352"/>
 <node id="5307612408" visible="true" version="1" changeset="54971785" timestamp="2017-12-28T02:27:04Z" user="FUKUTAN" uid="5207199" lat="35.0140544" lon="126.8074884"/>
 <node id="5307612421" visible="true" version="1" changeset="54971785" timestamp="2017-12-28T02:27:04Z" user="FUKUTAN" uid="5207199" lat="35.0147603" lon="126.8073766"/>
 <node id="5307632224" visible="true" version="1" changeset="54972016" timestamp="2017-12-28T02:49:42Z" user="FUKUTAN" uid="5207199" lat="35.0035003" lon="126.8119682"/>
 <node id="5307632230" visible="true" version="2" changeset="84869818" timestamp="2020-05-08T06:16:14Z" user="BalconesEscarpment" uid="9225250" lat="35.0030546" lon="126.8123388"/>
 <node id="5307632299" visible="true" version="1" changeset="54972016" timestamp="2017-12-28T02:49:43Z" user="FUKUTAN" uid="5207199" lat="35.0091901" lon="126.8088712"/>
 <node id="5307632300" visible="true" version="1" changeset="54972016" timestamp="2017-12-28T02:49:43Z" user="FUKUTAN" uid="5207199" lat="35.0080191" lon="126.8089452"/>
 <node id="5307632301" visible="true" version="1" changeset="54972016" timestamp="2017-12-28T02:49:43Z" user="FUKUTAN" uid="5207199" lat="35.0068885" lon="126.8094751"/>
 <node id="5307632302" visible="true" version="1" changeset="54972016" timestamp="2017-12-28T02:49:43Z" user="FUKUTAN" uid="5207199" lat="35.0059195" lon="126.8107691"/>
 <node id="5307632303" visible="true" version="1" changeset="54972016" timestamp="2017-12-28T02:49:43Z" user="FUKUTAN" uid="5207199" lat="35.0052229" lon="126.8122850"/>
 <node id="5307632304" visible="true" version="1" changeset="54972016" timestamp="2017-12-28T02:49:43Z" user="FUKUTAN" uid="5207199" lat="35.0048696" lon="126.8134928"/>
 <node id="5307632305" visible="true" version="1" changeset="54972016" timestamp="2017-12-28T02:49:43Z" user="FUKUTAN" uid="5207199" lat="35.0043926" lon="126.8142739"/>
 <node id="5307632306" visible="true" version="1" changeset="54972016" timestamp="2017-12-28T02:49:43Z" user="FUKUTAN" uid="5207199" lat="35.0041125" lon="126.8147252"/>
 <node id="5307632307" visible="true" version="1" changeset="54972016" timestamp="2017-12-28T02:49:43Z" user="FUKUTAN" uid="5207199" lat="35.0039207" lon="126.8148361"/>
 <node id="5307959902" visible="true" version="2" changeset="144325400" timestamp="2023-11-22T12:55:22Z" user="asdfqwer51" uid="3350410" lat="35.0135711" lon="126.7872421"/>
 <node id="5307960026" visible="true" version="3" changeset="144397454" timestamp="2023-11-24T08:19:48Z" user="asdfqwer51" uid="3350410" lat="35.0102536" lon="126.7961330"/>
 <node id="5307960027" visible="true" version="3" changeset="144397454" timestamp="2023-11-24T08:19:48Z" user="asdfqwer51" uid="3350410" lat="35.0102544" lon="126.7974347"/>
 <node id="5307960029" visible="true" version="3" changeset="144397454" timestamp="2023-11-24T08:19:48Z" user="asdfqwer51" uid="3350410" lat="35.0099387" lon="126.7974534"/>
 <node id="5307960032" visible="true" version="3" changeset="144397454" timestamp="2023-11-24T08:19:48Z" user="asdfqwer51" uid="3350410" lat="35.0097208" lon="126.7983070"/>
 <node id="5307960033" visible="true" version="3" changeset="144397454" timestamp="2023-11-24T08:19:48Z" user="asdfqwer51" uid="3350410" lat="35.0098140" lon="126.7985236"/>
 <node id="5307960034" visible="true" version="3" changeset="144397454" timestamp="2023-11-24T08:19:48Z" user="asdfqwer51" uid="3350410" lat="35.0098098" lon="126.7990565"/>
 <node id="5307960035" visible="true" version="3" changeset="144397454" timestamp="2023-11-24T08:19:48Z" user="asdfqwer51" uid="3350410" lat="35.0095909" lon="126.7989779"/>
 <node id="5307960036" visible="true" version="3" changeset="144397454" timestamp="2023-11-24T08:19:48Z" user="asdfqwer51" uid="3350410" lat="35.0095682" lon="126.7990033"/>
 <node id="5307960037" visible="true" version="3" changeset="144397454" timestamp="2023-11-24T08:19:48Z" user="asdfqwer51" uid="3350410" lat="35.0098987" lon="126.8004083"/>
 <node id="5307960038" visible="true" version="2" changeset="99833188" timestamp="2021-02-23T14:03:21Z" user="mulgist" uid="12368943" lat="35.0100469" lon="126.8004213"/>
 <node id="5307960041" visible="true" version="4" changeset="144397454" timestamp="2023-11-24T08:19:48Z" user="asdfqwer51" uid="3350410" lat="35.0102245" lon="126.7975118"/>
 <node id="5307960042" visible="true" version="4" changeset="144397454" timestamp="2023-11-24T08:19:48Z" user="asdfqwer51" uid="3350410" lat="35.0102498" lon="126.7981962"/>
 <node id="5307960043" visible="true" version="4" changeset="144397454" timestamp="2023-11-24T08:19:48Z" user="asdfqwer51" uid="3350410" lat="35.0101926" lon="126.7978127"/>
 <node id="5307960044" visible="true" version="3" changeset="144397454" timestamp="2023-11-24T08:19:48Z" user="asdfqwer51" uid="3350410" lat="35.0100890" lon="126.7977618"/>
 <node id="5307960045" visible="true" version="3" changeset="144397454" timestamp="2023-11-24T08:19:48Z" user="asdfqwer51" uid="3350410" lat="35.0098687" lon="126.7976458"/>
 <node id="5307960046" visible="true" version="4" changeset="144397454" timestamp="2023-11-24T08:19:48Z" user="asdfqwer51" uid="3350410" lat="35.0101839" lon="126.7980898"/>
 <node id="5307960047" visible="true" version="3" changeset="144397454" timestamp="2023-11-24T08:19:48Z" user="asdfqwer51" uid="3350410" lat="35.0097116" lon="126.7981187"/>
 <node id="5307960048" visible="true" version="3" changeset="144397454" timestamp="2023-11-24T08:19:48Z" user="asdfqwer51" uid="3350410" lat="35.0099845" lon="126.7980842"/>
 <node id="5307971337" visible="true" version="1" changeset="54975531" timestamp="2017-12-28T07:35:49Z" user="FUKUTAN" uid="5207199" lat="35.0091225" lon="126.8012664"/>
 <node id="5307971338" visible="true" version="1" changeset="54975531" timestamp="2017-12-28T07:35:49Z" user="FUKUTAN" uid="5207199" lat="35.0083988" lon="126.8021918"/>
 <node id="5307971341" visible="true" version="2" changeset="96663281" timestamp="2020-12-30T11:25:41Z" user="mulgist" uid="12368943" lat="35.0122716" lon="126.7969922"/>
 <node id="5307971342" visible="true" version="2" changeset="96663281" timestamp="2020-12-30T11:25:41Z" user="mulgist" uid="12368943" lat="35.0134640" lon="126.7970119"/>
 <node id="5308049060" visible="true" version="1" changeset="54976555" timestamp="2017-12-28T08:38:16Z" user="FUKUTAN" uid="5207199" lat="35.0086821" lon="126.7942290"/>
 <node id="5308049061" visible="true" version="1" changeset="54976555" timestamp="2017-12-28T08:38:16Z" user="FUKUTAN" uid="5207199" lat="35.0078896" lon="126.7947290"/>
 <node id="5308049062" visible="true" version="1" changeset="54976555" timestamp="2017-12-28T08:38:16Z" user="FUKUTAN" uid="5207199" lat="35.0083392" lon="126.7955462"/>
 <node id="5308049063" visible="true" version="1" changeset="54976555" timestamp="2017-12-28T08:38:16Z" user="FUKUTAN" uid="5207199" lat="35.0084557" lon="126.7958552"/>
 <node id="5308049064" visible="true" version="1" changeset="54976555" timestamp="2017-12-28T08:38:16Z" user="FUKUTAN" uid="5207199" lat="35.0084890" lon="126.7962170"/>
 <node id="5308049065" visible="true" version="1" changeset="54976555" timestamp="2017-12-28T08:38:16Z" user="FUKUTAN" uid="5207199" lat="35.0086588" lon="126.7967943"/>
 <node id="5308049066" visible="true" version="1" changeset="54976555" timestamp="2017-12-28T08:38:16Z" user="FUKUTAN" uid="5207199" lat="35.0086588" lon="126.7969203"/>
 <node id="5308049067" visible="true" version="1" changeset="54976555" timestamp="2017-12-28T08:38:16Z" user="FUKUTAN" uid="5207199" lat="35.0085589" lon="126.7975789"/>
 <node id="5308049068" visible="true" version="1" changeset="54976555" timestamp="2017-12-28T08:38:16Z" user="FUKUTAN" uid="5207199" lat="35.0085623" lon="126.7983392"/>
 <node id="5308049069" visible="true" version="1" changeset="54976555" timestamp="2017-12-28T08:38:16Z" user="FUKUTAN" uid="5207199" lat="35.0084790" lon="126.7986969"/>
 <node id="5308049070" visible="true" version="1" changeset="54976555" timestamp="2017-12-28T08:38:16Z" user="FUKUTAN" uid="5207199" lat="35.0083358" lon="126.7993596"/>
 <node id="5308049071" visible="true" version="1" changeset="54976555" timestamp="2017-12-28T08:38:16Z" user="FUKUTAN" uid="5207199" lat="35.0082859" lon="126.7994775"/>
 <node id="5308049072" visible="true" version="1" changeset="54976555" timestamp="2017-12-28T08:38:16Z" user="FUKUTAN" uid="5207199" lat="35.0089985" lon="126.7998353"/>
 <node id="5308049073" visible="true" version="1" changeset="54976555" timestamp="2017-12-28T08:38:16Z" user="FUKUTAN" uid="5207199" lat="35.0090451" lon="126.7998231"/>
 <node id="5308049074" visible="true" version="1" changeset="54976555" timestamp="2017-12-28T08:38:16Z" user="FUKUTAN" uid="5207199" lat="35.0090651" lon="126.7997377"/>
 <node id="5308049075" visible="true" version="1" changeset="54976555" timestamp="2017-12-28T08:38:16Z" user="FUKUTAN" uid="5207199" lat="35.0090651" lon="126.7995710"/>
 <node id="5308049076" visible="true" version="1" changeset="54976555" timestamp="2017-12-28T08:38:16Z" user="FUKUTAN" uid="5207199" lat="35.0093148" lon="126.7988067"/>
 <node id="5308049077" visible="true" version="1" changeset="54976555" timestamp="2017-12-28T08:38:16Z" user="FUKUTAN" uid="5207199" lat="35.0094680" lon="126.7986319"/>
 <node id="5308049078" visible="true" version="1" changeset="54976555" timestamp="2017-12-28T08:38:16Z" user="FUKUTAN" uid="5207199" lat="35.0095379" lon="126.7985181"/>
 <node id="5308049079" visible="true" version="1" changeset="54976555" timestamp="2017-12-28T08:38:16Z" user="FUKUTAN" uid="5207199" lat="35.0095213" lon="126.7984327"/>
 <node id="5308049080" visible="true" version="1" changeset="54976555" timestamp="2017-12-28T08:38:16Z" user="FUKUTAN" uid="5207199" lat="35.0093914" lon="126.7982701"/>
 <node id="5308049081" visible="true" version="1" changeset="54976555" timestamp="2017-12-28T08:38:16Z" user="FUKUTAN" uid="5207199" lat="35.0098076" lon="126.7972130"/>
 <node id="5308049082" visible="true" version="1" changeset="54976555" timestamp="2017-12-28T08:38:16Z" user="FUKUTAN" uid="5207199" lat="35.0098243" lon="126.7971317"/>
 <node id="5308095103" visible="true" version="1" changeset="54977307" timestamp="2017-12-28T09:13:37Z" user="FUKUTAN" uid="5207199" lat="35.0088304" lon="126.7998399"/>
 <node id="5308095104" visible="true" version="1" changeset="54977307" timestamp="2017-12-28T09:13:37Z" user="FUKUTAN" uid="5207199" lat="35.0082348" lon="126.7995780"/>
 <node id="5308095105" visible="true" version="1" changeset="54977307" timestamp="2017-12-28T09:13:37Z" user="FUKUTAN" uid="5207199" lat="35.0078487" lon="126.8001418"/>
 <node id="5308095106" visible="true" version="1" changeset="54977307" timestamp="2017-12-28T09:13:37Z" user="FUKUTAN" uid="5207199" lat="35.0074979" lon="126.8005885"/>
 <node id="5308095107" visible="true" version="1" changeset="54977307" timestamp="2017-12-28T09:13:37Z" user="FUKUTAN" uid="5207199" lat="35.0073086" lon="126.8007056"/>
 <node id="5308095108" visible="true" version="1" changeset="54977307" timestamp="2017-12-28T09:13:37Z" user="FUKUTAN" uid="5207199" lat="35.0066323" lon="126.8004653"/>
 <node id="5308095109" visible="true" version="1" changeset="54977307" timestamp="2017-12-28T09:13:37Z" user="FUKUTAN" uid="5207199" lat="35.0066020" lon="126.8003975"/>
 <node id="5308095110" visible="true" version="1" changeset="54977307" timestamp="2017-12-28T09:13:37Z" user="FUKUTAN" uid="5207199" lat="35.0067534" lon="126.7997628"/>
 <node id="5308095111" visible="true" version="1" changeset="54977307" timestamp="2017-12-28T09:13:37Z" user="FUKUTAN" uid="5207199" lat="35.0065137" lon="126.7997443"/>
 <node id="5308095112" visible="true" version="1" changeset="54977307" timestamp="2017-12-28T09:13:37Z" user="FUKUTAN" uid="5207199" lat="35.0064329" lon="126.7996981"/>
 <node id="5308095113" visible="true" version="1" changeset="54977307" timestamp="2017-12-28T09:13:37Z" user="FUKUTAN" uid="5207199" lat="35.0062664" lon="126.7995317"/>
 <node id="5308095114" visible="true" version="1" changeset="54977307" timestamp="2017-12-28T09:13:37Z" user="FUKUTAN" uid="5207199" lat="35.0060897" lon="126.8001695"/>
 <node id="5308095115" visible="true" version="1" changeset="54977307" timestamp="2017-12-28T09:13:37Z" user="FUKUTAN" uid="5207199" lat="35.0060165" lon="126.8003267"/>
 <node id="5308095116" visible="true" version="1" changeset="54977307" timestamp="2017-12-28T09:13:37Z" user="FUKUTAN" uid="5207199" lat="35.0057970" lon="126.8004376"/>
 <node id="5308095117" visible="true" version="1" changeset="54977307" timestamp="2017-12-28T09:13:37Z" user="FUKUTAN" uid="5207199" lat="35.0060014" lon="126.8010538"/>
 <node id="5308095118" visible="true" version="1" changeset="54977307" timestamp="2017-12-28T09:13:37Z" user="FUKUTAN" uid="5207199" lat="35.0062689" lon="126.8013218"/>
 <node id="5308095119" visible="true" version="1" changeset="54977307" timestamp="2017-12-28T09:13:37Z" user="FUKUTAN" uid="5207199" lat="35.0063244" lon="126.8014482"/>
 <node id="5308095120" visible="true" version="1" changeset="54977307" timestamp="2017-12-28T09:13:38Z" user="FUKUTAN" uid="5207199" lat="35.0063724" lon="126.8015591"/>
 <node id="5308098021" visible="true" version="1" changeset="54977307" timestamp="2017-12-28T09:13:38Z" user="FUKUTAN" uid="5207199" lat="35.0058550" lon="126.8016299"/>
 <node id="5308098022" visible="true" version="1" changeset="54977307" timestamp="2017-12-28T09:13:38Z" user="FUKUTAN" uid="5207199" lat="35.0056809" lon="126.8020212"/>
 <node id="5308098023" visible="true" version="1" changeset="54977307" timestamp="2017-12-28T09:13:38Z" user="FUKUTAN" uid="5207199" lat="35.0058020" lon="126.8020921"/>
 <node id="5308098024" visible="true" version="1" changeset="54977307" timestamp="2017-12-28T09:13:38Z" user="FUKUTAN" uid="5207199" lat="35.0059484" lon="126.8023109"/>
 <node id="5308098025" visible="true" version="1" changeset="54977307" timestamp="2017-12-28T09:13:38Z" user="FUKUTAN" uid="5207199" lat="35.0062714" lon="126.8026498"/>
 <node id="5308098026" visible="true" version="1" changeset="54977307" timestamp="2017-12-28T09:13:38Z" user="FUKUTAN" uid="5207199" lat="35.0064128" lon="126.8029394"/>
 <node id="5308098027" visible="true" version="1" changeset="54977307" timestamp="2017-12-28T09:13:38Z" user="FUKUTAN" uid="5207199" lat="35.0064758" lon="126.8031797"/>
 <node id="5308098028" visible="true" version="1" changeset="54977307" timestamp="2017-12-28T09:13:38Z" user="FUKUTAN" uid="5207199" lat="35.0063900" lon="126.8035648"/>
 <node id="5308098029" visible="true" version="1" changeset="54977307" timestamp="2017-12-28T09:13:38Z" user="FUKUTAN" uid="5207199" lat="35.0064986" lon="126.8048127"/>
 <node id="5308098030" visible="true" version="1" changeset="54977307" timestamp="2017-12-28T09:13:38Z" user="FUKUTAN" uid="5207199" lat="35.0065692" lon="126.8048712"/>
 <node id="5308098031" visible="true" version="1" changeset="54977307" timestamp="2017-12-28T09:13:38Z" user="FUKUTAN" uid="5207199" lat="35.0066878" lon="126.8048558"/>
 <node id="5308098032" visible="true" version="1" changeset="54977307" timestamp="2017-12-28T09:13:38Z" user="FUKUTAN" uid="5207199" lat="35.0069427" lon="126.8047079"/>
 <node id="5308098033" visible="true" version="1" changeset="54977307" timestamp="2017-12-28T09:13:38Z" user="FUKUTAN" uid="5207199" lat="35.0071749" lon="126.8044861"/>
 <node id="5308098034" visible="true" version="1" changeset="54977307" timestamp="2017-12-28T09:13:38Z" user="FUKUTAN" uid="5207199" lat="35.0072102" lon="126.8043906"/>
 <node id="5308098035" visible="true" version="1" changeset="54977307" timestamp="2017-12-28T09:13:38Z" user="FUKUTAN" uid="5207199" lat="35.0072102" lon="126.8043105"/>
 <node id="5308098036" visible="true" version="1" changeset="54977307" timestamp="2017-12-28T09:13:38Z" user="FUKUTAN" uid="5207199" lat="35.0071698" lon="126.8042119"/>
 <node id="5308098037" visible="true" version="1" changeset="54977307" timestamp="2017-12-28T09:13:38Z" user="FUKUTAN" uid="5207199" lat="35.0071370" lon="126.8040917"/>
 <node id="5308098038" visible="true" version="1" changeset="54977307" timestamp="2017-12-28T09:13:38Z" user="FUKUTAN" uid="5207199" lat="35.0071219" lon="126.8038853"/>
 <node id="5308098039" visible="true" version="1" changeset="54977307" timestamp="2017-12-28T09:13:38Z" user="FUKUTAN" uid="5207199" lat="35.0071572" lon="126.8037035"/>
 <node id="5308098040" visible="true" version="1" changeset="54977307" timestamp="2017-12-28T09:13:38Z" user="FUKUTAN" uid="5207199" lat="35.0072506" lon="126.8035340"/>
 <node id="5308098041" visible="true" version="1" changeset="54977307" timestamp="2017-12-28T09:13:38Z" user="FUKUTAN" uid="5207199" lat="35.0073187" lon="126.8033276"/>
 <node id="5308098042" visible="true" version="1" changeset="54977307" timestamp="2017-12-28T09:13:38Z" user="FUKUTAN" uid="5207199" lat="35.0074121" lon="126.8030164"/>
 <node id="5308098043" visible="true" version="1" changeset="54977307" timestamp="2017-12-28T09:13:38Z" user="FUKUTAN" uid="5207199" lat="35.0075332" lon="126.8026220"/>
 <node id="5308098044" visible="true" version="1" changeset="54977307" timestamp="2017-12-28T09:13:38Z" user="FUKUTAN" uid="5207199" lat="35.0076922" lon="126.8023293"/>
 <node id="5308098045" visible="true" version="1" changeset="54977307" timestamp="2017-12-28T09:13:38Z" user="FUKUTAN" uid="5207199" lat="35.0079395" lon="126.8018487"/>
 <node id="5308098046" visible="true" version="1" changeset="54977307" timestamp="2017-12-28T09:13:38Z" user="FUKUTAN" uid="5207199" lat="35.0080783" lon="126.8016453"/>
 <node id="5308098047" visible="true" version="1" changeset="54977307" timestamp="2017-12-28T09:13:38Z" user="FUKUTAN" uid="5207199" lat="35.0081641" lon="126.8014944"/>
 <node id="5308098048" visible="true" version="1" changeset="54977307" timestamp="2017-12-28T09:13:38Z" user="FUKUTAN" uid="5207199" lat="35.0081692" lon="126.8013742"/>
 <node id="5308098049" visible="true" version="1" changeset="54977307" timestamp="2017-12-28T09:13:38Z" user="FUKUTAN" uid="5207199" lat="35.0081566" lon="126.8012048"/>
 <node id="5308098050" visible="true" version="1" changeset="54977307" timestamp="2017-12-28T09:13:38Z" user="FUKUTAN" uid="5207199" lat="35.0082626" lon="126.8008658"/>
 <node id="5308098051" visible="true" version="1" changeset="54977307" timestamp="2017-12-28T09:13:38Z" user="FUKUTAN" uid="5207199" lat="35.0084872" lon="126.8006070"/>
 <node id="5308098052" visible="true" version="1" changeset="54977307" timestamp="2017-12-28T09:13:38Z" user="FUKUTAN" uid="5207199" lat="35.0085932" lon="126.8004376"/>
 <node id="5308098053" visible="true" version="1" changeset="54977307" timestamp="2017-12-28T09:13:38Z" user="FUKUTAN" uid="5207199" lat="35.0086436" lon="126.8002466"/>
 <node id="5308098054" visible="true" version="1" changeset="54977307" timestamp="2017-12-28T09:13:38Z" user="FUKUTAN" uid="5207199" lat="35.0086613" lon="126.8001171"/>
 <node id="5309416099" visible="true" version="1" changeset="54997523" timestamp="2017-12-29T00:31:49Z" user="FUKUTAN" uid="5207199" lat="35.0065612" lon="126.8068391"/>
 <node id="5309416100" visible="true" version="1" changeset="54997523" timestamp="2017-12-29T00:31:49Z" user="FUKUTAN" uid="5207199" lat="35.0069757" lon="126.8062201"/>
 <node id="5309416101" visible="true" version="1" changeset="54997523" timestamp="2017-12-29T00:31:50Z" user="FUKUTAN" uid="5207199" lat="35.0057389" lon="126.8085107"/>
 <node id="5309416102" visible="true" version="1" changeset="54997523" timestamp="2017-12-29T00:31:50Z" user="FUKUTAN" uid="5207199" lat="35.0054461" lon="126.8074598"/>
 <node id="5309416103" visible="true" version="1" changeset="54997523" timestamp="2017-12-29T00:31:50Z" user="FUKUTAN" uid="5207199" lat="35.0053546" lon="126.8074674"/>
 <node id="5309416104" visible="true" version="1" changeset="54997523" timestamp="2017-12-29T00:31:50Z" user="FUKUTAN" uid="5207199" lat="35.0051222" lon="126.8075754"/>
 <node id="5309416105" visible="true" version="1" changeset="54997523" timestamp="2017-12-29T00:31:50Z" user="FUKUTAN" uid="5207199" lat="35.0047651" lon="126.8080459"/>
 <node id="5309416106" visible="true" version="1" changeset="54997523" timestamp="2017-12-29T00:31:50Z" user="FUKUTAN" uid="5207199" lat="35.0046221" lon="126.8082069"/>
 <node id="5309416107" visible="true" version="1" changeset="54997523" timestamp="2017-12-29T00:31:50Z" user="FUKUTAN" uid="5207199" lat="35.0045793" lon="126.8082549"/>
 <node id="5309416108" visible="true" version="1" changeset="54997523" timestamp="2017-12-29T00:31:50Z" user="FUKUTAN" uid="5207199" lat="35.0041334" lon="126.8084462"/>
 <node id="5309416109" visible="true" version="1" changeset="54997523" timestamp="2017-12-29T00:31:50Z" user="FUKUTAN" uid="5207199" lat="35.0039839" lon="126.8085028"/>
 <node id="5309416110" visible="true" version="1" changeset="54997523" timestamp="2017-12-29T00:31:50Z" user="FUKUTAN" uid="5207199" lat="35.0037931" lon="126.8086985"/>
 <node id="5309416111" visible="true" version="1" changeset="54997523" timestamp="2017-12-29T00:31:50Z" user="FUKUTAN" uid="5207199" lat="35.0032397" lon="126.8099211"/>
 <node id="5309416112" visible="true" version="1" changeset="54997523" timestamp="2017-12-29T00:31:50Z" user="FUKUTAN" uid="5207199" lat="35.0031812" lon="126.8100312"/>
 <node id="5309416113" visible="true" version="1" changeset="54997523" timestamp="2017-12-29T00:31:50Z" user="FUKUTAN" uid="5207199" lat="35.0057763" lon="126.8073261"/>
 <node id="5309416114" visible="true" version="1" changeset="54997523" timestamp="2017-12-29T00:31:50Z" user="FUKUTAN" uid="5207199" lat="35.0059028" lon="126.8072204"/>
 <node id="5309416115" visible="true" version="1" changeset="54997523" timestamp="2017-12-29T00:31:50Z" user="FUKUTAN" uid="5207199" lat="35.0059960" lon="126.8070984"/>
 <node id="5309416116" visible="true" version="1" changeset="54997523" timestamp="2017-12-29T00:31:50Z" user="FUKUTAN" uid="5207199" lat="35.0060460" lon="126.8070130"/>
 <node id="5309416117" visible="true" version="1" changeset="54997523" timestamp="2017-12-29T00:31:50Z" user="FUKUTAN" uid="5207199" lat="35.0061525" lon="126.8065536"/>
 <node id="5309416118" visible="true" version="1" changeset="54997523" timestamp="2017-12-29T00:31:50Z" user="FUKUTAN" uid="5207199" lat="35.0063024" lon="126.8061674"/>
 <node id="5309416119" visible="true" version="1" changeset="54997523" timestamp="2017-12-29T00:31:50Z" user="FUKUTAN" uid="5207199" lat="35.0064423" lon="126.8058991"/>
 <node id="5309416120" visible="true" version="1" changeset="54997523" timestamp="2017-12-29T00:31:50Z" user="FUKUTAN" uid="5207199" lat="35.0066137" lon="126.8056111"/>
 <node id="5309416221" visible="true" version="1" changeset="54997523" timestamp="2017-12-29T00:31:50Z" user="FUKUTAN" uid="5207199" lat="35.0066919" lon="126.8054663"/>
 <node id="5309416222" visible="true" version="1" changeset="54997523" timestamp="2017-12-29T00:31:50Z" user="FUKUTAN" uid="5207199" lat="35.0067247" lon="126.8053030"/>
 <node id="5309416223" visible="true" version="1" changeset="54997523" timestamp="2017-12-29T00:31:50Z" user="FUKUTAN" uid="5207199" lat="35.0067197" lon="126.8052105"/>
 <node id="5309416224" visible="true" version="1" changeset="54997523" timestamp="2017-12-29T00:31:50Z" user="FUKUTAN" uid="5207199" lat="35.0067273" lon="126.8051304"/>
 <node id="5309416225" visible="true" version="1" changeset="54997523" timestamp="2017-12-29T00:31:50Z" user="FUKUTAN" uid="5207199" lat="35.0067803" lon="126.8049302"/>
 <node id="5309416226" visible="true" version="1" changeset="54997523" timestamp="2017-12-29T00:31:50Z" user="FUKUTAN" uid="5207199" lat="35.0069039" lon="126.8047700"/>
 <node id="5309416227" visible="true" version="1" changeset="54997523" timestamp="2017-12-29T00:31:50Z" user="FUKUTAN" uid="5207199" lat="35.0070276" lon="126.8046683"/>
 <node id="5309416228" visible="true" version="1" changeset="54997523" timestamp="2017-12-29T00:31:50Z" user="FUKUTAN" uid="5207199" lat="35.0071588" lon="126.8045450"/>
 <node id="5309416229" visible="true" version="1" changeset="54997523" timestamp="2017-12-29T00:31:50Z" user="FUKUTAN" uid="5207199" lat="35.0072168" lon="126.8044803"/>
 <node id="5309416230" visible="true" version="1" changeset="54997523" timestamp="2017-12-29T00:31:50Z" user="FUKUTAN" uid="5207199" lat="35.0072345" lon="126.8044187"/>
 <node id="5309416231" visible="true" version="1" changeset="54997523" timestamp="2017-12-29T00:31:50Z" user="FUKUTAN" uid="5207199" lat="35.0072471" lon="126.8043571"/>
 <node id="5309416232" visible="true" version="1" changeset="54997523" timestamp="2017-12-29T00:31:50Z" user="FUKUTAN" uid="5207199" lat="35.0072471" lon="126.8042893"/>
 <node id="5309416233" visible="true" version="1" changeset="54997523" timestamp="2017-12-29T00:31:50Z" user="FUKUTAN" uid="5207199" lat="35.0072168" lon="126.8042061"/>
 <node id="5309416234" visible="true" version="1" changeset="54997523" timestamp="2017-12-29T00:31:50Z" user="FUKUTAN" uid="5207199" lat="35.0071714" lon="126.8041260"/>
 <node id="5309416235" visible="true" version="1" changeset="54997523" timestamp="2017-12-29T00:31:50Z" user="FUKUTAN" uid="5207199" lat="35.0071563" lon="126.8040428"/>
 <node id="5309416236" visible="true" version="1" changeset="54997523" timestamp="2017-12-29T00:31:50Z" user="FUKUTAN" uid="5207199" lat="35.0071538" lon="126.8038395"/>
 <node id="5309416237" visible="true" version="1" changeset="54997523" timestamp="2017-12-29T00:31:50Z" user="FUKUTAN" uid="5207199" lat="35.0071815" lon="126.8037594"/>
 <node id="5309416238" visible="true" version="1" changeset="54997523" timestamp="2017-12-29T00:31:50Z" user="FUKUTAN" uid="5207199" lat="35.0072370" lon="126.8036608"/>
 <node id="5309416239" visible="true" version="1" changeset="54997523" timestamp="2017-12-29T00:31:50Z" user="FUKUTAN" uid="5207199" lat="35.0073556" lon="126.8033527"/>
 <node id="5309416240" visible="true" version="1" changeset="54997523" timestamp="2017-12-29T00:31:50Z" user="FUKUTAN" uid="5207199" lat="35.0074906" lon="126.8027609"/>
 <node id="5309416241" visible="true" version="1" changeset="54997523" timestamp="2017-12-29T00:31:50Z" user="FUKUTAN" uid="5207199" lat="35.0076526" lon="126.8024450"/>
 <node id="5309416242" visible="true" version="1" changeset="54997523" timestamp="2017-12-29T00:31:50Z" user="FUKUTAN" uid="5207199" lat="35.0079207" lon="126.8019198"/>
 <node id="5309416243" visible="true" version="1" changeset="54997523" timestamp="2017-12-29T00:31:50Z" user="FUKUTAN" uid="5207199" lat="35.0081482" lon="126.8015588"/>
 <node id="5309416244" visible="true" version="1" changeset="54997523" timestamp="2017-12-29T00:31:50Z" user="FUKUTAN" uid="5207199" lat="35.0081946" lon="126.8014774"/>
 <node id="5309416245" visible="true" version="1" changeset="54997523" timestamp="2017-12-29T00:31:50Z" user="FUKUTAN" uid="5207199" lat="35.0082077" lon="126.8014225"/>
 <node id="5309416246" visible="true" version="1" changeset="54997523" timestamp="2017-12-29T00:31:50Z" user="FUKUTAN" uid="5207199" lat="35.0082033" lon="126.8013960"/>
 <node id="5309416247" visible="true" version="1" changeset="54997523" timestamp="2017-12-29T00:31:50Z" user="FUKUTAN" uid="5207199" lat="35.0081772" lon="126.8013004"/>
 <node id="5309416248" visible="true" version="1" changeset="54997523" timestamp="2017-12-29T00:31:50Z" user="FUKUTAN" uid="5207199" lat="35.0081729" lon="126.8012049"/>
 <node id="5309416249" visible="true" version="1" changeset="54997523" timestamp="2017-12-29T00:31:50Z" user="FUKUTAN" uid="5207199" lat="35.0081841" lon="126.8011441"/>
 <node id="5309416250" visible="true" version="1" changeset="54997523" timestamp="2017-12-29T00:31:50Z" user="FUKUTAN" uid="5207199" lat="35.0082224" lon="126.8010354"/>
 <node id="5309416251" visible="true" version="1" changeset="54997523" timestamp="2017-12-29T00:31:50Z" user="FUKUTAN" uid="5207199" lat="35.0082782" lon="126.8009236"/>
 <node id="5309416252" visible="true" version="1" changeset="54997523" timestamp="2017-12-29T00:31:50Z" user="FUKUTAN" uid="5207199" lat="35.0083231" lon="126.8008545"/>
 <node id="5309416253" visible="true" version="1" changeset="54997523" timestamp="2017-12-29T00:31:50Z" user="FUKUTAN" uid="5207199" lat="35.0084513" lon="126.8007041"/>
 <node id="5309416254" visible="true" version="1" changeset="54997523" timestamp="2017-12-29T00:31:50Z" user="FUKUTAN" uid="5207199" lat="35.0085362" lon="126.8006116"/>
 <node id="5309416255" visible="true" version="1" changeset="54997523" timestamp="2017-12-29T00:31:50Z" user="FUKUTAN" uid="5207199" lat="35.0085953" lon="126.8005242"/>
 <node id="5309416256" visible="true" version="1" changeset="54997523" timestamp="2017-12-29T00:31:50Z" user="FUKUTAN" uid="5207199" lat="35.0086162" lon="126.8004784"/>
 <node id="5309416257" visible="true" version="1" changeset="54997523" timestamp="2017-12-29T00:31:50Z" user="FUKUTAN" uid="5207199" lat="35.0086461" lon="126.8003890"/>
 <node id="5309416258" visible="true" version="1" changeset="54997523" timestamp="2017-12-29T00:31:50Z" user="FUKUTAN" uid="5207199" lat="35.0086570" lon="126.8002965"/>
 <node id="5309416259" visible="true" version="1" changeset="54997523" timestamp="2017-12-29T00:31:50Z" user="FUKUTAN" uid="5207199" lat="35.0086819" lon="126.8001938"/>
 <node id="5309416260" visible="true" version="1" changeset="54997523" timestamp="2017-12-29T00:31:50Z" user="FUKUTAN" uid="5207199" lat="35.0087352" lon="126.8000952"/>
 <node id="5309416261" visible="true" version="1" changeset="54997523" timestamp="2017-12-29T00:31:50Z" user="FUKUTAN" uid="5207199" lat="35.0088726" lon="126.7998137"/>
 <node id="5309416262" visible="true" version="1" changeset="54997523" timestamp="2017-12-29T00:31:51Z" user="FUKUTAN" uid="5207199" lat="35.0082381" lon="126.7995206"/>
 <node id="5309416263" visible="true" version="1" changeset="54997523" timestamp="2017-12-29T00:31:51Z" user="FUKUTAN" uid="5207199" lat="35.0080627" lon="126.7997613"/>
 <node id="5309416264" visible="true" version="1" changeset="54997523" timestamp="2017-12-29T00:31:51Z" user="FUKUTAN" uid="5207199" lat="35.0080018" lon="126.7998108"/>
 <node id="5309416265" visible="true" version="1" changeset="54997523" timestamp="2017-12-29T00:31:51Z" user="FUKUTAN" uid="5207199" lat="35.0078902" lon="126.7998657"/>
 <node id="5309416266" visible="true" version="1" changeset="54997523" timestamp="2017-12-29T00:31:51Z" user="FUKUTAN" uid="5207199" lat="35.0076786" lon="126.7999612"/>
 <node id="5309416267" visible="true" version="1" changeset="54997523" timestamp="2017-12-29T00:31:51Z" user="FUKUTAN" uid="5207199" lat="35.0075945" lon="126.7999807"/>
 <node id="5309416268" visible="true" version="1" changeset="54997523" timestamp="2017-12-29T00:31:51Z" user="FUKUTAN" uid="5207199" lat="35.0074438" lon="126.7999843"/>
 <node id="5309416269" visible="true" version="1" changeset="54997523" timestamp="2017-12-29T00:31:51Z" user="FUKUTAN" uid="5207199" lat="35.0073872" lon="126.7999648"/>
 <node id="5309416270" visible="true" version="1" changeset="54997523" timestamp="2017-12-29T00:31:51Z" user="FUKUTAN" uid="5207199" lat="35.0073307" lon="126.7999029"/>
 <node id="5309416271" visible="true" version="1" changeset="54997523" timestamp="2017-12-29T00:31:51Z" user="FUKUTAN" uid="5207199" lat="35.0072162" lon="126.7997330"/>
 <node id="5309416272" visible="true" version="1" changeset="54997523" timestamp="2017-12-29T00:31:51Z" user="FUKUTAN" uid="5207199" lat="35.0071742" lon="126.7996887"/>
 <node id="5309416273" visible="true" version="1" changeset="54997523" timestamp="2017-12-29T00:31:51Z" user="FUKUTAN" uid="5207199" lat="35.0071466" lon="126.7996905"/>
 <node id="5309416274" visible="true" version="1" changeset="54997523" timestamp="2017-12-29T00:31:51Z" user="FUKUTAN" uid="5207199" lat="35.0067930" lon="126.7997524"/>
 <node id="5309416275" visible="true" version="1" changeset="54997523" timestamp="2017-12-29T00:31:51Z" user="FUKUTAN" uid="5207199" lat="35.0065654" lon="126.7997277"/>
 <node id="5309416276" visible="true" version="1" changeset="54997523" timestamp="2017-12-29T00:31:51Z" user="FUKUTAN" uid="5207199" lat="35.0064581" lon="126.7996905"/>
 <node id="5309416277" visible="true" version="1" changeset="54997523" timestamp="2017-12-29T00:31:51Z" user="FUKUTAN" uid="5207199" lat="35.0064002" lon="126.7996445"/>
 <node id="5309416278" visible="true" version="1" changeset="54997523" timestamp="2017-12-29T00:31:51Z" user="FUKUTAN" uid="5207199" lat="35.0062944" lon="126.7995330"/>
 <node id="5309416279" visible="true" version="1" changeset="54997523" timestamp="2017-12-29T00:31:51Z" user="FUKUTAN" uid="5207199" lat="35.0062262" lon="126.7995206"/>
 <node id="5309416280" visible="true" version="1" changeset="54997523" timestamp="2017-12-29T00:31:51Z" user="FUKUTAN" uid="5207199" lat="35.0066379" lon="126.8003612"/>
 <node id="5309416281" visible="true" version="1" changeset="54997523" timestamp="2017-12-29T00:31:51Z" user="FUKUTAN" uid="5207199" lat="35.0066582" lon="126.8004054"/>
 <node id="5309416282" visible="true" version="1" changeset="54997523" timestamp="2017-12-29T00:31:51Z" user="FUKUTAN" uid="5207199" lat="35.0072351" lon="126.8006496"/>
 <node id="5309416283" visible="true" version="1" changeset="54997523" timestamp="2017-12-29T00:31:51Z" user="FUKUTAN" uid="5207199" lat="35.0072800" lon="126.8006443"/>
 <node id="5309416284" visible="true" version="1" changeset="54997523" timestamp="2017-12-29T00:31:51Z" user="FUKUTAN" uid="5207199" lat="35.0073597" lon="126.8005912"/>
 <node id="5309416285" visible="true" version="1" changeset="54997523" timestamp="2017-12-29T00:31:51Z" user="FUKUTAN" uid="5207199" lat="35.0074960" lon="126.8004833"/>
 <node id="5309416286" visible="true" version="1" changeset="54997523" timestamp="2017-12-29T00:31:51Z" user="FUKUTAN" uid="5207199" lat="35.0076960" lon="126.8002532"/>
 <node id="5309416287" visible="true" version="1" changeset="54997523" timestamp="2017-12-29T00:31:51Z" user="FUKUTAN" uid="5207199" lat="35.0075537" lon="126.7999817"/>
 <node id="5309416288" visible="true" version="1" changeset="54997523" timestamp="2017-12-29T00:31:51Z" user="FUKUTAN" uid="5207199" lat="35.0071906" lon="126.7997060"/>
 <node id="5309416289" visible="true" version="1" changeset="54997523" timestamp="2017-12-29T00:31:51Z" user="FUKUTAN" uid="5207199" lat="35.0069839" lon="126.8005433"/>
 <node id="5309416428" visible="true" version="2" changeset="171629645" timestamp="2025-09-08T11:26:54Z" user="FUKUTAN" uid="5207199" lat="35.0105870" lon="126.8069835"/>
 <node id="5309416429" visible="true" version="1" changeset="54997523" timestamp="2017-12-29T00:31:52Z" user="FUKUTAN" uid="5207199" lat="35.0107840" lon="126.8076771"/>
 <node id="5309416430" visible="true" version="1" changeset="54997523" timestamp="2017-12-29T00:31:52Z" user="FUKUTAN" uid="5207199" lat="35.0108622" lon="126.8077418"/>
 <node id="5309416431" visible="true" version="1" changeset="54997523" timestamp="2017-12-29T00:31:52Z" user="FUKUTAN" uid="5207199" lat="35.0111070" lon="126.8099355"/>
 <node id="5309416432" visible="true" version="1" changeset="54997523" timestamp="2017-12-29T00:31:52Z" user="FUKUTAN" uid="5207199" lat="35.0109581" lon="126.8101912"/>
 <node id="5309416433" visible="true" version="1" changeset="54997523" timestamp="2017-12-29T00:31:52Z" user="FUKUTAN" uid="5207199" lat="35.0108723" lon="126.8102467"/>
 <node id="5309416434" visible="true" version="1" changeset="54997523" timestamp="2017-12-29T00:31:52Z" user="FUKUTAN" uid="5207199" lat="35.0108395" lon="126.8102529"/>
 <node id="5309416435" visible="true" version="2" changeset="154920955" timestamp="2024-08-07T07:08:32Z" user="morago" uid="11113946" lat="35.0105687" lon="126.8101345"/>
 <node id="5309416436" visible="true" version="1" changeset="54997523" timestamp="2017-12-29T00:31:52Z" user="FUKUTAN" uid="5207199" lat="35.0107889" lon="126.8099283"/>
 <node id="5309416702" visible="true" version="1" changeset="54997523" timestamp="2017-12-29T00:31:54Z" user="FUKUTAN" uid="5207199" lat="35.0266237" lon="126.8112190"/>
 <node id="5309677810" visible="true" version="2" changeset="144325400" timestamp="2023-11-22T12:55:22Z" user="asdfqwer51" uid="3350410" lat="35.0135982" lon="126.7868571"/>
 <node id="5309677965" visible="true" version="1" changeset="55000270" timestamp="2017-12-29T04:56:00Z" user="FUKUTAN" uid="5207199" lat="35.0275590" lon="126.8116605"/>
 <node id="5309677966" visible="true" version="1" changeset="55000270" timestamp="2017-12-29T04:56:00Z" user="FUKUTAN" uid="5207199" lat="35.0275287" lon="126.8116389"/>
 <node id="5309677967" visible="true" version="1" changeset="55000270" timestamp="2017-12-29T04:56:01Z" user="FUKUTAN" uid="5207199" lat="35.0274883" lon="126.8116266"/>
 <node id="5309677968" visible="true" version="1" changeset="55000270" timestamp="2017-12-29T04:56:01Z" user="FUKUTAN" uid="5207199" lat="35.0272360" lon="126.8115742"/>
 <node id="5309677969" visible="true" version="1" changeset="55000270" timestamp="2017-12-29T04:56:01Z" user="FUKUTAN" uid="5207199" lat="35.0271376" lon="126.8115342"/>
 <node id="5309677970" visible="true" version="1" changeset="55000270" timestamp="2017-12-29T04:56:01Z" user="FUKUTAN" uid="5207199" lat="35.0247458" lon="126.8100522"/>
 <node id="5309677971" visible="true" version="1" changeset="55000270" timestamp="2017-12-29T04:56:01Z" user="FUKUTAN" uid="5207199" lat="35.0213294" lon="126.8079447"/>
 <node id="5309677972" visible="true" version="1" changeset="55000270" timestamp="2017-12-29T04:56:01Z" user="FUKUTAN" uid="5207199" lat="35.0212260" lon="126.8078954"/>
 <node id="5309677973" visible="true" version="1" changeset="55000270" timestamp="2017-12-29T04:56:01Z" user="FUKUTAN" uid="5207199" lat="35.0211427" lon="126.8078307"/>
 <node id="5309677974" visible="true" version="1" changeset="55000270" timestamp="2017-12-29T04:56:01Z" user="FUKUTAN" uid="5207199" lat="35.0210796" lon="126.8077814"/>
 <node id="5309677975" visible="true" version="1" changeset="55000270" timestamp="2017-12-29T04:56:01Z" user="FUKUTAN" uid="5207199" lat="35.0207491" lon="126.8075873"/>
 <node id="5309677976" visible="true" version="1" changeset="55000270" timestamp="2017-12-29T04:56:01Z" user="FUKUTAN" uid="5207199" lat="35.0206608" lon="126.8075658"/>
 <node id="5309677977" visible="true" version="1" changeset="55000270" timestamp="2017-12-29T04:56:01Z" user="FUKUTAN" uid="5207199" lat="35.0193866" lon="126.8074579"/>
 <node id="5309677978" visible="true" version="1" changeset="55000270" timestamp="2017-12-29T04:56:01Z" user="FUKUTAN" uid="5207199" lat="35.0183495" lon="126.8073747"/>
 <node id="5309677979" visible="true" version="1" changeset="55000270" timestamp="2017-12-29T04:56:01Z" user="FUKUTAN" uid="5207199" lat="35.0182309" lon="126.8073624"/>
 <node id="5309677980" visible="true" version="1" changeset="55000270" timestamp="2017-12-29T04:56:01Z" user="FUKUTAN" uid="5207199" lat="35.0180517" lon="126.8073717"/>
 <node id="5309677981" visible="true" version="1" changeset="55000270" timestamp="2017-12-29T04:56:01Z" user="FUKUTAN" uid="5207199" lat="35.0179685" lon="126.8073871"/>
 <node id="5309677982" visible="true" version="1" changeset="55000270" timestamp="2017-12-29T04:56:01Z" user="FUKUTAN" uid="5207199" lat="35.0178070" lon="126.8074703"/>
 <node id="5309677983" visible="true" version="2" changeset="142293243" timestamp="2023-10-08T07:35:55Z" user="FUKUTAN" uid="5207199" lat="35.0176520" lon="126.8075436"/>
 <node id="5309677984" visible="true" version="1" changeset="55000270" timestamp="2017-12-29T04:56:01Z" user="FUKUTAN" uid="5207199" lat="35.0174663" lon="126.8075935"/>
 <node id="5309677985" visible="true" version="1" changeset="55000270" timestamp="2017-12-29T04:56:01Z" user="FUKUTAN" uid="5207199" lat="35.0172443" lon="126.8076705"/>
 <node id="5309677986" visible="true" version="1" changeset="55000270" timestamp="2017-12-29T04:56:01Z" user="FUKUTAN" uid="5207199" lat="35.0147966" lon="126.8087181"/>
 <node id="5309677987" visible="true" version="1" changeset="55000270" timestamp="2017-12-29T04:56:01Z" user="FUKUTAN" uid="5207199" lat="35.0146503" lon="126.8087735"/>
 <node id="5309677988" visible="true" version="1" changeset="55000270" timestamp="2017-12-29T04:56:01Z" user="FUKUTAN" uid="5207199" lat="35.0145594" lon="126.8088013"/>
 <node id="5309677989" visible="true" version="1" changeset="55000270" timestamp="2017-12-29T04:56:01Z" user="FUKUTAN" uid="5207199" lat="35.0144610" lon="126.8088352"/>
 <node id="5309677990" visible="true" version="1" changeset="55000270" timestamp="2017-12-29T04:56:01Z" user="FUKUTAN" uid="5207199" lat="35.0143702" lon="126.8088506"/>
 <node id="5309677991" visible="true" version="1" changeset="55000270" timestamp="2017-12-29T04:56:01Z" user="FUKUTAN" uid="5207199" lat="35.0123514" lon="126.8089954"/>
 <node id="5309677992" visible="true" version="1" changeset="55000270" timestamp="2017-12-29T04:56:01Z" user="FUKUTAN" uid="5207199" lat="35.0122480" lon="126.8090139"/>
 <node id="5309677993" visible="true" version="1" changeset="55000270" timestamp="2017-12-29T04:56:01Z" user="FUKUTAN" uid="5207199" lat="35.0121369" lon="126.8090662"/>
 <node id="5309677994" visible="true" version="1" changeset="55000270" timestamp="2017-12-29T04:56:01Z" user="FUKUTAN" uid="5207199" lat="35.0116474" lon="126.8092973"/>
 <node id="5309677995" visible="true" version="2" changeset="55037307" timestamp="2017-12-30T15:32:37Z" user="FUKUTAN" uid="5207199" lat="35.0114572" lon="126.8093644"/>
 <node id="5309677996" visible="true" version="2" changeset="171629645" timestamp="2025-09-08T11:26:54Z" user="FUKUTAN" uid="5207199" lat="35.0111815" lon="126.8097452"/>
 <node id="5309677997" visible="true" version="2" changeset="171629645" timestamp="2025-09-08T11:26:54Z" user="FUKUTAN" uid="5207199" lat="35.0109370" lon="126.8101181"/>
 <node id="5309677999" visible="true" version="1" changeset="55000270" timestamp="2017-12-29T04:56:01Z" user="FUKUTAN" uid="5207199" lat="35.0163567" lon="126.8061924"/>
 <node id="5312163982" visible="true" version="2" changeset="65610732" timestamp="2018-12-19T13:03:36Z" user="FUKUTAN" uid="5207199" lat="35.0197263" lon="126.8063144"/>
 <node id="5312163987" visible="true" version="1" changeset="55037307" timestamp="2017-12-30T15:32:32Z" user="FUKUTAN" uid="5207199" lat="35.0229531" lon="126.8089463"/>
 <node id="5312163990" visible="true" version="1" changeset="55037307" timestamp="2017-12-30T15:32:32Z" user="FUKUTAN" uid="5207199" lat="35.0195441" lon="126.8074712"/>
 <node id="5312163991" visible="true" version="1" changeset="55037307" timestamp="2017-12-30T15:32:32Z" user="FUKUTAN" uid="5207199" lat="35.0194393" lon="126.8088369"/>
 <node id="5312163992" visible="true" version="1" changeset="55037307" timestamp="2017-12-30T15:32:32Z" user="FUKUTAN" uid="5207199" lat="35.0177821" lon="126.8090050"/>
 <node id="5312163993" visible="true" version="1" changeset="55037307" timestamp="2017-12-30T15:32:32Z" user="FUKUTAN" uid="5207199" lat="35.0180422" lon="126.8089924"/>
 <node id="5312163994" visible="true" version="1" changeset="55037307" timestamp="2017-12-30T15:32:32Z" user="FUKUTAN" uid="5207199" lat="35.0182355" lon="126.8089924"/>
 <node id="5312163995" visible="true" version="1" changeset="55037307" timestamp="2017-12-30T15:32:33Z" user="FUKUTAN" uid="5207199" lat="35.0184530" lon="126.8089388"/>
 <node id="5312163996" visible="true" version="1" changeset="55037307" timestamp="2017-12-30T15:32:33Z" user="FUKUTAN" uid="5207199" lat="35.0191449" lon="126.8087644"/>
 <node id="5312163997" visible="true" version="1" changeset="55037307" timestamp="2017-12-30T15:32:33Z" user="FUKUTAN" uid="5207199" lat="35.0191933" lon="126.8087591"/>
 <node id="5312163998" visible="true" version="1" changeset="55037307" timestamp="2017-12-30T15:32:33Z" user="FUKUTAN" uid="5207199" lat="35.0192416" lon="126.8087725"/>
 <node id="5312163999" visible="true" version="1" changeset="55037307" timestamp="2017-12-30T15:32:33Z" user="FUKUTAN" uid="5207199" lat="35.0200741" lon="126.8090514"/>
 <node id="5312164000" visible="true" version="2" changeset="176313032" timestamp="2025-12-23T15:05:33Z" user="aaei924" uid="10626814" lat="35.0205928" lon="126.8094171"/>
 <node id="5312164001" visible="true" version="1" changeset="55037307" timestamp="2017-12-30T15:32:33Z" user="FUKUTAN" uid="5207199" lat="35.0178908" lon="126.8089827"/>
 <node id="5312164002" visible="true" version="1" changeset="55037307" timestamp="2017-12-30T15:32:33Z" user="FUKUTAN" uid="5207199" lat="35.0176710" lon="126.8090085"/>
 <node id="5312164003" visible="true" version="1" changeset="55037307" timestamp="2017-12-30T15:32:33Z" user="FUKUTAN" uid="5207199" lat="35.0172624" lon="126.8089710"/>
 <node id="5312164004" visible="true" version="1" changeset="55037307" timestamp="2017-12-30T15:32:33Z" user="FUKUTAN" uid="5207199" lat="35.0171943" lon="126.8089710"/>
 <node id="5312164005" visible="true" version="1" changeset="55037307" timestamp="2017-12-30T15:32:33Z" user="FUKUTAN" uid="5207199" lat="35.0168384" lon="126.8090595"/>
 <node id="5312164006" visible="true" version="1" changeset="55037307" timestamp="2017-12-30T15:32:33Z" user="FUKUTAN" uid="5207199" lat="35.0163925" lon="126.8091694"/>
 <node id="5312164007" visible="true" version="1" changeset="55037307" timestamp="2017-12-30T15:32:33Z" user="FUKUTAN" uid="5207199" lat="35.0161201" lon="126.8092365"/>
 <node id="5312164008" visible="true" version="1" changeset="55037307" timestamp="2017-12-30T15:32:33Z" user="FUKUTAN" uid="5207199" lat="35.0153689" lon="126.8095745"/>
 <node id="5312164009" visible="true" version="1" changeset="55037307" timestamp="2017-12-30T15:32:33Z" user="FUKUTAN" uid="5207199" lat="35.0151272" lon="126.8096925"/>
 <node id="5312164010" visible="true" version="1" changeset="55037307" timestamp="2017-12-30T15:32:33Z" user="FUKUTAN" uid="5207199" lat="35.0150108" lon="126.8097273"/>
 <node id="5312164011" visible="true" version="1" changeset="55037307" timestamp="2017-12-30T15:32:33Z" user="FUKUTAN" uid="5207199" lat="35.0148944" lon="126.8097461"/>
 <node id="5312164012" visible="true" version="1" changeset="55037307" timestamp="2017-12-30T15:32:33Z" user="FUKUTAN" uid="5207199" lat="35.0144506" lon="126.8097542"/>
 <node id="5312164013" visible="true" version="1" changeset="55037307" timestamp="2017-12-30T15:32:33Z" user="FUKUTAN" uid="5207199" lat="35.0140331" lon="126.8097898"/>
 <node id="5312164014" visible="true" version="1" changeset="55037307" timestamp="2017-12-30T15:32:33Z" user="FUKUTAN" uid="5207199" lat="35.0137213" lon="126.8098641"/>
 <node id="5312164015" visible="true" version="2" changeset="171629645" timestamp="2025-09-08T11:26:54Z" user="FUKUTAN" uid="5207199" lat="35.0133107" lon="126.8098145"/>
 <node id="5312164016" visible="true" version="3" changeset="171629645" timestamp="2025-09-08T11:26:54Z" user="FUKUTAN" uid="5207199" lat="35.0132234" lon="126.8097969"/>
 <node id="5312164017" visible="true" version="1" changeset="55037307" timestamp="2017-12-30T15:32:33Z" user="FUKUTAN" uid="5207199" lat="35.0123439" lon="126.8096496"/>
 <node id="5312164018" visible="true" version="1" changeset="55037307" timestamp="2017-12-30T15:32:33Z" user="FUKUTAN" uid="5207199" lat="35.0122407" lon="126.8096335"/>
 <node id="5312164019" visible="true" version="2" changeset="171629645" timestamp="2025-09-08T11:26:54Z" user="FUKUTAN" uid="5207199" lat="35.0113580" lon="126.8094642"/>
 <node id="5312164020" visible="true" version="1" changeset="55037307" timestamp="2017-12-30T15:32:33Z" user="FUKUTAN" uid="5207199" lat="35.0113842" lon="126.8094286"/>
 <node id="5312164021" visible="true" version="1" changeset="55037307" timestamp="2017-12-30T15:32:33Z" user="FUKUTAN" uid="5207199" lat="35.0139753" lon="126.8097909"/>
 <node id="5312164022" visible="true" version="1" changeset="55037307" timestamp="2017-12-30T15:32:33Z" user="FUKUTAN" uid="5207199" lat="35.0139437" lon="126.8088812"/>
 <node id="5312164023" visible="true" version="1" changeset="55037307" timestamp="2017-12-30T15:32:33Z" user="FUKUTAN" uid="5207199" lat="35.0137806" lon="126.8098550"/>
 <node id="5312164024" visible="true" version="1" changeset="55037307" timestamp="2017-12-30T15:32:33Z" user="FUKUTAN" uid="5207199" lat="35.0162347" lon="126.8092083"/>
 <node id="5312164025" visible="true" version="1" changeset="55037307" timestamp="2017-12-30T15:32:33Z" user="FUKUTAN" uid="5207199" lat="35.0159708" lon="126.8082155"/>
 <node id="5312164028" visible="true" version="1" changeset="55037307" timestamp="2017-12-30T15:32:33Z" user="FUKUTAN" uid="5207199" lat="35.0152300" lon="126.8070576"/>
 <node id="5312164042" visible="true" version="1" changeset="55037307" timestamp="2017-12-30T15:32:33Z" user="FUKUTAN" uid="5207199" lat="35.0152089" lon="126.8096526"/>
 <node id="5354444858" visible="true" version="3" changeset="144333236" timestamp="2023-11-22T16:36:43Z" user="asdfqwer51" uid="3350410" lat="35.0163592" lon="126.8005693"/>
 <node id="5354444861" visible="true" version="2" changeset="96332427" timestamp="2020-12-23T14:29:14Z" user="mulgist" uid="12368943" lat="35.0137997" lon="126.7982109"/>
 <node id="6147535674" visible="true" version="1" changeset="65610732" timestamp="2018-12-19T13:03:33Z" user="FUKUTAN" uid="5207199" lat="35.0209469" lon="126.8059484"/>
 <node id="6147535675" visible="true" version="1" changeset="65610732" timestamp="2018-12-19T13:03:33Z" user="FUKUTAN" uid="5207199" lat="35.0199039" lon="126.8062746"/>
 <node id="6147535676" visible="true" version="1" changeset="65610732" timestamp="2018-12-19T13:03:33Z" user="FUKUTAN" uid="5207199" lat="35.0196381" lon="126.8063276"/>
 <node id="6147535677" visible="true" version="1" changeset="65610732" timestamp="2018-12-19T13:03:33Z" user="FUKUTAN" uid="5207199" lat="35.0217296" lon="126.8057622"/>
 <node id="6147535678" visible="true" version="1" changeset="65610732" timestamp="2018-12-19T13:03:33Z" user="FUKUTAN" uid="5207199" lat="35.0225772" lon="126.8055989"/>
 <node id="6147535680" visible="true" version="1" changeset="65610732" timestamp="2018-12-19T13:03:33Z" user="FUKUTAN" uid="5207199" lat="35.0234351" lon="126.8051003"/>
 <node id="6147535681" visible="true" version="1" changeset="65610732" timestamp="2018-12-19T13:03:33Z" user="FUKUTAN" uid="5207199" lat="35.0235503" lon="126.8050267"/>
 <node id="6147535682" visible="true" version="1" changeset="65610732" timestamp="2018-12-19T13:03:33Z" user="FUKUTAN" uid="5207199" lat="35.0238120" lon="126.8049353"/>
 <node id="6147535683" visible="true" version="1" changeset="65610732" timestamp="2018-12-19T13:03:33Z" user="FUKUTAN" uid="5207199" lat="35.0239398" lon="126.8049098"/>
 <node id="6147535684" visible="true" version="1" changeset="65610732" timestamp="2018-12-19T13:03:33Z" user="FUKUTAN" uid="5207199" lat="35.0242072" lon="126.8049052"/>
 <node id="6147536987" visible="true" version="2" changeset="144333236" timestamp="2023-11-22T16:36:43Z" user="asdfqwer51" uid="3350410" lat="35.0195620" lon="126.8011409"/>
 <node id="6147536988" visible="true" version="3" changeset="174046299" timestamp="2025-11-01T05:13:14Z" user="torisugari" uid="22158042" lat="35.0186591" lon="126.8011299">
  <tag k="bus" v="yes"/>
  <tag k="name" v="부영3단지"/>
  <tag k="name:en" v="Booyoung Apartment Complex 3"/>
  <tag k="operator" v="나주시"/>
  <tag k="public_transport" v="stop_position"/>
 </node>
 <node id="6147536989" visible="true" version="2" changeset="144333236" timestamp="2023-11-22T16:36:43Z" user="asdfqwer51" uid="3350410" lat="35.0185482" lon="126.8011163"/>
 <node id="6147536990" visible="true" version="2" changeset="144333236" timestamp="2023-11-22T16:36:43Z" user="asdfqwer51" uid="3350410" lat="35.0165498" lon="126.8006108"/>
 <node id="6147536991" visible="true" version="2" changeset="144333236" timestamp="2023-11-22T16:36:43Z" user="asdfqwer51" uid="3350410" lat="35.0161982" lon="126.8005413"/>
 <node id="6147537027" visible="true" version="2" changeset="144389498" timestamp="2023-11-24T03:22:48Z" user="asdfqwer51" uid="3350410" lat="35.0152314" lon="126.8005274">
  <tag k="highway" v="traffic_signals"/>
  <tag k="traffic_signals" v="signal"/>
 </node>
 <node id="7496504412" visible="true" version="1" changeset="84869818" timestamp="2020-05-08T06:16:14Z" user="BalconesEscarpment" uid="9225250" lat="35.0029901" lon="126.8123829"/>
 <node id="8254947033" visible="true" version="1" changeset="96332427" timestamp="2020-12-23T14:29:14Z" user="mulgist" uid="12368943" lat="35.0137674" lon="126.7968729"/>
 <node id="8254947062" visible="true" version="1" changeset="96332427" timestamp="2020-12-23T14:29:14Z" user="mulgist" uid="12368943" lat="35.0137639" lon="126.7962111"/>
 <node id="8254947063" visible="true" version="1" changeset="96332427" timestamp="2020-12-23T14:29:14Z" user="mulgist" uid="12368943" lat="35.0173235" lon="126.7982089"/>
 <node id="8254947064" visible="true" version="1" changeset="96332427" timestamp="2020-12-23T14:29:14Z" user="mulgist" uid="12368943" lat="35.0175740" lon="126.7982094"/>
 <node id="8254947065" visible="true" version="1" changeset="96332427" timestamp="2020-12-23T14:29:14Z" user="mulgist" uid="12368943" lat="35.0137601" lon="126.7958185"/>
 <node id="8254947066" visible="true" version="1" changeset="96332427" timestamp="2020-12-23T14:29:14Z" user="mulgist" uid="12368943" lat="35.0137946" lon="126.7957660"/>
 <node id="8254947067" visible="true" version="1" changeset="96332427" timestamp="2020-12-23T14:29:14Z" user="mulgist" uid="12368943" lat="35.0138262" lon="126.7957294"/>
 <node id="8254947068" visible="true" version="1" changeset="96332427" timestamp="2020-12-23T14:29:14Z" user="mulgist" uid="12368943" lat="35.0139028" lon="126.7957152"/>
 <node id="8254947084" visible="true" version="2" changeset="144332579" timestamp="2023-11-22T16:15:50Z" user="asdfqwer51" uid="3350410" lat="35.0174422" lon="126.7944328"/>
 <node id="8254947085" visible="true" version="2" changeset="144332579" timestamp="2023-11-22T16:15:50Z" user="asdfqwer51" uid="3350410" lat="35.0175461" lon="126.7944328"/>
 <node id="8254947086" visible="true" version="2" changeset="144332579" timestamp="2023-11-22T16:15:50Z" user="asdfqwer51" uid="3350410" lat="35.0175819" lon="126.7944800"/>
 <node id="8254947087" visible="true" version="2" changeset="144332579" timestamp="2023-11-22T16:15:50Z" user="asdfqwer51" uid="3350410" lat="35.0176093" lon="126.7945693"/>
 <node id="8254947088" visible="true" version="1" changeset="96332427" timestamp="2020-12-23T14:29:14Z" user="mulgist" uid="12368943" lat="35.0176276" lon="126.8006369"/>
 <node id="8254947089" visible="true" version="1" changeset="96332427" timestamp="2020-12-23T14:29:14Z" user="mulgist" uid="12368943" lat="35.0176046" lon="126.8007046"/>
 <node id="8254947090" visible="true" version="1" changeset="96332427" timestamp="2020-12-23T14:29:14Z" user="mulgist" uid="12368943" lat="35.0175568" lon="126.8007303"/>
 <node id="8254947091" visible="true" version="1" changeset="96332427" timestamp="2020-12-23T14:29:14Z" user="mulgist" uid="12368943" lat="35.0174880" lon="126.8007326"/>
 <node id="8254947092" visible="true" version="1" changeset="96332427" timestamp="2020-12-23T14:29:14Z" user="mulgist" uid="12368943" lat="35.0174019" lon="126.8007093"/>
 <node id="8254947093" visible="true" version="1" changeset="96332427" timestamp="2020-12-23T14:29:14Z" user="mulgist" uid="12368943" lat="35.0169957" lon="126.8005762"/>
 <node id="8254947094" visible="true" version="1" changeset="96332427" timestamp="2020-12-23T14:29:14Z" user="mulgist" uid="12368943" lat="35.0169384" lon="126.8005785"/>
 <node id="8254947095" visible="true" version="1" changeset="96332427" timestamp="2020-12-23T14:29:14Z" user="mulgist" uid="12368943" lat="35.0168810" lon="126.8005715"/>
 <node id="8254947096" visible="true" version="1" changeset="96332427" timestamp="2020-12-23T14:29:14Z" user="mulgist" uid="12368943" lat="35.0163608" lon="126.8004524"/>
 <node id="8254947097" visible="true" version="1" changeset="96332427" timestamp="2020-12-23T14:29:14Z" user="mulgist" uid="12368943" lat="35.0162977" lon="126.8003754"/>
 <node id="8254947098" visible="true" version="1" changeset="96332427" timestamp="2020-12-23T14:29:14Z" user="mulgist" uid="12368943" lat="35.0161044" lon="126.8003170"/>
 <node id="8254947099" visible="true" version="1" changeset="96332427" timestamp="2020-12-23T14:29:14Z" user="mulgist" uid="12368943" lat="35.0159763" lon="126.8004011"/>
 <node id="8254947100" visible="true" version="1" changeset="96332427" timestamp="2020-12-23T14:29:14Z" user="mulgist" uid="12368943" lat="35.0143854" lon="126.8004011"/>
 <node id="8254947101" visible="true" version="1" changeset="96332427" timestamp="2020-12-23T14:29:14Z" user="mulgist" uid="12368943" lat="35.0142707" lon="126.8003660"/>
 <node id="8254947102" visible="true" version="1" changeset="96332427" timestamp="2020-12-23T14:29:14Z" user="mulgist" uid="12368943" lat="35.0138882" lon="126.8003660"/>
 <node id="8254947103" visible="true" version="1" changeset="96332427" timestamp="2020-12-23T14:29:14Z" user="mulgist" uid="12368943" lat="35.0138423" lon="126.8003357"/>
 <node id="8254947104" visible="true" version="2" changeset="144397454" timestamp="2023-11-24T08:19:48Z" user="asdfqwer51" uid="3350410" lat="35.0137597" lon="126.8002208"/>
 <node id="8254947105" visible="true" version="1" changeset="96332427" timestamp="2020-12-23T14:29:14Z" user="mulgist" uid="12368943" lat="35.0137658" lon="126.7993746"/>
 <node id="8254947106" visible="true" version="1" changeset="96332427" timestamp="2020-12-23T14:29:14Z" user="mulgist" uid="12368943" lat="35.0176161" lon="126.7982095"/>
 <node id="8254947120" visible="true" version="1" changeset="96332427" timestamp="2020-12-23T14:29:14Z" user="mulgist" uid="12368943" lat="35.0138714" lon="126.7957210"/>
 <node id="8254947124" visible="true" version="1" changeset="96332427" timestamp="2020-12-23T14:29:14Z" user="mulgist" uid="12368943" lat="35.0142108" lon="126.7957121"/>
 <node id="8254947125" visible="true" version="1" changeset="96332427" timestamp="2020-12-23T14:29:14Z" user="mulgist" uid="12368943" lat="35.0141876" lon="126.7957115"/>
 <node id="8254947126" visible="true" version="1" changeset="96332427" timestamp="2020-12-23T14:29:14Z" user="mulgist" uid="12368943" lat="35.0134743" lon="126.7982061"/>
 <node id="8254947127" visible="true" version="1" changeset="96332427" timestamp="2020-12-23T14:29:14Z" user="mulgist" uid="12368943" lat="35.0134953" lon="126.7981887"/>
 <node id="8254947128" visible="true" version="1" changeset="96332427" timestamp="2020-12-23T14:29:14Z" user="mulgist" uid="12368943" lat="35.0137689" lon="126.7981710"/>
 <node id="8254947129" visible="true" version="1" changeset="96332427" timestamp="2020-12-23T14:29:14Z" user="mulgist" uid="12368943" lat="35.0137555" lon="126.7982029"/>
 <node id="8254947130" visible="true" version="1" changeset="96332427" timestamp="2020-12-23T14:29:14Z" user="mulgist" uid="12368943" lat="35.0137453" lon="126.7981896"/>
 <node id="8254947132" visible="true" version="2" changeset="144397454" timestamp="2023-11-24T08:19:48Z" user="asdfqwer51" uid="3350410" lat="35.0134461" lon="126.8002858"/>
 <node id="8254947133" visible="true" version="2" changeset="144397454" timestamp="2023-11-24T08:19:48Z" user="asdfqwer51" uid="3350410" lat="35.0134680" lon="126.8002329"/>
 <node id="8254947134" visible="true" version="2" changeset="144397454" timestamp="2023-11-24T08:19:48Z" user="asdfqwer51" uid="3350410" lat="35.0134515" lon="126.7993791"/>
 <node id="8254947135" visible="true" version="2" changeset="144397454" timestamp="2023-11-24T08:19:48Z" user="asdfqwer51" uid="3350410" lat="35.0134685" lon="126.7985557"/>
 <node id="8254947136" visible="true" version="1" changeset="96332427" timestamp="2020-12-23T14:29:14Z" user="mulgist" uid="12368943" lat="35.0135022" lon="126.7972875"/>
 <node id="8254947137" visible="true" version="1" changeset="96332427" timestamp="2020-12-23T14:29:14Z" user="mulgist" uid="12368943" lat="35.0134849" lon="126.7972383"/>
 <node id="8254947138" visible="true" version="1" changeset="96332427" timestamp="2020-12-23T14:29:14Z" user="mulgist" uid="12368943" lat="35.0134893" lon="126.7981937"/>
 <node id="8254947143" visible="true" version="1" changeset="96332427" timestamp="2020-12-23T14:29:14Z" user="mulgist" uid="12368943" lat="35.0137650" lon="126.7958110"/>
 <node id="8254947144" visible="true" version="1" changeset="96332427" timestamp="2020-12-23T14:29:14Z" user="mulgist" uid="12368943" lat="35.0136257" lon="126.7958084">
  <tag k="crossing" v="marked"/>
  <tag k="highway" v="crossing"/>
 </node>
 <node id="8254947163" visible="true" version="1" changeset="96332427" timestamp="2020-12-23T14:29:14Z" user="mulgist" uid="12368943" lat="35.0142855" lon="126.7973327"/>
 <node id="8254947164" visible="true" version="1" changeset="96332427" timestamp="2020-12-23T14:29:14Z" user="mulgist" uid="12368943" lat="35.0139269" lon="126.7973268"/>
 <node id="8254947165" visible="true" version="1" changeset="96332427" timestamp="2020-12-23T14:29:14Z" user="mulgist" uid="12368943" lat="35.0139190" lon="126.7980381"/>
 <node id="8254947166" visible="true" version="1" changeset="96332427" timestamp="2020-12-23T14:29:14Z" user="mulgist" uid="12368943" lat="35.0142775" lon="126.7980440"/>
 <node id="8254947170" visible="true" version="2" changeset="96780587" timestamp="2021-01-01T17:12:51Z" user="mulgist" uid="12368943" lat="35.0136288" lon="126.7981871">
  <tag k="crossing" v="marked"/>
  <tag k="highway" v="crossing"/>
 </node>
 <node id="8254947171" visible="true" version="1" changeset="96332427" timestamp="2020-12-23T14:29:14Z" user="mulgist" uid="12368943" lat="35.0137688" lon="126.7982053"/>
 <node id="8255005731" visible="true" version="1" changeset="96333248" timestamp="2020-12-23T14:45:22Z" user="mulgist" uid="12368943" lat="35.0156078" lon="126.7982053"/>
 <node id="8257427195" visible="true" version="2" changeset="144332579" timestamp="2023-11-22T16:15:50Z" user="asdfqwer51" uid="3350410" lat="35.0173576" lon="126.7944383"/>
 <node id="8267175341" visible="true" version="1" changeset="96545122" timestamp="2020-12-28T15:20:53Z" user="mulgist" uid="12368943" lat="35.0176149" lon="126.7974819"/>
 <node id="8267175415" visible="true" version="1" changeset="96545122" timestamp="2020-12-28T15:20:53Z" user="mulgist" uid="12368943" lat="35.0150842" lon="126.7970331"/>
 <node id="8267210521" visible="true" version="1" changeset="96545919" timestamp="2020-12-28T15:35:40Z" user="mulgist" uid="12368943" lat="35.0176232" lon="126.7997168"/>
 <node id="8273716238" visible="true" version="1" changeset="96663281" timestamp="2020-12-30T11:25:41Z" user="mulgist" uid="12368943" lat="35.0134606" lon="126.7981344"/>
 <node id="8273716239" visible="true" version="1" changeset="96663281" timestamp="2020-12-30T11:25:41Z" user="mulgist" uid="12368943" lat="35.0122631" lon="126.7981263"/>
 <node id="8273716240" visible="true" version="1" changeset="96663281" timestamp="2020-12-30T11:25:41Z" user="mulgist" uid="12368943" lat="35.0128491" lon="126.7977551"/>
 <node id="8273716241" visible="true" version="1" changeset="96663281" timestamp="2020-12-30T11:25:41Z" user="mulgist" uid="12368943" lat="35.0123665" lon="126.7977567"/>
 <node id="8273716242" visible="true" version="1" changeset="96663281" timestamp="2020-12-30T11:25:41Z" user="mulgist" uid="12368943" lat="35.0123671" lon="126.7980725"/>
 <node id="8273716243" visible="true" version="1" changeset="96663281" timestamp="2020-12-30T11:25:41Z" user="mulgist" uid="12368943" lat="35.0128497" lon="126.7980710"/>
 <node id="8273716244" visible="true" version="1" changeset="96663281" timestamp="2020-12-30T11:25:41Z" user="mulgist" uid="12368943" lat="35.0123448" lon="126.7975003"/>
 <node id="8273716245" visible="true" version="1" changeset="96663281" timestamp="2020-12-30T11:25:41Z" user="mulgist" uid="12368943" lat="35.0123448" lon="126.7976469"/>
 <node id="8273716246" visible="true" version="1" changeset="96663281" timestamp="2020-12-30T11:25:41Z" user="mulgist" uid="12368943" lat="35.0128805" lon="126.7976469"/>
 <node id="8273716247" visible="true" version="1" changeset="96663281" timestamp="2020-12-30T11:25:41Z" user="mulgist" uid="12368943" lat="35.0128805" lon="126.7977141"/>
 <node id="8273716248" visible="true" version="1" changeset="96663281" timestamp="2020-12-30T11:25:41Z" user="mulgist" uid="12368943" lat="35.0129776" lon="126.7977141"/>
 <node id="8273716249" visible="true" version="1" changeset="96663281" timestamp="2020-12-30T11:25:41Z" user="mulgist" uid="12368943" lat="35.0129775" lon="126.7981088"/>
 <node id="8273716250" visible="true" version="1" changeset="96663281" timestamp="2020-12-30T11:25:41Z" user="mulgist" uid="12368943" lat="35.0132472" lon="126.7981088"/>
 <node id="8273716251" visible="true" version="1" changeset="96663281" timestamp="2020-12-30T11:25:41Z" user="mulgist" uid="12368943" lat="35.0132472" lon="126.7976450"/>
 <node id="8273716252" visible="true" version="1" changeset="96663281" timestamp="2020-12-30T11:25:41Z" user="mulgist" uid="12368943" lat="35.0131922" lon="126.7976449"/>
 <node id="8273716253" visible="true" version="1" changeset="96663281" timestamp="2020-12-30T11:25:41Z" user="mulgist" uid="12368943" lat="35.0131924" lon="126.7972785"/>
 <node id="8273716254" visible="true" version="1" changeset="96663281" timestamp="2020-12-30T11:25:41Z" user="mulgist" uid="12368943" lat="35.0131388" lon="126.7972784"/>
 <node id="8273716255" visible="true" version="1" changeset="96663281" timestamp="2020-12-30T11:25:41Z" user="mulgist" uid="12368943" lat="35.0131389" lon="126.7970695"/>
 <node id="8273716256" visible="true" version="1" changeset="96663281" timestamp="2020-12-30T11:25:41Z" user="mulgist" uid="12368943" lat="35.0129959" lon="126.7970694"/>
 <node id="8273716257" visible="true" version="1" changeset="96663281" timestamp="2020-12-30T11:25:41Z" user="mulgist" uid="12368943" lat="35.0129957" lon="126.7974513"/>
 <node id="8273716258" visible="true" version="1" changeset="96663281" timestamp="2020-12-30T11:25:41Z" user="mulgist" uid="12368943" lat="35.0128914" lon="126.7974512"/>
 <node id="8273716259" visible="true" version="1" changeset="96663281" timestamp="2020-12-30T11:25:41Z" user="mulgist" uid="12368943" lat="35.0128915" lon="126.7972954"/>
 <node id="8273716260" visible="true" version="1" changeset="96663281" timestamp="2020-12-30T11:25:41Z" user="mulgist" uid="12368943" lat="35.0128537" lon="126.7972953"/>
 <node id="8273716261" visible="true" version="1" changeset="96663281" timestamp="2020-12-30T11:25:41Z" user="mulgist" uid="12368943" lat="35.0128538" lon="126.7970918"/>
 <node id="8273716262" visible="true" version="1" changeset="96663281" timestamp="2020-12-30T11:25:41Z" user="mulgist" uid="12368943" lat="35.0127141" lon="126.7970918"/>
 <node id="8273716263" visible="true" version="1" changeset="96663281" timestamp="2020-12-30T11:25:41Z" user="mulgist" uid="12368943" lat="35.0127140" lon="126.7974614"/>
 <node id="8273716264" visible="true" version="1" changeset="96663281" timestamp="2020-12-30T11:25:41Z" user="mulgist" uid="12368943" lat="35.0126034" lon="126.7974613"/>
 <node id="8273716265" visible="true" version="1" changeset="96663281" timestamp="2020-12-30T11:25:41Z" user="mulgist" uid="12368943" lat="35.0126034" lon="126.7973056"/>
 <node id="8273716266" visible="true" version="1" changeset="96663281" timestamp="2020-12-30T11:25:41Z" user="mulgist" uid="12368943" lat="35.0125514" lon="126.7973056"/>
 <node id="8273716267" visible="true" version="1" changeset="96663281" timestamp="2020-12-30T11:25:41Z" user="mulgist" uid="12368943" lat="35.0125514" lon="126.7971046"/>
 <node id="8273716268" visible="true" version="1" changeset="96663281" timestamp="2020-12-30T11:25:41Z" user="mulgist" uid="12368943" lat="35.0124082" lon="126.7971046"/>
 <node id="8273716269" visible="true" version="1" changeset="96663281" timestamp="2020-12-30T11:25:41Z" user="mulgist" uid="12368943" lat="35.0124082" lon="126.7975003"/>
 <node id="8281390424" visible="true" version="1" changeset="96780587" timestamp="2021-01-01T17:12:51Z" user="mulgist" uid="12368943" lat="35.0122477" lon="126.7961808"/>
 <node id="8281390431" visible="true" version="1" changeset="96780587" timestamp="2021-01-01T17:12:51Z" user="mulgist" uid="12368943" lat="35.0122467" lon="126.7964955"/>
 <node id="8281390499" visible="true" version="1" changeset="96780587" timestamp="2021-01-01T17:12:51Z" user="mulgist" uid="12368943" lat="35.0137688" lon="126.7982209"/>
 <node id="8281390502" visible="true" version="3" changeset="144397454" timestamp="2023-11-24T08:19:48Z" user="asdfqwer51" uid="3350410" lat="35.0105274" lon="126.7954336"/>
 <node id="8281390503" visible="true" version="1" changeset="96780587" timestamp="2021-01-01T17:12:51Z" user="mulgist" uid="12368943" lat="35.0119108" lon="126.7957618"/>
 <node id="8281390504" visible="true" version="1" changeset="96780587" timestamp="2021-01-01T17:12:51Z" user="mulgist" uid="12368943" lat="35.0118673" lon="126.7958045"/>
 <node id="8281390505" visible="true" version="1" changeset="96780587" timestamp="2021-01-01T17:12:51Z" user="mulgist" uid="12368943" lat="35.0112104" lon="126.7957915"/>
 <node id="8296115006" visible="true" version="1" changeset="97036292" timestamp="2021-01-06T09:31:32Z" user="octel" uid="238290" lat="35.0090011" lon="126.8011241"/>
 <node id="8296115007" visible="true" version="1" changeset="97036292" timestamp="2021-01-06T09:31:32Z" user="octel" uid="238290" lat="35.0088496" lon="126.8008290"/>
 <node id="8296115008" visible="true" version="1" changeset="97036292" timestamp="2021-01-06T09:31:32Z" user="octel" uid="238290" lat="35.0088968" lon="126.8005290"/>
 <node id="8296115009" visible="true" version="1" changeset="97036292" timestamp="2021-01-06T09:31:32Z" user="octel" uid="238290" lat="35.0093472" lon="126.8002175"/>
 <node id="8296115010" visible="true" version="1" changeset="97036292" timestamp="2021-01-06T09:31:32Z" user="octel" uid="238290" lat="35.0095811" lon="126.8007217"/>
 <node id="8440076347" visible="true" version="2" changeset="144332579" timestamp="2023-11-22T16:15:50Z" user="asdfqwer51" uid="3350410" lat="35.0175016" lon="126.7944328"/>
 <node id="8449596911" visible="true" version="2" changeset="144397454" timestamp="2023-11-24T08:19:48Z" user="asdfqwer51" uid="3350410" lat="35.0134043" lon="126.8003169"/>
 <node id="8449596912" visible="true" version="2" changeset="144397454" timestamp="2023-11-24T08:19:48Z" user="asdfqwer51" uid="3350410" lat="35.0133655" lon="126.8003338"/>
 <node id="8449596913" visible="true" version="2" changeset="144397454" timestamp="2023-11-24T08:19:48Z" user="asdfqwer51" uid="3350410" lat="35.0126955" lon="126.8003450"/>
 <node id="8449596914" visible="true" version="2" changeset="144397454" timestamp="2023-11-24T08:19:48Z" user="asdfqwer51" uid="3350410" lat="35.0124949" lon="126.8003762"/>
 <node id="8449596915" visible="true" version="2" changeset="144397454" timestamp="2023-11-24T08:19:48Z" user="asdfqwer51" uid="3350410" lat="35.0122952" lon="126.8003778"/>
 <node id="8449596916" visible="true" version="2" changeset="144397454" timestamp="2023-11-24T08:19:48Z" user="asdfqwer51" uid="3350410" lat="35.0121760" lon="126.8003450"/>
 <node id="8449650017" visible="true" version="2" changeset="144397454" timestamp="2023-11-24T08:19:48Z" user="asdfqwer51" uid="3350410" lat="35.0112527" lon="126.8003437"/>
 <node id="8449650018" visible="true" version="2" changeset="144397454" timestamp="2023-11-24T08:19:48Z" user="asdfqwer51" uid="3350410" lat="35.0111178" lon="126.8003702"/>
 <node id="8449650019" visible="true" version="2" changeset="144397454" timestamp="2023-11-24T08:19:48Z" user="asdfqwer51" uid="3350410" lat="35.0106378" lon="126.8004007"/>
 <node id="8449650020" visible="true" version="2" changeset="144397454" timestamp="2023-11-24T08:19:48Z" user="asdfqwer51" uid="3350410" lat="35.0102926" lon="126.8004665"/>
 <node id="8449650021" visible="true" version="2" changeset="144397454" timestamp="2023-11-24T08:19:48Z" user="asdfqwer51" uid="3350410" lat="35.0097064" lon="126.8007022"/>
 <node id="8449650022" visible="true" version="2" changeset="144397454" timestamp="2023-11-24T08:19:48Z" user="asdfqwer51" uid="3350410" lat="35.0094422" lon="126.8008632"/>
 <node id="8449650023" visible="true" version="2" changeset="144397454" timestamp="2023-11-24T08:19:48Z" user="asdfqwer51" uid="3350410" lat="35.0091778" lon="126.8010243"/>
 <node id="8449650024" visible="true" version="2" changeset="144397454" timestamp="2023-11-24T08:19:48Z" user="asdfqwer51" uid="3350410" lat="35.0100565" lon="126.8005303"/>
 <node id="8449650025" visible="true" version="2" changeset="144397454" timestamp="2023-11-24T08:19:48Z" user="asdfqwer51" uid="3350410" lat="35.0097823" lon="126.7990851"/>
 <node id="8449650026" visible="true" version="2" changeset="144397454" timestamp="2023-11-24T08:19:48Z" user="asdfqwer51" uid="3350410" lat="35.0102503" lon="126.7982539"/>
 <node id="8984701169" visible="true" version="4" changeset="176313032" timestamp="2025-12-23T15:05:33Z" user="aaei924" uid="10626814" lat="35.0142029" lon="126.8057490"/>
 <node id="8984701170" visible="true" version="4" changeset="176313032" timestamp="2025-12-23T15:05:33Z" user="aaei924" uid="10626814" lat="35.0136513" lon="126.8041199"/>
 <node id="8984701171" visible="true" version="2" changeset="121788783" timestamp="2022-06-01T00:47:10Z" user="야광멧돼지" uid="12393144" lat="35.0140957" lon="126.8054143"/>
 <node id="8984701172" visible="true" version="2" changeset="121788783" timestamp="2022-06-01T00:47:10Z" user="야광멧돼지" uid="12393144" lat="35.0135786" lon="126.8040326"/>
 <node id="8984701176" visible="true" version="2" changeset="176313032" timestamp="2025-12-23T15:05:33Z" user="aaei924" uid="10626814" lat="35.0133814" lon="126.8007237"/>
 <node id="9787073725" visible="true" version="4" changeset="176313032" timestamp="2025-12-23T15:05:33Z" user="aaei924" uid="10626814" lat="35.0142056" lon="126.8061609"/>
 <node id="9787073726" visible="true" version="2" changeset="176313032" timestamp="2025-12-23T15:05:33Z" user="aaei924" uid="10626814" lat="35.0140764" lon="126.8051949"/>
 <node id="9787073727" visible="true" version="3" changeset="176313032" timestamp="2025-12-23T15:05:33Z" user="aaei924" uid="10626814" lat="35.0140129" lon="126.8050315"/>
 <node id="9787073728" visible="true" version="3" changeset="176313032" timestamp="2025-12-23T15:05:33Z" user="aaei924" uid="10626814" lat="35.0137104" lon="126.8043171"/>
 <node id="9787073729" visible="true" version="3" changeset="176313032" timestamp="2025-12-23T15:05:33Z" user="aaei924" uid="10626814" lat="35.0135799" lon="126.8031812"/>
 <node id="9787073730" visible="true" version="2" changeset="176313032" timestamp="2025-12-23T15:05:33Z" user="aaei924" uid="10626814" lat="35.0134872" lon="126.8019873"/>
 <node id="9787073731" visible="true" version="2" changeset="176313032" timestamp="2025-12-23T15:05:33Z" user="aaei924" uid="10626814" lat="35.0134543" lon="126.8017530"/>
 <node id="9787073732" visible="true" version="2" changeset="144389498" timestamp="2023-11-24T03:22:48Z" user="asdfqwer51" uid="3350410" lat="35.0135086" lon="126.8034649"/>
 <node id="9787073733" visible="true" version="1" changeset="121788783" timestamp="2022-06-01T00:47:10Z" user="야광멧돼지" uid="12393144" lat="35.0136685" lon="126.8043498"/>
 <node id="9787073734" visible="true" version="1" changeset="121788783" timestamp="2022-06-01T00:47:10Z" user="야광멧돼지" uid="12393144" lat="35.0141608" lon="126.8061070"/>
 <node id="9787073735" visible="true" version="1" changeset="121788783" timestamp="2022-06-01T00:47:10Z" user="야광멧돼지" uid="12393144" lat="35.0141395" lon="126.8062140"/>
 <node id="9787073736" visible="true" version="1" changeset="121788783" timestamp="2022-06-01T00:47:10Z" user="야광멧돼지" uid="12393144" lat="35.0140697" lon="126.8062680"/>
 <node id="9787073737" visible="true" version="1" changeset="121788783" timestamp="2022-06-01T00:47:10Z" user="야광멧돼지" uid="12393144" lat="35.0140244" lon="126.8062801"/>
 <node id="9787073738" visible="true" version="1" changeset="121788783" timestamp="2022-06-01T00:47:10Z" user="야광멧돼지" uid="12393144" lat="35.0140286" lon="126.8064824"/>
 <node id="9787073739" visible="true" version="1" changeset="121788783" timestamp="2022-06-01T00:47:10Z" user="야광멧돼지" uid="12393144" lat="35.0141063" lon="126.8065051"/>
 <node id="9787073740" visible="true" version="1" changeset="121788783" timestamp="2022-06-01T00:47:10Z" user="야광멧돼지" uid="12393144" lat="35.0141663" lon="126.8065853"/>
 <node id="9787073741" visible="true" version="1" changeset="121788783" timestamp="2022-06-01T00:47:10Z" user="야광멧돼지" uid="12393144" lat="35.0141744" lon="126.8066586"/>
 <node id="9787073742" visible="true" version="1" changeset="121788783" timestamp="2022-06-01T00:47:10Z" user="야광멧돼지" uid="12393144" lat="35.0141564" lon="126.8074508"/>
 <node id="9787073743" visible="true" version="2" changeset="144335329" timestamp="2023-11-22T17:21:04Z" user="asdfqwer51" uid="3350410" lat="35.0083384" lon="126.8022839">
  <tag k="highway" v="traffic_signals"/>
  <tag k="traffic_signals" v="signal"/>
 </node>
 <node id="9787073744" visible="true" version="2" changeset="125882196" timestamp="2022-09-07T04:53:30Z" user="야광멧돼지" uid="12393144" lat="35.0097735" lon="126.8031652"/>
 <node id="9787073745" visible="true" version="2" changeset="125882196" timestamp="2022-09-07T04:53:30Z" user="야광멧돼지" uid="12393144" lat="35.0098097" lon="126.8031439"/>
 <node id="9787073746" visible="true" version="2" changeset="125882196" timestamp="2022-09-07T04:53:30Z" user="야광멧돼지" uid="12393144" lat="35.0107019" lon="126.8027771"/>
 <node id="9787073747" visible="true" version="2" changeset="125882196" timestamp="2022-09-07T04:53:30Z" user="야광멧돼지" uid="12393144" lat="35.0097550" lon="126.8035631"/>
 <node id="9787073748" visible="true" version="3" changeset="176313032" timestamp="2025-12-23T15:05:33Z" user="aaei924" uid="10626814" lat="35.0104872" lon="126.8030658"/>
 <node id="9787073749" visible="true" version="3" changeset="176313032" timestamp="2025-12-23T15:05:33Z" user="aaei924" uid="10626814" lat="35.0104825" lon="126.8035701"/>
 <node id="9787073750" visible="true" version="3" changeset="176313032" timestamp="2025-12-23T15:05:33Z" user="aaei924" uid="10626814" lat="35.0107232" lon="126.8035744"/>
 <node id="9787073751" visible="true" version="3" changeset="176313032" timestamp="2025-12-23T15:05:33Z" user="aaei924" uid="10626814" lat="35.0107279" lon="126.8030701"/>
 <node id="10005624110" visible="true" version="3" changeset="178340036" timestamp="2026-02-10T05:16:19Z" user="야광멧돼지" uid="12393144" lat="35.0093258" lon="126.8018363"/>
 <node id="10005624111" visible="true" version="3" changeset="178340036" timestamp="2026-02-10T05:16:19Z" user="야광멧돼지" uid="12393144" lat="35.0092418" lon="126.8018364"/>
 <node id="10005624112" visible="true" version="3" changeset="178340036" timestamp="2026-02-10T05:16:19Z" user="야광멧돼지" uid="12393144" lat="35.0092424" lon="126.8023718"/>
 <node id="10005624113" visible="true" version="3" changeset="178340036" timestamp="2026-02-10T05:16:19Z" user="야광멧돼지" uid="12393144" lat="35.0093266" lon="126.8023717"/>
 <node id="10005624114" visible="true" version="3" changeset="178340036" timestamp="2026-02-10T05:16:19Z" user="야광멧돼지" uid="12393144" lat="35.0097531" lon="126.8013903"/>
 <node id="10005624115" visible="true" version="3" changeset="178340036" timestamp="2026-02-10T05:16:19Z" user="야광멧돼지" uid="12393144" lat="35.0094738" lon="126.8013915"/>
 <node id="10005624116" visible="true" version="3" changeset="178340036" timestamp="2026-02-10T05:16:19Z" user="야광멧돼지" uid="12393144" lat="35.0094750" lon="126.8018027"/>
 <node id="10005624117" visible="true" version="3" changeset="178340036" timestamp="2026-02-10T05:16:19Z" user="야광멧돼지" uid="12393144" lat="35.0097542" lon="126.8018015"/>
 <node id="10005624118" visible="true" version="3" changeset="178340036" timestamp="2026-02-10T05:16:19Z" user="야광멧돼지" uid="12393144" lat="35.0097694" lon="126.8018638"/>
 <node id="10005624119" visible="true" version="3" changeset="178340036" timestamp="2026-02-10T05:16:19Z" user="야광멧돼지" uid="12393144" lat="35.0094746" lon="126.8018653"/>
 <node id="10005624120" visible="true" version="3" changeset="178340036" timestamp="2026-02-10T05:16:19Z" user="야광멧돼지" uid="12393144" lat="35.0094763" lon="126.8023301"/>
 <node id="10005624121" visible="true" version="3" changeset="178340036" timestamp="2026-02-10T05:16:19Z" user="야광멧돼지" uid="12393144" lat="35.0097711" lon="126.8023285"/>
 <node id="10005624122" visible="true" version="3" changeset="178340036" timestamp="2026-02-10T05:16:19Z" user="야광멧돼지" uid="12393144" lat="35.0100021" lon="126.8024315"/>
 <node id="10005624123" visible="true" version="3" changeset="178340036" timestamp="2026-02-10T05:16:19Z" user="야광멧돼지" uid="12393144" lat="35.0095756" lon="126.8024374"/>
 <node id="10005624124" visible="true" version="3" changeset="178340036" timestamp="2026-02-10T05:16:19Z" user="야광멧돼지" uid="12393144" lat="35.0095787" lon="126.8027721"/>
 <node id="10005624125" visible="true" version="3" changeset="178340036" timestamp="2026-02-10T05:16:19Z" user="야광멧돼지" uid="12393144" lat="35.0100053" lon="126.8027661"/>
 <node id="10005624126" visible="true" version="1" changeset="125882196" timestamp="2022-09-07T04:53:30Z" user="야광멧돼지" uid="12393144" lat="35.0104347" lon="126.8028869"/>
 <node id="10005624127" visible="true" version="1" changeset="125882196" timestamp="2022-09-07T04:53:30Z" user="야광멧돼지" uid="12393144" lat="35.0104285" lon="126.8034283"/>
 <node id="10005624128" visible="true" version="1" changeset="125882196" timestamp="2022-09-07T04:53:30Z" user="야광멧돼지" uid="12393144" lat="35.0104081" lon="126.8035392"/>
 <node id="10005624129" visible="true" version="1" changeset="125882196" timestamp="2022-09-07T04:53:30Z" user="야광멧돼지" uid="12393144" lat="35.0103691" lon="126.8035755"/>
 <node id="10005624130" visible="true" version="1" changeset="125882196" timestamp="2022-09-07T04:53:30Z" user="야광멧돼지" uid="12393144" lat="35.0102987" lon="126.8035823"/>
 <node id="10005624131" visible="true" version="1" changeset="125882196" timestamp="2022-09-07T04:53:30Z" user="야광멧돼지" uid="12393144" lat="35.0099425" lon="126.8033694"/>
 <node id="10005624132" visible="true" version="1" changeset="125882196" timestamp="2022-09-07T04:53:30Z" user="야광멧돼지" uid="12393144" lat="35.0098609" lon="126.8033105"/>
 <node id="10005624133" visible="true" version="1" changeset="125882196" timestamp="2022-09-07T04:53:30Z" user="야광멧돼지" uid="12393144" lat="35.0099110" lon="126.8032290"/>
 <node id="10005624134" visible="true" version="1" changeset="125882196" timestamp="2022-09-07T04:53:30Z" user="야광멧돼지" uid="12393144" lat="35.0099666" lon="126.8031746"/>
 <node id="10005624135" visible="true" version="1" changeset="125882196" timestamp="2022-09-07T04:53:30Z" user="야광멧돼지" uid="12393144" lat="35.0100241" lon="126.8031452"/>
 <node id="10005624136" visible="true" version="1" changeset="125882196" timestamp="2022-09-07T04:53:30Z" user="야광멧돼지" uid="12393144" lat="35.0107346" lon="126.8028711"/>
 <node id="10005624137" visible="true" version="1" changeset="125882196" timestamp="2022-09-07T04:53:30Z" user="야광멧돼지" uid="12393144" lat="35.0107327" lon="126.8030047"/>
 <node id="10005624138" visible="true" version="1" changeset="125882196" timestamp="2022-09-07T04:53:30Z" user="야광멧돼지" uid="12393144" lat="35.0104112" lon="126.8029959"/>
 <node id="10005624139" visible="true" version="1" changeset="125882196" timestamp="2022-09-07T04:53:30Z" user="야광멧돼지" uid="12393144" lat="35.0104604" lon="126.8029769"/>
 <node id="10005624140" visible="true" version="1" changeset="125882196" timestamp="2022-09-07T04:53:30Z" user="야광멧돼지" uid="12393144" lat="35.0104335" lon="126.8029872">
  <tag k="crossing" v="marked"/>
  <tag k="highway" v="crossing"/>
 </node>
 <node id="10005624141" visible="true" version="1" changeset="125882196" timestamp="2022-09-07T04:53:30Z" user="야광멧돼지" uid="12393144" lat="35.0104240" lon="126.8034530"/>
 <node id="10005624142" visible="true" version="1" changeset="125882196" timestamp="2022-09-07T04:53:30Z" user="야광멧돼지" uid="12393144" lat="35.0098423" lon="126.8033760"/>
 <node id="10005624143" visible="true" version="1" changeset="125882196" timestamp="2022-09-07T04:53:30Z" user="야광멧돼지" uid="12393144" lat="35.0098360" lon="126.8035597"/>
 <node id="10005624144" visible="true" version="1" changeset="125882196" timestamp="2022-09-07T04:53:30Z" user="야광멧돼지" uid="12393144" lat="35.0103919" lon="126.8030724"/>
 <node id="10005624145" visible="true" version="1" changeset="125882196" timestamp="2022-09-07T04:53:30Z" user="야광멧돼지" uid="12393144" lat="35.0100364" lon="126.8032171"/>
 <node id="10005624146" visible="true" version="1" changeset="125882196" timestamp="2022-09-07T04:53:30Z" user="야광멧돼지" uid="12393144" lat="35.0099729" lon="126.8032574"/>
 <node id="10005624147" visible="true" version="1" changeset="125882196" timestamp="2022-09-07T04:53:30Z" user="야광멧돼지" uid="12393144" lat="35.0099342" lon="126.8033122"/>
 <node id="10005624148" visible="true" version="1" changeset="125882196" timestamp="2022-09-07T04:53:30Z" user="야광멧돼지" uid="12393144" lat="35.0099167" lon="126.8033508"/>
 <node id="10005624149" visible="true" version="1" changeset="125882196" timestamp="2022-09-07T04:53:30Z" user="야광멧돼지" uid="12393144" lat="35.0098987" lon="126.8034066"/>
 <node id="10005624150" visible="true" version="1" changeset="125882196" timestamp="2022-09-07T04:53:30Z" user="야광멧돼지" uid="12393144" lat="35.0098935" lon="126.8035712"/>
 <node id="10005624151" visible="true" version="3" changeset="176313032" timestamp="2025-12-23T15:05:33Z" user="aaei924" uid="10626814" lat="35.0091953" lon="126.8028118"/>
 <node id="10005624169" visible="true" version="2" changeset="178340036" timestamp="2026-02-10T05:16:19Z" user="야광멧돼지" uid="12393144" lat="35.0092354" lon="126.8026792"/>
 <node id="10005624170" visible="true" version="3" changeset="178340036" timestamp="2026-02-10T05:16:19Z" user="야광멧돼지" uid="12393144" lat="35.0092215" lon="126.8017474"/>
 <node id="10005624201" visible="true" version="1" changeset="125882196" timestamp="2022-09-07T04:53:30Z" user="야광멧돼지" uid="12393144" lat="35.0140328" lon="126.8027739"/>
 <node id="10005624202" visible="true" version="1" changeset="125882196" timestamp="2022-09-07T04:53:30Z" user="야광멧돼지" uid="12393144" lat="35.0137995" lon="126.8027798"/>
 <node id="10005624203" visible="true" version="1" changeset="125882196" timestamp="2022-09-07T04:53:30Z" user="야광멧돼지" uid="12393144" lat="35.0138127" lon="126.8035535"/>
 <node id="10005624204" visible="true" version="1" changeset="125882196" timestamp="2022-09-07T04:53:30Z" user="야광멧돼지" uid="12393144" lat="35.0140462" lon="126.8035557"/>
 <node id="10005624205" visible="true" version="1" changeset="125882196" timestamp="2022-09-07T04:53:30Z" user="야광멧돼지" uid="12393144" lat="35.0140146" lon="126.8037723"/>
 <node id="10005624206" visible="true" version="1" changeset="125882196" timestamp="2022-09-07T04:53:30Z" user="야광멧돼지" uid="12393144" lat="35.0138356" lon="126.8037769"/>
 <node id="10005624207" visible="true" version="1" changeset="125882196" timestamp="2022-09-07T04:53:30Z" user="야광멧돼지" uid="12393144" lat="35.0138318" lon="126.8035531"/>
 <node id="10005624208" visible="true" version="1" changeset="125882196" timestamp="2022-09-07T04:53:30Z" user="야광멧돼지" uid="12393144" lat="35.0140109" lon="126.8035566"/>
 <node id="10005624209" visible="true" version="1" changeset="125882196" timestamp="2022-09-07T04:53:30Z" user="야광멧돼지" uid="12393144" lat="35.0147687" lon="126.8018661"/>
 <node id="10005624210" visible="true" version="2" changeset="144389498" timestamp="2023-11-24T03:22:48Z" user="asdfqwer51" uid="3350410" lat="35.0139614" lon="126.8018723"/>
 <node id="10005624211" visible="true" version="2" changeset="144389498" timestamp="2023-11-24T03:22:48Z" user="asdfqwer51" uid="3350410" lat="35.0139366" lon="126.8019082"/>
 <node id="10005624212" visible="true" version="1" changeset="125882196" timestamp="2022-09-07T04:53:30Z" user="야광멧돼지" uid="12393144" lat="35.0139328" lon="126.8026637"/>
 <node id="10005624213" visible="true" version="1" changeset="125882196" timestamp="2022-09-07T04:53:30Z" user="야광멧돼지" uid="12393144" lat="35.0139546" lon="126.8027002"/>
 <node id="10005624214" visible="true" version="2" changeset="144389498" timestamp="2023-11-24T03:22:48Z" user="asdfqwer51" uid="3350410" lat="35.0141061" lon="126.8027024"/>
 <node id="10005624215" visible="true" version="2" changeset="144389498" timestamp="2023-11-24T03:22:48Z" user="asdfqwer51" uid="3350410" lat="35.0141502" lon="126.8037567"/>
 <node id="10005624216" visible="true" version="1" changeset="125882196" timestamp="2022-09-07T04:53:30Z" user="야광멧돼지" uid="12393144" lat="35.0141912" lon="126.8037827"/>
 <node id="10005624217" visible="true" version="2" changeset="144389498" timestamp="2023-11-24T03:22:48Z" user="asdfqwer51" uid="3350410" lat="35.0146510" lon="126.8037769"/>
 <node id="10005624218" visible="true" version="2" changeset="144389498" timestamp="2023-11-24T03:22:48Z" user="asdfqwer51" uid="3350410" lat="35.0148043" lon="126.8036931"/>
 <node id="10005624219" visible="true" version="2" changeset="144389498" timestamp="2023-11-24T03:22:48Z" user="asdfqwer51" uid="3350410" lat="35.0147962" lon="126.8031718"/>
 <node id="10005624220" visible="true" version="2" changeset="144389498" timestamp="2023-11-24T03:22:48Z" user="asdfqwer51" uid="3350410" lat="35.0144715" lon="126.8031634"/>
 <node id="10005624221" visible="true" version="2" changeset="144389498" timestamp="2023-11-24T03:22:48Z" user="asdfqwer51" uid="3350410" lat="35.0144678" lon="126.8028331"/>
 <node id="10005624222" visible="true" version="2" changeset="144389498" timestamp="2023-11-24T03:22:48Z" user="asdfqwer51" uid="3350410" lat="35.0144429" lon="126.8028282"/>
 <node id="10005624223" visible="true" version="1" changeset="125882196" timestamp="2022-09-07T04:53:30Z" user="야광멧돼지" uid="12393144" lat="35.0142809" lon="126.8028165"/>
 <node id="10005624224" visible="true" version="1" changeset="125882196" timestamp="2022-09-07T04:53:30Z" user="야광멧돼지" uid="12393144" lat="35.0142646" lon="126.8027866"/>
 <node id="10005624225" visible="true" version="2" changeset="144389498" timestamp="2023-11-24T03:22:48Z" user="asdfqwer51" uid="3350410" lat="35.0142676" lon="126.8018667"/>
 <node id="10005624226" visible="true" version="2" changeset="144389498" timestamp="2023-11-24T03:22:48Z" user="asdfqwer51" uid="3350410" lat="35.0141324" lon="126.8031699"/>
 <node id="10005624227" visible="true" version="2" changeset="144389498" timestamp="2023-11-24T03:22:48Z" user="asdfqwer51" uid="3350410" lat="35.0142945" lon="126.8028356"/>
 <node id="10005624228" visible="true" version="2" changeset="144389498" timestamp="2023-11-24T03:22:48Z" user="asdfqwer51" uid="3350410" lat="35.0143159" lon="126.8037818"/>
 <node id="10005624229" visible="true" version="2" changeset="144389498" timestamp="2023-11-24T03:22:48Z" user="asdfqwer51" uid="3350410" lat="35.0146329" lon="126.8031768"/>
 <node id="10005624230" visible="true" version="1" changeset="125882196" timestamp="2022-09-07T04:53:30Z" user="야광멧돼지" uid="12393144" lat="35.0144986" lon="126.8037763"/>
 <node id="10005624231" visible="true" version="2" changeset="144389498" timestamp="2023-11-24T03:22:48Z" user="asdfqwer51" uid="3350410" lat="35.0141023" lon="126.8018742"/>
 <node id="10005624233" visible="true" version="1" changeset="125882196" timestamp="2022-09-07T04:53:30Z" user="야광멧돼지" uid="12393144" lat="35.0142651" lon="126.8027602"/>
 <node id="10005624234" visible="true" version="2" changeset="144389498" timestamp="2023-11-24T03:22:48Z" user="asdfqwer51" uid="3350410" lat="35.0141346" lon="126.8027651"/>
 <node id="10005624235" visible="true" version="1" changeset="125882196" timestamp="2022-09-07T04:53:30Z" user="야광멧돼지" uid="12393144" lat="35.0142723" lon="126.8023485"/>
 <node id="10005624236" visible="true" version="1" changeset="125882196" timestamp="2022-09-07T04:53:30Z" user="야광멧돼지" uid="12393144" lat="35.0139350" lon="126.8023449"/>
 <node id="10005624254" visible="true" version="1" changeset="125882196" timestamp="2022-09-07T04:53:30Z" user="야광멧돼지" uid="12393144" lat="35.0141059" lon="126.8023467"/>
 <node id="10120628595" visible="true" version="1" changeset="127916765" timestamp="2022-10-22T10:41:35Z" user="FUKUTAN" uid="5207199" lat="35.0136212" lon="126.7952594">
  <tag k="crossing" v="marked"/>
  <tag k="highway" v="crossing"/>
 </node>
 <node id="10232344614" visible="true" version="4" changeset="176313032" timestamp="2025-12-23T15:05:33Z" user="aaei924" uid="10626814" lat="35.0141951" lon="126.8063934"/>
 <node id="10232344615" visible="true" version="3" changeset="176313032" timestamp="2025-12-23T15:05:33Z" user="aaei924" uid="10626814" lat="35.0117311" lon="126.8005213"/>
 <node id="10232344616" visible="true" version="2" changeset="176313032" timestamp="2025-12-23T15:05:33Z" user="aaei924" uid="10626814" lat="35.0097815" lon="126.8058361"/>
 <node id="10232370317" visible="true" version="2" changeset="140229198" timestamp="2023-08-22T13:18:26Z" user="야광멧돼지" uid="12393144" lat="35.0111905" lon="126.8068790"/>
 <node id="10232370318" visible="true" version="4" changeset="178340036" timestamp="2026-02-10T05:16:19Z" user="야광멧돼지" uid="12393144" lat="35.0130304" lon="126.8062427"/>
 <node id="10232370319" visible="true" version="2" changeset="176313032" timestamp="2025-12-23T15:05:33Z" user="aaei924" uid="10626814" lat="35.0128719" lon="126.8031981"/>
 <node id="10549110417" visible="true" version="2" changeset="144333236" timestamp="2023-11-22T16:36:43Z" user="asdfqwer51" uid="3350410" lat="35.0202065" lon="126.8011354"/>
 <node id="10617256209" visible="true" version="1" changeset="132233968" timestamp="2023-02-08T03:11:06Z" user="FUKUTAN" uid="5207199" lat="34.9996336" lon="126.8003668"/>
 <node id="10617256210" visible="true" version="1" changeset="132233968" timestamp="2023-02-08T03:11:06Z" user="FUKUTAN" uid="5207199" lat="34.9996903" lon="126.8002398"/>
 <node id="10617256211" visible="true" version="1" changeset="132233968" timestamp="2023-02-08T03:11:06Z" user="FUKUTAN" uid="5207199" lat="34.9998134" lon="126.7999078"/>
 <node id="10617256212" visible="true" version="1" changeset="132233968" timestamp="2023-02-08T03:11:06Z" user="FUKUTAN" uid="5207199" lat="34.9999805" lon="126.7995066"/>
 <node id="10617256213" visible="true" version="1" changeset="132233968" timestamp="2023-02-08T03:11:06Z" user="FUKUTAN" uid="5207199" lat="35.0001193" lon="126.7992293"/>
 <node id="10617256214" visible="true" version="1" changeset="132233968" timestamp="2023-02-08T03:11:06Z" user="FUKUTAN" uid="5207199" lat="35.0001698" lon="126.7991461"/>
 <node id="10617256215" visible="true" version="1" changeset="132233968" timestamp="2023-02-08T03:11:06Z" user="FUKUTAN" uid="5207199" lat="35.0002405" lon="126.7990999"/>
 <node id="10617256216" visible="true" version="1" changeset="132233968" timestamp="2023-02-08T03:11:06Z" user="FUKUTAN" uid="5207199" lat="35.0007528" lon="126.7988534"/>
 <node id="10617256217" visible="true" version="1" changeset="132233968" timestamp="2023-02-08T03:11:06Z" user="FUKUTAN" uid="5207199" lat="35.0009749" lon="126.7987579"/>
 <node id="10617256218" visible="true" version="1" changeset="132233968" timestamp="2023-02-08T03:11:06Z" user="FUKUTAN" uid="5207199" lat="35.0013712" lon="126.7985484"/>
 <node id="10617256219" visible="true" version="1" changeset="132233968" timestamp="2023-02-08T03:11:06Z" user="FUKUTAN" uid="5207199" lat="35.0014721" lon="126.7985360"/>
 <node id="10617256220" visible="true" version="1" changeset="132233968" timestamp="2023-02-08T03:11:06Z" user="FUKUTAN" uid="5207199" lat="35.0017876" lon="126.7984867"/>
 <node id="10617256221" visible="true" version="1" changeset="132233968" timestamp="2023-02-08T03:11:06Z" user="FUKUTAN" uid="5207199" lat="35.0022065" lon="126.7983604"/>
 <node id="10617256222" visible="true" version="1" changeset="132233968" timestamp="2023-02-08T03:11:06Z" user="FUKUTAN" uid="5207199" lat="35.0022621" lon="126.7983481"/>
 <node id="10617256223" visible="true" version="1" changeset="132233968" timestamp="2023-02-08T03:11:06Z" user="FUKUTAN" uid="5207199" lat="35.0023125" lon="126.7983573"/>
 <node id="10617256224" visible="true" version="1" changeset="132233968" timestamp="2023-02-08T03:11:06Z" user="FUKUTAN" uid="5207199" lat="35.0023908" lon="126.7984159"/>
 <node id="10617256225" visible="true" version="1" changeset="132233968" timestamp="2023-02-08T03:11:06Z" user="FUKUTAN" uid="5207199" lat="35.0023536" lon="126.7983781"/>
 <node id="10617256226" visible="true" version="1" changeset="132233968" timestamp="2023-02-08T03:11:06Z" user="FUKUTAN" uid="5207199" lat="35.0024160" lon="126.7984960"/>
 <node id="10617256227" visible="true" version="1" changeset="132233968" timestamp="2023-02-08T03:11:06Z" user="FUKUTAN" uid="5207199" lat="35.0024513" lon="126.7987301"/>
 <node id="10617256228" visible="true" version="1" changeset="132233968" timestamp="2023-02-08T03:11:06Z" user="FUKUTAN" uid="5207199" lat="35.0024539" lon="126.7988996"/>
 <node id="10617256229" visible="true" version="1" changeset="132233968" timestamp="2023-02-08T03:11:06Z" user="FUKUTAN" uid="5207199" lat="35.0024463" lon="126.7990043"/>
 <node id="10617256230" visible="true" version="1" changeset="132233968" timestamp="2023-02-08T03:11:06Z" user="FUKUTAN" uid="5207199" lat="35.0024059" lon="126.7990999"/>
 <node id="10617256231" visible="true" version="1" changeset="132233968" timestamp="2023-02-08T03:11:06Z" user="FUKUTAN" uid="5207199" lat="35.0023630" lon="126.7991553"/>
 <node id="10617256232" visible="true" version="1" changeset="132233968" timestamp="2023-02-08T03:11:06Z" user="FUKUTAN" uid="5207199" lat="35.0024334" lon="126.7990470"/>
 <node id="10617256233" visible="true" version="1" changeset="132233968" timestamp="2023-02-08T03:11:06Z" user="FUKUTAN" uid="5207199" lat="35.0022797" lon="126.7992139"/>
 <node id="10617256234" visible="true" version="1" changeset="132233968" timestamp="2023-02-08T03:11:06Z" user="FUKUTAN" uid="5207199" lat="35.0021283" lon="126.7993063"/>
 <node id="10617256235" visible="true" version="1" changeset="132233968" timestamp="2023-02-08T03:11:06Z" user="FUKUTAN" uid="5207199" lat="35.0020677" lon="126.7993710"/>
 <node id="10617256236" visible="true" version="1" changeset="132233968" timestamp="2023-02-08T03:11:06Z" user="FUKUTAN" uid="5207199" lat="35.0019592" lon="126.7995127"/>
 <node id="10617256237" visible="true" version="1" changeset="132233968" timestamp="2023-02-08T03:11:06Z" user="FUKUTAN" uid="5207199" lat="35.0015403" lon="126.8001875"/>
 <node id="10617256238" visible="true" version="1" changeset="132233968" timestamp="2023-02-08T03:11:06Z" user="FUKUTAN" uid="5207199" lat="35.0015074" lon="126.8002614"/>
 <node id="10617256239" visible="true" version="1" changeset="132233968" timestamp="2023-02-08T03:11:06Z" user="FUKUTAN" uid="5207199" lat="35.0015175" lon="126.8005572"/>
 <node id="10617256240" visible="true" version="1" changeset="132233968" timestamp="2023-02-08T03:11:06Z" user="FUKUTAN" uid="5207199" lat="35.0015579" lon="126.8009084"/>
 <node id="10617256241" visible="true" version="1" changeset="132233968" timestamp="2023-02-08T03:11:06Z" user="FUKUTAN" uid="5207199" lat="35.0015756" lon="126.8009639"/>
 <node id="10617256242" visible="true" version="1" changeset="132233968" timestamp="2023-02-08T03:11:06Z" user="FUKUTAN" uid="5207199" lat="35.0017018" lon="126.8009947"/>
 <node id="10617256243" visible="true" version="1" changeset="132233968" timestamp="2023-02-08T03:11:06Z" user="FUKUTAN" uid="5207199" lat="35.0018355" lon="126.8010009"/>
 <node id="10617256244" visible="true" version="1" changeset="132233968" timestamp="2023-02-08T03:11:06Z" user="FUKUTAN" uid="5207199" lat="35.0024034" lon="126.8009793"/>
 <node id="10617256245" visible="true" version="1" changeset="132233968" timestamp="2023-02-08T03:11:06Z" user="FUKUTAN" uid="5207199" lat="35.0024412" lon="126.8009885"/>
 <node id="10617256246" visible="true" version="1" changeset="132233968" timestamp="2023-02-08T03:11:06Z" user="FUKUTAN" uid="5207199" lat="35.0024841" lon="126.8010039"/>
 <node id="10617256247" visible="true" version="1" changeset="132233968" timestamp="2023-02-08T03:11:06Z" user="FUKUTAN" uid="5207199" lat="35.0025144" lon="126.8010317"/>
 <node id="10617256248" visible="true" version="1" changeset="132233968" timestamp="2023-02-08T03:11:06Z" user="FUKUTAN" uid="5207199" lat="35.0025271" lon="126.8010810"/>
 <node id="10617256249" visible="true" version="1" changeset="132233968" timestamp="2023-02-08T03:11:06Z" user="FUKUTAN" uid="5207199" lat="35.0025321" lon="126.8012966"/>
 <node id="10617256250" visible="true" version="1" changeset="132233968" timestamp="2023-02-08T03:11:06Z" user="FUKUTAN" uid="5207199" lat="35.0025327" lon="126.8015590"/>
 <node id="10617256251" visible="true" version="1" changeset="132233968" timestamp="2023-02-08T03:11:06Z" user="FUKUTAN" uid="5207199" lat="35.0025725" lon="126.8016849"/>
 <node id="10617256252" visible="true" version="1" changeset="132233968" timestamp="2023-02-08T03:11:06Z" user="FUKUTAN" uid="5207199" lat="35.0029788" lon="126.8024613"/>
 <node id="10617256253" visible="true" version="1" changeset="132233968" timestamp="2023-02-08T03:11:06Z" user="FUKUTAN" uid="5207199" lat="35.0032791" lon="126.8029820"/>
 <node id="10617256254" visible="true" version="1" changeset="132233968" timestamp="2023-02-08T03:11:06Z" user="FUKUTAN" uid="5207199" lat="35.0033170" lon="126.8030652"/>
 <node id="10617256255" visible="true" version="1" changeset="132233968" timestamp="2023-02-08T03:11:06Z" user="FUKUTAN" uid="5207199" lat="35.0032943" lon="126.8035335"/>
 <node id="10617256256" visible="true" version="1" changeset="132233968" timestamp="2023-02-08T03:11:06Z" user="FUKUTAN" uid="5207199" lat="35.0032892" lon="126.8037892"/>
 <node id="10617256257" visible="true" version="2" changeset="172491283" timestamp="2025-09-26T15:22:32Z" user="FUKUTAN" uid="5207199" lat="35.0033027" lon="126.8041130"/>
 <node id="10617256258" visible="true" version="1" changeset="132233968" timestamp="2023-02-08T03:11:06Z" user="FUKUTAN" uid="5207199" lat="35.0033018" lon="126.8042606"/>
 <node id="10617256259" visible="true" version="2" changeset="172491283" timestamp="2025-09-26T15:22:32Z" user="FUKUTAN" uid="5207199" lat="35.0032876" lon="126.8045845"/>
 <node id="10617256260" visible="true" version="2" changeset="172491283" timestamp="2025-09-26T15:22:32Z" user="FUKUTAN" uid="5207199" lat="35.0032305" lon="126.8048315"/>
 <node id="10617256261" visible="true" version="1" changeset="132233968" timestamp="2023-02-08T03:11:06Z" user="FUKUTAN" uid="5207199" lat="35.0029150" lon="126.8023393"/>
 <node id="10666258603" visible="true" version="2" changeset="144335329" timestamp="2023-11-22T17:21:04Z" user="asdfqwer51" uid="3350410" lat="35.0129743" lon="126.8006881">
  <tag k="bus" v="yes"/>
  <tag k="departures_board" v="realtime"/>
  <tag k="highway" v="bus_stop"/>
  <tag k="name" v="한국에너지공과대학입구"/>
  <tag k="name:en" v="Korea Institute of Energy Technology Entrance"/>
  <tag k="operator" v="나주시"/>
  <tag k="public_transport" v="platform"/>
  <tag k="ref" v="2907"/>
  <tag k="shelter" v="yes"/>
 </node>
 <node id="10666258604" visible="true" version="2" changeset="144335329" timestamp="2023-11-22T17:21:04Z" user="asdfqwer51" uid="3350410" lat="35.0127718" lon="126.8003161">
  <tag k="bus" v="yes"/>
  <tag k="departures_board" v="realtime"/>
  <tag k="highway" v="bus_stop"/>
  <tag k="name" v="한국에너지공과대학입구"/>
  <tag k="name:en" v="Korea Institute of Energy Technology Entrance"/>
  <tag k="operator" v="나주시"/>
  <tag k="public_transport" v="platform"/>
  <tag k="ref" v="2908"/>
  <tag k="shelter" v="yes"/>
 </node>
 <node id="10729284652" visible="true" version="1" changeset="133576767" timestamp="2023-03-12T08:09:37Z" user="FUKUTAN" uid="5207199" lat="35.0136274" lon="126.7971320"/>
 <node id="10729284653" visible="true" version="1" changeset="133576767" timestamp="2023-03-12T08:09:37Z" user="FUKUTAN" uid="5207199" lat="35.0139169" lon="126.7971284"/>
 <node id="10729284654" visible="true" version="1" changeset="133576767" timestamp="2023-03-12T08:09:37Z" user="FUKUTAN" uid="5207199" lat="35.0139719" lon="126.7970966"/>
 <node id="10729284655" visible="true" version="1" changeset="133576767" timestamp="2023-03-12T08:09:37Z" user="FUKUTAN" uid="5207199" lat="35.0150285" lon="126.7970824"/>
 <node id="10729284656" visible="true" version="1" changeset="133576767" timestamp="2023-03-12T08:09:37Z" user="FUKUTAN" uid="5207199" lat="35.0150314" lon="126.7980362"/>
 <node id="10729284657" visible="true" version="1" changeset="133576767" timestamp="2023-03-12T08:09:37Z" user="FUKUTAN" uid="5207199" lat="35.0137677" lon="126.7971303">
  <tag k="highway" v="crossing"/>
 </node>
 <node id="10729284658" visible="true" version="1" changeset="133576767" timestamp="2023-03-12T08:09:37Z" user="FUKUTAN" uid="5207199" lat="35.0132618" lon="126.7971391"/>
 <node id="10729284659" visible="true" version="1" changeset="133576767" timestamp="2023-03-12T08:09:37Z" user="FUKUTAN" uid="5207199" lat="35.0132690" lon="126.7980734"/>
 <node id="10729284660" visible="true" version="1" changeset="133576767" timestamp="2023-03-12T08:09:37Z" user="FUKUTAN" uid="5207199" lat="35.0134848" lon="126.7971347">
  <tag k="crossing" v="marked"/>
  <tag k="highway" v="crossing"/>
 </node>
 <node id="10729284661" visible="true" version="2" changeset="176313032" timestamp="2025-12-23T15:05:33Z" user="aaei924" uid="10626814" lat="35.0135784" lon="126.8037173"/>
 <node id="10729284662" visible="true" version="2" changeset="176313032" timestamp="2025-12-23T15:05:33Z" user="aaei924" uid="10626814" lat="35.0136061" lon="126.8039140"/>
 <node id="10729284663" visible="true" version="2" changeset="176313032" timestamp="2025-12-23T15:05:33Z" user="aaei924" uid="10626814" lat="35.0141377" lon="126.8053753"/>
 <node id="10729284664" visible="true" version="2" changeset="176313032" timestamp="2025-12-23T15:05:33Z" user="aaei924" uid="10626814" lat="35.0141822" lon="126.8055574"/>
 <node id="10729284665" visible="true" version="2" changeset="144389498" timestamp="2023-11-24T03:22:48Z" user="asdfqwer51" uid="3350410" lat="35.0138450" lon="126.8076065"/>
 <node id="11136247816" visible="true" version="2" changeset="176313032" timestamp="2025-12-23T15:05:33Z" user="aaei924" uid="10626814" lat="35.0106671" lon="126.8036652"/>
 <node id="11136247817" visible="true" version="2" changeset="176313032" timestamp="2025-12-23T15:05:33Z" user="aaei924" uid="10626814" lat="35.0104359" lon="126.8036708"/>
 <node id="11136247818" visible="true" version="2" changeset="176313032" timestamp="2025-12-23T15:05:33Z" user="aaei924" uid="10626814" lat="35.0104527" lon="126.8044289"/>
 <node id="11136247819" visible="true" version="2" changeset="176313032" timestamp="2025-12-23T15:05:33Z" user="aaei924" uid="10626814" lat="35.0111480" lon="126.8044082"/>
 <node id="11136247820" visible="true" version="2" changeset="176313032" timestamp="2025-12-23T15:05:33Z" user="aaei924" uid="10626814" lat="35.0115005" lon="126.8036439"/>
 <node id="11136247821" visible="true" version="2" changeset="176313032" timestamp="2025-12-23T15:05:33Z" user="aaei924" uid="10626814" lat="35.0109615" lon="126.8032232"/>
 <node id="11136247822" visible="true" version="2" changeset="176313032" timestamp="2025-12-23T15:05:33Z" user="aaei924" uid="10626814" lat="35.0107911" lon="126.8035789"/>
 <node id="11136247823" visible="true" version="2" changeset="176313032" timestamp="2025-12-23T15:05:33Z" user="aaei924" uid="10626814" lat="35.0111433" lon="126.8038228"/>
 <node id="11136247824" visible="true" version="2" changeset="176313032" timestamp="2025-12-23T15:05:33Z" user="aaei924" uid="10626814" lat="35.0110003" lon="126.8041402"/>
 <node id="11136247825" visible="true" version="2" changeset="176313032" timestamp="2025-12-23T15:05:33Z" user="aaei924" uid="10626814" lat="35.0106804" lon="126.8041424"/>
 <node id="11136247827" visible="true" version="1" changeset="140229198" timestamp="2023-08-22T13:18:26Z" user="야광멧돼지" uid="12393144" lat="35.0111456" lon="126.8011758"/>
 <node id="11136247828" visible="true" version="1" changeset="140229198" timestamp="2023-08-22T13:18:26Z" user="야광멧돼지" uid="12393144" lat="35.0101940" lon="126.8011734"/>
 <node id="11136247829" visible="true" version="1" changeset="140229198" timestamp="2023-08-22T13:18:26Z" user="야광멧돼지" uid="12393144" lat="35.0101926" lon="126.8019598"/>
 <node id="11136247830" visible="true" version="1" changeset="140229198" timestamp="2023-08-22T13:18:26Z" user="야광멧돼지" uid="12393144" lat="35.0111442" lon="126.8019624"/>
 <node id="11136247831" visible="true" version="1" changeset="140229198" timestamp="2023-08-22T13:18:26Z" user="야광멧돼지" uid="12393144" lat="35.0111145" lon="126.8025063"/>
 <node id="11136247832" visible="true" version="1" changeset="140229198" timestamp="2023-08-22T13:18:26Z" user="야광멧돼지" uid="12393144" lat="35.0111122" lon="126.8022175"/>
 <node id="11136247833" visible="true" version="1" changeset="140229198" timestamp="2023-08-22T13:18:26Z" user="야광멧돼지" uid="12393144" lat="35.0102744" lon="126.8022285"/>
 <node id="11136247834" visible="true" version="1" changeset="140229198" timestamp="2023-08-22T13:18:26Z" user="야광멧돼지" uid="12393144" lat="35.0102653" lon="126.8025970"/>
 <node id="11136247835" visible="true" version="1" changeset="140229198" timestamp="2023-08-22T13:18:26Z" user="야광멧돼지" uid="12393144" lat="35.0106302" lon="126.8025943"/>
 <node id="11136247836" visible="true" version="1" changeset="140229198" timestamp="2023-08-22T13:18:26Z" user="야광멧돼지" uid="12393144" lat="35.0108059" lon="126.8025833"/>
 <node id="11228765657" visible="true" version="2" changeset="183872037" timestamp="2026-06-09T11:55:14Z" user="야광멧돼지" uid="12393144" lat="35.0051574" lon="126.8084142"/>
 <node id="11228765658" visible="true" version="2" changeset="183872037" timestamp="2026-06-09T11:55:14Z" user="야광멧돼지" uid="12393144" lat="35.0053904" lon="126.8080667"/>
 <node id="11228765659" visible="true" version="2" changeset="183872037" timestamp="2026-06-09T11:55:14Z" user="야광멧돼지" uid="12393144" lat="35.0055439" lon="126.8078577"/>
 <node id="11247572816" visible="true" version="1" changeset="142293243" timestamp="2023-10-08T07:35:55Z" user="FUKUTAN" uid="5207199" lat="35.0186162" lon="126.8088977"/>
 <node id="11369050672" visible="true" version="3" changeset="174046299" timestamp="2025-11-01T05:13:14Z" user="torisugari" uid="22158042" lat="35.0095511" lon="126.8028731">
  <tag k="bus" v="yes"/>
  <tag k="highway" v="bus_stop"/>
  <tag k="name" v="한국에너지공과대학교"/>
  <tag k="name:en" v="Kentech"/>
  <tag k="name:ko" v="한국에너지공과대학교"/>
  <tag k="operator" v="나주시"/>
  <tag k="public_transport" v="platform"/>
 </node>
 <node id="11369050673" visible="true" version="1" changeset="144335329" timestamp="2023-11-22T17:21:04Z" user="asdfqwer51" uid="3350410" lat="35.0095651" lon="126.8031985"/>
 <node id="11369050674" visible="true" version="1" changeset="144335329" timestamp="2023-11-22T17:21:04Z" user="asdfqwer51" uid="3350410" lat="35.0096025" lon="126.8032185"/>
 <node id="11369050675" visible="true" version="2" changeset="178340036" timestamp="2026-02-10T05:16:19Z" user="야광멧돼지" uid="12393144" lat="35.0096400" lon="126.8032540"/>
 <node id="11369050676" visible="true" version="2" changeset="178340036" timestamp="2026-02-10T05:16:19Z" user="야광멧돼지" uid="12393144" lat="35.0096488" lon="126.8035393"/>
 <node id="11369050677" visible="true" version="2" changeset="178340036" timestamp="2026-02-10T05:16:19Z" user="야광멧돼지" uid="12393144" lat="35.0096386" lon="126.8035565"/>
 <node id="11369050678" visible="true" version="3" changeset="178340036" timestamp="2026-02-10T05:16:19Z" user="야광멧돼지" uid="12393144" lat="35.0093552" lon="126.8035538"/>
 <node id="11369050679" visible="true" version="3" changeset="178340036" timestamp="2026-02-10T05:16:19Z" user="야광멧돼지" uid="12393144" lat="35.0093505" lon="126.8030647"/>
 <node id="11372463037" visible="true" version="1" changeset="144389498" timestamp="2023-11-24T03:22:48Z" user="asdfqwer51" uid="3350410" lat="35.0137511" lon="126.8006743"/>
 <node id="11372463038" visible="true" version="1" changeset="144389498" timestamp="2023-11-24T03:22:48Z" user="asdfqwer51" uid="3350410" lat="35.0137277" lon="126.8007278"/>
 <node id="11372463039" visible="true" version="1" changeset="144389498" timestamp="2023-11-24T03:22:48Z" user="asdfqwer51" uid="3350410" lat="35.0137248" lon="126.8031863"/>
 <node id="11372463040" visible="true" version="1" changeset="144389498" timestamp="2023-11-24T03:22:48Z" user="asdfqwer51" uid="3350410" lat="35.0137277" lon="126.8035609"/>
 <node id="11372463041" visible="true" version="1" changeset="144389498" timestamp="2023-11-24T03:22:48Z" user="asdfqwer51" uid="3350410" lat="35.0137336" lon="126.8037429"/>
 <node id="11372463042" visible="true" version="1" changeset="144389498" timestamp="2023-11-24T03:22:48Z" user="asdfqwer51" uid="3350410" lat="35.0137599" lon="126.8038000"/>
 <node id="11372463043" visible="true" version="1" changeset="144389498" timestamp="2023-11-24T03:22:48Z" user="asdfqwer51" uid="3350410" lat="35.0139499" lon="126.8039188"/>
 <node id="11372463044" visible="true" version="1" changeset="144389498" timestamp="2023-11-24T03:22:48Z" user="asdfqwer51" uid="3350410" lat="35.0146295" lon="126.8039270"/>
 <node id="11372463045" visible="true" version="1" changeset="144389498" timestamp="2023-11-24T03:22:48Z" user="asdfqwer51" uid="3350410" lat="35.0149381" lon="126.8036436"/>
 <node id="11372463046" visible="true" version="1" changeset="144389498" timestamp="2023-11-24T03:22:48Z" user="asdfqwer51" uid="3350410" lat="35.0149316" lon="126.8030211"/>
 <node id="11372463047" visible="true" version="1" changeset="144389498" timestamp="2023-11-24T03:22:48Z" user="asdfqwer51" uid="3350410" lat="35.0150574" lon="126.8028687"/>
 <node id="11372463048" visible="true" version="1" changeset="144389498" timestamp="2023-11-24T03:22:48Z" user="asdfqwer51" uid="3350410" lat="35.0151567" lon="126.8025012"/>
 <node id="11372463049" visible="true" version="1" changeset="144389498" timestamp="2023-11-24T03:22:48Z" user="asdfqwer51" uid="3350410" lat="35.0151129" lon="126.8024370"/>
 <node id="11372463050" visible="true" version="1" changeset="144389498" timestamp="2023-11-24T03:22:48Z" user="asdfqwer51" uid="3350410" lat="35.0151188" lon="126.8019517"/>
 <node id="11372463051" visible="true" version="1" changeset="144389498" timestamp="2023-11-24T03:22:48Z" user="asdfqwer51" uid="3350410" lat="35.0147944" lon="126.8017126"/>
 <node id="11372463052" visible="true" version="1" changeset="144389498" timestamp="2023-11-24T03:22:48Z" user="asdfqwer51" uid="3350410" lat="35.0150925" lon="126.8011346"/>
 <node id="11372463053" visible="true" version="1" changeset="144389498" timestamp="2023-11-24T03:22:48Z" user="asdfqwer51" uid="3350410" lat="35.0151655" lon="126.8009598"/>
 <node id="11372463054" visible="true" version="1" changeset="144389498" timestamp="2023-11-24T03:22:48Z" user="asdfqwer51" uid="3350410" lat="35.0151860" lon="126.8008456"/>
 <node id="11372463055" visible="true" version="1" changeset="144389498" timestamp="2023-11-24T03:22:48Z" user="asdfqwer51" uid="3350410" lat="35.0151626" lon="126.8007742"/>
 <node id="11372463056" visible="true" version="1" changeset="144389498" timestamp="2023-11-24T03:22:48Z" user="asdfqwer51" uid="3350410" lat="35.0151100" lon="126.8006850"/>
 <node id="11372463057" visible="true" version="1" changeset="144389498" timestamp="2023-11-24T03:22:48Z" user="asdfqwer51" uid="3350410" lat="35.0147725" lon="126.8006762"/>
 <node id="11372521275" visible="true" version="1" changeset="144389498" timestamp="2023-11-24T03:22:48Z" user="asdfqwer51" uid="3350410" lat="35.0143402" lon="126.8019703"/>
 <node id="11372521276" visible="true" version="1" changeset="144389498" timestamp="2023-11-24T03:22:48Z" user="asdfqwer51" uid="3350410" lat="35.0142933" lon="126.8019709"/>
 <node id="11372521277" visible="true" version="1" changeset="144389498" timestamp="2023-11-24T03:22:48Z" user="asdfqwer51" uid="3350410" lat="35.0142920" lon="126.8018338"/>
 <node id="11372521278" visible="true" version="1" changeset="144389498" timestamp="2023-11-24T03:22:48Z" user="asdfqwer51" uid="3350410" lat="35.0139280" lon="126.8018390"/>
 <node id="11372521279" visible="true" version="1" changeset="144389498" timestamp="2023-11-24T03:22:48Z" user="asdfqwer51" uid="3350410" lat="35.0139067" lon="126.8018660"/>
 <node id="11372521280" visible="true" version="1" changeset="144389498" timestamp="2023-11-24T03:22:48Z" user="asdfqwer51" uid="3350410" lat="35.0139067" lon="126.8019460"/>
 <node id="11372521281" visible="true" version="1" changeset="144389498" timestamp="2023-11-24T03:22:48Z" user="asdfqwer51" uid="3350410" lat="35.0138595" lon="126.8019460"/>
 <node id="11372521282" visible="true" version="1" changeset="144389498" timestamp="2023-11-24T03:22:48Z" user="asdfqwer51" uid="3350410" lat="35.0138593" lon="126.8026758"/>
 <node id="11372521283" visible="true" version="1" changeset="144389498" timestamp="2023-11-24T03:22:48Z" user="asdfqwer51" uid="3350410" lat="35.0139000" lon="126.8026758"/>
 <node id="11372521284" visible="true" version="1" changeset="144389498" timestamp="2023-11-24T03:22:48Z" user="asdfqwer51" uid="3350410" lat="35.0139241" lon="126.8027441"/>
 <node id="11372521285" visible="true" version="1" changeset="144389498" timestamp="2023-11-24T03:22:48Z" user="asdfqwer51" uid="3350410" lat="35.0143474" lon="126.8027382"/>
 <node id="11372521362" visible="true" version="1" changeset="144389498" timestamp="2023-11-24T03:22:48Z" user="asdfqwer51" uid="3350410" lat="35.0149333" lon="126.8036913"/>
 <node id="11372521363" visible="true" version="1" changeset="144389498" timestamp="2023-11-24T03:22:48Z" user="asdfqwer51" uid="3350410" lat="35.0148523" lon="126.8038035"/>
 <node id="11372521364" visible="true" version="1" changeset="144389498" timestamp="2023-11-24T03:22:48Z" user="asdfqwer51" uid="3350410" lat="35.0148291" lon="126.8038297"/>
 <node id="11372521365" visible="true" version="1" changeset="144389498" timestamp="2023-11-24T03:22:48Z" user="asdfqwer51" uid="3350410" lat="35.0139154" lon="126.8039185"/>
 <node id="11372883780" visible="true" version="1" changeset="144397454" timestamp="2023-11-24T08:19:48Z" user="asdfqwer51" uid="3350410" lat="35.0137584" lon="126.7991443">
  <tag k="bus" v="yes"/>
  <tag k="highway" v="bus_stop"/>
  <tag k="name" v="금천중학교"/>
  <tag k="name:en" v="Geumcheon Middle School"/>
  <tag k="name:ko" v="금천중학교"/>
  <tag k="public_transport" v="platform"/>
  <tag k="ref" v="2891"/>
 </node>
 <node id="11372883781" visible="true" version="1" changeset="144397454" timestamp="2023-11-24T08:19:48Z" user="asdfqwer51" uid="3350410" lat="35.0134634" lon="126.7993420">
  <tag k="bus" v="yes"/>
  <tag k="highway" v="bus_stop"/>
  <tag k="name" v="금천중학교"/>
  <tag k="name:en" v="Geumcheon Middle School"/>
  <tag k="name:ko" v="금천중학교"/>
  <tag k="public_transport" v="platform"/>
  <tag k="ref" v="2892"/>
 </node>
 <node id="11372883782" visible="true" version="1" changeset="144397454" timestamp="2023-11-24T08:19:48Z" user="asdfqwer51" uid="3350410" lat="35.0134626" lon="126.8001624"/>
 <node id="11372883783" visible="true" version="1" changeset="144397454" timestamp="2023-11-24T08:19:48Z" user="asdfqwer51" uid="3350410" lat="35.0097065" lon="126.7981303"/>
 <node id="11755709290" visible="true" version="2" changeset="178340036" timestamp="2026-02-10T05:16:19Z" user="야광멧돼지" uid="12393144" lat="35.0131275" lon="126.8026657"/>
 <node id="11755709291" visible="true" version="2" changeset="178340036" timestamp="2026-02-10T05:16:19Z" user="야광멧돼지" uid="12393144" lat="35.0131335" lon="126.8032784"/>
 <node id="11755709292" visible="true" version="2" changeset="178340036" timestamp="2026-02-10T05:16:19Z" user="야광멧돼지" uid="12393144" lat="35.0133190" lon="126.8032757"/>
 <node id="11755709293" visible="true" version="2" changeset="178340036" timestamp="2026-02-10T05:16:19Z" user="야광멧돼지" uid="12393144" lat="35.0133130" lon="126.8026630"/>
 <node id="11755709294" visible="true" version="1" changeset="149056072" timestamp="2024-03-23T15:30:19Z" user="야광멧돼지" uid="12393144" lat="35.0139627" lon="126.8066480"/>
 <node id="11755709295" visible="true" version="1" changeset="149056072" timestamp="2024-03-23T15:30:19Z" user="야광멧돼지" uid="12393144" lat="35.0139641" lon="126.8070360"/>
 <node id="11755709296" visible="true" version="1" changeset="149056072" timestamp="2024-03-23T15:30:19Z" user="야광멧돼지" uid="12393144" lat="35.0136519" lon="126.8070376"/>
 <node id="11755709297" visible="true" version="1" changeset="149056072" timestamp="2024-03-23T15:30:19Z" user="야광멧돼지" uid="12393144" lat="35.0136505" lon="126.8066496"/>
 <node id="11755709298" visible="true" version="1" changeset="149056072" timestamp="2024-03-23T15:30:19Z" user="야광멧돼지" uid="12393144" lat="35.0085608" lon="126.8022195"/>
 <node id="11755709299" visible="true" version="1" changeset="149056072" timestamp="2024-03-23T15:30:19Z" user="야광멧돼지" uid="12393144" lat="35.0085938" lon="126.8023421"/>
 <node id="11755709300" visible="true" version="1" changeset="149056072" timestamp="2024-03-23T15:30:19Z" user="야광멧돼지" uid="12393144" lat="35.0097251" lon="126.8030282"/>
 <node id="11755709301" visible="true" version="1" changeset="149056072" timestamp="2024-03-23T15:30:19Z" user="야광멧돼지" uid="12393144" lat="35.0098719" lon="126.8029788"/>
 <node id="11755709302" visible="true" version="1" changeset="149056072" timestamp="2024-03-23T15:30:19Z" user="야광멧돼지" uid="12393144" lat="35.0106047" lon="126.8027062"/>
 <node id="11755709303" visible="true" version="1" changeset="149056072" timestamp="2024-03-23T15:30:19Z" user="야광멧돼지" uid="12393144" lat="35.0105867" lon="126.8026641"/>
 <node id="11755709304" visible="true" version="1" changeset="149056072" timestamp="2024-03-23T15:30:19Z" user="야광멧돼지" uid="12393144" lat="35.0103080" lon="126.8026623"/>
 <node id="11755709305" visible="true" version="1" changeset="149056072" timestamp="2024-03-23T15:30:19Z" user="야광멧돼지" uid="12393144" lat="35.0103080" lon="126.8026275"/>
 <node id="11755709306" visible="true" version="1" changeset="149056072" timestamp="2024-03-23T15:30:19Z" user="야광멧돼지" uid="12393144" lat="35.0102061" lon="126.8026293"/>
 <node id="11755709307" visible="true" version="1" changeset="149056072" timestamp="2024-03-23T15:30:19Z" user="야광멧돼지" uid="12393144" lat="35.0102121" lon="126.8023165"/>
 <node id="11755709308" visible="true" version="1" changeset="149056072" timestamp="2024-03-23T15:30:19Z" user="야광멧돼지" uid="12393144" lat="35.0101686" lon="126.8023128"/>
 <node id="11755709309" visible="true" version="1" changeset="149056072" timestamp="2024-03-23T15:30:19Z" user="야광멧돼지" uid="12393144" lat="35.0101746" lon="126.8022140"/>
 <node id="11755709310" visible="true" version="1" changeset="149056072" timestamp="2024-03-23T15:30:19Z" user="야광멧돼지" uid="12393144" lat="35.0098600" lon="126.8022159"/>
 <node id="11755709311" visible="true" version="1" changeset="149056072" timestamp="2024-03-23T15:30:19Z" user="야광멧돼지" uid="12393144" lat="35.0098585" lon="126.8017878"/>
 <node id="11755709312" visible="true" version="1" changeset="149056072" timestamp="2024-03-23T15:30:19Z" user="야광멧돼지" uid="12393144" lat="35.0098045" lon="126.8017567"/>
 <node id="11755709313" visible="true" version="1" changeset="149056072" timestamp="2024-03-23T15:30:19Z" user="야광멧돼지" uid="12393144" lat="35.0097985" lon="126.8011694"/>
 <node id="11755709314" visible="true" version="1" changeset="149056072" timestamp="2024-03-23T15:30:19Z" user="야광멧돼지" uid="12393144" lat="35.0099109" lon="126.8011219"/>
 <node id="11755709315" visible="true" version="1" changeset="149056072" timestamp="2024-03-23T15:30:19Z" user="야광멧돼지" uid="12393144" lat="35.0100383" lon="126.8010560"/>
 <node id="11755709316" visible="true" version="1" changeset="149056072" timestamp="2024-03-23T15:30:19Z" user="야광멧돼지" uid="12393144" lat="35.0101581" lon="126.8009755"/>
 <node id="11755709317" visible="true" version="1" changeset="149056072" timestamp="2024-03-23T15:30:19Z" user="야광멧돼지" uid="12393144" lat="35.0102780" lon="126.8009279"/>
 <node id="11755709318" visible="true" version="1" changeset="149056072" timestamp="2024-03-23T15:30:19Z" user="야광멧돼지" uid="12393144" lat="35.0104384" lon="126.8009023"/>
 <node id="11755709319" visible="true" version="1" changeset="149056072" timestamp="2024-03-23T15:30:19Z" user="야광멧돼지" uid="12393144" lat="35.0105073" lon="126.8008749"/>
 <node id="11755709320" visible="true" version="1" changeset="149056072" timestamp="2024-03-23T15:30:19Z" user="야광멧돼지" uid="12393144" lat="35.0106331" lon="126.8008218"/>
 <node id="11755709321" visible="true" version="1" changeset="149056072" timestamp="2024-03-23T15:30:19Z" user="야광멧돼지" uid="12393144" lat="35.0107320" lon="126.8008182"/>
 <node id="11755709322" visible="true" version="1" changeset="149056072" timestamp="2024-03-23T15:30:19Z" user="야광멧돼지" uid="12393144" lat="35.0109089" lon="126.8008785"/>
 <node id="11755709323" visible="true" version="1" changeset="149056072" timestamp="2024-03-23T15:30:19Z" user="야광멧돼지" uid="12393144" lat="35.0110018" lon="126.8008877"/>
 <node id="11755709324" visible="true" version="1" changeset="149056072" timestamp="2024-03-23T15:30:19Z" user="야광멧돼지" uid="12393144" lat="35.0111111" lon="126.8008493"/>
 <node id="11755709325" visible="true" version="1" changeset="149056072" timestamp="2024-03-23T15:30:19Z" user="야광멧돼지" uid="12393144" lat="35.0112010" lon="126.8008255"/>
 <node id="11755709326" visible="true" version="1" changeset="149056072" timestamp="2024-03-23T15:30:19Z" user="야광멧돼지" uid="12393144" lat="35.0113389" lon="126.8008548"/>
 <node id="11755709327" visible="true" version="1" changeset="149056072" timestamp="2024-03-23T15:30:19Z" user="야광멧돼지" uid="12393144" lat="35.0114453" lon="126.8008749"/>
 <node id="11755709328" visible="true" version="1" changeset="149056072" timestamp="2024-03-23T15:30:19Z" user="야광멧돼지" uid="12393144" lat="35.0114962" lon="126.8008419"/>
 <node id="11755709329" visible="true" version="1" changeset="149056072" timestamp="2024-03-23T15:30:19Z" user="야광멧돼지" uid="12393144" lat="35.0115652" lon="126.8007633"/>
 <node id="11755709330" visible="true" version="1" changeset="149056072" timestamp="2024-03-23T15:30:19Z" user="야광멧돼지" uid="12393144" lat="35.0116401" lon="126.8006663"/>
 <node id="11755709331" visible="true" version="1" changeset="149056072" timestamp="2024-03-23T15:30:19Z" user="야광멧돼지" uid="12393144" lat="35.0116251" lon="126.8006462"/>
 <node id="11755709332" visible="true" version="1" changeset="149056072" timestamp="2024-03-23T15:30:19Z" user="야광멧돼지" uid="12393144" lat="35.0114782" lon="126.8009920"/>
 <node id="11755709333" visible="true" version="1" changeset="149056072" timestamp="2024-03-23T15:30:19Z" user="야광멧돼지" uid="12393144" lat="35.0114753" lon="126.8010450"/>
 <node id="11755709334" visible="true" version="1" changeset="149056072" timestamp="2024-03-23T15:30:19Z" user="야광멧돼지" uid="12393144" lat="35.0114753" lon="126.8011328"/>
 <node id="11755709335" visible="true" version="1" changeset="149056072" timestamp="2024-03-23T15:30:19Z" user="야광멧돼지" uid="12393144" lat="35.0114678" lon="126.8012243"/>
 <node id="11755709336" visible="true" version="1" changeset="149056072" timestamp="2024-03-23T15:30:19Z" user="야광멧돼지" uid="12393144" lat="35.0114782" lon="126.8013322"/>
 <node id="11755709337" visible="true" version="1" changeset="149056072" timestamp="2024-03-23T15:30:19Z" user="야광멧돼지" uid="12393144" lat="35.0115037" lon="126.8014493"/>
 <node id="11755709338" visible="true" version="1" changeset="149056072" timestamp="2024-03-23T15:30:19Z" user="야광멧돼지" uid="12393144" lat="35.0115142" lon="126.8015609"/>
 <node id="11755709339" visible="true" version="1" changeset="149056072" timestamp="2024-03-23T15:30:19Z" user="야광멧돼지" uid="12393144" lat="35.0115052" lon="126.8016762"/>
 <node id="11755709340" visible="true" version="1" changeset="149056072" timestamp="2024-03-23T15:30:19Z" user="야광멧돼지" uid="12393144" lat="35.0114767" lon="126.8017933"/>
 <node id="11755709341" visible="true" version="1" changeset="149056072" timestamp="2024-03-23T15:30:19Z" user="야광멧돼지" uid="12393144" lat="35.0114168" lon="126.8019232"/>
 <node id="11755709342" visible="true" version="1" changeset="149056072" timestamp="2024-03-23T15:30:19Z" user="야광멧돼지" uid="12393144" lat="35.0113398" lon="126.8020723"/>
 <node id="11755709343" visible="true" version="1" changeset="149056072" timestamp="2024-03-23T15:30:19Z" user="야광멧돼지" uid="12393144" lat="35.0113209" lon="126.8021317"/>
 <node id="11755709344" visible="true" version="1" changeset="149056072" timestamp="2024-03-23T15:30:19Z" user="야광멧돼지" uid="12393144" lat="35.0112954" lon="126.8022433"/>
 <node id="11755709345" visible="true" version="1" changeset="149056072" timestamp="2024-03-23T15:30:19Z" user="야광멧돼지" uid="12393144" lat="35.0113089" lon="126.8023366"/>
 <node id="11755709346" visible="true" version="1" changeset="149056072" timestamp="2024-03-23T15:30:19Z" user="야광멧돼지" uid="12393144" lat="35.0113254" lon="126.8023805"/>
 <node id="11755709347" visible="true" version="1" changeset="149056072" timestamp="2024-03-23T15:30:19Z" user="야광멧돼지" uid="12393144" lat="35.0115307" lon="126.8020713"/>
 <node id="11755709348" visible="true" version="1" changeset="149056072" timestamp="2024-03-23T15:30:19Z" user="야광멧돼지" uid="12393144" lat="35.0111786" lon="126.8020732"/>
 <node id="11755709349" visible="true" version="1" changeset="149056072" timestamp="2024-03-23T15:30:19Z" user="야광멧돼지" uid="12393144" lat="35.0111921" lon="126.8024446"/>
 <node id="11755709350" visible="true" version="1" changeset="149056072" timestamp="2024-03-23T15:30:19Z" user="야광멧돼지" uid="12393144" lat="35.0110707" lon="126.8010377"/>
 <node id="11755709351" visible="true" version="1" changeset="149056072" timestamp="2024-03-23T15:30:19Z" user="야광멧돼지" uid="12393144" lat="35.0110746" lon="126.8008621"/>
 <node id="11755709352" visible="true" version="1" changeset="149056072" timestamp="2024-03-23T15:30:19Z" user="야광멧돼지" uid="12393144" lat="35.0097566" lon="126.8011767"/>
 <node id="11755709353" visible="true" version="1" changeset="149056072" timestamp="2024-03-23T15:30:19Z" user="야광멧돼지" uid="12393144" lat="35.0096801" lon="126.8011987"/>
 <node id="11755709354" visible="true" version="1" changeset="149056072" timestamp="2024-03-23T15:30:19Z" user="야광멧돼지" uid="12393144" lat="35.0095528" lon="126.8012810"/>
 <node id="11755709355" visible="true" version="1" changeset="149056072" timestamp="2024-03-23T15:30:19Z" user="야광멧돼지" uid="12393144" lat="35.0094584" lon="126.8013579"/>
 <node id="11755709356" visible="true" version="1" changeset="149056072" timestamp="2024-03-23T15:30:19Z" user="야광멧돼지" uid="12393144" lat="35.0094382" lon="126.8028542"/>
 <node id="11755709357" visible="true" version="1" changeset="149056072" timestamp="2024-03-23T15:30:19Z" user="야광멧돼지" uid="12393144" lat="35.0094329" lon="126.8013542"/>
 <node id="11755709358" visible="true" version="1" changeset="149056072" timestamp="2024-03-23T15:30:19Z" user="야광멧돼지" uid="12393144" lat="35.0093520" lon="126.8014585"/>
 <node id="11755709359" visible="true" version="1" changeset="149056072" timestamp="2024-03-23T15:30:19Z" user="야광멧돼지" uid="12393144" lat="35.0092906" lon="126.8015463"/>
 <node id="11755709360" visible="true" version="1" changeset="149056072" timestamp="2024-03-23T15:30:19Z" user="야광멧돼지" uid="12393144" lat="35.0092126" lon="126.8016176"/>
 <node id="11755709361" visible="true" version="1" changeset="149056072" timestamp="2024-03-23T15:30:19Z" user="야광멧돼지" uid="12393144" lat="35.0091407" lon="126.8016597"/>
 <node id="11755709362" visible="true" version="1" changeset="149056072" timestamp="2024-03-23T15:30:19Z" user="야광멧돼지" uid="12393144" lat="35.0090478" lon="126.8017219"/>
 <node id="11755709363" visible="true" version="1" changeset="149056072" timestamp="2024-03-23T15:30:19Z" user="야광멧돼지" uid="12393144" lat="35.0089714" lon="126.8017859"/>
 <node id="11755709364" visible="true" version="1" changeset="149056072" timestamp="2024-03-23T15:30:19Z" user="야광멧돼지" uid="12393144" lat="35.0088950" lon="126.8018591"/>
 <node id="11755709365" visible="true" version="1" changeset="149056072" timestamp="2024-03-23T15:30:19Z" user="야광멧돼지" uid="12393144" lat="35.0088155" lon="126.8019762"/>
 <node id="11755709366" visible="true" version="1" changeset="149056072" timestamp="2024-03-23T15:30:19Z" user="야광멧돼지" uid="12393144" lat="35.0087646" lon="126.8021116"/>
 <node id="11755709367" visible="true" version="1" changeset="149056072" timestamp="2024-03-23T15:30:19Z" user="야광멧돼지" uid="12393144" lat="35.0087181" lon="126.8021775"/>
 <node id="11755709368" visible="true" version="1" changeset="149056072" timestamp="2024-03-23T15:30:19Z" user="야광멧돼지" uid="12393144" lat="35.0086777" lon="126.8022177"/>
 <node id="11755717069" visible="true" version="1" changeset="149056072" timestamp="2024-03-23T15:30:19Z" user="야광멧돼지" uid="12393144" lat="35.0086237" lon="126.8022598"/>
 <node id="11755717070" visible="true" version="1" changeset="149056072" timestamp="2024-03-23T15:30:19Z" user="야광멧돼지" uid="12393144" lat="35.0085760" lon="126.8022761"/>
 <node id="11755717071" visible="true" version="1" changeset="149056072" timestamp="2024-03-23T15:30:19Z" user="야광멧돼지" uid="12393144" lat="35.0097928" lon="126.8030054"/>
 <node id="11755717072" visible="true" version="1" changeset="149056072" timestamp="2024-03-23T15:30:19Z" user="야광멧돼지" uid="12393144" lat="35.0097881" lon="126.8027769"/>
 <node id="11755717073" visible="true" version="2" changeset="176313032" timestamp="2025-12-23T15:05:33Z" user="aaei924" uid="10626814" lat="35.0092297" lon="126.8027268">
  <tag k="highway" v="crossing"/>
 </node>
 <node id="12096442914" visible="true" version="1" changeset="154917037" timestamp="2024-08-07T05:04:32Z" user="morago" uid="11113946" lat="35.0015185" lon="126.8002366"/>
 <node id="12096597959" visible="true" version="1" changeset="154920955" timestamp="2024-08-07T07:08:22Z" user="morago" uid="11113946" lat="35.0129931" lon="126.8108565"/>
 <node id="12096597963" visible="true" version="1" changeset="154920955" timestamp="2024-08-07T07:08:22Z" user="morago" uid="11113946" lat="35.0129755" lon="126.8121601"/>
 <node id="12096597964" visible="true" version="1" changeset="154920955" timestamp="2024-08-07T07:08:22Z" user="morago" uid="11113946" lat="35.0127207" lon="126.8118168"/>
 <node id="12096597967" visible="true" version="1" changeset="154920955" timestamp="2024-08-07T07:08:22Z" user="morago" uid="11113946" lat="35.0131644" lon="126.8123639"/>
 <node id="12096597972" visible="true" version="1" changeset="154920955" timestamp="2024-08-07T07:08:22Z" user="morago" uid="11113946" lat="35.0135071" lon="126.8116290"/>
 <node id="12096597980" visible="true" version="2" changeset="171629645" timestamp="2025-09-08T11:26:54Z" user="FUKUTAN" uid="5207199" lat="35.0130950" lon="126.8101967"/>
 <node id="12096597993" visible="true" version="1" changeset="154920955" timestamp="2024-08-07T07:08:22Z" user="morago" uid="11113946" lat="35.0133797" lon="126.8114252"/>
 <node id="12096597994" visible="true" version="1" changeset="154920955" timestamp="2024-08-07T07:08:22Z" user="morago" uid="11113946" lat="35.0126240" lon="126.8117631"/>
 <node id="12096597995" visible="true" version="1" changeset="154920955" timestamp="2024-08-07T07:08:22Z" user="morago" uid="11113946" lat="35.0121055" lon="126.8119884"/>
 <node id="12096597998" visible="true" version="1" changeset="154920955" timestamp="2024-08-07T07:08:22Z" user="morago" uid="11113946" lat="35.0133402" lon="126.8122459"/>
 <node id="12096598006" visible="true" version="1" changeset="154920955" timestamp="2024-08-07T07:08:22Z" user="morago" uid="11113946" lat="35.0135027" lon="126.8115003"/>
 <node id="12096598007" visible="true" version="1" changeset="154920955" timestamp="2024-08-07T07:08:22Z" user="morago" uid="11113946" lat="35.0135159" lon="126.8115271"/>
 <node id="12096598011" visible="true" version="1" changeset="154920955" timestamp="2024-08-07T07:08:22Z" user="morago" uid="11113946" lat="35.0119825" lon="126.8121976"/>
 <node id="12096598017" visible="true" version="1" changeset="154920955" timestamp="2024-08-07T07:08:22Z" user="morago" uid="11113946" lat="35.0131424" lon="126.8110389"/>
 <node id="12096598018" visible="true" version="1" changeset="154920955" timestamp="2024-08-07T07:08:22Z" user="morago" uid="11113946" lat="35.0133182" lon="126.8113554"/>
 <node id="12096598027" visible="true" version="1" changeset="154920955" timestamp="2024-08-07T07:08:22Z" user="morago" uid="11113946" lat="35.0132962" lon="126.8123210"/>
 <node id="12096598028" visible="true" version="1" changeset="154920955" timestamp="2024-08-07T07:08:22Z" user="morago" uid="11113946" lat="35.0132391" lon="126.8123693"/>
 <node id="12096598035" visible="true" version="1" changeset="154920955" timestamp="2024-08-07T07:08:22Z" user="morago" uid="11113946" lat="35.0130018" lon="126.8109370"/>
 <node id="12096598036" visible="true" version="2" changeset="171629645" timestamp="2025-09-08T11:26:54Z" user="FUKUTAN" uid="5207199" lat="35.0130238" lon="126.8109976"/>
 <node id="12154919658" visible="true" version="2" changeset="176313032" timestamp="2025-12-23T15:05:33Z" user="aaei924" uid="10626814" lat="35.0118828" lon="126.8024168"/>
 <node id="12154919659" visible="true" version="2" changeset="176313032" timestamp="2025-12-23T15:05:33Z" user="aaei924" uid="10626814" lat="35.0118633" lon="126.8023525"/>
 <node id="12154919660" visible="true" version="2" changeset="176313032" timestamp="2025-12-23T15:05:33Z" user="aaei924" uid="10626814" lat="35.0118288" lon="126.8022984"/>
 <node id="12154919661" visible="true" version="2" changeset="176313032" timestamp="2025-12-23T15:05:33Z" user="aaei924" uid="10626814" lat="35.0117951" lon="126.8022677"/>
 <node id="12154919662" visible="true" version="2" changeset="176313032" timestamp="2025-12-23T15:05:33Z" user="aaei924" uid="10626814" lat="35.0117565" lon="126.8022471"/>
 <node id="12154919663" visible="true" version="2" changeset="176313032" timestamp="2025-12-23T15:05:33Z" user="aaei924" uid="10626814" lat="35.0115200" lon="126.8024318"/>
 <node id="12154919664" visible="true" version="2" changeset="176313032" timestamp="2025-12-23T15:05:33Z" user="aaei924" uid="10626814" lat="35.0115201" lon="126.8024929"/>
 <node id="12154919665" visible="true" version="2" changeset="176313032" timestamp="2025-12-23T15:05:33Z" user="aaei924" uid="10626814" lat="35.0115377" lon="126.8025622"/>
 <node id="12154919666" visible="true" version="2" changeset="176313032" timestamp="2025-12-23T15:05:33Z" user="aaei924" uid="10626814" lat="35.0115724" lon="126.8026211"/>
 <node id="12154919667" visible="true" version="2" changeset="176313032" timestamp="2025-12-23T15:05:33Z" user="aaei924" uid="10626814" lat="35.0116207" lon="126.8026634"/>
 <node id="12154919668" visible="true" version="2" changeset="176313032" timestamp="2025-12-23T15:05:33Z" user="aaei924" uid="10626814" lat="35.0116732" lon="126.8022401"/>
 <node id="12154919669" visible="true" version="2" changeset="176313032" timestamp="2025-12-23T15:05:33Z" user="aaei924" uid="10626814" lat="35.0116327" lon="126.8022540"/>
 <node id="12154919670" visible="true" version="2" changeset="176313032" timestamp="2025-12-23T15:05:33Z" user="aaei924" uid="10626814" lat="35.0115594" lon="126.8023206"/>
 <node id="12154919671" visible="true" version="2" changeset="176313032" timestamp="2025-12-23T15:05:33Z" user="aaei924" uid="10626814" lat="35.0115335" lon="126.8023729"/>
 <node id="12154919672" visible="true" version="2" changeset="176313032" timestamp="2025-12-23T15:05:33Z" user="aaei924" uid="10626814" lat="35.0116775" lon="126.8026847"/>
 <node id="12154919673" visible="true" version="2" changeset="176313032" timestamp="2025-12-23T15:05:33Z" user="aaei924" uid="10626814" lat="35.0117370" lon="126.8026828"/>
 <node id="12154919674" visible="true" version="2" changeset="176313032" timestamp="2025-12-23T15:05:33Z" user="aaei924" uid="10626814" lat="35.0117928" lon="126.8026579"/>
 <node id="12154919675" visible="true" version="2" changeset="176313032" timestamp="2025-12-23T15:05:33Z" user="aaei924" uid="10626814" lat="35.0118392" lon="126.8026126"/>
 <node id="12154919676" visible="true" version="2" changeset="176313032" timestamp="2025-12-23T15:05:33Z" user="aaei924" uid="10626814" lat="35.0118856" lon="126.8024852"/>
 <node id="12154919678" visible="true" version="2" changeset="176313032" timestamp="2025-12-23T15:05:33Z" user="aaei924" uid="10626814" lat="35.0118713" lon="126.8025515"/>
 <node id="12154919679" visible="true" version="2" changeset="176313032" timestamp="2025-12-23T15:05:33Z" user="aaei924" uid="10626814" lat="35.0117152" lon="126.8022378"/>
 <node id="12154919680" visible="true" version="1" changeset="156173603" timestamp="2024-09-04T08:16:42Z" user="야광멧돼지" uid="12393144" lat="35.0107835" lon="126.8027495"/>
 <node id="12154919681" visible="true" version="1" changeset="156173603" timestamp="2024-09-04T08:16:42Z" user="야광멧돼지" uid="12393144" lat="35.0108087" lon="126.8028294"/>
 <node id="12154919682" visible="true" version="1" changeset="156173603" timestamp="2024-09-04T08:16:42Z" user="야광멧돼지" uid="12393144" lat="35.0108478" lon="126.8029250"/>
 <node id="12154919683" visible="true" version="1" changeset="156173603" timestamp="2024-09-04T08:16:42Z" user="야광멧돼지" uid="12393144" lat="35.0110090" lon="126.8030431"/>
 <node id="12154919684" visible="true" version="1" changeset="156173603" timestamp="2024-09-04T08:16:42Z" user="야광멧돼지" uid="12393144" lat="35.0113015" lon="126.8032427"/>
 <node id="12154919685" visible="true" version="1" changeset="156173603" timestamp="2024-09-04T08:16:42Z" user="야광멧돼지" uid="12393144" lat="35.0113453" lon="126.8033074"/>
 <node id="12154919686" visible="true" version="1" changeset="156173603" timestamp="2024-09-04T08:16:42Z" user="야광멧돼지" uid="12393144" lat="35.0113522" lon="126.8033608"/>
 <node id="12154919687" visible="true" version="2" changeset="176313032" timestamp="2025-12-23T15:05:33Z" user="aaei924" uid="10626814" lat="35.0130957" lon="126.8035765"/>
 <node id="12154919688" visible="true" version="2" changeset="176313032" timestamp="2025-12-23T15:05:33Z" user="aaei924" uid="10626814" lat="35.0097621" lon="126.8044802"/>
 <node id="12154919689" visible="true" version="2" changeset="178340036" timestamp="2026-02-10T05:16:19Z" user="야광멧돼지" uid="12393144" lat="35.0130907" lon="126.8033195"/>
 <node id="12154919690" visible="true" version="2" changeset="178340036" timestamp="2026-02-10T05:16:19Z" user="야광멧돼지" uid="12393144" lat="35.0120989" lon="126.8025271"/>
 <node id="12154919691" visible="true" version="2" changeset="178340036" timestamp="2026-02-10T05:16:19Z" user="야광멧돼지" uid="12393144" lat="35.0119209" lon="126.8022854"/>
 <node id="12154919692" visible="true" version="2" changeset="178340036" timestamp="2026-02-10T05:16:19Z" user="야광멧돼지" uid="12393144" lat="35.0118845" lon="126.8021456"/>
 <node id="12154919693" visible="true" version="2" changeset="178340036" timestamp="2026-02-10T05:16:19Z" user="야광멧돼지" uid="12393144" lat="35.0118817" lon="126.8020442"/>
 <node id="12154919694" visible="true" version="2" changeset="178340036" timestamp="2026-02-10T05:16:19Z" user="야광멧돼지" uid="12393144" lat="35.0119515" lon="126.8007476"/>
 <node id="12154919695" visible="true" version="1" changeset="156173603" timestamp="2024-09-04T08:16:42Z" user="야광멧돼지" uid="12393144" lat="35.0133343" lon="126.8007603"/>
 <node id="12154919696" visible="true" version="2" changeset="178340036" timestamp="2026-02-10T05:16:19Z" user="야광멧돼지" uid="12393144" lat="35.0134837" lon="126.8030306"/>
 <node id="12154919697" visible="true" version="1" changeset="156173603" timestamp="2024-09-04T08:16:42Z" user="야광멧돼지" uid="12393144" lat="35.0130968" lon="126.8025673"/>
 <node id="12628423566" visible="true" version="1" changeset="163089849" timestamp="2025-03-01T14:14:45Z" user="dongin" uid="11518918" lat="35.0037765" lon="126.8148071"/>
 <node id="12701887377" visible="true" version="1" changeset="164112777" timestamp="2025-03-26T09:33:56Z" user="FUKUTAN" uid="5207199" lat="35.0122439" lon="126.7969293"/>
 <node id="12701887386" visible="true" version="1" changeset="164112777" timestamp="2025-03-26T09:33:56Z" user="FUKUTAN" uid="5207199" lat="35.0102540" lon="126.7968605"/>
 <node id="13115976890" visible="true" version="1" changeset="171397278" timestamp="2025-09-03T09:21:21Z" user="FUKUTAN" uid="5207199" lat="35.0007976" lon="126.7988342"/>
 <node id="13115976892" visible="true" version="1" changeset="171397278" timestamp="2025-09-03T09:21:21Z" user="FUKUTAN" uid="5207199" lat="35.0005518" lon="126.7989501"/>
 <node id="13127807276" visible="true" version="1" changeset="171629645" timestamp="2025-09-08T11:26:54Z" user="FUKUTAN" uid="5207199" lat="35.0136423" lon="126.8098726"/>
 <node id="13127807277" visible="true" version="1" changeset="171629645" timestamp="2025-09-08T11:26:54Z" user="FUKUTAN" uid="5207199" lat="35.0135900" lon="126.8098733"/>
 <node id="13127807278" visible="true" version="1" changeset="171629645" timestamp="2025-09-08T11:26:54Z" user="FUKUTAN" uid="5207199" lat="35.0135083" lon="126.8098586"/>
 <node id="13127807279" visible="true" version="1" changeset="171629645" timestamp="2025-09-08T11:26:54Z" user="FUKUTAN" uid="5207199" lat="35.0130340" lon="126.8103918"/>
 <node id="13127807280" visible="true" version="1" changeset="171629645" timestamp="2025-09-08T11:26:54Z" user="FUKUTAN" uid="5207199" lat="35.0129907" lon="126.8107591"/>
 <node id="13127807281" visible="true" version="1" changeset="171629645" timestamp="2025-09-08T11:26:54Z" user="FUKUTAN" uid="5207199" lat="35.0130025" lon="126.8106024"/>
 <node id="13127807282" visible="true" version="1" changeset="171629645" timestamp="2025-09-08T11:26:54Z" user="FUKUTAN" uid="5207199" lat="35.0130050" lon="126.8109711"/>
 <node id="13127807283" visible="true" version="1" changeset="171629645" timestamp="2025-09-08T11:26:54Z" user="FUKUTAN" uid="5207199" lat="35.0130561" lon="126.8110157"/>
 <node id="13127807284" visible="true" version="1" changeset="171629645" timestamp="2025-09-08T11:26:54Z" user="FUKUTAN" uid="5207199" lat="35.0131257" lon="126.8110154"/>
 <node id="13127807285" visible="true" version="1" changeset="171629645" timestamp="2025-09-08T11:26:54Z" user="FUKUTAN" uid="5207199" lat="35.0112581" lon="126.8096257"/>
 <node id="13127807286" visible="true" version="1" changeset="171629645" timestamp="2025-09-08T11:26:54Z" user="FUKUTAN" uid="5207199" lat="35.0108872" lon="126.8101514"/>
 <node id="13127807287" visible="true" version="1" changeset="171629645" timestamp="2025-09-08T11:26:54Z" user="FUKUTAN" uid="5207199" lat="35.0105731" lon="126.8102935"/>
 <node id="13127807288" visible="true" version="1" changeset="171629645" timestamp="2025-09-08T11:26:54Z" user="FUKUTAN" uid="5207199" lat="35.0107268" lon="126.8075416"/>
 <node id="13127807289" visible="true" version="1" changeset="171629645" timestamp="2025-09-08T11:26:54Z" user="FUKUTAN" uid="5207199" lat="35.0117293" lon="126.8077267"/>
 <node id="13127807290" visible="true" version="1" changeset="171629645" timestamp="2025-09-08T11:26:54Z" user="FUKUTAN" uid="5207199" lat="35.0119284" lon="126.8077897"/>
 <node id="13127807291" visible="true" version="1" changeset="171629645" timestamp="2025-09-08T11:26:54Z" user="FUKUTAN" uid="5207199" lat="35.0120266" lon="126.8078087"/>
 <node id="13173702654" visible="true" version="1" changeset="172491283" timestamp="2025-09-26T15:22:32Z" user="FUKUTAN" uid="5207199" lat="35.0032659" lon="126.8047172"/>
 <node id="13173702655" visible="true" version="1" changeset="172491283" timestamp="2025-09-26T15:22:32Z" user="FUKUTAN" uid="5207199" lat="35.0032810" lon="126.8046326"/>
 <node id="13173702656" visible="true" version="1" changeset="172491283" timestamp="2025-09-26T15:22:32Z" user="FUKUTAN" uid="5207199" lat="35.0033024" lon="126.8039541"/>
 <node id="13173702657" visible="true" version="1" changeset="172491283" timestamp="2025-09-26T15:22:32Z" user="FUKUTAN" uid="5207199" lat="35.0031936" lon="126.8049887"/>
 <node id="13173702658" visible="true" version="1" changeset="172491283" timestamp="2025-09-26T15:22:32Z" user="FUKUTAN" uid="5207199" lat="35.0031686" lon="126.8051167"/>
 <node id="13173702659" visible="true" version="1" changeset="172491283" timestamp="2025-09-26T15:22:32Z" user="FUKUTAN" uid="5207199" lat="35.0031470" lon="126.8052936"/>
 <node id="13173702660" visible="true" version="1" changeset="172491283" timestamp="2025-09-26T15:22:32Z" user="FUKUTAN" uid="5207199" lat="35.0031304" lon="126.8053932"/>
 <node id="13173702661" visible="true" version="1" changeset="172491283" timestamp="2025-09-26T15:22:32Z" user="FUKUTAN" uid="5207199" lat="35.0031220" lon="126.8054582"/>
 <node id="13173702662" visible="true" version="1" changeset="172491283" timestamp="2025-09-26T15:22:32Z" user="FUKUTAN" uid="5207199" lat="35.0031237" lon="126.8055192"/>
 <node id="13173702663" visible="true" version="1" changeset="172491283" timestamp="2025-09-26T15:22:32Z" user="FUKUTAN" uid="5207199" lat="35.0031337" lon="126.8055944"/>
 <node id="13173702664" visible="true" version="1" changeset="172491283" timestamp="2025-09-26T15:22:32Z" user="FUKUTAN" uid="5207199" lat="35.0031703" lon="126.8057204"/>
 <node id="13173702665" visible="true" version="1" changeset="172491283" timestamp="2025-09-26T15:22:32Z" user="FUKUTAN" uid="5207199" lat="35.0032186" lon="126.8058587"/>
 <node id="13173702666" visible="true" version="1" changeset="172491283" timestamp="2025-09-26T15:22:32Z" user="FUKUTAN" uid="5207199" lat="35.0032419" lon="126.8059705"/>
 <node id="13173702667" visible="true" version="1" changeset="172491283" timestamp="2025-09-26T15:22:32Z" user="FUKUTAN" uid="5207199" lat="35.0033052" lon="126.8063059"/>
 <node id="13173702668" visible="true" version="1" changeset="172491283" timestamp="2025-09-26T15:22:32Z" user="FUKUTAN" uid="5207199" lat="35.0033435" lon="126.8064705"/>
 <node id="13173702669" visible="true" version="1" changeset="172491283" timestamp="2025-09-26T15:22:32Z" user="FUKUTAN" uid="5207199" lat="35.0033851" lon="126.8065803"/>
 <node id="13173702670" visible="true" version="1" changeset="172491283" timestamp="2025-09-26T15:22:32Z" user="FUKUTAN" uid="5207199" lat="35.0034384" lon="126.8066962"/>
 <node id="13173702671" visible="true" version="1" changeset="172491283" timestamp="2025-09-26T15:22:32Z" user="FUKUTAN" uid="5207199" lat="35.0035000" lon="126.8068181"/>
 <node id="13173702672" visible="true" version="1" changeset="172491283" timestamp="2025-09-26T15:22:32Z" user="FUKUTAN" uid="5207199" lat="35.0036182" lon="126.8070316"/>
 <node id="13173702673" visible="true" version="1" changeset="172491283" timestamp="2025-09-26T15:22:32Z" user="FUKUTAN" uid="5207199" lat="35.0036748" lon="126.8071047"/>
 <node id="13173702674" visible="true" version="1" changeset="172491283" timestamp="2025-09-26T15:22:32Z" user="FUKUTAN" uid="5207199" lat="35.0037198" lon="126.8071373"/>
 <node id="13173702675" visible="true" version="1" changeset="172491283" timestamp="2025-09-26T15:22:32Z" user="FUKUTAN" uid="5207199" lat="35.0037897" lon="126.8071921"/>
 <node id="13173702676" visible="true" version="1" changeset="172491283" timestamp="2025-09-26T15:22:32Z" user="FUKUTAN" uid="5207199" lat="35.0038347" lon="126.8072348"/>
 <node id="13173702677" visible="true" version="1" changeset="172491283" timestamp="2025-09-26T15:22:32Z" user="FUKUTAN" uid="5207199" lat="35.0038929" lon="126.8072856"/>
 <node id="13173702678" visible="true" version="1" changeset="172491283" timestamp="2025-09-26T15:22:32Z" user="FUKUTAN" uid="5207199" lat="35.0039462" lon="126.8073243"/>
 <node id="13173702679" visible="true" version="1" changeset="172491283" timestamp="2025-09-26T15:22:32Z" user="FUKUTAN" uid="5207199" lat="35.0040478" lon="126.8073853"/>
 <node id="13173702680" visible="true" version="1" changeset="172491283" timestamp="2025-09-26T15:22:32Z" user="FUKUTAN" uid="5207199" lat="35.0041427" lon="126.8074300"/>
 <node id="13173702681" visible="true" version="1" changeset="172491283" timestamp="2025-09-26T15:22:32Z" user="FUKUTAN" uid="5207199" lat="35.0043691" lon="126.8075194"/>
 <node id="13173702682" visible="true" version="1" changeset="172491283" timestamp="2025-09-26T15:22:32Z" user="FUKUTAN" uid="5207199" lat="35.0044407" lon="126.8075377"/>
 <node id="13173702683" visible="true" version="1" changeset="172491283" timestamp="2025-09-26T15:22:32Z" user="FUKUTAN" uid="5207199" lat="35.0045340" lon="126.8075438"/>
 <node id="13173702684" visible="true" version="1" changeset="172491283" timestamp="2025-09-26T15:22:32Z" user="FUKUTAN" uid="5207199" lat="35.0046788" lon="126.8075499"/>
 <node id="13173702685" visible="true" version="1" changeset="172491283" timestamp="2025-09-26T15:22:32Z" user="FUKUTAN" uid="5207199" lat="35.0049502" lon="126.8075662"/>
 <node id="13173702686" visible="true" version="1" changeset="172491283" timestamp="2025-09-26T15:22:32Z" user="FUKUTAN" uid="5207199" lat="35.0050185" lon="126.8075662"/>
 <node id="13173702687" visible="true" version="1" changeset="172491283" timestamp="2025-09-26T15:22:32Z" user="FUKUTAN" uid="5207199" lat="35.0050685" lon="126.8075641"/>
 <node id="13173702688" visible="true" version="2" changeset="183872037" timestamp="2026-06-09T11:55:14Z" user="야광멧돼지" uid="12393144" lat="35.0050225" lon="126.8086991"/>
 <node id="13173702689" visible="true" version="1" changeset="172491283" timestamp="2025-09-26T15:22:32Z" user="FUKUTAN" uid="5207199" lat="35.0040315" lon="126.8112494"/>
 <node id="13273395539" visible="true" version="1" changeset="174046299" timestamp="2025-11-01T05:13:14Z" user="torisugari" uid="22158042" lat="35.0094996" lon="126.8030013">
  <tag k="bus" v="yes"/>
  <tag k="name" v="한국에너지공과대학교"/>
  <tag k="name:en" v="Kentech"/>
  <tag k="name:ko" v="한국에너지공과대학교"/>
  <tag k="operator" v="나주시"/>
  <tag k="public_transport" v="stop_position"/>
 </node>
 <node id="13273395540" visible="true" version="1" changeset="174046299" timestamp="2025-11-01T05:13:14Z" user="torisugari" uid="22158042" lat="35.0129749" lon="126.8005175">
  <tag k="bus" v="yes"/>
  <tag k="name" v="한국에너지공과대학입구"/>
  <tag k="name:en" v="Korea Institute of Energy Technology Entrance"/>
  <tag k="operator" v="나주시"/>
  <tag k="public_transport" v="stop_position"/>
 </node>
 <node id="13273395541" visible="true" version="1" changeset="174046299" timestamp="2025-11-01T05:13:14Z" user="torisugari" uid="22158042" lat="35.0127711" lon="126.8005165">
  <tag k="bus" v="yes"/>
  <tag k="name" v="한국에너지공과대학입구"/>
  <tag k="name:en" v="Korea Institute of Energy Technology Entrance"/>
  <tag k="operator" v="나주시"/>
  <tag k="public_transport" v="stop_position"/>
 </node>
 <node id="13273395542" visible="true" version="1" changeset="174046299" timestamp="2025-11-01T05:13:14Z" user="torisugari" uid="22158042" lat="35.0183970" lon="126.8010882">
  <tag k="bus" v="yes"/>
  <tag k="name" v="부영3단지"/>
  <tag k="name:en" v="Booyoung Apartment Complex 3"/>
  <tag k="operator" v="나주시"/>
  <tag k="public_transport" v="stop_position"/>
 </node>
 <node id="13397142187" visible="true" version="1" changeset="176295404" timestamp="2025-12-23T08:01:28Z" user="aaei924" uid="10626814" lat="35.0331742" lon="126.8090210"/>
 <node id="13397888082" visible="true" version="1" changeset="176313032" timestamp="2025-12-23T15:05:33Z" user="aaei924" uid="10626814" lat="35.0143137" lon="126.8075337"/>
 <node id="13397888083" visible="true" version="1" changeset="176313032" timestamp="2025-12-23T15:05:33Z" user="aaei924" uid="10626814" lat="35.0141949" lon="126.8067625"/>
 <node id="13397888084" visible="true" version="1" changeset="176313032" timestamp="2025-12-23T15:05:33Z" user="aaei924" uid="10626814" lat="35.0135765" lon="126.8035575"/>
 <node id="13397888085" visible="true" version="1" changeset="176313032" timestamp="2025-12-23T15:05:33Z" user="aaei924" uid="10626814" lat="35.0135565" lon="126.8007553"/>
 <node id="13397888086" visible="true" version="1" changeset="176313032" timestamp="2025-12-23T15:05:33Z" user="aaei924" uid="10626814" lat="35.0134514" lon="126.8008087"/>
 <node id="13397888087" visible="true" version="1" changeset="176313032" timestamp="2025-12-23T15:05:33Z" user="aaei924" uid="10626814" lat="35.0136337" lon="126.8007510"/>
 <node id="13397888088" visible="true" version="1" changeset="176313032" timestamp="2025-12-23T15:05:33Z" user="aaei924" uid="10626814" lat="35.0136566" lon="126.8031770"/>
 <node id="13397888089" visible="true" version="1" changeset="176313032" timestamp="2025-12-23T15:05:33Z" user="aaei924" uid="10626814" lat="35.0136482" lon="126.8035563"/>
 <node id="13397888090" visible="true" version="1" changeset="176313032" timestamp="2025-12-23T15:05:33Z" user="aaei924" uid="10626814" lat="35.0136517" lon="126.8037164"/>
 <node id="13397888091" visible="true" version="1" changeset="176313032" timestamp="2025-12-23T15:05:33Z" user="aaei924" uid="10626814" lat="35.0136796" lon="126.8038964"/>
 <node id="13397888092" visible="true" version="1" changeset="176313032" timestamp="2025-12-23T15:05:33Z" user="aaei924" uid="10626814" lat="35.0137227" lon="126.8040889"/>
 <node id="13397888093" visible="true" version="1" changeset="176313032" timestamp="2025-12-23T15:05:33Z" user="aaei924" uid="10626814" lat="35.0137871" lon="126.8042770"/>
 <node id="13397888094" visible="true" version="1" changeset="176313032" timestamp="2025-12-23T15:05:33Z" user="aaei924" uid="10626814" lat="35.0140781" lon="126.8049675"/>
 <node id="13397888095" visible="true" version="1" changeset="176313032" timestamp="2025-12-23T15:05:33Z" user="aaei924" uid="10626814" lat="35.0141472" lon="126.8051466"/>
 <node id="13397888096" visible="true" version="1" changeset="176313032" timestamp="2025-12-23T15:05:33Z" user="aaei924" uid="10626814" lat="35.0142076" lon="126.8053209"/>
 <node id="13397888097" visible="true" version="1" changeset="176313032" timestamp="2025-12-23T15:05:33Z" user="aaei924" uid="10626814" lat="35.0142608" lon="126.8055151"/>
 <node id="13397888098" visible="true" version="1" changeset="176313032" timestamp="2025-12-23T15:05:33Z" user="aaei924" uid="10626814" lat="35.0142860" lon="126.8056806"/>
 <node id="13397888099" visible="true" version="1" changeset="176313032" timestamp="2025-12-23T15:05:33Z" user="aaei924" uid="10626814" lat="35.0142993" lon="126.8058511"/>
 <node id="13397888100" visible="true" version="1" changeset="176313032" timestamp="2025-12-23T15:05:33Z" user="aaei924" uid="10626814" lat="35.0143039" lon="126.8063951"/>
 <node id="13397888101" visible="true" version="1" changeset="176313032" timestamp="2025-12-23T15:05:33Z" user="aaei924" uid="10626814" lat="35.0130524" lon="126.8034214"/>
 <node id="13397888102" visible="true" version="1" changeset="176313032" timestamp="2025-12-23T15:05:33Z" user="aaei924" uid="10626814" lat="35.0129766" lon="126.8033062"/>
 <node id="13397888103" visible="true" version="1" changeset="176313032" timestamp="2025-12-23T15:05:33Z" user="aaei924" uid="10626814" lat="35.0116945" lon="126.8018573"/>
 <node id="13397888104" visible="true" version="1" changeset="176313032" timestamp="2025-12-23T15:05:33Z" user="aaei924" uid="10626814" lat="35.0116643" lon="126.8020521"/>
 <node id="13397888105" visible="true" version="1" changeset="176313032" timestamp="2025-12-23T15:05:33Z" user="aaei924" uid="10626814" lat="35.0115959" lon="126.8022787"/>
 <node id="13397888106" visible="true" version="1" changeset="176313032" timestamp="2025-12-23T15:05:33Z" user="aaei924" uid="10626814" lat="35.0116985" lon="126.8007532"/>
 <node id="13397888107" visible="true" version="1" changeset="176313032" timestamp="2025-12-23T15:05:33Z" user="aaei924" uid="10626814" lat="35.0117920" lon="126.8007577"/>
 <node id="13397888108" visible="true" version="1" changeset="176313032" timestamp="2025-12-23T15:05:33Z" user="aaei924" uid="10626814" lat="35.0117897" lon="126.8020564"/>
 <node id="13397888109" visible="true" version="1" changeset="176313032" timestamp="2025-12-23T15:05:33Z" user="aaei924" uid="10626814" lat="35.0118093" lon="126.8021874"/>
 <node id="13397888110" visible="true" version="1" changeset="176313032" timestamp="2025-12-23T15:05:33Z" user="aaei924" uid="10626814" lat="35.0088201" lon="126.8037161"/>
 <node id="13397888111" visible="true" version="1" changeset="176313032" timestamp="2025-12-23T15:05:33Z" user="aaei924" uid="10626814" lat="35.0088248" lon="126.8042415"/>
 <node id="13397888112" visible="true" version="1" changeset="176313032" timestamp="2025-12-23T15:05:33Z" user="aaei924" uid="10626814" lat="35.0098304" lon="126.8059783"/>
 <node id="13397888113" visible="true" version="1" changeset="176313032" timestamp="2025-12-23T15:05:33Z" user="aaei924" uid="10626814" lat="35.0099493" lon="126.8061054"/>
 <node id="13397888114" visible="true" version="1" changeset="176313032" timestamp="2025-12-23T15:05:33Z" user="aaei924" uid="10626814" lat="35.0109904" lon="126.8068171"/>
 <node id="13397888115" visible="true" version="1" changeset="176313032" timestamp="2025-12-23T15:05:33Z" user="aaei924" uid="10626814" lat="35.0110931" lon="126.8068632"/>
 <node id="13397888116" visible="true" version="1" changeset="176313032" timestamp="2025-12-23T15:05:33Z" user="aaei924" uid="10626814" lat="35.0112943" lon="126.8068755"/>
 <node id="13397888117" visible="true" version="1" changeset="176313032" timestamp="2025-12-23T15:05:33Z" user="aaei924" uid="10626814" lat="35.0113938" lon="126.8068667"/>
 <node id="13397888118" visible="true" version="1" changeset="176313032" timestamp="2025-12-23T15:05:33Z" user="aaei924" uid="10626814" lat="35.0119021" lon="126.8049158"/>
 <node id="13397888119" visible="true" version="1" changeset="176313032" timestamp="2025-12-23T15:05:33Z" user="aaei924" uid="10626814" lat="35.0126689" lon="126.8049201"/>
 <node id="13397888120" visible="true" version="1" changeset="176313032" timestamp="2025-12-23T15:05:33Z" user="aaei924" uid="10626814" lat="35.0126616" lon="126.8055986"/>
 <node id="13397888121" visible="true" version="1" changeset="176313032" timestamp="2025-12-23T15:05:33Z" user="aaei924" uid="10626814" lat="35.0126801" lon="126.8055868"/>
 <node id="13397888122" visible="true" version="1" changeset="176313032" timestamp="2025-12-23T15:05:33Z" user="aaei924" uid="10626814" lat="35.0126910" lon="126.8056301"/>
 <node id="13397888123" visible="true" version="1" changeset="176313032" timestamp="2025-12-23T15:05:33Z" user="aaei924" uid="10626814" lat="35.0126442" lon="126.8056694"/>
 <node id="13397888124" visible="true" version="1" changeset="176313032" timestamp="2025-12-23T15:05:33Z" user="aaei924" uid="10626814" lat="35.0126280" lon="126.8056370"/>
 <node id="13397888125" visible="true" version="1" changeset="176313032" timestamp="2025-12-23T15:05:33Z" user="aaei924" uid="10626814" lat="35.0126077" lon="126.8056704"/>
 <node id="13397888126" visible="true" version="1" changeset="176313032" timestamp="2025-12-23T15:05:33Z" user="aaei924" uid="10626814" lat="35.0120991" lon="126.8060312"/>
 <node id="13397888127" visible="true" version="1" changeset="176313032" timestamp="2025-12-23T15:05:33Z" user="aaei924" uid="10626814" lat="35.0117445" lon="126.8052678"/>
 <node id="13397888128" visible="true" version="1" changeset="176313032" timestamp="2025-12-23T15:05:33Z" user="aaei924" uid="10626814" lat="35.0117842" lon="126.8052279"/>
 <node id="13397888129" visible="true" version="1" changeset="176313032" timestamp="2025-12-23T15:05:33Z" user="aaei924" uid="10626814" lat="35.0118249" lon="126.8051713"/>
 <node id="13397888130" visible="true" version="1" changeset="176313032" timestamp="2025-12-23T15:05:33Z" user="aaei924" uid="10626814" lat="35.0118531" lon="126.8051180"/>
 <node id="13397888131" visible="true" version="1" changeset="176313032" timestamp="2025-12-23T15:05:33Z" user="aaei924" uid="10626814" lat="35.0118764" lon="126.8050590"/>
 <node id="13397888132" visible="true" version="1" changeset="176313032" timestamp="2025-12-23T15:05:33Z" user="aaei924" uid="10626814" lat="35.0118939" lon="126.8049860"/>
 <node id="13397888133" visible="true" version="1" changeset="176313032" timestamp="2025-12-23T15:05:33Z" user="aaei924" uid="10626814" lat="35.0116183" lon="126.8054128"/>
 <node id="13397888134" visible="true" version="1" changeset="176313032" timestamp="2025-12-23T15:05:33Z" user="aaei924" uid="10626814" lat="35.0115067" lon="126.8054478"/>
 <node id="13397888135" visible="true" version="1" changeset="176313032" timestamp="2025-12-23T15:05:33Z" user="aaei924" uid="10626814" lat="35.0114972" lon="126.8053052"/>
 <node id="13397888136" visible="true" version="1" changeset="176313032" timestamp="2025-12-23T15:05:33Z" user="aaei924" uid="10626814" lat="35.0113708" lon="126.8053100"/>
 <node id="13397888137" visible="true" version="1" changeset="176313032" timestamp="2025-12-23T15:05:33Z" user="aaei924" uid="10626814" lat="35.0113692" lon="126.8054465"/>
 <node id="13397888138" visible="true" version="1" changeset="176313032" timestamp="2025-12-23T15:05:33Z" user="aaei924" uid="10626814" lat="35.0112571" lon="126.8054176"/>
 <node id="13397888139" visible="true" version="1" changeset="176313032" timestamp="2025-12-23T15:05:33Z" user="aaei924" uid="10626814" lat="35.0112362" lon="126.8055173"/>
 <node id="13397888140" visible="true" version="1" changeset="176313032" timestamp="2025-12-23T15:05:33Z" user="aaei924" uid="10626814" lat="35.0112282" lon="126.8056426"/>
 <node id="13397888141" visible="true" version="1" changeset="176313032" timestamp="2025-12-23T15:05:33Z" user="aaei924" uid="10626814" lat="35.0112372" lon="126.8057658"/>
 <node id="13397888142" visible="true" version="1" changeset="176313032" timestamp="2025-12-23T15:05:33Z" user="aaei924" uid="10626814" lat="35.0112560" lon="126.8058594"/>
 <node id="13397888143" visible="true" version="1" changeset="176313032" timestamp="2025-12-23T15:05:33Z" user="aaei924" uid="10626814" lat="35.0113004" lon="126.8059553"/>
 <node id="13397888144" visible="true" version="1" changeset="176313032" timestamp="2025-12-23T15:05:33Z" user="aaei924" uid="10626814" lat="35.0113584" lon="126.8060120"/>
 <node id="13397888145" visible="true" version="1" changeset="176313032" timestamp="2025-12-23T15:05:33Z" user="aaei924" uid="10626814" lat="35.0114103" lon="126.8060365"/>
 <node id="13397888146" visible="true" version="1" changeset="176313032" timestamp="2025-12-23T15:05:33Z" user="aaei924" uid="10626814" lat="35.0114761" lon="126.8060408"/>
 <node id="13397888147" visible="true" version="1" changeset="176313032" timestamp="2025-12-23T15:05:33Z" user="aaei924" uid="10626814" lat="35.0115331" lon="126.8060094"/>
 <node id="13397888148" visible="true" version="1" changeset="176313032" timestamp="2025-12-23T15:05:33Z" user="aaei924" uid="10626814" lat="35.0115800" lon="126.8059594"/>
 <node id="13397888149" visible="true" version="1" changeset="176313032" timestamp="2025-12-23T15:05:33Z" user="aaei924" uid="10626814" lat="35.0116120" lon="126.8058820"/>
 <node id="13397888150" visible="true" version="1" changeset="176313032" timestamp="2025-12-23T15:05:33Z" user="aaei924" uid="10626814" lat="35.0116348" lon="126.8057871"/>
 <node id="13397888151" visible="true" version="1" changeset="176313032" timestamp="2025-12-23T15:05:33Z" user="aaei924" uid="10626814" lat="35.0116459" lon="126.8056905"/>
 <node id="13397888152" visible="true" version="1" changeset="176313032" timestamp="2025-12-23T15:05:33Z" user="aaei924" uid="10626814" lat="35.0116482" lon="126.8055877"/>
 <node id="13397888153" visible="true" version="1" changeset="176313032" timestamp="2025-12-23T15:05:33Z" user="aaei924" uid="10626814" lat="35.0116379" lon="126.8054944"/>
 <node id="13397888154" visible="true" version="1" changeset="176313032" timestamp="2025-12-23T15:05:33Z" user="aaei924" uid="10626814" lat="35.0111152" lon="126.8044342"/>
 <node id="13397888155" visible="true" version="1" changeset="176313032" timestamp="2025-12-23T15:05:33Z" user="aaei924" uid="10626814" lat="35.0111865" lon="126.8043091"/>
 <node id="13397888156" visible="true" version="1" changeset="176313032" timestamp="2025-12-23T15:05:33Z" user="aaei924" uid="10626814" lat="35.0112075" lon="126.8043197"/>
 <node id="13397888157" visible="true" version="1" changeset="176313032" timestamp="2025-12-23T15:05:33Z" user="aaei924" uid="10626814" lat="35.0112873" lon="126.8041490"/>
 <node id="13397888158" visible="true" version="1" changeset="176313032" timestamp="2025-12-23T15:05:33Z" user="aaei924" uid="10626814" lat="35.0112694" lon="126.8041278"/>
 <node id="13397888159" visible="true" version="1" changeset="176313032" timestamp="2025-12-23T15:05:33Z" user="aaei924" uid="10626814" lat="35.0114859" lon="126.8035881"/>
 <node id="13397888160" visible="true" version="1" changeset="176313032" timestamp="2025-12-23T15:05:33Z" user="aaei924" uid="10626814" lat="35.0110246" lon="126.8044335"/>
 <node id="13397888161" visible="true" version="1" changeset="176313032" timestamp="2025-12-23T15:05:33Z" user="aaei924" uid="10626814" lat="35.0113137" lon="126.8041602"/>
 <node id="13397888162" visible="true" version="1" changeset="176313032" timestamp="2025-12-23T15:05:33Z" user="aaei924" uid="10626814" lat="35.0113984" lon="126.8041297"/>
 <node id="13397888163" visible="true" version="1" changeset="176313032" timestamp="2025-12-23T15:05:33Z" user="aaei924" uid="10626814" lat="35.0115007" lon="126.8041287"/>
 <node id="13397888164" visible="true" version="1" changeset="176313032" timestamp="2025-12-23T15:05:33Z" user="aaei924" uid="10626814" lat="35.0115819" lon="126.8041468"/>
 <node id="13397888165" visible="true" version="1" changeset="176313032" timestamp="2025-12-23T15:05:33Z" user="aaei924" uid="10626814" lat="35.0116656" lon="126.8041822"/>
 <node id="13397888166" visible="true" version="1" changeset="176313032" timestamp="2025-12-23T15:05:33Z" user="aaei924" uid="10626814" lat="35.0117478" lon="126.8042441"/>
 <node id="13397888167" visible="true" version="1" changeset="176313032" timestamp="2025-12-23T15:05:33Z" user="aaei924" uid="10626814" lat="35.0118136" lon="126.8043044"/>
 <node id="13397888168" visible="true" version="1" changeset="176313032" timestamp="2025-12-23T15:05:33Z" user="aaei924" uid="10626814" lat="35.0118791" lon="126.8043929"/>
 <node id="13397888169" visible="true" version="1" changeset="176313032" timestamp="2025-12-23T15:05:33Z" user="aaei924" uid="10626814" lat="35.0119237" lon="126.8044799"/>
 <node id="13397888170" visible="true" version="1" changeset="176313032" timestamp="2025-12-23T15:05:33Z" user="aaei924" uid="10626814" lat="35.0119619" lon="126.8045800"/>
 <node id="13397888171" visible="true" version="1" changeset="176313032" timestamp="2025-12-23T15:05:33Z" user="aaei924" uid="10626814" lat="35.0119833" lon="126.8046890"/>
 <node id="13397888172" visible="true" version="1" changeset="176313032" timestamp="2025-12-23T15:05:33Z" user="aaei924" uid="10626814" lat="35.0119914" lon="126.8047888"/>
 <node id="13397888173" visible="true" version="1" changeset="176313032" timestamp="2025-12-23T15:05:33Z" user="aaei924" uid="10626814" lat="35.0119768" lon="126.8049162"/>
 <node id="13397888174" visible="true" version="1" changeset="176313032" timestamp="2025-12-23T15:05:33Z" user="aaei924" uid="10626814" lat="35.0117709" lon="126.8053246"/>
 <node id="13397888175" visible="true" version="1" changeset="176313032" timestamp="2025-12-23T15:05:33Z" user="aaei924" uid="10626814" lat="35.0117097" lon="126.8053736"/>
 <node id="13397888176" visible="true" version="1" changeset="176313032" timestamp="2025-12-23T15:05:33Z" user="aaei924" uid="10626814" lat="35.0110958" lon="126.8052918"/>
 <node id="13397888177" visible="true" version="1" changeset="176313032" timestamp="2025-12-23T15:05:33Z" user="aaei924" uid="10626814" lat="35.0111104" lon="126.8052618"/>
 <node id="13397888178" visible="true" version="1" changeset="176313032" timestamp="2025-12-23T15:05:33Z" user="aaei924" uid="10626814" lat="35.0110602" lon="126.8052064"/>
 <node id="13397888179" visible="true" version="1" changeset="176313032" timestamp="2025-12-23T15:05:33Z" user="aaei924" uid="10626814" lat="35.0110081" lon="126.8051282"/>
 <node id="13397888180" visible="true" version="1" changeset="176313032" timestamp="2025-12-23T15:05:33Z" user="aaei924" uid="10626814" lat="35.0109773" lon="126.8050433"/>
 <node id="13397888181" visible="true" version="1" changeset="176313032" timestamp="2025-12-23T15:05:33Z" user="aaei924" uid="10626814" lat="35.0109450" lon="126.8049231"/>
 <node id="13397888182" visible="true" version="1" changeset="176313032" timestamp="2025-12-23T15:05:33Z" user="aaei924" uid="10626814" lat="35.0109337" lon="126.8048032"/>
 <node id="13397888183" visible="true" version="1" changeset="176313032" timestamp="2025-12-23T15:05:33Z" user="aaei924" uid="10626814" lat="35.0109411" lon="126.8046949"/>
 <node id="13397888184" visible="true" version="1" changeset="176313032" timestamp="2025-12-23T15:05:33Z" user="aaei924" uid="10626814" lat="35.0109637" lon="126.8045945"/>
 <node id="13397888185" visible="true" version="1" changeset="176313032" timestamp="2025-12-23T15:05:33Z" user="aaei924" uid="10626814" lat="35.0109910" lon="126.8045045"/>
 <node id="13397888186" visible="true" version="1" changeset="176313032" timestamp="2025-12-23T15:05:33Z" user="aaei924" uid="10626814" lat="35.0111604" lon="126.8046935"/>
 <node id="13397888187" visible="true" version="1" changeset="176313032" timestamp="2025-12-23T15:05:33Z" user="aaei924" uid="10626814" lat="35.0111743" lon="126.8045689"/>
 <node id="13397888188" visible="true" version="1" changeset="176313032" timestamp="2025-12-23T15:05:33Z" user="aaei924" uid="10626814" lat="35.0112223" lon="126.8044576"/>
 <node id="13397888189" visible="true" version="1" changeset="176313032" timestamp="2025-12-23T15:05:33Z" user="aaei924" uid="10626814" lat="35.0112986" lon="126.8043731"/>
 <node id="13397888190" visible="true" version="1" changeset="176313032" timestamp="2025-12-23T15:05:33Z" user="aaei924" uid="10626814" lat="35.0113939" lon="126.8043254"/>
 <node id="13397888191" visible="true" version="1" changeset="176313032" timestamp="2025-12-23T15:05:33Z" user="aaei924" uid="10626814" lat="35.0114968" lon="126.8043204"/>
 <node id="13397888192" visible="true" version="1" changeset="176313032" timestamp="2025-12-23T15:05:33Z" user="aaei924" uid="10626814" lat="35.0115949" lon="126.8043585"/>
 <node id="13397888193" visible="true" version="1" changeset="176313032" timestamp="2025-12-23T15:05:33Z" user="aaei924" uid="10626814" lat="35.0116765" lon="126.8044353"/>
 <node id="13397888194" visible="true" version="1" changeset="176313032" timestamp="2025-12-23T15:05:33Z" user="aaei924" uid="10626814" lat="35.0117316" lon="126.8045415"/>
 <node id="13397888195" visible="true" version="1" changeset="176313032" timestamp="2025-12-23T15:05:33Z" user="aaei924" uid="10626814" lat="35.0117537" lon="126.8046643"/>
 <node id="13397888196" visible="true" version="1" changeset="176313032" timestamp="2025-12-23T15:05:33Z" user="aaei924" uid="10626814" lat="35.0117402" lon="126.8047890"/>
 <node id="13397888197" visible="true" version="1" changeset="176313032" timestamp="2025-12-23T15:05:33Z" user="aaei924" uid="10626814" lat="35.0116207" lon="126.8047673"/>
 <node id="13397888198" visible="true" version="1" changeset="176313032" timestamp="2025-12-23T15:05:33Z" user="aaei924" uid="10626814" lat="35.0116495" lon="126.8049558"/>
 <node id="13397888199" visible="true" version="1" changeset="176313032" timestamp="2025-12-23T15:05:33Z" user="aaei924" uid="10626814" lat="35.0115796" lon="126.8050099"/>
 <node id="13397888200" visible="true" version="1" changeset="176313032" timestamp="2025-12-23T15:05:33Z" user="aaei924" uid="10626814" lat="35.0115002" lon="126.8050383"/>
 <node id="13397888201" visible="true" version="1" changeset="176313032" timestamp="2025-12-23T15:05:33Z" user="aaei924" uid="10626814" lat="35.0114174" lon="126.8050389"/>
 <node id="13397888202" visible="true" version="1" changeset="176313032" timestamp="2025-12-23T15:05:33Z" user="aaei924" uid="10626814" lat="35.0113377" lon="126.8050116"/>
 <node id="13397888203" visible="true" version="1" changeset="176313032" timestamp="2025-12-23T15:05:33Z" user="aaei924" uid="10626814" lat="35.0112673" lon="126.8049584"/>
 <node id="13397888204" visible="true" version="1" changeset="176313032" timestamp="2025-12-23T15:05:33Z" user="aaei924" uid="10626814" lat="35.0113249" lon="126.8047612"/>
 <node id="13397888205" visible="true" version="1" changeset="176313032" timestamp="2025-12-23T15:05:33Z" user="aaei924" uid="10626814" lat="35.0111750" lon="126.8047930"/>
 <node id="13397888206" visible="true" version="1" changeset="176313032" timestamp="2025-12-23T15:05:33Z" user="aaei924" uid="10626814" lat="35.0111933" lon="126.8048383"/>
 <node id="13397888207" visible="true" version="1" changeset="176313032" timestamp="2025-12-23T15:05:33Z" user="aaei924" uid="10626814" lat="35.0112394" lon="126.8049210"/>
 <node id="13397888208" visible="true" version="1" changeset="176313032" timestamp="2025-12-23T15:05:33Z" user="aaei924" uid="10626814" lat="35.0113496" lon="126.8048107"/>
 <node id="13397888209" visible="true" version="1" changeset="176313032" timestamp="2025-12-23T15:05:33Z" user="aaei924" uid="10626814" lat="35.0117223" lon="126.8048346"/>
 <node id="13397888210" visible="true" version="1" changeset="176313032" timestamp="2025-12-23T15:05:33Z" user="aaei924" uid="10626814" lat="35.0116770" lon="126.8049180"/>
 <node id="13397888211" visible="true" version="1" changeset="176313032" timestamp="2025-12-23T15:05:33Z" user="aaei924" uid="10626814" lat="35.0115946" lon="126.8048125"/>
 <node id="13398101029" visible="true" version="1" changeset="176319095" timestamp="2025-12-23T17:30:15Z" user="aaei924" uid="10626814" lat="35.0228512" lon="126.8054815"/>
 <node id="13398150629" visible="true" version="1" changeset="176319095" timestamp="2025-12-23T17:30:15Z" user="aaei924" uid="10626814" lat="35.0227516" lon="126.8055332"/>
 <node id="13539740681" visible="true" version="1" changeset="178340036" timestamp="2026-02-10T05:16:19Z" user="야광멧돼지" uid="12393144" lat="35.0107502" lon="126.8049183"/>
 <node id="13539740682" visible="true" version="1" changeset="178340036" timestamp="2026-02-10T05:16:19Z" user="야광멧돼지" uid="12393144" lat="35.0107427" lon="126.8051799"/>
 <node id="13539740683" visible="true" version="1" changeset="178340036" timestamp="2026-02-10T05:16:19Z" user="야광멧돼지" uid="12393144" lat="35.0108806" lon="126.8051799"/>
 <node id="13539740684" visible="true" version="1" changeset="178340036" timestamp="2026-02-10T05:16:19Z" user="야광멧돼지" uid="12393144" lat="35.0108836" lon="126.8052659"/>
 <node id="13539740685" visible="true" version="1" changeset="178340036" timestamp="2026-02-10T05:16:19Z" user="야광멧돼지" uid="12393144" lat="35.0108656" lon="126.8052988"/>
 <node id="13539740686" visible="true" version="1" changeset="178340036" timestamp="2026-02-10T05:16:19Z" user="야광멧돼지" uid="12393144" lat="35.0109135" lon="126.8053409"/>
 <node id="13539740687" visible="true" version="1" changeset="178340036" timestamp="2026-02-10T05:16:19Z" user="야광멧돼지" uid="12393144" lat="35.0108911" lon="126.8054104"/>
 <node id="13539740688" visible="true" version="1" changeset="178340036" timestamp="2026-02-10T05:16:19Z" user="야광멧돼지" uid="12393144" lat="35.0110319" lon="126.8055184"/>
 <node id="13539740689" visible="true" version="1" changeset="178340036" timestamp="2026-02-10T05:16:19Z" user="야광멧돼지" uid="12393144" lat="35.0111218" lon="126.8053354"/>
 <node id="13539740690" visible="true" version="1" changeset="178340036" timestamp="2026-02-10T05:16:19Z" user="야광멧돼지" uid="12393144" lat="35.0110873" lon="126.8053007"/>
 <node id="13539740691" visible="true" version="1" changeset="178340036" timestamp="2026-02-10T05:16:19Z" user="야광멧돼지" uid="12393144" lat="35.0129474" lon="126.8031285"/>
 <node id="13539740692" visible="true" version="1" changeset="178340036" timestamp="2026-02-10T05:16:19Z" user="야광멧돼지" uid="12393144" lat="35.0134617" lon="126.8020014"/>
 <node id="13539740693" visible="true" version="1" changeset="178340036" timestamp="2026-02-10T05:16:19Z" user="야광멧돼지" uid="12393144" lat="35.0134068" lon="126.8008216"/>
 <node id="13539740694" visible="true" version="1" changeset="178340036" timestamp="2026-02-10T05:16:19Z" user="야광멧돼지" uid="12393144" lat="35.0118902" lon="126.8008299"/>
 <node id="13539740695" visible="true" version="1" changeset="178340036" timestamp="2026-02-10T05:16:19Z" user="야광멧돼지" uid="12393144" lat="35.0119945" lon="126.8024196"/>
 <node id="13539740696" visible="true" version="1" changeset="178340036" timestamp="2026-02-10T05:16:19Z" user="야광멧돼지" uid="12393144" lat="35.0133685" lon="126.8025688"/>
 <node id="13539740697" visible="true" version="1" changeset="178340036" timestamp="2026-02-10T05:16:19Z" user="야광멧돼지" uid="12393144" lat="35.0133773" lon="126.8030437"/>
 <node id="13539740698" visible="true" version="1" changeset="178340036" timestamp="2026-02-10T05:16:19Z" user="야광멧돼지" uid="12393144" lat="35.0134215" lon="126.8017584"/>
 <node id="13539740699" visible="true" version="1" changeset="178340036" timestamp="2026-02-10T05:16:19Z" user="야광멧돼지" uid="12393144" lat="35.0130627" lon="126.8056943"/>
 <node id="13539740700" visible="true" version="1" changeset="178340036" timestamp="2026-02-10T05:16:19Z" user="야광멧돼지" uid="12393144" lat="35.0086760" lon="126.8047918"/>
 <node id="13539745901" visible="true" version="1" changeset="178340036" timestamp="2026-02-10T05:16:19Z" user="야광멧돼지" uid="12393144" lat="35.0082841" lon="126.8048005"/>
 <node id="13539745902" visible="true" version="1" changeset="178340036" timestamp="2026-02-10T05:16:19Z" user="야광멧돼지" uid="12393144" lat="35.0082935" lon="126.8053482"/>
 <node id="13539745903" visible="true" version="1" changeset="178340036" timestamp="2026-02-10T05:16:19Z" user="야광멧돼지" uid="12393144" lat="35.0086713" lon="126.8053309"/>
 <node id="13539745904" visible="true" version="1" changeset="178340036" timestamp="2026-02-10T05:16:19Z" user="야광멧돼지" uid="12393144" lat="35.0090154" lon="126.8059323"/>
 <node id="13539745905" visible="true" version="1" changeset="178340036" timestamp="2026-02-10T05:16:19Z" user="야광멧돼지" uid="12393144" lat="35.0090049" lon="126.8049684"/>
 <node id="13539745906" visible="true" version="1" changeset="178340036" timestamp="2026-02-10T05:16:19Z" user="야광멧돼지" uid="12393144" lat="35.0088854" lon="126.8049702"/>
 <node id="13539745907" visible="true" version="1" changeset="178340036" timestamp="2026-02-10T05:16:19Z" user="야광멧돼지" uid="12393144" lat="35.0088945" lon="126.8059341"/>
 <node id="13539745908" visible="true" version="1" changeset="178340036" timestamp="2026-02-10T05:16:19Z" user="야광멧돼지" uid="12393144" lat="35.0094480" lon="126.8059361"/>
 <node id="13539745909" visible="true" version="1" changeset="178340036" timestamp="2026-02-10T05:16:19Z" user="야광멧돼지" uid="12393144" lat="35.0094340" lon="126.8049574"/>
 <node id="13539745910" visible="true" version="1" changeset="178340036" timestamp="2026-02-10T05:16:19Z" user="야광멧돼지" uid="12393144" lat="35.0093014" lon="126.8049608"/>
 <node id="13539745911" visible="true" version="1" changeset="178340036" timestamp="2026-02-10T05:16:19Z" user="야광멧돼지" uid="12393144" lat="35.0093137" lon="126.8059389"/>
 <node id="13539745912" visible="true" version="1" changeset="178340036" timestamp="2026-02-10T05:16:19Z" user="야광멧돼지" uid="12393144" lat="35.0094320" lon="126.8048379"/>
 <node id="13539745913" visible="true" version="1" changeset="178340036" timestamp="2026-02-10T05:16:19Z" user="야광멧돼지" uid="12393144" lat="35.0089696" lon="126.8048499"/>
 <node id="13539745914" visible="true" version="1" changeset="178340036" timestamp="2026-02-10T05:16:19Z" user="야광멧돼지" uid="12393144" lat="35.0089717" lon="126.8049693"/>
 <node id="13539745915" visible="true" version="1" changeset="178340036" timestamp="2026-02-10T05:16:19Z" user="야광멧돼지" uid="12393144" lat="35.0089135" lon="126.8034910"/>
 <node id="13539745916" visible="true" version="1" changeset="178340036" timestamp="2026-02-10T05:16:19Z" user="야광멧돼지" uid="12393144" lat="35.0089530" lon="126.8035308"/>
 <node id="13539745917" visible="true" version="1" changeset="178340036" timestamp="2026-02-10T05:16:19Z" user="야광멧돼지" uid="12393144" lat="35.0089902" lon="126.8035413"/>
 <node id="13539745918" visible="true" version="1" changeset="178340036" timestamp="2026-02-10T05:16:19Z" user="야광멧돼지" uid="12393144" lat="35.0089816" lon="126.8042359"/>
 <node id="13539745919" visible="true" version="1" changeset="178340036" timestamp="2026-02-10T05:16:19Z" user="야광멧돼지" uid="12393144" lat="35.0089996" lon="126.8042670"/>
 <node id="13539745920" visible="true" version="1" changeset="178340036" timestamp="2026-02-10T05:16:19Z" user="야광멧돼지" uid="12393144" lat="35.0090242" lon="126.8042671"/>
 <node id="13539745921" visible="true" version="1" changeset="178340036" timestamp="2026-02-10T05:16:19Z" user="야광멧돼지" uid="12393144" lat="35.0090239" lon="126.8043380"/>
 <node id="13539745922" visible="true" version="1" changeset="178340036" timestamp="2026-02-10T05:16:19Z" user="야광멧돼지" uid="12393144" lat="35.0094001" lon="126.8043405"/>
 <node id="13539745923" visible="true" version="1" changeset="178340036" timestamp="2026-02-10T05:16:19Z" user="야광멧돼지" uid="12393144" lat="35.0094004" lon="126.8042819"/>
 <node id="13539745924" visible="true" version="1" changeset="178340036" timestamp="2026-02-10T05:16:19Z" user="야광멧돼지" uid="12393144" lat="35.0094700" lon="126.8042823"/>
 <node id="13539745925" visible="true" version="1" changeset="178340036" timestamp="2026-02-10T05:16:19Z" user="야광멧돼지" uid="12393144" lat="35.0094732" lon="126.8035752"/>
 <node id="13539745926" visible="true" version="1" changeset="178340036" timestamp="2026-02-10T05:16:19Z" user="야광멧돼지" uid="12393144" lat="35.0093419" lon="126.8035744"/>
 <node id="13539745927" visible="true" version="1" changeset="178340036" timestamp="2026-02-10T05:16:19Z" user="야광멧돼지" uid="12393144" lat="35.0093425" lon="126.8034515"/>
 <node id="13539745928" visible="true" version="1" changeset="178340036" timestamp="2026-02-10T05:16:19Z" user="야광멧돼지" uid="12393144" lat="35.0090780" lon="126.8034497"/>
 <node id="13539745929" visible="true" version="1" changeset="178340036" timestamp="2026-02-10T05:16:19Z" user="야광멧돼지" uid="12393144" lat="35.0090777" lon="126.8035063"/>
 <node id="13539745930" visible="true" version="1" changeset="178340036" timestamp="2026-02-10T05:16:19Z" user="야광멧돼지" uid="12393144" lat="35.0090031" lon="126.8035058"/>
 <node id="13676755076" visible="true" version="1" changeset="180387303" timestamp="2026-03-25T05:42:47Z" user="야광멧돼지" uid="12393144" lat="35.0084877" lon="126.8024863"/>
 <node id="13676755077" visible="true" version="1" changeset="180387303" timestamp="2026-03-25T05:42:47Z" user="야광멧돼지" uid="12393144" lat="35.0096829" lon="126.8032089"/>
 <node id="13676755078" visible="true" version="1" changeset="180387303" timestamp="2026-03-25T05:42:47Z" user="야광멧돼지" uid="12393144" lat="35.0096944" lon="126.8032651"/>
 <node id="13676755079" visible="true" version="1" changeset="180387303" timestamp="2026-03-25T05:42:47Z" user="야광멧돼지" uid="12393144" lat="35.0096990" lon="126.8034029"/>
 <node id="13676755080" visible="true" version="1" changeset="180387303" timestamp="2026-03-25T05:42:47Z" user="야광멧돼지" uid="12393144" lat="35.0097128" lon="126.8044545"/>
 <node id="13676755081" visible="true" version="1" changeset="180387303" timestamp="2026-03-25T05:42:47Z" user="야광멧돼지" uid="12393144" lat="35.0079557" lon="126.8044657"/>
 <node id="13676755082" visible="true" version="1" changeset="180387303" timestamp="2026-03-25T05:42:47Z" user="야광멧돼지" uid="12393144" lat="35.0079626" lon="126.8042520"/>
 <node id="13676755083" visible="true" version="1" changeset="180387303" timestamp="2026-03-25T05:42:47Z" user="야광멧돼지" uid="12393144" lat="35.0085314" lon="126.8042464"/>
 <node id="13676755084" visible="true" version="1" changeset="180387303" timestamp="2026-03-25T05:42:47Z" user="야광멧돼지" uid="12393144" lat="35.0085246" lon="126.8035571"/>
 <node id="13676755085" visible="true" version="1" changeset="180387303" timestamp="2026-03-25T05:42:47Z" user="야광멧돼지" uid="12393144" lat="35.0085107" lon="126.8030824"/>
 <node id="13676755086" visible="true" version="1" changeset="180387303" timestamp="2026-03-25T05:42:47Z" user="야광멧돼지" uid="12393144" lat="35.0085291" lon="126.8026859"/>
 <node id="13676755087" visible="true" version="1" changeset="180387303" timestamp="2026-03-25T05:42:47Z" user="야광멧돼지" uid="12393144" lat="35.0085855" lon="126.8025454"/>
 <node id="13676755088" visible="true" version="1" changeset="180387303" timestamp="2026-03-25T05:42:47Z" user="야광멧돼지" uid="12393144" lat="35.0084352" lon="126.8025669"/>
 <node id="13676755089" visible="true" version="1" changeset="180387303" timestamp="2026-03-25T05:42:47Z" user="야광멧돼지" uid="12393144" lat="35.0083902" lon="126.8026545"/>
 <node id="13676755090" visible="true" version="1" changeset="180387303" timestamp="2026-03-25T05:42:47Z" user="야광멧돼지" uid="12393144" lat="35.0083463" lon="126.8028743"/>
 <node id="13676755091" visible="true" version="1" changeset="180387303" timestamp="2026-03-25T05:42:47Z" user="야광멧돼지" uid="12393144" lat="35.0083527" lon="126.8030496"/>
 <node id="13676755092" visible="true" version="1" changeset="180387303" timestamp="2026-03-25T05:42:47Z" user="야광멧돼지" uid="12393144" lat="35.0083409" lon="126.8031555"/>
 <node id="13676755093" visible="true" version="1" changeset="180387303" timestamp="2026-03-25T05:42:47Z" user="야광멧돼지" uid="12393144" lat="35.0082584" lon="126.8034354"/>
 <node id="13676755094" visible="true" version="1" changeset="180387303" timestamp="2026-03-25T05:42:47Z" user="야광멧돼지" uid="12393144" lat="35.0081330" lon="126.8037127"/>
 <node id="13676755095" visible="true" version="1" changeset="180387303" timestamp="2026-03-25T05:42:47Z" user="야광멧돼지" uid="12393144" lat="35.0080891" lon="126.8038370"/>
 <node id="13676755096" visible="true" version="1" changeset="180387303" timestamp="2026-03-25T05:42:47Z" user="야광멧돼지" uid="12393144" lat="35.0080216" lon="126.8040175"/>
 <node id="13676755097" visible="true" version="1" changeset="180387303" timestamp="2026-03-25T05:42:47Z" user="야광멧돼지" uid="12393144" lat="35.0079895" lon="126.8041326"/>
 <node id="13676755098" visible="true" version="1" changeset="180387303" timestamp="2026-03-25T05:42:47Z" user="야광멧돼지" uid="12393144" lat="35.0080848" lon="126.8038485"/>
 <node id="13676755099" visible="true" version="1" changeset="180387303" timestamp="2026-03-25T05:42:47Z" user="야광멧돼지" uid="12393144" lat="35.0082113" lon="126.8037376"/>
 <node id="13676755100" visible="true" version="1" changeset="180387303" timestamp="2026-03-25T05:42:47Z" user="야광멧돼지" uid="12393144" lat="35.0082916" lon="126.8036813"/>
 <node id="13676912101" visible="true" version="1" changeset="180387303" timestamp="2026-03-25T05:42:47Z" user="야광멧돼지" uid="12393144" lat="35.0083795" lon="126.8036225"/>
 <node id="13676912102" visible="true" version="1" changeset="180387303" timestamp="2026-03-25T05:42:47Z" user="야광멧돼지" uid="12393144" lat="35.0084555" lon="126.8035597"/>
 <node id="13676912103" visible="true" version="1" changeset="180387303" timestamp="2026-03-25T05:42:47Z" user="야광멧돼지" uid="12393144" lat="35.0088455" lon="126.8035453"/>
 <node id="13676912104" visible="true" version="1" changeset="180387303" timestamp="2026-03-25T05:42:47Z" user="야광멧돼지" uid="12393144" lat="35.0082476" lon="126.8037122"/>
 <node id="13676912105" visible="true" version="1" changeset="180387303" timestamp="2026-03-25T05:42:47Z" user="야광멧돼지" uid="12393144" lat="35.0082552" lon="126.8042491"/>
 <node id="13676912106" visible="true" version="1" changeset="180387303" timestamp="2026-03-25T05:42:47Z" user="야광멧돼지" uid="12393144" lat="35.0082541" lon="126.8044638"/>
 <node id="13676912107" visible="true" version="1" changeset="180387303" timestamp="2026-03-25T05:42:47Z" user="야광멧돼지" uid="12393144" lat="35.0082530" lon="126.8046846"/>
 <node id="13676912108" visible="true" version="1" changeset="180387303" timestamp="2026-03-25T05:42:47Z" user="야광멧돼지" uid="12393144" lat="35.0086934" lon="126.8046755"/>
 <node id="13676912109" visible="true" version="1" changeset="180387303" timestamp="2026-03-25T05:42:47Z" user="야광멧돼지" uid="12393144" lat="35.0088380" lon="126.8046755"/>
 <node id="13676912110" visible="true" version="1" changeset="180387303" timestamp="2026-03-25T05:42:47Z" user="야광멧돼지" uid="12393144" lat="35.0088380" lon="126.8044601"/>
 <node id="13676912111" visible="true" version="1" changeset="180387303" timestamp="2026-03-25T05:42:47Z" user="야광멧돼지" uid="12393144" lat="35.0088402" lon="126.8042974"/>
 <node id="13676912112" visible="true" version="1" changeset="180387303" timestamp="2026-03-25T05:42:47Z" user="야광멧돼지" uid="12393144" lat="35.0087737" lon="126.8042412"/>
 <node id="13676912113" visible="true" version="1" changeset="180387303" timestamp="2026-03-25T05:42:47Z" user="야광멧돼지" uid="12393144" lat="35.0085220" lon="126.8044621"/>
 <node id="13676912114" visible="true" version="1" changeset="180387303" timestamp="2026-03-25T05:42:47Z" user="야광멧돼지" uid="12393144" lat="35.0085177" lon="126.8046791"/>
 <node id="13676912115" visible="true" version="1" changeset="180387303" timestamp="2026-03-25T05:42:47Z" user="야광멧돼지" uid="12393144" lat="35.0079523" lon="126.8045985"/>
 <node id="13676912116" visible="true" version="1" changeset="180387303" timestamp="2026-03-25T05:42:47Z" user="야광멧돼지" uid="12393144" lat="35.0079246" lon="126.8047531"/>
 <node id="13676912117" visible="true" version="1" changeset="180387303" timestamp="2026-03-25T05:42:47Z" user="야광멧돼지" uid="12393144" lat="35.0078463" lon="126.8048571"/>
 <node id="13676912118" visible="true" version="1" changeset="180387303" timestamp="2026-03-25T05:42:47Z" user="야광멧돼지" uid="12393144" lat="35.0077427" lon="126.8050005"/>
 <node id="13676912119" visible="true" version="1" changeset="180387303" timestamp="2026-03-25T05:42:47Z" user="야광멧돼지" uid="12393144" lat="35.0076621" lon="126.8050905"/>
 <node id="13676912120" visible="true" version="1" changeset="180387303" timestamp="2026-03-25T05:42:47Z" user="야광멧돼지" uid="12393144" lat="35.0076437" lon="126.8051524"/>
 <node id="13676912121" visible="true" version="1" changeset="180387303" timestamp="2026-03-25T05:42:47Z" user="야광멧돼지" uid="12393144" lat="35.0076160" lon="126.8052901"/>
 <node id="13676912122" visible="true" version="1" changeset="180387303" timestamp="2026-03-25T05:42:47Z" user="야광멧돼지" uid="12393144" lat="35.0076045" lon="126.8054616"/>
 <node id="13676912123" visible="true" version="1" changeset="180387303" timestamp="2026-03-25T05:42:47Z" user="야광멧돼지" uid="12393144" lat="35.0075953" lon="126.8055994"/>
 <node id="13676912124" visible="true" version="1" changeset="180387303" timestamp="2026-03-25T05:42:47Z" user="야광멧돼지" uid="12393144" lat="35.0075654" lon="126.8056978"/>
 <node id="13676912125" visible="true" version="1" changeset="180387303" timestamp="2026-03-25T05:42:47Z" user="야광멧돼지" uid="12393144" lat="35.0075124" lon="126.8057822"/>
 <node id="13676912126" visible="true" version="1" changeset="180387303" timestamp="2026-03-25T05:42:47Z" user="야광멧돼지" uid="12393144" lat="35.0074203" lon="126.8059228"/>
 <node id="13676912127" visible="true" version="1" changeset="180387303" timestamp="2026-03-25T05:42:47Z" user="야광멧돼지" uid="12393144" lat="35.0075792" lon="126.8060493"/>
 <node id="13676912128" visible="true" version="1" changeset="180387303" timestamp="2026-03-25T05:42:47Z" user="야광멧돼지" uid="12393144" lat="35.0076874" lon="126.8060690"/>
 <node id="13676912129" visible="true" version="1" changeset="180387303" timestamp="2026-03-25T05:42:47Z" user="야광멧돼지" uid="12393144" lat="35.0077634" lon="126.8060943"/>
 <node id="13676912130" visible="true" version="1" changeset="180387303" timestamp="2026-03-25T05:42:47Z" user="야광멧돼지" uid="12393144" lat="35.0078049" lon="126.8061449"/>
 <node id="13676912131" visible="true" version="1" changeset="180387303" timestamp="2026-03-25T05:42:47Z" user="야광멧돼지" uid="12393144" lat="35.0078279" lon="126.8062349"/>
 <node id="13676912132" visible="true" version="1" changeset="180387303" timestamp="2026-03-25T05:42:47Z" user="야광멧돼지" uid="12393144" lat="35.0078164" lon="126.8063586"/>
 <node id="13676912133" visible="true" version="1" changeset="180387303" timestamp="2026-03-25T05:42:47Z" user="야광멧돼지" uid="12393144" lat="35.0078072" lon="126.8063979"/>
 <node id="13676912134" visible="true" version="1" changeset="180387303" timestamp="2026-03-25T05:42:47Z" user="야광멧돼지" uid="12393144" lat="35.0078625" lon="126.8066594"/>
 <node id="13676912135" visible="true" version="1" changeset="180387303" timestamp="2026-03-25T05:42:47Z" user="야광멧돼지" uid="12393144" lat="35.0078740" lon="126.8066932"/>
 <node id="13676912136" visible="true" version="1" changeset="180387303" timestamp="2026-03-25T05:42:47Z" user="야광멧돼지" uid="12393144" lat="35.0079661" lon="126.8065076"/>
 <node id="13676912137" visible="true" version="1" changeset="180387303" timestamp="2026-03-25T05:42:47Z" user="야광멧돼지" uid="12393144" lat="35.0080075" lon="126.8063333"/>
 <node id="13676912138" visible="true" version="1" changeset="180387303" timestamp="2026-03-25T05:42:47Z" user="야광멧돼지" uid="12393144" lat="35.0080168" lon="126.8061618"/>
 <node id="13676912139" visible="true" version="1" changeset="180387303" timestamp="2026-03-25T05:42:47Z" user="야광멧돼지" uid="12393144" lat="35.0080214" lon="126.8059537"/>
 <node id="13676912140" visible="true" version="1" changeset="180387303" timestamp="2026-03-25T05:42:47Z" user="야광멧돼지" uid="12393144" lat="35.0080052" lon="126.8058384"/>
 <node id="13676912141" visible="true" version="1" changeset="180387303" timestamp="2026-03-25T05:42:47Z" user="야광멧돼지" uid="12393144" lat="35.0079269" lon="126.8058131"/>
 <node id="13676912142" visible="true" version="1" changeset="180387303" timestamp="2026-03-25T05:42:47Z" user="야광멧돼지" uid="12393144" lat="35.0078348" lon="126.8057288"/>
 <node id="13676912143" visible="true" version="1" changeset="180387303" timestamp="2026-03-25T05:42:47Z" user="야광멧돼지" uid="12393144" lat="35.0077911" lon="126.8056528"/>
 <node id="13676912144" visible="true" version="1" changeset="180387303" timestamp="2026-03-25T05:42:47Z" user="야광멧돼지" uid="12393144" lat="35.0078164" lon="126.8054701"/>
 <node id="13676912145" visible="true" version="1" changeset="180387303" timestamp="2026-03-25T05:42:47Z" user="야광멧돼지" uid="12393144" lat="35.0078417" lon="126.8053211"/>
 <node id="13676912146" visible="true" version="1" changeset="180387303" timestamp="2026-03-25T05:42:47Z" user="야광멧돼지" uid="12393144" lat="35.0078463" lon="126.8051580"/>
 <node id="13676912147" visible="true" version="1" changeset="180387303" timestamp="2026-03-25T05:42:47Z" user="야광멧돼지" uid="12393144" lat="35.0078325" lon="126.8049274"/>
 <node id="13676912148" visible="true" version="1" changeset="180387303" timestamp="2026-03-25T05:42:47Z" user="야광멧돼지" uid="12393144" lat="35.0082102" lon="126.8049246"/>
 <node id="13676912149" visible="true" version="1" changeset="180387303" timestamp="2026-03-25T05:42:47Z" user="야광멧돼지" uid="12393144" lat="35.0082112" lon="126.8054023"/>
 <node id="13676912150" visible="true" version="1" changeset="180387303" timestamp="2026-03-25T05:42:47Z" user="야광멧돼지" uid="12393144" lat="35.0082298" lon="126.8054023"/>
 <node id="13676912151" visible="true" version="1" changeset="180387303" timestamp="2026-03-25T05:42:47Z" user="야광멧돼지" uid="12393144" lat="35.0082280" lon="126.8054671"/>
 <node id="13676912152" visible="true" version="1" changeset="180387303" timestamp="2026-03-25T05:42:47Z" user="야광멧돼지" uid="12393144" lat="35.0082585" lon="126.8054944"/>
 <node id="13676912153" visible="true" version="1" changeset="180387303" timestamp="2026-03-25T05:42:47Z" user="야광멧돼지" uid="12393144" lat="35.0082694" lon="126.8055519"/>
 <node id="13676912154" visible="true" version="1" changeset="180387303" timestamp="2026-03-25T05:42:47Z" user="야광멧돼지" uid="12393144" lat="35.0082632" lon="126.8056747"/>
 <node id="13676912155" visible="true" version="1" changeset="180387303" timestamp="2026-03-25T05:42:47Z" user="야광멧돼지" uid="12393144" lat="35.0082365" lon="126.8057629"/>
 <node id="13676912156" visible="true" version="1" changeset="180387303" timestamp="2026-03-25T05:42:47Z" user="야광멧돼지" uid="12393144" lat="35.0082145" lon="126.8058626"/>
 <node id="13676912157" visible="true" version="1" changeset="180387303" timestamp="2026-03-25T05:42:47Z" user="야광멧돼지" uid="12393144" lat="35.0082223" lon="126.8059604"/>
 <node id="13676912158" visible="true" version="1" changeset="180387303" timestamp="2026-03-25T05:42:47Z" user="야광멧돼지" uid="12393144" lat="35.0082537" lon="126.8060045"/>
 <node id="13676912159" visible="true" version="1" changeset="180387303" timestamp="2026-03-25T05:42:47Z" user="야광멧돼지" uid="12393144" lat="35.0083370" lon="126.8060755"/>
 <node id="13676912160" visible="true" version="1" changeset="180387303" timestamp="2026-03-25T05:42:47Z" user="야광멧돼지" uid="12393144" lat="35.0084328" lon="126.8060927"/>
 <node id="13676912161" visible="true" version="1" changeset="180387303" timestamp="2026-03-25T05:42:47Z" user="야광멧돼지" uid="12393144" lat="35.0085271" lon="126.8060640"/>
 <node id="13676912162" visible="true" version="1" changeset="180387303" timestamp="2026-03-25T05:42:47Z" user="야광멧돼지" uid="12393144" lat="35.0086182" lon="126.8059988"/>
 <node id="13676912163" visible="true" version="1" changeset="180387303" timestamp="2026-03-25T05:42:47Z" user="야광멧돼지" uid="12393144" lat="35.0086716" lon="126.8058952"/>
 <node id="13676912164" visible="true" version="1" changeset="180387303" timestamp="2026-03-25T05:42:47Z" user="야광멧돼지" uid="12393144" lat="35.0086794" lon="126.8057763"/>
 <node id="13676912165" visible="true" version="1" changeset="180387303" timestamp="2026-03-25T05:42:47Z" user="야광멧돼지" uid="12393144" lat="35.0086716" lon="126.8053774"/>
 <node id="13676912166" visible="true" version="1" changeset="180387303" timestamp="2026-03-25T05:42:47Z" user="야광멧돼지" uid="12393144" lat="35.0081658" lon="126.8055519"/>
 <node id="13676912167" visible="true" version="1" changeset="180387303" timestamp="2026-03-25T05:42:47Z" user="야광멧돼지" uid="12393144" lat="35.0080715" lon="126.8056977"/>
 <node id="13676912168" visible="true" version="1" changeset="180387303" timestamp="2026-03-25T05:42:47Z" user="야광멧돼지" uid="12393144" lat="35.0078134" lon="126.8049027"/>
 <node id="13676912169" visible="true" version="1" changeset="180387303" timestamp="2026-03-25T05:42:47Z" user="야광멧돼지" uid="12393144" lat="35.0081889" lon="126.8052484"/>
 <node id="13676912170" visible="true" version="1" changeset="180387303" timestamp="2026-03-25T05:42:47Z" user="야광멧돼지" uid="12393144" lat="35.0081881" lon="126.8051512"/>
 <node id="13676912171" visible="true" version="1" changeset="180387303" timestamp="2026-03-25T05:42:47Z" user="야광멧돼지" uid="12393144" lat="35.0081743" lon="126.8051476"/>
 <node id="13676912172" visible="true" version="1" changeset="180387303" timestamp="2026-03-25T05:42:47Z" user="야광멧돼지" uid="12393144" lat="35.0081743" lon="126.8050156"/>
 <node id="13676912173" visible="true" version="1" changeset="180387303" timestamp="2026-03-25T05:42:47Z" user="야광멧돼지" uid="12393144" lat="35.0081874" lon="126.8050156"/>
 <node id="13676912174" visible="true" version="1" changeset="180387303" timestamp="2026-03-25T05:42:47Z" user="야광멧돼지" uid="12393144" lat="35.0081874" lon="126.8049710"/>
 <node id="13676912175" visible="true" version="1" changeset="180387303" timestamp="2026-03-25T05:42:47Z" user="야광멧돼지" uid="12393144" lat="35.0081662" lon="126.8049727"/>
 <node id="13676912176" visible="true" version="1" changeset="180387303" timestamp="2026-03-25T05:42:47Z" user="야광멧돼지" uid="12393144" lat="35.0081670" lon="126.8049888"/>
 <node id="13676912177" visible="true" version="1" changeset="180387303" timestamp="2026-03-25T05:42:47Z" user="야광멧돼지" uid="12393144" lat="35.0081319" lon="126.8049879"/>
 <node id="13676912178" visible="true" version="1" changeset="180387303" timestamp="2026-03-25T05:42:47Z" user="야광멧돼지" uid="12393144" lat="35.0081319" lon="126.8049727"/>
 <node id="13676912179" visible="true" version="1" changeset="180387303" timestamp="2026-03-25T05:42:47Z" user="야광멧돼지" uid="12393144" lat="35.0081048" lon="126.8049727"/>
 <node id="13676912180" visible="true" version="1" changeset="180387303" timestamp="2026-03-25T05:42:47Z" user="야광멧돼지" uid="12393144" lat="35.0081048" lon="126.8050013"/>
 <node id="13676912181" visible="true" version="1" changeset="180387303" timestamp="2026-03-25T05:42:47Z" user="야광멧돼지" uid="12393144" lat="35.0080851" lon="126.8050022"/>
 <node id="13676912182" visible="true" version="1" changeset="180387303" timestamp="2026-03-25T05:42:47Z" user="야광멧돼지" uid="12393144" lat="35.0080836" lon="126.8050566"/>
 <node id="13676912183" visible="true" version="1" changeset="180387303" timestamp="2026-03-25T05:42:47Z" user="야광멧돼지" uid="12393144" lat="35.0079923" lon="126.8050602"/>
 <node id="13676912184" visible="true" version="1" changeset="180387303" timestamp="2026-03-25T05:42:47Z" user="야광멧돼지" uid="12393144" lat="35.0079631" lon="126.8051298"/>
 <node id="13676912185" visible="true" version="1" changeset="180387303" timestamp="2026-03-25T05:42:47Z" user="야광멧돼지" uid="12393144" lat="35.0079638" lon="126.8051762"/>
 <node id="13676912186" visible="true" version="1" changeset="180387303" timestamp="2026-03-25T05:42:47Z" user="야광멧돼지" uid="12393144" lat="35.0079850" lon="126.8052101"/>
 <node id="13676912187" visible="true" version="1" changeset="180387303" timestamp="2026-03-25T05:42:47Z" user="야광멧돼지" uid="12393144" lat="35.0080398" lon="126.8052110"/>
 <node id="13676912188" visible="true" version="1" changeset="180387303" timestamp="2026-03-25T05:42:47Z" user="야광멧돼지" uid="12393144" lat="35.0080581" lon="126.8052368"/>
 <node id="13676912189" visible="true" version="1" changeset="180387303" timestamp="2026-03-25T05:42:47Z" user="야광멧돼지" uid="12393144" lat="35.0080515" lon="126.8052806"/>
 <node id="13676912190" visible="true" version="1" changeset="180387303" timestamp="2026-03-25T05:42:47Z" user="야광멧돼지" uid="12393144" lat="35.0080135" lon="126.8053600"/>
 <node id="13676912191" visible="true" version="1" changeset="180387303" timestamp="2026-03-25T05:42:47Z" user="야광멧돼지" uid="12393144" lat="35.0079791" lon="126.8053992"/>
 <node id="13676912192" visible="true" version="1" changeset="180387303" timestamp="2026-03-25T05:42:47Z" user="야광멧돼지" uid="12393144" lat="35.0079265" lon="126.8054153"/>
 <node id="13676912193" visible="true" version="1" changeset="180387303" timestamp="2026-03-25T05:42:47Z" user="야광멧돼지" uid="12393144" lat="35.0078958" lon="126.8054287"/>
 <node id="13676912194" visible="true" version="1" changeset="180387303" timestamp="2026-03-25T05:42:47Z" user="야광멧돼지" uid="12393144" lat="35.0078783" lon="126.8054554"/>
 <node id="13676912195" visible="true" version="1" changeset="180387303" timestamp="2026-03-25T05:42:47Z" user="야광멧돼지" uid="12393144" lat="35.0078812" lon="126.8055090"/>
 <node id="13676912196" visible="true" version="1" changeset="180387303" timestamp="2026-03-25T05:42:47Z" user="야광멧돼지" uid="12393144" lat="35.0079258" lon="126.8055803"/>
 <node id="13676912197" visible="true" version="1" changeset="180387303" timestamp="2026-03-25T05:42:47Z" user="야광멧돼지" uid="12393144" lat="35.0079463" lon="126.8055991"/>
 <node id="13676912198" visible="true" version="1" changeset="180387303" timestamp="2026-03-25T05:42:47Z" user="야광멧돼지" uid="12393144" lat="35.0079755" lon="126.8055857"/>
 <node id="13676912199" visible="true" version="1" changeset="180387303" timestamp="2026-03-25T05:42:47Z" user="야광멧돼지" uid="12393144" lat="35.0079886" lon="126.8055366"/>
 <node id="13676912200" visible="true" version="1" changeset="180387303" timestamp="2026-03-25T05:42:47Z" user="야광멧돼지" uid="12393144" lat="35.0080025" lon="126.8054643"/>
 <node id="13676912201" visible="true" version="1" changeset="180387303" timestamp="2026-03-25T05:42:47Z" user="야광멧돼지" uid="12393144" lat="35.0080230" lon="126.8054001"/>
 <node id="13676912202" visible="true" version="1" changeset="180387303" timestamp="2026-03-25T05:42:47Z" user="야광멧돼지" uid="12393144" lat="35.0080471" lon="126.8053600"/>
 <node id="13676912203" visible="true" version="1" changeset="180387303" timestamp="2026-03-25T05:42:47Z" user="야광멧돼지" uid="12393144" lat="35.0080661" lon="126.8053555"/>
 <node id="13676912204" visible="true" version="1" changeset="180387303" timestamp="2026-03-25T05:42:47Z" user="야광멧돼지" uid="12393144" lat="35.0081180" lon="126.8053760"/>
 <node id="13676912205" visible="true" version="1" changeset="180387303" timestamp="2026-03-25T05:42:47Z" user="야광멧돼지" uid="12393144" lat="35.0081195" lon="126.8052493"/>
 <node id="13676912206" visible="true" version="1" changeset="180387303" timestamp="2026-03-25T05:42:47Z" user="야광멧돼지" uid="12393144" lat="35.0065093" lon="126.8071481"/>
 <node id="13676912207" visible="true" version="1" changeset="180387303" timestamp="2026-03-25T05:42:47Z" user="야광멧돼지" uid="12393144" lat="35.0069189" lon="126.8075294"/>
 <node id="13676912208" visible="true" version="1" changeset="180387303" timestamp="2026-03-25T05:42:47Z" user="야광멧돼지" uid="12393144" lat="35.0075592" lon="126.8073522"/>
 <node id="13676912209" visible="true" version="1" changeset="180387303" timestamp="2026-03-25T05:42:47Z" user="야광멧돼지" uid="12393144" lat="35.0081506" lon="126.8069404"/>
 <node id="13676912210" visible="true" version="1" changeset="180387303" timestamp="2026-03-25T05:42:47Z" user="야광멧돼지" uid="12393144" lat="35.0091614" lon="126.8028936">
  <tag k="highway" v="crossing"/>
 </node>
 <node id="13895216729" visible="true" version="2" changeset="183726681" timestamp="2026-06-06T08:12:23Z" user="mueschel" uid="616774" lat="35.0063420" lon="126.7998800">
  <tag k="check_date" v="2025-10-24"/>
  <tag k="count" v="1"/>
  <tag k="man_made" v="surveillance"/>
  <tag k="operator" v="나주시청"/>
  <tag k="operator:phone" v="+82 61 339 4705"/>
  <tag k="surveillance" v="public"/>
  <tag k="surveillance:purpose" v="다목적"/>
  <tag k="surveillance:type" v="camera"/>
 </node>
 <node id="13895216845" visible="true" version="2" changeset="183726681" timestamp="2026-06-06T08:12:23Z" user="mueschel" uid="616774" lat="35.0089140" lon="126.7998170">
  <tag k="check_date" v="2025-10-24"/>
  <tag k="count" v="1"/>
  <tag k="man_made" v="surveillance"/>
  <tag k="operator" v="나주시청"/>
  <tag k="operator:phone" v="+82 61 339 4705"/>
  <tag k="surveillance" v="public"/>
  <tag k="surveillance:purpose" v="다목적"/>
  <tag k="surveillance:type" v="camera"/>
 </node>
 <node id="13895216863" visible="true" version="2" changeset="183726681" timestamp="2026-06-06T08:12:23Z" user="mueschel" uid="616774" lat="35.0098600" lon="126.8003800">
  <tag k="check_date" v="2025-10-24"/>
  <tag k="count" v="1"/>
  <tag k="man_made" v="surveillance"/>
  <tag k="operator" v="나주시청"/>
  <tag k="operator:phone" v="+82 61 339 4705"/>
  <tag k="surveillance" v="public"/>
  <tag k="surveillance:purpose" v="다목적"/>
  <tag k="surveillance:type" v="camera"/>
 </node>
 <node id="13895216902" visible="true" version="2" changeset="183726681" timestamp="2026-06-06T08:12:23Z" user="mueschel" uid="616774" lat="35.0121000" lon="126.8006100">
  <tag k="check_date" v="2025-10-24"/>
  <tag k="count" v="1"/>
  <tag k="man_made" v="surveillance"/>
  <tag k="operator" v="나주시청"/>
  <tag k="operator:phone" v="+82 61 339 4705"/>
  <tag k="surveillance" v="public"/>
  <tag k="surveillance:purpose" v="다목적"/>
  <tag k="surveillance:type" v="camera"/>
 </node>
 <node id="13895216977" visible="true" version="2" changeset="183726685" timestamp="2026-06-06T08:12:25Z" user="mueschel" uid="616774" lat="35.0057020" lon="126.8079210">
  <tag k="check_date" v="2025-10-24"/>
  <tag k="count" v="1"/>
  <tag k="man_made" v="surveillance"/>
  <tag k="operator" v="나주시청"/>
  <tag k="operator:phone" v="+82 61 339 4705"/>
  <tag k="surveillance" v="public"/>
  <tag k="surveillance:purpose" v="다목적"/>
  <tag k="surveillance:type" v="camera"/>
 </node>
 <node id="13895217103" visible="true" version="2" changeset="183726685" timestamp="2026-06-06T08:12:25Z" user="mueschel" uid="616774" lat="35.0137470" lon="126.8006050">
  <tag k="check_date" v="2025-10-24"/>
  <tag k="count" v="1"/>
  <tag k="man_made" v="surveillance"/>
  <tag k="operator" v="나주시청"/>
  <tag k="operator:phone" v="+82 61 339 4705"/>
  <tag k="surveillance" v="public"/>
  <tag k="surveillance:purpose" v="다목적"/>
  <tag k="surveillance:type" v="camera"/>
 </node>
 <node id="13895217251" visible="true" version="2" changeset="183726685" timestamp="2026-06-06T08:12:25Z" user="mueschel" uid="616774" lat="35.0057870" lon="126.8078570">
  <tag k="check_date" v="2025-10-24"/>
  <tag k="count" v="1"/>
  <tag k="man_made" v="surveillance"/>
  <tag k="operator" v="나주시청"/>
  <tag k="operator:phone" v="+82 61 339 4705"/>
  <tag k="surveillance" v="public"/>
  <tag k="surveillance:purpose" v="다목적"/>
  <tag k="surveillance:type" v="camera"/>
 </node>
 <node id="13895217714" visible="true" version="2" changeset="183726685" timestamp="2026-06-06T08:12:25Z" user="mueschel" uid="616774" lat="35.0134500" lon="126.7983400">
  <tag k="check_date" v="2025-10-24"/>
  <tag k="count" v="1"/>
  <tag k="man_made" v="surveillance"/>
  <tag k="operator" v="나주시청"/>
  <tag k="operator:phone" v="+82 61 339 4705"/>
  <tag k="surveillance" v="public"/>
  <tag k="surveillance:purpose" v="다목적"/>
  <tag k="surveillance:type" v="camera"/>
 </node>
 <node id="13913446392" visible="true" version="1" changeset="183719228" timestamp="2026-06-06T00:53:04Z" user="aaei924" uid="10626814" lat="35.0027006" lon="126.8126107">
  <tag k="highway" v="traffic_signals"/>
  <tag k="name" v="신도교차로"/>
  <tag k="traffic_signals" v="signal"/>
 </node>
 <node id="13922718682" visible="true" version="1" changeset="183872037" timestamp="2026-06-09T11:55:14Z" user="야광멧돼지" uid="12393144" lat="35.0046655" lon="126.8096491"/>
 <node id="13922718683" visible="true" version="1" changeset="183872037" timestamp="2026-06-09T11:55:14Z" user="야광멧돼지" uid="12393144" lat="35.0061182" lon="126.8076664"/>
 <way id="37220880" visible="true" version="8" changeset="175106150" timestamp="2025-11-25T11:40:58Z" user="LuxuryCoop" uid="7245212">
  <nd ref="433187294"/>
  <nd ref="433187399"/>
  <nd ref="5309416436"/>
  <nd ref="4969382598"/>
  <nd ref="5309416435"/>
  <nd ref="4969382584"/>
  <nd ref="4969382583"/>
  <nd ref="433187284"/>
  <nd ref="4969382582"/>
  <nd ref="433187257"/>
  <nd ref="4969382581"/>
  <nd ref="4969382580"/>
  <nd ref="4969382578"/>
  <nd ref="4969382579"/>
  <nd ref="433187416"/>
  <nd ref="433187814"/>
  <nd ref="433187959"/>
  <nd ref="4969382597"/>
  <nd ref="4969382596"/>
  <nd ref="4969382595"/>
  <nd ref="4969382594"/>
  <nd ref="4969382593"/>
  <nd ref="433187947"/>
  <nd ref="4969382592"/>
  <nd ref="4969382591"/>
  <nd ref="4969382590"/>
  <nd ref="433188051"/>
  <nd ref="433188046"/>
  <nd ref="433187875"/>
  <nd ref="4969382589"/>
  <nd ref="5307632305"/>
  <nd ref="433187855"/>
  <nd ref="4969382588"/>
  <nd ref="4969382587"/>
  <nd ref="433187703"/>
  <nd ref="433187975"/>
  <nd ref="433188074"/>
  <nd ref="4969382586"/>
  <nd ref="433188053"/>
  <nd ref="433187266"/>
  <nd ref="5309416101"/>
  <nd ref="433187275"/>
  <nd ref="433188032"/>
  <nd ref="433188016"/>
  <nd ref="433187838"/>
  <nd ref="433190813"/>
  <nd ref="433190828"/>
  <nd ref="433187294"/>
  <tag k="name" v="송림제"/>
  <tag k="natural" v="water"/>
  <tag k="water" v="reservoir"/>
 </way>
 <way id="256677047" visible="true" version="25" changeset="174046299" timestamp="2025-11-01T05:13:14Z" user="torisugari" uid="22158042">
  <nd ref="9787073743"/>
  <nd ref="5307971338"/>
  <nd ref="5180189978"/>
  <nd ref="2623137535"/>
  <nd ref="5307971337"/>
  <nd ref="5180189977"/>
  <nd ref="2623137543"/>
  <nd ref="5180189976"/>
  <nd ref="2623137545"/>
  <nd ref="5180189975"/>
  <nd ref="10232344615"/>
  <nd ref="3317878849"/>
  <nd ref="13273395541"/>
  <nd ref="13273395540"/>
  <nd ref="2623137544"/>
  <nd ref="6147537027"/>
  <nd ref="5180189933"/>
  <nd ref="6147536991"/>
  <nd ref="5354444858"/>
  <nd ref="6147536990"/>
  <nd ref="2623137539"/>
  <nd ref="2662276083"/>
  <nd ref="5180189971"/>
  <nd ref="13273395542"/>
  <nd ref="6147536989"/>
  <nd ref="6147536988"/>
  <nd ref="2623137537"/>
  <nd ref="6147536987"/>
  <nd ref="10549110417"/>
  <nd ref="2623137542"/>
  <tag k="highway" v="secondary"/>
  <tag k="name" v="혁신로"/>
  <tag k="name:en" v="Hyeoksin-ro"/>
  <tag k="name:ko" v="혁신로"/>
 </way>
 <way id="260699070" visible="true" version="21" changeset="144325400" timestamp="2023-11-22T12:55:22Z" user="asdfqwer51" uid="3350410">
  <nd ref="5291647173"/>
  <nd ref="5291647175"/>
  <nd ref="5291647177"/>
  <nd ref="5309677810"/>
  <nd ref="5291647179"/>
  <nd ref="5307959902"/>
  <nd ref="4974385190"/>
  <nd ref="5291647189"/>
  <nd ref="5291647191"/>
  <nd ref="10120628595"/>
  <nd ref="3317874405"/>
  <nd ref="8254947144"/>
  <nd ref="10729284652"/>
  <nd ref="8254947170"/>
  <nd ref="5180189974"/>
  <nd ref="2623137544"/>
  <tag k="highway" v="tertiary"/>
  <tag k="name" v="호수로"/>
  <tag k="name:en" v="Hosu-ro"/>
  <tag k="name:ko" v="호수로"/>
 </way>
 <way id="473493025" visible="true" version="9" changeset="163971755" timestamp="2025-03-23T05:18:51Z" user="chiho_kang" uid="10604125">
  <nd ref="4675966223"/>
  <nd ref="4675966224"/>
  <nd ref="4675966225"/>
  <nd ref="4675966226"/>
  <nd ref="5181473113"/>
  <nd ref="5181473114"/>
  <nd ref="8281390505"/>
  <nd ref="5181473115"/>
  <nd ref="8281390504"/>
  <nd ref="8281390503"/>
  <nd ref="4675966223"/>
  <tag k="addr:city" v="나주시"/>
  <tag k="addr:housenumber" v="276"/>
  <tag k="addr:postcode" v="58329"/>
  <tag k="addr:province" v="전라남도"/>
  <tag k="addr:street" v="그린로"/>
  <tag k="addr:subdistrict" v="빛가람동"/>
  <tag k="landuse" v="residential"/>
  <tag k="name" v="에듀캐슬"/>
  <tag k="name:en" v="Edu Castle"/>
  <tag k="name:ko" v="에듀캐슬"/>
  <tag k="operator" v="한국토지주택공사"/>
  <tag k="residential" v="apartments"/>
 </way>
 <way id="507430333" visible="true" version="5" changeset="176313032" timestamp="2025-12-23T15:05:33Z" user="aaei924" uid="10626814">
  <nd ref="12628423566"/>
  <nd ref="5307632307"/>
  <nd ref="5307632306"/>
  <nd ref="5307632305"/>
  <nd ref="5307632304"/>
  <nd ref="5307632303"/>
  <nd ref="5307632302"/>
  <nd ref="5307632301"/>
  <nd ref="5307632300"/>
  <nd ref="5307632299"/>
  <nd ref="4969382598"/>
  <nd ref="4969382599"/>
  <nd ref="4969382600"/>
  <nd ref="4969382601"/>
  <nd ref="4969382602"/>
  <nd ref="4969382603"/>
  <nd ref="4969382604"/>
  <nd ref="4969382605"/>
  <nd ref="4969382606"/>
  <nd ref="4969382607"/>
  <nd ref="4969382608"/>
  <nd ref="4969382609"/>
  <nd ref="4969382610"/>
  <nd ref="4969382611"/>
  <nd ref="4969382612"/>
  <nd ref="4969382613"/>
  <nd ref="4969382614"/>
  <nd ref="4969382615"/>
  <nd ref="4969382616"/>
  <nd ref="4969382617"/>
  <nd ref="4969382618"/>
  <nd ref="4969382619"/>
  <nd ref="13397142187"/>
  <nd ref="4969382620"/>
  <nd ref="4969382621"/>
  <nd ref="4969382622"/>
  <nd ref="4969382623"/>
  <nd ref="4969382624"/>
  <nd ref="4969382625"/>
  <tag k="name" v="은사천"/>
  <tag k="name:en" v="Eunsa Stream"/>
  <tag k="name:ko" v="은사천"/>
  <tag k="waterway" v="stream"/>
 </way>
 <way id="508303718" visible="true" version="5" changeset="164112777" timestamp="2025-03-26T09:33:56Z" user="FUKUTAN" uid="5207199">
  <nd ref="5291647215"/>
  <nd ref="8281390424"/>
  <nd ref="8281390431"/>
  <nd ref="12701887377"/>
  <nd ref="4976383005"/>
  <tag k="highway" v="footway"/>
 </way>
 <way id="508303719" visible="true" version="6" changeset="96780587" timestamp="2021-01-01T17:12:51Z" user="mulgist" uid="12368943">
  <nd ref="8254947171"/>
  <nd ref="5354444861"/>
  <nd ref="4976383013"/>
  <nd ref="8255005731"/>
  <nd ref="8254947063"/>
  <nd ref="8254947064"/>
  <nd ref="8254947106"/>
  <tag k="highway" v="path"/>
 </way>
 <way id="508303721" visible="true" version="5" changeset="152486482" timestamp="2024-06-10T08:41:32Z" user="LuxuryCoop" uid="7245212">
  <nd ref="4976383010"/>
  <nd ref="8267175415"/>
  <nd ref="4976383011"/>
  <nd ref="5354444861"/>
  <nd ref="4976383013"/>
  <nd ref="4976383010"/>
  <tag k="addr:housenumber" v="133"/>
  <tag k="addr:postcode" v="58324"/>
  <tag k="addr:street" v="호수로"/>
  <tag k="amenity" v="school"/>
  <tag k="grades" v="7-9"/>
  <tag k="isced:level" v="2"/>
  <tag k="name" v="나주금천중학교"/>
  <tag k="operator" v="전라남도나주교육지원청"/>
  <tag k="operator:type" v="government"/>
  <tag k="website" v="http://njgeumcheon.ms.jne.kr/"/>
 </way>
 <way id="534052745" visible="true" version="3" changeset="89960204" timestamp="2020-08-26T09:06:50Z" user="octel" uid="238290">
  <nd ref="1438911653"/>
  <nd ref="1438911645"/>
  <nd ref="5309416102"/>
  <nd ref="5309416103"/>
  <nd ref="1438911643"/>
  <nd ref="5309416104"/>
  <nd ref="1438911622"/>
  <nd ref="5309416105"/>
  <nd ref="5309416106"/>
  <nd ref="5309416107"/>
  <nd ref="1438911613"/>
  <nd ref="5309416108"/>
  <nd ref="5309416109"/>
  <nd ref="1438911608"/>
  <nd ref="5309416110"/>
  <nd ref="1438911602"/>
  <nd ref="5309416111"/>
  <nd ref="5309416112"/>
  <nd ref="1438911589"/>
  <nd ref="437028986"/>
  <tag k="highway" v="tertiary"/>
  <tag k="name" v="산포로"/>
  <tag k="name:en" v="Sanpo-ro"/>
  <tag k="name:ko" v="산포로"/>
 </way>
 <way id="534225866" visible="true" version="1" changeset="53148353" timestamp="2017-10-22T10:43:58Z" user="FUKUTAN" uid="5207199">
  <nd ref="5181473589"/>
  <nd ref="5181473590"/>
  <nd ref="5181473591"/>
  <nd ref="3413882972"/>
  <tag k="highway" v="service"/>
  <tag k="service" v="parking_aisle"/>
 </way>
 <way id="540880137" visible="true" version="15" changeset="183872037" timestamp="2026-06-09T11:55:14Z" user="야광멧돼지" uid="12393144">
  <nd ref="1438911926"/>
  <nd ref="6147535684"/>
  <nd ref="1438911914"/>
  <nd ref="6147535683"/>
  <nd ref="6147535682"/>
  <nd ref="1438911901"/>
  <nd ref="6147535681"/>
  <nd ref="6147535680"/>
  <nd ref="13398101029"/>
  <nd ref="2623128159"/>
  <nd ref="13398150629"/>
  <nd ref="6147535678"/>
  <nd ref="1438911872"/>
  <nd ref="5180185972"/>
  <nd ref="6147535677"/>
  <nd ref="5219773933"/>
  <nd ref="6147535674"/>
  <nd ref="1438911851"/>
  <nd ref="6147535675"/>
  <nd ref="5312163982"/>
  <nd ref="6147535676"/>
  <nd ref="1438911828"/>
  <nd ref="1438911796"/>
  <nd ref="1438911795"/>
  <nd ref="5309677999"/>
  <nd ref="1438911788"/>
  <nd ref="5180190139"/>
  <nd ref="5312164028"/>
  <nd ref="5180190140"/>
  <nd ref="5180190141"/>
  <nd ref="5307612421"/>
  <nd ref="13397888082"/>
  <nd ref="5180190142"/>
  <nd ref="10729284665"/>
  <nd ref="5180190143"/>
  <nd ref="5180190144"/>
  <nd ref="5180190145"/>
  <nd ref="13127807291"/>
  <nd ref="13127807290"/>
  <nd ref="5180190146"/>
  <nd ref="13127807289"/>
  <nd ref="5180190147"/>
  <nd ref="5180190148"/>
  <nd ref="5180190149"/>
  <nd ref="5180190150"/>
  <nd ref="5180190151"/>
  <nd ref="5180190152"/>
  <nd ref="5180190153"/>
  <nd ref="5180190154"/>
  <nd ref="5180190155"/>
  <nd ref="5180190156"/>
  <nd ref="5180190157"/>
  <nd ref="5180190158"/>
  <nd ref="5180190159"/>
  <nd ref="13676912209"/>
  <nd ref="5180190160"/>
  <nd ref="13676912208"/>
  <nd ref="5180190161"/>
  <nd ref="13676912207"/>
  <nd ref="5180190162"/>
  <nd ref="5180190163"/>
  <nd ref="13922718683"/>
  <nd ref="5180190164"/>
  <nd ref="1438911653"/>
  <tag k="highway" v="unclassified"/>
  <tag k="name" v="산포로"/>
  <tag k="name:en" v="Sanpo-ro"/>
  <tag k="name:ko" v="산포로"/>
 </way>
 <way id="549445331" visible="true" version="9" changeset="180387303" timestamp="2026-03-25T05:42:47Z" user="야광멧돼지" uid="12393144">
  <nd ref="5307612408"/>
  <nd ref="9787073742"/>
  <nd ref="9787073741"/>
  <nd ref="9787073740"/>
  <nd ref="9787073739"/>
  <nd ref="9787073738"/>
  <nd ref="9787073737"/>
  <nd ref="9787073736"/>
  <nd ref="9787073735"/>
  <nd ref="9787073734"/>
  <nd ref="8984701171"/>
  <nd ref="9787073733"/>
  <nd ref="8984701172"/>
  <nd ref="9787073732"/>
  <nd ref="9787073730"/>
  <nd ref="9787073731"/>
  <nd ref="13397888086"/>
  <nd ref="8984701176"/>
  <nd ref="5307612372"/>
  <nd ref="5307612373"/>
  <nd ref="5307612374"/>
  <nd ref="5307612375"/>
  <nd ref="5307612376"/>
  <nd ref="5307612377"/>
  <nd ref="5307612378"/>
  <nd ref="5307612379"/>
  <nd ref="5307612380"/>
  <nd ref="5307612381"/>
  <nd ref="5307612382"/>
  <nd ref="13676912206"/>
  <nd ref="5307612383"/>
  <nd ref="5307612384"/>
  <nd ref="5307612385"/>
  <nd ref="5307612386"/>
  <nd ref="5307612387"/>
  <nd ref="5307612388"/>
  <nd ref="5307612389"/>
  <nd ref="5307612390"/>
  <nd ref="5307612391"/>
  <nd ref="5307612392"/>
  <nd ref="5307612393"/>
  <nd ref="5307612394"/>
  <nd ref="5307612395"/>
  <nd ref="5307612396"/>
  <nd ref="5307612397"/>
  <nd ref="5307612398"/>
  <nd ref="5307612399"/>
  <nd ref="5307612400"/>
  <nd ref="5307612401"/>
  <nd ref="5307612402"/>
  <nd ref="5307612403"/>
  <nd ref="5307612404"/>
  <nd ref="5307612405"/>
  <nd ref="5307612406"/>
  <nd ref="5307612407"/>
  <nd ref="5307612408"/>
 </way>
 <way id="549492182" visible="true" version="5" changeset="164112777" timestamp="2025-03-26T09:33:56Z" user="FUKUTAN" uid="5207199">
  <nd ref="8281390502"/>
  <nd ref="5307960026"/>
  <nd ref="12701887386"/>
  <nd ref="5307960027"/>
  <nd ref="5307960029"/>
  <nd ref="5307960045"/>
  <nd ref="5307960047"/>
  <nd ref="11372883783"/>
  <nd ref="4976383006"/>
  <nd ref="5307960032"/>
  <nd ref="5307960033"/>
  <nd ref="5307960034"/>
  <nd ref="8449650025"/>
  <nd ref="5307960035"/>
  <nd ref="5307960036"/>
  <nd ref="5307960037"/>
  <nd ref="5307960038"/>
  <nd ref="8449650024"/>
  <tag k="highway" v="path"/>
 </way>
 <way id="549492183" visible="true" version="3" changeset="99833188" timestamp="2021-02-23T14:03:21Z" user="mulgist" uid="12368943">
  <nd ref="5307960027"/>
  <nd ref="5307960041"/>
  <nd ref="5307960043"/>
  <nd ref="5307960046"/>
  <nd ref="5307960042"/>
  <tag k="highway" v="path"/>
 </way>
 <way id="549492185" visible="true" version="2" changeset="99833188" timestamp="2021-02-23T14:03:21Z" user="mulgist" uid="12368943">
  <nd ref="5307960046"/>
  <nd ref="5307960048"/>
  <nd ref="5307960047"/>
  <tag k="highway" v="path"/>
 </way>
 <way id="549492186" visible="true" version="2" changeset="99833188" timestamp="2021-02-23T14:03:21Z" user="mulgist" uid="12368943">
  <nd ref="5307960044"/>
  <nd ref="5307960048"/>
  <tag k="highway" v="path"/>
 </way>
 <way id="549504188" visible="true" version="5" changeset="169845314" timestamp="2025-08-02T05:20:22Z" user="morago" uid="11113946">
  <nd ref="5308049060"/>
  <nd ref="5308049061"/>
  <nd ref="5308049062"/>
  <nd ref="5308049063"/>
  <nd ref="5308049064"/>
  <nd ref="5308049065"/>
  <nd ref="5308049066"/>
  <nd ref="5308049067"/>
  <nd ref="5308049068"/>
  <nd ref="5308049069"/>
  <nd ref="5308049070"/>
  <nd ref="5308049071"/>
  <nd ref="5308049072"/>
  <nd ref="5308049073"/>
  <nd ref="5308049074"/>
  <nd ref="5308049075"/>
  <nd ref="5308049076"/>
  <nd ref="5308049077"/>
  <nd ref="5308049078"/>
  <nd ref="5308049079"/>
  <nd ref="5308049080"/>
  <nd ref="5308049081"/>
  <nd ref="5308049082"/>
  <nd ref="5308049060"/>
  <tag k="crop" v="rice"/>
  <tag k="landuse" v="farmland"/>
 </way>
 <way id="549510993" visible="true" version="6" changeset="169845314" timestamp="2025-08-02T05:20:22Z" user="morago" uid="11113946">
  <nd ref="5308095103"/>
  <nd ref="5308095104"/>
  <nd ref="5308095105"/>
  <nd ref="5308095106"/>
  <nd ref="5308095107"/>
  <nd ref="5308095108"/>
  <nd ref="5308095109"/>
  <nd ref="5308095110"/>
  <nd ref="5308095111"/>
  <nd ref="5308095112"/>
  <nd ref="5308095113"/>
  <nd ref="5308095114"/>
  <nd ref="5308095115"/>
  <nd ref="5308095116"/>
  <nd ref="5308095117"/>
  <nd ref="5308095118"/>
  <nd ref="5308095119"/>
  <nd ref="5308095120"/>
  <nd ref="5308098021"/>
  <nd ref="5308098022"/>
  <nd ref="5308098023"/>
  <nd ref="5308098024"/>
  <nd ref="5308098025"/>
  <nd ref="5308098026"/>
  <nd ref="5308098027"/>
  <nd ref="5308098028"/>
  <nd ref="5308098029"/>
  <nd ref="5308098030"/>
  <nd ref="5308098031"/>
  <nd ref="5308098032"/>
  <nd ref="5308098033"/>
  <nd ref="5308098034"/>
  <nd ref="5308098035"/>
  <nd ref="5308098036"/>
  <nd ref="5308098037"/>
  <nd ref="5308098038"/>
  <nd ref="5308098039"/>
  <nd ref="5308098040"/>
  <nd ref="5308098041"/>
  <nd ref="5308098042"/>
  <nd ref="5309416240"/>
  <nd ref="5308098043"/>
  <nd ref="5308098044"/>
  <nd ref="5308098045"/>
  <nd ref="5308098046"/>
  <nd ref="5308098047"/>
  <nd ref="5308098048"/>
  <nd ref="5308098049"/>
  <nd ref="5308098050"/>
  <nd ref="5308098051"/>
  <nd ref="5308098052"/>
  <nd ref="5308098053"/>
  <nd ref="5308098054"/>
  <nd ref="5308095103"/>
  <tag k="crop" v="rice"/>
  <tag k="landuse" v="farmland"/>
 </way>
 <way id="549647567" visible="true" version="1" changeset="54997523" timestamp="2017-12-29T00:31:57Z" user="FUKUTAN" uid="5207199">
  <nd ref="1438911645"/>
  <nd ref="5309416113"/>
  <nd ref="5309416114"/>
  <nd ref="5309416115"/>
  <nd ref="5309416116"/>
  <nd ref="5309416117"/>
  <nd ref="5309416118"/>
  <nd ref="5309416119"/>
  <nd ref="5309416120"/>
  <nd ref="5309416221"/>
  <nd ref="5309416222"/>
  <nd ref="5309416223"/>
  <nd ref="5309416224"/>
  <nd ref="5309416225"/>
  <nd ref="5309416226"/>
  <nd ref="5309416227"/>
  <nd ref="5309416228"/>
  <nd ref="5309416229"/>
  <nd ref="5309416230"/>
  <nd ref="5309416231"/>
  <nd ref="5309416232"/>
  <nd ref="5309416233"/>
  <nd ref="5309416234"/>
  <nd ref="5309416235"/>
  <nd ref="5309416236"/>
  <nd ref="5309416237"/>
  <nd ref="5309416238"/>
  <nd ref="5309416239"/>
  <nd ref="5309416240"/>
  <nd ref="5309416241"/>
  <nd ref="5309416242"/>
  <nd ref="5309416243"/>
  <nd ref="5309416244"/>
  <nd ref="5309416245"/>
  <nd ref="5309416246"/>
  <nd ref="5309416247"/>
  <nd ref="5309416248"/>
  <nd ref="5309416249"/>
  <nd ref="5309416250"/>
  <nd ref="5309416251"/>
  <nd ref="5309416252"/>
  <nd ref="5309416253"/>
  <nd ref="5309416254"/>
  <nd ref="5309416255"/>
  <nd ref="5309416256"/>
  <nd ref="5309416257"/>
  <nd ref="5309416258"/>
  <nd ref="5309416259"/>
  <nd ref="5309416260"/>
  <nd ref="5309416261"/>
  <nd ref="5309416262"/>
  <nd ref="5309416263"/>
  <nd ref="5309416264"/>
  <nd ref="5309416265"/>
  <nd ref="5309416266"/>
  <nd ref="5309416267"/>
  <nd ref="5309416287"/>
  <nd ref="5309416268"/>
  <nd ref="5309416269"/>
  <nd ref="5309416270"/>
  <nd ref="5309416271"/>
  <nd ref="5309416288"/>
  <nd ref="5309416272"/>
  <nd ref="5309416273"/>
  <nd ref="5309416274"/>
  <nd ref="5309416275"/>
  <nd ref="5309416276"/>
  <nd ref="5309416277"/>
  <nd ref="5309416278"/>
  <nd ref="5309416279"/>
  <tag k="highway" v="service"/>
 </way>
 <way id="549647568" visible="true" version="1" changeset="54997523" timestamp="2017-12-29T00:31:57Z" user="FUKUTAN" uid="5207199">
  <nd ref="5309416274"/>
  <nd ref="5309416280"/>
  <nd ref="5309416281"/>
  <nd ref="5309416289"/>
  <nd ref="5309416282"/>
  <nd ref="5309416283"/>
  <nd ref="5309416284"/>
  <nd ref="5309416285"/>
  <nd ref="5309416286"/>
  <nd ref="5309416287"/>
  <tag k="highway" v="service"/>
 </way>
 <way id="549647569" visible="true" version="1" changeset="54997523" timestamp="2017-12-29T00:31:57Z" user="FUKUTAN" uid="5207199">
  <nd ref="5309416288"/>
  <nd ref="5309416289"/>
  <tag k="highway" v="service"/>
 </way>
 <way id="549647573" visible="true" version="2" changeset="171629645" timestamp="2025-09-08T11:26:54Z" user="FUKUTAN" uid="5207199">
  <nd ref="433187294"/>
  <nd ref="5309416428"/>
  <nd ref="13127807288"/>
  <nd ref="5309416429"/>
  <nd ref="5309416430"/>
  <nd ref="5309416431"/>
  <nd ref="5309416432"/>
  <nd ref="5309416433"/>
  <nd ref="5309416434"/>
  <nd ref="5309416435"/>
  <nd ref="5309416436"/>
  <nd ref="433187399"/>
  <nd ref="433187294"/>
  <tag k="area" v="yes"/>
  <tag k="waterway" v="dam"/>
 </way>
 <way id="549672815" visible="true" version="5" changeset="171629645" timestamp="2025-09-08T11:26:54Z" user="FUKUTAN" uid="5207199">
  <nd ref="5309677965"/>
  <nd ref="5309677966"/>
  <nd ref="5309677967"/>
  <nd ref="5309677968"/>
  <nd ref="5309677969"/>
  <nd ref="5309416702"/>
  <nd ref="5309677970"/>
  <nd ref="5312163987"/>
  <nd ref="5309677971"/>
  <nd ref="5309677972"/>
  <nd ref="5309677973"/>
  <nd ref="5309677974"/>
  <nd ref="5309677975"/>
  <nd ref="5309677976"/>
  <nd ref="5312163990"/>
  <nd ref="5309677977"/>
  <nd ref="5309677978"/>
  <nd ref="5309677979"/>
  <nd ref="5309677980"/>
  <nd ref="5309677981"/>
  <nd ref="5309677982"/>
  <nd ref="5309677983"/>
  <nd ref="5309677984"/>
  <nd ref="5309677985"/>
  <nd ref="5312164025"/>
  <nd ref="5309677986"/>
  <nd ref="5309677987"/>
  <nd ref="5309677988"/>
  <nd ref="5309677989"/>
  <nd ref="5309677990"/>
  <nd ref="5312164022"/>
  <nd ref="5309677991"/>
  <nd ref="5309677992"/>
  <nd ref="5309677993"/>
  <nd ref="5309677994"/>
  <nd ref="5309677995"/>
  <nd ref="5312164020"/>
  <nd ref="5312164019"/>
  <nd ref="13127807285"/>
  <nd ref="5309677996"/>
  <nd ref="5309677997"/>
  <nd ref="13127807286"/>
  <nd ref="13127807287"/>
  <tag k="highway" v="track"/>
  <tag k="surface" v="concrete"/>
  <tag k="tracktype" v="grade1"/>
 </way>
 <way id="549931721" visible="true" version="4" changeset="176313032" timestamp="2025-12-23T15:05:33Z" user="aaei924" uid="10626814">
  <nd ref="5312164019"/>
  <nd ref="5312164018"/>
  <nd ref="5312164017"/>
  <nd ref="5312164016"/>
  <nd ref="5312164015"/>
  <nd ref="13127807278"/>
  <nd ref="13127807277"/>
  <nd ref="13127807276"/>
  <nd ref="5312164014"/>
  <nd ref="5312164023"/>
  <nd ref="5312164021"/>
  <nd ref="5312164013"/>
  <nd ref="5312164012"/>
  <nd ref="5312164011"/>
  <nd ref="5312164010"/>
  <nd ref="5312164009"/>
  <nd ref="5312164042"/>
  <nd ref="5312164008"/>
  <nd ref="5312164007"/>
  <nd ref="5312164024"/>
  <nd ref="5312164006"/>
  <nd ref="5312164005"/>
  <nd ref="5312164004"/>
  <nd ref="5312164003"/>
  <nd ref="5312164002"/>
  <nd ref="5312163992"/>
  <nd ref="5312164001"/>
  <nd ref="5312163993"/>
  <nd ref="5312163994"/>
  <nd ref="5312163995"/>
  <nd ref="11247572816"/>
  <nd ref="5312163996"/>
  <nd ref="5312163997"/>
  <nd ref="5312163998"/>
  <nd ref="5312163991"/>
  <nd ref="5312163999"/>
  <nd ref="5312164000"/>
  <tag k="highway" v="unclassified"/>
 </way>
 <way id="549931722" visible="true" version="1" changeset="55037307" timestamp="2017-12-30T15:32:35Z" user="FUKUTAN" uid="5207199">
  <nd ref="5312164021"/>
  <nd ref="5312164022"/>
  <tag k="highway" v="track"/>
  <tag k="tracktype" v="grade1"/>
 </way>
 <way id="887875392" visible="true" version="6" changeset="99630021" timestamp="2021-02-20T08:24:13Z" user="mulgist" uid="12368943">
  <nd ref="8257427195"/>
  <nd ref="8254947084"/>
  <nd ref="8440076347"/>
  <nd ref="8254947085"/>
  <nd ref="8254947086"/>
  <nd ref="8254947087"/>
  <nd ref="8267175341"/>
  <nd ref="8254947106"/>
  <nd ref="8267210521"/>
  <nd ref="8254947088"/>
  <nd ref="8254947089"/>
  <nd ref="8254947090"/>
  <nd ref="8254947091"/>
  <nd ref="8254947092"/>
  <nd ref="8254947093"/>
  <nd ref="8254947094"/>
  <nd ref="8254947095"/>
  <nd ref="8254947096"/>
  <nd ref="8254947097"/>
  <nd ref="8254947098"/>
  <nd ref="8254947099"/>
  <nd ref="8254947100"/>
  <nd ref="8254947101"/>
  <nd ref="8254947102"/>
  <nd ref="8254947103"/>
  <nd ref="8254947104"/>
  <nd ref="8254947105"/>
  <nd ref="8281390499"/>
  <nd ref="8254947171"/>
  <tag k="highway" v="footway"/>
 </way>
 <way id="887875398" visible="true" version="3" changeset="133576767" timestamp="2023-03-12T08:09:37Z" user="FUKUTAN" uid="5207199">
  <nd ref="8254947124"/>
  <nd ref="8254947125"/>
  <nd ref="8254947068"/>
  <nd ref="8254947120"/>
  <nd ref="8254947067"/>
  <nd ref="8254947066"/>
  <nd ref="8254947143"/>
  <nd ref="8254947065"/>
  <nd ref="8254947062"/>
  <nd ref="8254947033"/>
  <nd ref="10729284657"/>
  <nd ref="8254947128"/>
  <tag k="highway" v="footway"/>
 </way>
 <way id="887875400" visible="true" version="3" changeset="99833188" timestamp="2021-02-23T14:03:21Z" user="mulgist" uid="12368943">
  <nd ref="4976383006"/>
  <nd ref="8449650026"/>
  <nd ref="5307960042"/>
  <nd ref="4976383005"/>
  <nd ref="8254947126"/>
  <nd ref="8254947138"/>
  <nd ref="8254947127"/>
  <tag k="highway" v="path"/>
 </way>
 <way id="887875401" visible="true" version="1" changeset="96332427" timestamp="2020-12-23T14:29:14Z" user="mulgist" uid="12368943">
  <nd ref="8254947130"/>
  <nd ref="8254947170"/>
  <nd ref="8254947127"/>
  <tag k="crossing" v="marked"/>
  <tag k="footway" v="crossing"/>
  <tag k="highway" v="footway"/>
 </way>
 <way id="887875402" visible="true" version="4" changeset="144397454" timestamp="2023-11-24T08:19:48Z" user="asdfqwer51" uid="3350410">
  <nd ref="8449650023"/>
  <nd ref="8449650022"/>
  <nd ref="8449650021"/>
  <nd ref="8449650024"/>
  <nd ref="8449650020"/>
  <nd ref="8449650019"/>
  <nd ref="8449650018"/>
  <nd ref="8449650017"/>
  <nd ref="8449596916"/>
  <nd ref="8449596915"/>
  <nd ref="8449596914"/>
  <nd ref="8449596913"/>
  <nd ref="8449596912"/>
  <nd ref="8449596911"/>
  <nd ref="8254947132"/>
  <nd ref="8254947133"/>
  <nd ref="11372883782"/>
  <nd ref="8254947134"/>
  <nd ref="8254947135"/>
  <nd ref="8254947138"/>
  <nd ref="8254947136"/>
  <nd ref="8254947137"/>
  <tag k="highway" v="footway"/>
 </way>
 <way id="887875407" visible="true" version="1" changeset="96332427" timestamp="2020-12-23T14:29:14Z" user="mulgist" uid="12368943">
  <nd ref="8254947163"/>
  <nd ref="8254947164"/>
  <nd ref="8254947165"/>
  <nd ref="8254947166"/>
  <nd ref="8254947163"/>
  <tag k="leisure" v="pitch"/>
  <tag k="note" v="나주금천중학교"/>
 </way>
 <way id="890106711" visible="true" version="4" changeset="152486263" timestamp="2024-06-10T08:35:05Z" user="LuxuryCoop" uid="7245212">
  <nd ref="5307971342"/>
  <nd ref="8273716238"/>
  <nd ref="8273716239"/>
  <nd ref="5307971341"/>
  <nd ref="5307971342"/>
  <tag k="addr:housenumber" v="134"/>
  <tag k="addr:postcode" v="58329"/>
  <tag k="addr:street" v="호수로"/>
  <tag k="amenity" v="school"/>
  <tag k="isced:level" v="1"/>
  <tag k="name" v="한아름초등학교"/>
  <tag k="name:en" v="Hanareum Elemetary School"/>
  <tag k="name:ko" v="한아름초등학교"/>
  <tag k="wikidata" v="Q28699440"/>
 </way>
 <way id="890106712" visible="true" version="1" changeset="96663281" timestamp="2020-12-30T11:25:41Z" user="mulgist" uid="12368943">
  <nd ref="8273716240"/>
  <nd ref="8273716241"/>
  <nd ref="8273716242"/>
  <nd ref="8273716243"/>
  <nd ref="8273716240"/>
  <tag k="leisure" v="pitch"/>
 </way>
 <way id="890106713" visible="true" version="3" changeset="163971755" timestamp="2025-03-23T05:18:51Z" user="chiho_kang" uid="10604125">
  <nd ref="8273716244"/>
  <nd ref="8273716245"/>
  <nd ref="8273716246"/>
  <nd ref="8273716247"/>
  <nd ref="8273716248"/>
  <nd ref="8273716249"/>
  <nd ref="8273716250"/>
  <nd ref="8273716251"/>
  <nd ref="8273716252"/>
  <nd ref="8273716253"/>
  <nd ref="8273716254"/>
  <nd ref="8273716255"/>
  <nd ref="8273716256"/>
  <nd ref="8273716257"/>
  <nd ref="8273716258"/>
  <nd ref="8273716259"/>
  <nd ref="8273716260"/>
  <nd ref="8273716261"/>
  <nd ref="8273716262"/>
  <nd ref="8273716263"/>
  <nd ref="8273716264"/>
  <nd ref="8273716265"/>
  <nd ref="8273716266"/>
  <nd ref="8273716267"/>
  <nd ref="8273716268"/>
  <nd ref="8273716269"/>
  <nd ref="8273716244"/>
  <tag k="addr:city" v="나주시"/>
  <tag k="addr:housenumber" v="135"/>
  <tag k="addr:postcode" v="58329"/>
  <tag k="addr:province" v="전라남도"/>
  <tag k="addr:street" v="호수로"/>
  <tag k="addr:subdistrict" v="빛가람동"/>
  <tag k="building" v="school"/>
 </way>
 <way id="891014028" visible="true" version="1" changeset="96780587" timestamp="2021-01-01T17:12:51Z" user="mulgist" uid="12368943">
  <nd ref="8254947130"/>
  <nd ref="8254947129"/>
  <nd ref="8254947171"/>
  <tag k="highway" v="pedestrian"/>
 </way>
 <way id="891014029" visible="true" version="1" changeset="96780587" timestamp="2021-01-01T17:12:51Z" user="mulgist" uid="12368943">
  <nd ref="8254947171"/>
  <nd ref="8254947128"/>
  <tag k="highway" v="pedestrian"/>
 </way>
 <way id="892604030" visible="true" version="1" changeset="97036292" timestamp="2021-01-06T09:31:34Z" user="octel" uid="238290">
  <nd ref="8296115010"/>
  <nd ref="8296115009"/>
  <nd ref="8296115008"/>
  <nd ref="8296115007"/>
  <nd ref="8296115006"/>
  <nd ref="8296115010"/>
  <tag k="frequency" v="60"/>
  <tag k="location" v="indoor"/>
  <tag k="name" v="금천변전소"/>
  <tag k="name:ko" v="금천변전소"/>
  <tag k="power" v="substation"/>
  <tag k="substation" v="distribution"/>
  <tag k="voltage" v="154000"/>
 </way>
 <way id="970797536" visible="true" version="9" changeset="176313032" timestamp="2025-12-23T15:05:33Z" user="aaei924" uid="10626814">
  <nd ref="13397888082"/>
  <nd ref="13397888100"/>
  <nd ref="13397888099"/>
  <nd ref="13397888098"/>
  <nd ref="13397888097"/>
  <nd ref="13397888096"/>
  <nd ref="13397888095"/>
  <nd ref="13397888094"/>
  <nd ref="13397888093"/>
  <nd ref="13397888092"/>
  <nd ref="13397888091"/>
  <nd ref="13397888090"/>
  <nd ref="13397888089"/>
  <nd ref="13397888088"/>
  <nd ref="13397888087"/>
  <nd ref="2623137544"/>
  <nd ref="13397888085"/>
  <nd ref="9787073729"/>
  <nd ref="13397888084"/>
  <nd ref="10729284661"/>
  <nd ref="10729284662"/>
  <nd ref="8984701170"/>
  <nd ref="9787073728"/>
  <nd ref="9787073727"/>
  <nd ref="9787073726"/>
  <nd ref="10729284663"/>
  <nd ref="10729284664"/>
  <nd ref="8984701169"/>
  <nd ref="9787073725"/>
  <nd ref="10232344614"/>
  <nd ref="13397888083"/>
  <nd ref="5180190142"/>
  <tag k="highway" v="tertiary"/>
  <tag k="name" v="한국에너지공과대학교 진입도로"/>
  <tag k="oneway" v="yes"/>
 </way>
 <way id="1065747584" visible="true" version="6" changeset="178340036" timestamp="2026-02-10T05:16:19Z" user="야광멧돼지" uid="12393144">
  <nd ref="10232370318"/>
  <nd ref="13539740699"/>
  <nd ref="12154919687"/>
  <tag k="highway" v="service"/>
  <tag k="name" v="켄텍길"/>
  <tag k="name:en" v="Kentech-gil"/>
  <tag k="name:ko" v="켄텍길"/>
  <tag k="name:ko-Latn" v="Kentech-gil"/>
 </way>
 <way id="1065747585" visible="true" version="5" changeset="176313032" timestamp="2025-12-23T15:05:33Z" user="aaei924" uid="10626814">
  <nd ref="12154919688"/>
  <nd ref="10232344616"/>
  <nd ref="13397888112"/>
  <nd ref="13397888113"/>
  <nd ref="13397888114"/>
  <nd ref="13397888115"/>
  <nd ref="10232370317"/>
  <nd ref="13397888116"/>
  <nd ref="13397888117"/>
  <nd ref="10232370318"/>
  <tag k="highway" v="construction"/>
  <tag k="name" v="켄텍길"/>
  <tag k="name:en" v="Kentech-gil"/>
  <tag k="name:ko" v="켄텍길"/>
  <tag k="name:ko-Latn" v="Kentech-gil"/>
 </way>
 <way id="1065747586" visible="true" version="1" changeset="121788783" timestamp="2022-06-01T00:47:10Z" user="야광멧돼지" uid="12393144">
  <nd ref="9787073748"/>
  <nd ref="9787073749"/>
  <nd ref="9787073750"/>
  <nd ref="9787073751"/>
  <nd ref="9787073748"/>
  <tag k="building" v="yes"/>
  <tag k="name" v="한국에너지공과대학교"/>
 </way>
 <way id="1092517581" visible="true" version="1" changeset="125882196" timestamp="2022-09-07T04:53:30Z" user="야광멧돼지" uid="12393144">
  <nd ref="10005624110"/>
  <nd ref="10005624111"/>
  <nd ref="10005624112"/>
  <nd ref="10005624113"/>
  <nd ref="10005624110"/>
  <tag k="building" v="yes"/>
 </way>
 <way id="1092517582" visible="true" version="1" changeset="125882196" timestamp="2022-09-07T04:53:30Z" user="야광멧돼지" uid="12393144">
  <nd ref="10005624114"/>
  <nd ref="10005624115"/>
  <nd ref="10005624116"/>
  <nd ref="10005624117"/>
  <nd ref="10005624114"/>
  <tag k="leisure" v="pitch"/>
  <tag k="sport" v="basketball"/>
 </way>
 <way id="1092517583" visible="true" version="1" changeset="125882196" timestamp="2022-09-07T04:53:30Z" user="야광멧돼지" uid="12393144">
  <nd ref="10005624118"/>
  <nd ref="10005624119"/>
  <nd ref="10005624120"/>
  <nd ref="10005624121"/>
  <nd ref="10005624118"/>
  <tag k="leisure" v="pitch"/>
  <tag k="sport" v="tennis"/>
 </way>
 <way id="1092517584" visible="true" version="1" changeset="125882196" timestamp="2022-09-07T04:53:30Z" user="야광멧돼지" uid="12393144">
  <nd ref="10005624122"/>
  <nd ref="10005624123"/>
  <nd ref="10005624124"/>
  <nd ref="10005624125"/>
  <nd ref="10005624122"/>
  <tag k="leisure" v="pitch"/>
 </way>
 <way id="1092517585" visible="true" version="1" changeset="125882196" timestamp="2022-09-07T04:53:30Z" user="야광멧돼지" uid="12393144">
  <nd ref="10005624126"/>
  <nd ref="10005624140"/>
  <nd ref="10005624127"/>
  <tag k="highway" v="service"/>
 </way>
 <way id="1092517586" visible="true" version="1" changeset="125882196" timestamp="2022-09-07T04:53:30Z" user="야광멧돼지" uid="12393144">
  <nd ref="10005624127"/>
  <nd ref="10005624141"/>
  <nd ref="10005624128"/>
  <nd ref="10005624129"/>
  <nd ref="10005624130"/>
  <nd ref="10005624131"/>
  <nd ref="10005624148"/>
  <nd ref="10005624132"/>
  <nd ref="10005624133"/>
  <nd ref="10005624134"/>
  <nd ref="10005624135"/>
  <nd ref="10005624138"/>
  <tag k="highway" v="footway"/>
 </way>
 <way id="1092517587" visible="true" version="1" changeset="125882196" timestamp="2022-09-07T04:53:30Z" user="야광멧돼지" uid="12393144">
  <nd ref="10005624139"/>
  <nd ref="10005624136"/>
  <nd ref="10005624137"/>
  <tag k="highway" v="footway"/>
 </way>
 <way id="1092517588" visible="true" version="1" changeset="125882196" timestamp="2022-09-07T04:53:30Z" user="야광멧돼지" uid="12393144">
  <nd ref="10005624138"/>
  <nd ref="10005624140"/>
  <nd ref="10005624139"/>
  <tag k="crossing" v="marked"/>
  <tag k="footway" v="crossing"/>
  <tag k="highway" v="footway"/>
 </way>
 <way id="1092517589" visible="true" version="1" changeset="125882196" timestamp="2022-09-07T04:53:30Z" user="야광멧돼지" uid="12393144">
  <nd ref="10005624141"/>
  <nd ref="10005624145"/>
  <nd ref="10005624134"/>
  <tag k="highway" v="footway"/>
 </way>
 <way id="1092517590" visible="true" version="1" changeset="125882196" timestamp="2022-09-07T04:53:30Z" user="야광멧돼지" uid="12393144">
  <nd ref="10005624132"/>
  <nd ref="10005624142"/>
  <nd ref="10005624143"/>
  <tag k="highway" v="footway"/>
 </way>
 <way id="1092517591" visible="true" version="1" changeset="125882196" timestamp="2022-09-07T04:53:30Z" user="야광멧돼지" uid="12393144">
  <nd ref="10005624144"/>
  <nd ref="10005624145"/>
  <nd ref="10005624146"/>
  <nd ref="10005624147"/>
  <nd ref="10005624148"/>
  <nd ref="10005624149"/>
  <nd ref="10005624150"/>
  <tag k="highway" v="footway"/>
 </way>
 <way id="1092517597" visible="true" version="6" changeset="180387303" timestamp="2026-03-25T05:42:47Z" user="야광멧돼지" uid="12393144">
  <nd ref="13397888111"/>
  <nd ref="13397888110"/>
  <nd ref="13539745915"/>
  <nd ref="13676912210"/>
  <nd ref="10005624151"/>
  <nd ref="11755717073"/>
  <nd ref="10005624169"/>
  <nd ref="10005624170"/>
  <tag k="highway" v="service"/>
 </way>
 <way id="1092517601" visible="true" version="2" changeset="144389498" timestamp="2023-11-24T03:22:48Z" user="asdfqwer51" uid="3350410">
  <nd ref="10005624201"/>
  <nd ref="10005624202"/>
  <nd ref="10005624203"/>
  <nd ref="10005624207"/>
  <nd ref="10005624206"/>
  <nd ref="10005624205"/>
  <nd ref="10005624208"/>
  <nd ref="10005624204"/>
  <nd ref="10005624201"/>
  <tag k="addr:housenumber" v="200"/>
  <tag k="addr:postcode" v="58330"/>
  <tag k="addr:street" v="혁신로"/>
  <tag k="building" v="yes"/>
  <tag k="name" v="에디슨기숙사"/>
 </way>
 <way id="1092517602" visible="true" version="2" changeset="144389498" timestamp="2023-11-24T03:22:48Z" user="asdfqwer51" uid="3350410">
  <nd ref="10005624209"/>
  <nd ref="10005624225"/>
  <nd ref="10005624231"/>
  <nd ref="10005624210"/>
  <nd ref="10005624211"/>
  <nd ref="10005624236"/>
  <nd ref="10005624212"/>
  <nd ref="10005624213"/>
  <nd ref="10005624214"/>
  <nd ref="10005624234"/>
  <nd ref="10005624226"/>
  <nd ref="10005624215"/>
  <nd ref="10005624216"/>
  <nd ref="10005624228"/>
  <nd ref="10005624230"/>
  <nd ref="10005624217"/>
  <nd ref="10005624218"/>
  <nd ref="10005624219"/>
  <nd ref="10005624229"/>
  <nd ref="10005624220"/>
  <nd ref="10005624221"/>
  <nd ref="10005624222"/>
  <nd ref="10005624227"/>
  <nd ref="10005624223"/>
  <nd ref="10005624224"/>
  <nd ref="10005624233"/>
  <nd ref="10005624235"/>
  <nd ref="10005624225"/>
  <tag k="highway" v="service"/>
 </way>
 <way id="1092517609" visible="true" version="1" changeset="125882196" timestamp="2022-09-07T04:53:30Z" user="야광멧돼지" uid="12393144">
  <nd ref="10005624235"/>
  <nd ref="10005624254"/>
  <nd ref="10005624236"/>
  <tag k="highway" v="service"/>
 </way>
 <way id="1118818488" visible="true" version="3" changeset="176313032" timestamp="2025-12-23T15:05:33Z" user="aaei924" uid="10626814">
  <nd ref="13397888100"/>
  <nd ref="10232344614"/>
  <nd ref="10232370318"/>
  <tag k="construction" v="residential"/>
  <tag k="highway" v="construction"/>
 </way>
 <way id="1118818489" visible="true" version="3" changeset="176313032" timestamp="2025-12-23T15:05:33Z" user="aaei924" uid="10626814">
  <nd ref="12154919660"/>
  <nd ref="13397888109"/>
  <nd ref="13397888108"/>
  <nd ref="13397888107"/>
  <nd ref="10232344615"/>
  <nd ref="13397888106"/>
  <nd ref="13397888103"/>
  <nd ref="13397888104"/>
  <nd ref="13397888105"/>
  <tag k="highway" v="service"/>
  <tag k="oneway" v="yes"/>
 </way>
 <way id="1139096733" visible="true" version="4" changeset="172491283" timestamp="2025-09-26T15:22:32Z" user="FUKUTAN" uid="5207199">
  <nd ref="10617256209"/>
  <nd ref="10617256210"/>
  <nd ref="10617256211"/>
  <nd ref="10617256212"/>
  <nd ref="10617256213"/>
  <nd ref="10617256214"/>
  <nd ref="10617256215"/>
  <nd ref="13115976892"/>
  <nd ref="10617256216"/>
  <nd ref="13115976890"/>
  <nd ref="10617256217"/>
  <nd ref="10617256218"/>
  <nd ref="10617256219"/>
  <nd ref="10617256220"/>
  <nd ref="10617256221"/>
  <nd ref="10617256222"/>
  <nd ref="10617256223"/>
  <nd ref="10617256225"/>
  <nd ref="10617256224"/>
  <nd ref="10617256226"/>
  <nd ref="10617256227"/>
  <nd ref="10617256228"/>
  <nd ref="10617256229"/>
  <nd ref="10617256232"/>
  <nd ref="10617256230"/>
  <nd ref="10617256231"/>
  <nd ref="10617256233"/>
  <nd ref="10617256234"/>
  <nd ref="10617256235"/>
  <nd ref="10617256236"/>
  <nd ref="10617256237"/>
  <nd ref="12096442914"/>
  <nd ref="10617256238"/>
  <nd ref="10617256239"/>
  <nd ref="10617256240"/>
  <nd ref="10617256241"/>
  <nd ref="10617256242"/>
  <nd ref="10617256243"/>
  <nd ref="10617256244"/>
  <nd ref="10617256245"/>
  <nd ref="10617256246"/>
  <nd ref="10617256247"/>
  <nd ref="10617256248"/>
  <nd ref="10617256249"/>
  <nd ref="10617256250"/>
  <nd ref="10617256251"/>
  <nd ref="10617256261"/>
  <nd ref="10617256252"/>
  <nd ref="10617256253"/>
  <nd ref="10617256254"/>
  <nd ref="10617256255"/>
  <nd ref="10617256256"/>
  <nd ref="13173702656"/>
  <nd ref="10617256257"/>
  <nd ref="10617256258"/>
  <nd ref="10617256259"/>
  <nd ref="13173702655"/>
  <nd ref="13173702654"/>
  <nd ref="10617256260"/>
  <nd ref="13173702657"/>
  <nd ref="13173702658"/>
  <nd ref="13173702659"/>
  <nd ref="13173702660"/>
  <nd ref="13173702661"/>
  <nd ref="13173702662"/>
  <nd ref="13173702663"/>
  <nd ref="13173702664"/>
  <nd ref="13173702665"/>
  <nd ref="13173702666"/>
  <nd ref="13173702667"/>
  <nd ref="13173702668"/>
  <nd ref="13173702669"/>
  <nd ref="13173702670"/>
  <nd ref="13173702671"/>
  <nd ref="13173702672"/>
  <nd ref="13173702673"/>
  <nd ref="13173702674"/>
  <nd ref="13173702675"/>
  <nd ref="13173702676"/>
  <nd ref="13173702677"/>
  <nd ref="13173702678"/>
  <nd ref="13173702679"/>
  <nd ref="13173702680"/>
  <nd ref="13173702681"/>
  <nd ref="13173702682"/>
  <nd ref="13173702683"/>
  <nd ref="13173702684"/>
  <nd ref="13173702685"/>
  <nd ref="13173702686"/>
  <nd ref="13173702687"/>
  <nd ref="5309416104"/>
  <tag k="highway" v="service"/>
 </way>
 <way id="1153682405" visible="true" version="1" changeset="133576767" timestamp="2023-03-12T08:09:37Z" user="FUKUTAN" uid="5207199">
  <nd ref="10729284659"/>
  <nd ref="10729284658"/>
  <nd ref="10729284660"/>
  <nd ref="10729284652"/>
  <nd ref="10729284657"/>
  <nd ref="10729284653"/>
  <nd ref="10729284654"/>
  <nd ref="10729284655"/>
  <nd ref="10729284656"/>
  <tag k="highway" v="service"/>
  <tag k="service" v="parking_aisle"/>
 </way>
 <way id="1201084332" visible="true" version="2" changeset="176313032" timestamp="2025-12-23T15:05:33Z" user="aaei924" uid="10626814">
  <nd ref="11136247816"/>
  <nd ref="11136247817"/>
  <nd ref="11136247818"/>
  <nd ref="13397888160"/>
  <nd ref="13397888154"/>
  <nd ref="11136247819"/>
  <nd ref="13397888155"/>
  <nd ref="13397888156"/>
  <nd ref="13397888157"/>
  <nd ref="13397888158"/>
  <nd ref="11136247820"/>
  <nd ref="13397888159"/>
  <nd ref="11136247821"/>
  <nd ref="11136247822"/>
  <nd ref="11136247823"/>
  <nd ref="11136247824"/>
  <nd ref="11136247825"/>
  <nd ref="11136247816"/>
  <tag k="building" v="yes"/>
 </way>
 <way id="1201084333" visible="true" version="1" changeset="140229198" timestamp="2023-08-22T13:18:26Z" user="야광멧돼지" uid="12393144">
  <nd ref="11136247827"/>
  <nd ref="11136247828"/>
  <nd ref="11136247829"/>
  <nd ref="11136247830"/>
  <nd ref="11136247827"/>
  <tag k="leisure" v="pitch"/>
  <tag k="sport" v="soccer"/>
 </way>
 <way id="1201084334" visible="true" version="1" changeset="140229198" timestamp="2023-08-22T13:18:26Z" user="야광멧돼지" uid="12393144">
  <nd ref="11136247831"/>
  <nd ref="11136247832"/>
  <nd ref="11136247833"/>
  <nd ref="11136247834"/>
  <nd ref="11136247835"/>
  <nd ref="11136247836"/>
  <nd ref="11136247831"/>
  <tag k="amenity" v="parking"/>
 </way>
 <way id="1225957002" visible="true" version="2" changeset="156173603" timestamp="2024-09-04T08:16:42Z" user="야광멧돼지" uid="12393144">
  <nd ref="11369050673"/>
  <nd ref="11369050674"/>
  <nd ref="11369050675"/>
  <nd ref="11369050676"/>
  <nd ref="11369050677"/>
  <nd ref="11369050678"/>
  <nd ref="11369050679"/>
  <nd ref="11369050673"/>
  <tag k="amenity" v="parking"/>
 </way>
 <way id="1226369243" visible="true" version="1" changeset="144389498" timestamp="2023-11-24T03:22:48Z" user="asdfqwer51" uid="3350410">
  <nd ref="11372463037"/>
  <nd ref="11372463038"/>
  <nd ref="11372463039"/>
  <nd ref="11372463040"/>
  <nd ref="11372463041"/>
  <nd ref="11372463042"/>
  <nd ref="11372521365"/>
  <nd ref="11372463043"/>
  <nd ref="11372463044"/>
  <nd ref="11372521364"/>
  <nd ref="11372521363"/>
  <nd ref="11372521362"/>
  <nd ref="11372463045"/>
  <nd ref="11372463046"/>
  <nd ref="11372463047"/>
  <nd ref="11372463048"/>
  <nd ref="11372463049"/>
  <nd ref="11372463050"/>
  <nd ref="11372463051"/>
  <nd ref="11372463052"/>
  <nd ref="11372463053"/>
  <nd ref="11372463054"/>
  <nd ref="11372463055"/>
  <nd ref="11372463056"/>
  <nd ref="11372463057"/>
  <nd ref="11372463037"/>
 </way>
 <way id="1226369245" visible="true" version="1" changeset="144389498" timestamp="2023-11-24T03:22:48Z" user="asdfqwer51" uid="3350410">
  <nd ref="11372521275"/>
  <nd ref="11372521276"/>
  <nd ref="11372521277"/>
  <nd ref="11372521278"/>
  <nd ref="11372521279"/>
  <nd ref="11372521280"/>
  <nd ref="11372521281"/>
  <nd ref="11372521282"/>
  <nd ref="11372521283"/>
  <nd ref="11372521284"/>
  <nd ref="11372521285"/>
  <nd ref="11372521275"/>
  <tag k="amenity" v="parking"/>
 </way>
 <way id="1265544133" visible="true" version="1" changeset="149056072" timestamp="2024-03-23T15:30:19Z" user="야광멧돼지" uid="12393144">
  <nd ref="11755709290"/>
  <nd ref="11755709291"/>
  <nd ref="11755709292"/>
  <nd ref="11755709293"/>
  <nd ref="11755709290"/>
  <tag k="building" v="yes"/>
 </way>
 <way id="1265544134" visible="true" version="1" changeset="149056072" timestamp="2024-03-23T15:30:19Z" user="야광멧돼지" uid="12393144">
  <nd ref="11755709294"/>
  <nd ref="11755709295"/>
  <nd ref="11755709296"/>
  <nd ref="11755709297"/>
  <nd ref="11755709294"/>
  <tag k="building" v="yes"/>
 </way>
 <way id="1265544135" visible="true" version="1" changeset="149056072" timestamp="2024-03-23T15:30:19Z" user="야광멧돼지" uid="12393144">
  <nd ref="11755709298"/>
  <nd ref="11755717070"/>
  <nd ref="11755709299"/>
  <nd ref="11755717073"/>
  <nd ref="11755709356"/>
  <nd ref="11755709300"/>
  <nd ref="11755717071"/>
  <nd ref="11755709301"/>
  <nd ref="11755709302"/>
  <nd ref="11755709303"/>
  <nd ref="11755709304"/>
  <nd ref="11755709305"/>
  <nd ref="11755709306"/>
  <nd ref="11755709307"/>
  <nd ref="11755709308"/>
  <nd ref="11755709309"/>
  <nd ref="11755709310"/>
  <nd ref="11755709311"/>
  <nd ref="11755709312"/>
  <nd ref="11755709313"/>
  <nd ref="11755709314"/>
  <nd ref="11755709315"/>
  <nd ref="11755709316"/>
  <nd ref="11755709317"/>
  <nd ref="11755709318"/>
  <nd ref="11755709319"/>
  <nd ref="11755709320"/>
  <nd ref="11755709321"/>
  <nd ref="11755709322"/>
  <nd ref="11755709323"/>
  <nd ref="11755709351"/>
  <nd ref="11755709324"/>
  <nd ref="11755709325"/>
  <nd ref="11755709326"/>
  <nd ref="11755709327"/>
  <nd ref="11755709328"/>
  <nd ref="11755709329"/>
  <nd ref="11755709330"/>
  <nd ref="11755709331"/>
  <tag k="footway" v="sidewalk"/>
  <tag k="highway" v="footway"/>
 </way>
 <way id="1265544136" visible="true" version="1" changeset="149056072" timestamp="2024-03-23T15:30:19Z" user="야광멧돼지" uid="12393144">
  <nd ref="11755709327"/>
  <nd ref="11755709332"/>
  <nd ref="11755709333"/>
  <nd ref="11755709334"/>
  <nd ref="11755709335"/>
  <nd ref="11755709336"/>
  <nd ref="11755709337"/>
  <nd ref="11755709338"/>
  <nd ref="11755709339"/>
  <nd ref="11755709340"/>
  <nd ref="11755709341"/>
  <nd ref="11755709342"/>
  <nd ref="11755709343"/>
  <nd ref="11755709344"/>
  <nd ref="11755709345"/>
  <nd ref="11755709346"/>
  <tag k="footway" v="sidewalk"/>
  <tag k="highway" v="footway"/>
 </way>
 <way id="1265544137" visible="true" version="1" changeset="149056072" timestamp="2024-03-23T15:30:19Z" user="야광멧돼지" uid="12393144">
  <nd ref="11755709347"/>
  <nd ref="11755709342"/>
  <nd ref="11755709348"/>
  <nd ref="11755709349"/>
  <tag k="footway" v="sidewalk"/>
  <tag k="highway" v="footway"/>
 </way>
 <way id="1265544138" visible="true" version="1" changeset="149056072" timestamp="2024-03-23T15:30:19Z" user="야광멧돼지" uid="12393144">
  <nd ref="11755709333"/>
  <nd ref="11755709350"/>
  <nd ref="11755709351"/>
  <tag k="footway" v="sidewalk"/>
  <tag k="highway" v="footway"/>
 </way>
 <way id="1265544139" visible="true" version="1" changeset="149056072" timestamp="2024-03-23T15:30:19Z" user="야광멧돼지" uid="12393144">
  <nd ref="11755709313"/>
  <nd ref="11755709352"/>
  <nd ref="11755709353"/>
  <nd ref="11755709354"/>
  <nd ref="11755709355"/>
  <nd ref="11755709356"/>
  <tag k="footway" v="sidewalk"/>
  <tag k="highway" v="footway"/>
 </way>
 <way id="1265544140" visible="true" version="1" changeset="149056072" timestamp="2024-03-23T15:30:19Z" user="야광멧돼지" uid="12393144">
  <nd ref="11755709355"/>
  <nd ref="11755709357"/>
  <nd ref="11755709358"/>
  <nd ref="11755709359"/>
  <nd ref="11755709360"/>
  <nd ref="11755709361"/>
  <nd ref="11755709362"/>
  <nd ref="11755709363"/>
  <nd ref="11755709364"/>
  <nd ref="11755709365"/>
  <nd ref="11755709366"/>
  <nd ref="11755709367"/>
  <nd ref="11755709368"/>
  <nd ref="11755717069"/>
  <nd ref="11755717070"/>
  <tag k="footway" v="sidewalk"/>
  <tag k="highway" v="footway"/>
 </way>
 <way id="1265544141" visible="true" version="1" changeset="149056072" timestamp="2024-03-23T15:30:19Z" user="야광멧돼지" uid="12393144">
  <nd ref="11755717071"/>
  <nd ref="11755717072"/>
  <tag k="footway" v="sidewalk"/>
  <tag k="highway" v="footway"/>
 </way>
 <way id="1306096536" visible="true" version="2" changeset="171629645" timestamp="2025-09-08T11:26:54Z" user="FUKUTAN" uid="5207199">
  <nd ref="12096598011"/>
  <nd ref="12096597995"/>
  <nd ref="12096597994"/>
  <nd ref="12096597964"/>
  <nd ref="12096597963"/>
  <nd ref="12096597967"/>
  <nd ref="12096598028"/>
  <nd ref="12096598027"/>
  <nd ref="12096597998"/>
  <nd ref="12096597972"/>
  <nd ref="12096598007"/>
  <nd ref="12096598006"/>
  <nd ref="12096597993"/>
  <nd ref="12096598018"/>
  <nd ref="12096598017"/>
  <nd ref="13127807284"/>
  <nd ref="13127807283"/>
  <nd ref="12096598036"/>
  <nd ref="13127807282"/>
  <nd ref="12096598035"/>
  <nd ref="12096597959"/>
  <nd ref="13127807280"/>
  <nd ref="13127807281"/>
  <nd ref="13127807279"/>
  <nd ref="12096597980"/>
  <nd ref="5312164016"/>
  <tag k="highway" v="track"/>
  <tag k="source" v="maxar"/>
  <tag k="tracktype" v="grade1"/>
 </way>
 <way id="1313177204" visible="true" version="2" changeset="176313032" timestamp="2025-12-23T15:05:33Z" user="aaei924" uid="10626814">
  <nd ref="12154919679"/>
  <nd ref="12154919668"/>
  <nd ref="12154919669"/>
  <nd ref="13397888105"/>
  <nd ref="12154919670"/>
  <nd ref="12154919671"/>
  <nd ref="12154919663"/>
  <nd ref="12154919664"/>
  <nd ref="12154919665"/>
  <nd ref="12154919666"/>
  <nd ref="12154919667"/>
  <nd ref="12154919672"/>
  <nd ref="12154919673"/>
  <nd ref="12154919674"/>
  <nd ref="12154919675"/>
  <nd ref="12154919678"/>
  <nd ref="12154919676"/>
  <nd ref="12154919658"/>
  <nd ref="12154919659"/>
  <nd ref="12154919660"/>
  <nd ref="12154919661"/>
  <nd ref="12154919662"/>
  <nd ref="12154919679"/>
  <tag k="highway" v="service"/>
 </way>
 <way id="1313177206" visible="true" version="2" changeset="176313032" timestamp="2025-12-23T15:05:33Z" user="aaei924" uid="10626814">
  <nd ref="12154919664"/>
  <nd ref="12154919680"/>
  <nd ref="9787073746"/>
  <nd ref="10005624126"/>
  <nd ref="9787073745"/>
  <nd ref="9787073744"/>
  <tag k="highway" v="service"/>
  <tag k="name" v="켄텍길"/>
  <tag k="name:en" v="Kentech-gil"/>
  <tag k="name:ko" v="켄텍길"/>
  <tag k="name:ko-Latn" v="Kentech-gil"/>
 </way>
 <way id="1313177209" visible="true" version="1" changeset="156173603" timestamp="2024-09-04T08:16:42Z" user="야광멧돼지" uid="12393144">
  <nd ref="12154919680"/>
  <nd ref="12154919681"/>
  <nd ref="12154919682"/>
  <nd ref="12154919683"/>
  <nd ref="12154919684"/>
  <nd ref="12154919685"/>
  <nd ref="12154919686"/>
  <tag k="highway" v="residential"/>
 </way>
 <way id="1313177210" visible="true" version="2" changeset="176313032" timestamp="2025-12-23T15:05:33Z" user="aaei924" uid="10626814">
  <nd ref="12154919687"/>
  <nd ref="13397888101"/>
  <nd ref="13397888102"/>
  <nd ref="10232370319"/>
  <nd ref="12154919678"/>
  <tag k="highway" v="service"/>
  <tag k="name" v="켄텍길"/>
  <tag k="name:en" v="Kentech-gil"/>
  <tag k="name:ko" v="켄텍길"/>
  <tag k="name:ko-Latn" v="Kentech-gil"/>
 </way>
 <way id="1313177211" visible="true" version="3" changeset="176313032" timestamp="2025-12-23T15:05:33Z" user="aaei924" uid="10626814">
  <nd ref="9787073743"/>
  <nd ref="10005624151"/>
  <nd ref="13273395539"/>
  <tag k="highway" v="service"/>
  <tag k="name" v="켄텍길"/>
  <tag k="name:en" v="Kentech-gil"/>
  <tag k="name:ko" v="켄텍길"/>
  <tag k="name:ko-Latn" v="Kentech-gil"/>
 </way>
 <way id="1313177212" visible="true" version="2" changeset="178340036" timestamp="2026-02-10T05:16:19Z" user="야광멧돼지" uid="12393144">
  <nd ref="12154919689"/>
  <nd ref="13539740691"/>
  <nd ref="12154919690"/>
  <nd ref="13539740695"/>
  <nd ref="12154919691"/>
  <nd ref="12154919692"/>
  <nd ref="12154919693"/>
  <nd ref="13539740694"/>
  <nd ref="12154919694"/>
  <nd ref="12154919695"/>
  <nd ref="13539740693"/>
  <nd ref="13539740698"/>
  <nd ref="13539740692"/>
  <nd ref="12154919696"/>
  <nd ref="13539740697"/>
  <nd ref="13539740696"/>
  <nd ref="12154919697"/>
  <nd ref="12154919689"/>
  <tag k="leisure" v="park"/>
 </way>
 <way id="1446648318" visible="true" version="2" changeset="176313032" timestamp="2025-12-23T15:05:33Z" user="aaei924" uid="10626814">
  <nd ref="13273395539"/>
  <nd ref="9787073744"/>
  <nd ref="9787073747"/>
  <nd ref="12154919688"/>
  <tag k="highway" v="service"/>
  <tag k="name" v="켄텍길"/>
  <tag k="name:en" v="Kentech-gil"/>
  <tag k="name:ko" v="켄텍길"/>
  <tag k="name:ko-Latn" v="Kentech-gil"/>
 </way>
 <way id="1446648319" visible="true" version="3" changeset="183872037" timestamp="2026-06-09T11:55:14Z" user="야광멧돼지" uid="12393144">
  <nd ref="3763708609"/>
  <nd ref="13913446392"/>
  <nd ref="7496504412"/>
  <nd ref="5307632230"/>
  <nd ref="5307632224"/>
  <nd ref="3763708599"/>
  <nd ref="3763708608"/>
  <nd ref="13173702689"/>
  <nd ref="5180189982"/>
  <nd ref="3763708596"/>
  <nd ref="13922718682"/>
  <nd ref="13173702688"/>
  <nd ref="11228765657"/>
  <nd ref="5180189981"/>
  <nd ref="11228765658"/>
  <nd ref="11228765659"/>
  <nd ref="1438911653"/>
  <nd ref="5180189980"/>
  <nd ref="5309416099"/>
  <nd ref="1438911672"/>
  <nd ref="5309416100"/>
  <nd ref="5180189979"/>
  <nd ref="2623137540"/>
  <nd ref="2623137538"/>
  <nd ref="9787073743"/>
  <tag k="highway" v="secondary"/>
  <tag k="name" v="혁신로"/>
  <tag k="name:en" v="Hyeoksin-ro"/>
  <tag k="name:ko" v="혁신로"/>
 </way>
 <way id="1460776854" visible="true" version="1" changeset="176313032" timestamp="2025-12-23T15:05:33Z" user="aaei924" uid="10626814">
  <nd ref="13397888118"/>
  <nd ref="13397888173"/>
  <nd ref="13397888119"/>
  <nd ref="13397888120"/>
  <nd ref="13397888121"/>
  <nd ref="13397888122"/>
  <nd ref="13397888123"/>
  <nd ref="13397888124"/>
  <nd ref="13397888125"/>
  <nd ref="13397888126"/>
  <nd ref="13397888174"/>
  <nd ref="13397888127"/>
  <nd ref="13397888128"/>
  <nd ref="13397888129"/>
  <nd ref="13397888130"/>
  <nd ref="13397888131"/>
  <nd ref="13397888132"/>
  <nd ref="13397888118"/>
  <tag k="building" v="university"/>
 </way>
 <way id="1460776855" visible="true" version="1" changeset="176313032" timestamp="2025-12-23T15:05:33Z" user="aaei924" uid="10626814">
  <nd ref="13397888133"/>
  <nd ref="13397888134"/>
  <nd ref="13397888135"/>
  <nd ref="13397888136"/>
  <nd ref="13397888137"/>
  <nd ref="13397888138"/>
  <nd ref="13397888139"/>
  <nd ref="13397888140"/>
  <nd ref="13397888141"/>
  <nd ref="13397888142"/>
  <nd ref="13397888143"/>
  <nd ref="13397888144"/>
  <nd ref="13397888145"/>
  <nd ref="13397888146"/>
  <nd ref="13397888147"/>
  <nd ref="13397888148"/>
  <nd ref="13397888149"/>
  <nd ref="13397888150"/>
  <nd ref="13397888151"/>
  <nd ref="13397888152"/>
  <nd ref="13397888153"/>
  <nd ref="13397888133"/>
  <tag k="building" v="university"/>
 </way>
 <way id="1460776856" visible="true" version="1" changeset="176313032" timestamp="2025-12-23T15:05:33Z" user="aaei924" uid="10626814">
  <nd ref="13397888160"/>
  <nd ref="13397888154"/>
  <nd ref="11136247819"/>
  <nd ref="13397888155"/>
  <nd ref="13397888156"/>
  <nd ref="13397888157"/>
  <nd ref="13397888161"/>
  <nd ref="13397888162"/>
  <nd ref="13397888163"/>
  <nd ref="13397888164"/>
  <nd ref="13397888165"/>
  <nd ref="13397888166"/>
  <nd ref="13397888167"/>
  <nd ref="13397888168"/>
  <nd ref="13397888169"/>
  <nd ref="13397888170"/>
  <nd ref="13397888171"/>
  <nd ref="13397888172"/>
  <nd ref="13397888173"/>
  <nd ref="13397888118"/>
  <nd ref="13397888132"/>
  <nd ref="13397888131"/>
  <nd ref="13397888130"/>
  <nd ref="13397888129"/>
  <nd ref="13397888128"/>
  <nd ref="13397888127"/>
  <nd ref="13397888174"/>
  <nd ref="13397888175"/>
  <nd ref="13397888133"/>
  <nd ref="13397888134"/>
  <nd ref="13397888135"/>
  <nd ref="13397888136"/>
  <nd ref="13397888137"/>
  <nd ref="13397888138"/>
  <nd ref="13397888176"/>
  <nd ref="13397888177"/>
  <nd ref="13397888178"/>
  <nd ref="13397888179"/>
  <nd ref="13397888180"/>
  <nd ref="13397888181"/>
  <nd ref="13397888182"/>
  <nd ref="13397888183"/>
  <nd ref="13397888184"/>
  <nd ref="13397888185"/>
  <nd ref="13397888160"/>
 </way>
 <way id="1460776857" visible="true" version="1" changeset="176313032" timestamp="2025-12-23T15:05:33Z" user="aaei924" uid="10626814">
  <nd ref="13397888186"/>
  <nd ref="13397888187"/>
  <nd ref="13397888188"/>
  <nd ref="13397888189"/>
  <nd ref="13397888190"/>
  <nd ref="13397888191"/>
  <nd ref="13397888192"/>
  <nd ref="13397888193"/>
  <nd ref="13397888194"/>
  <nd ref="13397888195"/>
  <nd ref="13397888196"/>
  <nd ref="13397888209"/>
  <nd ref="13397888197"/>
  <nd ref="13397888211"/>
  <nd ref="13397888210"/>
  <nd ref="13397888198"/>
  <nd ref="13397888199"/>
  <nd ref="13397888200"/>
  <nd ref="13397888201"/>
  <nd ref="13397888202"/>
  <nd ref="13397888203"/>
  <nd ref="13397888207"/>
  <nd ref="13397888208"/>
  <nd ref="13397888204"/>
  <nd ref="13397888206"/>
  <nd ref="13397888205"/>
  <nd ref="13397888186"/>
 </way>
 <way id="1476045296" visible="true" version="1" changeset="178340036" timestamp="2026-02-10T05:16:19Z" user="야광멧돼지" uid="12393144">
  <nd ref="13397888181"/>
  <nd ref="13539740681"/>
  <nd ref="13539740682"/>
  <nd ref="13539740683"/>
  <nd ref="13539740684"/>
  <nd ref="13539740685"/>
  <nd ref="13539740686"/>
  <nd ref="13539740687"/>
  <nd ref="13539740688"/>
  <nd ref="13539740689"/>
  <nd ref="13539740690"/>
  <nd ref="13397888176"/>
  <nd ref="13397888177"/>
  <nd ref="13397888178"/>
  <nd ref="13397888179"/>
  <nd ref="13397888180"/>
  <nd ref="13397888181"/>
  <tag k="building" v="university"/>
 </way>
 <way id="1476045297" visible="true" version="1" changeset="178340036" timestamp="2026-02-10T05:16:19Z" user="야광멧돼지" uid="12393144">
  <nd ref="13539740700"/>
  <nd ref="13539745901"/>
  <nd ref="13539745902"/>
  <nd ref="13539745903"/>
  <nd ref="13539740700"/>
  <tag k="building" v="university"/>
 </way>
 <way id="1476045298" visible="true" version="1" changeset="178340036" timestamp="2026-02-10T05:16:19Z" user="야광멧돼지" uid="12393144">
  <nd ref="13539745904"/>
  <nd ref="13539745905"/>
  <nd ref="13539745914"/>
  <nd ref="13539745906"/>
  <nd ref="13539745907"/>
  <nd ref="13539745904"/>
  <tag k="building" v="university"/>
 </way>
 <way id="1476045299" visible="true" version="1" changeset="178340036" timestamp="2026-02-10T05:16:19Z" user="야광멧돼지" uid="12393144">
  <nd ref="13539745908"/>
  <nd ref="13539745909"/>
  <nd ref="13539745910"/>
  <nd ref="13539745911"/>
  <nd ref="13539745908"/>
  <tag k="building" v="university"/>
 </way>
 <way id="1476045300" visible="true" version="1" changeset="178340036" timestamp="2026-02-10T05:16:19Z" user="야광멧돼지" uid="12393144">
  <nd ref="13539745909"/>
  <nd ref="13539745912"/>
  <nd ref="13539745913"/>
  <nd ref="13539745914"/>
  <nd ref="13539745905"/>
  <nd ref="13539745910"/>
  <nd ref="13539745909"/>
  <tag k="building" v="university"/>
 </way>
 <way id="1476045301" visible="true" version="1" changeset="178340036" timestamp="2026-02-10T05:16:19Z" user="야광멧돼지" uid="12393144">
  <nd ref="13539745915"/>
  <nd ref="13539745916"/>
  <nd ref="13539745917"/>
  <tag k="highway" v="residential"/>
 </way>
 <way id="1476045302" visible="true" version="1" changeset="178340036" timestamp="2026-02-10T05:16:19Z" user="야광멧돼지" uid="12393144">
  <nd ref="13397888111"/>
  <nd ref="13539745918"/>
  <tag k="highway" v="residential"/>
 </way>
 <way id="1476045303" visible="true" version="1" changeset="178340036" timestamp="2026-02-10T05:16:19Z" user="야광멧돼지" uid="12393144">
  <nd ref="13539745919"/>
  <nd ref="13539745920"/>
  <nd ref="13539745921"/>
  <nd ref="13539745922"/>
  <nd ref="13539745923"/>
  <nd ref="13539745924"/>
  <nd ref="13539745925"/>
  <nd ref="13539745926"/>
  <nd ref="13539745927"/>
  <nd ref="13539745928"/>
  <nd ref="13539745929"/>
  <nd ref="13539745930"/>
  <nd ref="13539745919"/>
  <tag k="amenity" v="parking"/>
 </way>
 <way id="1492498961" visible="true" version="1" changeset="180387303" timestamp="2026-03-25T05:42:47Z" user="야광멧돼지" uid="12393144">
  <nd ref="13676755082"/>
  <nd ref="13676755097"/>
  <nd ref="13676755096"/>
  <nd ref="13676755098"/>
  <nd ref="13676755095"/>
  <nd ref="13676755094"/>
  <nd ref="13676755093"/>
  <nd ref="13676755092"/>
  <nd ref="13676755091"/>
  <nd ref="13676755090"/>
  <nd ref="13676755089"/>
  <nd ref="13676755088"/>
  <nd ref="13676755076"/>
  <nd ref="13676755087"/>
  <nd ref="13676912210"/>
  <nd ref="13676755077"/>
  <nd ref="13676755078"/>
  <nd ref="13676755079"/>
  <nd ref="13676755080"/>
  <nd ref="13676912110"/>
  <nd ref="13676912113"/>
  <nd ref="13676912106"/>
  <nd ref="13676755081"/>
  <nd ref="13676755082"/>
  <nd ref="13676912105"/>
  <nd ref="13676755083"/>
  <nd ref="13676755084"/>
  <nd ref="13676755085"/>
  <nd ref="13676755086"/>
  <nd ref="13676755087"/>
  <tag k="highway" v="footway"/>
 </way>
 <way id="1492498962" visible="true" version="1" changeset="180387303" timestamp="2026-03-25T05:42:47Z" user="야광멧돼지" uid="12393144">
  <nd ref="13676755098"/>
  <nd ref="13676755099"/>
  <nd ref="13676912104"/>
  <nd ref="13676755100"/>
  <nd ref="13676912101"/>
  <nd ref="13676912102"/>
  <nd ref="13676755084"/>
  <nd ref="13676912103"/>
  <tag k="highway" v="footway"/>
 </way>
 <way id="1492498963" visible="true" version="1" changeset="180387303" timestamp="2026-03-25T05:42:47Z" user="야광멧돼지" uid="12393144">
  <nd ref="13676912104"/>
  <nd ref="13676912105"/>
  <nd ref="13676912106"/>
  <nd ref="13676912107"/>
  <nd ref="13676912114"/>
  <nd ref="13676912108"/>
  <nd ref="13676912109"/>
  <nd ref="13676912110"/>
  <nd ref="13676912111"/>
  <tag k="highway" v="footway"/>
 </way>
 <way id="1492498964" visible="true" version="1" changeset="180387303" timestamp="2026-03-25T05:42:47Z" user="야광멧돼지" uid="12393144">
  <nd ref="13676755083"/>
  <nd ref="13676912112"/>
  <tag k="highway" v="footway"/>
 </way>
 <way id="1492498965" visible="true" version="1" changeset="180387303" timestamp="2026-03-25T05:42:47Z" user="야광멧돼지" uid="12393144">
  <nd ref="13676755083"/>
  <nd ref="13676912113"/>
  <nd ref="13676912114"/>
  <tag k="highway" v="footway"/>
 </way>
 <way id="1492498966" visible="true" version="1" changeset="180387303" timestamp="2026-03-25T05:42:47Z" user="야광멧돼지" uid="12393144">
  <nd ref="13676755081"/>
  <nd ref="13676912115"/>
  <nd ref="13676912116"/>
  <nd ref="13676912117"/>
  <nd ref="13676912168"/>
  <nd ref="13676912118"/>
  <nd ref="13676912119"/>
  <nd ref="13676912120"/>
  <nd ref="13676912121"/>
  <nd ref="13676912122"/>
  <nd ref="13676912123"/>
  <nd ref="13676912124"/>
  <nd ref="13676912125"/>
  <nd ref="13676912126"/>
  <nd ref="13676912127"/>
  <nd ref="13676912128"/>
  <nd ref="13676912129"/>
  <nd ref="13676912130"/>
  <nd ref="13676912131"/>
  <nd ref="13676912132"/>
  <nd ref="13676912133"/>
  <nd ref="13676912134"/>
  <nd ref="13676912135"/>
  <nd ref="13676912136"/>
  <nd ref="13676912137"/>
  <nd ref="13676912138"/>
  <nd ref="13676912139"/>
  <nd ref="13676912140"/>
  <nd ref="13676912141"/>
  <nd ref="13676912142"/>
  <nd ref="13676912143"/>
  <nd ref="13676912144"/>
  <nd ref="13676912145"/>
  <nd ref="13676912146"/>
  <nd ref="13676912147"/>
  <nd ref="13676912148"/>
  <nd ref="13676912149"/>
  <nd ref="13676912150"/>
  <nd ref="13676912151"/>
  <nd ref="13676912152"/>
  <nd ref="13676912153"/>
  <nd ref="13676912154"/>
  <nd ref="13676912155"/>
  <nd ref="13676912156"/>
  <nd ref="13676912157"/>
  <nd ref="13676912158"/>
  <nd ref="13676912159"/>
  <nd ref="13676912160"/>
  <nd ref="13676912161"/>
  <nd ref="13676912162"/>
  <nd ref="13676912163"/>
  <nd ref="13676912164"/>
  <nd ref="13676912165"/>
  <tag k="highway" v="footway"/>
 </way>
 <way id="1492498967" visible="true" version="1" changeset="180387303" timestamp="2026-03-25T05:42:47Z" user="야광멧돼지" uid="12393144">
  <nd ref="13676912151"/>
  <nd ref="13676912166"/>
  <nd ref="13676912167"/>
  <nd ref="13676912140"/>
  <tag k="highway" v="footway"/>
 </way>
 <way id="1492498968" visible="true" version="1" changeset="180387303" timestamp="2026-03-25T05:42:47Z" user="야광멧돼지" uid="12393144">
  <nd ref="13676912147"/>
  <nd ref="13676912168"/>
  <tag k="highway" v="footway"/>
 </way>
 <way id="1492498969" visible="true" version="1" changeset="180387303" timestamp="2026-03-25T05:42:47Z" user="야광멧돼지" uid="12393144">
  <nd ref="13676912169"/>
  <nd ref="13676912170"/>
  <nd ref="13676912171"/>
  <nd ref="13676912172"/>
  <nd ref="13676912173"/>
  <nd ref="13676912174"/>
  <nd ref="13676912175"/>
  <nd ref="13676912176"/>
  <nd ref="13676912177"/>
  <nd ref="13676912178"/>
  <nd ref="13676912179"/>
  <nd ref="13676912180"/>
  <nd ref="13676912181"/>
  <nd ref="13676912182"/>
  <nd ref="13676912183"/>
  <nd ref="13676912184"/>
  <nd ref="13676912185"/>
  <nd ref="13676912186"/>
  <nd ref="13676912187"/>
  <nd ref="13676912188"/>
  <nd ref="13676912189"/>
  <nd ref="13676912190"/>
  <nd ref="13676912191"/>
  <nd ref="13676912192"/>
  <nd ref="13676912193"/>
  <nd ref="13676912194"/>
  <nd ref="13676912195"/>
  <nd ref="13676912196"/>
  <nd ref="13676912197"/>
  <nd ref="13676912198"/>
  <nd ref="13676912199"/>
  <nd ref="13676912200"/>
  <nd ref="13676912201"/>
  <nd ref="13676912202"/>
  <nd ref="13676912203"/>
  <nd ref="13676912204"/>
  <nd ref="13676912205"/>
  <nd ref="13676912169"/>
  <tag k="natural" v="water"/>
  <tag k="water" v="pond"/>
 </way>
 <relation id="16748208" visible="true" version="3" changeset="176313032" timestamp="2025-12-23T15:05:33Z" user="aaei924" uid="10626814">
  <member type="way" ref="1226369243" role="outer"/>
  <member type="way" ref="549445331" role="outer"/>
  <tag k="addr:city" v="나주시"/>
  <tag k="addr:housenumber" v="21"/>
  <tag k="addr:postcode" v="58330"/>
  <tag k="addr:province" v="전라남도"/>
  <tag k="addr:street" v="켄텍길"/>
  <tag k="addr:subdistrict" v="빛가람동"/>
  <tag k="alt_name" v="켄텍"/>
  <tag k="alt_name:en" v="KENTECH"/>
  <tag k="alt_name:ko" v="한전공대"/>
  <tag k="amenity" v="university"/>
  <tag k="education" v="university"/>
  <tag k="name" v="한국에너지공과대학교"/>
  <tag k="name:en" v="Korea Institute of Energy Technology"/>
  <tag k="name:ko" v="한국에너지공과대학교"/>
  <tag k="type" v="multipolygon"/>
  <tag k="wikidata" v="Q65333992"/>
 </relation>
 <relation id="19780244" visible="true" version="5" changeset="181662802" timestamp="2026-04-22T09:19:44Z" user="Flamen_Sru" uid="13841144">
  <member type="node" ref="13273395539" role="stop"/>
  <member type="node" ref="11369050672" role="platform"/>
  <member type="node" ref="13273395540" role="stop"/>
  <member type="node" ref="10666258603" role="platform"/>
  <member type="node" ref="10666258601" role="platform"/>
  <member type="node" ref="6147536988" role="stop"/>
  <member type="node" ref="11372918360" role="platform"/>
  <member type="node" ref="13273395543" role="stop"/>
  <member type="node" ref="13273395545" role="stop"/>
  <member type="node" ref="10666258590" role="platform"/>
  <member type="node" ref="9352295754" role="platform"/>
  <member type="node" ref="13273395547" role="stop"/>
  <member type="node" ref="5181473633" role="stop"/>
  <member type="node" ref="9352295750" role="platform"/>
  <member type="node" ref="9352295749" role="platform"/>
  <member type="node" ref="13273395554" role="stop"/>
  <member type="node" ref="9352295760" role="platform"/>
  <member type="node" ref="13273395558" role="stop"/>
  <member type="node" ref="13243377301" role="stop"/>
  <member type="node" ref="9352302533" role="platform"/>
  <member type="node" ref="13243377308" role="stop"/>
  <member type="node" ref="9352302837" role="platform"/>
  <member type="node" ref="13238542019" role="stop"/>
  <member type="node" ref="9352301933" role="platform"/>
  <member type="node" ref="13238542018" role="stop"/>
  <member type="node" ref="9352301039" role="platform"/>
  <member type="node" ref="13238542017" role="stop"/>
  <member type="node" ref="7250383771" role="platform"/>
  <member type="node" ref="9352301101" role="platform"/>
  <member type="node" ref="13238542014" role="stop"/>
  <member type="node" ref="9352301603" role="platform"/>
  <member type="node" ref="4923696420" role="stop"/>
  <member type="node" ref="9352302034" role="platform"/>
  <member type="node" ref="13269676023" role="stop"/>
  <member type="node" ref="6225668418" role="platform"/>
  <member type="node" ref="10833580248" role="stop"/>
  <member type="node" ref="6226855183" role="platform"/>
  <member type="node" ref="10833580244" role="stop"/>
  <member type="node" ref="6226660647" role="platform"/>
  <member type="node" ref="10839453871" role="stop"/>
  <member type="node" ref="6225668398" role="platform"/>
  <member type="node" ref="6225668396" role="platform"/>
  <member type="node" ref="9412230480" role="stop"/>
  <member type="node" ref="6225668394" role="platform"/>
  <member type="node" ref="9412230482" role="stop"/>
  <member type="node" ref="9412230485" role="stop"/>
  <member type="node" ref="6225668392" role="platform"/>
  <member type="node" ref="6225668390" role="platform"/>
  <member type="node" ref="10875159992" role="stop"/>
  <member type="node" ref="13208660712" role="stop"/>
  <member type="node" ref="6224731087" role="platform"/>
  <member type="node" ref="13234902868" role="stop"/>
  <member type="node" ref="2488055693" role="platform"/>
  <member type="node" ref="13234902867" role="stop"/>
  <member type="node" ref="4818130446" role="platform"/>
  <member type="node" ref="4650638812" role="platform"/>
  <member type="node" ref="13199998426" role="stop"/>
  <member type="node" ref="13199998430" role="stop"/>
  <member type="node" ref="4819537707" role="platform"/>
  <member type="node" ref="13752107668" role="stop"/>
  <member type="node" ref="5477950452" role="platform"/>
  <member type="node" ref="13273395559" role="stop"/>
  <member type="node" ref="9352302074" role="platform"/>
  <member type="node" ref="13255450151" role="stop"/>
  <member type="node" ref="9352301987" role="platform"/>
  <member type="node" ref="13236705784" role="stop"/>
  <member type="node" ref="9352302399" role="platform"/>
  <member type="node" ref="13249920882" role="stop"/>
  <member type="node" ref="4818188442" role="platform"/>
  <member type="node" ref="13261695032" role="stop"/>
  <member type="node" ref="4818188216" role="platform"/>
  <member type="node" ref="13199998440" role="stop"/>
  <member type="node" ref="6225668169" role="platform"/>
  <member type="node" ref="13199998441" role="stop"/>
  <member type="node" ref="9352301556" role="platform"/>
  <member type="node" ref="13199998442" role="stop"/>
  <member type="node" ref="6225668165" role="platform"/>
  <member type="node" ref="5236166394" role="stop"/>
  <member type="node" ref="9352302379" role="platform"/>
  <member type="node" ref="13199998443" role="stop"/>
  <member type="node" ref="9352302226" role="platform"/>
  <member type="node" ref="10989465300" role="stop"/>
  <member type="node" ref="9352301920" role="platform"/>
  <member type="node" ref="10989465298" role="stop"/>
  <member type="node" ref="9352301909" role="platform"/>
  <member type="node" ref="13199998444" role="stop"/>
  <member type="node" ref="9352302611" role="platform"/>
  <member type="node" ref="10989606892" role="stop"/>
  <member type="node" ref="9352295769" role="platform"/>
  <member type="way" ref="1313177211" role=""/>
  <member type="way" ref="256677047" role=""/>
  <member type="way" ref="1213999586" role=""/>
  <member type="way" ref="549672792" role=""/>
  <member type="way" ref="1446648320" role=""/>
  <member type="way" ref="890025297" role=""/>
  <member type="way" ref="890025296" role=""/>
  <member type="way" ref="1460806919" role=""/>
  <member type="way" ref="1460806917" role=""/>
  <member type="way" ref="1460806916" role=""/>
  <member type="way" ref="586045411" role=""/>
  <member type="way" ref="549928282" role=""/>
  <member type="way" ref="403898157" role=""/>
  <member type="way" ref="1195247298" role=""/>
  <member type="way" ref="320472399" role=""/>
  <member type="way" ref="1213999590" role=""/>
  <member type="way" ref="1213999591" role=""/>
  <member type="way" ref="586009400" role=""/>
  <member type="way" ref="37414623" role=""/>
  <member type="way" ref="1182294217" role=""/>
  <member type="way" ref="406641883" role=""/>
  <member type="way" ref="406641882" role=""/>
  <member type="way" ref="57722941" role=""/>
  <member type="way" ref="386599210" role=""/>
  <member type="way" ref="586009412" role=""/>
  <member type="way" ref="1443233747" role=""/>
  <member type="way" ref="899100976" role=""/>
  <member type="way" ref="1443233754" role=""/>
  <member type="way" ref="548033356" role=""/>
  <member type="way" ref="1446648314" role=""/>
  <member type="way" ref="37401490" role=""/>
  <member type="way" ref="1443873145" role=""/>
  <member type="way" ref="258854989" role=""/>
  <member type="way" ref="1442767123" role=""/>
  <member type="way" ref="1115660663" role=""/>
  <member type="way" ref="1115660662" role=""/>
  <member type="way" ref="1115660661" role=""/>
  <member type="way" ref="1115660660" role=""/>
  <member type="way" ref="1443233764" role=""/>
  <member type="way" ref="501610976" role=""/>
  <member type="way" ref="1442767120" role=""/>
  <member type="way" ref="772892900" role=""/>
  <member type="way" ref="772892901" role=""/>
  <member type="way" ref="501610977" role=""/>
  <member type="way" ref="230396779" role=""/>
  <member type="way" ref="1446466182" role=""/>
  <member type="way" ref="946752296" role=""/>
  <member type="way" ref="1446212477" role=""/>
  <member type="way" ref="715025543" role=""/>
  <member type="way" ref="1446528452" role=""/>
  <member type="way" ref="304632619" role=""/>
  <member type="way" ref="1445904023" role=""/>
  <member type="way" ref="1445904025" role=""/>
  <member type="way" ref="1445904024" role=""/>
  <member type="way" ref="715025182" role=""/>
  <member type="way" ref="1441550007" role=""/>
  <member type="way" ref="713966425" role=""/>
  <member type="way" ref="666119242" role=""/>
  <member type="way" ref="1441550004" role=""/>
  <member type="way" ref="1442290233" role=""/>
  <member type="way" ref="1442290232" role=""/>
  <member type="way" ref="493552490" role=""/>
  <member type="way" ref="666117186" role=""/>
  <member type="way" ref="288597870" role=""/>
  <member type="way" ref="255633347" role=""/>
  <member type="way" ref="1446466181" role=""/>
  <member type="way" ref="1442405334" role=""/>
  <member type="way" ref="1446819423" role=""/>
  <member type="way" ref="1442274243" role=""/>
  <member type="way" ref="665293692" role=""/>
  <member type="way" ref="1442405333" role=""/>
  <member type="way" ref="665053567" role=""/>
  <member type="way" ref="321933679" role=""/>
  <member type="way" ref="321933672" role=""/>
  <member type="way" ref="1226934506" role=""/>
  <member type="way" ref="570484109" role=""/>
  <member type="way" ref="321933680" role=""/>
  <member type="way" ref="480923617" role=""/>
  <member type="way" ref="1445901219" role=""/>
  <member type="way" ref="1442405332" role=""/>
  <member type="way" ref="662339611" role=""/>
  <member type="way" ref="662339607" role=""/>
  <member type="way" ref="470896006" role=""/>
  <member type="way" ref="569646672" role=""/>
  <member type="way" ref="281979133" role=""/>
  <member type="way" ref="1446917004" role=""/>
  <member type="way" ref="569998726" role=""/>
  <member type="way" ref="569998727" role=""/>
  <member type="way" ref="1446917005" role=""/>
  <member type="way" ref="569646670" role=""/>
  <member type="way" ref="1502430859" role=""/>
  <member type="way" ref="1502430858" role=""/>
  <member type="way" ref="1227182929" role=""/>
  <member type="way" ref="1444646390" role=""/>
  <member type="way" ref="1434887125" role=""/>
  <member type="way" ref="1434887128" role=""/>
  <member type="way" ref="1434887127" role=""/>
  <member type="way" ref="480923619" role=""/>
  <member type="way" ref="1442612222" role=""/>
  <member type="way" ref="1442759681" role=""/>
  <member type="way" ref="105243460" role=""/>
  <member type="way" ref="1442274252" role=""/>
  <member type="way" ref="1442405327" role=""/>
  <member type="way" ref="230404010" role=""/>
  <member type="way" ref="1033463789" role=""/>
  <member type="way" ref="480932982" role=""/>
  <member type="way" ref="1442290229" role=""/>
  <member type="way" ref="1442759677" role=""/>
  <member type="way" ref="1435556521" role=""/>
  <member type="way" ref="1442759676" role=""/>
  <member type="way" ref="485774894" role=""/>
  <member type="way" ref="1182400580" role=""/>
  <member type="way" ref="1182400579" role=""/>
  <member type="way" ref="1182400578" role=""/>
  <member type="way" ref="485774895" role=""/>
  <member type="way" ref="1182400577" role=""/>
  <member type="way" ref="485774897" role=""/>
  <member type="way" ref="1182400576" role=""/>
  <member type="way" ref="1182400575" role=""/>
  <member type="way" ref="1182400573" role=""/>
  <member type="way" ref="1182400567" role=""/>
  <member type="way" ref="485774896" role=""/>
  <member type="way" ref="1182400568" role=""/>
  <member type="way" ref="1182400565" role=""/>
  <member type="way" ref="1182400569" role=""/>
  <member type="way" ref="1182400557" role=""/>
  <member type="way" ref="1182400561" role=""/>
  <member type="way" ref="1182400555" role=""/>
  <member type="way" ref="1182400562" role=""/>
  <member type="way" ref="1442759672" role=""/>
  <member type="way" ref="1182400552" role=""/>
  <member type="way" ref="1442759671" role=""/>
  <tag k="colour" v="red"/>
  <tag k="from" v="한국에너지공과대학교"/>
  <tag k="headway" v="5-20"/>
  <tag k="name" v="좌석02"/>
  <tag k="network" v="광주광역시 시내버스"/>
  <tag k="operator" v="대창운수;을로운수;현대교통;세영운수;대원버스;동화운수;삼원운수;대진운수;라정버스;삼아교통"/>
  <tag k="public_transport:version" v="2"/>
  <tag k="ref" v="좌석02"/>
  <tag k="route" v="bus"/>
  <tag k="to" v="무등산국립공원(증심사)"/>
  <tag k="type" v="route"/>
 </relation>
 <relation id="19780245" visible="true" version="1" changeset="174046299" timestamp="2025-11-01T05:13:14Z" user="torisugari" uid="22158042">
  <member type="node" ref="13273395539" role="stop"/>
  <member type="node" ref="11369050672" role="platform"/>
  <tag k="name" v="한국에너지공과대학"/>
  <tag k="name:en" v="Kentech"/>
  <tag k="operator" v="나주시"/>
  <tag k="public_transport" v="stop_area"/>
  <tag k="type" v="public_transport"/>
 </relation>
 <relation id="19780246" visible="true" version="1" changeset="174046299" timestamp="2025-11-01T05:13:14Z" user="torisugari" uid="22158042">
  <member type="node" ref="13273395540" role="stop"/>
  <member type="node" ref="10666258603" role="platform"/>
  <tag k="name" v="한국에너지공과대학입구"/>
  <tag k="name:en" v="Korea Institute of Energy Technology Entrance"/>
  <tag k="operator" v="나주시"/>
  <tag k="public_transport" v="stop_area"/>
  <tag k="type" v="public_transport"/>
 </relation>
 <relation id="19780247" visible="true" version="1" changeset="174046299" timestamp="2025-11-01T05:13:14Z" user="torisugari" uid="22158042">
  <member type="node" ref="13273395541" role="stop"/>
  <member type="node" ref="10666258604" role="platform"/>
  <tag k="name" v="한국에너지공과대학입구"/>
  <tag k="name:en" v="Korea Institute of Energy Technology Entrance"/>
  <tag k="operator" v="나주시"/>
  <tag k="public_transport" v="stop_area"/>
  <tag k="type" v="public_transport"/>
 </relation>
 <relation id="19780248" visible="true" version="1" changeset="174046299" timestamp="2025-11-01T05:13:14Z" user="torisugari" uid="22158042">
  <member type="node" ref="6147536988" role="stop"/>
  <member type="node" ref="10666258601" role="platform"/>
  <tag k="name" v="부영3단지"/>
  <tag k="name:en" v="Booyoung Apartment Complex 3"/>
  <tag k="operator" v="나주시"/>
  <tag k="public_transport" v="stop_area"/>
  <tag k="type" v="public_transport"/>
 </relation>
 <relation id="19780249" visible="true" version="1" changeset="174046299" timestamp="2025-11-01T05:13:14Z" user="torisugari" uid="22158042">
  <member type="node" ref="13273395542" role="stop"/>
  <member type="node" ref="10666258602" role="platform"/>
  <tag k="name" v="부영3단지"/>
  <tag k="name:en" v="Booyoung Apartment Complex 3"/>
  <tag k="operator" v="나주시"/>
  <tag k="public_transport" v="stop_area"/>
  <tag k="type" v="public_transport"/>
 </relation>
 <relation id="19780269" visible="true" version="9" changeset="181662802" timestamp="2026-04-22T09:19:44Z" user="Flamen_Sru" uid="13841144">
  <member type="node" ref="13236777314" role="stop"/>
  <member type="node" ref="9352300470" role="platform"/>
  <member type="node" ref="13199970875" role="stop"/>
  <member type="node" ref="9352301925" role="platform"/>
  <member type="node" ref="13195700847" role="stop"/>
  <member type="node" ref="9352302468" role="platform"/>
  <member type="node" ref="10989465299" role="stop"/>
  <member type="node" ref="9352302834" role="platform"/>
  <member type="node" ref="13199970873" role="stop"/>
  <member type="node" ref="9352301458" role="platform"/>
  <member type="node" ref="13199974270" role="stop"/>
  <member type="node" ref="9352301277" role="platform"/>
  <member type="node" ref="6225668166" role="platform"/>
  <member type="node" ref="13199974269" role="stop"/>
  <member type="node" ref="6225668168" role="platform"/>
  <member type="node" ref="13199974268" role="stop"/>
  <member type="node" ref="13261695031" role="stop"/>
  <member type="node" ref="4818188215" role="platform"/>
  <member type="node" ref="13249920883" role="stop"/>
  <member type="node" ref="4818188441" role="platform"/>
  <member type="node" ref="13236705783" role="stop"/>
  <member type="node" ref="9352302868" role="platform"/>
  <member type="node" ref="13199998437" role="stop"/>
  <member type="node" ref="4818188180" role="platform"/>
  <member type="node" ref="13255450152" role="stop"/>
  <member type="node" ref="9352302104" role="platform"/>
  <member type="node" ref="13255455494" role="stop"/>
  <member type="node" ref="9352302638" role="platform"/>
  <member type="node" ref="13199974257" role="stop"/>
  <member type="node" ref="5477950451" role="platform"/>
  <member type="node" ref="4819537706" role="platform"/>
  <member type="node" ref="13199974255" role="stop"/>
  <member type="node" ref="13199974251" role="stop"/>
  <member type="node" ref="4650638811" role="platform"/>
  <member type="node" ref="4818130447" role="platform"/>
  <member type="node" ref="13234864093" role="stop"/>
  <member type="node" ref="6224731094" role="platform"/>
  <member type="node" ref="13234864094" role="stop"/>
  <member type="node" ref="13227033640" role="stop"/>
  <member type="node" ref="6224731086" role="platform"/>
  <member type="node" ref="6225668389" role="platform"/>
  <member type="node" ref="10875159993" role="stop"/>
  <member type="node" ref="9412230484" role="stop"/>
  <member type="node" ref="6225668391" role="platform"/>
  <member type="node" ref="6225668393" role="platform"/>
  <member type="node" ref="9412230483" role="stop"/>
  <member type="node" ref="6225668395" role="platform"/>
  <member type="node" ref="9412230481" role="stop"/>
  <member type="node" ref="10839453872" role="stop"/>
  <member type="node" ref="6225668397" role="platform"/>
  <member type="node" ref="6226660646" role="platform"/>
  <member type="node" ref="10833580243" role="stop"/>
  <member type="node" ref="10833589869" role="stop"/>
  <member type="node" ref="6226855986" role="platform"/>
  <member type="node" ref="13269676024" role="stop"/>
  <member type="node" ref="6225668417" role="platform"/>
  <member type="node" ref="9352302666" role="platform"/>
  <member type="node" ref="13269676019" role="stop"/>
  <member type="node" ref="9352302755" role="platform"/>
  <member type="node" ref="13238487701" role="stop"/>
  <member type="node" ref="13238483399" role="stop"/>
  <member type="node" ref="9352295748" role="platform"/>
  <member type="node" ref="13238483397" role="stop"/>
  <member type="node" ref="7250383772" role="platform"/>
  <member type="node" ref="13238487705" role="stop"/>
  <member type="node" ref="9352301432" role="platform"/>
  <member type="node" ref="13238487704" role="stop"/>
  <member type="node" ref="9352302337" role="platform"/>
  <member type="node" ref="9352302722" role="platform"/>
  <member type="node" ref="13243377308" role="stop"/>
  <member type="node" ref="13243377302" role="stop"/>
  <member type="node" ref="9352295747" role="platform"/>
  <member type="node" ref="13273395557" role="stop"/>
  <member type="node" ref="9352295761" role="platform"/>
  <member type="node" ref="9352295757" role="platform"/>
  <member type="node" ref="13273395556" role="stop"/>
  <member type="node" ref="9355272348" role="platform"/>
  <member type="node" ref="8438286329" role="stop"/>
  <member type="node" ref="5181474012" role="stop"/>
  <member type="node" ref="9352295755" role="platform"/>
  <member type="node" ref="13273395546" role="stop"/>
  <member type="node" ref="9352295753" role="platform"/>
  <member type="node" ref="13273395544" role="stop"/>
  <member type="node" ref="11372918361" role="platform"/>
  <member type="node" ref="13273395542" role="stop"/>
  <member type="node" ref="10666258602" role="platform"/>
  <member type="node" ref="13273395541" role="stop"/>
  <member type="node" ref="10666258604" role="platform"/>
  <member type="node" ref="13273395539" role="stop"/>
  <member type="node" ref="11369050672" role="platform"/>
  <member type="way" ref="1442612162" role=""/>
  <member type="way" ref="607072171" role=""/>
  <member type="way" ref="1442616081" role=""/>
  <member type="way" ref="1182400555" role=""/>
  <member type="way" ref="607072172" role=""/>
  <member type="way" ref="1442616080" role=""/>
  <member type="way" ref="1182400569" role=""/>
  <member type="way" ref="1182400565" role=""/>
  <member type="way" ref="1182400570" role=""/>
  <member type="way" ref="485774896" role=""/>
  <member type="way" ref="1182400567" role=""/>
  <member type="way" ref="1182400574" role=""/>
  <member type="way" ref="1182400575" role=""/>
  <member type="way" ref="1182400576" role=""/>
  <member type="way" ref="485774897" role=""/>
  <member type="way" ref="1182400577" role=""/>
  <member type="way" ref="485774895" role=""/>
  <member type="way" ref="1182400578" role=""/>
  <member type="way" ref="1182400579" role=""/>
  <member type="way" ref="1182400580" role=""/>
  <member type="way" ref="485774894" role=""/>
  <member type="way" ref="1442612227" role=""/>
  <member type="way" ref="481084859" role=""/>
  <member type="way" ref="1467224066" role=""/>
  <member type="way" ref="1467224065" role=""/>
  <member type="way" ref="1442612229" role=""/>
  <member type="way" ref="230404209" role=""/>
  <member type="way" ref="1442274241" role=""/>
  <member type="way" ref="1485914575" role=""/>
  <member type="way" ref="1485914572" role=""/>
  <member type="way" ref="1485914574" role=""/>
  <member type="way" ref="1442274252" role=""/>
  <member type="way" ref="105243460" role=""/>
  <member type="way" ref="1442759681" role=""/>
  <member type="way" ref="1442612222" role=""/>
  <member type="way" ref="480923619" role=""/>
  <member type="way" ref="1434887127" role=""/>
  <member type="way" ref="1434887128" role=""/>
  <member type="way" ref="1434887125" role=""/>
  <member type="way" ref="1444646390" role=""/>
  <member type="way" ref="1227182929" role=""/>
  <member type="way" ref="1502430858" role=""/>
  <member type="way" ref="1502430860" role=""/>
  <member type="way" ref="569646670" role=""/>
  <member type="way" ref="1446917005" role=""/>
  <member type="way" ref="488454447" role=""/>
  <member type="way" ref="1446917004" role=""/>
  <member type="way" ref="281979133" role=""/>
  <member type="way" ref="569646672" role=""/>
  <member type="way" ref="569998725" role=""/>
  <member type="way" ref="1435660997" role=""/>
  <member type="way" ref="1446821328" role=""/>
  <member type="way" ref="569998724" role=""/>
  <member type="way" ref="662339616" role=""/>
  <member type="way" ref="1442402571" role=""/>
  <member type="way" ref="1445901221" role=""/>
  <member type="way" ref="480923618" role=""/>
  <member type="way" ref="324899800" role=""/>
  <member type="way" ref="553060545" role=""/>
  <member type="way" ref="553060544" role=""/>
  <member type="way" ref="1226936373" role=""/>
  <member type="way" ref="321933665" role=""/>
  <member type="way" ref="321933670" role=""/>
  <member type="way" ref="569998730" role=""/>
  <member type="way" ref="1441888291" role=""/>
  <member type="way" ref="231160215" role=""/>
  <member type="way" ref="1442402573" role=""/>
  <member type="way" ref="1446819424" role=""/>
  <member type="way" ref="832144914" role=""/>
  <member type="way" ref="665298900" role=""/>
  <member type="way" ref="1446466175" role=""/>
  <member type="way" ref="1442336767" role=""/>
  <member type="way" ref="1441550001" role=""/>
  <member type="way" ref="255634245" role=""/>
  <member type="way" ref="228633105" role=""/>
  <member type="way" ref="832144915" role=""/>
  <member type="way" ref="106350033" role=""/>
  <member type="way" ref="665298902" role=""/>
  <member type="way" ref="976961753" role=""/>
  <member type="way" ref="1441550004" role=""/>
  <member type="way" ref="1442283636" role=""/>
  <member type="way" ref="665298904" role=""/>
  <member type="way" ref="1437122274" role=""/>
  <member type="way" ref="1446528446" role=""/>
  <member type="way" ref="666119247" role=""/>
  <member type="way" ref="1437122273" role=""/>
  <member type="way" ref="1445790169" role=""/>
  <member type="way" ref="1445790172" role=""/>
  <member type="way" ref="713966424" role=""/>
  <member type="way" ref="1445904023" role=""/>
  <member type="way" ref="304632619" role=""/>
  <member type="way" ref="1446528452" role=""/>
  <member type="way" ref="715025543" role=""/>
  <member type="way" ref="665298910" role=""/>
  <member type="way" ref="1446466173" role=""/>
  <member type="way" ref="946752297" role=""/>
  <member type="way" ref="68675126" role=""/>
  <member type="way" ref="1442330736" role=""/>
  <member type="way" ref="1443873146" role=""/>
  <member type="way" ref="1442759657" role=""/>
  <member type="way" ref="515389528" role=""/>
  <member type="way" ref="825149418" role=""/>
  <member type="way" ref="1443233764" role=""/>
  <member type="way" ref="1115660660" role=""/>
  <member type="way" ref="1115660661" role=""/>
  <member type="way" ref="1115660662" role=""/>
  <member type="way" ref="1115660663" role=""/>
  <member type="way" ref="1442767123" role=""/>
  <member type="way" ref="258854989" role=""/>
  <member type="way" ref="1443873145" role=""/>
  <member type="way" ref="37401490" role=""/>
  <member type="way" ref="1446648314" role=""/>
  <member type="way" ref="37401495" role=""/>
  <member type="way" ref="1443024580" role=""/>
  <member type="way" ref="1443233754" role=""/>
  <member type="way" ref="899100976" role=""/>
  <member type="way" ref="1443233747" role=""/>
  <member type="way" ref="586009412" role=""/>
  <member type="way" ref="1443233742" role=""/>
  <member type="way" ref="586009415" role=""/>
  <member type="way" ref="586009414" role=""/>
  <member type="way" ref="57722970" role=""/>
  <member type="way" ref="1182294213" role=""/>
  <member type="way" ref="1182294214" role=""/>
  <member type="way" ref="1182294216" role=""/>
  <member type="way" ref="1182294215" role=""/>
  <member type="way" ref="1182294219" role=""/>
  <member type="way" ref="1213999588" role=""/>
  <member type="way" ref="1213999589" role=""/>
  <member type="way" ref="1182294218" role=""/>
  <member type="way" ref="1195247297" role=""/>
  <member type="way" ref="1182294221" role=""/>
  <member type="way" ref="1468872179" role=""/>
  <member type="way" ref="1182294220" role=""/>
  <member type="way" ref="1446648325" role=""/>
  <member type="way" ref="1446648323" role=""/>
  <member type="way" ref="1460806920" role=""/>
  <member type="way" ref="1446648317" role=""/>
  <member type="way" ref="539433845" role=""/>
  <member type="way" ref="534225869" role=""/>
  <member type="way" ref="1446648322" role=""/>
  <member type="way" ref="1460806918" role=""/>
  <member type="way" ref="890025296" role=""/>
  <member type="way" ref="890025297" role=""/>
  <member type="way" ref="1446648320" role=""/>
  <member type="way" ref="549672792" role=""/>
  <member type="way" ref="1213999586" role=""/>
  <member type="way" ref="256677047" role=""/>
  <member type="way" ref="1313177211" role=""/>
  <tag k="colour" v="red"/>
  <tag k="from" v="무등산국립공원(증심사)"/>
  <tag k="headway" v="5-20"/>
  <tag k="name" v="좌석02"/>
  <tag k="network" v="광주광역시 시내버스"/>
  <tag k="operator" v="대창운수;을로운수;현대교통;세영운수;대원버스;동화운수;삼원운수;대진운수;라정버스;삼아교통"/>
  <tag k="public_transport:version" v="2"/>
  <tag k="ref" v="좌석02"/>
  <tag k="route" v="bus"/>
  <tag k="to" v="한국에너지공과대학교"/>
  <tag k="type" v="route"/>
 </relation>
 <relation id="19780270" visible="true" version="2" changeset="176319095" timestamp="2025-12-23T17:30:15Z" user="aaei924" uid="10626814">
  <member type="relation" ref="19780269" role=""/>
  <member type="relation" ref="19780244" role=""/>
  <tag k="colour" v="red"/>
  <tag k="headway" v="5-20"/>
  <tag k="name" v="좌석02"/>
  <tag k="network" v="광주광역시 시내버스"/>
  <tag k="operator" v="대창운수;을로운수;현대교통;세영운수;대원버스;동화운수;삼원운수;대진운수;라정버스;삼아교통"/>
  <tag k="ref" v="좌석02"/>
  <tag k="route_master" v="bus"/>
  <tag k="type" v="route_master"/>
 </relation>
 <relation id="19995303" visible="true" version="1" changeset="176313032" timestamp="2025-12-23T15:05:33Z" user="aaei924" uid="10626814">
  <member type="way" ref="1460776857" role="inner"/>
  <member type="way" ref="1460776856" role="outer"/>
  <tag k="building" v="university"/>
  <tag k="type" v="multipolygon"/>
 </relation>
</osm>
