<?xml version="1.0" encoding="UTF-8"?>
<osm version="0.6" generator="openstreetmap-cgimap 2.1.0 (3498758 spike-06.openstreetmap.org)" copyright="OpenStreetMap and contributors" attribution="http://www.openstreetmap.org/copyright" license="http://opendatacommons.org/licenses/odbl/1-0/">
 <bounds minlat="35.0000000" minlon="126.8180000" maxlat="35.0110000" maxlon="126.8320000"/>
 <node id="368845684" visible="true" version="6" changeset="154920955" timestamp="2024-08-07T07:08:29Z" user="morago" uid="11113946" lat="35.0084695" lon="126.8259144"/>
 <node id="414671636" visible="true" version="6" changeset="183719228" timestamp="2026-06-06T00:53:04Z" user="aaei924" uid="10626814" lat="35.0076510" lon="126.8199308">
  <tag k="junction" v="yes"/>
  <tag k="name" v="산포면원옥동"/>
  <tag k="name:en" v="Sanpomyeonwonokdong"/>
  <tag k="name:ko" v="산포면원옥동"/>
  <tag k="name:ko-Latn" v="Sanpomyeonwonokdong"/>
 </node>
 <node id="437029001" visible="true" version="2" changeset="53597468" timestamp="2017-11-08T01:11:02Z" user="FUKUTAN" uid="5207199" lat="35.0048400" lon="126.8147831"/>
 <node id="437029002" visible="true" version="2" changeset="53597468" timestamp="2017-11-08T01:11:02Z" user="FUKUTAN" uid="5207199" lat="35.0054467" lon="126.8151521"/>
 <node id="437029003" visible="true" version="2" changeset="53597468" timestamp="2017-11-08T01:11:02Z" user="FUKUTAN" uid="5207199" lat="35.0055867" lon="126.8152458"/>
 <node id="437029004" visible="true" version="2" changeset="53597468" timestamp="2017-11-08T01:11:02Z" user="FUKUTAN" uid="5207199" lat="35.0057167" lon="126.8153843"/>
 <node id="437029005" visible="true" version="2" changeset="53597468" timestamp="2017-11-08T01:11:02Z" user="FUKUTAN" uid="5207199" lat="35.0057971" lon="126.8155005"/>
 <node id="437029006" visible="true" version="2" changeset="53597468" timestamp="2017-11-08T01:11:02Z" user="FUKUTAN" uid="5207199" lat="35.0065866" lon="126.8171171"/>
 <node id="437029007" visible="true" version="2" changeset="53597468" timestamp="2017-11-08T01:11:02Z" user="FUKUTAN" uid="5207199" lat="35.0067599" lon="126.8174912"/>
 <node id="437029008" visible="true" version="3" changeset="183719228" timestamp="2026-06-06T00:53:04Z" user="aaei924" uid="10626814" lat="35.0069579" lon="126.8182000"/>
 <node id="437029012" visible="true" version="4" changeset="154920955" timestamp="2024-08-07T07:08:32Z" user="morago" uid="11113946" lat="35.0082238" lon="126.8203695"/>
 <node id="437029013" visible="true" version="4" changeset="154920955" timestamp="2024-08-07T07:08:32Z" user="morago" uid="11113946" lat="35.0093028" lon="126.8212128"/>
 <node id="437029015" visible="true" version="2" changeset="50271152" timestamp="2017-07-14T01:19:50Z" user="FUKUTAN" uid="5207199" lat="35.0101862" lon="126.8218544"/>
 <node id="437029016" visible="true" version="3" changeset="141946090" timestamp="2023-09-30T10:57:45Z" user="FUKUTAN" uid="5207199" lat="35.0104053" lon="126.8220287"/>
 <node id="437029017" visible="true" version="3" changeset="141946090" timestamp="2023-09-30T10:57:45Z" user="FUKUTAN" uid="5207199" lat="35.0106549" lon="126.8221710"/>
 <node id="437029018" visible="true" version="3" changeset="141946090" timestamp="2023-09-30T10:57:45Z" user="FUKUTAN" uid="5207199" lat="35.0107548" lon="126.8222112"/>
 <node id="437029019" visible="true" version="4" changeset="148003764" timestamp="2024-02-28T09:11:51Z" user="FUKUTAN" uid="5207199" lat="35.0112745" lon="126.8223955"/>
 <node id="437029020" visible="true" version="2" changeset="50271152" timestamp="2017-07-14T01:19:50Z" user="FUKUTAN" uid="5207199" lat="35.0118665" lon="126.8226073"/>
 <node id="437029061" visible="true" version="2" changeset="50271152" timestamp="2017-07-14T01:19:50Z" user="FUKUTAN" uid="5207199" lat="35.0122741" lon="126.8228226"/>
 <node id="437029062" visible="true" version="2" changeset="50271152" timestamp="2017-07-14T01:19:50Z" user="FUKUTAN" uid="5207199" lat="35.0127369" lon="126.8231027"/>
 <node id="437029063" visible="true" version="3" changeset="141946090" timestamp="2023-09-30T10:57:45Z" user="FUKUTAN" uid="5207199" lat="35.0133600" lon="126.8234690"/>
 <node id="437029064" visible="true" version="2" changeset="141946090" timestamp="2023-09-30T10:57:45Z" user="FUKUTAN" uid="5207199" lat="35.0136684" lon="126.8236480"/>
 <node id="437029065" visible="true" version="2" changeset="141946090" timestamp="2023-09-30T10:57:45Z" user="FUKUTAN" uid="5207199" lat="35.0137871" lon="126.8237459"/>
 <node id="437029066" visible="true" version="3" changeset="141946090" timestamp="2023-09-30T10:57:45Z" user="FUKUTAN" uid="5207199" lat="35.0146833" lon="126.8246777"/>
 <node id="437029067" visible="true" version="3" changeset="141946090" timestamp="2023-09-30T10:57:45Z" user="FUKUTAN" uid="5207199" lat="35.0148328" lon="126.8248138"/>
 <node id="437029068" visible="true" version="3" changeset="141946090" timestamp="2023-09-30T10:57:45Z" user="FUKUTAN" uid="5207199" lat="35.0150626" lon="126.8249164"/>
 <node id="437029069" visible="true" version="2" changeset="50271152" timestamp="2017-07-14T01:19:50Z" user="FUKUTAN" uid="5207199" lat="35.0155180" lon="126.8249526"/>
 <node id="437029070" visible="true" version="2" changeset="50271152" timestamp="2017-07-14T01:19:50Z" user="FUKUTAN" uid="5207199" lat="35.0160556" lon="126.8250333"/>
 <node id="437029071" visible="true" version="1" changeset="1770059" timestamp="2009-07-08T09:21:15Z" user="cyana" uid="74529" lat="35.0161900" lon="126.8251100"/>
 <node id="437029072" visible="true" version="2" changeset="50271152" timestamp="2017-07-14T01:19:51Z" user="FUKUTAN" uid="5207199" lat="35.0163891" lon="126.8252807"/>
 <node id="437029073" visible="true" version="3" changeset="154920955" timestamp="2024-08-07T07:08:32Z" user="morago" uid="11113946" lat="35.0169548" lon="126.8259092"/>
 <node id="437029074" visible="true" version="3" changeset="154920955" timestamp="2024-08-07T07:08:32Z" user="morago" uid="11113946" lat="35.0171651" lon="126.8261765"/>
 <node id="1438911785" visible="true" version="3" changeset="154920955" timestamp="2024-08-07T07:08:32Z" user="morago" uid="11113946" lat="35.0172316" lon="126.8263365"/>
 <node id="1439039941" visible="true" version="3" changeset="163089849" timestamp="2025-03-01T14:14:45Z" user="dongin" uid="11518918" lat="34.9781410" lon="126.8307046"/>
 <node id="1439039943" visible="true" version="2" changeset="87243256" timestamp="2020-06-28T08:06:11Z" user="LuxuryCoop" uid="7245212" lat="34.9783038" lon="126.8305942"/>
 <node id="1439039944" visible="true" version="2" changeset="87243256" timestamp="2020-06-28T08:06:11Z" user="LuxuryCoop" uid="7245212" lat="34.9785349" lon="126.8303134"/>
 <node id="1439039948" visible="true" version="1" changeset="9357657" timestamp="2011-09-21T06:55:05Z" user="generalred" uid="118851" lat="34.9791099" lon="126.8293665"/>
 <node id="1439039955" visible="true" version="1" changeset="9357657" timestamp="2011-09-21T06:55:06Z" user="generalred" uid="118851" lat="34.9794286" lon="126.8289230"/>
 <node id="1439039970" visible="true" version="1" changeset="9357657" timestamp="2011-09-21T06:55:06Z" user="generalred" uid="118851" lat="34.9815027" lon="126.8270943"/>
 <node id="1439039972" visible="true" version="1" changeset="9357657" timestamp="2011-09-21T06:55:06Z" user="generalred" uid="118851" lat="34.9822965" lon="126.8262551"/>
 <node id="1439039979" visible="true" version="1" changeset="9357657" timestamp="2011-09-21T06:55:07Z" user="generalred" uid="118851" lat="34.9829953" lon="126.8255182"/>
 <node id="1439039984" visible="true" version="2" changeset="87243256" timestamp="2020-06-28T08:06:11Z" user="LuxuryCoop" uid="7245212" lat="34.9835725" lon="126.8247520"/>
 <node id="1439039988" visible="true" version="1" changeset="9357657" timestamp="2011-09-21T06:55:07Z" user="generalred" uid="118851" lat="34.9840072" lon="126.8243446"/>
 <node id="1439039990" visible="true" version="1" changeset="9357657" timestamp="2011-09-21T06:55:07Z" user="generalred" uid="118851" lat="34.9845439" lon="126.8240375"/>
 <node id="1439039997" visible="true" version="1" changeset="9357657" timestamp="2011-09-21T06:55:08Z" user="generalred" uid="118851" lat="34.9848681" lon="126.8237782"/>
 <node id="1439040011" visible="true" version="1" changeset="9357657" timestamp="2011-09-21T06:55:08Z" user="generalred" uid="118851" lat="34.9858464" lon="126.8224955"/>
 <node id="1439040016" visible="true" version="1" changeset="9357657" timestamp="2011-09-21T06:55:09Z" user="generalred" uid="118851" lat="34.9865452" lon="126.8218814"/>
 <node id="1439040018" visible="true" version="1" changeset="9357657" timestamp="2011-09-21T06:55:09Z" user="generalred" uid="118851" lat="34.9870483" lon="126.8216767"/>
 <node id="1439040019" visible="true" version="1" changeset="9357657" timestamp="2011-09-21T06:55:09Z" user="generalred" uid="118851" lat="34.9875514" lon="126.8215607"/>
 <node id="1439040020" visible="true" version="1" changeset="9357657" timestamp="2011-09-21T06:55:09Z" user="generalred" uid="118851" lat="34.9878980" lon="126.8214174"/>
 <node id="1439040026" visible="true" version="1" changeset="9357657" timestamp="2011-09-21T06:55:09Z" user="generalred" uid="118851" lat="34.9885688" lon="126.8209739"/>
 <node id="1439040030" visible="true" version="3" changeset="163089849" timestamp="2025-03-01T14:14:45Z" user="dongin" uid="11518918" lat="34.9887255" lon="126.8208653"/>
 <node id="1439040034" visible="true" version="1" changeset="9357657" timestamp="2011-09-21T06:55:10Z" user="generalred" uid="118851" lat="34.9894018" lon="126.8208169"/>
 <node id="1439040068" visible="true" version="1" changeset="9357657" timestamp="2011-09-21T06:55:11Z" user="generalred" uid="118851" lat="34.9909110" lon="126.8210694"/>
 <node id="1439040075" visible="true" version="1" changeset="9357657" timestamp="2011-09-21T06:55:12Z" user="generalred" uid="118851" lat="34.9920346" lon="126.8216425"/>
 <node id="1439040080" visible="true" version="1" changeset="9357657" timestamp="2011-09-21T06:55:12Z" user="generalred" uid="118851" lat="34.9925377" lon="126.8218677"/>
 <node id="1439040085" visible="true" version="1" changeset="9357657" timestamp="2011-09-21T06:55:12Z" user="generalred" uid="118851" lat="34.9928395" lon="126.8219291"/>
 <node id="1439040089" visible="true" version="2" changeset="148322007" timestamp="2024-03-07T03:45:57Z" user="FUKUTAN" uid="5207199" lat="34.9930860" lon="126.8218936"/>
 <node id="1439040093" visible="true" version="2" changeset="148322007" timestamp="2024-03-07T03:45:57Z" user="FUKUTAN" uid="5207199" lat="34.9933319" lon="126.8218158"/>
 <node id="1439040103" visible="true" version="2" changeset="148322007" timestamp="2024-03-07T03:45:57Z" user="FUKUTAN" uid="5207199" lat="34.9939424" lon="126.8214238"/>
 <node id="1439040108" visible="true" version="1" changeset="9357657" timestamp="2011-09-21T06:55:13Z" user="generalred" uid="118851" lat="34.9944270" lon="126.8212263"/>
 <node id="1439040117" visible="true" version="2" changeset="148322007" timestamp="2024-03-07T03:45:57Z" user="FUKUTAN" uid="5207199" lat="34.9956600" lon="126.8209618"/>
 <node id="1439040121" visible="true" version="2" changeset="148322007" timestamp="2024-03-07T03:45:57Z" user="FUKUTAN" uid="5207199" lat="34.9958881" lon="126.8209193"/>
 <node id="1439040126" visible="true" version="2" changeset="148322007" timestamp="2024-03-07T03:45:57Z" user="FUKUTAN" uid="5207199" lat="34.9964207" lon="126.8208895"/>
 <node id="1439040143" visible="true" version="3" changeset="161154274" timestamp="2025-01-09T03:09:02Z" user="FUKUTAN" uid="5207199" lat="34.9974261" lon="126.8209431"/>
 <node id="1439040150" visible="true" version="3" changeset="161154274" timestamp="2025-01-09T03:09:02Z" user="FUKUTAN" uid="5207199" lat="34.9976785" lon="126.8209286"/>
 <node id="1439040177" visible="true" version="2" changeset="20458620" timestamp="2014-02-09T04:08:00Z" user="Jockhyeng1" uid="1594736" lat="34.9989363" lon="126.8206766"/>
 <node id="1439040181" visible="true" version="4" changeset="148003764" timestamp="2024-02-28T09:11:51Z" user="FUKUTAN" uid="5207199" lat="34.9995725" lon="126.8205717"/>
 <node id="1439040186" visible="true" version="3" changeset="148003764" timestamp="2024-02-28T09:11:51Z" user="FUKUTAN" uid="5207199" lat="34.9999043" lon="126.8206402"/>
 <node id="1439040196" visible="true" version="2" changeset="147077461" timestamp="2024-02-05T04:28:45Z" user="FUKUTAN" uid="5207199" lat="35.0007085" lon="126.8209223"/>
 <node id="1439040218" visible="true" version="2" changeset="147077461" timestamp="2024-02-05T04:28:45Z" user="FUKUTAN" uid="5207199" lat="35.0009920" lon="126.8210732"/>
 <node id="1439040223" visible="true" version="2" changeset="147077461" timestamp="2024-02-05T04:28:45Z" user="FUKUTAN" uid="5207199" lat="35.0012553" lon="126.8213022"/>
 <node id="1439040234" visible="true" version="3" changeset="148003764" timestamp="2024-02-28T09:11:51Z" user="FUKUTAN" uid="5207199" lat="35.0016910" lon="126.8217633"/>
 <node id="1439040242" visible="true" version="2" changeset="147077461" timestamp="2024-02-05T04:28:45Z" user="FUKUTAN" uid="5207199" lat="35.0019326" lon="126.8219180"/>
 <node id="1439040243" visible="true" version="2" changeset="147077461" timestamp="2024-02-05T04:28:45Z" user="FUKUTAN" uid="5207199" lat="35.0021044" lon="126.8219734"/>
 <node id="1439040244" visible="true" version="2" changeset="147077461" timestamp="2024-02-05T04:28:45Z" user="FUKUTAN" uid="5207199" lat="35.0024304" lon="126.8219988"/>
 <node id="1439040245" visible="true" version="2" changeset="147077461" timestamp="2024-02-05T04:28:45Z" user="FUKUTAN" uid="5207199" lat="35.0027042" lon="126.8219485"/>
 <node id="1439040246" visible="true" version="2" changeset="147077461" timestamp="2024-02-05T04:28:45Z" user="FUKUTAN" uid="5207199" lat="35.0030610" lon="126.8217627"/>
 <node id="1439040247" visible="true" version="2" changeset="147077461" timestamp="2024-02-05T04:28:45Z" user="FUKUTAN" uid="5207199" lat="35.0039639" lon="126.8211965"/>
 <node id="1439040248" visible="true" version="2" changeset="147077461" timestamp="2024-02-05T04:28:45Z" user="FUKUTAN" uid="5207199" lat="35.0042947" lon="126.8210855"/>
 <node id="1439040249" visible="true" version="2" changeset="147077461" timestamp="2024-02-05T04:28:45Z" user="FUKUTAN" uid="5207199" lat="35.0048335" lon="126.8208958"/>
 <node id="1439040250" visible="true" version="5" changeset="154920955" timestamp="2024-08-07T07:08:32Z" user="morago" uid="11113946" lat="35.0069618" lon="126.8198889"/>
 <node id="1441283148" visible="true" version="2" changeset="147077461" timestamp="2024-02-05T04:28:45Z" user="FUKUTAN" uid="5207199" lat="35.0020212" lon="126.8219515"/>
 <node id="2662270284" visible="true" version="2" changeset="154920955" timestamp="2024-08-07T07:08:32Z" user="morago" uid="11113946" lat="34.9990860" lon="126.8175888"/>
 <node id="2662270291" visible="true" version="1" changeset="20458620" timestamp="2014-02-09T04:08:00Z" user="Jockhyeng1" uid="1594736" lat="34.9990605" lon="126.8206497"/>
 <node id="2662273940" visible="true" version="2" changeset="163089849" timestamp="2025-03-01T14:14:45Z" user="dongin" uid="11518918" lat="35.0031328" lon="126.8144699"/>
 <node id="3071509986" visible="true" version="1" changeset="25362193" timestamp="2014-09-11T08:26:14Z" user="Jockhyeng1" uid="1594736" lat="34.9993508" lon="126.8205881"/>
 <node id="3071509988" visible="true" version="2" changeset="163089849" timestamp="2025-03-01T14:14:45Z" user="dongin" uid="11518918" lat="34.9986214" lon="126.8207403"/>
 <node id="3371348178" visible="true" version="3" changeset="183719228" timestamp="2026-06-06T00:53:04Z" user="aaei924" uid="10626814" lat="35.0164342" lon="126.8240931"/>
 <node id="3371348181" visible="true" version="4" changeset="183719228" timestamp="2026-06-06T00:53:04Z" user="aaei924" uid="10626814" lat="35.0162059" lon="126.8240105">
  <tag k="junction" v="yes"/>
  <tag k="name" v="산제교차로"/>
 </node>
 <node id="3371348408" visible="true" version="1" changeset="29085253" timestamp="2015-02-25T07:11:51Z" user="Jockhyeng1" uid="1594736" lat="34.9985814" lon="126.8207425"/>
 <node id="3371348632" visible="true" version="2" changeset="161154274" timestamp="2025-01-09T03:09:02Z" user="FUKUTAN" uid="5207199" lat="34.9978154" lon="126.8209106"/>
 <node id="3371351794" visible="true" version="2" changeset="154920955" timestamp="2024-08-07T07:08:32Z" user="morago" uid="11113946" lat="35.0019336" lon="126.8170093"/>
 <node id="3371351798" visible="true" version="2" changeset="154920955" timestamp="2024-08-07T07:08:32Z" user="morago" uid="11113946" lat="35.0003907" lon="126.8185032"/>
 <node id="3371351799" visible="true" version="2" changeset="154920955" timestamp="2024-08-07T07:08:32Z" user="morago" uid="11113946" lat="35.0016787" lon="126.8171058"/>
 <node id="3371351805" visible="true" version="2" changeset="154920955" timestamp="2024-08-07T07:08:32Z" user="morago" uid="11113946" lat="35.0004874" lon="126.8173553"/>
 <node id="3371351806" visible="true" version="2" changeset="154920955" timestamp="2024-08-07T07:08:32Z" user="morago" uid="11113946" lat="35.0015029" lon="126.8170414"/>
 <node id="3371351808" visible="true" version="2" changeset="154920955" timestamp="2024-08-07T07:08:32Z" user="morago" uid="11113946" lat="35.0002238" lon="126.8183852"/>
 <node id="3371351809" visible="true" version="2" changeset="154920955" timestamp="2024-08-07T07:08:32Z" user="morago" uid="11113946" lat="35.0003204" lon="126.8178166"/>
 <node id="3371351812" visible="true" version="2" changeset="154920955" timestamp="2024-08-07T07:08:32Z" user="morago" uid="11113946" lat="35.0000704" lon="126.8184147"/>
 <node id="3371351815" visible="true" version="2" changeset="154920955" timestamp="2024-08-07T07:08:32Z" user="morago" uid="11113946" lat="35.0005538" lon="126.8182109"/>
 <node id="3371351820" visible="true" version="2" changeset="154920955" timestamp="2024-08-07T07:08:32Z" user="morago" uid="11113946" lat="35.0004923" lon="126.8185006"/>
 <node id="3371351822" visible="true" version="2" changeset="154920955" timestamp="2024-08-07T07:08:32Z" user="morago" uid="11113946" lat="35.0003644" lon="126.8174733"/>
 <node id="3371351827" visible="true" version="2" changeset="154920955" timestamp="2024-08-07T07:08:32Z" user="morago" uid="11113946" lat="35.0010020" lon="126.8172131"/>
 <node id="3371351828" visible="true" version="2" changeset="154920955" timestamp="2024-08-07T07:08:32Z" user="morago" uid="11113946" lat="34.9999210" lon="126.8183182"/>
 <node id="3763708595" visible="true" version="4" changeset="183719228" timestamp="2026-06-06T00:53:04Z" user="aaei924" uid="10626814" lat="35.0125517" lon="126.8214425"/>
 <node id="3763708597" visible="true" version="3" changeset="183719228" timestamp="2026-06-06T00:53:04Z" user="aaei924" uid="10626814" lat="35.0050856" lon="126.8179371"/>
 <node id="3763708600" visible="true" version="5" changeset="183719228" timestamp="2026-06-06T00:53:04Z" user="aaei924" uid="10626814" lat="35.0114018" lon="126.8206126"/>
 <node id="3763708601" visible="true" version="4" changeset="183719228" timestamp="2026-06-06T00:53:04Z" user="aaei924" uid="10626814" lat="35.0104223" lon="126.8201619"/>
 <node id="3763708602" visible="true" version="4" changeset="183719228" timestamp="2026-06-06T00:53:04Z" user="aaei924" uid="10626814" lat="35.0040629" lon="126.8163025"/>
 <node id="3763708603" visible="true" version="5" changeset="183719228" timestamp="2026-06-06T00:53:04Z" user="aaei924" uid="10626814" lat="35.0089641" lon="126.8196945"/>
 <node id="3763708604" visible="true" version="3" changeset="183719228" timestamp="2026-06-06T00:53:04Z" user="aaei924" uid="10626814" lat="35.0047526" lon="126.8175365"/>
 <node id="3763708605" visible="true" version="2" changeset="183719228" timestamp="2026-06-06T00:53:04Z" user="aaei924" uid="10626814" lat="35.0060830" lon="126.8187033"/>
 <node id="3763708606" visible="true" version="4" changeset="183719228" timestamp="2026-06-06T00:53:04Z" user="aaei924" uid="10626814" lat="35.0032798" lon="126.8142528"/>
 <node id="3763708609" visible="true" version="5" changeset="183719228" timestamp="2026-06-06T00:53:04Z" user="aaei924" uid="10626814" lat="35.0026183" lon="126.8126571">
  <tag k="highway" v="traffic_signals"/>
  <tag k="name" v="신도교차로"/>
  <tag k="traffic_signals" v="signal"/>
 </node>
 <node id="3763709316" visible="true" version="3" changeset="183719228" timestamp="2026-06-06T00:53:04Z" user="aaei924" uid="10626814" lat="35.0011869" lon="126.8090232"/>
 <node id="3763709672" visible="true" version="5" changeset="183719228" timestamp="2026-06-06T00:53:04Z" user="aaei924" uid="10626814" lat="35.0068810" lon="126.8190113">
  <tag k="highway" v="traffic_signals"/>
  <tag k="name" v="도래교차로"/>
  <tag k="traffic_signals" v="signal_name=지평로_name:en=jipyeong-ro_name:ko=지평로_name:ko-latn=jipyeongro"/>
 </node>
 <node id="3926185149" visible="true" version="2" changeset="149486328" timestamp="2024-04-02T15:09:19Z" user="야광멧돼지" uid="12393144" lat="34.9978272" lon="126.8335373"/>
 <node id="3926185150" visible="true" version="2" changeset="149486328" timestamp="2024-04-02T15:09:19Z" user="야광멧돼지" uid="12393144" lat="34.9999725" lon="126.8331234"/>
 <node id="3926185151" visible="true" version="2" changeset="149486328" timestamp="2024-04-02T15:09:19Z" user="야광멧돼지" uid="12393144" lat="35.0018666" lon="126.8324795"/>
 <node id="3926185152" visible="true" version="2" changeset="149486328" timestamp="2024-04-02T15:09:19Z" user="야광멧돼지" uid="12393144" lat="35.0021999" lon="126.8328021"/>
 <node id="3926185153" visible="true" version="2" changeset="149486328" timestamp="2024-04-02T15:09:19Z" user="야광멧돼지" uid="12393144" lat="35.0021765" lon="126.8332649"/>
 <node id="3926185154" visible="true" version="2" changeset="149486328" timestamp="2024-04-02T15:09:19Z" user="야광멧돼지" uid="12393144" lat="35.0040758" lon="126.8334078"/>
 <node id="3926185155" visible="true" version="2" changeset="149486328" timestamp="2024-04-02T15:09:19Z" user="야광멧돼지" uid="12393144" lat="35.0051892" lon="126.8337915"/>
 <node id="3926185156" visible="true" version="2" changeset="149486328" timestamp="2024-04-02T15:09:19Z" user="야광멧돼지" uid="12393144" lat="35.0136760" lon="126.8383673"/>
 <node id="3926185157" visible="true" version="2" changeset="149486328" timestamp="2024-04-02T15:09:19Z" user="야광멧돼지" uid="12393144" lat="35.0122341" lon="126.8391988"/>
 <node id="3926185160" visible="true" version="2" changeset="149486328" timestamp="2024-04-02T15:09:19Z" user="야광멧돼지" uid="12393144" lat="35.0113498" lon="126.8396522"/>
 <node id="3926185162" visible="true" version="2" changeset="149486328" timestamp="2024-04-02T15:09:19Z" user="야광멧돼지" uid="12393144" lat="35.0106804" lon="126.8398417"/>
 <node id="3926185163" visible="true" version="2" changeset="149486328" timestamp="2024-04-02T15:09:19Z" user="야광멧돼지" uid="12393144" lat="35.0105974" lon="126.8402269"/>
 <node id="3926185164" visible="true" version="2" changeset="149486328" timestamp="2024-04-02T15:09:19Z" user="야광멧돼지" uid="12393144" lat="35.0101370" lon="126.8406524"/>
 <node id="3926185165" visible="true" version="2" changeset="149486328" timestamp="2024-04-02T15:09:19Z" user="야광멧돼지" uid="12393144" lat="35.0086932" lon="126.8418423"/>
 <node id="3926185166" visible="true" version="2" changeset="149486328" timestamp="2024-04-02T15:09:19Z" user="야광멧돼지" uid="12393144" lat="35.0082216" lon="126.8425131"/>
 <node id="3926185167" visible="true" version="2" changeset="149486328" timestamp="2024-04-02T15:09:19Z" user="야광멧돼지" uid="12393144" lat="35.0048297" lon="126.8442733"/>
 <node id="3926185172" visible="true" version="1" changeset="36349196" timestamp="2016-01-03T22:50:40Z" user="maphunter36" uid="2924920" lat="34.9943265" lon="126.8400539"/>
 <node id="3926185173" visible="true" version="1" changeset="36349196" timestamp="2016-01-03T22:50:40Z" user="maphunter36" uid="2924920" lat="34.9932874" lon="126.8387855"/>
 <node id="3926185174" visible="true" version="1" changeset="36349196" timestamp="2016-01-03T22:50:40Z" user="maphunter36" uid="2924920" lat="34.9917287" lon="126.8385253"/>
 <node id="3926238436" visible="true" version="1" changeset="36349932" timestamp="2016-01-03T23:48:53Z" user="maphunter36" uid="2924920" lat="35.0093797" lon="126.8439649"/>
 <node id="3926238437" visible="true" version="1" changeset="36349932" timestamp="2016-01-03T23:48:53Z" user="maphunter36" uid="2924920" lat="35.0088346" lon="126.8441128"/>
 <node id="3926238438" visible="true" version="1" changeset="36349932" timestamp="2016-01-03T23:48:53Z" user="maphunter36" uid="2924920" lat="35.0074416" lon="126.8461832"/>
 <node id="3926238439" visible="true" version="1" changeset="36349932" timestamp="2016-01-03T23:48:53Z" user="maphunter36" uid="2924920" lat="35.0078252" lon="126.8477607"/>
 <node id="3926238440" visible="true" version="1" changeset="36349932" timestamp="2016-01-03T23:48:53Z" user="maphunter36" uid="2924920" lat="35.0082795" lon="126.8487467"/>
 <node id="3926238441" visible="true" version="2" changeset="127249438" timestamp="2022-10-09T13:41:08Z" user="야광멧돼지" uid="12393144" lat="35.0088206" lon="126.8498107"/>
 <node id="3926238442" visible="true" version="2" changeset="127249438" timestamp="2022-10-09T13:41:08Z" user="야광멧돼지" uid="12393144" lat="35.0097731" lon="126.8491929"/>
 <node id="3926238443" visible="true" version="2" changeset="127249438" timestamp="2022-10-09T13:41:08Z" user="야광멧돼지" uid="12393144" lat="35.0104729" lon="126.8498303"/>
 <node id="3926238444" visible="true" version="1" changeset="36349932" timestamp="2016-01-03T23:48:53Z" user="maphunter36" uid="2924920" lat="35.0112572" lon="126.8518154"/>
 <node id="3926238445" visible="true" version="1" changeset="36349932" timestamp="2016-01-03T23:48:53Z" user="maphunter36" uid="2924920" lat="35.0117216" lon="126.8539721"/>
 <node id="3926238446" visible="true" version="1" changeset="36349932" timestamp="2016-01-03T23:48:53Z" user="maphunter36" uid="2924920" lat="35.0107828" lon="126.8554387"/>
 <node id="3926238447" visible="true" version="1" changeset="36349932" timestamp="2016-01-03T23:48:53Z" user="maphunter36" uid="2924920" lat="35.0099551" lon="126.8554757"/>
 <node id="3926238448" visible="true" version="1" changeset="36349932" timestamp="2016-01-03T23:48:53Z" user="maphunter36" uid="2924920" lat="35.0095412" lon="126.8552538"/>
 <node id="3926238449" visible="true" version="1" changeset="36349932" timestamp="2016-01-03T23:48:53Z" user="maphunter36" uid="2924920" lat="35.0091173" lon="126.8560919"/>
 <node id="3926238450" visible="true" version="1" changeset="36349932" timestamp="2016-01-03T23:48:54Z" user="maphunter36" uid="2924920" lat="35.0081381" lon="126.8574599"/>
 <node id="3926238451" visible="true" version="1" changeset="36349932" timestamp="2016-01-03T23:48:54Z" user="maphunter36" uid="2924920" lat="35.0070479" lon="126.8589634"/>
 <node id="3926238452" visible="true" version="1" changeset="36349932" timestamp="2016-01-03T23:48:54Z" user="maphunter36" uid="2924920" lat="35.0059274" lon="126.8607381"/>
 <node id="3926238453" visible="true" version="1" changeset="36349932" timestamp="2016-01-03T23:48:54Z" user="maphunter36" uid="2924920" lat="35.0044738" lon="126.8626730"/>
 <node id="3926238454" visible="true" version="1" changeset="36349932" timestamp="2016-01-03T23:48:54Z" user="maphunter36" uid="2924920" lat="35.0030807" lon="126.8648790"/>
 <node id="3926238455" visible="true" version="1" changeset="36349932" timestamp="2016-01-03T23:48:54Z" user="maphunter36" uid="2924920" lat="35.0023841" lon="126.8655076"/>
 <node id="3926238456" visible="true" version="1" changeset="36349932" timestamp="2016-01-03T23:48:54Z" user="maphunter36" uid="2924920" lat="35.0005973" lon="126.8654213"/>
 <node id="3926238457" visible="true" version="1" changeset="36349932" timestamp="2016-01-03T23:48:54Z" user="maphunter36" uid="2924920" lat="35.0004963" lon="126.8646079"/>
 <node id="3926238458" visible="true" version="1" changeset="36349932" timestamp="2016-01-03T23:48:54Z" user="maphunter36" uid="2924920" lat="35.0007588" lon="126.8636096"/>
 <node id="3926238459" visible="true" version="1" changeset="36349932" timestamp="2016-01-03T23:48:54Z" user="maphunter36" uid="2924920" lat="35.0016775" lon="126.8631167"/>
 <node id="3926238460" visible="true" version="1" changeset="36349932" timestamp="2016-01-03T23:48:54Z" user="maphunter36" uid="2924920" lat="35.0017279" lon="126.8625621"/>
 <node id="3926238461" visible="true" version="1" changeset="36349932" timestamp="2016-01-03T23:48:54Z" user="maphunter36" uid="2924920" lat="35.0005973" lon="126.8627839"/>
 <node id="3926238462" visible="true" version="1" changeset="36349932" timestamp="2016-01-03T23:48:54Z" user="maphunter36" uid="2924920" lat="35.0003651" lon="126.8623279"/>
 <node id="3926238463" visible="true" version="1" changeset="36349932" timestamp="2016-01-03T23:48:54Z" user="maphunter36" uid="2924920" lat="35.0000521" lon="126.8626360"/>
 <node id="3926238464" visible="true" version="1" changeset="36349932" timestamp="2016-01-03T23:48:54Z" user="maphunter36" uid="2924920" lat="34.9991233" lon="126.8631043"/>
 <node id="3926238465" visible="true" version="1" changeset="36349932" timestamp="2016-01-03T23:48:54Z" user="maphunter36" uid="2924920" lat="34.9986690" lon="126.8619335"/>
 <node id="3926238466" visible="true" version="1" changeset="36349932" timestamp="2016-01-03T23:48:54Z" user="maphunter36" uid="2924920" lat="34.9994363" lon="126.8603437"/>
 <node id="3926238467" visible="true" version="1" changeset="36349932" timestamp="2016-01-03T23:48:54Z" user="maphunter36" uid="2924920" lat="35.0006881" lon="126.8589634"/>
 <node id="3926238468" visible="true" version="1" changeset="36349932" timestamp="2016-01-03T23:48:54Z" user="maphunter36" uid="2924920" lat="35.0016775" lon="126.8575338"/>
 <node id="3926238469" visible="true" version="1" changeset="36349932" timestamp="2016-01-03T23:48:54Z" user="maphunter36" uid="2924920" lat="35.0021015" lon="126.8565848"/>
 <node id="3926238470" visible="true" version="1" changeset="36349932" timestamp="2016-01-03T23:48:54Z" user="maphunter36" uid="2924920" lat="35.0026971" lon="126.8538242"/>
 <node id="3926238471" visible="true" version="1" changeset="36349932" timestamp="2016-01-03T23:48:54Z" user="maphunter36" uid="2924920" lat="35.0025255" lon="126.8530601"/>
 <node id="3926238472" visible="true" version="1" changeset="36349932" timestamp="2016-01-03T23:48:54Z" user="maphunter36" uid="2924920" lat="35.0018592" lon="126.8541077"/>
 <node id="3926238473" visible="true" version="1" changeset="36349932" timestamp="2016-01-03T23:48:54Z" user="maphunter36" uid="2924920" lat="35.0011929" lon="126.8556482"/>
 <node id="3926238474" visible="true" version="1" changeset="36349932" timestamp="2016-01-03T23:48:54Z" user="maphunter36" uid="2924920" lat="34.9994464" lon="126.8581500"/>
 <node id="3926238475" visible="true" version="1" changeset="36349932" timestamp="2016-01-03T23:48:54Z" user="maphunter36" uid="2924920" lat="34.9980835" lon="126.8590990"/>
 <node id="3926238476" visible="true" version="1" changeset="36349932" timestamp="2016-01-03T23:48:54Z" user="maphunter36" uid="2924920" lat="34.9964177" lon="126.8589511"/>
 <node id="3926238477" visible="true" version="1" changeset="36349932" timestamp="2016-01-03T23:48:54Z" user="maphunter36" uid="2924920" lat="34.9966600" lon="126.8574475"/>
 <node id="3926238478" visible="true" version="1" changeset="36349932" timestamp="2016-01-03T23:48:54Z" user="maphunter36" uid="2924920" lat="34.9992546" lon="126.8547978"/>
 <node id="3926238479" visible="true" version="1" changeset="36349932" timestamp="2016-01-03T23:48:54Z" user="maphunter36" uid="2924920" lat="34.9993152" lon="126.8540954"/>
 <node id="3926238480" visible="true" version="1" changeset="36349932" timestamp="2016-01-03T23:48:54Z" user="maphunter36" uid="2924920" lat="34.9999209" lon="126.8532943"/>
 <node id="3926238481" visible="true" version="1" changeset="36349932" timestamp="2016-01-03T23:48:54Z" user="maphunter36" uid="2924920" lat="34.9997089" lon="126.8522221"/>
 <node id="3926238482" visible="true" version="1" changeset="36349932" timestamp="2016-01-03T23:48:54Z" user="maphunter36" uid="2924920" lat="34.9998199" lon="126.8501639"/>
 <node id="3926238483" visible="true" version="1" changeset="36349932" timestamp="2016-01-03T23:48:54Z" user="maphunter36" uid="2924920" lat="34.9989315" lon="126.8516552"/>
 <node id="3926238484" visible="true" version="1" changeset="36349932" timestamp="2016-01-03T23:48:54Z" user="maphunter36" uid="2924920" lat="34.9972658" lon="126.8544897"/>
 <node id="3926238485" visible="true" version="1" changeset="36349932" timestamp="2016-01-03T23:48:54Z" user="maphunter36" uid="2924920" lat="34.9962461" lon="126.8554510"/>
 <node id="3926238486" visible="true" version="1" changeset="36349932" timestamp="2016-01-03T23:48:54Z" user="maphunter36" uid="2924920" lat="34.9954182" lon="126.8551059"/>
 <node id="3926238487" visible="true" version="1" changeset="36349932" timestamp="2016-01-03T23:48:54Z" user="maphunter36" uid="2924920" lat="34.9948125" lon="126.8537010"/>
 <node id="3926238488" visible="true" version="1" changeset="36349932" timestamp="2016-01-03T23:48:54Z" user="maphunter36" uid="2924920" lat="34.9947620" lon="126.8526781"/>
 <node id="3926238489" visible="true" version="1" changeset="36349932" timestamp="2016-01-03T23:48:54Z" user="maphunter36" uid="2924920" lat="34.9943077" lon="126.8517784"/>
 <node id="3926238490" visible="true" version="1" changeset="36349932" timestamp="2016-01-03T23:48:54Z" user="maphunter36" uid="2924920" lat="34.9935807" lon="126.8514826"/>
 <node id="3926238491" visible="true" version="1" changeset="36349932" timestamp="2016-01-03T23:48:54Z" user="maphunter36" uid="2924920" lat="34.9930355" lon="126.8505583"/>
 <node id="3926238492" visible="true" version="1" changeset="36349932" timestamp="2016-01-03T23:48:54Z" user="maphunter36" uid="2924920" lat="34.9927932" lon="126.8498928"/>
 <node id="3926238493" visible="true" version="1" changeset="36349932" timestamp="2016-01-03T23:48:54Z" user="maphunter36" uid="2924920" lat="34.9929750" lon="126.8489315"/>
 <node id="3926238494" visible="true" version="1" changeset="36349932" timestamp="2016-01-03T23:48:54Z" user="maphunter36" uid="2924920" lat="34.9929750" lon="126.8479949"/>
 <node id="3926238495" visible="true" version="1" changeset="36349932" timestamp="2016-01-03T23:48:54Z" user="maphunter36" uid="2924920" lat="34.9923086" lon="126.8486974"/>
 <node id="3926238496" visible="true" version="1" changeset="36349932" timestamp="2016-01-03T23:48:54Z" user="maphunter36" uid="2924920" lat="34.9915110" lon="126.8486974"/>
 <node id="3926238497" visible="true" version="1" changeset="36349932" timestamp="2016-01-03T23:48:54Z" user="maphunter36" uid="2924920" lat="34.9914403" lon="126.8481181"/>
 <node id="3926238498" visible="true" version="1" changeset="36349932" timestamp="2016-01-03T23:48:54Z" user="maphunter36" uid="2924920" lat="34.9918947" lon="126.8469227"/>
 <node id="3926238499" visible="true" version="1" changeset="36349932" timestamp="2016-01-03T23:48:54Z" user="maphunter36" uid="2924920" lat="34.9924096" lon="126.8453329"/>
 <node id="3926238500" visible="true" version="1" changeset="36349932" timestamp="2016-01-03T23:48:54Z" user="maphunter36" uid="2924920" lat="34.9921673" lon="126.8450247"/>
 <node id="3926238501" visible="true" version="1" changeset="36349932" timestamp="2016-01-03T23:48:54Z" user="maphunter36" uid="2924920" lat="34.9906124" lon="126.8469596"/>
 <node id="3926238502" visible="true" version="1" changeset="36349932" timestamp="2016-01-03T23:48:54Z" user="maphunter36" uid="2924920" lat="34.9893705" lon="126.8474896"/>
 <node id="3926238503" visible="true" version="1" changeset="36349932" timestamp="2016-01-03T23:48:54Z" user="maphunter36" uid="2924920" lat="34.9886839" lon="126.8481058"/>
 <node id="3926238504" visible="true" version="1" changeset="36349932" timestamp="2016-01-03T23:48:54Z" user="maphunter36" uid="2924920" lat="34.9869675" lon="126.8480442"/>
 <node id="3926238505" visible="true" version="1" changeset="36349932" timestamp="2016-01-03T23:48:54Z" user="maphunter36" uid="2924920" lat="34.9860587" lon="126.8477114"/>
 <node id="3926238506" visible="true" version="1" changeset="36349932" timestamp="2016-01-03T23:48:54Z" user="maphunter36" uid="2924920" lat="34.9857255" lon="126.8471322"/>
 <node id="3926238507" visible="true" version="2" changeset="87243256" timestamp="2020-06-28T08:06:11Z" user="LuxuryCoop" uid="7245212" lat="34.9854643" lon="126.8440259"/>
 <node id="3926238508" visible="true" version="1" changeset="36349932" timestamp="2016-01-03T23:48:54Z" user="maphunter36" uid="2924920" lat="34.9848673" lon="126.8423627"/>
 <node id="3926238509" visible="true" version="2" changeset="87243256" timestamp="2020-06-28T08:06:11Z" user="LuxuryCoop" uid="7245212" lat="34.9848080" lon="126.8416233"/>
 <node id="3926238511" visible="true" version="1" changeset="36349932" timestamp="2016-01-03T23:48:55Z" user="maphunter36" uid="2924920" lat="34.9872704" lon="126.8415740"/>
 <node id="3926238512" visible="true" version="1" changeset="36349932" timestamp="2016-01-03T23:48:55Z" user="maphunter36" uid="2924920" lat="34.9888253" lon="126.8423134"/>
 <node id="3926238513" visible="true" version="1" changeset="36349932" timestamp="2016-01-03T23:48:55Z" user="maphunter36" uid="2924920" lat="34.9895422" lon="126.8414877"/>
 <node id="3926238514" visible="true" version="1" changeset="36349932" timestamp="2016-01-03T23:48:55Z" user="maphunter36" uid="2924920" lat="34.9898955" lon="126.8396760"/>
 <node id="3926238515" visible="true" version="1" changeset="36349932" timestamp="2016-01-03T23:48:55Z" user="maphunter36" uid="2924920" lat="34.9912687" lon="126.8388750"/>
 <node id="3926238518" visible="true" version="1" changeset="36349932" timestamp="2016-01-03T23:48:55Z" user="maphunter36" uid="2924920" lat="34.9982802" lon="126.8430415"/>
 <node id="3926238519" visible="true" version="1" changeset="36349932" timestamp="2016-01-03T23:48:55Z" user="maphunter36" uid="2924920" lat="34.9996685" lon="126.8428523"/>
 <node id="3926238520" visible="true" version="1" changeset="36349932" timestamp="2016-01-03T23:48:55Z" user="maphunter36" uid="2924920" lat="35.0019803" lon="126.8429420"/>
 <node id="3926238521" visible="true" version="2" changeset="149486328" timestamp="2024-04-02T15:09:19Z" user="야광멧돼지" uid="12393144" lat="35.0071460" lon="126.8438752"/>
 <node id="3926238524" visible="true" version="2" changeset="149486328" timestamp="2024-04-02T15:09:19Z" user="야광멧돼지" uid="12393144" lat="35.0071016" lon="126.8362994"/>
 <node id="3926238537" visible="true" version="1" changeset="36349932" timestamp="2016-01-03T23:48:55Z" user="maphunter36" uid="2924920" lat="35.0129328" lon="126.8306794"/>
 <node id="3926238538" visible="true" version="2" changeset="51347000" timestamp="2017-08-22T15:43:58Z" user="maphunter36" uid="2924920" lat="35.0140930" lon="126.8322077"/>
 <node id="3926238540" visible="true" version="2" changeset="149486328" timestamp="2024-04-02T15:09:19Z" user="야광멧돼지" uid="12393144" lat="35.0136389" lon="126.8387116"/>
 <node id="3926238541" visible="true" version="2" changeset="149486328" timestamp="2024-04-02T15:09:19Z" user="야광멧돼지" uid="12393144" lat="35.0121544" lon="126.8410853"/>
 <node id="3926238542" visible="true" version="1" changeset="36349932" timestamp="2016-01-03T23:48:55Z" user="maphunter36" uid="2924920" lat="35.0139119" lon="126.8399472"/>
 <node id="3926238543" visible="true" version="1" changeset="36349932" timestamp="2016-01-03T23:48:55Z" user="maphunter36" uid="2924920" lat="35.0173235" lon="126.8397993"/>
 <node id="3926238544" visible="true" version="2" changeset="154920955" timestamp="2024-08-07T07:08:32Z" user="morago" uid="11113946" lat="35.0184784" lon="126.8411983"/>
 <node id="3926238545" visible="true" version="1" changeset="36349932" timestamp="2016-01-03T23:48:55Z" user="maphunter36" uid="2924920" lat="35.0188577" lon="126.8426832"/>
 <node id="3926238546" visible="true" version="2" changeset="127249438" timestamp="2022-10-09T13:41:08Z" user="야광멧돼지" uid="12393144" lat="35.0188034" lon="126.8448689"/>
 <node id="3926238547" visible="true" version="1" changeset="36349932" timestamp="2016-01-03T23:48:55Z" user="maphunter36" uid="2924920" lat="35.0183429" lon="126.8449015"/>
 <node id="3926238548" visible="true" version="1" changeset="36349932" timestamp="2016-01-03T23:48:55Z" user="maphunter36" uid="2924920" lat="35.0168088" lon="126.8448892"/>
 <node id="3926238549" visible="true" version="1" changeset="36349932" timestamp="2016-01-03T23:48:55Z" user="maphunter36" uid="2924920" lat="35.0158701" lon="126.8453698"/>
 <node id="3926238550" visible="true" version="1" changeset="36349932" timestamp="2016-01-03T23:48:55Z" user="maphunter36" uid="2924920" lat="35.0146185" lon="126.8456779"/>
 <node id="3926238551" visible="true" version="1" changeset="36349932" timestamp="2016-01-03T23:48:55Z" user="maphunter36" uid="2924920" lat="35.0112068" lon="126.8454807"/>
 <node id="3926238552" visible="true" version="1" changeset="36349932" timestamp="2016-01-03T23:48:55Z" user="maphunter36" uid="2924920" lat="35.0104194" lon="126.8451973"/>
 <node id="3926238553" visible="true" version="1" changeset="36349932" timestamp="2016-01-03T23:48:55Z" user="maphunter36" uid="2924920" lat="35.0099046" lon="126.8447043"/>
 <node id="3926562133" visible="true" version="4" changeset="149486328" timestamp="2024-04-02T15:09:19Z" user="야광멧돼지" uid="12393144" lat="35.0146959" lon="126.8373909"/>
 <node id="3926562268" visible="true" version="1" changeset="36353052" timestamp="2016-01-04T06:41:38Z" user="maphunter36" uid="2924920" lat="35.0113314" lon="126.8466309"/>
 <node id="3926562269" visible="true" version="1" changeset="36353052" timestamp="2016-01-04T06:41:38Z" user="maphunter36" uid="2924920" lat="35.0108657" lon="126.8484012"/>
 <node id="3926562270" visible="true" version="1" changeset="36353052" timestamp="2016-01-04T06:41:38Z" user="maphunter36" uid="2924920" lat="35.0120783" lon="126.8500963"/>
 <node id="3926562271" visible="true" version="1" changeset="36353052" timestamp="2016-01-04T06:41:38Z" user="maphunter36" uid="2924920" lat="35.0123507" lon="126.8534437"/>
 <node id="3926562272" visible="true" version="1" changeset="36353052" timestamp="2016-01-04T06:41:38Z" user="maphunter36" uid="2924920" lat="35.0142136" lon="126.8525639"/>
 <node id="3926562273" visible="true" version="1" changeset="36353052" timestamp="2016-01-04T06:41:38Z" user="maphunter36" uid="2924920" lat="35.0166739" lon="126.8521563"/>
 <node id="3926562274" visible="true" version="1" changeset="36353052" timestamp="2016-01-04T06:41:38Z" user="maphunter36" uid="2924920" lat="35.0192660" lon="126.8526283"/>
 <node id="3926562275" visible="true" version="1" changeset="36353052" timestamp="2016-01-04T06:41:38Z" user="maphunter36" uid="2924920" lat="35.0196614" lon="126.8526927"/>
 <node id="3926562276" visible="true" version="2" changeset="127249438" timestamp="2022-10-09T13:41:08Z" user="야광멧돼지" uid="12393144" lat="35.0189297" lon="126.8501517"/>
 <node id="3926562277" visible="true" version="1" changeset="36353052" timestamp="2016-01-04T06:41:38Z" user="maphunter36" uid="2924920" lat="35.0189760" lon="126.8495062"/>
 <node id="3926562278" visible="true" version="1" changeset="36353052" timestamp="2016-01-04T06:41:38Z" user="maphunter36" uid="2924920" lat="35.0174911" lon="126.8500105"/>
 <node id="3926562279" visible="true" version="1" changeset="36353052" timestamp="2016-01-04T06:41:38Z" user="maphunter36" uid="2924920" lat="35.0175965" lon="126.8487659"/>
 <node id="3926562280" visible="true" version="1" changeset="36353052" timestamp="2016-01-04T06:41:38Z" user="maphunter36" uid="2924920" lat="35.0180271" lon="126.8481866"/>
 <node id="3926562281" visible="true" version="1" changeset="36353052" timestamp="2016-01-04T06:41:38Z" user="maphunter36" uid="2924920" lat="35.0178250" lon="126.8468133"/>
 <node id="3926562282" visible="true" version="1" changeset="36353052" timestamp="2016-01-04T06:41:38Z" user="maphunter36" uid="2924920" lat="35.0167794" lon="126.8462983"/>
 <node id="3926562283" visible="true" version="1" changeset="36353052" timestamp="2016-01-04T06:41:38Z" user="maphunter36" uid="2924920" lat="35.0152856" lon="126.8463412"/>
 <node id="3926562284" visible="true" version="1" changeset="36353052" timestamp="2016-01-04T06:41:38Z" user="maphunter36" uid="2924920" lat="35.0151538" lon="126.8460194"/>
 <node id="4969382480" visible="true" version="2" changeset="141946090" timestamp="2023-09-30T10:57:45Z" user="FUKUTAN" uid="5207199" lat="35.0135982" lon="126.8236084"/>
 <node id="4969382481" visible="true" version="1" changeset="50271152" timestamp="2017-07-14T01:19:44Z" user="FUKUTAN" uid="5207199" lat="35.0158512" lon="126.8249899"/>
 <node id="4969382482" visible="true" version="2" changeset="154920955" timestamp="2024-08-07T07:08:32Z" user="morago" uid="11113946" lat="35.0166856" lon="126.8256263"/>
 <node id="4969382484" visible="true" version="3" changeset="154920955" timestamp="2024-08-07T07:08:32Z" user="morago" uid="11113946" lat="35.0089635" lon="126.8224120"/>
 <node id="4969382485" visible="true" version="3" changeset="154920955" timestamp="2024-08-07T07:08:32Z" user="morago" uid="11113946" lat="35.0089377" lon="126.8225319"/>
 <node id="4969382486" visible="true" version="2" changeset="154920955" timestamp="2024-08-07T07:08:32Z" user="morago" uid="11113946" lat="35.0091630" lon="126.8237601"/>
 <node id="4969382487" visible="true" version="3" changeset="154920955" timestamp="2024-08-07T07:08:32Z" user="morago" uid="11113946" lat="35.0091437" lon="126.8239018"/>
 <node id="4969382488" visible="true" version="2" changeset="154920955" timestamp="2024-08-07T07:08:32Z" user="morago" uid="11113946" lat="35.0085051" lon="126.8261045"/>
 <node id="5180189983" visible="true" version="2" changeset="183719228" timestamp="2026-06-06T00:53:04Z" user="aaei924" uid="10626814" lat="35.0006899" lon="126.8080854"/>
 <node id="5180189984" visible="true" version="2" changeset="183719228" timestamp="2026-06-06T00:53:04Z" user="aaei924" uid="10626814" lat="35.0003963" lon="126.8076227"/>
 <node id="5180189985" visible="true" version="2" changeset="183719228" timestamp="2026-06-06T00:53:04Z" user="aaei924" uid="10626814" lat="34.9998216" lon="126.8068399"/>
 <node id="5180189986" visible="true" version="2" changeset="183719228" timestamp="2026-06-06T00:53:04Z" user="aaei924" uid="10626814" lat="34.9987078" lon="126.8056780"/>
 <node id="5217245003" visible="true" version="2" changeset="183719228" timestamp="2026-06-06T00:53:04Z" user="aaei924" uid="10626814" lat="35.0056258" lon="126.8184131"/>
 <node id="5217245004" visible="true" version="2" changeset="183719228" timestamp="2026-06-06T00:53:04Z" user="aaei924" uid="10626814" lat="35.0053585" lon="126.8181994"/>
 <node id="5217245005" visible="true" version="1" changeset="53597468" timestamp="2017-11-08T01:10:53Z" user="FUKUTAN" uid="5207199" lat="35.0069629" lon="126.8183940"/>
 <node id="5217245006" visible="true" version="1" changeset="53597468" timestamp="2017-11-08T01:10:53Z" user="FUKUTAN" uid="5207199" lat="35.0069100" lon="126.8179389"/>
 <node id="5217245007" visible="true" version="2" changeset="147077461" timestamp="2024-02-05T04:28:45Z" user="FUKUTAN" uid="5207199" lat="35.0092981" lon="126.8259547"/>
 <node id="5217245008" visible="true" version="1" changeset="53597468" timestamp="2017-11-08T01:10:53Z" user="FUKUTAN" uid="5207199" lat="35.0094358" lon="126.8250511"/>
 <node id="5217245009" visible="true" version="1" changeset="53597468" timestamp="2017-11-08T01:10:53Z" user="FUKUTAN" uid="5207199" lat="35.0090342" lon="126.8249436"/>
 <node id="5217245010" visible="true" version="1" changeset="53597468" timestamp="2017-11-08T01:10:53Z" user="FUKUTAN" uid="5207199" lat="35.0090552" lon="126.8248269"/>
 <node id="5217245011" visible="true" version="3" changeset="154920955" timestamp="2024-08-07T07:08:32Z" user="morago" uid="11113946" lat="35.0088848" lon="126.8247974"/>
 <node id="5217245012" visible="true" version="1" changeset="53597468" timestamp="2017-11-08T01:10:53Z" user="FUKUTAN" uid="5207199" lat="35.0090954" lon="126.8252052"/>
 <node id="5217245013" visible="true" version="1" changeset="53597468" timestamp="2017-11-08T01:10:53Z" user="FUKUTAN" uid="5207199" lat="35.0090763" lon="126.8253219"/>
 <node id="5217245014" visible="true" version="2" changeset="154920955" timestamp="2024-08-07T07:08:32Z" user="morago" uid="11113946" lat="35.0087447" lon="126.8252542"/>
 <node id="5217245015" visible="true" version="1" changeset="53597468" timestamp="2017-11-08T01:10:53Z" user="FUKUTAN" uid="5207199" lat="35.0087416" lon="126.8261415"/>
 <node id="5217245016" visible="true" version="1" changeset="53597468" timestamp="2017-11-08T01:10:53Z" user="FUKUTAN" uid="5207199" lat="35.0087282" lon="126.8262442"/>
 <node id="5217245017" visible="true" version="1" changeset="53597468" timestamp="2017-11-08T01:10:53Z" user="FUKUTAN" uid="5207199" lat="35.0084929" lon="126.8261952"/>
 <node id="5217245082" visible="true" version="3" changeset="183719228" timestamp="2026-06-06T00:53:04Z" user="aaei924" uid="10626814" lat="34.9983691" lon="126.8054011"/>
 <node id="5307632159" visible="true" version="1" changeset="54972016" timestamp="2017-12-28T02:49:41Z" user="FUKUTAN" uid="5207199" lat="35.0126238" lon="126.8303839"/>
 <node id="5307632160" visible="true" version="1" changeset="54972016" timestamp="2017-12-28T02:49:41Z" user="FUKUTAN" uid="5207199" lat="35.0124302" lon="126.8298856"/>
 <node id="5307632161" visible="true" version="1" changeset="54972016" timestamp="2017-12-28T02:49:41Z" user="FUKUTAN" uid="5207199" lat="35.0123838" lon="126.8294892"/>
 <node id="5307632162" visible="true" version="1" changeset="54972016" timestamp="2017-12-28T02:49:41Z" user="FUKUTAN" uid="5207199" lat="35.0124824" lon="126.8291565"/>
 <node id="5307632163" visible="true" version="1" changeset="54972016" timestamp="2017-12-28T02:49:41Z" user="FUKUTAN" uid="5207199" lat="35.0127259" lon="126.8286823"/>
 <node id="5307632164" visible="true" version="1" changeset="54972016" timestamp="2017-12-28T02:49:41Z" user="FUKUTAN" uid="5207199" lat="35.0131433" lon="126.8283355"/>
 <node id="5307632165" visible="true" version="1" changeset="54972016" timestamp="2017-12-28T02:49:41Z" user="FUKUTAN" uid="5207199" lat="35.0134042" lon="126.8278470"/>
 <node id="5307632166" visible="true" version="1" changeset="54972016" timestamp="2017-12-28T02:49:41Z" user="FUKUTAN" uid="5207199" lat="35.0135317" lon="126.8273162"/>
 <node id="5307632167" visible="true" version="1" changeset="54972016" timestamp="2017-12-28T02:49:41Z" user="FUKUTAN" uid="5207199" lat="35.0136360" lon="126.8268773"/>
 <node id="5307632168" visible="true" version="1" changeset="54972016" timestamp="2017-12-28T02:49:41Z" user="FUKUTAN" uid="5207199" lat="35.0136302" lon="126.8265871"/>
 <node id="5307632169" visible="true" version="1" changeset="54972016" timestamp="2017-12-28T02:49:41Z" user="FUKUTAN" uid="5207199" lat="35.0136071" lon="126.8261836"/>
 <node id="5307632170" visible="true" version="1" changeset="54972016" timestamp="2017-12-28T02:49:41Z" user="FUKUTAN" uid="5207199" lat="35.0135665" lon="126.8257660"/>
 <node id="5307632171" visible="true" version="1" changeset="54972016" timestamp="2017-12-28T02:49:41Z" user="FUKUTAN" uid="5207199" lat="35.0133868" lon="126.8250298"/>
 <node id="5307632172" visible="true" version="1" changeset="54972016" timestamp="2017-12-28T02:49:41Z" user="FUKUTAN" uid="5207199" lat="35.0132708" lon="126.8247609"/>
 <node id="5307632173" visible="true" version="1" changeset="54972016" timestamp="2017-12-28T02:49:41Z" user="FUKUTAN" uid="5207199" lat="35.0129288" lon="126.8245273"/>
 <node id="5307632174" visible="true" version="1" changeset="54972016" timestamp="2017-12-28T02:49:41Z" user="FUKUTAN" uid="5207199" lat="35.0126679" lon="126.8243432"/>
 <node id="5307632175" visible="true" version="1" changeset="54972016" timestamp="2017-12-28T02:49:41Z" user="FUKUTAN" uid="5207199" lat="35.0120476" lon="126.8243149"/>
 <node id="5307632176" visible="true" version="1" changeset="54972016" timestamp="2017-12-28T02:49:41Z" user="FUKUTAN" uid="5207199" lat="35.0115142" lon="126.8245768"/>
 <node id="5307632177" visible="true" version="1" changeset="54972016" timestamp="2017-12-28T02:49:41Z" user="FUKUTAN" uid="5207199" lat="35.0110794" lon="126.8249661"/>
 <node id="5307632178" visible="true" version="1" changeset="54972016" timestamp="2017-12-28T02:49:41Z" user="FUKUTAN" uid="5207199" lat="35.0108765" lon="126.8255324"/>
 <node id="5307632179" visible="true" version="1" changeset="54972016" timestamp="2017-12-28T02:49:41Z" user="FUKUTAN" uid="5207199" lat="35.0106562" lon="126.8258793"/>
 <node id="5307632180" visible="true" version="1" changeset="54972016" timestamp="2017-12-28T02:49:41Z" user="FUKUTAN" uid="5207199" lat="35.0103373" lon="126.8260562"/>
 <node id="5307632181" visible="true" version="1" changeset="54972016" timestamp="2017-12-28T02:49:41Z" user="FUKUTAN" uid="5207199" lat="35.0101866" lon="126.8261907"/>
 <node id="5307632182" visible="true" version="1" changeset="54972016" timestamp="2017-12-28T02:49:41Z" user="FUKUTAN" uid="5207199" lat="35.0100242" lon="126.8268490"/>
 <node id="5307632183" visible="true" version="1" changeset="54972016" timestamp="2017-12-28T02:49:41Z" user="FUKUTAN" uid="5207199" lat="35.0099257" lon="126.8272666"/>
 <node id="5307632185" visible="true" version="1" changeset="54972016" timestamp="2017-12-28T02:49:41Z" user="FUKUTAN" uid="5207199" lat="35.0071879" lon="126.8198616"/>
 <node id="5307632186" visible="true" version="3" changeset="154920955" timestamp="2024-08-07T07:08:32Z" user="morago" uid="11113946" lat="35.0077910" lon="126.8212818"/>
 <node id="5307632190" visible="true" version="3" changeset="154920955" timestamp="2024-08-07T07:08:32Z" user="morago" uid="11113946" lat="35.0072237" lon="126.8233449"/>
 <node id="5307632191" visible="true" version="1" changeset="54972016" timestamp="2017-12-28T02:49:41Z" user="FUKUTAN" uid="5207199" lat="35.0106249" lon="126.8222154"/>
 <node id="5307632192" visible="true" version="1" changeset="54972016" timestamp="2017-12-28T02:49:41Z" user="FUKUTAN" uid="5207199" lat="35.0097013" lon="126.8247388"/>
 <node id="5307632193" visible="true" version="1" changeset="54972016" timestamp="2017-12-28T02:49:41Z" user="FUKUTAN" uid="5207199" lat="35.0099890" lon="126.8248528"/>
 <node id="5307632194" visible="true" version="1" changeset="54972016" timestamp="2017-12-28T02:49:41Z" user="FUKUTAN" uid="5207199" lat="35.0103171" lon="126.8244030"/>
 <node id="5307632195" visible="true" version="1" changeset="54972016" timestamp="2017-12-28T02:49:41Z" user="FUKUTAN" uid="5207199" lat="35.0105114" lon="126.8240671"/>
 <node id="5307632196" visible="true" version="1" changeset="54972016" timestamp="2017-12-28T02:49:41Z" user="FUKUTAN" uid="5207199" lat="35.0106653" lon="126.8239716"/>
 <node id="5307632197" visible="true" version="1" changeset="54972016" timestamp="2017-12-28T02:49:41Z" user="FUKUTAN" uid="5207199" lat="35.0109126" lon="126.8239747"/>
 <node id="5307632198" visible="true" version="1" changeset="54972016" timestamp="2017-12-28T02:49:41Z" user="FUKUTAN" uid="5207199" lat="35.0109984" lon="126.8239439"/>
 <node id="5307632199" visible="true" version="1" changeset="54972016" timestamp="2017-12-28T02:49:41Z" user="FUKUTAN" uid="5207199" lat="35.0113593" lon="126.8235588"/>
 <node id="5307632200" visible="true" version="1" changeset="54972016" timestamp="2017-12-28T02:49:41Z" user="FUKUTAN" uid="5207199" lat="35.0115511" lon="126.8234602"/>
 <node id="5307632201" visible="true" version="1" changeset="54972016" timestamp="2017-12-28T02:49:41Z" user="FUKUTAN" uid="5207199" lat="35.0116268" lon="126.8231798"/>
 <node id="5307632202" visible="true" version="1" changeset="54972016" timestamp="2017-12-28T02:49:41Z" user="FUKUTAN" uid="5207199" lat="35.0119397" lon="126.8230011"/>
 <node id="5307632203" visible="true" version="1" changeset="54972016" timestamp="2017-12-28T02:49:41Z" user="FUKUTAN" uid="5207199" lat="35.0120785" lon="126.8227916"/>
 <node id="5307632204" visible="true" version="1" changeset="54972016" timestamp="2017-12-28T02:49:41Z" user="FUKUTAN" uid="5207199" lat="35.0116773" lon="126.8225882"/>
 <node id="5307632205" visible="true" version="2" changeset="183719228" timestamp="2026-06-06T00:53:04Z" user="aaei924" uid="10626814" lat="35.0058830" lon="126.8185872"/>
 <node id="5307632206" visible="true" version="2" changeset="183719228" timestamp="2026-06-06T00:53:04Z" user="aaei924" uid="10626814" lat="35.0068733" lon="126.8193080"/>
 <node id="5307632207" visible="true" version="1" changeset="54972016" timestamp="2017-12-28T02:49:41Z" user="FUKUTAN" uid="5207199" lat="35.0069121" lon="126.8192248"/>
 <node id="5307632208" visible="true" version="1" changeset="54972016" timestamp="2017-12-28T02:49:41Z" user="FUKUTAN" uid="5207199" lat="35.0069560" lon="126.8191605"/>
 <node id="5307632209" visible="true" version="1" changeset="54972016" timestamp="2017-12-28T02:49:41Z" user="FUKUTAN" uid="5207199" lat="35.0070175" lon="126.8191417"/>
 <node id="5307632210" visible="true" version="3" changeset="183719228" timestamp="2026-06-06T00:53:04Z" user="aaei924" uid="10626814" lat="35.0071849" lon="126.8191155"/>
 <node id="5307632211" visible="true" version="1" changeset="54972016" timestamp="2017-12-28T02:49:42Z" user="FUKUTAN" uid="5207199" lat="35.0070615" lon="126.8188896"/>
 <node id="5307632212" visible="true" version="1" changeset="54972016" timestamp="2017-12-28T02:49:42Z" user="FUKUTAN" uid="5207199" lat="35.0070131" lon="126.8188413"/>
 <node id="5307632213" visible="true" version="1" changeset="54972016" timestamp="2017-12-28T02:49:42Z" user="FUKUTAN" uid="5207199" lat="35.0069736" lon="126.8187608"/>
 <node id="5307632214" visible="true" version="1" changeset="54972016" timestamp="2017-12-28T02:49:42Z" user="FUKUTAN" uid="5207199" lat="35.0069604" lon="126.8186562"/>
 <node id="5307632216" visible="true" version="1" changeset="54972016" timestamp="2017-12-28T02:49:42Z" user="FUKUTAN" uid="5207199" lat="35.0068681" lon="126.8186750"/>
 <node id="5307632217" visible="true" version="1" changeset="54972016" timestamp="2017-12-28T02:49:42Z" user="FUKUTAN" uid="5207199" lat="35.0068330" lon="126.8187286"/>
 <node id="5307632218" visible="true" version="1" changeset="54972016" timestamp="2017-12-28T02:49:42Z" user="FUKUTAN" uid="5207199" lat="35.0067934" lon="126.8187474"/>
 <node id="5307632219" visible="true" version="2" changeset="183719228" timestamp="2026-06-06T00:53:04Z" user="aaei924" uid="10626814" lat="35.0065398" lon="126.8187771"/>
 <node id="5307632220" visible="true" version="2" changeset="183719228" timestamp="2026-06-06T00:53:04Z" user="aaei924" uid="10626814" lat="35.0066015" lon="126.8189104"/>
 <node id="5307632221" visible="true" version="1" changeset="54972016" timestamp="2017-12-28T02:49:42Z" user="FUKUTAN" uid="5207199" lat="35.0066990" lon="126.8190049"/>
 <node id="5307632222" visible="true" version="1" changeset="54972016" timestamp="2017-12-28T02:49:42Z" user="FUKUTAN" uid="5207199" lat="35.0067671" lon="126.8190854"/>
 <node id="5307632223" visible="true" version="2" changeset="183719228" timestamp="2026-06-06T00:53:04Z" user="aaei924" uid="10626814" lat="35.0068211" lon="126.8191704"/>
 <node id="5307632226" visible="true" version="3" changeset="183719228" timestamp="2026-06-06T00:53:04Z" user="aaei924" uid="10626814" lat="35.0028658" lon="126.8130336"/>
 <node id="5307632234" visible="true" version="3" changeset="183719228" timestamp="2026-06-06T00:53:04Z" user="aaei924" uid="10626814" lat="35.0025595" lon="126.8122277"/>
 <node id="5308049084" visible="true" version="1" changeset="54976555" timestamp="2017-12-28T08:38:16Z" user="FUKUTAN" uid="5207199" lat="35.0043817" lon="126.8145358"/>
 <node id="5308049085" visible="true" version="1" changeset="54976555" timestamp="2017-12-28T08:38:16Z" user="FUKUTAN" uid="5207199" lat="35.0042657" lon="126.8147517"/>
 <node id="5308049086" visible="true" version="1" changeset="54976555" timestamp="2017-12-28T08:38:16Z" user="FUKUTAN" uid="5207199" lat="35.0042512" lon="126.8149251"/>
 <node id="5308049087" visible="true" version="1" changeset="54976555" timestamp="2017-12-28T08:38:16Z" user="FUKUTAN" uid="5207199" lat="35.0042309" lon="126.8150490"/>
 <node id="5308049088" visible="true" version="1" changeset="54976555" timestamp="2017-12-28T08:38:16Z" user="FUKUTAN" uid="5207199" lat="35.0041614" lon="126.8151198"/>
 <node id="5308049089" visible="true" version="1" changeset="54976555" timestamp="2017-12-28T08:38:16Z" user="FUKUTAN" uid="5207199" lat="35.0039063" lon="126.8152472"/>
 <node id="5308049090" visible="true" version="1" changeset="54976555" timestamp="2017-12-28T08:38:16Z" user="FUKUTAN" uid="5207199" lat="35.0042048" lon="126.8159869"/>
 <node id="5308049091" visible="true" version="1" changeset="54976555" timestamp="2017-12-28T08:38:16Z" user="FUKUTAN" uid="5207199" lat="35.0043759" lon="126.8159338"/>
 <node id="5308049092" visible="true" version="1" changeset="54976555" timestamp="2017-12-28T08:38:16Z" user="FUKUTAN" uid="5207199" lat="35.0045875" lon="126.8161001"/>
 <node id="5308049093" visible="true" version="1" changeset="54976555" timestamp="2017-12-28T08:38:16Z" user="FUKUTAN" uid="5207199" lat="35.0049296" lon="126.8163797"/>
 <node id="5308049094" visible="true" version="1" changeset="54976555" timestamp="2017-12-28T08:38:16Z" user="FUKUTAN" uid="5207199" lat="35.0050919" lon="126.8167053"/>
 <node id="5308049095" visible="true" version="1" changeset="54976555" timestamp="2017-12-28T08:38:16Z" user="FUKUTAN" uid="5207199" lat="35.0050861" lon="126.8167938"/>
 <node id="5308049096" visible="true" version="1" changeset="54976555" timestamp="2017-12-28T08:38:16Z" user="FUKUTAN" uid="5207199" lat="35.0050166" lon="126.8170628"/>
 <node id="5308049097" visible="true" version="1" changeset="54976555" timestamp="2017-12-28T08:38:16Z" user="FUKUTAN" uid="5207199" lat="35.0049354" lon="126.8174203"/>
 <node id="5308049098" visible="true" version="1" changeset="54976555" timestamp="2017-12-28T08:38:16Z" user="FUKUTAN" uid="5207199" lat="35.0050832" lon="126.8176326"/>
 <node id="5308049099" visible="true" version="1" changeset="54976555" timestamp="2017-12-28T08:38:16Z" user="FUKUTAN" uid="5207199" lat="35.0052224" lon="126.8177317"/>
 <node id="5308049100" visible="true" version="1" changeset="54976555" timestamp="2017-12-28T08:38:16Z" user="FUKUTAN" uid="5207199" lat="35.0056746" lon="126.8180998"/>
 <node id="5308049101" visible="true" version="1" changeset="54976555" timestamp="2017-12-28T08:38:16Z" user="FUKUTAN" uid="5207199" lat="35.0060805" lon="126.8183475"/>
 <node id="5308049102" visible="true" version="1" changeset="54976555" timestamp="2017-12-28T08:38:16Z" user="FUKUTAN" uid="5207199" lat="35.0063472" lon="126.8185032"/>
 <node id="5308049103" visible="true" version="1" changeset="54976555" timestamp="2017-12-28T08:38:16Z" user="FUKUTAN" uid="5207199" lat="35.0064834" lon="126.8185245"/>
 <node id="5308049104" visible="true" version="1" changeset="54976555" timestamp="2017-12-28T08:38:16Z" user="FUKUTAN" uid="5207199" lat="35.0069009" lon="126.8183865"/>
 <node id="5308049105" visible="true" version="1" changeset="54976555" timestamp="2017-12-28T08:38:16Z" user="FUKUTAN" uid="5207199" lat="35.0069009" lon="126.8182661"/>
 <node id="5308049106" visible="true" version="1" changeset="54976555" timestamp="2017-12-28T08:38:16Z" user="FUKUTAN" uid="5207199" lat="35.0068777" lon="126.8180856"/>
 <node id="5308049107" visible="true" version="1" changeset="54976555" timestamp="2017-12-28T08:38:16Z" user="FUKUTAN" uid="5207199" lat="35.0067878" lon="126.8177813"/>
 <node id="5308049108" visible="true" version="1" changeset="54976555" timestamp="2017-12-28T08:38:16Z" user="FUKUTAN" uid="5207199" lat="35.0066574" lon="126.8173849"/>
 <node id="5308049109" visible="true" version="1" changeset="54976555" timestamp="2017-12-28T08:38:16Z" user="FUKUTAN" uid="5207199" lat="35.0063588" lon="126.8167372"/>
 <node id="5308049110" visible="true" version="1" changeset="54976555" timestamp="2017-12-28T08:38:17Z" user="FUKUTAN" uid="5207199" lat="35.0058225" lon="126.8156613"/>
 <node id="5308049111" visible="true" version="1" changeset="54976555" timestamp="2017-12-28T08:38:17Z" user="FUKUTAN" uid="5207199" lat="35.0057210" lon="126.8154949"/>
 <node id="5308049112" visible="true" version="1" changeset="54976555" timestamp="2017-12-28T08:38:17Z" user="FUKUTAN" uid="5207199" lat="35.0056137" lon="126.8153427"/>
 <node id="5308049113" visible="true" version="1" changeset="54976555" timestamp="2017-12-28T08:38:17Z" user="FUKUTAN" uid="5207199" lat="35.0054775" lon="126.8152260"/>
 <node id="5309416313" visible="true" version="3" changeset="183719228" timestamp="2026-06-06T00:53:04Z" user="aaei924" uid="10626814" lat="35.0109965" lon="126.8203993"/>
 <node id="5309416314" visible="true" version="3" changeset="183719228" timestamp="2026-06-06T00:53:04Z" user="aaei924" uid="10626814" lat="35.0117293" lon="126.8208220"/>
 <node id="5893787087" visible="true" version="1" changeset="62414878" timestamp="2018-09-09T02:23:53Z" user="maphunter36" uid="2924920" lat="35.0097148" lon="126.8274605"/>
 <node id="5893787088" visible="true" version="1" changeset="62414878" timestamp="2018-09-09T02:23:53Z" user="maphunter36" uid="2924920" lat="35.0089804" lon="126.8273857"/>
 <node id="5893787089" visible="true" version="1" changeset="62414878" timestamp="2018-09-09T02:23:53Z" user="maphunter36" uid="2924920" lat="35.0082078" lon="126.8271709"/>
 <node id="5893787090" visible="true" version="1" changeset="62414878" timestamp="2018-09-09T02:23:53Z" user="maphunter36" uid="2924920" lat="35.0080242" lon="126.8270308"/>
 <node id="5893787091" visible="true" version="1" changeset="62414878" timestamp="2018-09-09T02:23:53Z" user="maphunter36" uid="2924920" lat="35.0079094" lon="126.8265918"/>
 <node id="5893787092" visible="true" version="1" changeset="62414878" timestamp="2018-09-09T02:23:53Z" user="maphunter36" uid="2924920" lat="35.0076417" lon="126.8263023"/>
 <node id="5893787093" visible="true" version="1" changeset="62414878" timestamp="2018-09-09T02:23:53Z" user="maphunter36" uid="2924920" lat="35.0072897" lon="126.8261902"/>
 <node id="5893787094" visible="true" version="1" changeset="62414878" timestamp="2018-09-09T02:23:53Z" user="maphunter36" uid="2924920" lat="35.0066701" lon="126.8261996"/>
 <node id="5893787095" visible="true" version="1" changeset="62414878" timestamp="2018-09-09T02:23:53Z" user="maphunter36" uid="2924920" lat="35.0062570" lon="126.8262649"/>
 <node id="5893787096" visible="true" version="1" changeset="62414878" timestamp="2018-09-09T02:23:53Z" user="maphunter36" uid="2924920" lat="35.0058745" lon="126.8265545"/>
 <node id="5893787097" visible="true" version="1" changeset="62414878" timestamp="2018-09-09T02:23:53Z" user="maphunter36" uid="2924920" lat="35.0054307" lon="126.8264144"/>
 <node id="5893787098" visible="true" version="1" changeset="62414878" timestamp="2018-09-09T02:23:53Z" user="maphunter36" uid="2924920" lat="35.0052624" lon="126.8261155"/>
 <node id="5893787099" visible="true" version="1" changeset="62414878" timestamp="2018-09-09T02:23:53Z" user="maphunter36" uid="2924920" lat="35.0051324" lon="126.8255551"/>
 <node id="5893787100" visible="true" version="1" changeset="62414878" timestamp="2018-09-09T02:23:53Z" user="maphunter36" uid="2924920" lat="35.0051706" lon="126.8250321"/>
 <node id="5893787101" visible="true" version="1" changeset="62414878" timestamp="2018-09-09T02:23:53Z" user="maphunter36" uid="2924920" lat="35.0051553" lon="126.8244997"/>
 <node id="5893787102" visible="true" version="1" changeset="62414878" timestamp="2018-09-09T02:23:53Z" user="maphunter36" uid="2924920" lat="35.0047651" lon="126.8241261"/>
 <node id="5893787103" visible="true" version="1" changeset="62414878" timestamp="2018-09-09T02:23:53Z" user="maphunter36" uid="2924920" lat="35.0045356" lon="126.8237618"/>
 <node id="5893787104" visible="true" version="2" changeset="157900216" timestamp="2024-10-15T00:38:08Z" user="야광멧돼지" uid="12393144" lat="35.0043016" lon="126.8236655"/>
 <node id="5893787105" visible="true" version="2" changeset="157900216" timestamp="2024-10-15T00:38:08Z" user="야광멧돼지" uid="12393144" lat="35.0031095" lon="126.8262517"/>
 <node id="5893787106" visible="true" version="2" changeset="157900216" timestamp="2024-10-15T00:38:08Z" user="야광멧돼지" uid="12393144" lat="35.0030003" lon="126.8239360"/>
 <node id="5893787107" visible="true" version="1" changeset="62414878" timestamp="2018-09-09T02:23:54Z" user="maphunter36" uid="2924920" lat="35.0026306" lon="126.8236497"/>
 <node id="5893787108" visible="true" version="1" changeset="62414878" timestamp="2018-09-09T02:23:54Z" user="maphunter36" uid="2924920" lat="35.0025006" lon="126.8240140"/>
 <node id="5893787109" visible="true" version="1" changeset="62414878" timestamp="2018-09-09T02:23:54Z" user="maphunter36" uid="2924920" lat="35.0023017" lon="126.8246024"/>
 <node id="5893787110" visible="true" version="1" changeset="62414878" timestamp="2018-09-09T02:23:54Z" user="maphunter36" uid="2924920" lat="35.0022711" lon="126.8251161"/>
 <node id="5893787111" visible="true" version="1" changeset="62414878" timestamp="2018-09-09T02:23:54Z" user="maphunter36" uid="2924920" lat="35.0019727" lon="126.8253029"/>
 <node id="5893787112" visible="true" version="1" changeset="62414878" timestamp="2018-09-09T02:23:54Z" user="maphunter36" uid="2924920" lat="35.0016973" lon="126.8253590"/>
 <node id="5893787113" visible="true" version="1" changeset="62414878" timestamp="2018-09-09T02:23:54Z" user="maphunter36" uid="2924920" lat="35.0012459" lon="126.8251815"/>
 <node id="5893787114" visible="true" version="1" changeset="62414878" timestamp="2018-09-09T02:23:54Z" user="maphunter36" uid="2924920" lat="35.0007256" lon="126.8251161"/>
 <node id="5893787115" visible="true" version="1" changeset="62414878" timestamp="2018-09-09T02:23:54Z" user="maphunter36" uid="2924920" lat="35.0004731" lon="126.8253123"/>
 <node id="5893787116" visible="true" version="1" changeset="62414878" timestamp="2018-09-09T02:23:54Z" user="maphunter36" uid="2924920" lat="35.0002207" lon="126.8257419"/>
 <node id="5893787117" visible="true" version="1" changeset="62414878" timestamp="2018-09-09T02:23:54Z" user="maphunter36" uid="2924920" lat="34.9999758" lon="126.8258073"/>
 <node id="5893787118" visible="true" version="1" changeset="62414878" timestamp="2018-09-09T02:23:54Z" user="maphunter36" uid="2924920" lat="34.9994862" lon="126.8258820"/>
 <node id="5893787119" visible="true" version="1" changeset="62414878" timestamp="2018-09-09T02:23:54Z" user="maphunter36" uid="2924920" lat="34.9992643" lon="126.8254804"/>
 <node id="5893787120" visible="true" version="1" changeset="62414878" timestamp="2018-09-09T02:23:54Z" user="maphunter36" uid="2924920" lat="34.9993026" lon="126.8251068"/>
 <node id="5893787121" visible="true" version="1" changeset="62414878" timestamp="2018-09-09T02:23:54Z" user="maphunter36" uid="2924920" lat="34.9993714" lon="126.8243689"/>
 <node id="5893787122" visible="true" version="1" changeset="62414878" timestamp="2018-09-09T02:23:54Z" user="maphunter36" uid="2924920" lat="34.9990654" lon="126.8238272"/>
 <node id="5893787123" visible="true" version="1" changeset="62414878" timestamp="2018-09-09T02:23:54Z" user="maphunter36" uid="2924920" lat="34.9987440" lon="126.8238179"/>
 <node id="5893787124" visible="true" version="1" changeset="62414878" timestamp="2018-09-09T02:23:54Z" user="maphunter36" uid="2924920" lat="34.9982773" lon="126.8239019"/>
 <node id="5893787125" visible="true" version="1" changeset="62414878" timestamp="2018-09-09T02:23:54Z" user="maphunter36" uid="2924920" lat="34.9977647" lon="126.8245184"/>
 <node id="5893787126" visible="true" version="1" changeset="62414878" timestamp="2018-09-09T02:23:54Z" user="maphunter36" uid="2924920" lat="34.9975352" lon="126.8245837"/>
 <node id="5893787127" visible="true" version="1" changeset="62414878" timestamp="2018-09-09T02:23:54Z" user="maphunter36" uid="2924920" lat="34.9972368" lon="126.8243316"/>
 <node id="5893787128" visible="true" version="1" changeset="62414878" timestamp="2018-09-09T02:23:54Z" user="maphunter36" uid="2924920" lat="34.9968007" lon="126.8242662"/>
 <node id="5893787129" visible="true" version="1" changeset="62414878" timestamp="2018-09-09T02:23:54Z" user="maphunter36" uid="2924920" lat="34.9962957" lon="126.8242382"/>
 <node id="5893787130" visible="true" version="1" changeset="62414878" timestamp="2018-09-09T02:23:54Z" user="maphunter36" uid="2924920" lat="34.9956377" lon="126.8245651"/>
 <node id="5893787131" visible="true" version="1" changeset="62414878" timestamp="2018-09-09T02:23:54Z" user="maphunter36" uid="2924920" lat="34.9952934" lon="126.8243035"/>
 <node id="5893787132" visible="true" version="1" changeset="62414878" timestamp="2018-09-09T02:23:54Z" user="maphunter36" uid="2924920" lat="34.9948955" lon="126.8240047"/>
 <node id="5893787133" visible="true" version="1" changeset="62414878" timestamp="2018-09-09T02:23:54Z" user="maphunter36" uid="2924920" lat="34.9945818" lon="126.8237805"/>
 <node id="5893787134" visible="true" version="1" changeset="62414878" timestamp="2018-09-09T02:23:54Z" user="maphunter36" uid="2924920" lat="34.9943982" lon="126.8234629"/>
 <node id="5893787135" visible="true" version="1" changeset="62414878" timestamp="2018-09-09T02:23:54Z" user="maphunter36" uid="2924920" lat="34.9941686" lon="126.8229586"/>
 <node id="5893787136" visible="true" version="1" changeset="62414878" timestamp="2018-09-09T02:23:54Z" user="maphunter36" uid="2924920" lat="34.9940538" lon="126.8226317"/>
 <node id="5893787137" visible="true" version="1" changeset="62414878" timestamp="2018-09-09T02:23:54Z" user="maphunter36" uid="2924920" lat="34.9936483" lon="126.8225943"/>
 <node id="5893787138" visible="true" version="1" changeset="62414878" timestamp="2018-09-09T02:23:54Z" user="maphunter36" uid="2924920" lat="34.9936101" lon="126.8229866"/>
 <node id="5893787139" visible="true" version="1" changeset="62414878" timestamp="2018-09-09T02:23:54Z" user="maphunter36" uid="2924920" lat="34.9938549" lon="126.8231174"/>
 <node id="5893787140" visible="true" version="1" changeset="62414878" timestamp="2018-09-09T02:23:54Z" user="maphunter36" uid="2924920" lat="34.9940615" lon="126.8234256"/>
 <node id="5893787141" visible="true" version="1" changeset="62414878" timestamp="2018-09-09T02:23:54Z" user="maphunter36" uid="2924920" lat="34.9941610" lon="126.8236871"/>
 <node id="5893787142" visible="true" version="1" changeset="62414878" timestamp="2018-09-09T02:23:54Z" user="maphunter36" uid="2924920" lat="34.9940844" lon="126.8239766"/>
 <node id="5893787143" visible="true" version="1" changeset="62414878" timestamp="2018-09-09T02:23:54Z" user="maphunter36" uid="2924920" lat="34.9938702" lon="126.8241354"/>
 <node id="5893787144" visible="true" version="1" changeset="62414878" timestamp="2018-09-09T02:23:54Z" user="maphunter36" uid="2924920" lat="34.9940538" lon="126.8244343"/>
 <node id="5893787145" visible="true" version="1" changeset="62414878" timestamp="2018-09-09T02:23:54Z" user="maphunter36" uid="2924920" lat="34.9943982" lon="126.8243876"/>
 <node id="5893787146" visible="true" version="1" changeset="62414878" timestamp="2018-09-09T02:23:54Z" user="maphunter36" uid="2924920" lat="34.9948496" lon="126.8243502"/>
 <node id="5893787147" visible="true" version="1" changeset="62414878" timestamp="2018-09-09T02:23:54Z" user="maphunter36" uid="2924920" lat="34.9952551" lon="126.8245651"/>
 <node id="5893787726" visible="true" version="1" changeset="62414878" timestamp="2018-09-09T02:23:56Z" user="maphunter36" uid="2924920" lat="34.9962498" lon="126.8278527"/>
 <node id="5893787727" visible="true" version="1" changeset="62414878" timestamp="2018-09-09T02:23:56Z" user="maphunter36" uid="2924920" lat="34.9970149" lon="126.8282077"/>
 <node id="5893787728" visible="true" version="1" changeset="62414878" timestamp="2018-09-09T02:23:56Z" user="maphunter36" uid="2924920" lat="34.9973133" lon="126.8285159"/>
 <node id="5893787729" visible="true" version="1" changeset="62414878" timestamp="2018-09-09T02:23:56Z" user="maphunter36" uid="2924920" lat="34.9977264" lon="126.8286933"/>
 <node id="5893787730" visible="true" version="1" changeset="62414878" timestamp="2018-09-09T02:23:57Z" user="maphunter36" uid="2924920" lat="34.9981549" lon="126.8286186"/>
 <node id="5893787731" visible="true" version="1" changeset="62414878" timestamp="2018-09-09T02:23:57Z" user="maphunter36" uid="2924920" lat="34.9983844" lon="126.8291417"/>
 <node id="5893787732" visible="true" version="1" changeset="62414878" timestamp="2018-09-09T02:23:57Z" user="maphunter36" uid="2924920" lat="34.9984456" lon="126.8295153"/>
 <node id="5893787733" visible="true" version="1" changeset="62414878" timestamp="2018-09-09T02:23:57Z" user="maphunter36" uid="2924920" lat="34.9982544" lon="126.8298795"/>
 <node id="5893787734" visible="true" version="1" changeset="62414878" timestamp="2018-09-09T02:23:57Z" user="maphunter36" uid="2924920" lat="34.9979560" lon="126.8299916"/>
 <node id="5893787735" visible="true" version="1" changeset="62414878" timestamp="2018-09-09T02:23:57Z" user="maphunter36" uid="2924920" lat="34.9976729" lon="126.8299636"/>
 <node id="5893787736" visible="true" version="1" changeset="62414878" timestamp="2018-09-09T02:23:57Z" user="maphunter36" uid="2924920" lat="34.9975046" lon="126.8301317"/>
 <node id="5893787737" visible="true" version="1" changeset="62414878" timestamp="2018-09-09T02:23:57Z" user="maphunter36" uid="2924920" lat="34.9973745" lon="126.8305520"/>
 <node id="5893787738" visible="true" version="1" changeset="62414878" timestamp="2018-09-09T02:23:57Z" user="maphunter36" uid="2924920" lat="34.9975658" lon="126.8305333"/>
 <node id="5893787739" visible="true" version="1" changeset="62414878" timestamp="2018-09-09T02:23:57Z" user="maphunter36" uid="2924920" lat="34.9978336" lon="126.8303652"/>
 <node id="5893787740" visible="true" version="1" changeset="62414878" timestamp="2018-09-09T02:23:57Z" user="maphunter36" uid="2924920" lat="34.9981549" lon="126.8305053"/>
 <node id="5893787741" visible="true" version="1" changeset="62414878" timestamp="2018-09-09T02:23:57Z" user="maphunter36" uid="2924920" lat="34.9983309" lon="126.8309069"/>
 <node id="5893787742" visible="true" version="1" changeset="62414878" timestamp="2018-09-09T02:23:57Z" user="maphunter36" uid="2924920" lat="34.9981932" lon="126.8311311"/>
 <node id="5893787743" visible="true" version="1" changeset="62414878" timestamp="2018-09-09T02:23:57Z" user="maphunter36" uid="2924920" lat="34.9982926" lon="126.8313179"/>
 <node id="5893787744" visible="true" version="1" changeset="62414878" timestamp="2018-09-09T02:23:57Z" user="maphunter36" uid="2924920" lat="34.9986981" lon="126.8315234"/>
 <node id="5893787745" visible="true" version="1" changeset="62414878" timestamp="2018-09-09T02:23:57Z" user="maphunter36" uid="2924920" lat="34.9987593" lon="126.8318316"/>
 <node id="5893787746" visible="true" version="1" changeset="62414878" timestamp="2018-09-09T02:23:57Z" user="maphunter36" uid="2924920" lat="34.9986293" lon="126.8320090"/>
 <node id="5893787747" visible="true" version="1" changeset="62414878" timestamp="2018-09-09T02:23:57Z" user="maphunter36" uid="2924920" lat="34.9983691" lon="126.8321398"/>
 <node id="5893787748" visible="true" version="1" changeset="62414878" timestamp="2018-09-09T02:23:57Z" user="maphunter36" uid="2924920" lat="34.9980631" lon="126.8321024"/>
 <node id="5893787749" visible="true" version="1" changeset="62414878" timestamp="2018-09-09T02:23:57Z" user="maphunter36" uid="2924920" lat="34.9977877" lon="126.8319437"/>
 <node id="5893787750" visible="true" version="1" changeset="62414878" timestamp="2018-09-09T02:23:57Z" user="maphunter36" uid="2924920" lat="34.9975046" lon="126.8323453"/>
 <node id="5893787751" visible="true" version="2" changeset="149486328" timestamp="2024-04-02T15:09:19Z" user="야광멧돼지" uid="12393144" lat="34.9973718" lon="126.8330816"/>
 <node id="7047502512" visible="true" version="1" changeset="78223395" timestamp="2019-12-10T19:11:18Z" user="maphunter36" uid="2924920" lat="34.9950791" lon="126.8252244"/>
 <node id="7047502513" visible="true" version="1" changeset="78223395" timestamp="2019-12-10T19:11:18Z" user="maphunter36" uid="2924920" lat="34.9951154" lon="126.8253997"/>
 <node id="7047502514" visible="true" version="1" changeset="78223395" timestamp="2019-12-10T19:11:18Z" user="maphunter36" uid="2924920" lat="34.9955764" lon="126.8273777"/>
 <node id="7047502515" visible="true" version="1" changeset="78223395" timestamp="2019-12-10T19:11:18Z" user="maphunter36" uid="2924920" lat="34.9959179" lon="126.8275471"/>
 <node id="7047502519" visible="true" version="1" changeset="78223395" timestamp="2019-12-10T19:11:18Z" user="maphunter36" uid="2924920" lat="34.9952675" lon="126.8260976"/>
 <node id="7047502520" visible="true" version="1" changeset="78223395" timestamp="2019-12-10T19:11:18Z" user="maphunter36" uid="2924920" lat="34.9952010" lon="126.8261569"/>
 <node id="7047502521" visible="true" version="1" changeset="78223395" timestamp="2019-12-10T19:11:18Z" user="maphunter36" uid="2924920" lat="34.9955417" lon="126.8272648"/>
 <node id="7047502522" visible="true" version="1" changeset="78223395" timestamp="2019-12-10T19:11:18Z" user="maphunter36" uid="2924920" lat="34.9954675" lon="126.8272843"/>
 <node id="7660256295" visible="true" version="1" changeset="87243256" timestamp="2020-06-28T08:06:11Z" user="LuxuryCoop" uid="7245212" lat="34.9824817" lon="126.8260598"/>
 <node id="7660256374" visible="true" version="2" changeset="163089849" timestamp="2025-03-01T14:14:45Z" user="dongin" uid="11518918" lat="34.9780981" lon="126.8307429"/>
 <node id="7660256383" visible="true" version="1" changeset="87243256" timestamp="2020-06-28T08:06:11Z" user="LuxuryCoop" uid="7245212" lat="34.9863700" lon="126.8409884"/>
 <node id="7660256384" visible="true" version="1" changeset="87243256" timestamp="2020-06-28T08:06:11Z" user="LuxuryCoop" uid="7245212" lat="34.9862096" lon="126.8410259"/>
 <node id="7660256385" visible="true" version="1" changeset="87243256" timestamp="2020-06-28T08:06:11Z" user="LuxuryCoop" uid="7245212" lat="34.9860140" lon="126.8410340"/>
 <node id="7660256386" visible="true" version="1" changeset="87243256" timestamp="2020-06-28T08:06:11Z" user="LuxuryCoop" uid="7245212" lat="34.9857305" lon="126.8410125"/>
 <node id="7660256387" visible="true" version="1" changeset="87243256" timestamp="2020-06-28T08:06:11Z" user="LuxuryCoop" uid="7245212" lat="34.9854492" lon="126.8409508"/>
 <node id="7660256388" visible="true" version="1" changeset="87243256" timestamp="2020-06-28T08:06:11Z" user="LuxuryCoop" uid="7245212" lat="34.9849856" lon="126.8413049"/>
 <node id="7660256389" visible="true" version="1" changeset="87243256" timestamp="2020-06-28T08:06:11Z" user="LuxuryCoop" uid="7245212" lat="34.9848625" lon="126.8414551"/>
 <node id="7660256390" visible="true" version="1" changeset="87243256" timestamp="2020-06-28T08:06:11Z" user="LuxuryCoop" uid="7245212" lat="34.9847680" lon="126.8420103"/>
 <node id="7660256391" visible="true" version="1" changeset="87243256" timestamp="2020-06-28T08:06:11Z" user="LuxuryCoop" uid="7245212" lat="34.9847834" lon="126.8421230"/>
 <node id="7660256392" visible="true" version="1" changeset="87243256" timestamp="2020-06-28T08:06:11Z" user="LuxuryCoop" uid="7245212" lat="34.9849614" lon="126.8425924"/>
 <node id="7660256393" visible="true" version="1" changeset="87243256" timestamp="2020-06-28T08:06:11Z" user="LuxuryCoop" uid="7245212" lat="34.9850625" lon="126.8427506"/>
 <node id="7660256394" visible="true" version="1" changeset="87243256" timestamp="2020-06-28T08:06:11Z" user="LuxuryCoop" uid="7245212" lat="34.9854338" lon="126.8434238"/>
 <node id="7660256395" visible="true" version="1" changeset="87243256" timestamp="2020-06-28T08:06:11Z" user="LuxuryCoop" uid="7245212" lat="34.9853503" lon="126.8431154"/>
 <node id="7660256449" visible="true" version="1" changeset="87243256" timestamp="2020-06-28T08:06:11Z" user="LuxuryCoop" uid="7245212" lat="34.9852535" lon="126.8410741"/>
 <node id="7660256581" visible="true" version="1" changeset="87243256" timestamp="2020-06-28T08:06:11Z" user="LuxuryCoop" uid="7245212" lat="34.9786473" lon="126.8301168"/>
 <node id="7660256659" visible="true" version="1" changeset="87243256" timestamp="2020-06-28T08:06:11Z" user="LuxuryCoop" uid="7245212" lat="34.9836360" lon="126.8246825"/>
 <node id="7660256685" visible="true" version="1" changeset="87243256" timestamp="2020-06-28T08:06:11Z" user="LuxuryCoop" uid="7245212" lat="34.9807016" lon="126.8278541"/>
 <node id="7660256716" visible="true" version="1" changeset="87243256" timestamp="2020-06-28T08:06:11Z" user="LuxuryCoop" uid="7245212" lat="34.9799896" lon="126.8284486"/>
 <node id="7660256736" visible="true" version="1" changeset="87243256" timestamp="2020-06-28T08:06:11Z" user="LuxuryCoop" uid="7245212" lat="34.9815392" lon="126.8270506"/>
 <node id="7660257043" visible="true" version="1" changeset="87243256" timestamp="2020-06-28T08:06:11Z" user="LuxuryCoop" uid="7245212" lat="34.9847430" lon="126.8238783"/>
 <node id="9352301257" visible="true" version="1" changeset="115157377" timestamp="2021-12-20T09:56:09Z" user="LuxuryCoop_Import" uid="12611025" lat="35.0032530" lon="126.8215750">
  <tag k="highway" v="bus_stop"/>
  <tag k="name" v="행정"/>
  <tag k="name:en" v="HaengJeong"/>
  <tag k="name:ko" v="행정"/>
  <tag k="phone" v="+82 62 613 5700"/>
  <tag k="public_transport" v="platform"/>
 </node>
 <node id="9352301760" visible="true" version="1" changeset="115157377" timestamp="2021-12-20T09:56:09Z" user="LuxuryCoop_Import" uid="12611025" lat="35.0032010" lon="126.8217120">
  <tag k="highway" v="bus_stop"/>
  <tag k="name" v="행정"/>
  <tag k="name:en" v="HaengJeong"/>
  <tag k="name:ko" v="행정"/>
  <tag k="phone" v="+82 62 613 5700"/>
  <tag k="public_transport" v="platform"/>
 </node>
 <node id="9352302255" visible="true" version="2" changeset="148003764" timestamp="2024-02-28T09:11:51Z" user="FUKUTAN" uid="5207199" lat="35.0093778" lon="126.8213500">
  <tag k="bus" v="yes"/>
  <tag k="highway" v="bus_stop"/>
  <tag k="name" v="국립나주병원"/>
  <tag k="name:en" v="Naju National Hospital"/>
  <tag k="name:ko" v="국립나주병원"/>
  <tag k="phone" v="+82 62 613 5700"/>
  <tag k="public_transport" v="platform"/>
 </node>
 <node id="9352302558" visible="true" version="1" changeset="115157377" timestamp="2021-12-20T09:56:09Z" user="LuxuryCoop_Import" uid="12611025" lat="35.0070611" lon="126.8198417">
  <tag k="highway" v="bus_stop"/>
  <tag k="name" v="산림자원연구소"/>
  <tag k="name:en" v="Forest Resources Research Institute"/>
  <tag k="name:ko" v="산림자원연구소"/>
  <tag k="phone" v="+82 62 613 5700"/>
  <tag k="public_transport" v="platform"/>
 </node>
 <node id="9352302729" visible="true" version="1" changeset="115157377" timestamp="2021-12-20T09:56:09Z" user="LuxuryCoop_Import" uid="12611025" lat="35.0070605" lon="126.8199378">
  <tag k="highway" v="bus_stop"/>
  <tag k="name" v="산림자원연구소"/>
  <tag k="name:en" v="Forest Resources Research Institute"/>
  <tag k="name:ko" v="산림자원연구소"/>
  <tag k="phone" v="+82 62 613 5700"/>
  <tag k="public_transport" v="platform"/>
 </node>
 <node id="10087024458" visible="true" version="2" changeset="149486328" timestamp="2024-04-02T15:09:19Z" user="야광멧돼지" uid="12393144" lat="35.0140734" lon="126.8383650"/>
 <node id="10087024473" visible="true" version="1" changeset="127249438" timestamp="2022-10-09T13:41:08Z" user="야광멧돼지" uid="12393144" lat="35.0191004" lon="126.8496439"/>
 <node id="10250209695" visible="true" version="1" changeset="129923704" timestamp="2022-12-10T06:35:23Z" user="OnlyWalker" uid="17066236" lat="35.0059833" lon="126.8313222">
  <tag k="ele" v="291.6"/>
  <tag k="name" v="식산"/>
  <tag k="natural" v="peak"/>
 </node>
 <node id="10250209696" visible="true" version="1" changeset="129923704" timestamp="2022-12-10T06:35:23Z" user="OnlyWalker" uid="17066236" lat="35.0059800" lon="126.8313200">
  <tag k="ele" v="291.6"/>
  <tag k="name" v="식산"/>
  <tag k="natural" v="peak"/>
 </node>
 <node id="10250209704" visible="true" version="1" changeset="129923704" timestamp="2022-12-10T06:35:23Z" user="OnlyWalker" uid="17066236" lat="35.0034600" lon="126.8302800">
  <tag k="ele" v="288.9"/>
  <tag k="name" v="식산"/>
  <tag k="natural" v="peak"/>
 </node>
 <node id="10250209705" visible="true" version="1" changeset="129923704" timestamp="2022-12-10T06:35:23Z" user="OnlyWalker" uid="17066236" lat="35.0034556" lon="126.8302778">
  <tag k="ele" v="288.9"/>
  <tag k="name" v="식산"/>
  <tag k="natural" v="peak"/>
 </node>
 <node id="11228765547" visible="true" version="1" changeset="141946090" timestamp="2023-09-30T10:57:45Z" user="FUKUTAN" uid="5207199" lat="35.0151997" lon="126.8249395"/>
 <node id="11228765548" visible="true" version="1" changeset="141946090" timestamp="2023-09-30T10:57:45Z" user="FUKUTAN" uid="5207199" lat="35.0151434" lon="126.8249304"/>
 <node id="11228765549" visible="true" version="1" changeset="141946090" timestamp="2023-09-30T10:57:45Z" user="FUKUTAN" uid="5207199" lat="35.0149723" lon="126.8248835"/>
 <node id="11228765550" visible="true" version="1" changeset="141946090" timestamp="2023-09-30T10:57:45Z" user="FUKUTAN" uid="5207199" lat="35.0149188" lon="126.8248610"/>
 <node id="11228765551" visible="true" version="1" changeset="141946090" timestamp="2023-09-30T10:57:45Z" user="FUKUTAN" uid="5207199" lat="35.0147663" lon="126.8247609"/>
 <node id="11228765552" visible="true" version="1" changeset="141946090" timestamp="2023-09-30T10:57:45Z" user="FUKUTAN" uid="5207199" lat="35.0142579" lon="126.8242487"/>
 <node id="11228765553" visible="true" version="1" changeset="141946090" timestamp="2023-09-30T10:57:45Z" user="FUKUTAN" uid="5207199" lat="35.0137252" lon="126.8236900"/>
 <node id="11228765554" visible="true" version="1" changeset="141946090" timestamp="2023-09-30T10:57:45Z" user="FUKUTAN" uid="5207199" lat="35.0043751" lon="126.8144239"/>
 <node id="11228765556" visible="true" version="1" changeset="141946090" timestamp="2023-09-30T10:57:45Z" user="FUKUTAN" uid="5207199" lat="35.0045772" lon="126.8145948"/>
 <node id="11228765557" visible="true" version="1" changeset="141946090" timestamp="2023-09-30T10:57:45Z" user="FUKUTAN" uid="5207199" lat="35.0046470" lon="126.8146448"/>
 <node id="11228765558" visible="true" version="1" changeset="141946090" timestamp="2023-09-30T10:57:45Z" user="FUKUTAN" uid="5207199" lat="35.0119353" lon="126.8226349"/>
 <node id="11228765559" visible="true" version="1" changeset="141946090" timestamp="2023-09-30T10:57:45Z" user="FUKUTAN" uid="5207199" lat="35.0105231" lon="126.8220981"/>
 <node id="11228765561" visible="true" version="2" changeset="148003764" timestamp="2024-02-28T09:11:51Z" user="FUKUTAN" uid="5207199" lat="35.0110285" lon="126.8231139"/>
 <node id="11228765562" visible="true" version="2" changeset="148003764" timestamp="2024-02-28T09:11:51Z" user="FUKUTAN" uid="5207199" lat="35.0105426" lon="126.8228975"/>
 <node id="11228765568" visible="true" version="2" changeset="148003764" timestamp="2024-02-28T09:11:51Z" user="FUKUTAN" uid="5207199" lat="35.0111734" lon="126.8226973"/>
 <node id="11228765574" visible="true" version="3" changeset="183719228" timestamp="2026-06-06T00:53:04Z" user="aaei924" uid="10626814" lat="35.0154416" lon="126.8235892"/>
 <node id="11228765575" visible="true" version="3" changeset="183719228" timestamp="2026-06-06T00:53:04Z" user="aaei924" uid="10626814" lat="35.0148308" lon="126.8231475"/>
 <node id="11228765655" visible="true" version="2" changeset="183719228" timestamp="2026-06-06T00:53:04Z" user="aaei924" uid="10626814" lat="35.0044953" lon="126.8171577"/>
 <node id="11228765656" visible="true" version="2" changeset="183719228" timestamp="2026-06-06T00:53:04Z" user="aaei924" uid="10626814" lat="35.0041995" lon="126.8166012"/>
 <node id="11586054709" visible="true" version="1" changeset="147077461" timestamp="2024-02-05T04:28:45Z" user="FUKUTAN" uid="5207199" lat="35.0097369" lon="126.8260621"/>
 <node id="11586054710" visible="true" version="2" changeset="148003764" timestamp="2024-02-28T09:11:51Z" user="FUKUTAN" uid="5207199" lat="35.0037886" lon="126.8212844"/>
 <node id="11586054711" visible="true" version="1" changeset="147077461" timestamp="2024-02-05T04:28:45Z" user="FUKUTAN" uid="5207199" lat="35.0038688" lon="126.8212428"/>
 <node id="11586054712" visible="true" version="1" changeset="147077461" timestamp="2024-02-05T04:28:45Z" user="FUKUTAN" uid="5207199" lat="35.0041113" lon="126.8211374"/>
 <node id="11586054713" visible="true" version="1" changeset="147077461" timestamp="2024-02-05T04:28:45Z" user="FUKUTAN" uid="5207199" lat="35.0046120" lon="126.8209904"/>
 <node id="11586054714" visible="true" version="1" changeset="147077461" timestamp="2024-02-05T04:28:45Z" user="FUKUTAN" uid="5207199" lat="35.0047012" lon="126.8209592"/>
 <node id="11586054716" visible="true" version="2" changeset="148003764" timestamp="2024-02-28T09:11:51Z" user="FUKUTAN" uid="5207199" lat="34.9998013" lon="126.8206078"/>
 <node id="11586054717" visible="true" version="1" changeset="147077461" timestamp="2024-02-05T04:28:45Z" user="FUKUTAN" uid="5207199" lat="35.0000187" lon="126.8206755"/>
 <node id="11586054718" visible="true" version="1" changeset="147077461" timestamp="2024-02-05T04:28:45Z" user="FUKUTAN" uid="5207199" lat="35.0008900" lon="126.8210064"/>
 <node id="11586054719" visible="true" version="1" changeset="147077461" timestamp="2024-02-05T04:28:45Z" user="FUKUTAN" uid="5207199" lat="35.0010671" lon="126.8211258"/>
 <node id="11586054720" visible="true" version="1" changeset="147077461" timestamp="2024-02-05T04:28:45Z" user="FUKUTAN" uid="5207199" lat="35.0011337" lon="126.8211892"/>
 <node id="11586054721" visible="true" version="1" changeset="147077461" timestamp="2024-02-05T04:28:45Z" user="FUKUTAN" uid="5207199" lat="35.0017474" lon="126.8218038"/>
 <node id="11586054722" visible="true" version="1" changeset="147077461" timestamp="2024-02-05T04:28:45Z" user="FUKUTAN" uid="5207199" lat="35.0018390" lon="126.8218656"/>
 <node id="11586054723" visible="true" version="1" changeset="147077461" timestamp="2024-02-05T04:28:45Z" user="FUKUTAN" uid="5207199" lat="35.0022349" lon="126.8219954"/>
 <node id="11586054724" visible="true" version="1" changeset="147077461" timestamp="2024-02-05T04:28:45Z" user="FUKUTAN" uid="5207199" lat="35.0023291" lon="126.8219999"/>
 <node id="11586054725" visible="true" version="1" changeset="147077461" timestamp="2024-02-05T04:28:45Z" user="FUKUTAN" uid="5207199" lat="35.0025404" lon="126.8219838"/>
 <node id="11586054726" visible="true" version="1" changeset="147077461" timestamp="2024-02-05T04:28:45Z" user="FUKUTAN" uid="5207199" lat="35.0026233" lon="126.8219685"/>
 <node id="11586054727" visible="true" version="1" changeset="147077461" timestamp="2024-02-05T04:28:45Z" user="FUKUTAN" uid="5207199" lat="35.0027988" lon="126.8219116"/>
 <node id="11586054728" visible="true" version="1" changeset="147077461" timestamp="2024-02-05T04:28:45Z" user="FUKUTAN" uid="5207199" lat="35.0028918" lon="126.8218628"/>
 <node id="11586054729" visible="true" version="1" changeset="147077461" timestamp="2024-02-05T04:28:45Z" user="FUKUTAN" uid="5207199" lat="35.0026036" lon="126.8221811"/>
 <node id="11586054730" visible="true" version="1" changeset="147077461" timestamp="2024-02-05T04:28:45Z" user="FUKUTAN" uid="5207199" lat="35.0026025" lon="126.8222562"/>
 <node id="11586054731" visible="true" version="1" changeset="147077461" timestamp="2024-02-05T04:28:45Z" user="FUKUTAN" uid="5207199" lat="35.0026069" lon="126.8223179"/>
 <node id="11586054732" visible="true" version="1" changeset="147077461" timestamp="2024-02-05T04:28:45Z" user="FUKUTAN" uid="5207199" lat="35.0026212" lon="126.8223863"/>
 <node id="11586054733" visible="true" version="1" changeset="147077461" timestamp="2024-02-05T04:28:45Z" user="FUKUTAN" uid="5207199" lat="35.0026377" lon="126.8224453"/>
 <node id="11586054734" visible="true" version="1" changeset="147077461" timestamp="2024-02-05T04:28:45Z" user="FUKUTAN" uid="5207199" lat="35.0026553" lon="126.8225579"/>
 <node id="11586054735" visible="true" version="1" changeset="147077461" timestamp="2024-02-05T04:28:45Z" user="FUKUTAN" uid="5207199" lat="35.0026695" lon="126.8226236"/>
 <node id="11586054736" visible="true" version="1" changeset="147077461" timestamp="2024-02-05T04:28:45Z" user="FUKUTAN" uid="5207199" lat="35.0026849" lon="126.8226679"/>
 <node id="11586054737" visible="true" version="1" changeset="147077461" timestamp="2024-02-05T04:28:45Z" user="FUKUTAN" uid="5207199" lat="35.0027069" lon="126.8227081"/>
 <node id="11586054738" visible="true" version="1" changeset="147077461" timestamp="2024-02-05T04:28:45Z" user="FUKUTAN" uid="5207199" lat="35.0027552" lon="126.8227671"/>
 <node id="11586054739" visible="true" version="1" changeset="147077461" timestamp="2024-02-05T04:28:45Z" user="FUKUTAN" uid="5207199" lat="35.0027893" lon="126.8228087"/>
 <node id="11586054740" visible="true" version="1" changeset="147077461" timestamp="2024-02-05T04:28:45Z" user="FUKUTAN" uid="5207199" lat="35.0028123" lon="126.8228449"/>
 <node id="11586054741" visible="true" version="1" changeset="147077461" timestamp="2024-02-05T04:28:45Z" user="FUKUTAN" uid="5207199" lat="35.0028354" lon="126.8229012"/>
 <node id="11586054742" visible="true" version="1" changeset="147077461" timestamp="2024-02-05T04:28:45Z" user="FUKUTAN" uid="5207199" lat="35.0028695" lon="126.8230005"/>
 <node id="11586054743" visible="true" version="1" changeset="147077461" timestamp="2024-02-05T04:28:45Z" user="FUKUTAN" uid="5207199" lat="35.0028925" lon="126.8230689"/>
 <node id="11586054744" visible="true" version="1" changeset="147077461" timestamp="2024-02-05T04:28:45Z" user="FUKUTAN" uid="5207199" lat="35.0029387" lon="126.8231748"/>
 <node id="11586054745" visible="true" version="1" changeset="147077461" timestamp="2024-02-05T04:28:45Z" user="FUKUTAN" uid="5207199" lat="35.0029782" lon="126.8232607"/>
 <node id="11586054746" visible="true" version="1" changeset="147077461" timestamp="2024-02-05T04:28:45Z" user="FUKUTAN" uid="5207199" lat="35.0030288" lon="126.8233371"/>
 <node id="11586054747" visible="true" version="1" changeset="147077461" timestamp="2024-02-05T04:28:45Z" user="FUKUTAN" uid="5207199" lat="35.0031100" lon="126.8234672"/>
 <node id="11586054748" visible="true" version="1" changeset="147077461" timestamp="2024-02-05T04:28:45Z" user="FUKUTAN" uid="5207199" lat="35.0031430" lon="126.8235249"/>
 <node id="11586054749" visible="true" version="1" changeset="147077461" timestamp="2024-02-05T04:28:45Z" user="FUKUTAN" uid="5207199" lat="35.0031606" lon="126.8235664"/>
 <node id="11586054750" visible="true" version="1" changeset="147077461" timestamp="2024-02-05T04:28:45Z" user="FUKUTAN" uid="5207199" lat="35.0031705" lon="126.8236321"/>
 <node id="11586054751" visible="true" version="1" changeset="147077461" timestamp="2024-02-05T04:28:45Z" user="FUKUTAN" uid="5207199" lat="35.0031836" lon="126.8237783"/>
 <node id="11586054752" visible="true" version="1" changeset="147077461" timestamp="2024-02-05T04:28:45Z" user="FUKUTAN" uid="5207199" lat="35.0032144" lon="126.8239124"/>
 <node id="11586054753" visible="true" version="1" changeset="147077461" timestamp="2024-02-05T04:28:45Z" user="FUKUTAN" uid="5207199" lat="35.0032452" lon="126.8241297"/>
 <node id="11586054754" visible="true" version="1" changeset="147077461" timestamp="2024-02-05T04:28:45Z" user="FUKUTAN" uid="5207199" lat="35.0033034" lon="126.8245173"/>
 <node id="11586054755" visible="true" version="1" changeset="147077461" timestamp="2024-02-05T04:28:45Z" user="FUKUTAN" uid="5207199" lat="35.0033133" lon="126.8246259"/>
 <node id="11586054756" visible="true" version="1" changeset="147077461" timestamp="2024-02-05T04:28:45Z" user="FUKUTAN" uid="5207199" lat="35.0033287" lon="126.8250202"/>
 <node id="11586054757" visible="true" version="1" changeset="147077461" timestamp="2024-02-05T04:28:45Z" user="FUKUTAN" uid="5207199" lat="35.0033418" lon="126.8255486"/>
 <node id="11586054758" visible="true" version="1" changeset="147077461" timestamp="2024-02-05T04:28:45Z" user="FUKUTAN" uid="5207199" lat="35.0039361" lon="126.8255472"/>
 <node id="11586054759" visible="true" version="1" changeset="147077461" timestamp="2024-02-05T04:28:45Z" user="FUKUTAN" uid="5207199" lat="35.0039603" lon="126.8255432"/>
 <node id="11586054760" visible="true" version="1" changeset="147077461" timestamp="2024-02-05T04:28:45Z" user="FUKUTAN" uid="5207199" lat="35.0039922" lon="126.8255258"/>
 <node id="11586054761" visible="true" version="1" changeset="147077461" timestamp="2024-02-05T04:28:45Z" user="FUKUTAN" uid="5207199" lat="35.0040185" lon="126.8254923"/>
 <node id="11586054762" visible="true" version="1" changeset="147077461" timestamp="2024-02-05T04:28:45Z" user="FUKUTAN" uid="5207199" lat="35.0040328" lon="126.8254534"/>
 <node id="11586054763" visible="true" version="1" changeset="147077461" timestamp="2024-02-05T04:28:45Z" user="FUKUTAN" uid="5207199" lat="35.0040405" lon="126.8253944"/>
 <node id="11586054764" visible="true" version="1" changeset="147077461" timestamp="2024-02-05T04:28:45Z" user="FUKUTAN" uid="5207199" lat="35.0040306" lon="126.8230836"/>
 <node id="11586054765" visible="true" version="1" changeset="147077461" timestamp="2024-02-05T04:28:45Z" user="FUKUTAN" uid="5207199" lat="35.0034277" lon="126.8233715"/>
 <node id="11586054766" visible="true" version="1" changeset="147077461" timestamp="2024-02-05T04:28:45Z" user="FUKUTAN" uid="5207199" lat="35.0034929" lon="126.8233468"/>
 <node id="11586054767" visible="true" version="1" changeset="147077461" timestamp="2024-02-05T04:28:45Z" user="FUKUTAN" uid="5207199" lat="35.0035596" lon="126.8233291"/>
 <node id="11586054768" visible="true" version="1" changeset="147077461" timestamp="2024-02-05T04:28:45Z" user="FUKUTAN" uid="5207199" lat="35.0036277" lon="126.8233255"/>
 <node id="11586054769" visible="true" version="1" changeset="147077461" timestamp="2024-02-05T04:28:45Z" user="FUKUTAN" uid="5207199" lat="35.0040317" lon="126.8233290"/>
 <node id="11586054770" visible="true" version="1" changeset="147077461" timestamp="2024-02-05T04:28:45Z" user="FUKUTAN" uid="5207199" lat="35.0040343" lon="126.8239360"/>
 <node id="11586054771" visible="true" version="1" changeset="147077461" timestamp="2024-02-05T04:28:45Z" user="FUKUTAN" uid="5207199" lat="35.0032164" lon="126.8239268"/>
 <node id="11586054772" visible="true" version="1" changeset="147077461" timestamp="2024-02-05T04:28:45Z" user="FUKUTAN" uid="5207199" lat="35.0040369" lon="126.8245522"/>
 <node id="11586054773" visible="true" version="1" changeset="147077461" timestamp="2024-02-05T04:28:45Z" user="FUKUTAN" uid="5207199" lat="35.0033058" lon="126.8245434"/>
 <node id="11586054774" visible="true" version="1" changeset="147077461" timestamp="2024-02-05T04:28:45Z" user="FUKUTAN" uid="5207199" lat="35.0040390" lon="126.8250528"/>
 <node id="11586054775" visible="true" version="1" changeset="147077461" timestamp="2024-02-05T04:28:45Z" user="FUKUTAN" uid="5207199" lat="35.0033294" lon="126.8250513"/>
 <node id="11586054776" visible="true" version="2" changeset="148003764" timestamp="2024-02-28T09:11:51Z" user="FUKUTAN" uid="5207199" lat="35.0041791" lon="126.8222990"/>
 <node id="11586054777" visible="true" version="2" changeset="148003764" timestamp="2024-02-28T09:11:51Z" user="FUKUTAN" uid="5207199" lat="35.0041009" lon="126.8220955"/>
 <node id="11586054778" visible="true" version="2" changeset="148003764" timestamp="2024-02-28T09:11:51Z" user="FUKUTAN" uid="5207199" lat="35.0040516" lon="126.8219539"/>
 <node id="11586054779" visible="true" version="2" changeset="148003764" timestamp="2024-02-28T09:11:51Z" user="FUKUTAN" uid="5207199" lat="35.0039791" lon="126.8217274"/>
 <node id="11586054780" visible="true" version="2" changeset="148003764" timestamp="2024-02-28T09:11:51Z" user="FUKUTAN" uid="5207199" lat="35.0039603" lon="126.8216496"/>
 <node id="11586054781" visible="true" version="2" changeset="148003764" timestamp="2024-02-28T09:11:51Z" user="FUKUTAN" uid="5207199" lat="35.0039385" lon="126.8215717"/>
 <node id="11586054782" visible="true" version="2" changeset="148003764" timestamp="2024-02-28T09:11:51Z" user="FUKUTAN" uid="5207199" lat="35.0039255" lon="126.8215310"/>
 <node id="11586054783" visible="true" version="2" changeset="148003764" timestamp="2024-02-28T09:11:51Z" user="FUKUTAN" uid="5207199" lat="35.0038906" lon="126.8214691"/>
 <node id="11586054784" visible="true" version="2" changeset="148003764" timestamp="2024-02-28T09:11:51Z" user="FUKUTAN" uid="5207199" lat="35.0038472" lon="126.8214090"/>
 <node id="11586054785" visible="true" version="1" changeset="147077461" timestamp="2024-02-05T04:28:45Z" user="FUKUTAN" uid="5207199" lat="35.0040486" lon="126.8211570"/>
 <node id="11671846139" visible="true" version="1" changeset="148003764" timestamp="2024-02-28T09:11:51Z" user="FUKUTAN" uid="5207199" lat="35.0041340" lon="126.8221817"/>
 <node id="11671846140" visible="true" version="1" changeset="148003764" timestamp="2024-02-28T09:11:51Z" user="FUKUTAN" uid="5207199" lat="35.0043116" lon="126.8221325"/>
 <node id="11671846141" visible="true" version="1" changeset="148003764" timestamp="2024-02-28T09:11:51Z" user="FUKUTAN" uid="5207199" lat="35.0043653" lon="126.8221130"/>
 <node id="11671846142" visible="true" version="1" changeset="148003764" timestamp="2024-02-28T09:11:51Z" user="FUKUTAN" uid="5207199" lat="35.0043943" lon="126.8221148"/>
 <node id="11671846143" visible="true" version="1" changeset="148003764" timestamp="2024-02-28T09:11:51Z" user="FUKUTAN" uid="5207199" lat="35.0044203" lon="126.8221272"/>
 <node id="11671846144" visible="true" version="1" changeset="148003764" timestamp="2024-02-28T09:11:51Z" user="FUKUTAN" uid="5207199" lat="35.0044450" lon="126.8221519"/>
 <node id="11671846145" visible="true" version="1" changeset="148003764" timestamp="2024-02-28T09:11:51Z" user="FUKUTAN" uid="5207199" lat="35.0044653" lon="126.8221803"/>
 <node id="11671846146" visible="true" version="1" changeset="148003764" timestamp="2024-02-28T09:11:51Z" user="FUKUTAN" uid="5207199" lat="35.0044870" lon="126.8222369"/>
 <node id="11671846147" visible="true" version="1" changeset="148003764" timestamp="2024-02-28T09:11:51Z" user="FUKUTAN" uid="5207199" lat="35.0037795" lon="126.8212891"/>
 <node id="11671846148" visible="true" version="1" changeset="148003764" timestamp="2024-02-28T09:11:51Z" user="FUKUTAN" uid="5207199" lat="35.0038094" lon="126.8213504"/>
 <node id="11671846149" visible="true" version="1" changeset="148003764" timestamp="2024-02-28T09:11:51Z" user="FUKUTAN" uid="5207199" lat="35.0035898" lon="126.8229323"/>
 <node id="11671846150" visible="true" version="1" changeset="148003764" timestamp="2024-02-28T09:11:51Z" user="FUKUTAN" uid="5207199" lat="35.0035376" lon="126.8229412"/>
 <node id="11671846151" visible="true" version="1" changeset="148003764" timestamp="2024-02-28T09:11:51Z" user="FUKUTAN" uid="5207199" lat="35.0035159" lon="126.8229270"/>
 <node id="11671846152" visible="true" version="1" changeset="148003764" timestamp="2024-02-28T09:11:51Z" user="FUKUTAN" uid="5207199" lat="35.0034941" lon="126.8229040"/>
 <node id="11671846153" visible="true" version="1" changeset="148003764" timestamp="2024-02-28T09:11:51Z" user="FUKUTAN" uid="5207199" lat="35.0034753" lon="126.8228562"/>
 <node id="11671846154" visible="true" version="1" changeset="148003764" timestamp="2024-02-28T09:11:51Z" user="FUKUTAN" uid="5207199" lat="35.0034318" lon="126.8227129"/>
 <node id="11671846155" visible="true" version="1" changeset="148003764" timestamp="2024-02-28T09:11:51Z" user="FUKUTAN" uid="5207199" lat="35.0034956" lon="126.8226280"/>
 <node id="11671846156" visible="true" version="1" changeset="148003764" timestamp="2024-02-28T09:11:51Z" user="FUKUTAN" uid="5207199" lat="35.0034912" lon="126.8225943"/>
 <node id="11671846157" visible="true" version="1" changeset="148003764" timestamp="2024-02-28T09:11:51Z" user="FUKUTAN" uid="5207199" lat="35.0034767" lon="126.8225678"/>
 <node id="11671846158" visible="true" version="1" changeset="148003764" timestamp="2024-02-28T09:11:51Z" user="FUKUTAN" uid="5207199" lat="35.0034463" lon="126.8225306"/>
 <node id="11671846159" visible="true" version="1" changeset="148003764" timestamp="2024-02-28T09:11:51Z" user="FUKUTAN" uid="5207199" lat="35.0033463" lon="126.8224280"/>
 <node id="11671846160" visible="true" version="1" changeset="148003764" timestamp="2024-02-28T09:11:51Z" user="FUKUTAN" uid="5207199" lat="35.0033303" lon="126.8224015"/>
 <node id="11671846161" visible="true" version="1" changeset="148003764" timestamp="2024-02-28T09:11:51Z" user="FUKUTAN" uid="5207199" lat="35.0033173" lon="126.8223307"/>
 <node id="11671846162" visible="true" version="1" changeset="148003764" timestamp="2024-02-28T09:11:51Z" user="FUKUTAN" uid="5207199" lat="35.0032897" lon="126.8221502"/>
 <node id="11671846163" visible="true" version="1" changeset="148003764" timestamp="2024-02-28T09:11:51Z" user="FUKUTAN" uid="5207199" lat="35.0032868" lon="126.8220882"/>
 <node id="11671846164" visible="true" version="1" changeset="148003764" timestamp="2024-02-28T09:11:51Z" user="FUKUTAN" uid="5207199" lat="35.0032999" lon="126.8219909"/>
 <node id="11671846165" visible="true" version="1" changeset="148003764" timestamp="2024-02-28T09:11:51Z" user="FUKUTAN" uid="5207199" lat="35.0033100" lon="126.8219148"/>
 <node id="11671846166" visible="true" version="1" changeset="148003764" timestamp="2024-02-28T09:11:51Z" user="FUKUTAN" uid="5207199" lat="35.0033028" lon="126.8218122"/>
 <node id="11671846167" visible="true" version="1" changeset="148003764" timestamp="2024-02-28T09:11:51Z" user="FUKUTAN" uid="5207199" lat="35.0032730" lon="126.8216229"/>
 <node id="11671846168" visible="true" version="1" changeset="148003764" timestamp="2024-02-28T09:11:51Z" user="FUKUTAN" uid="5207199" lat="34.9994855" lon="126.8205722"/>
 <node id="11671846569" visible="true" version="1" changeset="148003764" timestamp="2024-02-28T09:11:51Z" user="FUKUTAN" uid="5207199" lat="34.9996761" lon="126.8205837"/>
 <node id="11671846570" visible="true" version="1" changeset="148003764" timestamp="2024-02-28T09:11:51Z" user="FUKUTAN" uid="5207199" lat="34.9994543" lon="126.8205759"/>
 <node id="11671846571" visible="true" version="1" changeset="148003764" timestamp="2024-02-28T09:11:51Z" user="FUKUTAN" uid="5207199" lat="34.9994772" lon="126.8206872"/>
 <node id="11671846572" visible="true" version="1" changeset="148003764" timestamp="2024-02-28T09:11:51Z" user="FUKUTAN" uid="5207199" lat="34.9994939" lon="126.8207319"/>
 <node id="11671846573" visible="true" version="1" changeset="148003764" timestamp="2024-02-28T09:11:51Z" user="FUKUTAN" uid="5207199" lat="34.9995222" lon="126.8207929"/>
 <node id="11671846574" visible="true" version="1" changeset="148003764" timestamp="2024-02-28T09:11:51Z" user="FUKUTAN" uid="5207199" lat="34.9995538" lon="126.8208498"/>
 <node id="11671846575" visible="true" version="1" changeset="148003764" timestamp="2024-02-28T09:11:51Z" user="FUKUTAN" uid="5207199" lat="34.9996055" lon="126.8209169"/>
 <node id="11671846576" visible="true" version="1" changeset="148003764" timestamp="2024-02-28T09:11:51Z" user="FUKUTAN" uid="5207199" lat="34.9996854" lon="126.8210144"/>
 <node id="11671846577" visible="true" version="1" changeset="148003764" timestamp="2024-02-28T09:11:51Z" user="FUKUTAN" uid="5207199" lat="34.9997670" lon="126.8211079"/>
 <node id="11671846578" visible="true" version="1" changeset="148003764" timestamp="2024-02-28T09:11:51Z" user="FUKUTAN" uid="5207199" lat="34.9999235" lon="126.8212645"/>
 <node id="11671846579" visible="true" version="1" changeset="148003764" timestamp="2024-02-28T09:11:51Z" user="FUKUTAN" uid="5207199" lat="35.0000301" lon="126.8213600"/>
 <node id="11671846580" visible="true" version="1" changeset="148003764" timestamp="2024-02-28T09:11:51Z" user="FUKUTAN" uid="5207199" lat="35.0001166" lon="126.8214494"/>
 <node id="11671846581" visible="true" version="1" changeset="148003764" timestamp="2024-02-28T09:11:51Z" user="FUKUTAN" uid="5207199" lat="35.0001949" lon="126.8215511"/>
 <node id="11671846582" visible="true" version="1" changeset="148003764" timestamp="2024-02-28T09:11:51Z" user="FUKUTAN" uid="5207199" lat="35.0003065" lon="126.8217137"/>
 <node id="11671846583" visible="true" version="1" changeset="148003764" timestamp="2024-02-28T09:11:51Z" user="FUKUTAN" uid="5207199" lat="35.0005129" lon="126.8219718"/>
 <node id="11671846584" visible="true" version="1" changeset="148003764" timestamp="2024-02-28T09:11:51Z" user="FUKUTAN" uid="5207199" lat="35.0005329" lon="126.8219983"/>
 <node id="11671846585" visible="true" version="1" changeset="148003764" timestamp="2024-02-28T09:11:51Z" user="FUKUTAN" uid="5207199" lat="35.0005546" lon="126.8220511"/>
 <node id="11671846586" visible="true" version="1" changeset="148003764" timestamp="2024-02-28T09:11:51Z" user="FUKUTAN" uid="5207199" lat="35.0005862" lon="126.8221507"/>
 <node id="11671846587" visible="true" version="1" changeset="148003764" timestamp="2024-02-28T09:11:51Z" user="FUKUTAN" uid="5207199" lat="35.0006278" lon="126.8224699"/>
 <node id="11671846588" visible="true" version="1" changeset="148003764" timestamp="2024-02-28T09:11:51Z" user="FUKUTAN" uid="5207199" lat="35.0006295" lon="126.8225654"/>
 <node id="11671846589" visible="true" version="1" changeset="148003764" timestamp="2024-02-28T09:11:51Z" user="FUKUTAN" uid="5207199" lat="35.0006145" lon="126.8226223"/>
 <node id="11671846590" visible="true" version="1" changeset="148003764" timestamp="2024-02-28T09:11:51Z" user="FUKUTAN" uid="5207199" lat="35.0006195" lon="126.8226670"/>
 <node id="11671846591" visible="true" version="1" changeset="148003764" timestamp="2024-02-28T09:11:51Z" user="FUKUTAN" uid="5207199" lat="35.0006362" lon="126.8227484"/>
 <node id="11671846592" visible="true" version="1" changeset="148003764" timestamp="2024-02-28T09:11:51Z" user="FUKUTAN" uid="5207199" lat="35.0006462" lon="126.8228093"/>
 <node id="11671846593" visible="true" version="1" changeset="148003764" timestamp="2024-02-28T09:11:51Z" user="FUKUTAN" uid="5207199" lat="35.0006362" lon="126.8228784"/>
 <node id="11671846594" visible="true" version="1" changeset="148003764" timestamp="2024-02-28T09:11:51Z" user="FUKUTAN" uid="5207199" lat="35.0006145" lon="126.8230045"/>
 <node id="11671846595" visible="true" version="1" changeset="148003764" timestamp="2024-02-28T09:11:51Z" user="FUKUTAN" uid="5207199" lat="35.0006345" lon="126.8230756"/>
 <node id="11671846596" visible="true" version="1" changeset="148003764" timestamp="2024-02-28T09:11:51Z" user="FUKUTAN" uid="5207199" lat="35.0006412" lon="126.8231203"/>
 <node id="11671846597" visible="true" version="1" changeset="148003764" timestamp="2024-02-28T09:11:51Z" user="FUKUTAN" uid="5207199" lat="35.0006362" lon="126.8231651"/>
 <node id="11671846598" visible="true" version="1" changeset="148003764" timestamp="2024-02-28T09:11:51Z" user="FUKUTAN" uid="5207199" lat="35.0006178" lon="126.8232179"/>
 <node id="11671846599" visible="true" version="1" changeset="148003764" timestamp="2024-02-28T09:11:51Z" user="FUKUTAN" uid="5207199" lat="35.0005762" lon="126.8232972"/>
 <node id="11671846600" visible="true" version="1" changeset="148003764" timestamp="2024-02-28T09:11:51Z" user="FUKUTAN" uid="5207199" lat="35.0005146" lon="126.8233948"/>
 <node id="11671846601" visible="true" version="1" changeset="148003764" timestamp="2024-02-28T09:11:51Z" user="FUKUTAN" uid="5207199" lat="35.0005161" lon="126.8234874"/>
 <node id="11671846602" visible="true" version="1" changeset="148003764" timestamp="2024-02-28T09:11:51Z" user="FUKUTAN" uid="5207199" lat="35.0005161" lon="126.8237221"/>
 <node id="11671846603" visible="true" version="1" changeset="148003764" timestamp="2024-02-28T09:11:51Z" user="FUKUTAN" uid="5207199" lat="35.0005227" lon="126.8237945"/>
 <node id="11671846604" visible="true" version="1" changeset="148003764" timestamp="2024-02-28T09:11:51Z" user="FUKUTAN" uid="5207199" lat="35.0005502" lon="126.8238710"/>
 <node id="11671846605" visible="true" version="1" changeset="148003764" timestamp="2024-02-28T09:11:51Z" user="FUKUTAN" uid="5207199" lat="35.0006392" lon="126.8240507"/>
 <node id="11671846606" visible="true" version="1" changeset="148003764" timestamp="2024-02-28T09:11:51Z" user="FUKUTAN" uid="5207199" lat="35.0006590" lon="126.8241285"/>
 <node id="11671846607" visible="true" version="1" changeset="148003764" timestamp="2024-02-28T09:11:51Z" user="FUKUTAN" uid="5207199" lat="35.0006919" lon="126.8242612"/>
 <node id="11671846608" visible="true" version="1" changeset="148003764" timestamp="2024-02-28T09:11:51Z" user="FUKUTAN" uid="5207199" lat="35.0006930" lon="126.8243323"/>
 <node id="11671846609" visible="true" version="1" changeset="148003764" timestamp="2024-02-28T09:11:51Z" user="FUKUTAN" uid="5207199" lat="35.0006886" lon="126.8244074"/>
 <node id="11671846610" visible="true" version="1" changeset="148003764" timestamp="2024-02-28T09:11:51Z" user="FUKUTAN" uid="5207199" lat="35.0006842" lon="126.8244973"/>
 <node id="11671846611" visible="true" version="1" changeset="148003764" timestamp="2024-02-28T09:11:51Z" user="FUKUTAN" uid="5207199" lat="35.0006952" lon="126.8246086"/>
 <node id="11671846612" visible="true" version="2" changeset="154920955" timestamp="2024-08-07T07:08:32Z" user="morago" uid="11113946" lat="35.0007216" lon="126.8249533"/>
 <node id="11671846613" visible="true" version="1" changeset="148003764" timestamp="2024-02-28T09:11:51Z" user="FUKUTAN" uid="5207199" lat="35.0005856" lon="126.8225617"/>
 <node id="11671846614" visible="true" version="1" changeset="148003764" timestamp="2024-02-28T09:11:51Z" user="FUKUTAN" uid="5207199" lat="35.0006113" lon="126.8225608"/>
 <node id="11671846615" visible="true" version="1" changeset="148003764" timestamp="2024-02-28T09:11:51Z" user="FUKUTAN" uid="5207199" lat="35.0004692" lon="126.8225899"/>
 <node id="11671846616" visible="true" version="1" changeset="148003764" timestamp="2024-02-28T09:11:51Z" user="FUKUTAN" uid="5207199" lat="35.0004395" lon="126.8225953"/>
 <node id="11671846617" visible="true" version="1" changeset="148003764" timestamp="2024-02-28T09:11:51Z" user="FUKUTAN" uid="5207199" lat="35.0004143" lon="126.8225953"/>
 <node id="11671846618" visible="true" version="1" changeset="148003764" timestamp="2024-02-28T09:11:51Z" user="FUKUTAN" uid="5207199" lat="35.0003857" lon="126.8225859"/>
 <node id="11671846619" visible="true" version="1" changeset="148003764" timestamp="2024-02-28T09:11:51Z" user="FUKUTAN" uid="5207199" lat="35.0002176" lon="126.8225175"/>
 <node id="11671846620" visible="true" version="1" changeset="148003764" timestamp="2024-02-28T09:11:51Z" user="FUKUTAN" uid="5207199" lat="35.0001803" lon="126.8225068"/>
 <node id="11671846621" visible="true" version="1" changeset="148003764" timestamp="2024-02-28T09:11:51Z" user="FUKUTAN" uid="5207199" lat="35.0001341" lon="126.8225001"/>
 <node id="11671846622" visible="true" version="1" changeset="148003764" timestamp="2024-02-28T09:11:51Z" user="FUKUTAN" uid="5207199" lat="35.0000979" lon="126.8224880"/>
 <node id="11671846623" visible="true" version="1" changeset="148003764" timestamp="2024-02-28T09:11:51Z" user="FUKUTAN" uid="5207199" lat="35.0000528" lon="126.8224491"/>
 <node id="11671846624" visible="true" version="1" changeset="148003764" timestamp="2024-02-28T09:11:51Z" user="FUKUTAN" uid="5207199" lat="35.0000320" lon="126.8224303"/>
 <node id="11671846625" visible="true" version="1" changeset="148003764" timestamp="2024-02-28T09:11:51Z" user="FUKUTAN" uid="5207199" lat="35.0000122" lon="126.8224182"/>
 <node id="11671846626" visible="true" version="1" changeset="148003764" timestamp="2024-02-28T09:11:51Z" user="FUKUTAN" uid="5207199" lat="34.9999924" lon="126.8224062"/>
 <node id="11671846627" visible="true" version="1" changeset="148003764" timestamp="2024-02-28T09:11:51Z" user="FUKUTAN" uid="5207199" lat="34.9999759" lon="126.8224035"/>
 <node id="11671846628" visible="true" version="1" changeset="148003764" timestamp="2024-02-28T09:11:51Z" user="FUKUTAN" uid="5207199" lat="34.9999474" lon="126.8224008"/>
 <node id="11671846629" visible="true" version="1" changeset="148003764" timestamp="2024-02-28T09:11:51Z" user="FUKUTAN" uid="5207199" lat="34.9998276" lon="126.8224357"/>
 <node id="11671846630" visible="true" version="1" changeset="148003764" timestamp="2024-02-28T09:11:51Z" user="FUKUTAN" uid="5207199" lat="34.9997749" lon="126.8224598"/>
 <node id="11671846663" visible="true" version="1" changeset="148003764" timestamp="2024-02-28T09:11:51Z" user="FUKUTAN" uid="5207199" lat="34.9987133" lon="126.8214403"/>
 <node id="11671846664" visible="true" version="1" changeset="148003764" timestamp="2024-02-28T09:11:51Z" user="FUKUTAN" uid="5207199" lat="34.9988190" lon="126.8214496"/>
 <node id="11671846665" visible="true" version="1" changeset="148003764" timestamp="2024-02-28T09:11:51Z" user="FUKUTAN" uid="5207199" lat="34.9990801" lon="126.8214672"/>
 <node id="11671846666" visible="true" version="1" changeset="148003764" timestamp="2024-02-28T09:11:51Z" user="FUKUTAN" uid="5207199" lat="34.9991241" lon="126.8214753"/>
 <node id="11671846667" visible="true" version="1" changeset="148003764" timestamp="2024-02-28T09:11:51Z" user="FUKUTAN" uid="5207199" lat="34.9990990" lon="126.8214692"/>
 <node id="11671846668" visible="true" version="1" changeset="148003764" timestamp="2024-02-28T09:11:51Z" user="FUKUTAN" uid="5207199" lat="34.9991528" lon="126.8214858"/>
 <node id="11671846669" visible="true" version="1" changeset="148003764" timestamp="2024-02-28T09:11:51Z" user="FUKUTAN" uid="5207199" lat="34.9991853" lon="126.8215010"/>
 <node id="11671846670" visible="true" version="1" changeset="148003764" timestamp="2024-02-28T09:11:51Z" user="FUKUTAN" uid="5207199" lat="34.9992169" lon="126.8215279"/>
 <node id="11671846671" visible="true" version="1" changeset="148003764" timestamp="2024-02-28T09:11:51Z" user="FUKUTAN" uid="5207199" lat="34.9993144" lon="126.8216108"/>
 <node id="11671846672" visible="true" version="1" changeset="148003764" timestamp="2024-02-28T09:11:51Z" user="FUKUTAN" uid="5207199" lat="34.9995124" lon="126.8218291"/>
 <node id="11671846673" visible="true" version="1" changeset="148003764" timestamp="2024-02-28T09:11:51Z" user="FUKUTAN" uid="5207199" lat="34.9995497" lon="126.8218688"/>
 <node id="11671846674" visible="true" version="1" changeset="148003764" timestamp="2024-02-28T09:11:51Z" user="FUKUTAN" uid="5207199" lat="34.9995745" lon="126.8218851"/>
 <node id="11671846675" visible="true" version="1" changeset="148003764" timestamp="2024-02-28T09:11:51Z" user="FUKUTAN" uid="5207199" lat="34.9996128" lon="126.8219003"/>
 <node id="11671846676" visible="true" version="1" changeset="148003764" timestamp="2024-02-28T09:11:51Z" user="FUKUTAN" uid="5207199" lat="34.9996855" lon="126.8219248"/>
 <node id="11671846677" visible="true" version="1" changeset="148003764" timestamp="2024-02-28T09:11:51Z" user="FUKUTAN" uid="5207199" lat="34.9997228" lon="126.8219295"/>
 <node id="11671846678" visible="true" version="1" changeset="148003764" timestamp="2024-02-28T09:11:51Z" user="FUKUTAN" uid="5207199" lat="34.9997763" lon="126.8219377"/>
 <node id="11671846679" visible="true" version="1" changeset="148003764" timestamp="2024-02-28T09:11:51Z" user="FUKUTAN" uid="5207199" lat="34.9998777" lon="126.8220042"/>
 <node id="11671846680" visible="true" version="1" changeset="148003764" timestamp="2024-02-28T09:11:51Z" user="FUKUTAN" uid="5207199" lat="34.9999800" lon="126.8219995"/>
 <node id="11671846681" visible="true" version="1" changeset="148003764" timestamp="2024-02-28T09:11:51Z" user="FUKUTAN" uid="5207199" lat="35.0000690" lon="126.8219902"/>
 <node id="11671846682" visible="true" version="1" changeset="148003764" timestamp="2024-02-28T09:11:51Z" user="FUKUTAN" uid="5207199" lat="35.0001407" lon="126.8219703"/>
 <node id="11671846683" visible="true" version="1" changeset="148003764" timestamp="2024-02-28T09:11:51Z" user="FUKUTAN" uid="5207199" lat="35.0002316" lon="126.8219272"/>
 <node id="11671846684" visible="true" version="1" changeset="148003764" timestamp="2024-02-28T09:11:51Z" user="FUKUTAN" uid="5207199" lat="35.0003157" lon="126.8218828"/>
 <node id="11671846685" visible="true" version="1" changeset="148003764" timestamp="2024-02-28T09:11:51Z" user="FUKUTAN" uid="5207199" lat="35.0003626" lon="126.8218548"/>
 <node id="11671846686" visible="true" version="1" changeset="148003764" timestamp="2024-02-28T09:11:51Z" user="FUKUTAN" uid="5207199" lat="35.0003993" lon="126.8218298"/>
 <node id="11671846690" visible="true" version="1" changeset="148003764" timestamp="2024-02-28T09:11:51Z" user="FUKUTAN" uid="5207199" lat="35.0005962" lon="126.8222273"/>
 <node id="11671846691" visible="true" version="1" changeset="148003764" timestamp="2024-02-28T09:11:51Z" user="FUKUTAN" uid="5207199" lat="35.0006849" lon="126.8221896"/>
 <node id="11671846692" visible="true" version="1" changeset="148003764" timestamp="2024-02-28T09:11:51Z" user="FUKUTAN" uid="5207199" lat="35.0007367" lon="126.8221618"/>
 <node id="11671846693" visible="true" version="1" changeset="148003764" timestamp="2024-02-28T09:11:51Z" user="FUKUTAN" uid="5207199" lat="35.0008578" lon="126.8220648"/>
 <node id="11671846694" visible="true" version="1" changeset="148003764" timestamp="2024-02-28T09:11:51Z" user="FUKUTAN" uid="5207199" lat="35.0009222" lon="126.8220232"/>
 <node id="11671846695" visible="true" version="1" changeset="148003764" timestamp="2024-02-28T09:11:51Z" user="FUKUTAN" uid="5207199" lat="35.0009701" lon="126.8219970"/>
 <node id="11671846696" visible="true" version="1" changeset="148003764" timestamp="2024-02-28T09:11:51Z" user="FUKUTAN" uid="5207199" lat="35.0011039" lon="126.8219338"/>
 <node id="11671846697" visible="true" version="1" changeset="148003764" timestamp="2024-02-28T09:11:51Z" user="FUKUTAN" uid="5207199" lat="35.0012200" lon="126.8218938"/>
 <node id="11671846698" visible="true" version="1" changeset="148003764" timestamp="2024-02-28T09:11:51Z" user="FUKUTAN" uid="5207199" lat="35.0012793" lon="126.8218737"/>
 <node id="11671846699" visible="true" version="1" changeset="148003764" timestamp="2024-02-28T09:11:51Z" user="FUKUTAN" uid="5207199" lat="35.0014193" lon="126.8218368"/>
 <node id="11671846700" visible="true" version="1" changeset="148003764" timestamp="2024-02-28T09:11:51Z" user="FUKUTAN" uid="5207199" lat="35.0015847" lon="126.8218029"/>
 <node id="11671846701" visible="true" version="1" changeset="148003764" timestamp="2024-02-28T09:11:51Z" user="FUKUTAN" uid="5207199" lat="35.0016149" lon="126.8217875"/>
 <node id="11671846702" visible="true" version="1" changeset="148003764" timestamp="2024-02-28T09:11:51Z" user="FUKUTAN" uid="5207199" lat="35.0016627" lon="126.8217333"/>
 <node id="11671846703" visible="true" version="1" changeset="148003764" timestamp="2024-02-28T09:11:51Z" user="FUKUTAN" uid="5207199" lat="35.0025663" lon="126.8219790"/>
 <node id="11671846704" visible="true" version="1" changeset="148003764" timestamp="2024-02-28T09:11:51Z" user="FUKUTAN" uid="5207199" lat="35.0025508" lon="126.8217930"/>
 <node id="11671846705" visible="true" version="1" changeset="148003764" timestamp="2024-02-28T09:11:51Z" user="FUKUTAN" uid="5207199" lat="35.0020666" lon="126.8218319"/>
 <node id="11671846706" visible="true" version="1" changeset="148003764" timestamp="2024-02-28T09:11:51Z" user="FUKUTAN" uid="5207199" lat="35.0020493" lon="126.8219589"/>
 <node id="11671846707" visible="true" version="1" changeset="148003764" timestamp="2024-02-28T09:11:51Z" user="FUKUTAN" uid="5207199" lat="35.0011528" lon="126.8233178"/>
 <node id="11671846708" visible="true" version="1" changeset="148003764" timestamp="2024-02-28T09:11:51Z" user="FUKUTAN" uid="5207199" lat="35.0011188" lon="126.8232778"/>
 <node id="11671846709" visible="true" version="1" changeset="148003764" timestamp="2024-02-28T09:11:51Z" user="FUKUTAN" uid="5207199" lat="35.0010872" lon="126.8232300"/>
 <node id="11671846710" visible="true" version="1" changeset="148003764" timestamp="2024-02-28T09:11:51Z" user="FUKUTAN" uid="5207199" lat="35.0010620" lon="126.8231746"/>
 <node id="11671846711" visible="true" version="1" changeset="148003764" timestamp="2024-02-28T09:11:51Z" user="FUKUTAN" uid="5207199" lat="35.0010330" lon="126.8230744"/>
 <node id="11671846712" visible="true" version="1" changeset="148003764" timestamp="2024-02-28T09:11:51Z" user="FUKUTAN" uid="5207199" lat="35.0009976" lon="126.8229512"/>
 <node id="11671846713" visible="true" version="1" changeset="148003764" timestamp="2024-02-28T09:11:51Z" user="FUKUTAN" uid="5207199" lat="35.0009535" lon="126.8228510"/>
 <node id="11671846714" visible="true" version="1" changeset="148003764" timestamp="2024-02-28T09:11:51Z" user="FUKUTAN" uid="5207199" lat="35.0009333" lon="126.8228018"/>
 <node id="11671846715" visible="true" version="1" changeset="148003764" timestamp="2024-02-28T09:11:51Z" user="FUKUTAN" uid="5207199" lat="35.0009206" lon="126.8227340"/>
 <node id="11671846716" visible="true" version="1" changeset="148003764" timestamp="2024-02-28T09:11:51Z" user="FUKUTAN" uid="5207199" lat="35.0008916" lon="126.8225075"/>
 <node id="11671846717" visible="true" version="1" changeset="148003764" timestamp="2024-02-28T09:11:51Z" user="FUKUTAN" uid="5207199" lat="35.0008828" lon="126.8224551"/>
 <node id="11671846718" visible="true" version="1" changeset="148003764" timestamp="2024-02-28T09:11:51Z" user="FUKUTAN" uid="5207199" lat="35.0008676" lon="126.8224074"/>
 <node id="11671846719" visible="true" version="1" changeset="148003764" timestamp="2024-02-28T09:11:51Z" user="FUKUTAN" uid="5207199" lat="35.0008437" lon="126.8223642"/>
 <node id="11671846720" visible="true" version="1" changeset="148003764" timestamp="2024-02-28T09:11:51Z" user="FUKUTAN" uid="5207199" lat="35.0008260" lon="126.8223365"/>
 <node id="11671846721" visible="true" version="1" changeset="148003764" timestamp="2024-02-28T09:11:51Z" user="FUKUTAN" uid="5207199" lat="35.0008045" lon="126.8223257"/>
 <node id="11671846722" visible="true" version="1" changeset="148003764" timestamp="2024-02-28T09:11:51Z" user="FUKUTAN" uid="5207199" lat="35.0007717" lon="126.8223257"/>
 <node id="11671846723" visible="true" version="1" changeset="148003764" timestamp="2024-02-28T09:11:51Z" user="FUKUTAN" uid="5207199" lat="35.0006104" lon="126.8223359"/>
 <node id="11671846724" visible="true" version="1" changeset="148003764" timestamp="2024-02-28T09:11:51Z" user="FUKUTAN" uid="5207199" lat="35.0011844" lon="126.8229820"/>
 <node id="11671846725" visible="true" version="1" changeset="148003764" timestamp="2024-02-28T09:11:51Z" user="FUKUTAN" uid="5207199" lat="35.0011225" lon="126.8229820"/>
 <node id="11671846726" visible="true" version="1" changeset="148003764" timestamp="2024-02-28T09:11:51Z" user="FUKUTAN" uid="5207199" lat="35.0010254" lon="126.8229419"/>
 <node id="11671846727" visible="true" version="1" changeset="148003764" timestamp="2024-02-28T09:11:51Z" user="FUKUTAN" uid="5207199" lat="35.0009900" lon="126.8229340"/>
 <node id="11671846746" visible="true" version="2" changeset="154920955" timestamp="2024-08-07T07:08:32Z" user="morago" uid="11113946" lat="35.0074193" lon="126.8198745"/>
 <node id="11671846747" visible="true" version="2" changeset="154920955" timestamp="2024-08-07T07:08:32Z" user="morago" uid="11113946" lat="35.0075184" lon="126.8198887"/>
 <node id="11671846748" visible="true" version="2" changeset="154920955" timestamp="2024-08-07T07:08:32Z" user="morago" uid="11113946" lat="35.0076958" lon="126.8199587"/>
 <node id="11671846749" visible="true" version="2" changeset="154920955" timestamp="2024-08-07T07:08:32Z" user="morago" uid="11113946" lat="35.0075656" lon="126.8199005"/>
 <node id="11671846750" visible="true" version="2" changeset="154920955" timestamp="2024-08-07T07:08:32Z" user="morago" uid="11113946" lat="35.0077675" lon="126.8200177"/>
 <node id="11671846751" visible="true" version="2" changeset="154920955" timestamp="2024-08-07T07:08:32Z" user="morago" uid="11113946" lat="35.0089515" lon="126.8226650"/>
 <node id="11699298704" visible="true" version="3" changeset="183719228" timestamp="2026-06-06T00:53:04Z" user="aaei924" uid="10626814" lat="35.0092770" lon="126.8197948"/>
 <node id="11699298705" visible="true" version="2" changeset="183719228" timestamp="2026-06-06T00:53:04Z" user="aaei924" uid="10626814" lat="35.0107433" lon="126.8202855"/>
 <node id="11699298706" visible="true" version="2" changeset="183719228" timestamp="2026-06-06T00:53:04Z" user="aaei924" uid="10626814" lat="35.0112125" lon="126.8205049"/>
 <node id="11699298707" visible="true" version="2" changeset="183719228" timestamp="2026-06-06T00:53:04Z" user="aaei924" uid="10626814" lat="35.0115728" lon="126.8207148"/>
 <node id="11699298708" visible="true" version="2" changeset="183719228" timestamp="2026-06-06T00:53:04Z" user="aaei924" uid="10626814" lat="35.0119333" lon="126.8209721"/>
 <node id="11699298709" visible="true" version="2" changeset="183719228" timestamp="2026-06-06T00:53:04Z" user="aaei924" uid="10626814" lat="35.0142889" lon="126.8227399"/>
 <node id="11699298710" visible="true" version="2" changeset="183719228" timestamp="2026-06-06T00:53:04Z" user="aaei924" uid="10626814" lat="35.0151737" lon="126.8233998"/>
 <node id="11699298711" visible="true" version="2" changeset="154920955" timestamp="2024-08-07T07:08:32Z" user="morago" uid="11113946" lat="35.0067419" lon="126.8251636"/>
 <node id="11699298712" visible="true" version="2" changeset="154920955" timestamp="2024-08-07T07:08:32Z" user="morago" uid="11113946" lat="35.0067053" lon="126.8253465"/>
 <node id="11699298713" visible="true" version="2" changeset="154920955" timestamp="2024-08-07T07:08:32Z" user="morago" uid="11113946" lat="35.0083669" lon="126.8257629"/>
 <node id="11699298714" visible="true" version="2" changeset="154920955" timestamp="2024-08-07T07:08:32Z" user="morago" uid="11113946" lat="35.0076631" lon="126.8255878"/>
 <node id="11699298715" visible="true" version="2" changeset="154920955" timestamp="2024-08-07T07:08:32Z" user="morago" uid="11113946" lat="35.0059915" lon="126.8251675"/>
 <node id="11699298716" visible="true" version="2" changeset="154920955" timestamp="2024-08-07T07:08:32Z" user="morago" uid="11113946" lat="35.0056836" lon="126.8250974"/>
 <node id="11699298717" visible="true" version="2" changeset="154920955" timestamp="2024-08-07T07:08:32Z" user="morago" uid="11113946" lat="35.0056511" lon="126.8250787"/>
 <node id="11699298718" visible="true" version="2" changeset="154920955" timestamp="2024-08-07T07:08:32Z" user="morago" uid="11113946" lat="35.0056071" lon="126.8250484"/>
 <node id="11699298719" visible="true" version="2" changeset="154920955" timestamp="2024-08-07T07:08:32Z" user="morago" uid="11113946" lat="35.0055707" lon="126.8250227"/>
 <node id="11699298720" visible="true" version="2" changeset="154920955" timestamp="2024-08-07T07:08:32Z" user="morago" uid="11113946" lat="35.0053448" lon="126.8260054"/>
 <node id="11699298721" visible="true" version="2" changeset="154920955" timestamp="2024-08-07T07:08:32Z" user="morago" uid="11113946" lat="35.0053385" lon="126.8259684"/>
 <node id="11699298722" visible="true" version="2" changeset="154920955" timestamp="2024-08-07T07:08:32Z" user="morago" uid="11113946" lat="35.0053448" lon="126.8258945"/>
 <node id="11699298723" visible="true" version="2" changeset="154920955" timestamp="2024-08-07T07:08:32Z" user="morago" uid="11113946" lat="35.0053776" lon="126.8257866"/>
 <node id="11699298724" visible="true" version="2" changeset="154920955" timestamp="2024-08-07T07:08:32Z" user="morago" uid="11113946" lat="35.0053928" lon="126.8257096"/>
 <node id="11699298725" visible="true" version="2" changeset="154920955" timestamp="2024-08-07T07:08:32Z" user="morago" uid="11113946" lat="35.0054054" lon="126.8256280"/>
 <node id="11699298726" visible="true" version="2" changeset="154920955" timestamp="2024-08-07T07:08:32Z" user="morago" uid="11113946" lat="35.0054117" lon="126.8255479"/>
 <node id="11699298727" visible="true" version="2" changeset="154920955" timestamp="2024-08-07T07:08:32Z" user="morago" uid="11113946" lat="35.0054155" lon="126.8254647"/>
 <node id="11699298728" visible="true" version="2" changeset="154920955" timestamp="2024-08-07T07:08:32Z" user="morago" uid="11113946" lat="35.0054256" lon="126.8253969"/>
 <node id="11699298729" visible="true" version="2" changeset="154920955" timestamp="2024-08-07T07:08:32Z" user="morago" uid="11113946" lat="35.0054483" lon="126.8253245"/>
 <node id="11699298730" visible="true" version="2" changeset="154920955" timestamp="2024-08-07T07:08:32Z" user="morago" uid="11113946" lat="35.0054874" lon="126.8252243"/>
 <node id="11699298731" visible="true" version="2" changeset="154920955" timestamp="2024-08-07T07:08:32Z" user="morago" uid="11113946" lat="35.0055909" lon="126.8249548"/>
 <node id="11699298732" visible="true" version="2" changeset="154920955" timestamp="2024-08-07T07:08:32Z" user="morago" uid="11113946" lat="35.0055997" lon="126.8248993"/>
 <node id="11699298733" visible="true" version="2" changeset="154920955" timestamp="2024-08-07T07:08:32Z" user="morago" uid="11113946" lat="35.0056148" lon="126.8248007"/>
 <node id="11699298734" visible="true" version="2" changeset="154920955" timestamp="2024-08-07T07:08:32Z" user="morago" uid="11113946" lat="35.0056893" lon="126.8243201"/>
 <node id="11699298735" visible="true" version="2" changeset="154920955" timestamp="2024-08-07T07:08:32Z" user="morago" uid="11113946" lat="35.0059278" lon="126.8229336"/>
 <node id="11699298736" visible="true" version="2" changeset="154920955" timestamp="2024-08-07T07:08:32Z" user="morago" uid="11113946" lat="35.0060868" lon="126.8219430"/>
 <node id="11699298737" visible="true" version="2" changeset="154920955" timestamp="2024-08-07T07:08:32Z" user="morago" uid="11113946" lat="35.0063316" lon="126.8204010"/>
 <node id="11699298738" visible="true" version="2" changeset="154920955" timestamp="2024-08-07T07:08:32Z" user="morago" uid="11113946" lat="35.0063290" lon="126.8203070"/>
 <node id="11699298739" visible="true" version="2" changeset="154920955" timestamp="2024-08-07T07:08:32Z" user="morago" uid="11113946" lat="35.0078089" lon="126.8212051"/>
 <node id="11699298740" visible="true" version="2" changeset="154920955" timestamp="2024-08-07T07:08:32Z" user="morago" uid="11113946" lat="35.0078190" lon="126.8211357"/>
 <node id="11699298741" visible="true" version="2" changeset="154920955" timestamp="2024-08-07T07:08:32Z" user="morago" uid="11113946" lat="35.0078152" lon="126.8210402"/>
 <node id="11699298742" visible="true" version="2" changeset="154920955" timestamp="2024-08-07T07:08:32Z" user="morago" uid="11113946" lat="35.0078051" lon="126.8209601"/>
 <node id="11699298743" visible="true" version="2" changeset="154920955" timestamp="2024-08-07T07:08:32Z" user="morago" uid="11113946" lat="35.0077811" lon="126.8208923"/>
 <node id="11699298744" visible="true" version="2" changeset="154920955" timestamp="2024-08-07T07:08:32Z" user="morago" uid="11113946" lat="35.0076057" lon="126.8205704"/>
 <node id="11699298745" visible="true" version="2" changeset="154920955" timestamp="2024-08-07T07:08:32Z" user="morago" uid="11113946" lat="35.0075641" lon="126.8205164"/>
 <node id="11699298746" visible="true" version="2" changeset="154920955" timestamp="2024-08-07T07:08:32Z" user="morago" uid="11113946" lat="35.0075262" lon="126.8204841"/>
 <node id="11699298747" visible="true" version="2" changeset="154920955" timestamp="2024-08-07T07:08:32Z" user="morago" uid="11113946" lat="35.0074922" lon="126.8204687"/>
 <node id="11699298748" visible="true" version="2" changeset="154920955" timestamp="2024-08-07T07:08:32Z" user="morago" uid="11113946" lat="35.0074139" lon="126.8204471"/>
 <node id="11699298749" visible="true" version="2" changeset="154920955" timestamp="2024-08-07T07:08:32Z" user="morago" uid="11113946" lat="35.0069435" lon="126.8203866"/>
 <node id="11699298750" visible="true" version="2" changeset="154920955" timestamp="2024-08-07T07:08:32Z" user="morago" uid="11113946" lat="35.0069773" lon="126.8200235">
  <tag k="barrier" v="gate"/>
 </node>
 <node id="11699298751" visible="true" version="1" changeset="148322007" timestamp="2024-03-07T03:45:57Z" user="FUKUTAN" uid="5207199" lat="35.0068891" lon="126.8199069"/>
 <node id="11699298752" visible="true" version="2" changeset="154920955" timestamp="2024-08-07T07:08:32Z" user="morago" uid="11113946" lat="35.0074645" lon="126.8204611"/>
 <node id="11699298753" visible="true" version="1" changeset="148322007" timestamp="2024-03-07T03:45:57Z" user="FUKUTAN" uid="5207199" lat="35.0074479" lon="126.8203617"/>
 <node id="11699298754" visible="true" version="1" changeset="148322007" timestamp="2024-03-07T03:45:57Z" user="FUKUTAN" uid="5207199" lat="35.0074139" lon="126.8202939"/>
 <node id="11699298755" visible="true" version="1" changeset="148322007" timestamp="2024-03-07T03:45:57Z" user="FUKUTAN" uid="5207199" lat="35.0073899" lon="126.8202662"/>
 <node id="11699298756" visible="true" version="1" changeset="148322007" timestamp="2024-03-07T03:45:57Z" user="FUKUTAN" uid="5207199" lat="35.0073571" lon="126.8202385"/>
 <node id="11699298757" visible="true" version="1" changeset="148322007" timestamp="2024-03-07T03:45:57Z" user="FUKUTAN" uid="5207199" lat="35.0073318" lon="126.8202246"/>
 <node id="11699298758" visible="true" version="1" changeset="148322007" timestamp="2024-03-07T03:45:57Z" user="FUKUTAN" uid="5207199" lat="35.0073053" lon="126.8202169"/>
 <node id="11699298759" visible="true" version="2" changeset="154920955" timestamp="2024-08-07T07:08:32Z" user="morago" uid="11113946" lat="35.0069726" lon="126.8202422"/>
 <node id="11699298760" visible="true" version="2" changeset="154920955" timestamp="2024-08-07T07:08:32Z" user="morago" uid="11113946" lat="35.0077721" lon="126.8256149"/>
 <node id="11699298761" visible="true" version="2" changeset="154920955" timestamp="2024-08-07T07:08:32Z" user="morago" uid="11113946" lat="35.0083993" lon="126.8218261"/>
 <node id="11699298762" visible="true" version="2" changeset="154920955" timestamp="2024-08-07T07:08:32Z" user="morago" uid="11113946" lat="35.0084235" lon="126.8216866"/>
 <node id="11699298763" visible="true" version="2" changeset="154920955" timestamp="2024-08-07T07:08:32Z" user="morago" uid="11113946" lat="35.0060693" lon="126.8251870"/>
 <node id="11699298764" visible="true" version="1" changeset="148322007" timestamp="2024-03-07T03:45:57Z" user="FUKUTAN" uid="5207199" lat="35.0060144" lon="126.8255964"/>
 <node id="11699298765" visible="true" version="1" changeset="148322007" timestamp="2024-03-07T03:45:57Z" user="FUKUTAN" uid="5207199" lat="35.0060005" lon="126.8257166"/>
 <node id="11699298766" visible="true" version="1" changeset="148322007" timestamp="2024-03-07T03:45:57Z" user="FUKUTAN" uid="5207199" lat="35.0054932" lon="126.8256195"/>
 <node id="11699298767" visible="true" version="1" changeset="148322007" timestamp="2024-03-07T03:45:57Z" user="FUKUTAN" uid="5207199" lat="35.0054579" lon="126.8256226"/>
 <node id="11699298768" visible="true" version="2" changeset="154920955" timestamp="2024-08-07T07:08:32Z" user="morago" uid="11113946" lat="35.0054016" lon="126.8256523"/>
 <node id="11699300769" visible="true" version="1" changeset="148322007" timestamp="2024-03-07T03:45:57Z" user="FUKUTAN" uid="5207199" lat="35.0053658" lon="126.8256442"/>
 <node id="11699300770" visible="true" version="1" changeset="148322007" timestamp="2024-03-07T03:45:57Z" user="FUKUTAN" uid="5207199" lat="35.0053115" lon="126.8256442"/>
 <node id="11699300771" visible="true" version="1" changeset="148322007" timestamp="2024-03-07T03:45:57Z" user="FUKUTAN" uid="5207199" lat="35.0052838" lon="126.8256426"/>
 <node id="11699300772" visible="true" version="1" changeset="148322007" timestamp="2024-03-07T03:45:57Z" user="FUKUTAN" uid="5207199" lat="35.0052283" lon="126.8256380"/>
 <node id="11699300773" visible="true" version="1" changeset="148322007" timestamp="2024-03-07T03:45:57Z" user="FUKUTAN" uid="5207199" lat="35.0051980" lon="126.8256211"/>
 <node id="11699300774" visible="true" version="1" changeset="148322007" timestamp="2024-03-07T03:45:57Z" user="FUKUTAN" uid="5207199" lat="35.0051677" lon="126.8255856"/>
 <node id="11699300775" visible="true" version="1" changeset="148322007" timestamp="2024-03-07T03:45:57Z" user="FUKUTAN" uid="5207199" lat="35.0050983" lon="126.8254655"/>
 <node id="11699300776" visible="true" version="1" changeset="148322007" timestamp="2024-03-07T03:45:57Z" user="FUKUTAN" uid="5207199" lat="35.0050806" lon="126.8254239"/>
 <node id="11699300777" visible="true" version="1" changeset="148322007" timestamp="2024-03-07T03:45:57Z" user="FUKUTAN" uid="5207199" lat="35.0050705" lon="126.8253623"/>
 <node id="11699300778" visible="true" version="1" changeset="148322007" timestamp="2024-03-07T03:45:57Z" user="FUKUTAN" uid="5207199" lat="35.0050579" lon="126.8252960"/>
 <node id="11699300779" visible="true" version="1" changeset="148322007" timestamp="2024-03-07T03:45:57Z" user="FUKUTAN" uid="5207199" lat="35.0050289" lon="126.8252067"/>
 <node id="11699300780" visible="true" version="1" changeset="148322007" timestamp="2024-03-07T03:45:57Z" user="FUKUTAN" uid="5207199" lat="35.0049961" lon="126.8250480"/>
 <node id="11699300781" visible="true" version="1" changeset="148322007" timestamp="2024-03-07T03:45:57Z" user="FUKUTAN" uid="5207199" lat="35.0049708" lon="126.8249325"/>
 <node id="11699300782" visible="true" version="1" changeset="148322007" timestamp="2024-03-07T03:45:57Z" user="FUKUTAN" uid="5207199" lat="35.0049431" lon="126.8248431"/>
 <node id="11699300783" visible="true" version="1" changeset="148322007" timestamp="2024-03-07T03:45:57Z" user="FUKUTAN" uid="5207199" lat="35.0048964" lon="126.8247445"/>
 <node id="11699300784" visible="true" version="1" changeset="148322007" timestamp="2024-03-07T03:45:57Z" user="FUKUTAN" uid="5207199" lat="35.0048111" lon="126.8245519"/>
 <node id="11699300785" visible="true" version="1" changeset="148322007" timestamp="2024-03-07T03:45:57Z" user="FUKUTAN" uid="5207199" lat="35.0047512" lon="126.8243913"/>
 <node id="11699300786" visible="true" version="1" changeset="148322007" timestamp="2024-03-07T03:45:57Z" user="FUKUTAN" uid="5207199" lat="35.0047312" lon="126.8242938"/>
 <node id="11699300787" visible="true" version="1" changeset="148322007" timestamp="2024-03-07T03:45:57Z" user="FUKUTAN" uid="5207199" lat="35.0047196" lon="126.8242002"/>
 <node id="11699300788" visible="true" version="2" changeset="154920955" timestamp="2024-08-07T07:08:32Z" user="morago" uid="11113946" lat="35.0082910" lon="126.8210845"/>
 <node id="11699300789" visible="true" version="2" changeset="154920955" timestamp="2024-08-07T07:08:32Z" user="morago" uid="11113946" lat="35.0082635" lon="126.8210939"/>
 <node id="11699300790" visible="true" version="2" changeset="154920955" timestamp="2024-08-07T07:08:32Z" user="morago" uid="11113946" lat="35.0082405" lon="126.8210912"/>
 <node id="11699300791" visible="true" version="2" changeset="154920955" timestamp="2024-08-07T07:08:32Z" user="morago" uid="11113946" lat="35.0082152" lon="126.8210858"/>
 <node id="11699300792" visible="true" version="2" changeset="154920955" timestamp="2024-08-07T07:08:32Z" user="morago" uid="11113946" lat="35.0081702" lon="126.8210550"/>
 <node id="11699300793" visible="true" version="2" changeset="154920955" timestamp="2024-08-07T07:08:32Z" user="morago" uid="11113946" lat="35.0080845" lon="126.8209759"/>
 <node id="11699300794" visible="true" version="2" changeset="154920955" timestamp="2024-08-07T07:08:32Z" user="morago" uid="11113946" lat="35.0080142" lon="126.8208793"/>
 <node id="11699300795" visible="true" version="2" changeset="154920955" timestamp="2024-08-07T07:08:32Z" user="morago" uid="11113946" lat="35.0079977" lon="126.8208485"/>
 <node id="11699300796" visible="true" version="2" changeset="154920955" timestamp="2024-08-07T07:08:32Z" user="morago" uid="11113946" lat="35.0079900" lon="126.8208096"/>
 <node id="11699300797" visible="true" version="2" changeset="154920955" timestamp="2024-08-07T07:08:32Z" user="morago" uid="11113946" lat="35.0079922" lon="126.8207626"/>
 <node id="11699300798" visible="true" version="2" changeset="154920955" timestamp="2024-08-07T07:08:32Z" user="morago" uid="11113946" lat="35.0079933" lon="126.8207197"/>
 <node id="11699300799" visible="true" version="2" changeset="154920955" timestamp="2024-08-07T07:08:32Z" user="morago" uid="11113946" lat="35.0079834" lon="126.8206996"/>
 <node id="11699300800" visible="true" version="2" changeset="154920955" timestamp="2024-08-07T07:08:32Z" user="morago" uid="11113946" lat="35.0079669" lon="126.8206755"/>
 <node id="11699300801" visible="true" version="2" changeset="154920955" timestamp="2024-08-07T07:08:32Z" user="morago" uid="11113946" lat="35.0079373" lon="126.8206500"/>
 <node id="11699300802" visible="true" version="2" changeset="154920955" timestamp="2024-08-07T07:08:32Z" user="morago" uid="11113946" lat="35.0078681" lon="126.8206218"/>
 <node id="11699300803" visible="true" version="2" changeset="154920955" timestamp="2024-08-07T07:08:32Z" user="morago" uid="11113946" lat="35.0078209" lon="126.8205816"/>
 <node id="11699300804" visible="true" version="2" changeset="154920955" timestamp="2024-08-07T07:08:32Z" user="morago" uid="11113946" lat="35.0077538" lon="126.8205038"/>
 <node id="11699300805" visible="true" version="2" changeset="154920955" timestamp="2024-08-07T07:08:32Z" user="morago" uid="11113946" lat="35.0076341" lon="126.8203536"/>
 <node id="11699300806" visible="true" version="2" changeset="154920955" timestamp="2024-08-07T07:08:32Z" user="morago" uid="11113946" lat="35.0076132" lon="126.8202986"/>
 <node id="11699300807" visible="true" version="2" changeset="154920955" timestamp="2024-08-07T07:08:32Z" user="morago" uid="11113946" lat="35.0075495" lon="126.8202128"/>
 <node id="11699300808" visible="true" version="2" changeset="154920955" timestamp="2024-08-07T07:08:32Z" user="morago" uid="11113946" lat="35.0075155" lon="126.8201927"/>
 <node id="11699300809" visible="true" version="2" changeset="154920955" timestamp="2024-08-07T07:08:32Z" user="morago" uid="11113946" lat="35.0074902" lon="126.8201725"/>
 <node id="11699300810" visible="true" version="2" changeset="154920955" timestamp="2024-08-07T07:08:32Z" user="morago" uid="11113946" lat="35.0074759" lon="126.8201564"/>
 <node id="11699300811" visible="true" version="2" changeset="154920955" timestamp="2024-08-07T07:08:32Z" user="morago" uid="11113946" lat="35.0074704" lon="126.8201202"/>
 <node id="11699300812" visible="true" version="2" changeset="154920955" timestamp="2024-08-07T07:08:32Z" user="morago" uid="11113946" lat="35.0074792" lon="126.8200666"/>
 <node id="11699300813" visible="true" version="2" changeset="154920955" timestamp="2024-08-07T07:08:32Z" user="morago" uid="11113946" lat="35.0074957" lon="126.8200384"/>
 <node id="11699300814" visible="true" version="2" changeset="154920955" timestamp="2024-08-07T07:08:32Z" user="morago" uid="11113946" lat="35.0075144" lon="126.8200156"/>
 <node id="11699300815" visible="true" version="2" changeset="154920955" timestamp="2024-08-07T07:08:32Z" user="morago" uid="11113946" lat="35.0075440" lon="126.8200062"/>
 <node id="11699300816" visible="true" version="2" changeset="154920955" timestamp="2024-08-07T07:08:32Z" user="morago" uid="11113946" lat="35.0075748" lon="126.8200076"/>
 <node id="11699300817" visible="true" version="2" changeset="154920955" timestamp="2024-08-07T07:08:32Z" user="morago" uid="11113946" lat="35.0076429" lon="126.8200492"/>
 <node id="11699300818" visible="true" version="2" changeset="154920955" timestamp="2024-08-07T07:08:32Z" user="morago" uid="11113946" lat="35.0077747" lon="126.8201497"/>
 <node id="11699300819" visible="true" version="2" changeset="154920955" timestamp="2024-08-07T07:08:32Z" user="morago" uid="11113946" lat="35.0080845" lon="126.8204005"/>
 <node id="11699300820" visible="true" version="2" changeset="154920955" timestamp="2024-08-07T07:08:32Z" user="morago" uid="11113946" lat="35.0081965" lon="126.8204998"/>
 <node id="11699300821" visible="true" version="2" changeset="154920955" timestamp="2024-08-07T07:08:32Z" user="morago" uid="11113946" lat="35.0083855" lon="126.8206473"/>
 <node id="11699300822" visible="true" version="2" changeset="154920955" timestamp="2024-08-07T07:08:32Z" user="morago" uid="11113946" lat="35.0084656" lon="126.8206969"/>
 <node id="11699300823" visible="true" version="2" changeset="154920955" timestamp="2024-08-07T07:08:32Z" user="morago" uid="11113946" lat="35.0085030" lon="126.8207304"/>
 <node id="11699300824" visible="true" version="2" changeset="154920955" timestamp="2024-08-07T07:08:32Z" user="morago" uid="11113946" lat="35.0085107" lon="126.8207519"/>
 <node id="11699300825" visible="true" version="2" changeset="154920955" timestamp="2024-08-07T07:08:32Z" user="morago" uid="11113946" lat="35.0084865" lon="126.8208055"/>
 <node id="11699300826" visible="true" version="2" changeset="154920955" timestamp="2024-08-07T07:08:32Z" user="morago" uid="11113946" lat="35.0067474" lon="126.8212428"/>
 <node id="11699300827" visible="true" version="2" changeset="154920955" timestamp="2024-08-07T07:08:32Z" user="morago" uid="11113946" lat="35.0069493" lon="126.8212921"/>
 <node id="11699300828" visible="true" version="2" changeset="154920955" timestamp="2024-08-07T07:08:32Z" user="morago" uid="11113946" lat="35.0077318" lon="126.8214970"/>
 <node id="11699300829" visible="true" version="2" changeset="154920955" timestamp="2024-08-07T07:08:32Z" user="morago" uid="11113946" lat="35.0083550" lon="126.8216664"/>
 <node id="11699300830" visible="true" version="2" changeset="154920955" timestamp="2024-08-07T07:08:32Z" user="morago" uid="11113946" lat="35.0089569" lon="126.8218436"/>
 <node id="11699300831" visible="true" version="2" changeset="154920955" timestamp="2024-08-07T07:08:32Z" user="morago" uid="11113946" lat="35.0089442" lon="126.8219268"/>
 <node id="11699300832" visible="true" version="2" changeset="154920955" timestamp="2024-08-07T07:08:32Z" user="morago" uid="11113946" lat="35.0088117" lon="126.8224613"/>
 <node id="11699300833" visible="true" version="2" changeset="154920955" timestamp="2024-08-07T07:08:32Z" user="morago" uid="11113946" lat="35.0087840" lon="126.8225553"/>
 <node id="11699300834" visible="true" version="2" changeset="154920955" timestamp="2024-08-07T07:08:32Z" user="morago" uid="11113946" lat="35.0087562" lon="126.8226231"/>
 <node id="11699300835" visible="true" version="2" changeset="154920955" timestamp="2024-08-07T07:08:32Z" user="morago" uid="11113946" lat="35.0087158" lon="126.8226878"/>
 <node id="11699300836" visible="true" version="2" changeset="154920955" timestamp="2024-08-07T07:08:32Z" user="morago" uid="11113946" lat="35.0086881" lon="126.8227371"/>
 <node id="11699300837" visible="true" version="2" changeset="154920955" timestamp="2024-08-07T07:08:32Z" user="morago" uid="11113946" lat="35.0086742" lon="126.8227741"/>
 <node id="11699300838" visible="true" version="2" changeset="154920955" timestamp="2024-08-07T07:08:32Z" user="morago" uid="11113946" lat="35.0086591" lon="126.8228434"/>
 <node id="11699300839" visible="true" version="2" changeset="154920955" timestamp="2024-08-07T07:08:32Z" user="morago" uid="11113946" lat="35.0085518" lon="126.8235412"/>
 <node id="11699300840" visible="true" version="2" changeset="154920955" timestamp="2024-08-07T07:08:32Z" user="morago" uid="11113946" lat="35.0081762" lon="126.8257154"/>
 <node id="11699300841" visible="true" version="2" changeset="154920955" timestamp="2024-08-07T07:08:32Z" user="morago" uid="11113946" lat="35.0091555" lon="126.8238213"/>
 <node id="11699300842" visible="true" version="2" changeset="154920955" timestamp="2024-08-07T07:08:32Z" user="morago" uid="11113946" lat="35.0090061" lon="126.8239012"/>
 <node id="11699300843" visible="true" version="2" changeset="154920955" timestamp="2024-08-07T07:08:32Z" user="morago" uid="11113946" lat="35.0085092" lon="126.8237882"/>
 <node id="11699300844" visible="true" version="2" changeset="154920955" timestamp="2024-08-07T07:08:32Z" user="morago" uid="11113946" lat="35.0080919" lon="126.8236829"/>
 <node id="11699300845" visible="true" version="2" changeset="154920955" timestamp="2024-08-07T07:08:32Z" user="morago" uid="11113946" lat="35.0071939" lon="126.8234575"/>
 <node id="11699300846" visible="true" version="2" changeset="154920955" timestamp="2024-08-07T07:08:32Z" user="morago" uid="11113946" lat="35.0064661" lon="126.8232619"/>
 <node id="11699300847" visible="true" version="2" changeset="154920955" timestamp="2024-08-07T07:08:32Z" user="morago" uid="11113946" lat="35.0058970" lon="126.8231124"/>
 <node id="11699300848" visible="true" version="2" changeset="154920955" timestamp="2024-08-07T07:08:32Z" user="morago" uid="11113946" lat="35.0066978" lon="126.8254184"/>
 <node id="11699300849" visible="true" version="2" changeset="154920955" timestamp="2024-08-07T07:08:32Z" user="morago" uid="11113946" lat="35.0066940" lon="126.8254523"/>
 <node id="11699300850" visible="true" version="2" changeset="154920955" timestamp="2024-08-07T07:08:32Z" user="morago" uid="11113946" lat="35.0066892" lon="126.8254815"/>
 <node id="11699300851" visible="true" version="2" changeset="154920955" timestamp="2024-08-07T07:08:32Z" user="morago" uid="11113946" lat="35.0066797" lon="126.8255083"/>
 <node id="11699300852" visible="true" version="2" changeset="154920955" timestamp="2024-08-07T07:08:32Z" user="morago" uid="11113946" lat="35.0066682" lon="126.8255317"/>
 <node id="11699300853" visible="true" version="2" changeset="154920955" timestamp="2024-08-07T07:08:32Z" user="morago" uid="11113946" lat="35.0066539" lon="126.8255539"/>
 <node id="11699300854" visible="true" version="2" changeset="154920955" timestamp="2024-08-07T07:08:32Z" user="morago" uid="11113946" lat="35.0066328" lon="126.8255655"/>
 <node id="11699300855" visible="true" version="2" changeset="154920955" timestamp="2024-08-07T07:08:32Z" user="morago" uid="11113946" lat="35.0066013" lon="126.8255749"/>
 <node id="11699300856" visible="true" version="2" changeset="154920955" timestamp="2024-08-07T07:08:32Z" user="morago" uid="11113946" lat="35.0065640" lon="126.8255784"/>
 <node id="11699300857" visible="true" version="2" changeset="154920955" timestamp="2024-08-07T07:08:32Z" user="morago" uid="11113946" lat="35.0065362" lon="126.8255796"/>
 <node id="11699300858" visible="true" version="2" changeset="154920955" timestamp="2024-08-07T07:08:32Z" user="morago" uid="11113946" lat="35.0065104" lon="126.8255761"/>
 <node id="11699300859" visible="true" version="2" changeset="154920955" timestamp="2024-08-07T07:08:32Z" user="morago" uid="11113946" lat="35.0064827" lon="126.8255667"/>
 <node id="11699300860" visible="true" version="2" changeset="154920955" timestamp="2024-08-07T07:08:32Z" user="morago" uid="11113946" lat="35.0064540" lon="126.8255469"/>
 <node id="11699300861" visible="true" version="2" changeset="154920955" timestamp="2024-08-07T07:08:32Z" user="morago" uid="11113946" lat="35.0064301" lon="126.8255247"/>
 <node id="11699300862" visible="true" version="2" changeset="154920955" timestamp="2024-08-07T07:08:32Z" user="morago" uid="11113946" lat="35.0064071" lon="126.8254990"/>
 <node id="11699300863" visible="true" version="2" changeset="154920955" timestamp="2024-08-07T07:08:32Z" user="morago" uid="11113946" lat="35.0063947" lon="126.8254733"/>
 <node id="11699300864" visible="true" version="2" changeset="154920955" timestamp="2024-08-07T07:08:32Z" user="morago" uid="11113946" lat="35.0063842" lon="126.8254383"/>
 <node id="11699300865" visible="true" version="2" changeset="154920955" timestamp="2024-08-07T07:08:32Z" user="morago" uid="11113946" lat="35.0063746" lon="126.8253916"/>
 <node id="11699300866" visible="true" version="2" changeset="154920955" timestamp="2024-08-07T07:08:32Z" user="morago" uid="11113946" lat="35.0063737" lon="126.8253694"/>
 <node id="11699300867" visible="true" version="2" changeset="154920955" timestamp="2024-08-07T07:08:32Z" user="morago" uid="11113946" lat="35.0063727" lon="126.8253390"/>
 <node id="11699300868" visible="true" version="2" changeset="154920955" timestamp="2024-08-07T07:08:32Z" user="morago" uid="11113946" lat="35.0063746" lon="126.8252982"/>
 <node id="11699300869" visible="true" version="2" changeset="154920955" timestamp="2024-08-07T07:08:32Z" user="morago" uid="11113946" lat="35.0063799" lon="126.8252649"/>
 <node id="11699300870" visible="true" version="2" changeset="154920955" timestamp="2024-08-07T07:08:32Z" user="morago" uid="11113946" lat="35.0066472" lon="126.8255576"/>
 <node id="11699300871" visible="true" version="2" changeset="154920955" timestamp="2024-08-07T07:08:32Z" user="morago" uid="11113946" lat="35.0066472" lon="126.8256356"/>
 <node id="11699300872" visible="true" version="2" changeset="154920955" timestamp="2024-08-07T07:08:32Z" user="morago" uid="11113946" lat="35.0066491" lon="126.8257629"/>
 <node id="11699300873" visible="true" version="2" changeset="154920955" timestamp="2024-08-07T07:08:32Z" user="morago" uid="11113946" lat="35.0066481" lon="126.8258352"/>
 <node id="11699300874" visible="true" version="2" changeset="154920955" timestamp="2024-08-07T07:08:32Z" user="morago" uid="11113946" lat="35.0066462" lon="126.8258714"/>
 <node id="11699300875" visible="true" version="2" changeset="154920955" timestamp="2024-08-07T07:08:32Z" user="morago" uid="11113946" lat="35.0071817" lon="126.8261540"/>
 <node id="11699300876" visible="true" version="2" changeset="154920955" timestamp="2024-08-07T07:08:32Z" user="morago" uid="11113946" lat="35.0070102" lon="126.8260635"/>
 <node id="11699300877" visible="true" version="2" changeset="154920955" timestamp="2024-08-07T07:08:32Z" user="morago" uid="11113946" lat="35.0072004" lon="126.8254712"/>
 <node id="11699300878" visible="true" version="1" changeset="148322007" timestamp="2024-03-07T03:45:57Z" user="FUKUTAN" uid="5207199" lat="35.0070989" lon="126.8258491"/>
 <node id="11699300879" visible="true" version="1" changeset="148322007" timestamp="2024-03-07T03:45:57Z" user="FUKUTAN" uid="5207199" lat="34.9962593" lon="126.8208902"/>
 <node id="11699300880" visible="true" version="1" changeset="148322007" timestamp="2024-03-07T03:45:57Z" user="FUKUTAN" uid="5207199" lat="34.9961070" lon="126.8208959"/>
 <node id="11699300881" visible="true" version="1" changeset="148322007" timestamp="2024-03-07T03:45:57Z" user="FUKUTAN" uid="5207199" lat="34.9940777" lon="126.8213432"/>
 <node id="11699300882" visible="true" version="1" changeset="148322007" timestamp="2024-03-07T03:45:57Z" user="FUKUTAN" uid="5207199" lat="34.9934580" lon="126.8217382"/>
 <node id="11699300883" visible="true" version="1" changeset="148322007" timestamp="2024-03-07T03:45:57Z" user="FUKUTAN" uid="5207199" lat="34.9932506" lon="126.8218486"/>
 <node id="11699300885" visible="true" version="1" changeset="148322007" timestamp="2024-03-07T03:45:57Z" user="FUKUTAN" uid="5207199" lat="35.0095025" lon="126.8249988"/>
 <node id="11699300886" visible="true" version="1" changeset="148322007" timestamp="2024-03-07T03:45:57Z" user="FUKUTAN" uid="5207199" lat="35.0098665" lon="126.8250899"/>
 <node id="11699300887" visible="true" version="1" changeset="148322007" timestamp="2024-03-07T03:45:57Z" user="FUKUTAN" uid="5207199" lat="35.0096910" lon="126.8261768"/>
 <node id="11699300888" visible="true" version="1" changeset="148322007" timestamp="2024-03-07T03:45:57Z" user="FUKUTAN" uid="5207199" lat="35.0096151" lon="126.8266819"/>
 <node id="11699300889" visible="true" version="1" changeset="148322007" timestamp="2024-03-07T03:45:57Z" user="FUKUTAN" uid="5207199" lat="35.0092731" lon="126.8272929"/>
 <node id="11699300890" visible="true" version="1" changeset="148322007" timestamp="2024-03-07T03:45:57Z" user="FUKUTAN" uid="5207199" lat="35.0085305" lon="126.8271006"/>
 <node id="11699300891" visible="true" version="1" changeset="148322007" timestamp="2024-03-07T03:45:57Z" user="FUKUTAN" uid="5207199" lat="35.0086122" lon="126.8266302"/>
 <node id="11699300892" visible="true" version="1" changeset="148322007" timestamp="2024-03-07T03:45:57Z" user="FUKUTAN" uid="5207199" lat="35.0093548" lon="126.8268223"/>
 <node id="11699300893" visible="true" version="1" changeset="148322007" timestamp="2024-03-07T03:45:57Z" user="FUKUTAN" uid="5207199" lat="35.0085208" lon="126.8271006"/>
 <node id="11699300894" visible="true" version="1" changeset="148322007" timestamp="2024-03-07T03:45:57Z" user="FUKUTAN" uid="5207199" lat="35.0082941" lon="126.8270478"/>
 <node id="11699300895" visible="true" version="1" changeset="148322007" timestamp="2024-03-07T03:45:57Z" user="FUKUTAN" uid="5207199" lat="35.0083689" lon="126.8265699"/>
 <node id="11699300896" visible="true" version="1" changeset="148322007" timestamp="2024-03-07T03:45:57Z" user="FUKUTAN" uid="5207199" lat="35.0085956" lon="126.8266227"/>
 <node id="11780671422" visible="true" version="1" changeset="149486328" timestamp="2024-04-02T15:09:19Z" user="야광멧돼지" uid="12393144" lat="34.9990273" lon="126.8338346"/>
 <node id="11780671423" visible="true" version="1" changeset="149486328" timestamp="2024-04-02T15:09:19Z" user="야광멧돼지" uid="12393144" lat="35.0032574" lon="126.8335688"/>
 <node id="11780671424" visible="true" version="1" changeset="149486328" timestamp="2024-04-02T15:09:19Z" user="야광멧돼지" uid="12393144" lat="35.0058442" lon="126.8350406"/>
 <node id="11780671425" visible="true" version="1" changeset="149486328" timestamp="2024-04-02T15:09:19Z" user="야광멧돼지" uid="12393144" lat="35.0066551" lon="126.8357295"/>
 <node id="11780671426" visible="true" version="1" changeset="149486328" timestamp="2024-04-02T15:09:19Z" user="야광멧돼지" uid="12393144" lat="35.0070517" lon="126.8357628"/>
 <node id="11780671427" visible="true" version="1" changeset="149486328" timestamp="2024-04-02T15:09:19Z" user="야광멧돼지" uid="12393144" lat="35.0140717" lon="126.8373338"/>
 <node id="11780671428" visible="true" version="1" changeset="149486328" timestamp="2024-04-02T15:09:19Z" user="야광멧돼지" uid="12393144" lat="35.0137337" lon="126.8362334"/>
 <node id="11780671429" visible="true" version="1" changeset="149486328" timestamp="2024-04-02T15:09:19Z" user="야광멧돼지" uid="12393144" lat="35.0125699" lon="126.8364854"/>
 <node id="11780671430" visible="true" version="1" changeset="149486328" timestamp="2024-04-02T15:09:19Z" user="야광멧돼지" uid="12393144" lat="35.0112042" lon="126.8356811"/>
 <node id="11780671431" visible="true" version="1" changeset="149486328" timestamp="2024-04-02T15:09:19Z" user="야광멧돼지" uid="12393144" lat="35.0098828" lon="126.8348270"/>
 <node id="11780671432" visible="true" version="1" changeset="149486328" timestamp="2024-04-02T15:09:19Z" user="야광멧돼지" uid="12393144" lat="35.0091785" lon="126.8347278"/>
 <node id="11780671433" visible="true" version="1" changeset="149486328" timestamp="2024-04-02T15:09:19Z" user="야광멧돼지" uid="12393144" lat="35.0089134" lon="126.8350415"/>
 <node id="11780671434" visible="true" version="1" changeset="149486328" timestamp="2024-04-02T15:09:19Z" user="야광멧돼지" uid="12393144" lat="35.0079173" lon="126.8349325"/>
 <node id="11780671435" visible="true" version="1" changeset="149486328" timestamp="2024-04-02T15:09:19Z" user="야광멧돼지" uid="12393144" lat="35.0074119" lon="126.8343464"/>
 <node id="11780671436" visible="true" version="1" changeset="149486328" timestamp="2024-04-02T15:09:19Z" user="야광멧돼지" uid="12393144" lat="35.0069125" lon="126.8346116"/>
 <node id="11780671437" visible="true" version="1" changeset="149486328" timestamp="2024-04-02T15:09:19Z" user="야광멧돼지" uid="12393144" lat="35.0092942" lon="126.8405493"/>
 <node id="11780671438" visible="true" version="1" changeset="149486328" timestamp="2024-04-02T15:09:19Z" user="야광멧돼지" uid="12393144" lat="35.0070047" lon="126.8368690"/>
 <node id="11780671439" visible="true" version="1" changeset="149486328" timestamp="2024-04-02T15:09:19Z" user="야광멧돼지" uid="12393144" lat="35.0071522" lon="126.8374373"/>
 <node id="11780671440" visible="true" version="1" changeset="149486328" timestamp="2024-04-02T15:09:19Z" user="야광멧돼지" uid="12393144" lat="35.0069212" lon="126.8380316"/>
 <node id="11780671441" visible="true" version="1" changeset="149486328" timestamp="2024-04-02T15:09:19Z" user="야광멧돼지" uid="12393144" lat="35.0071467" lon="126.8388338"/>
 <node id="11780671442" visible="true" version="1" changeset="149486328" timestamp="2024-04-02T15:09:19Z" user="야광멧돼지" uid="12393144" lat="35.0064975" lon="126.8393590"/>
 <node id="11780671443" visible="true" version="1" changeset="149486328" timestamp="2024-04-02T15:09:19Z" user="야광멧돼지" uid="12393144" lat="35.0062672" lon="126.8401000"/>
 <node id="11780671444" visible="true" version="1" changeset="149486328" timestamp="2024-04-02T15:09:19Z" user="야광멧돼지" uid="12393144" lat="35.0061303" lon="126.8404883"/>
 <node id="11780671445" visible="true" version="1" changeset="149486328" timestamp="2024-04-02T15:09:19Z" user="야광멧돼지" uid="12393144" lat="35.0065699" lon="126.8407090"/>
 <node id="11780671446" visible="true" version="1" changeset="149486328" timestamp="2024-04-02T15:09:19Z" user="야광멧돼지" uid="12393144" lat="35.0067243" lon="126.8410231"/>
 <node id="11780671447" visible="true" version="1" changeset="149486328" timestamp="2024-04-02T15:09:19Z" user="야광멧돼지" uid="12393144" lat="35.0065766" lon="126.8412422"/>
 <node id="11780671448" visible="true" version="1" changeset="149486328" timestamp="2024-04-02T15:09:19Z" user="야광멧돼지" uid="12393144" lat="35.0069382" lon="126.8414049"/>
 <node id="11780671449" visible="true" version="1" changeset="149486328" timestamp="2024-04-02T15:09:19Z" user="야광멧돼지" uid="12393144" lat="35.0074383" lon="126.8412027"/>
 <node id="11780671450" visible="true" version="1" changeset="149486328" timestamp="2024-04-02T15:09:19Z" user="야광멧돼지" uid="12393144" lat="35.0077392" lon="126.8407029"/>
 <node id="11780671451" visible="true" version="1" changeset="149486328" timestamp="2024-04-02T15:09:19Z" user="야광멧돼지" uid="12393144" lat="35.0073017" lon="126.8401872"/>
 <node id="11780671452" visible="true" version="1" changeset="149486328" timestamp="2024-04-02T15:09:19Z" user="야광멧돼지" uid="12393144" lat="35.0075257" lon="126.8396015"/>
 <node id="11780671453" visible="true" version="1" changeset="149486328" timestamp="2024-04-02T15:09:19Z" user="야광멧돼지" uid="12393144" lat="35.0077538" lon="126.8394061"/>
 <node id="11780671454" visible="true" version="1" changeset="149486328" timestamp="2024-04-02T15:09:19Z" user="야광멧돼지" uid="12393144" lat="35.0081074" lon="126.8396362"/>
 <node id="11780671455" visible="true" version="1" changeset="149486328" timestamp="2024-04-02T15:09:19Z" user="야광멧돼지" uid="12393144" lat="35.0083640" lon="126.8407171"/>
 <node id="11780671456" visible="true" version="1" changeset="149486328" timestamp="2024-04-02T15:09:19Z" user="야광멧돼지" uid="12393144" lat="35.0087536" lon="126.8412930"/>
 <node id="11780671457" visible="true" version="1" changeset="149486328" timestamp="2024-04-02T15:09:19Z" user="야광멧돼지" uid="12393144" lat="35.0129547" lon="126.8393934"/>
 <node id="11780671458" visible="true" version="1" changeset="149486328" timestamp="2024-04-02T15:09:19Z" user="야광멧돼지" uid="12393144" lat="35.0122353" lon="126.8403545"/>
 <node id="11780671459" visible="true" version="1" changeset="149486328" timestamp="2024-04-02T15:09:19Z" user="야광멧돼지" uid="12393144" lat="35.0131711" lon="126.8407378"/>
 <node id="12096572941" visible="true" version="1" changeset="154920955" timestamp="2024-08-07T07:08:26Z" user="morago" uid="11113946" lat="35.0012701" lon="126.8241538"/>
 <node id="12096572942" visible="true" version="1" changeset="154920955" timestamp="2024-08-07T07:08:26Z" user="morago" uid="11113946" lat="35.0018655" lon="126.8220484"/>
 <node id="12096572943" visible="true" version="1" changeset="154920955" timestamp="2024-08-07T07:08:26Z" user="morago" uid="11113946" lat="35.0018754" lon="126.8219813"/>
 <node id="12096572944" visible="true" version="1" changeset="154920955" timestamp="2024-08-07T07:08:26Z" user="morago" uid="11113946" lat="35.0001100" lon="126.8256719"/>
 <node id="12096572945" visible="true" version="1" changeset="154920955" timestamp="2024-08-07T07:08:26Z" user="morago" uid="11113946" lat="34.9999343" lon="126.8256504"/>
 <node id="12096572948" visible="true" version="1" changeset="154920955" timestamp="2024-08-07T07:08:26Z" user="morago" uid="11113946" lat="34.9986534" lon="126.8285551"/>
 <node id="12096572949" visible="true" version="1" changeset="154920955" timestamp="2024-08-07T07:08:26Z" user="morago" uid="11113946" lat="34.9987589" lon="126.8284746"/>
 <node id="12096572953" visible="true" version="1" changeset="154920955" timestamp="2024-08-07T07:08:26Z" user="morago" uid="11113946" lat="35.0013053" lon="126.8245508"/>
 <node id="12096572954" visible="true" version="1" changeset="154920955" timestamp="2024-08-07T07:08:26Z" user="morago" uid="11113946" lat="35.0012701" lon="126.8247385"/>
 <node id="12096597751" visible="true" version="1" changeset="154920955" timestamp="2024-08-07T07:08:22Z" user="morago" uid="11113946" lat="35.0142456" lon="126.8242356"/>
 <node id="12096597863" visible="true" version="2" changeset="176313032" timestamp="2025-12-23T15:05:33Z" user="aaei924" uid="10626814" lat="35.0122533" lon="126.8185206"/>
 <node id="12096597864" visible="true" version="2" changeset="176313032" timestamp="2025-12-23T15:05:33Z" user="aaei924" uid="10626814" lat="35.0123123" lon="126.8186190"/>
 <node id="12096597865" visible="true" version="2" changeset="176313032" timestamp="2025-12-23T15:05:33Z" user="aaei924" uid="10626814" lat="35.0123384" lon="126.8187391"/>
 <node id="12096597866" visible="true" version="2" changeset="176313032" timestamp="2025-12-23T15:05:33Z" user="aaei924" uid="10626814" lat="35.0121222" lon="126.8191101"/>
 <node id="12096597867" visible="true" version="1" changeset="154920955" timestamp="2024-08-07T07:08:22Z" user="morago" uid="11113946" lat="35.0120559" lon="126.8192209"/>
 <node id="12096597868" visible="true" version="1" changeset="154920955" timestamp="2024-08-07T07:08:22Z" user="morago" uid="11113946" lat="35.0119449" lon="126.8193899"/>
 <node id="12096597869" visible="true" version="1" changeset="154920955" timestamp="2024-08-07T07:08:22Z" user="morago" uid="11113946" lat="35.0117977" lon="126.8196246"/>
 <node id="12096597870" visible="true" version="1" changeset="154920955" timestamp="2024-08-07T07:08:22Z" user="morago" uid="11113946" lat="35.0114671" lon="126.8203112"/>
 <node id="12096597871" visible="true" version="1" changeset="154920955" timestamp="2024-08-07T07:08:22Z" user="morago" uid="11113946" lat="35.0112046" lon="126.8201651"/>
 <node id="12096597872" visible="true" version="1" changeset="154920955" timestamp="2024-08-07T07:08:22Z" user="morago" uid="11113946" lat="35.0106411" lon="126.8199652"/>
 <node id="12096597873" visible="true" version="1" changeset="154920955" timestamp="2024-08-07T07:08:22Z" user="morago" uid="11113946" lat="35.0103654" lon="126.8198794"/>
 <node id="12096597874" visible="true" version="1" changeset="154920955" timestamp="2024-08-07T07:08:22Z" user="morago" uid="11113946" lat="35.0099260" lon="126.8196917"/>
 <node id="12096597875" visible="true" version="1" changeset="154920955" timestamp="2024-08-07T07:08:22Z" user="morago" uid="11113946" lat="35.0095031" lon="126.8195240"/>
 <node id="12096597876" visible="true" version="1" changeset="154920955" timestamp="2024-08-07T07:08:22Z" user="morago" uid="11113946" lat="35.0092780" lon="126.8194773"/>
 <node id="12096597937" visible="true" version="1" changeset="154920955" timestamp="2024-08-07T07:08:22Z" user="morago" uid="11113946" lat="35.0121419" lon="126.8161699"/>
 <node id="12096598037" visible="true" version="1" changeset="154920955" timestamp="2024-08-07T07:08:22Z" user="morago" uid="11113946" lat="35.0090670" lon="126.8198052"/>
 <node id="12096598038" visible="true" version="1" changeset="154920955" timestamp="2024-08-07T07:08:22Z" user="morago" uid="11113946" lat="35.0091989" lon="126.8195790"/>
 <node id="12096598039" visible="true" version="1" changeset="154920955" timestamp="2024-08-07T07:08:22Z" user="morago" uid="11113946" lat="35.0092626" lon="126.8194972"/>
 <node id="12096598040" visible="true" version="1" changeset="154920955" timestamp="2024-08-07T07:08:22Z" user="morago" uid="11113946" lat="35.0093801" lon="126.8193457"/>
 <node id="12096598041" visible="true" version="1" changeset="154920955" timestamp="2024-08-07T07:08:22Z" user="morago" uid="11113946" lat="35.0094757" lon="126.8192250"/>
 <node id="12096598042" visible="true" version="1" changeset="154920955" timestamp="2024-08-07T07:08:22Z" user="morago" uid="11113946" lat="35.0095174" lon="126.8191351"/>
 <node id="12096598043" visible="true" version="1" changeset="154920955" timestamp="2024-08-07T07:08:22Z" user="morago" uid="11113946" lat="35.0095559" lon="126.8190064"/>
 <node id="12096598044" visible="true" version="1" changeset="154920955" timestamp="2024-08-07T07:08:22Z" user="morago" uid="11113946" lat="35.0095877" lon="126.8188749"/>
 <node id="12096598045" visible="true" version="1" changeset="154920955" timestamp="2024-08-07T07:08:22Z" user="morago" uid="11113946" lat="35.0096558" lon="126.8187663"/>
 <node id="12096598046" visible="true" version="1" changeset="154920955" timestamp="2024-08-07T07:08:22Z" user="morago" uid="11113946" lat="35.0097272" lon="126.8186375"/>
 <node id="12096598047" visible="true" version="1" changeset="154920955" timestamp="2024-08-07T07:08:22Z" user="morago" uid="11113946" lat="35.0098294" lon="126.8184203"/>
 <node id="12096598048" visible="true" version="1" changeset="154920955" timestamp="2024-08-07T07:08:22Z" user="morago" uid="11113946" lat="35.0099106" lon="126.8183009"/>
 <node id="12096598049" visible="true" version="1" changeset="154920955" timestamp="2024-08-07T07:08:22Z" user="morago" uid="11113946" lat="35.0100875" lon="126.8181373"/>
 <node id="12096598050" visible="true" version="1" changeset="154920955" timestamp="2024-08-07T07:08:22Z" user="morago" uid="11113946" lat="35.0102446" lon="126.8179777"/>
 <node id="12096598051" visible="true" version="1" changeset="154920955" timestamp="2024-08-07T07:08:22Z" user="morago" uid="11113946" lat="35.0103984" lon="126.8178879"/>
 <node id="12096598052" visible="true" version="1" changeset="154920955" timestamp="2024-08-07T07:08:22Z" user="morago" uid="11113946" lat="35.0104730" lon="126.8178235"/>
 <node id="12096598053" visible="true" version="1" changeset="154920955" timestamp="2024-08-07T07:08:22Z" user="morago" uid="11113946" lat="35.0105884" lon="126.8176505"/>
 <node id="12096598054" visible="true" version="1" changeset="154920955" timestamp="2024-08-07T07:08:22Z" user="morago" uid="11113946" lat="35.0109036" lon="126.8173394"/>
 <node id="12096598055" visible="true" version="1" changeset="154920955" timestamp="2024-08-07T07:08:22Z" user="morago" uid="11113946" lat="35.0112090" lon="126.8170685"/>
 <node id="12096598056" visible="true" version="1" changeset="154920955" timestamp="2024-08-07T07:08:22Z" user="morago" uid="11113946" lat="35.0115154" lon="126.8168378"/>
 <node id="12096598057" visible="true" version="1" changeset="154920955" timestamp="2024-08-07T07:08:22Z" user="morago" uid="11113946" lat="35.0116286" lon="126.8167600"/>
 <node id="12096598058" visible="true" version="1" changeset="154920955" timestamp="2024-08-07T07:08:22Z" user="morago" uid="11113946" lat="35.0116725" lon="126.8167037"/>
 <node id="12096598059" visible="true" version="1" changeset="154920955" timestamp="2024-08-07T07:08:22Z" user="morago" uid="11113946" lat="35.0117840" lon="126.8165253"/>
 <node id="12096598060" visible="true" version="1" changeset="154920955" timestamp="2024-08-07T07:08:22Z" user="morago" uid="11113946" lat="35.0119169" lon="126.8162933"/>
 <node id="12096598061" visible="true" version="1" changeset="154920955" timestamp="2024-08-07T07:08:22Z" user="morago" uid="11113946" lat="35.0119543" lon="126.8162423"/>
 <node id="12096598062" visible="true" version="1" changeset="154920955" timestamp="2024-08-07T07:08:22Z" user="morago" uid="11113946" lat="35.0120454" lon="126.8161867"/>
 <node id="12096598063" visible="true" version="1" changeset="154920955" timestamp="2024-08-07T07:08:22Z" user="morago" uid="11113946" lat="35.0120784" lon="126.8161786"/>
 <node id="12096598064" visible="true" version="1" changeset="154920955" timestamp="2024-08-07T07:08:22Z" user="morago" uid="11113946" lat="35.0121948" lon="126.8161625"/>
 <node id="12096598065" visible="true" version="1" changeset="154920955" timestamp="2024-08-07T07:08:22Z" user="morago" uid="11113946" lat="35.0123815" lon="126.8161532"/>
 <node id="12096598066" visible="true" version="1" changeset="154920955" timestamp="2024-08-07T07:08:22Z" user="morago" uid="11113946" lat="35.0124546" lon="126.8161397"/>
 <node id="12096598067" visible="true" version="1" changeset="154920955" timestamp="2024-08-07T07:08:22Z" user="morago" uid="11113946" lat="35.0125584" lon="126.8160727"/>
 <node id="12096598068" visible="true" version="1" changeset="154920955" timestamp="2024-08-07T07:08:22Z" user="morago" uid="11113946" lat="35.0126446" lon="126.8160613"/>
 <node id="12096598069" visible="true" version="1" changeset="154920955" timestamp="2024-08-07T07:08:22Z" user="morago" uid="11113946" lat="35.0127078" lon="126.8160687"/>
 <node id="12096598070" visible="true" version="1" changeset="154920955" timestamp="2024-08-07T07:08:22Z" user="morago" uid="11113946" lat="35.0128379" lon="126.8161002"/>
 <node id="12096598071" visible="true" version="1" changeset="154920955" timestamp="2024-08-07T07:08:22Z" user="morago" uid="11113946" lat="35.0129406" lon="126.8161599"/>
 <node id="12096598072" visible="true" version="1" changeset="154920955" timestamp="2024-08-07T07:08:22Z" user="morago" uid="11113946" lat="35.0131856" lon="126.8162745"/>
 <node id="12096598073" visible="true" version="1" changeset="154920955" timestamp="2024-08-07T07:08:22Z" user="morago" uid="11113946" lat="35.0134942" lon="126.8163858"/>
 <node id="12096598074" visible="true" version="1" changeset="154920955" timestamp="2024-08-07T07:08:22Z" user="morago" uid="11113946" lat="35.0135799" lon="126.8164174"/>
 <node id="12096598075" visible="true" version="1" changeset="154920955" timestamp="2024-08-07T07:08:22Z" user="morago" uid="11113946" lat="35.0136634" lon="126.8164214"/>
 <node id="12096598076" visible="true" version="1" changeset="154920955" timestamp="2024-08-07T07:08:22Z" user="morago" uid="11113946" lat="35.0137326" lon="126.8164194"/>
 <node id="12096598077" visible="true" version="1" changeset="154920955" timestamp="2024-08-07T07:08:22Z" user="morago" uid="11113946" lat="35.0138045" lon="126.8163845"/>
 <node id="12096598078" visible="true" version="1" changeset="154920955" timestamp="2024-08-07T07:08:22Z" user="morago" uid="11113946" lat="35.0139050" lon="126.8163275"/>
 <node id="12096598079" visible="true" version="1" changeset="154920955" timestamp="2024-08-07T07:08:22Z" user="morago" uid="11113946" lat="35.0139539" lon="126.8162920"/>
 <node id="12096598080" visible="true" version="1" changeset="154920955" timestamp="2024-08-07T07:08:22Z" user="morago" uid="11113946" lat="35.0143125" lon="126.8162102"/>
 <node id="12096598081" visible="true" version="1" changeset="154920955" timestamp="2024-08-07T07:08:22Z" user="morago" uid="11113946" lat="35.0144657" lon="126.8161706"/>
 <node id="12096598082" visible="true" version="1" changeset="154920955" timestamp="2024-08-07T07:08:22Z" user="morago" uid="11113946" lat="35.0145371" lon="126.8161324"/>
 <node id="12096598083" visible="true" version="1" changeset="154920955" timestamp="2024-08-07T07:08:22Z" user="morago" uid="11113946" lat="35.0147304" lon="126.8160291"/>
 <node id="12096598084" visible="true" version="1" changeset="154920955" timestamp="2024-08-07T07:08:22Z" user="morago" uid="11113946" lat="35.0147963" lon="126.8159862"/>
 <node id="12096598085" visible="true" version="1" changeset="154920955" timestamp="2024-08-07T07:08:22Z" user="morago" uid="11113946" lat="35.0148430" lon="126.8159171"/>
 <node id="12096598086" visible="true" version="1" changeset="154920955" timestamp="2024-08-07T07:08:22Z" user="morago" uid="11113946" lat="35.0149001" lon="126.8158541"/>
 <node id="12096598087" visible="true" version="1" changeset="154920955" timestamp="2024-08-07T07:08:22Z" user="morago" uid="11113946" lat="35.0150396" lon="126.8157951"/>
 <node id="12096598088" visible="true" version="1" changeset="154920955" timestamp="2024-08-07T07:08:22Z" user="morago" uid="11113946" lat="35.0153551" lon="126.8156897"/>
 <node id="12096598128" visible="true" version="1" changeset="154920955" timestamp="2024-08-07T07:08:22Z" user="morago" uid="11113946" lat="35.0003076" lon="126.8176773"/>
 <node id="12096598210" visible="true" version="1" changeset="154920955" timestamp="2024-08-07T07:08:22Z" user="morago" uid="11113946" lat="34.9979544" lon="126.8293959"/>
 <node id="12096598211" visible="true" version="1" changeset="154920955" timestamp="2024-08-07T07:08:22Z" user="morago" uid="11113946" lat="34.9989168" lon="126.8283793"/>
 <node id="12096598212" visible="true" version="1" changeset="154920955" timestamp="2024-08-07T07:08:22Z" user="morago" uid="11113946" lat="34.9991519" lon="126.8281782"/>
 <node id="12096598213" visible="true" version="1" changeset="154920955" timestamp="2024-08-07T07:08:22Z" user="morago" uid="11113946" lat="34.9994309" lon="126.8339758"/>
 <node id="12096598214" visible="true" version="1" changeset="154920955" timestamp="2024-08-07T07:08:22Z" user="morago" uid="11113946" lat="34.9992057" lon="126.8338993"/>
 <node id="12096598215" visible="true" version="1" changeset="154920955" timestamp="2024-08-07T07:08:22Z" user="morago" uid="11113946" lat="34.9990805" lon="126.8338872"/>
 <node id="12096598216" visible="true" version="1" changeset="154920955" timestamp="2024-08-07T07:08:22Z" user="morago" uid="11113946" lat="34.9987915" lon="126.8339369"/>
 <node id="12096598217" visible="true" version="1" changeset="154920955" timestamp="2024-08-07T07:08:22Z" user="morago" uid="11113946" lat="34.9986916" lon="126.8339100"/>
 <node id="12096598218" visible="true" version="1" changeset="154920955" timestamp="2024-08-07T07:08:22Z" user="morago" uid="11113946" lat="34.9983686" lon="126.8338108"/>
 <node id="12096598219" visible="true" version="1" changeset="154920955" timestamp="2024-08-07T07:08:22Z" user="morago" uid="11113946" lat="34.9980994" lon="126.8336606"/>
 <node id="12096598220" visible="true" version="1" changeset="154920955" timestamp="2024-08-07T07:08:22Z" user="morago" uid="11113946" lat="34.9975941" lon="126.8334165"/>
 <node id="12096598221" visible="true" version="1" changeset="154920955" timestamp="2024-08-07T07:08:22Z" user="morago" uid="11113946" lat="34.9974677" lon="126.8332864"/>
 <node id="12096598222" visible="true" version="1" changeset="154920955" timestamp="2024-08-07T07:08:22Z" user="morago" uid="11113946" lat="34.9973513" lon="126.8331362"/>
 <node id="12096598223" visible="true" version="1" changeset="154920955" timestamp="2024-08-07T07:08:22Z" user="morago" uid="11113946" lat="34.9973106" lon="126.8329833"/>
 <node id="12096598224" visible="true" version="1" changeset="154920955" timestamp="2024-08-07T07:08:22Z" user="morago" uid="11113946" lat="34.9972898" lon="126.8327634"/>
 <node id="12096598225" visible="true" version="1" changeset="154920955" timestamp="2024-08-07T07:08:22Z" user="morago" uid="11113946" lat="34.9973073" lon="126.8325247"/>
 <node id="12096598226" visible="true" version="1" changeset="154920955" timestamp="2024-08-07T07:08:22Z" user="morago" uid="11113946" lat="35.0068600" lon="126.8322268"/>
 <node id="12096598251" visible="true" version="1" changeset="154920955" timestamp="2024-08-07T07:08:22Z" user="morago" uid="11113946" lat="35.0018786" lon="126.8218877"/>
 <node id="12096598252" visible="true" version="1" changeset="154920955" timestamp="2024-08-07T07:08:22Z" user="morago" uid="11113946" lat="35.0012391" lon="126.8240529"/>
 <node id="12096598253" visible="true" version="1" changeset="154920955" timestamp="2024-08-07T07:08:22Z" user="morago" uid="11113946" lat="34.9994880" lon="126.8256006"/>
 <node id="12096598254" visible="true" version="1" changeset="154920955" timestamp="2024-08-07T07:08:22Z" user="morago" uid="11113946" lat="34.9995232" lon="126.8257213"/>
 <node id="12096598255" visible="true" version="1" changeset="154920955" timestamp="2024-08-07T07:08:22Z" user="morago" uid="11113946" lat="34.9997012" lon="126.8259948"/>
 <node id="12096598256" visible="true" version="1" changeset="154920955" timestamp="2024-08-07T07:08:22Z" user="morago" uid="11113946" lat="34.9998396" lon="126.8262175"/>
 <node id="12096598257" visible="true" version="1" changeset="154920955" timestamp="2024-08-07T07:08:22Z" user="morago" uid="11113946" lat="35.0034824" lon="126.8303320"/>
 <node id="12096598258" visible="true" version="1" changeset="154920955" timestamp="2024-08-07T07:08:22Z" user="morago" uid="11113946" lat="35.0035373" lon="126.8303534"/>
 <node id="12096598259" visible="true" version="1" changeset="154920955" timestamp="2024-08-07T07:08:22Z" user="morago" uid="11113946" lat="35.0037306" lon="126.8303856"/>
 <node id="12096598260" visible="true" version="1" changeset="154920955" timestamp="2024-08-07T07:08:22Z" user="morago" uid="11113946" lat="35.0037833" lon="126.8304473"/>
 <node id="12096598261" visible="true" version="1" changeset="154920955" timestamp="2024-08-07T07:08:22Z" user="morago" uid="11113946" lat="35.0039240" lon="126.8305680"/>
 <node id="12096598262" visible="true" version="1" changeset="154920955" timestamp="2024-08-07T07:08:22Z" user="morago" uid="11113946" lat="35.0040470" lon="126.8306592"/>
 <node id="12096598263" visible="true" version="1" changeset="154920955" timestamp="2024-08-07T07:08:22Z" user="morago" uid="11113946" lat="35.0042799" lon="126.8308201"/>
 <node id="12096598264" visible="true" version="1" changeset="154920955" timestamp="2024-08-07T07:08:22Z" user="morago" uid="11113946" lat="35.0044007" lon="126.8309328"/>
 <node id="12096598265" visible="true" version="1" changeset="154920955" timestamp="2024-08-07T07:08:22Z" user="morago" uid="11113946" lat="35.0045919" lon="126.8309677"/>
 <node id="12096598266" visible="true" version="1" changeset="154920955" timestamp="2024-08-07T07:08:22Z" user="morago" uid="11113946" lat="35.0049236" lon="126.8310025"/>
 <node id="12096598267" visible="true" version="1" changeset="154920955" timestamp="2024-08-07T07:08:22Z" user="morago" uid="11113946" lat="35.0051850" lon="126.8310562"/>
 <node id="12096598268" visible="true" version="1" changeset="154920955" timestamp="2024-08-07T07:08:22Z" user="morago" uid="11113946" lat="35.0053147" lon="126.8311715"/>
 <node id="12096598269" visible="true" version="1" changeset="154920955" timestamp="2024-08-07T07:08:22Z" user="morago" uid="11113946" lat="35.0054553" lon="126.8312412"/>
 <node id="12096598270" visible="true" version="1" changeset="154920955" timestamp="2024-08-07T07:08:22Z" user="morago" uid="11113946" lat="35.0056662" lon="126.8313003"/>
 <node id="12096598271" visible="true" version="1" changeset="154920955" timestamp="2024-08-07T07:08:22Z" user="morago" uid="11113946" lat="35.0057453" lon="126.8312949"/>
 <node id="12096598272" visible="true" version="1" changeset="154920955" timestamp="2024-08-07T07:08:22Z" user="morago" uid="11113946" lat="35.0059782" lon="126.8312815"/>
 <node id="12096598273" visible="true" version="1" changeset="154920955" timestamp="2024-08-07T07:08:22Z" user="morago" uid="11113946" lat="35.0060397" lon="126.8312922"/>
 <node id="12096598274" visible="true" version="1" changeset="154920955" timestamp="2024-08-07T07:08:22Z" user="morago" uid="11113946" lat="35.0061649" lon="126.8314317"/>
 <node id="12096598275" visible="true" version="1" changeset="154920955" timestamp="2024-08-07T07:08:22Z" user="morago" uid="11113946" lat="35.0064066" lon="126.8318474"/>
 <node id="12096598276" visible="true" version="1" changeset="154920955" timestamp="2024-08-07T07:08:22Z" user="morago" uid="11113946" lat="35.0064944" lon="126.8319735"/>
 <node id="12096598277" visible="true" version="1" changeset="154920955" timestamp="2024-08-07T07:08:22Z" user="morago" uid="11113946" lat="35.0066570" lon="126.8320808"/>
 <node id="12096598278" visible="true" version="1" changeset="154920955" timestamp="2024-08-07T07:08:22Z" user="morago" uid="11113946" lat="35.0066526" lon="126.8321773"/>
 <node id="12096598279" visible="true" version="1" changeset="154920955" timestamp="2024-08-07T07:08:22Z" user="morago" uid="11113946" lat="35.0066856" lon="126.8322203"/>
 <node id="12096598280" visible="true" version="1" changeset="154920955" timestamp="2024-08-07T07:08:22Z" user="morago" uid="11113946" lat="35.0068218" lon="126.8322229"/>
 <node id="12096598281" visible="true" version="1" changeset="154920955" timestamp="2024-08-07T07:08:22Z" user="morago" uid="11113946" lat="35.0070063" lon="126.8322417"/>
 <node id="12096598282" visible="true" version="1" changeset="154920955" timestamp="2024-08-07T07:08:22Z" user="morago" uid="11113946" lat="35.0072766" lon="126.8322203"/>
 <node id="12096598283" visible="true" version="1" changeset="154920955" timestamp="2024-08-07T07:08:22Z" user="morago" uid="11113946" lat="35.0073293" lon="126.8322927"/>
 <node id="12096598284" visible="true" version="1" changeset="154920955" timestamp="2024-08-07T07:08:22Z" user="morago" uid="11113946" lat="35.0074479" lon="126.8323463"/>
 <node id="12096598285" visible="true" version="1" changeset="154920955" timestamp="2024-08-07T07:08:22Z" user="morago" uid="11113946" lat="35.0075226" lon="126.8324456"/>
 <node id="12096598286" visible="true" version="1" changeset="154920955" timestamp="2024-08-07T07:08:22Z" user="morago" uid="11113946" lat="35.0077269" lon="126.8324804"/>
 <node id="12096598287" visible="true" version="1" changeset="154920955" timestamp="2024-08-07T07:08:22Z" user="morago" uid="11113946" lat="35.0077819" lon="126.8325233"/>
 <node id="12096598288" visible="true" version="1" changeset="154920955" timestamp="2024-08-07T07:08:22Z" user="morago" uid="11113946" lat="35.0078851" lon="126.8326628"/>
 <node id="12096598289" visible="true" version="1" changeset="154920955" timestamp="2024-08-07T07:08:22Z" user="morago" uid="11113946" lat="35.0079906" lon="126.8326816"/>
 <node id="12096598290" visible="true" version="1" changeset="154920955" timestamp="2024-08-07T07:08:22Z" user="morago" uid="11113946" lat="35.0081004" lon="126.8326682"/>
 <node id="12096598291" visible="true" version="1" changeset="154920955" timestamp="2024-08-07T07:08:22Z" user="morago" uid="11113946" lat="35.0082344" lon="126.8326950"/>
 <node id="12096598292" visible="true" version="1" changeset="154920955" timestamp="2024-08-07T07:08:22Z" user="morago" uid="11113946" lat="35.0083267" lon="126.8326816"/>
 <node id="12096598293" visible="true" version="1" changeset="154920955" timestamp="2024-08-07T07:08:22Z" user="morago" uid="11113946" lat="35.0083992" lon="126.8327245"/>
 <node id="12096598294" visible="true" version="1" changeset="154920955" timestamp="2024-08-07T07:08:22Z" user="morago" uid="11113946" lat="35.0085815" lon="126.8327326"/>
 <node id="12096598295" visible="true" version="1" changeset="154920955" timestamp="2024-08-07T07:08:22Z" user="morago" uid="11113946" lat="35.0087573" lon="126.8327513"/>
 <node id="12096598296" visible="true" version="1" changeset="154920955" timestamp="2024-08-07T07:08:22Z" user="morago" uid="11113946" lat="35.0089221" lon="126.8327379"/>
 <node id="12096598297" visible="true" version="1" changeset="154920955" timestamp="2024-08-07T07:08:22Z" user="morago" uid="11113946" lat="35.0091505" lon="126.8326092"/>
 <node id="12096598298" visible="true" version="1" changeset="154920955" timestamp="2024-08-07T07:08:22Z" user="morago" uid="11113946" lat="35.0093658" lon="126.8324321"/>
 <node id="12096598299" visible="true" version="1" changeset="154920955" timestamp="2024-08-07T07:08:22Z" user="morago" uid="11113946" lat="35.0095064" lon="126.8324053"/>
 <node id="12096598300" visible="true" version="1" changeset="154920955" timestamp="2024-08-07T07:08:22Z" user="morago" uid="11113946" lat="35.0095943" lon="126.8322819"/>
 <node id="12096598301" visible="true" version="1" changeset="154920955" timestamp="2024-08-07T07:08:22Z" user="morago" uid="11113946" lat="35.0098975" lon="126.8322980"/>
 <node id="12096598302" visible="true" version="1" changeset="154920955" timestamp="2024-08-07T07:08:22Z" user="morago" uid="11113946" lat="35.0099722" lon="126.8323356"/>
 <node id="12096598303" visible="true" version="1" changeset="154920955" timestamp="2024-08-07T07:08:22Z" user="morago" uid="11113946" lat="35.0099853" lon="126.8325180"/>
 <node id="12096598304" visible="true" version="1" changeset="154920955" timestamp="2024-08-07T07:08:22Z" user="morago" uid="11113946" lat="35.0100644" lon="126.8327647"/>
 <node id="12096598305" visible="true" version="1" changeset="154920955" timestamp="2024-08-07T07:08:22Z" user="morago" uid="11113946" lat="35.0101567" lon="126.8329096"/>
 <node id="12096598306" visible="true" version="1" changeset="154920955" timestamp="2024-08-07T07:08:22Z" user="morago" uid="11113946" lat="35.0103852" lon="126.8331939"/>
 <node id="12096598307" visible="true" version="1" changeset="154920955" timestamp="2024-08-07T07:08:22Z" user="morago" uid="11113946" lat="35.0105477" lon="126.8332797"/>
 <node id="12096598308" visible="true" version="1" changeset="154920955" timestamp="2024-08-07T07:08:22Z" user="morago" uid="11113946" lat="35.0108114" lon="126.8333870"/>
 <node id="12096598309" visible="true" version="1" changeset="154920955" timestamp="2024-08-07T07:08:22Z" user="morago" uid="11113946" lat="35.0111936" lon="126.8335640"/>
 <node id="12096598310" visible="true" version="1" changeset="154920955" timestamp="2024-08-07T07:08:22Z" user="morago" uid="11113946" lat="35.0114528" lon="126.8336391"/>
 <node id="12096598311" visible="true" version="1" changeset="154920955" timestamp="2024-08-07T07:08:22Z" user="morago" uid="11113946" lat="35.0116198" lon="126.8336552"/>
 <node id="12096598312" visible="true" version="1" changeset="154920955" timestamp="2024-08-07T07:08:22Z" user="morago" uid="11113946" lat="35.0117384" lon="126.8338001"/>
 <node id="12096598313" visible="true" version="1" changeset="154920955" timestamp="2024-08-07T07:08:22Z" user="morago" uid="11113946" lat="35.0118834" lon="126.8338698"/>
 <node id="12096598314" visible="true" version="1" changeset="154920955" timestamp="2024-08-07T07:08:22Z" user="morago" uid="11113946" lat="35.0119977" lon="126.8338859"/>
 <node id="12096598315" visible="true" version="1" changeset="154920955" timestamp="2024-08-07T07:08:22Z" user="morago" uid="11113946" lat="35.0121426" lon="126.8340307"/>
 <node id="12096598316" visible="true" version="1" changeset="154920955" timestamp="2024-08-07T07:08:22Z" user="morago" uid="11113946" lat="35.0122613" lon="126.8340951"/>
 <node id="12096598317" visible="true" version="1" changeset="154920955" timestamp="2024-08-07T07:08:22Z" user="morago" uid="11113946" lat="35.0124722" lon="126.8341863"/>
 <node id="12096598318" visible="true" version="1" changeset="154920955" timestamp="2024-08-07T07:08:22Z" user="morago" uid="11113946" lat="35.0128105" lon="126.8342668"/>
 <node id="12096598319" visible="true" version="1" changeset="154920955" timestamp="2024-08-07T07:08:22Z" user="morago" uid="11113946" lat="35.0129335" lon="126.8343419"/>
 <node id="12096598320" visible="true" version="1" changeset="154920955" timestamp="2024-08-07T07:08:22Z" user="morago" uid="11113946" lat="35.0130389" lon="126.8344223"/>
 <node id="12096598393" visible="true" version="1" changeset="154920955" timestamp="2024-08-07T07:08:22Z" user="morago" uid="11113946" lat="35.0188163" lon="126.8417287"/>
 <node id="12096598408" visible="true" version="1" changeset="154920955" timestamp="2024-08-07T07:08:22Z" user="morago" uid="11113946" lat="35.0152523" lon="126.8333914"/>
 <node id="12096598447" visible="true" version="1" changeset="154920955" timestamp="2024-08-07T07:08:22Z" user="morago" uid="11113946" lat="35.0144912" lon="126.8245136"/>
 <node id="12096598825" visible="true" version="1" changeset="154920955" timestamp="2024-08-07T07:08:24Z" user="morago" uid="11113946" lat="35.0132553" lon="126.8343969"/>
 <node id="12096598826" visible="true" version="1" changeset="154920955" timestamp="2024-08-07T07:08:24Z" user="morago" uid="11113946" lat="35.0133201" lon="126.8343325"/>
 <node id="12096598827" visible="true" version="1" changeset="154920955" timestamp="2024-08-07T07:08:24Z" user="morago" uid="11113946" lat="35.0133860" lon="126.8342949"/>
 <node id="12096598828" visible="true" version="1" changeset="154920955" timestamp="2024-08-07T07:08:24Z" user="morago" uid="11113946" lat="35.0135222" lon="126.8343137"/>
 <node id="12096598829" visible="true" version="1" changeset="154920955" timestamp="2024-08-07T07:08:24Z" user="morago" uid="11113946" lat="35.0136991" lon="126.8343714"/>
 <node id="12096598830" visible="true" version="1" changeset="154920955" timestamp="2024-08-07T07:08:24Z" user="morago" uid="11113946" lat="35.0137924" lon="126.8343566"/>
 <node id="12096598831" visible="true" version="1" changeset="154920955" timestamp="2024-08-07T07:08:24Z" user="morago" uid="11113946" lat="35.0139023" lon="126.8343177"/>
 <node id="12096598832" visible="true" version="1" changeset="154920955" timestamp="2024-08-07T07:08:24Z" user="morago" uid="11113946" lat="35.0139967" lon="126.8343016"/>
 <node id="12096598833" visible="true" version="1" changeset="154920955" timestamp="2024-08-07T07:08:24Z" user="morago" uid="11113946" lat="35.0140978" lon="126.8343392"/>
 <node id="12096598834" visible="true" version="1" changeset="154920955" timestamp="2024-08-07T07:08:24Z" user="morago" uid="11113946" lat="35.0141911" lon="126.8343352"/>
 <node id="12096598835" visible="true" version="1" changeset="154920955" timestamp="2024-08-07T07:08:24Z" user="morago" uid="11113946" lat="35.0143592" lon="126.8342721"/>
 <node id="12096598836" visible="true" version="1" changeset="154920955" timestamp="2024-08-07T07:08:24Z" user="morago" uid="11113946" lat="35.0144416" lon="126.8342198"/>
 <node id="12096598837" visible="true" version="1" changeset="154920955" timestamp="2024-08-07T07:08:24Z" user="morago" uid="11113946" lat="35.0146843" lon="126.8340750"/>
 <node id="12096598838" visible="true" version="1" changeset="154920955" timestamp="2024-08-07T07:08:24Z" user="morago" uid="11113946" lat="35.0147656" lon="126.8339838"/>
 <node id="12096598839" visible="true" version="1" changeset="154920955" timestamp="2024-08-07T07:08:24Z" user="morago" uid="11113946" lat="35.0148798" lon="126.8338685"/>
 <node id="12096598840" visible="true" version="1" changeset="154920955" timestamp="2024-08-07T07:08:24Z" user="morago" uid="11113946" lat="35.0149973" lon="126.8337169"/>
 <node id="12096598841" visible="true" version="1" changeset="154920955" timestamp="2024-08-07T07:08:24Z" user="morago" uid="11113946" lat="35.0150852" lon="126.8335694"/>
 <node id="12096598842" visible="true" version="1" changeset="154920955" timestamp="2024-08-07T07:08:24Z" user="morago" uid="11113946" lat="35.0152115" lon="126.8334970"/>
 <node id="12096598843" visible="true" version="1" changeset="154920955" timestamp="2024-08-07T07:08:24Z" user="morago" uid="11113946" lat="35.0152412" lon="126.8334487"/>
 <node id="12096598844" visible="true" version="1" changeset="154920955" timestamp="2024-08-07T07:08:24Z" user="morago" uid="11113946" lat="35.0152610" lon="126.8333468"/>
 <node id="12096598845" visible="true" version="1" changeset="154920955" timestamp="2024-08-07T07:08:24Z" user="morago" uid="11113946" lat="35.0153214" lon="126.8331926"/>
 <node id="12096598846" visible="true" version="1" changeset="154920955" timestamp="2024-08-07T07:08:24Z" user="morago" uid="11113946" lat="35.0153675" lon="126.8330826"/>
 <node id="12096598847" visible="true" version="1" changeset="154920955" timestamp="2024-08-07T07:08:24Z" user="morago" uid="11113946" lat="35.0155191" lon="126.8329458"/>
 <node id="12096598848" visible="true" version="1" changeset="154920955" timestamp="2024-08-07T07:08:24Z" user="morago" uid="11113946" lat="35.0156190" lon="126.8329498"/>
 <node id="12096598849" visible="true" version="1" changeset="154920955" timestamp="2024-08-07T07:08:24Z" user="morago" uid="11113946" lat="35.0157651" lon="126.8329257"/>
 <node id="12096598850" visible="true" version="1" changeset="154920955" timestamp="2024-08-07T07:08:24Z" user="morago" uid="11113946" lat="35.0158683" lon="126.8329230"/>
 <node id="12096598851" visible="true" version="1" changeset="154920955" timestamp="2024-08-07T07:08:24Z" user="morago" uid="11113946" lat="35.0160320" lon="126.8329605"/>
 <node id="12096598852" visible="true" version="1" changeset="154920955" timestamp="2024-08-07T07:08:24Z" user="morago" uid="11113946" lat="35.0160935" lon="126.8329552"/>
 <node id="12096598853" visible="true" version="1" changeset="154920955" timestamp="2024-08-07T07:08:24Z" user="morago" uid="11113946" lat="35.0161715" lon="126.8329176"/>
 <node id="12096598854" visible="true" version="1" changeset="154920955" timestamp="2024-08-07T07:08:24Z" user="morago" uid="11113946" lat="35.0163253" lon="126.8328828"/>
 <node id="12096598855" visible="true" version="1" changeset="154920955" timestamp="2024-08-07T07:08:24Z" user="morago" uid="11113946" lat="35.0165636" lon="126.8328559"/>
 <node id="12096598856" visible="true" version="1" changeset="154920955" timestamp="2024-08-07T07:08:24Z" user="morago" uid="11113946" lat="35.0166976" lon="126.8328667"/>
 <node id="12096598857" visible="true" version="1" changeset="154920955" timestamp="2024-08-07T07:08:24Z" user="morago" uid="11113946" lat="35.0167745" lon="126.8328787"/>
 <node id="12096598858" visible="true" version="1" changeset="154920955" timestamp="2024-08-07T07:08:24Z" user="morago" uid="11113946" lat="35.0169348" lon="126.8330048"/>
 <node id="12096598859" visible="true" version="1" changeset="154920955" timestamp="2024-08-07T07:08:24Z" user="morago" uid="11113946" lat="35.0170029" lon="126.8330504"/>
 <node id="12096598860" visible="true" version="1" changeset="154920955" timestamp="2024-08-07T07:08:24Z" user="morago" uid="11113946" lat="35.0170776" lon="126.8330571"/>
 <node id="12096598861" visible="true" version="1" changeset="154920955" timestamp="2024-08-07T07:08:24Z" user="morago" uid="11113946" lat="35.0172435" lon="126.8330491"/>
 <node id="12096598862" visible="true" version="1" changeset="154920955" timestamp="2024-08-07T07:08:24Z" user="morago" uid="11113946" lat="35.0173445" lon="126.8330169"/>
 <node id="12096598863" visible="true" version="1" changeset="154920955" timestamp="2024-08-07T07:08:24Z" user="morago" uid="11113946" lat="35.0175257" lon="126.8329780"/>
 <node id="12096598864" visible="true" version="1" changeset="154920955" timestamp="2024-08-07T07:08:24Z" user="morago" uid="11113946" lat="35.0176378" lon="126.8329941"/>
 <node id="12096598865" visible="true" version="1" changeset="154920955" timestamp="2024-08-07T07:08:24Z" user="morago" uid="11113946" lat="35.0177707" lon="126.8330625"/>
 <node id="12096598866" visible="true" version="1" changeset="154920955" timestamp="2024-08-07T07:08:24Z" user="morago" uid="11113946" lat="35.0178443" lon="126.8331416"/>
 <node id="12096598867" visible="true" version="1" changeset="154920955" timestamp="2024-08-07T07:08:24Z" user="morago" uid="11113946" lat="35.0179025" lon="126.8331456"/>
 <node id="12096598868" visible="true" version="1" changeset="154920955" timestamp="2024-08-07T07:08:24Z" user="morago" uid="11113946" lat="35.0180255" lon="126.8331724"/>
 <node id="12096598869" visible="true" version="1" changeset="154920955" timestamp="2024-08-07T07:08:24Z" user="morago" uid="11113946" lat="35.0181386" lon="126.8332100"/>
 <node id="12096598870" visible="true" version="1" changeset="154920955" timestamp="2024-08-07T07:08:24Z" user="morago" uid="11113946" lat="35.0182781" lon="126.8332154"/>
 <node id="12096598871" visible="true" version="1" changeset="154920955" timestamp="2024-08-07T07:08:24Z" user="morago" uid="11113946" lat="35.0183934" lon="126.8332113"/>
 <node id="12096598872" visible="true" version="1" changeset="154920955" timestamp="2024-08-07T07:08:24Z" user="morago" uid="11113946" lat="35.0185494" lon="126.8331778"/>
 <node id="12096598873" visible="true" version="1" changeset="154920955" timestamp="2024-08-07T07:08:24Z" user="morago" uid="11113946" lat="35.0186285" lon="126.8331563"/>
 <node id="12096598874" visible="true" version="1" changeset="154920955" timestamp="2024-08-07T07:08:24Z" user="morago" uid="11113946" lat="35.0188218" lon="126.8330638"/>
 <node id="12096598875" visible="true" version="1" changeset="154920955" timestamp="2024-08-07T07:08:24Z" user="morago" uid="11113946" lat="35.0188921" lon="126.8329914"/>
 <node id="12096598876" visible="true" version="1" changeset="154920955" timestamp="2024-08-07T07:08:24Z" user="morago" uid="11113946" lat="35.0189580" lon="126.8330021"/>
 <node id="12096598877" visible="true" version="1" changeset="154920955" timestamp="2024-08-07T07:08:24Z" user="morago" uid="11113946" lat="35.0191062" lon="126.8330236"/>
 <node id="12096598878" visible="true" version="1" changeset="154920955" timestamp="2024-08-07T07:08:24Z" user="morago" uid="11113946" lat="35.0191699" lon="126.8330464"/>
 <node id="12096598879" visible="true" version="1" changeset="154920955" timestamp="2024-08-07T07:08:24Z" user="morago" uid="11113946" lat="35.0192765" lon="126.8331322"/>
 <node id="12096598880" visible="true" version="1" changeset="154920955" timestamp="2024-08-07T07:08:24Z" user="morago" uid="11113946" lat="35.0194852" lon="126.8332583"/>
 <node id="12096598881" visible="true" version="1" changeset="154920955" timestamp="2024-08-07T07:08:24Z" user="morago" uid="11113946" lat="35.0195675" lon="126.8333186"/>
 <node id="12096598882" visible="true" version="1" changeset="154920955" timestamp="2024-08-07T07:08:24Z" user="morago" uid="11113946" lat="35.0197356" lon="126.8334366"/>
 <node id="12096598883" visible="true" version="1" changeset="154920955" timestamp="2024-08-07T07:08:24Z" user="morago" uid="11113946" lat="35.0198421" lon="126.8334889"/>
 <node id="12096598884" visible="true" version="1" changeset="154920955" timestamp="2024-08-07T07:08:24Z" user="morago" uid="11113946" lat="35.0199629" lon="126.8336029"/>
 <node id="12096598885" visible="true" version="1" changeset="154920955" timestamp="2024-08-07T07:08:24Z" user="morago" uid="11113946" lat="35.0200211" lon="126.8337344"/>
 <node id="12096598886" visible="true" version="1" changeset="154920955" timestamp="2024-08-07T07:08:24Z" user="morago" uid="11113946" lat="35.0201057" lon="126.8338712"/>
 <node id="12096598887" visible="true" version="1" changeset="154920955" timestamp="2024-08-07T07:08:24Z" user="morago" uid="11113946" lat="35.0201661" lon="126.8339463"/>
 <node id="12096598888" visible="true" version="1" changeset="154920955" timestamp="2024-08-07T07:08:24Z" user="morago" uid="11113946" lat="35.0202496" lon="126.8340173"/>
 <node id="12096598889" visible="true" version="1" changeset="154920955" timestamp="2024-08-07T07:08:24Z" user="morago" uid="11113946" lat="35.0205132" lon="126.8342306"/>
 <node id="12096598890" visible="true" version="1" changeset="154920955" timestamp="2024-08-07T07:08:24Z" user="morago" uid="11113946" lat="35.0205450" lon="126.8343566"/>
 <node id="12096598891" visible="true" version="1" changeset="154920955" timestamp="2024-08-07T07:08:24Z" user="morago" uid="11113946" lat="35.0205824" lon="126.8343902"/>
 <node id="12096598892" visible="true" version="1" changeset="154920955" timestamp="2024-08-07T07:08:24Z" user="morago" uid="11113946" lat="35.0206450" lon="126.8344599"/>
 <node id="12096598893" visible="true" version="1" changeset="154920955" timestamp="2024-08-07T07:08:24Z" user="morago" uid="11113946" lat="35.0207295" lon="126.8345618"/>
 <node id="12096598894" visible="true" version="1" changeset="154920955" timestamp="2024-08-07T07:08:24Z" user="morago" uid="11113946" lat="35.0207559" lon="126.8346570"/>
 <node id="12096598895" visible="true" version="1" changeset="154920955" timestamp="2024-08-07T07:08:24Z" user="morago" uid="11113946" lat="35.0207350" lon="126.8347496"/>
 <node id="12096598896" visible="true" version="1" changeset="154920955" timestamp="2024-08-07T07:08:24Z" user="morago" uid="11113946" lat="35.0207625" lon="126.8348341"/>
 <node id="12096598897" visible="true" version="1" changeset="154920955" timestamp="2024-08-07T07:08:24Z" user="morago" uid="11113946" lat="35.0208097" lon="126.8349159"/>
 <node id="12096598898" visible="true" version="1" changeset="154920955" timestamp="2024-08-07T07:08:24Z" user="morago" uid="11113946" lat="35.0208789" lon="126.8350178"/>
 <node id="12096598899" visible="true" version="1" changeset="154920955" timestamp="2024-08-07T07:08:24Z" user="morago" uid="11113946" lat="35.0209920" lon="126.8351707"/>
 <node id="12096598900" visible="true" version="1" changeset="154920955" timestamp="2024-08-07T07:08:24Z" user="morago" uid="11113946" lat="35.0210305" lon="126.8352713"/>
 <node id="12096598901" visible="true" version="1" changeset="154920955" timestamp="2024-08-07T07:08:24Z" user="morago" uid="11113946" lat="35.0210909" lon="126.8354134"/>
 <node id="12096598902" visible="true" version="1" changeset="154920955" timestamp="2024-08-07T07:08:24Z" user="morago" uid="11113946" lat="35.0211820" lon="126.8355569"/>
 <node id="12096598903" visible="true" version="1" changeset="154920955" timestamp="2024-08-07T07:08:24Z" user="morago" uid="11113946" lat="35.0212831" lon="126.8357742"/>
 <node id="12096598904" visible="true" version="1" changeset="154920955" timestamp="2024-08-07T07:08:24Z" user="morago" uid="11113946" lat="35.0214039" lon="126.8358922"/>
 <node id="12096598905" visible="true" version="1" changeset="154920955" timestamp="2024-08-07T07:08:24Z" user="morago" uid="11113946" lat="35.0215313" lon="126.8359244"/>
 <node id="12096598906" visible="true" version="1" changeset="154920955" timestamp="2024-08-07T07:08:24Z" user="morago" uid="11113946" lat="35.0216235" lon="126.8359217"/>
 <node id="12096598907" visible="true" version="1" changeset="154920955" timestamp="2024-08-07T07:08:24Z" user="morago" uid="11113946" lat="35.0217993" lon="126.8358761"/>
 <node id="12096598908" visible="true" version="1" changeset="154920955" timestamp="2024-08-07T07:08:24Z" user="morago" uid="11113946" lat="35.0219530" lon="126.8358788"/>
 <node id="12096598909" visible="true" version="1" changeset="154920955" timestamp="2024-08-07T07:08:24Z" user="morago" uid="11113946" lat="35.0220650" lon="126.8359002"/>
 <node id="12096598910" visible="true" version="1" changeset="154920955" timestamp="2024-08-07T07:08:24Z" user="morago" uid="11113946" lat="35.0222517" lon="126.8359190"/>
 <node id="12096598911" visible="true" version="1" changeset="154920955" timestamp="2024-08-07T07:08:24Z" user="morago" uid="11113946" lat="35.0223747" lon="126.8359539"/>
 <node id="12096598912" visible="true" version="1" changeset="154920955" timestamp="2024-08-07T07:08:24Z" user="morago" uid="11113946" lat="35.0225768" lon="126.8360504"/>
 <node id="12096598913" visible="true" version="1" changeset="154920955" timestamp="2024-08-07T07:08:24Z" user="morago" uid="11113946" lat="35.0228075" lon="126.8361095"/>
 <node id="12096598914" visible="true" version="1" changeset="154920955" timestamp="2024-08-07T07:08:24Z" user="morago" uid="11113946" lat="35.0230183" lon="126.8361738"/>
 <node id="12096598915" visible="true" version="1" changeset="154920955" timestamp="2024-08-07T07:08:24Z" user="morago" uid="11113946" lat="35.0232358" lon="126.8362355"/>
 <node id="12096598916" visible="true" version="1" changeset="154920955" timestamp="2024-08-07T07:08:24Z" user="morago" uid="11113946" lat="35.0234225" lon="126.8363535"/>
 <node id="12096598917" visible="true" version="1" changeset="154920955" timestamp="2024-08-07T07:08:24Z" user="morago" uid="11113946" lat="35.0235543" lon="126.8364608"/>
 <node id="12096598918" visible="true" version="1" changeset="154920955" timestamp="2024-08-07T07:08:24Z" user="morago" uid="11113946" lat="35.0236597" lon="126.8365547"/>
 <node id="12096598919" visible="true" version="1" changeset="154920955" timestamp="2024-08-07T07:08:24Z" user="morago" uid="11113946" lat="35.0237871" lon="126.8366325"/>
 <node id="12096598920" visible="true" version="1" changeset="154920955" timestamp="2024-08-07T07:08:24Z" user="morago" uid="11113946" lat="35.0238881" lon="126.8366754"/>
 <node id="12096598921" visible="true" version="1" changeset="154920955" timestamp="2024-08-07T07:08:24Z" user="morago" uid="11113946" lat="35.0240902" lon="126.8367586"/>
 <node id="12096598922" visible="true" version="1" changeset="154920955" timestamp="2024-08-07T07:08:24Z" user="morago" uid="11113946" lat="35.0241847" lon="126.8368202"/>
 <node id="12096598923" visible="true" version="1" changeset="154920955" timestamp="2024-08-07T07:08:24Z" user="morago" uid="11113946" lat="35.0244592" lon="126.8370026"/>
 <node id="12096598924" visible="true" version="1" changeset="154920955" timestamp="2024-08-07T07:08:24Z" user="morago" uid="11113946" lat="35.0245427" lon="126.8370751"/>
 <node id="12096598925" visible="true" version="1" changeset="154920955" timestamp="2024-08-07T07:08:24Z" user="morago" uid="11113946" lat="35.0247580" lon="126.8371716"/>
 <node id="12096598926" visible="true" version="1" changeset="154920955" timestamp="2024-08-07T07:08:24Z" user="morago" uid="11113946" lat="35.0248590" lon="126.8371850"/>
 <node id="12096598928" visible="true" version="1" changeset="154920955" timestamp="2024-08-07T07:08:24Z" user="morago" uid="11113946" lat="35.0250084" lon="126.8372548"/>
 <node id="12096598929" visible="true" version="1" changeset="154920955" timestamp="2024-08-07T07:08:24Z" user="morago" uid="11113946" lat="35.0252082" lon="126.8374774"/>
 <node id="12096598930" visible="true" version="1" changeset="154920955" timestamp="2024-08-07T07:08:24Z" user="morago" uid="11113946" lat="35.0253268" lon="126.8376383"/>
 <node id="12096598931" visible="true" version="1" changeset="154920955" timestamp="2024-08-07T07:08:24Z" user="morago" uid="11113946" lat="35.0253708" lon="126.8376678"/>
 <node id="12096598932" visible="true" version="1" changeset="154920955" timestamp="2024-08-07T07:08:24Z" user="morago" uid="11113946" lat="35.0254345" lon="126.8376249"/>
 <node id="12096598933" visible="true" version="1" changeset="154920955" timestamp="2024-08-07T07:08:24Z" user="morago" uid="11113946" lat="35.0255333" lon="126.8376356"/>
 <node id="12096598934" visible="true" version="1" changeset="154920955" timestamp="2024-08-07T07:08:24Z" user="morago" uid="11113946" lat="35.0256607" lon="126.8376061"/>
 <node id="12096598935" visible="true" version="1" changeset="154920955" timestamp="2024-08-07T07:08:24Z" user="morago" uid="11113946" lat="35.0258298" lon="126.8375391"/>
 <node id="12096598936" visible="true" version="1" changeset="154920955" timestamp="2024-08-07T07:08:24Z" user="morago" uid="11113946" lat="35.0259814" lon="126.8374586"/>
 <node id="12096598937" visible="true" version="1" changeset="154920955" timestamp="2024-08-07T07:08:24Z" user="morago" uid="11113946" lat="35.0261483" lon="126.8374211"/>
 <node id="12096598938" visible="true" version="1" changeset="154920955" timestamp="2024-08-07T07:08:24Z" user="morago" uid="11113946" lat="35.0264360" lon="126.8374184"/>
 <node id="12096598939" visible="true" version="1" changeset="154920955" timestamp="2024-08-07T07:08:24Z" user="morago" uid="11113946" lat="35.0265568" lon="126.8374720"/>
 <node id="12096598940" visible="true" version="1" changeset="154920955" timestamp="2024-08-07T07:08:24Z" user="morago" uid="11113946" lat="35.0267106" lon="126.8374157"/>
 <node id="12096598941" visible="true" version="1" changeset="154920955" timestamp="2024-08-07T07:08:24Z" user="morago" uid="11113946" lat="35.0268292" lon="126.8373996"/>
 <node id="12096598942" visible="true" version="1" changeset="154920955" timestamp="2024-08-07T07:08:24Z" user="morago" uid="11113946" lat="35.0269390" lon="126.8374372"/>
 <node id="12096598943" visible="true" version="1" changeset="154920955" timestamp="2024-08-07T07:08:24Z" user="morago" uid="11113946" lat="35.0270686" lon="126.8374023"/>
 <node id="12096598944" visible="true" version="1" changeset="154920955" timestamp="2024-08-07T07:08:24Z" user="morago" uid="11113946" lat="35.0271653" lon="126.8374854"/>
 <node id="12096598945" visible="true" version="1" changeset="154920955" timestamp="2024-08-07T07:08:24Z" user="morago" uid="11113946" lat="35.0273508" lon="126.8375981"/>
 <node id="12096598946" visible="true" version="1" changeset="154920955" timestamp="2024-08-07T07:08:24Z" user="morago" uid="11113946" lat="35.0274299" lon="126.8377402"/>
 <node id="12096598947" visible="true" version="1" changeset="154920955" timestamp="2024-08-07T07:08:24Z" user="morago" uid="11113946" lat="35.0274804" lon="126.8377496"/>
 <node id="12096598948" visible="true" version="1" changeset="154920955" timestamp="2024-08-07T07:08:24Z" user="morago" uid="11113946" lat="35.0276276" lon="126.8377604"/>
 <node id="12096598949" visible="true" version="1" changeset="154920955" timestamp="2024-08-07T07:08:24Z" user="morago" uid="11113946" lat="35.0278406" lon="126.8377697"/>
 <node id="12096598950" visible="true" version="1" changeset="154920955" timestamp="2024-08-07T07:08:24Z" user="morago" uid="11113946" lat="35.0279977" lon="126.8378060"/>
 <node id="12096598951" visible="true" version="1" changeset="154920955" timestamp="2024-08-07T07:08:24Z" user="morago" uid="11113946" lat="35.0282645" lon="126.8378958"/>
 <node id="12096598952" visible="true" version="1" changeset="154920955" timestamp="2024-08-07T07:08:24Z" user="morago" uid="11113946" lat="35.0283096" lon="126.8379347"/>
 <node id="12096598953" visible="true" version="1" changeset="154920955" timestamp="2024-08-07T07:08:24Z" user="morago" uid="11113946" lat="35.0283590" lon="126.8379910"/>
 <node id="12096598954" visible="true" version="1" changeset="154920955" timestamp="2024-08-07T07:08:24Z" user="morago" uid="11113946" lat="35.0284216" lon="126.8380004"/>
 <node id="12096598955" visible="true" version="1" changeset="154920955" timestamp="2024-08-07T07:08:24Z" user="morago" uid="11113946" lat="35.0285709" lon="126.8380782"/>
 <node id="12096598956" visible="true" version="1" changeset="154920955" timestamp="2024-08-07T07:08:24Z" user="morago" uid="11113946" lat="35.0286566" lon="126.8381278"/>
 <node id="12096598957" visible="true" version="1" changeset="154920955" timestamp="2024-08-07T07:08:24Z" user="morago" uid="11113946" lat="35.0287445" lon="126.8381707"/>
 <node id="12096598958" visible="true" version="1" changeset="154920955" timestamp="2024-08-07T07:08:24Z" user="morago" uid="11113946" lat="35.0288784" lon="126.8382338"/>
 <node id="12096598959" visible="true" version="1" changeset="154920955" timestamp="2024-08-07T07:08:24Z" user="morago" uid="11113946" lat="35.0289762" lon="126.8383062"/>
 <node id="12096598960" visible="true" version="1" changeset="154920955" timestamp="2024-08-07T07:08:24Z" user="morago" uid="11113946" lat="35.0290443" lon="126.8383196"/>
 <node id="12096598961" visible="true" version="1" changeset="154920955" timestamp="2024-08-07T07:08:24Z" user="morago" uid="11113946" lat="35.0290717" lon="126.8383397"/>
 <node id="12096598962" visible="true" version="1" changeset="154920955" timestamp="2024-08-07T07:08:24Z" user="morago" uid="11113946" lat="35.0291585" lon="126.8384711"/>
 <node id="12096598963" visible="true" version="1" changeset="154920955" timestamp="2024-08-07T07:08:24Z" user="morago" uid="11113946" lat="35.0292046" lon="126.8385570"/>
 <node id="12096598964" visible="true" version="1" changeset="154920955" timestamp="2024-08-07T07:08:24Z" user="morago" uid="11113946" lat="35.0292551" lon="126.8387005"/>
 <node id="12096598965" visible="true" version="1" changeset="154920955" timestamp="2024-08-07T07:08:24Z" user="morago" uid="11113946" lat="35.0293155" lon="126.8387447"/>
 <node id="12096598966" visible="true" version="1" changeset="154920955" timestamp="2024-08-07T07:08:24Z" user="morago" uid="11113946" lat="35.0293452" lon="126.8387313"/>
 <node id="12096598967" visible="true" version="1" changeset="154920955" timestamp="2024-08-07T07:08:24Z" user="morago" uid="11113946" lat="35.0294407" lon="126.8386978"/>
 <node id="12096598968" visible="true" version="1" changeset="154920955" timestamp="2024-08-07T07:08:24Z" user="morago" uid="11113946" lat="35.0295066" lon="126.8387152"/>
 <node id="12096598969" visible="true" version="1" changeset="154920955" timestamp="2024-08-07T07:08:24Z" user="morago" uid="11113946" lat="35.0297119" lon="126.8387555"/>
 <node id="12096598970" visible="true" version="1" changeset="154920955" timestamp="2024-08-07T07:08:24Z" user="morago" uid="11113946" lat="35.0297954" lon="126.8387917"/>
 <node id="12096598971" visible="true" version="1" changeset="154920955" timestamp="2024-08-07T07:08:24Z" user="morago" uid="11113946" lat="35.0299261" lon="126.8388748"/>
 <node id="12096598972" visible="true" version="1" changeset="154920955" timestamp="2024-08-07T07:08:24Z" user="morago" uid="11113946" lat="35.0301271" lon="126.8390411"/>
 <node id="12096598973" visible="true" version="1" changeset="154920955" timestamp="2024-08-07T07:08:24Z" user="morago" uid="11113946" lat="35.0302654" lon="126.8390813"/>
 <node id="12096598974" visible="true" version="1" changeset="154920955" timestamp="2024-08-07T07:08:24Z" user="morago" uid="11113946" lat="35.0303675" lon="126.8391511"/>
 <node id="12096598975" visible="true" version="1" changeset="154920955" timestamp="2024-08-07T07:08:24Z" user="morago" uid="11113946" lat="35.0304543" lon="126.8391564"/>
 <node id="12096598976" visible="true" version="1" changeset="154920955" timestamp="2024-08-07T07:08:24Z" user="morago" uid="11113946" lat="35.0305004" lon="126.8391967"/>
 <node id="12096598977" visible="true" version="1" changeset="154920955" timestamp="2024-08-07T07:08:24Z" user="morago" uid="11113946" lat="35.0305597" lon="126.8392208"/>
 <node id="12096598978" visible="true" version="1" changeset="154920955" timestamp="2024-08-07T07:08:24Z" user="morago" uid="11113946" lat="35.0306157" lon="126.8392557"/>
 <node id="12096598979" visible="true" version="1" changeset="154920955" timestamp="2024-08-07T07:08:24Z" user="morago" uid="11113946" lat="35.0307530" lon="126.8393455"/>
 <node id="12096598980" visible="true" version="1" changeset="154920955" timestamp="2024-08-07T07:08:24Z" user="morago" uid="11113946" lat="35.0308156" lon="126.8393415"/>
 <node id="12096598981" visible="true" version="1" changeset="154920955" timestamp="2024-08-07T07:08:24Z" user="morago" uid="11113946" lat="35.0308881" lon="126.8393844"/>
 <node id="12096598982" visible="true" version="1" changeset="154920955" timestamp="2024-08-07T07:08:24Z" user="morago" uid="11113946" lat="35.0310144" lon="126.8394180"/>
 <node id="12096598983" visible="true" version="1" changeset="154920955" timestamp="2024-08-07T07:08:24Z" user="morago" uid="11113946" lat="35.0310616" lon="126.8394153"/>
 <node id="12096598984" visible="true" version="1" changeset="154920955" timestamp="2024-08-07T07:08:24Z" user="morago" uid="11113946" lat="35.0311330" lon="126.8393898"/>
 <node id="12096598985" visible="true" version="1" changeset="154920955" timestamp="2024-08-07T07:08:24Z" user="morago" uid="11113946" lat="35.0312087" lon="126.8393911"/>
 <node id="12096598986" visible="true" version="1" changeset="154920955" timestamp="2024-08-07T07:08:24Z" user="morago" uid="11113946" lat="35.0312746" lon="126.8393603"/>
 <node id="12096598987" visible="true" version="1" changeset="154920955" timestamp="2024-08-07T07:08:24Z" user="morago" uid="11113946" lat="35.0313405" lon="126.8393227"/>
 <node id="12096598988" visible="true" version="1" changeset="154920955" timestamp="2024-08-07T07:08:24Z" user="morago" uid="11113946" lat="35.0314306" lon="126.8392275"/>
 <node id="12096598989" visible="true" version="1" changeset="154920955" timestamp="2024-08-07T07:08:24Z" user="morago" uid="11113946" lat="35.0314767" lon="126.8391135"/>
 <node id="12096598990" visible="true" version="1" changeset="154920955" timestamp="2024-08-07T07:08:24Z" user="morago" uid="11113946" lat="35.0315568" lon="126.8388587"/>
 <node id="12096598991" visible="true" version="1" changeset="154920955" timestamp="2024-08-07T07:08:24Z" user="morago" uid="11113946" lat="35.0316052" lon="126.8387970"/>
 <node id="12096598992" visible="true" version="1" changeset="154920955" timestamp="2024-08-07T07:08:24Z" user="morago" uid="11113946" lat="35.0316963" lon="126.8387622"/>
 <node id="12096598993" visible="true" version="1" changeset="154920955" timestamp="2024-08-07T07:08:24Z" user="morago" uid="11113946" lat="35.0317984" lon="126.8387192"/>
 <node id="12096598994" visible="true" version="1" changeset="154920955" timestamp="2024-08-07T07:08:24Z" user="morago" uid="11113946" lat="35.0318402" lon="126.8386012"/>
 <node id="12096598995" visible="true" version="1" changeset="154920955" timestamp="2024-08-07T07:08:24Z" user="morago" uid="11113946" lat="35.0318599" lon="126.8385597"/>
 <node id="12096598996" visible="true" version="1" changeset="154920955" timestamp="2024-08-07T07:08:24Z" user="morago" uid="11113946" lat="35.0318951" lon="126.8384618"/>
 <node id="12096598997" visible="true" version="1" changeset="154920955" timestamp="2024-08-07T07:08:24Z" user="morago" uid="11113946" lat="35.0319225" lon="126.8383545"/>
 <node id="12096598998" visible="true" version="1" changeset="154920955" timestamp="2024-08-07T07:08:24Z" user="morago" uid="11113946" lat="35.0319434" lon="126.8383263"/>
 <node id="12096598999" visible="true" version="1" changeset="154920955" timestamp="2024-08-07T07:08:24Z" user="morago" uid="11113946" lat="35.0320829" lon="126.8382472"/>
 <node id="12096599000" visible="true" version="1" changeset="154920955" timestamp="2024-08-07T07:08:24Z" user="morago" uid="11113946" lat="35.0321400" lon="126.8382338"/>
 <node id="12096599001" visible="true" version="1" changeset="154920955" timestamp="2024-08-07T07:08:24Z" user="morago" uid="11113946" lat="35.0321949" lon="126.8382458"/>
 <node id="12096599002" visible="true" version="1" changeset="154920955" timestamp="2024-08-07T07:08:24Z" user="morago" uid="11113946" lat="35.0321784" lon="126.8383330"/>
 <node id="12096599003" visible="true" version="1" changeset="154920955" timestamp="2024-08-07T07:08:24Z" user="morago" uid="11113946" lat="35.0322179" lon="126.8384296"/>
 <node id="12096599004" visible="true" version="1" changeset="154920955" timestamp="2024-08-07T07:08:24Z" user="morago" uid="11113946" lat="35.0323288" lon="126.8385892"/>
 <node id="12096599005" visible="true" version="1" changeset="154920955" timestamp="2024-08-07T07:08:24Z" user="morago" uid="11113946" lat="35.0323991" lon="126.8386388"/>
 <node id="12096599006" visible="true" version="1" changeset="154920955" timestamp="2024-08-07T07:08:24Z" user="morago" uid="11113946" lat="35.0324760" lon="126.8386240"/>
 <node id="12096599007" visible="true" version="1" changeset="154920955" timestamp="2024-08-07T07:08:24Z" user="morago" uid="11113946" lat="35.0325320" lon="126.8386602"/>
 <node id="12096599008" visible="true" version="1" changeset="154920955" timestamp="2024-08-07T07:08:24Z" user="morago" uid="11113946" lat="35.0326144" lon="126.8386951"/>
 <node id="12096599009" visible="true" version="1" changeset="154920955" timestamp="2024-08-07T07:08:24Z" user="morago" uid="11113946" lat="35.0326956" lon="126.8386817"/>
 <node id="12096599010" visible="true" version="1" changeset="154920955" timestamp="2024-08-07T07:08:24Z" user="morago" uid="11113946" lat="35.0327714" lon="126.8386227"/>
 <node id="12096599011" visible="true" version="1" changeset="154920955" timestamp="2024-08-07T07:08:24Z" user="morago" uid="11113946" lat="35.0328801" lon="126.8385476"/>
 <node id="12096599012" visible="true" version="1" changeset="154920955" timestamp="2024-08-07T07:08:24Z" user="morago" uid="11113946" lat="35.0329745" lon="126.8384913"/>
 <node id="12096599013" visible="true" version="1" changeset="154920955" timestamp="2024-08-07T07:08:24Z" user="morago" uid="11113946" lat="35.0330997" lon="126.8384282"/>
 <node id="12096599014" visible="true" version="1" changeset="154920955" timestamp="2024-08-07T07:08:24Z" user="morago" uid="11113946" lat="35.0331942" lon="126.8383947"/>
 <node id="12096599015" visible="true" version="1" changeset="154920955" timestamp="2024-08-07T07:08:24Z" user="morago" uid="11113946" lat="35.0333073" lon="126.8383665"/>
 <node id="12096599016" visible="true" version="1" changeset="154920955" timestamp="2024-08-07T07:08:24Z" user="morago" uid="11113946" lat="35.0334621" lon="126.8383102"/>
 <node id="12096599017" visible="true" version="1" changeset="154920955" timestamp="2024-08-07T07:08:24Z" user="morago" uid="11113946" lat="35.0335379" lon="126.8384390"/>
 <node id="12096599018" visible="true" version="1" changeset="154920955" timestamp="2024-08-07T07:08:24Z" user="morago" uid="11113946" lat="35.0335313" lon="126.8386307"/>
 <node id="12096599019" visible="true" version="1" changeset="154920955" timestamp="2024-08-07T07:08:24Z" user="morago" uid="11113946" lat="35.0336290" lon="126.8388051"/>
 <node id="12096599020" visible="true" version="1" changeset="154920955" timestamp="2024-08-07T07:08:24Z" user="morago" uid="11113946" lat="35.0336795" lon="126.8388748"/>
 <node id="12096599021" visible="true" version="1" changeset="154920955" timestamp="2024-08-07T07:08:24Z" user="morago" uid="11113946" lat="35.0337191" lon="126.8389714"/>
 <node id="12096599022" visible="true" version="1" changeset="154920955" timestamp="2024-08-07T07:08:24Z" user="morago" uid="11113946" lat="35.0336697" lon="126.8390639"/>
 <node id="12096599023" visible="true" version="1" changeset="154920955" timestamp="2024-08-07T07:08:24Z" user="morago" uid="11113946" lat="35.0336817" lon="126.8392476"/>
 <node id="12096599024" visible="true" version="1" changeset="154920955" timestamp="2024-08-07T07:08:24Z" user="morago" uid="11113946" lat="35.0336949" lon="126.8393724"/>
 <node id="12096599025" visible="true" version="1" changeset="154920955" timestamp="2024-08-07T07:08:24Z" user="morago" uid="11113946" lat="35.0337224" lon="126.8394434"/>
 <node id="12096599026" visible="true" version="1" changeset="154920955" timestamp="2024-08-07T07:08:24Z" user="morago" uid="11113946" lat="35.0338025" lon="126.8396057"/>
 <node id="12096599027" visible="true" version="1" changeset="154920955" timestamp="2024-08-07T07:08:24Z" user="morago" uid="11113946" lat="35.0338552" lon="126.8397640"/>
 <node id="12096599028" visible="true" version="1" changeset="154920955" timestamp="2024-08-07T07:08:24Z" user="morago" uid="11113946" lat="35.0339244" lon="126.8399504"/>
 <node id="12096599029" visible="true" version="1" changeset="154920955" timestamp="2024-08-07T07:08:24Z" user="morago" uid="11113946" lat="35.0339530" lon="126.8401475"/>
 <node id="12096599030" visible="true" version="1" changeset="154920955" timestamp="2024-08-07T07:08:24Z" user="morago" uid="11113946" lat="35.0339947" lon="126.8402266"/>
 <node id="12096599031" visible="true" version="1" changeset="154920955" timestamp="2024-08-07T07:08:24Z" user="morago" uid="11113946" lat="35.0340189" lon="126.8403111"/>
 <node id="12096599032" visible="true" version="1" changeset="154920955" timestamp="2024-08-07T07:08:24Z" user="morago" uid="11113946" lat="35.0340342" lon="126.8404868"/>
 <node id="12096599033" visible="true" version="1" changeset="154920955" timestamp="2024-08-07T07:08:24Z" user="morago" uid="11113946" lat="35.0340463" lon="126.8406464"/>
 <node id="12096599034" visible="true" version="1" changeset="154920955" timestamp="2024-08-07T07:08:24Z" user="morago" uid="11113946" lat="35.0341199" lon="126.8408717"/>
 <node id="12096599035" visible="true" version="1" changeset="154920955" timestamp="2024-08-07T07:08:24Z" user="morago" uid="11113946" lat="35.0341188" lon="126.8409844"/>
 <node id="12096599036" visible="true" version="1" changeset="154920955" timestamp="2024-08-07T07:08:24Z" user="morago" uid="11113946" lat="35.0340803" lon="126.8411426"/>
 <node id="12096599037" visible="true" version="1" changeset="154920955" timestamp="2024-08-07T07:08:24Z" user="morago" uid="11113946" lat="35.0340825" lon="126.8413183"/>
 <node id="12096599038" visible="true" version="1" changeset="154920955" timestamp="2024-08-07T07:08:24Z" user="morago" uid="11113946" lat="35.0340639" lon="126.8414551"/>
 <node id="12096599039" visible="true" version="1" changeset="154920955" timestamp="2024-08-07T07:08:24Z" user="morago" uid="11113946" lat="35.0341144" lon="126.8416093"/>
 <node id="12096599040" visible="true" version="1" changeset="154920955" timestamp="2024-08-07T07:08:24Z" user="morago" uid="11113946" lat="35.0341221" lon="126.8417729"/>
 <node id="12096599041" visible="true" version="1" changeset="154920955" timestamp="2024-08-07T07:08:24Z" user="morago" uid="11113946" lat="35.0341418" lon="126.8420935"/>
 <node id="12096599042" visible="true" version="1" changeset="154920955" timestamp="2024-08-07T07:08:24Z" user="morago" uid="11113946" lat="35.0341484" lon="126.8422571"/>
 <node id="12096599043" visible="true" version="1" changeset="154920955" timestamp="2024-08-07T07:08:24Z" user="morago" uid="11113946" lat="35.0341891" lon="126.8422933"/>
 <node id="12096599044" visible="true" version="1" changeset="154920955" timestamp="2024-08-07T07:08:24Z" user="morago" uid="11113946" lat="35.0342198" lon="126.8423443"/>
 <node id="12096599045" visible="true" version="1" changeset="154920955" timestamp="2024-08-07T07:08:24Z" user="morago" uid="11113946" lat="35.0342011" lon="126.8424287"/>
 <node id="12096599046" visible="true" version="1" changeset="154920955" timestamp="2024-08-07T07:08:24Z" user="morago" uid="11113946" lat="35.0341693" lon="126.8425173"/>
 <node id="12096599047" visible="true" version="1" changeset="154920955" timestamp="2024-08-07T07:08:24Z" user="morago" uid="11113946" lat="35.0341100" lon="126.8427935"/>
 <node id="12096599048" visible="true" version="1" changeset="154920955" timestamp="2024-08-07T07:08:24Z" user="morago" uid="11113946" lat="35.0340803" lon="126.8429089"/>
 <node id="12096599049" visible="true" version="1" changeset="154920955" timestamp="2024-08-07T07:08:24Z" user="morago" uid="11113946" lat="35.0340924" lon="126.8430309"/>
 <node id="12096599050" visible="true" version="1" changeset="154920955" timestamp="2024-08-07T07:08:24Z" user="morago" uid="11113946" lat="35.0343109" lon="126.8433152"/>
 <node id="12096599051" visible="true" version="1" changeset="154920955" timestamp="2024-08-07T07:08:24Z" user="morago" uid="11113946" lat="35.0343593" lon="126.8434118"/>
 <node id="12096599052" visible="true" version="1" changeset="154920955" timestamp="2024-08-07T07:08:24Z" user="morago" uid="11113946" lat="35.0343560" lon="126.8435284"/>
 <node id="12096599053" visible="true" version="1" changeset="154920955" timestamp="2024-08-07T07:08:24Z" user="morago" uid="11113946" lat="35.0342780" lon="126.8438449"/>
 <node id="12096599054" visible="true" version="1" changeset="154920955" timestamp="2024-08-07T07:08:24Z" user="morago" uid="11113946" lat="35.0342912" lon="126.8439844"/>
 <node id="12096599055" visible="true" version="1" changeset="154920955" timestamp="2024-08-07T07:08:24Z" user="morago" uid="11113946" lat="35.0343340" lon="126.8441963"/>
 <node id="12096599056" visible="true" version="1" changeset="154920955" timestamp="2024-08-07T07:08:24Z" user="morago" uid="11113946" lat="35.0343801" lon="126.8444699"/>
 <node id="12096599057" visible="true" version="1" changeset="154920955" timestamp="2024-08-07T07:08:24Z" user="morago" uid="11113946" lat="35.0344065" lon="126.8445638"/>
 <node id="12096599058" visible="true" version="1" changeset="154920955" timestamp="2024-08-07T07:08:24Z" user="morago" uid="11113946" lat="35.0344658" lon="126.8446644"/>
 <node id="12096599059" visible="true" version="1" changeset="154920955" timestamp="2024-08-07T07:08:24Z" user="morago" uid="11113946" lat="35.0345064" lon="126.8447824"/>
 <node id="12096599060" visible="true" version="1" changeset="154920955" timestamp="2024-08-07T07:08:24Z" user="morago" uid="11113946" lat="35.0345416" lon="126.8449084"/>
 <node id="12096599061" visible="true" version="1" changeset="154920955" timestamp="2024-08-07T07:08:24Z" user="morago" uid="11113946" lat="35.0346030" lon="126.8450627"/>
 <node id="12096599062" visible="true" version="1" changeset="154920955" timestamp="2024-08-07T07:08:24Z" user="morago" uid="11113946" lat="35.0346645" lon="126.8452236"/>
 <node id="12096599063" visible="true" version="1" changeset="154920955" timestamp="2024-08-07T07:08:24Z" user="morago" uid="11113946" lat="35.0347216" lon="126.8453161"/>
 <node id="12096599064" visible="true" version="1" changeset="154920955" timestamp="2024-08-07T07:08:24Z" user="morago" uid="11113946" lat="35.0347480" lon="126.8454167"/>
 <node id="12096599065" visible="true" version="1" changeset="154920955" timestamp="2024-08-07T07:08:24Z" user="morago" uid="11113946" lat="35.0347436" lon="126.8455723"/>
 <node id="12096599066" visible="true" version="1" changeset="154920955" timestamp="2024-08-07T07:08:24Z" user="morago" uid="11113946" lat="35.0347513" lon="126.8456192"/>
 <node id="12096599067" visible="true" version="1" changeset="154920955" timestamp="2024-08-07T07:08:24Z" user="morago" uid="11113946" lat="35.0347864" lon="126.8457064"/>
 <node id="12096599068" visible="true" version="1" changeset="154920955" timestamp="2024-08-07T07:08:24Z" user="morago" uid="11113946" lat="35.0348040" lon="126.8458365"/>
 <node id="12096599069" visible="true" version="1" changeset="154920955" timestamp="2024-08-07T07:08:24Z" user="morago" uid="11113946" lat="35.0348106" lon="126.8459465"/>
 <node id="12096599070" visible="true" version="1" changeset="154920955" timestamp="2024-08-07T07:08:24Z" user="morago" uid="11113946" lat="35.0348633" lon="126.8460551"/>
 <node id="12096599071" visible="true" version="1" changeset="154920955" timestamp="2024-08-07T07:08:24Z" user="morago" uid="11113946" lat="35.0349248" lon="126.8460900"/>
 <node id="12096599072" visible="true" version="1" changeset="154920955" timestamp="2024-08-07T07:08:24Z" user="morago" uid="11113946" lat="35.0350060" lon="126.8461490"/>
 <node id="12096599073" visible="true" version="1" changeset="154920955" timestamp="2024-08-07T07:08:24Z" user="morago" uid="11113946" lat="35.0350664" lon="126.8462884"/>
 <node id="12096599074" visible="true" version="1" changeset="154920955" timestamp="2024-08-07T07:08:24Z" user="morago" uid="11113946" lat="35.0350752" lon="126.8463474"/>
 <node id="12096599075" visible="true" version="1" changeset="154920955" timestamp="2024-08-07T07:08:24Z" user="morago" uid="11113946" lat="35.0350796" lon="126.8465580"/>
 <node id="12096599076" visible="true" version="1" changeset="154920955" timestamp="2024-08-07T07:08:24Z" user="morago" uid="11113946" lat="35.0350456" lon="126.8466264"/>
 <node id="12096599077" visible="true" version="1" changeset="154920955" timestamp="2024-08-07T07:08:24Z" user="morago" uid="11113946" lat="35.0350028" lon="126.8467122"/>
 <node id="12096599078" visible="true" version="1" changeset="154920955" timestamp="2024-08-07T07:08:24Z" user="morago" uid="11113946" lat="35.0350104" lon="126.8468088"/>
 <node id="12096599079" visible="true" version="1" changeset="154920955" timestamp="2024-08-07T07:08:24Z" user="morago" uid="11113946" lat="35.0350115" lon="126.8468665"/>
 <node id="12096599080" visible="true" version="1" changeset="154920955" timestamp="2024-08-07T07:08:24Z" user="morago" uid="11113946" lat="35.0350467" lon="126.8468906"/>
 <node id="12096599081" visible="true" version="1" changeset="154920955" timestamp="2024-08-07T07:08:24Z" user="morago" uid="11113946" lat="35.0350961" lon="126.8468826"/>
 <node id="12096599082" visible="true" version="1" changeset="154920955" timestamp="2024-08-07T07:08:24Z" user="morago" uid="11113946" lat="35.0352323" lon="126.8468705"/>
 <node id="12096599083" visible="true" version="1" changeset="154920955" timestamp="2024-08-07T07:08:24Z" user="morago" uid="11113946" lat="35.0352861" lon="126.8468235"/>
 <node id="12096599084" visible="true" version="1" changeset="154920955" timestamp="2024-08-07T07:08:24Z" user="morago" uid="11113946" lat="35.0353607" lon="126.8467820"/>
 <node id="12096599085" visible="true" version="1" changeset="154920955" timestamp="2024-08-07T07:08:24Z" user="morago" uid="11113946" lat="35.0354508" lon="126.8467283"/>
 <node id="12096599086" visible="true" version="1" changeset="154920955" timestamp="2024-08-07T07:08:24Z" user="morago" uid="11113946" lat="35.0355562" lon="126.8466556"/>
 <node id="12096599345" visible="true" version="1" changeset="154920955" timestamp="2024-08-07T07:08:24Z" user="morago" uid="11113946" lat="35.0061367" lon="126.8252039"/>
 <node id="12096599346" visible="true" version="1" changeset="154920955" timestamp="2024-08-07T07:08:24Z" user="morago" uid="11113946" lat="35.0067816" lon="126.8212511"/>
 <node id="12096599347" visible="true" version="1" changeset="154920955" timestamp="2024-08-07T07:08:24Z" user="morago" uid="11113946" lat="35.0051371" lon="126.8207497"/>
 <node id="12096599348" visible="true" version="1" changeset="154920955" timestamp="2024-08-07T07:08:24Z" user="morago" uid="11113946" lat="35.0051543" lon="126.8210757"/>
 <node id="12096599349" visible="true" version="1" changeset="154920955" timestamp="2024-08-07T07:08:24Z" user="morago" uid="11113946" lat="35.0052268" lon="126.8210810"/>
 <node id="12096599350" visible="true" version="1" changeset="154920955" timestamp="2024-08-07T07:08:24Z" user="morago" uid="11113946" lat="35.0062050" lon="126.8211987"/>
 <node id="12096599351" visible="true" version="1" changeset="154920955" timestamp="2024-08-07T07:08:24Z" user="morago" uid="11113946" lat="35.0044271" lon="126.8211669"/>
 <node id="12096599352" visible="true" version="1" changeset="154920955" timestamp="2024-08-07T07:08:24Z" user="morago" uid="11113946" lat="35.0046688" lon="126.8211025"/>
 <node id="12096599353" visible="true" version="1" changeset="154920955" timestamp="2024-08-07T07:08:24Z" user="morago" uid="11113946" lat="35.0049060" lon="126.8209684"/>
 <node id="12096599354" visible="true" version="1" changeset="154920955" timestamp="2024-08-07T07:08:24Z" user="morago" uid="11113946" lat="35.0056003" lon="126.8206626"/>
 <node id="12096599355" visible="true" version="1" changeset="154920955" timestamp="2024-08-07T07:08:24Z" user="morago" uid="11113946" lat="35.0064110" lon="126.8202442"/>
 <node id="12096599356" visible="true" version="1" changeset="154920955" timestamp="2024-08-07T07:08:24Z" user="morago" uid="11113946" lat="35.0068141" lon="126.8203180"/>
 <node id="12096599357" visible="true" version="1" changeset="154920955" timestamp="2024-08-07T07:08:24Z" user="morago" uid="11113946" lat="35.0070283" lon="126.8200256"/>
 <node id="12096599358" visible="true" version="1" changeset="154920955" timestamp="2024-08-07T07:08:24Z" user="morago" uid="11113946" lat="35.0071711" lon="126.8199921"/>
 <node id="12096599359" visible="true" version="1" changeset="154920955" timestamp="2024-08-07T07:08:24Z" user="morago" uid="11113946" lat="35.0072678" lon="126.8200430"/>
 <node id="12096599360" visible="true" version="1" changeset="154920955" timestamp="2024-08-07T07:08:24Z" user="morago" uid="11113946" lat="35.0074369" lon="126.8202201"/>
 <node id="12096599361" visible="true" version="1" changeset="154920955" timestamp="2024-08-07T07:08:24Z" user="morago" uid="11113946" lat="35.0076193" lon="126.8204682"/>
 <node id="12096599362" visible="true" version="1" changeset="154920955" timestamp="2024-08-07T07:08:24Z" user="morago" uid="11113946" lat="35.0078269" lon="126.8207605"/>
 <node id="12096599363" visible="true" version="1" changeset="154920955" timestamp="2024-08-07T07:08:24Z" user="morago" uid="11113946" lat="35.0081718" lon="126.8211910"/>
 <node id="12096599364" visible="true" version="1" changeset="154920955" timestamp="2024-08-07T07:08:24Z" user="morago" uid="11113946" lat="35.0083058" lon="126.8211897"/>
 <node id="12096599365" visible="true" version="1" changeset="154920955" timestamp="2024-08-07T07:08:24Z" user="morago" uid="11113946" lat="35.0085387" lon="126.8207847"/>
 <node id="12096599366" visible="true" version="1" changeset="154920955" timestamp="2024-08-07T07:08:24Z" user="morago" uid="11113946" lat="35.0091769" lon="126.8212581"/>
 <node id="12096599367" visible="true" version="1" changeset="154920955" timestamp="2024-08-07T07:08:24Z" user="morago" uid="11113946" lat="35.0088781" lon="126.8225938"/>
 <node id="12096599368" visible="true" version="1" changeset="154920955" timestamp="2024-08-07T07:08:24Z" user="morago" uid="11113946" lat="35.0088957" lon="126.8228245"/>
 <node id="12096599369" visible="true" version="1" changeset="154920955" timestamp="2024-08-07T07:08:24Z" user="morago" uid="11113946" lat="35.0090758" lon="126.8237954"/>
 <node id="12096599370" visible="true" version="1" changeset="154920955" timestamp="2024-08-07T07:08:24Z" user="morago" uid="11113946" lat="35.0089001" lon="126.8244338"/>
 <node id="12096599371" visible="true" version="1" changeset="154920955" timestamp="2024-08-07T07:08:24Z" user="morago" uid="11113946" lat="35.0084519" lon="126.8257749"/>
 <node id="12096599372" visible="true" version="1" changeset="154920955" timestamp="2024-08-07T07:08:24Z" user="morago" uid="11113946" lat="35.0080521" lon="126.8265098"/>
 <node id="12096599373" visible="true" version="1" changeset="154920955" timestamp="2024-08-07T07:08:24Z" user="morago" uid="11113946" lat="35.0080828" lon="126.8277973"/>
 <node id="12096599374" visible="true" version="1" changeset="154920955" timestamp="2024-08-07T07:08:24Z" user="morago" uid="11113946" lat="35.0067691" lon="126.8276417"/>
 <node id="12096599375" visible="true" version="1" changeset="154920955" timestamp="2024-08-07T07:08:24Z" user="morago" uid="11113946" lat="35.0066285" lon="126.8270999"/>
 <node id="12096599376" visible="true" version="1" changeset="154920955" timestamp="2024-08-07T07:08:24Z" user="morago" uid="11113946" lat="35.0069668" lon="126.8265742"/>
 <node id="12096599377" visible="true" version="1" changeset="154920955" timestamp="2024-08-07T07:08:24Z" user="morago" uid="11113946" lat="35.0065362" lon="126.8260968"/>
 <node id="12096599378" visible="true" version="1" changeset="154920955" timestamp="2024-08-07T07:08:24Z" user="morago" uid="11113946" lat="35.0056266" lon="126.8263167"/>
 <node id="12096599379" visible="true" version="1" changeset="154920955" timestamp="2024-08-07T07:08:24Z" user="morago" uid="11113946" lat="35.0050994" lon="126.8259841"/>
 <node id="12096599380" visible="true" version="1" changeset="154920955" timestamp="2024-08-07T07:08:24Z" user="morago" uid="11113946" lat="35.0048181" lon="126.8248147"/>
 <node id="12096599381" visible="true" version="1" changeset="154920955" timestamp="2024-08-07T07:08:24Z" user="morago" uid="11113946" lat="35.0046424" lon="126.8237203"/>
 <node id="12096599382" visible="true" version="1" changeset="154920955" timestamp="2024-08-07T07:08:24Z" user="morago" uid="11113946" lat="35.0053147" lon="126.8234092"/>
 <node id="12096599383" visible="true" version="1" changeset="154920955" timestamp="2024-08-07T07:08:24Z" user="morago" uid="11113946" lat="35.0053103" lon="126.8224704"/>
 <node id="12096599384" visible="true" version="1" changeset="154920955" timestamp="2024-08-07T07:08:24Z" user="morago" uid="11113946" lat="35.0047654" lon="126.8224060"/>
 <node id="12096599385" visible="true" version="1" changeset="154920955" timestamp="2024-08-07T07:08:24Z" user="morago" uid="11113946" lat="35.0045413" lon="126.8219930"/>
 <node id="12096599386" visible="true" version="1" changeset="154920955" timestamp="2024-08-07T07:08:24Z" user="morago" uid="11113946" lat="35.0043128" lon="126.8212473"/>
 <node id="12096599387" visible="true" version="1" changeset="154920955" timestamp="2024-08-07T07:08:24Z" user="morago" uid="11113946" lat="35.0097766" lon="126.8249327"/>
 <node id="12096599388" visible="true" version="1" changeset="154920955" timestamp="2024-08-07T07:08:24Z" user="morago" uid="11113946" lat="35.0090758" lon="126.8246403"/>
 <node id="12096599389" visible="true" version="1" changeset="154920955" timestamp="2024-08-07T07:08:24Z" user="morago" uid="11113946" lat="35.0088188" lon="126.8247771"/>
 <node id="12096599390" visible="true" version="1" changeset="154920955" timestamp="2024-08-07T07:08:24Z" user="morago" uid="11113946" lat="35.0081180" lon="126.8265286"/>
 <node id="12096599391" visible="true" version="1" changeset="154920955" timestamp="2024-08-07T07:08:24Z" user="morago" uid="11113946" lat="35.0081685" lon="126.8270865"/>
 <node id="12096599392" visible="true" version="1" changeset="154920955" timestamp="2024-08-07T07:08:24Z" user="morago" uid="11113946" lat="35.0097722" lon="126.8274969"/>
 <node id="12096599393" visible="true" version="1" changeset="154920955" timestamp="2024-08-07T07:08:24Z" user="morago" uid="11113946" lat="35.0098667" lon="126.8270838"/>
 <node id="12096599394" visible="true" version="1" changeset="154920955" timestamp="2024-08-07T07:08:24Z" user="morago" uid="11113946" lat="35.0097986" lon="126.8267807"/>
 <node id="12096599395" visible="true" version="1" changeset="154920955" timestamp="2024-08-07T07:08:24Z" user="morago" uid="11113946" lat="35.0100337" lon="126.8254665"/>
 <node id="12096599396" visible="true" version="1" changeset="154920955" timestamp="2024-08-07T07:08:24Z" user="morago" uid="11113946" lat="35.0098997" lon="126.8250212"/>
 <node id="12096599397" visible="true" version="1" changeset="154920955" timestamp="2024-08-07T07:08:24Z" user="morago" uid="11113946" lat="35.0074313" lon="126.8194283"/>
 <node id="12096599398" visible="true" version="1" changeset="154920955" timestamp="2024-08-07T07:08:24Z" user="morago" uid="11113946" lat="35.0074908" lon="126.8195669"/>
 <node id="12096599399" visible="true" version="1" changeset="154920955" timestamp="2024-08-07T07:08:24Z" user="morago" uid="11113946" lat="35.0090113" lon="126.8209583"/>
 <node id="12096599400" visible="true" version="1" changeset="154920955" timestamp="2024-08-07T07:08:24Z" user="morago" uid="11113946" lat="35.0090956" lon="126.8208142"/>
 <node id="12096599401" visible="true" version="1" changeset="154920955" timestamp="2024-08-07T07:08:24Z" user="morago" uid="11113946" lat="35.0092033" lon="126.8205754"/>
 <node id="12096599402" visible="true" version="1" changeset="154920955" timestamp="2024-08-07T07:08:24Z" user="morago" uid="11113946" lat="35.0092340" lon="126.8203984"/>
 <node id="12096599403" visible="true" version="1" changeset="154920955" timestamp="2024-08-07T07:08:24Z" user="morago" uid="11113946" lat="35.0092033" lon="126.8202201"/>
 <node id="12096599404" visible="true" version="1" changeset="154920955" timestamp="2024-08-07T07:08:24Z" user="morago" uid="11113946" lat="35.0091286" lon="126.8199733"/>
 <node id="12096599405" visible="true" version="1" changeset="154920955" timestamp="2024-08-07T07:08:24Z" user="morago" uid="11113946" lat="35.0089814" lon="126.8194851"/>
 <node id="12096599406" visible="true" version="1" changeset="154920955" timestamp="2024-08-07T07:08:24Z" user="morago" uid="11113946" lat="35.0087880" lon="126.8189192"/>
 <node id="12096599407" visible="true" version="1" changeset="154920955" timestamp="2024-08-07T07:08:24Z" user="morago" uid="11113946" lat="35.0087968" lon="126.8187596"/>
 <node id="12096599408" visible="true" version="1" changeset="154920955" timestamp="2024-08-07T07:08:24Z" user="morago" uid="11113946" lat="35.0088583" lon="126.8185048"/>
 <node id="12096599409" visible="true" version="1" changeset="154920955" timestamp="2024-08-07T07:08:24Z" user="morago" uid="11113946" lat="35.0091308" lon="126.8177377"/>
 <node id="12096599410" visible="true" version="1" changeset="154920955" timestamp="2024-08-07T07:08:24Z" user="morago" uid="11113946" lat="35.0083629" lon="126.8173407"/>
 <node id="12096599411" visible="true" version="1" changeset="154920955" timestamp="2024-08-07T07:08:24Z" user="morago" uid="11113946" lat="35.0083113" lon="126.8173461"/>
 <node id="12096599412" visible="true" version="1" changeset="154920955" timestamp="2024-08-07T07:08:24Z" user="morago" uid="11113946" lat="35.0081367" lon="126.8180072"/>
 <node id="12096599413" visible="true" version="2" changeset="172491283" timestamp="2025-09-26T15:22:32Z" user="FUKUTAN" uid="5207199" lat="35.0078403" lon="126.8190198"/>
 <node id="12096599414" visible="true" version="1" changeset="154920955" timestamp="2024-08-07T07:08:24Z" user="morago" uid="11113946" lat="35.0081356" lon="126.8191123"/>
 <node id="12096599415" visible="true" version="1" changeset="154920955" timestamp="2024-08-07T07:08:24Z" user="morago" uid="11113946" lat="35.0081927" lon="126.8191284"/>
 <node id="12096599416" visible="true" version="1" changeset="154920955" timestamp="2024-08-07T07:08:24Z" user="morago" uid="11113946" lat="35.0082059" lon="126.8192182"/>
 <node id="12096599417" visible="true" version="1" changeset="154920955" timestamp="2024-08-07T07:08:24Z" user="morago" uid="11113946" lat="35.0081411" lon="126.8195669"/>
 <node id="12096599418" visible="true" version="1" changeset="154920955" timestamp="2024-08-07T07:08:24Z" user="morago" uid="11113946" lat="35.0080927" lon="126.8196246"/>
 <node id="12096599419" visible="true" version="1" changeset="154920955" timestamp="2024-08-07T07:08:24Z" user="morago" uid="11113946" lat="35.0079961" lon="126.8196045"/>
 <node id="12096599420" visible="true" version="1" changeset="154920955" timestamp="2024-08-07T07:08:24Z" user="morago" uid="11113946" lat="35.0075578" lon="126.8194114"/>
 <node id="12096599421" visible="true" version="1" changeset="154920955" timestamp="2024-08-07T07:08:24Z" user="morago" uid="11113946" lat="35.0074765" lon="126.8194181"/>
 <node id="12096599422" visible="true" version="1" changeset="154920955" timestamp="2024-08-07T07:08:24Z" user="morago" uid="11113946" lat="35.0072930" lon="126.8194596"/>
 <node id="12096599423" visible="true" version="1" changeset="154920955" timestamp="2024-08-07T07:08:24Z" user="morago" uid="11113946" lat="35.0069172" lon="126.8194983"/>
 <node id="12096599424" visible="true" version="1" changeset="154920955" timestamp="2024-08-07T07:08:24Z" user="morago" uid="11113946" lat="35.0068295" lon="126.8195039"/>
 <node id="12096599425" visible="true" version="1" changeset="154920955" timestamp="2024-08-07T07:08:24Z" user="morago" uid="11113946" lat="35.0065735" lon="126.8195334"/>
 <node id="12096599426" visible="true" version="1" changeset="154920955" timestamp="2024-08-07T07:08:24Z" user="morago" uid="11113946" lat="35.0063879" lon="126.8195133"/>
 <node id="12096599427" visible="true" version="1" changeset="154920955" timestamp="2024-08-07T07:08:24Z" user="morago" uid="11113946" lat="35.0059353" lon="126.8195790"/>
 <node id="12096599428" visible="true" version="1" changeset="154920955" timestamp="2024-08-07T07:08:24Z" user="morago" uid="11113946" lat="35.0058771" lon="126.8195830"/>
 <node id="12096599429" visible="true" version="1" changeset="154920955" timestamp="2024-08-07T07:08:24Z" user="morago" uid="11113946" lat="35.0058365" lon="126.8195307"/>
 <node id="12096599430" visible="true" version="1" changeset="154920955" timestamp="2024-08-07T07:08:24Z" user="morago" uid="11113946" lat="35.0057650" lon="126.8194368"/>
 <node id="12096599431" visible="true" version="1" changeset="154920955" timestamp="2024-08-07T07:08:24Z" user="morago" uid="11113946" lat="35.0056321" lon="126.8191981"/>
 <node id="12096599432" visible="true" version="1" changeset="154920955" timestamp="2024-08-07T07:08:24Z" user="morago" uid="11113946" lat="35.0055893" lon="126.8191659"/>
 <node id="12096599433" visible="true" version="1" changeset="154920955" timestamp="2024-08-07T07:08:24Z" user="morago" uid="11113946" lat="35.0054388" lon="126.8192223"/>
 <node id="12096599434" visible="true" version="1" changeset="154920955" timestamp="2024-08-07T07:08:24Z" user="morago" uid="11113946" lat="35.0054069" lon="126.8191753"/>
 <node id="12096599435" visible="true" version="1" changeset="154920955" timestamp="2024-08-07T07:08:24Z" user="morago" uid="11113946" lat="35.0051730" lon="126.8185624"/>
 <node id="12096599436" visible="true" version="1" changeset="154920955" timestamp="2024-08-07T07:08:24Z" user="morago" uid="11113946" lat="35.0049752" lon="126.8180180"/>
 <node id="12096599437" visible="true" version="1" changeset="154920955" timestamp="2024-08-07T07:08:24Z" user="morago" uid="11113946" lat="35.0049214" lon="126.8179415"/>
 <node id="12096599438" visible="true" version="1" changeset="154920955" timestamp="2024-08-07T07:08:24Z" user="morago" uid="11113946" lat="35.0047830" lon="126.8177846"/>
 <node id="12096599439" visible="true" version="1" changeset="154920955" timestamp="2024-08-07T07:08:24Z" user="morago" uid="11113946" lat="35.0046072" lon="126.8175982"/>
 <node id="12096599440" visible="true" version="1" changeset="154920955" timestamp="2024-08-07T07:08:24Z" user="morago" uid="11113946" lat="35.0043908" lon="126.8172736"/>
 <node id="12096599441" visible="true" version="1" changeset="154920955" timestamp="2024-08-07T07:08:24Z" user="morago" uid="11113946" lat="35.0041360" lon="126.8167157"/>
 <node id="12096599442" visible="true" version="1" changeset="154920955" timestamp="2024-08-07T07:08:24Z" user="morago" uid="11113946" lat="35.0040404" lon="126.8165159"/>
 <node id="12096599443" visible="true" version="1" changeset="154920955" timestamp="2024-08-07T07:08:24Z" user="morago" uid="11113946" lat="35.0037493" lon="126.8157944"/>
 <node id="12096599444" visible="true" version="1" changeset="154920955" timestamp="2024-08-07T07:08:24Z" user="morago" uid="11113946" lat="35.0034340" lon="126.8151118"/>
 <node id="12096599477" visible="true" version="1" changeset="154920955" timestamp="2024-08-07T07:08:24Z" user="morago" uid="11113946" lat="35.0034703" lon="126.8142991"/>
 <node id="12096599478" visible="true" version="1" changeset="154920955" timestamp="2024-08-07T07:08:24Z" user="morago" uid="11113946" lat="35.0065197" lon="126.8185531"/>
 <node id="12096599479" visible="true" version="1" changeset="154920955" timestamp="2024-08-07T07:08:24Z" user="morago" uid="11113946" lat="35.0063989" lon="126.8185464"/>
 <node id="12096599480" visible="true" version="1" changeset="154920955" timestamp="2024-08-07T07:08:24Z" user="morago" uid="11113946" lat="35.0062099" lon="126.8184645"/>
 <node id="12096599481" visible="true" version="1" changeset="154920955" timestamp="2024-08-07T07:08:24Z" user="morago" uid="11113946" lat="35.0059902" lon="126.8183573"/>
 <node id="12096599482" visible="true" version="1" changeset="154920955" timestamp="2024-08-07T07:08:24Z" user="morago" uid="11113946" lat="35.0058002" lon="126.8182245"/>
 <node id="12096599483" visible="true" version="1" changeset="154920955" timestamp="2024-08-07T07:08:24Z" user="morago" uid="11113946" lat="35.0051620" lon="126.8177417"/>
 <node id="12096599484" visible="true" version="1" changeset="154920955" timestamp="2024-08-07T07:08:24Z" user="morago" uid="11113946" lat="35.0049016" lon="126.8174373"/>
 <node id="12096599485" visible="true" version="1" changeset="154920955" timestamp="2024-08-07T07:08:24Z" user="morago" uid="11113946" lat="35.0046347" lon="126.8169719"/>
 <node id="12096599486" visible="true" version="1" changeset="154920955" timestamp="2024-08-07T07:08:24Z" user="morago" uid="11113946" lat="35.0043062" lon="126.8163912"/>
 <node id="12096599487" visible="true" version="1" changeset="154920955" timestamp="2024-08-07T07:08:24Z" user="morago" uid="11113946" lat="35.0042019" lon="126.8161833"/>
 <node id="12096599488" visible="true" version="1" changeset="154920955" timestamp="2024-08-07T07:08:24Z" user="morago" uid="11113946" lat="35.0040437" lon="126.8157139"/>
 <node id="12096599489" visible="true" version="1" changeset="154920955" timestamp="2024-08-07T07:08:24Z" user="morago" uid="11113946" lat="35.0037844" lon="126.8149938"/>
 <node id="12096599490" visible="true" version="1" changeset="154920955" timestamp="2024-08-07T07:08:24Z" user="morago" uid="11113946" lat="35.0037065" lon="126.8147430"/>
 <node id="12096599491" visible="true" version="1" changeset="154920955" timestamp="2024-08-07T07:08:24Z" user="morago" uid="11113946" lat="35.0035527" lon="126.8142374"/>
 <node id="12096599496" visible="true" version="1" changeset="154920955" timestamp="2024-08-07T07:08:24Z" user="morago" uid="11113946" lat="34.9985260" lon="126.8286195"/>
 <node id="12096599497" visible="true" version="1" changeset="154920955" timestamp="2024-08-07T07:08:24Z" user="morago" uid="11113946" lat="35.0001935" lon="126.8256504"/>
 <node id="12096599498" visible="true" version="1" changeset="154920955" timestamp="2024-08-07T07:08:24Z" user="morago" uid="11113946" lat="34.9972912" lon="126.8314410"/>
 <node id="12096599504" visible="true" version="1" changeset="154920955" timestamp="2024-08-07T07:08:24Z" user="morago" uid="11113946" lat="34.9996948" lon="126.8276539"/>
 <node id="12096599515" visible="true" version="1" changeset="154920955" timestamp="2024-08-07T07:08:24Z" user="morago" uid="11113946" lat="34.9995168" lon="126.8254680"/>
 <node id="12096599516" visible="true" version="1" changeset="154920955" timestamp="2024-08-07T07:08:24Z" user="morago" uid="11113946" lat="35.0003517" lon="126.8253232"/>
 <node id="12096599521" visible="true" version="1" changeset="154920955" timestamp="2024-08-07T07:08:24Z" user="morago" uid="11113946" lat="34.9972341" lon="126.8308349"/>
 <node id="12096599524" visible="true" version="1" changeset="154920955" timestamp="2024-08-07T07:08:24Z" user="morago" uid="11113946" lat="35.0001452" lon="126.8269486"/>
 <node id="12096599525" visible="true" version="1" changeset="154920955" timestamp="2024-08-07T07:08:24Z" user="morago" uid="11113946" lat="35.0000705" lon="126.8268628"/>
 <node id="12096599526" visible="true" version="1" changeset="154920955" timestamp="2024-08-07T07:08:24Z" user="morago" uid="11113946" lat="34.9998904" lon="126.8263343"/>
 <node id="12096599528" visible="true" version="1" changeset="154920955" timestamp="2024-08-07T07:08:24Z" user="morago" uid="11113946" lat="34.9974802" lon="126.8297889"/>
 <node id="12096599532" visible="true" version="1" changeset="154920955" timestamp="2024-08-07T07:08:24Z" user="morago" uid="11113946" lat="34.9973659" lon="126.8323958"/>
 <node id="12096599533" visible="true" version="1" changeset="154920955" timestamp="2024-08-07T07:08:24Z" user="morago" uid="11113946" lat="34.9973747" lon="126.8318809"/>
 <node id="12096599538" visible="true" version="1" changeset="154920955" timestamp="2024-08-07T07:08:24Z" user="morago" uid="11113946" lat="34.9981305" lon="126.8291398"/>
 <node id="12096599539" visible="true" version="1" changeset="154920955" timestamp="2024-08-07T07:08:24Z" user="morago" uid="11113946" lat="34.9983590" lon="126.8287589"/>
 <node id="12096599543" visible="true" version="1" changeset="154920955" timestamp="2024-08-07T07:08:24Z" user="morago" uid="11113946" lat="34.9971814" lon="126.8307222"/>
 <node id="12096599544" visible="true" version="1" changeset="154920955" timestamp="2024-08-07T07:08:24Z" user="morago" uid="11113946" lat="34.9974142" lon="126.8299444"/>
 <node id="12096599552" visible="true" version="1" changeset="154920955" timestamp="2024-08-07T07:08:24Z" user="morago" uid="11113946" lat="34.9998047" lon="126.8275788"/>
 <node id="12096599553" visible="true" version="1" changeset="154920955" timestamp="2024-08-07T07:08:24Z" user="morago" uid="11113946" lat="35.0002968" lon="126.8273106"/>
 <node id="12096599557" visible="true" version="1" changeset="154920955" timestamp="2024-08-07T07:08:24Z" user="morago" uid="11113946" lat="35.0004352" lon="126.8250925"/>
 <node id="12096599561" visible="true" version="1" changeset="154920955" timestamp="2024-08-07T07:08:24Z" user="morago" uid="11113946" lat="34.9975549" lon="126.8297030"/>
 <node id="12096599562" visible="true" version="1" changeset="154920955" timestamp="2024-08-07T07:08:24Z" user="morago" uid="11113946" lat="35.0003166" lon="126.8255109"/>
 <node id="12096599563" visible="true" version="1" changeset="154920955" timestamp="2024-08-07T07:08:24Z" user="morago" uid="11113946" lat="35.0002902" lon="126.8255646"/>
 <node id="12096599564" visible="true" version="1" changeset="154920955" timestamp="2024-08-07T07:08:24Z" user="morago" uid="11113946" lat="34.9978053" lon="126.8295207"/>
 <node id="12096599565" visible="true" version="1" changeset="154920955" timestamp="2024-08-07T07:08:24Z" user="morago" uid="11113946" lat="34.9980470" lon="126.8292712"/>
 <node id="12096599568" visible="true" version="1" changeset="154920955" timestamp="2024-08-07T07:08:24Z" user="morago" uid="11113946" lat="35.0003935" lon="126.8272194"/>
 <node id="12096599575" visible="true" version="1" changeset="154920955" timestamp="2024-08-07T07:08:24Z" user="morago" uid="11113946" lat="35.0018238" lon="126.8230059"/>
 <node id="12096599576" visible="true" version="1" changeset="154920955" timestamp="2024-08-07T07:08:24Z" user="morago" uid="11113946" lat="34.9996135" lon="126.8254519"/>
 <node id="12096599577" visible="true" version="1" changeset="154920955" timestamp="2024-08-07T07:08:24Z" user="morago" uid="11113946" lat="35.0012789" lon="126.8239232"/>
 <node id="12096599578" visible="true" version="1" changeset="154920955" timestamp="2024-08-07T07:08:24Z" user="morago" uid="11113946" lat="35.0004111" lon="126.8271497"/>
 <node id="12096599579" visible="true" version="1" changeset="154920955" timestamp="2024-08-07T07:08:24Z" user="morago" uid="11113946" lat="35.0003715" lon="126.8270746"/>
 <node id="12096599580" visible="true" version="1" changeset="154920955" timestamp="2024-08-07T07:08:24Z" user="morago" uid="11113946" lat="35.0017579" lon="126.8231561"/>
 <node id="12096599581" visible="true" version="1" changeset="154920955" timestamp="2024-08-07T07:08:24Z" user="morago" uid="11113946" lat="35.0014239" lon="126.8236335"/>
 <node id="12096599582" visible="true" version="1" changeset="154920955" timestamp="2024-08-07T07:08:24Z" user="morago" uid="11113946" lat="35.0011009" lon="126.8250443"/>
 <node id="12096599584" visible="true" version="1" changeset="154920955" timestamp="2024-08-07T07:08:24Z" user="morago" uid="11113946" lat="35.0005055" lon="126.8250013"/>
 <node id="12096600284" visible="true" version="1" changeset="154920955" timestamp="2024-08-07T07:08:26Z" user="morago" uid="11113946" lat="34.9841531" lon="126.8242611"/>
 <node id="12251649742" visible="true" version="1" changeset="157900216" timestamp="2024-10-15T00:38:08Z" user="야광멧돼지" uid="12393144" lat="35.0043101" lon="126.8247704"/>
 <node id="12251649743" visible="true" version="1" changeset="157900216" timestamp="2024-10-15T00:38:08Z" user="야광멧돼지" uid="12393144" lat="35.0037269" lon="126.8264527"/>
 <node id="12251649744" visible="true" version="1" changeset="157900216" timestamp="2024-10-15T00:38:08Z" user="야광멧돼지" uid="12393144" lat="35.0033839" lon="126.8267917"/>
 <node id="12485849951" visible="true" version="1" changeset="161154274" timestamp="2025-01-09T03:09:02Z" user="FUKUTAN" uid="5207199" lat="34.9972357" lon="126.8209426"/>
 <node id="12485849952" visible="true" version="1" changeset="161154274" timestamp="2025-01-09T03:09:02Z" user="FUKUTAN" uid="5207199" lat="34.9975553" lon="126.8209388"/>
 <node id="12628423563" visible="true" version="1" changeset="163089849" timestamp="2025-03-01T14:14:45Z" user="dongin" uid="11518918" lat="35.0032477" lon="126.8147203"/>
 <node id="13173702719" visible="true" version="1" changeset="172491283" timestamp="2025-09-26T15:22:32Z" user="FUKUTAN" uid="5207199" lat="35.0079786" lon="126.8186018"/>
 <node id="13173702720" visible="true" version="1" changeset="172491283" timestamp="2025-09-26T15:22:32Z" user="FUKUTAN" uid="5207199" lat="35.0080563" lon="126.8182998"/>
 <node id="13173702721" visible="true" version="1" changeset="172491283" timestamp="2025-09-26T15:22:32Z" user="FUKUTAN" uid="5207199" lat="35.0079965" lon="126.8185324"/>
 <node id="13173702722" visible="true" version="1" changeset="172491283" timestamp="2025-09-26T15:22:32Z" user="FUKUTAN" uid="5207199" lat="35.0081680" lon="126.8186076"/>
 <node id="13173702723" visible="true" version="1" changeset="172491283" timestamp="2025-09-26T15:22:32Z" user="FUKUTAN" uid="5207199" lat="35.0087374" lon="126.8189145"/>
 <node id="13397887919" visible="true" version="1" changeset="176313032" timestamp="2025-12-23T15:05:33Z" user="aaei924" uid="10626814" lat="35.0121089" lon="126.8183781"/>
 <node id="13397887920" visible="true" version="1" changeset="176313032" timestamp="2025-12-23T15:05:33Z" user="aaei924" uid="10626814" lat="35.0118804" lon="126.8181965"/>
 <node id="13397887921" visible="true" version="1" changeset="176313032" timestamp="2025-12-23T15:05:33Z" user="aaei924" uid="10626814" lat="35.0117813" lon="126.8181363"/>
 <node id="13397887922" visible="true" version="1" changeset="176313032" timestamp="2025-12-23T15:05:33Z" user="aaei924" uid="10626814" lat="35.0110495" lon="126.8178266"/>
 <node id="13397887923" visible="true" version="1" changeset="176313032" timestamp="2025-12-23T15:05:33Z" user="aaei924" uid="10626814" lat="35.0106998" lon="126.8177439"/>
 <node id="13397887924" visible="true" version="1" changeset="176313032" timestamp="2025-12-23T15:05:33Z" user="aaei924" uid="10626814" lat="35.0105452" lon="126.8177153"/>
 <node id="13397887925" visible="true" version="1" changeset="176313032" timestamp="2025-12-23T15:05:33Z" user="aaei924" uid="10626814" lat="35.0115517" lon="126.8180392">
  <tag k="highway" v="passing_place"/>
 </node>
 <node id="13397888021" visible="true" version="1" changeset="176313032" timestamp="2025-12-23T15:05:33Z" user="aaei924" uid="10626814" lat="35.0109746" lon="126.8172764"/>
 <node id="13397888034" visible="true" version="1" changeset="176313032" timestamp="2025-12-23T15:05:33Z" user="aaei924" uid="10626814" lat="35.0052143" lon="126.8150107"/>
 <node id="13397888077" visible="true" version="1" changeset="176313032" timestamp="2025-12-23T15:05:33Z" user="aaei924" uid="10626814" lat="35.0059621" lon="126.8158383"/>
 <node id="13397888079" visible="true" version="1" changeset="176313032" timestamp="2025-12-23T15:05:33Z" user="aaei924" uid="10626814" lat="35.0051585" lon="126.8149768"/>
 <node id="13895216805" visible="true" version="2" changeset="183726681" timestamp="2026-06-06T08:12:23Z" user="mueschel" uid="616774" lat="35.0081300" lon="126.8204300">
  <tag k="check_date" v="2025-10-24"/>
  <tag k="count" v="1"/>
  <tag k="man_made" v="surveillance"/>
  <tag k="operator" v="나주시청"/>
  <tag k="operator:phone" v="+82 61 339 4705"/>
  <tag k="surveillance" v="public"/>
  <tag k="surveillance:purpose" v="다목적"/>
  <tag k="surveillance:type" v="camera"/>
 </node>
 <node id="13895216830" visible="true" version="2" changeset="183726681" timestamp="2026-06-06T08:12:23Z" user="mueschel" uid="616774" lat="35.0105200" lon="126.8222000">
  <tag k="check_date" v="2025-10-24"/>
  <tag k="count" v="1"/>
  <tag k="man_made" v="surveillance"/>
  <tag k="operator" v="나주시청"/>
  <tag k="operator:phone" v="+82 61 339 4705"/>
  <tag k="surveillance" v="public"/>
  <tag k="surveillance:purpose" v="다목적"/>
  <tag k="surveillance:type" v="camera"/>
 </node>
 <node id="13895217285" visible="true" version="2" changeset="183726685" timestamp="2026-06-06T08:12:25Z" user="mueschel" uid="616774" lat="35.0032340" lon="126.8215470">
  <tag k="check_date" v="2025-10-24"/>
  <tag k="count" v="1"/>
  <tag k="man_made" v="surveillance"/>
  <tag k="operator" v="나주시청"/>
  <tag k="operator:phone" v="+82 61 339 4705"/>
  <tag k="surveillance" v="public"/>
  <tag k="surveillance:purpose" v="다목적"/>
  <tag k="surveillance:type" v="camera"/>
 </node>
 <node id="13913435679" visible="true" version="1" changeset="183719228" timestamp="2026-06-06T00:53:04Z" user="aaei924" uid="10626814" lat="34.9993046" lon="126.8062660"/>
 <node id="13913435680" visible="true" version="1" changeset="183719228" timestamp="2026-06-06T00:53:04Z" user="aaei924" uid="10626814" lat="34.9989790" lon="126.8059289"/>
 <node id="13913435681" visible="true" version="1" changeset="183719228" timestamp="2026-06-06T00:53:04Z" user="aaei924" uid="10626814" lat="34.9995153" lon="126.8064966"/>
 <node id="13913435682" visible="true" version="1" changeset="183719228" timestamp="2026-06-06T00:53:04Z" user="aaei924" uid="10626814" lat="35.0001135" lon="126.8072191"/>
 <node id="13913435683" visible="true" version="1" changeset="183719228" timestamp="2026-06-06T00:53:04Z" user="aaei924" uid="10626814" lat="35.0009650" lon="126.8085791"/>
 <node id="13913435684" visible="true" version="1" changeset="183719228" timestamp="2026-06-06T00:53:04Z" user="aaei924" uid="10626814" lat="35.0013567" lon="126.8094055"/>
 <node id="13913435685" visible="true" version="1" changeset="183719228" timestamp="2026-06-06T00:53:04Z" user="aaei924" uid="10626814" lat="35.0043484" lon="126.8168928"/>
 <node id="13913435686" visible="true" version="1" changeset="183719228" timestamp="2026-06-06T00:53:04Z" user="aaei924" uid="10626814" lat="35.0017377" lon="126.8103810"/>
 <node id="13913435687" visible="true" version="1" changeset="183719228" timestamp="2026-06-06T00:53:04Z" user="aaei924" uid="10626814" lat="35.0015220" lon="126.8098100"/>
 <node id="13913435688" visible="true" version="1" changeset="183719228" timestamp="2026-06-06T00:53:04Z" user="aaei924" uid="10626814" lat="35.0049191" lon="126.8177490"/>
 <node id="13913435689" visible="true" version="1" changeset="183719228" timestamp="2026-06-06T00:53:04Z" user="aaei924" uid="10626814" lat="35.0046214" lon="126.8173550"/>
 <node id="13913435690" visible="true" version="1" changeset="183719228" timestamp="2026-06-06T00:53:04Z" user="aaei924" uid="10626814" lat="35.0071813" lon="126.8189968"/>
 <node id="13913435691" visible="true" version="1" changeset="183719228" timestamp="2026-06-06T00:53:04Z" user="aaei924" uid="10626814" lat="35.0063314" lon="126.8188102"/>
 <node id="13913435692" visible="true" version="1" changeset="183719228" timestamp="2026-06-06T00:53:04Z" user="aaei924" uid="10626814" lat="35.0089803" lon="126.8197647"/>
 <node id="13913435693" visible="true" version="1" changeset="183719228" timestamp="2026-06-06T00:53:04Z" user="aaei924" uid="10626814" lat="35.0089220" lon="126.8195104"/>
 <node id="13913435694" visible="true" version="1" changeset="183719228" timestamp="2026-06-06T00:53:04Z" user="aaei924" uid="10626814" lat="35.0092370" lon="126.8196143"/>
 <node id="13913435695" visible="true" version="1" changeset="183719228" timestamp="2026-06-06T00:53:04Z" user="aaei924" uid="10626814" lat="35.0092920" lon="126.8198622"/>
 <node id="13913435696" visible="true" version="1" changeset="183719228" timestamp="2026-06-06T00:53:04Z" user="aaei924" uid="10626814" lat="35.0072173" lon="126.8188522"/>
 <node id="13913435697" visible="true" version="1" changeset="183719228" timestamp="2026-06-06T00:53:04Z" user="aaei924" uid="10626814" lat="35.0162027" lon="126.8239007"/>
 <node id="13913435698" visible="true" version="1" changeset="183719228" timestamp="2026-06-06T00:53:04Z" user="aaei924" uid="10626814" lat="35.0159845" lon="126.8239089"/>
 <node id="13913435699" visible="true" version="1" changeset="183719228" timestamp="2026-06-06T00:53:04Z" user="aaei924" uid="10626814" lat="35.0156572" lon="126.8237276"/>
 <node id="13913435700" visible="true" version="1" changeset="183719228" timestamp="2026-06-06T00:53:04Z" user="aaei924" uid="10626814" lat="35.0158158" lon="126.8238202"/>
 <node id="13913446357" visible="true" version="1" changeset="183719228" timestamp="2026-06-06T00:53:04Z" user="aaei924" uid="10626814" lat="35.0164694" lon="126.8240013"/>
 <node id="13913446358" visible="true" version="1" changeset="183719228" timestamp="2026-06-06T00:53:04Z" user="aaei924" uid="10626814" lat="35.0162328" lon="126.8239147"/>
 <node id="13913446359" visible="true" version="1" changeset="183719228" timestamp="2026-06-06T00:53:04Z" user="aaei924" uid="10626814" lat="35.0160151" lon="126.8238136"/>
 <node id="13913446360" visible="true" version="1" changeset="183719228" timestamp="2026-06-06T00:53:04Z" user="aaei924" uid="10626814" lat="35.0157790" lon="126.8236849"/>
 <node id="13913446361" visible="true" version="1" changeset="183719228" timestamp="2026-06-06T00:53:04Z" user="aaei924" uid="10626814" lat="35.0154872" lon="126.8235020"/>
 <node id="13913446362" visible="true" version="1" changeset="183719228" timestamp="2026-06-06T00:53:04Z" user="aaei924" uid="10626814" lat="35.0151996" lon="126.8233002"/>
 <node id="13913446363" visible="true" version="1" changeset="183719228" timestamp="2026-06-06T00:53:04Z" user="aaei924" uid="10626814" lat="35.0133671" lon="126.8219147"/>
 <node id="13913446364" visible="true" version="1" changeset="183719228" timestamp="2026-06-06T00:53:04Z" user="aaei924" uid="10626814" lat="35.0125921" lon="126.8213507"/>
 <node id="13913446365" visible="true" version="1" changeset="183719228" timestamp="2026-06-06T00:53:04Z" user="aaei924" uid="10626814" lat="35.0120880" lon="126.8209644"/>
 <node id="13913446366" visible="true" version="1" changeset="183719228" timestamp="2026-06-06T00:53:04Z" user="aaei924" uid="10626814" lat="35.0117841" lon="126.8207395"/>
 <node id="13913446367" visible="true" version="1" changeset="183719228" timestamp="2026-06-06T00:53:04Z" user="aaei924" uid="10626814" lat="35.0115674" lon="126.8205924"/>
 <node id="13913446368" visible="true" version="1" changeset="183719228" timestamp="2026-06-06T00:53:04Z" user="aaei924" uid="10626814" lat="35.0113519" lon="126.8204646"/>
 <node id="13913446369" visible="true" version="1" changeset="183719228" timestamp="2026-06-06T00:53:04Z" user="aaei924" uid="10626814" lat="35.0111309" lon="126.8203469"/>
 <node id="13913446370" visible="true" version="1" changeset="183719228" timestamp="2026-06-06T00:53:04Z" user="aaei924" uid="10626814" lat="35.0108674" lon="126.8202249"/>
 <node id="13913446371" visible="true" version="1" changeset="183719228" timestamp="2026-06-06T00:53:04Z" user="aaei924" uid="10626814" lat="35.0106207" lon="126.8201267"/>
 <node id="13913446372" visible="true" version="1" changeset="183719228" timestamp="2026-06-06T00:53:04Z" user="aaei924" uid="10626814" lat="35.0104125" lon="126.8200505"/>
 <node id="13913446373" visible="true" version="1" changeset="183719228" timestamp="2026-06-06T00:53:04Z" user="aaei924" uid="10626814" lat="35.0098055" lon="126.8198614"/>
 <node id="13913446374" visible="true" version="1" changeset="183719228" timestamp="2026-06-06T00:53:04Z" user="aaei924" uid="10626814" lat="35.0092528" lon="126.8196856"/>
 <node id="13913446375" visible="true" version="1" changeset="183719228" timestamp="2026-06-06T00:53:04Z" user="aaei924" uid="10626814" lat="35.0089381" lon="126.8195808"/>
 <node id="13913446376" visible="true" version="1" changeset="183719228" timestamp="2026-06-06T00:53:04Z" user="aaei924" uid="10626814" lat="35.0082198" lon="126.8193452"/>
 <node id="13913446377" visible="true" version="1" changeset="183719228" timestamp="2026-06-06T00:53:04Z" user="aaei924" uid="10626814" lat="35.0068957" lon="126.8189010">
  <tag k="highway" v="traffic_signals"/>
  <tag k="name" v="도래교차로"/>
  <tag k="traffic_signals" v="signal_name=지평로_name:en=jipyeong-ro_name:ko=지평로_name:ko-latn=jipyeongro"/>
 </node>
 <node id="13913446378" visible="true" version="1" changeset="183719228" timestamp="2026-06-06T00:53:04Z" user="aaei924" uid="10626814" lat="35.0062490" lon="126.8186508"/>
 <node id="13913446379" visible="true" version="1" changeset="183719228" timestamp="2026-06-06T00:53:04Z" user="aaei924" uid="10626814" lat="35.0060437" lon="126.8185532"/>
 <node id="13913446380" visible="true" version="1" changeset="183719228" timestamp="2026-06-06T00:53:04Z" user="aaei924" uid="10626814" lat="35.0058352" lon="126.8184327"/>
 <node id="13913446381" visible="true" version="1" changeset="183719228" timestamp="2026-06-06T00:53:04Z" user="aaei924" uid="10626814" lat="35.0055527" lon="126.8182298"/>
 <node id="13913446382" visible="true" version="1" changeset="183719228" timestamp="2026-06-06T00:53:04Z" user="aaei924" uid="10626814" lat="35.0052819" lon="126.8179971"/>
 <node id="13913446383" visible="true" version="1" changeset="183719228" timestamp="2026-06-06T00:53:04Z" user="aaei924" uid="10626814" lat="35.0051027" lon="126.8178169"/>
 <node id="13913446384" visible="true" version="1" changeset="183719228" timestamp="2026-06-06T00:53:04Z" user="aaei924" uid="10626814" lat="35.0048942" lon="126.8175613"/>
 <node id="13913446385" visible="true" version="1" changeset="183719228" timestamp="2026-06-06T00:53:04Z" user="aaei924" uid="10626814" lat="35.0047293" lon="126.8173399"/>
 <node id="13913446386" visible="true" version="1" changeset="183719228" timestamp="2026-06-06T00:53:04Z" user="aaei924" uid="10626814" lat="35.0045679" lon="126.8170913"/>
 <node id="13913446387" visible="true" version="1" changeset="183719228" timestamp="2026-06-06T00:53:04Z" user="aaei924" uid="10626814" lat="35.0044274" lon="126.8168450"/>
 <node id="13913446388" visible="true" version="1" changeset="183719228" timestamp="2026-06-06T00:53:04Z" user="aaei924" uid="10626814" lat="35.0042969" lon="126.8165857"/>
 <node id="13913446389" visible="true" version="1" changeset="183719228" timestamp="2026-06-06T00:53:04Z" user="aaei924" uid="10626814" lat="35.0041602" lon="126.8162796"/>
 <node id="13913446390" visible="true" version="1" changeset="183719228" timestamp="2026-06-06T00:53:04Z" user="aaei924" uid="10626814" lat="35.0040476" lon="126.8160080"/>
 <node id="13913446391" visible="true" version="1" changeset="183719228" timestamp="2026-06-06T00:53:04Z" user="aaei924" uid="10626814" lat="35.0033838" lon="126.8142555"/>
 <node id="13913446392" visible="true" version="1" changeset="183719228" timestamp="2026-06-06T00:53:04Z" user="aaei924" uid="10626814" lat="35.0027006" lon="126.8126107">
  <tag k="highway" v="traffic_signals"/>
  <tag k="name" v="신도교차로"/>
  <tag k="traffic_signals" v="signal"/>
 </node>
 <node id="13913446393" visible="true" version="1" changeset="183719228" timestamp="2026-06-06T00:53:04Z" user="aaei924" uid="10626814" lat="35.0025405" lon="126.8121704"/>
 <node id="13913446394" visible="true" version="1" changeset="183719228" timestamp="2026-06-06T00:53:04Z" user="aaei924" uid="10626814" lat="35.0023757" lon="126.8117212"/>
 <node id="13913446395" visible="true" version="1" changeset="183719228" timestamp="2026-06-06T00:53:04Z" user="aaei924" uid="10626814" lat="35.0018798" lon="126.8105031"/>
 <node id="13913446396" visible="true" version="1" changeset="183719228" timestamp="2026-06-06T00:53:04Z" user="aaei924" uid="10626814" lat="35.0015482" lon="126.8096336"/>
 <node id="13913446397" visible="true" version="1" changeset="183719228" timestamp="2026-06-06T00:53:04Z" user="aaei924" uid="10626814" lat="35.0013080" lon="126.8090696"/>
 <node id="13913446398" visible="true" version="1" changeset="183719228" timestamp="2026-06-06T00:53:04Z" user="aaei924" uid="10626814" lat="35.0010710" lon="126.8085936"/>
 <node id="13913446399" visible="true" version="1" changeset="183719228" timestamp="2026-06-06T00:53:04Z" user="aaei924" uid="10626814" lat="35.0008551" lon="126.8081866"/>
 <node id="13913446400" visible="true" version="1" changeset="183719228" timestamp="2026-06-06T00:53:04Z" user="aaei924" uid="10626814" lat="35.0006342" lon="126.8078157"/>
 <node id="13913446401" visible="true" version="1" changeset="183719228" timestamp="2026-06-06T00:53:04Z" user="aaei924" uid="10626814" lat="35.0004148" lon="126.8074821"/>
 <node id="13913446402" visible="true" version="1" changeset="183719228" timestamp="2026-06-06T00:53:04Z" user="aaei924" uid="10626814" lat="35.0001700" lon="126.8071420"/>
 <node id="13913446403" visible="true" version="1" changeset="183719228" timestamp="2026-06-06T00:53:04Z" user="aaei924" uid="10626814" lat="34.9999362" lon="126.8068352"/>
 <node id="13913446404" visible="true" version="1" changeset="183719228" timestamp="2026-06-06T00:53:04Z" user="aaei924" uid="10626814" lat="34.9997448" lon="126.8066028"/>
 <node id="13913446405" visible="true" version="1" changeset="183719228" timestamp="2026-06-06T00:53:04Z" user="aaei924" uid="10626814" lat="34.9994644" lon="126.8062917"/>
 <node id="13913446406" visible="true" version="1" changeset="183719228" timestamp="2026-06-06T00:53:04Z" user="aaei924" uid="10626814" lat="34.9991162" lon="126.8059291"/>
 <node id="13913446407" visible="true" version="1" changeset="183719228" timestamp="2026-06-06T00:53:04Z" user="aaei924" uid="10626814" lat="34.9988393" lon="126.8056626"/>
 <node id="13913446408" visible="true" version="1" changeset="183719228" timestamp="2026-06-06T00:53:04Z" user="aaei924" uid="10626814" lat="34.9984646" lon="126.8053428"/>
 <node id="13922718667" visible="true" version="1" changeset="183872037" timestamp="2026-06-09T11:55:14Z" user="야광멧돼지" uid="12393144" lat="35.0157712" lon="126.8249809"/>
 <way id="330184077" visible="true" version="4" changeset="163089849" timestamp="2025-03-01T14:14:45Z" user="dongin" uid="11518918">
  <nd ref="2662270284"/>
  <nd ref="3371351828"/>
  <nd ref="3371351812"/>
  <nd ref="3371351808"/>
  <nd ref="3371351798"/>
  <nd ref="3371351820"/>
  <nd ref="3371351815"/>
  <nd ref="3371351809"/>
  <nd ref="12096598128"/>
  <nd ref="3371351822"/>
  <nd ref="3371351805"/>
  <nd ref="3371351827"/>
  <nd ref="3371351806"/>
  <nd ref="3371351799"/>
  <nd ref="3371351794"/>
  <tag k="highway" v="track"/>
  <tag k="surface" v="concrete"/>
  <tag k="tracktype" v="grade1"/>
 </way>
 <way id="372823353" visible="true" version="22" changeset="183719228" timestamp="2026-06-06T00:53:04Z" user="aaei924" uid="10626814">
  <nd ref="11699298704"/>
  <nd ref="3763708601"/>
  <nd ref="11699298705"/>
  <nd ref="5309416313"/>
  <nd ref="11699298706"/>
  <nd ref="3763708600"/>
  <nd ref="11699298707"/>
  <nd ref="5309416314"/>
  <nd ref="11699298708"/>
  <nd ref="3763708595"/>
  <nd ref="11699298709"/>
  <nd ref="11228765575"/>
  <nd ref="11699298710"/>
  <nd ref="11228765574"/>
  <nd ref="13913435699"/>
  <nd ref="13913435700"/>
  <nd ref="13913435698"/>
  <nd ref="3371348181"/>
  <nd ref="3371348178"/>
  <tag k="highway" v="secondary"/>
  <tag k="maxspeed" v="70"/>
  <tag k="name" v="지평로"/>
  <tag k="name:en" v="Jipyeong-ro"/>
  <tag k="name:ko" v="지평로"/>
  <tag k="name:ko-Latn" v="Jipyeongro"/>
  <tag k="oneway" v="yes"/>
  <tag k="ref" v="55"/>
  <tag k="surface" v="asphalt"/>
 </way>
 <way id="372823696" visible="true" version="10" changeset="161154274" timestamp="2025-01-09T03:09:02Z" user="FUKUTAN" uid="5207199">
  <nd ref="1439040250"/>
  <nd ref="11699298751"/>
  <nd ref="12096599347"/>
  <nd ref="1439040249"/>
  <nd ref="11586054714"/>
  <nd ref="11586054713"/>
  <nd ref="1439040248"/>
  <nd ref="11586054712"/>
  <nd ref="11586054785"/>
  <nd ref="1439040247"/>
  <nd ref="11586054711"/>
  <nd ref="11586054710"/>
  <nd ref="11671846147"/>
  <nd ref="11671846167"/>
  <nd ref="1439040246"/>
  <nd ref="11586054728"/>
  <nd ref="11586054727"/>
  <nd ref="1439040245"/>
  <nd ref="11586054726"/>
  <nd ref="11671846703"/>
  <nd ref="11586054725"/>
  <nd ref="1439040244"/>
  <nd ref="11586054724"/>
  <nd ref="11586054723"/>
  <nd ref="1439040243"/>
  <nd ref="11671846706"/>
  <nd ref="1441283148"/>
  <nd ref="1439040242"/>
  <nd ref="12096598251"/>
  <nd ref="11586054722"/>
  <nd ref="11586054721"/>
  <nd ref="1439040234"/>
  <nd ref="11671846702"/>
  <nd ref="1439040223"/>
  <nd ref="11586054720"/>
  <nd ref="11586054719"/>
  <nd ref="1439040218"/>
  <nd ref="11586054718"/>
  <nd ref="1439040196"/>
  <nd ref="11586054717"/>
  <nd ref="1439040186"/>
  <nd ref="11586054716"/>
  <nd ref="11671846569"/>
  <nd ref="1439040181"/>
  <nd ref="11671846168"/>
  <nd ref="11671846570"/>
  <nd ref="3071509986"/>
  <nd ref="2662270291"/>
  <nd ref="1439040177"/>
  <nd ref="3071509988"/>
  <nd ref="3371348408"/>
  <nd ref="3371348632"/>
  <nd ref="1439040150"/>
  <nd ref="12485849952"/>
  <nd ref="1439040143"/>
  <nd ref="12485849951"/>
  <nd ref="1439040126"/>
  <nd ref="11699300879"/>
  <nd ref="11699300880"/>
  <nd ref="1439040121"/>
  <nd ref="1439040117"/>
  <nd ref="1439040108"/>
  <nd ref="11699300881"/>
  <nd ref="1439040103"/>
  <nd ref="11699300882"/>
  <nd ref="1439040093"/>
  <nd ref="11699300883"/>
  <nd ref="1439040089"/>
  <nd ref="1439040085"/>
  <nd ref="1439040080"/>
  <nd ref="1439040075"/>
  <nd ref="1439040068"/>
  <nd ref="1439040034"/>
  <nd ref="1439040030"/>
  <nd ref="1439040026"/>
  <nd ref="1439040020"/>
  <nd ref="1439040019"/>
  <nd ref="1439040018"/>
  <nd ref="1439040016"/>
  <nd ref="1439040011"/>
  <nd ref="1439039997"/>
  <nd ref="7660257043"/>
  <nd ref="1439039990"/>
  <nd ref="12096600284"/>
  <nd ref="1439039988"/>
  <nd ref="7660256659"/>
  <nd ref="1439039984"/>
  <nd ref="1439039979"/>
  <nd ref="7660256295"/>
  <nd ref="1439039972"/>
  <nd ref="7660256736"/>
  <nd ref="1439039970"/>
  <nd ref="7660256685"/>
  <nd ref="7660256716"/>
  <nd ref="1439039955"/>
  <nd ref="1439039948"/>
  <nd ref="7660256581"/>
  <nd ref="1439039944"/>
  <nd ref="1439039943"/>
  <nd ref="1439039941"/>
  <nd ref="7660256374"/>
  <tag k="highway" v="tertiary"/>
  <tag k="lanes" v="2"/>
  <tag k="name" v="다도로"/>
  <tag k="name:en" v="Dado-ro"/>
  <tag k="name:ko" v="다도로"/>
  <tag k="surface" v="asphalt"/>
 </way>
 <way id="372823740" visible="true" version="15" changeset="183872037" timestamp="2026-06-09T11:55:14Z" user="야광멧돼지" uid="12393144">
  <nd ref="11228765554"/>
  <nd ref="11228765556"/>
  <nd ref="11228765557"/>
  <nd ref="437029001"/>
  <nd ref="13397888079"/>
  <nd ref="13397888034"/>
  <nd ref="437029002"/>
  <nd ref="437029003"/>
  <nd ref="437029004"/>
  <nd ref="437029005"/>
  <nd ref="13397888077"/>
  <nd ref="437029006"/>
  <nd ref="437029007"/>
  <nd ref="5217245006"/>
  <nd ref="437029008"/>
  <nd ref="5217245005"/>
  <nd ref="13913446377"/>
  <nd ref="3763709672"/>
  <nd ref="5307632206"/>
  <nd ref="12096599423"/>
  <nd ref="1439040250"/>
  <nd ref="5307632185"/>
  <nd ref="11671846746"/>
  <nd ref="11671846747"/>
  <nd ref="11671846749"/>
  <nd ref="414671636"/>
  <nd ref="11671846748"/>
  <nd ref="11671846750"/>
  <nd ref="437029012"/>
  <nd ref="12096599399"/>
  <nd ref="437029013"/>
  <nd ref="437029015"/>
  <nd ref="437029016"/>
  <nd ref="11228765559"/>
  <nd ref="437029017"/>
  <nd ref="437029018"/>
  <nd ref="437029019"/>
  <nd ref="437029020"/>
  <nd ref="11228765558"/>
  <nd ref="437029061"/>
  <nd ref="437029062"/>
  <nd ref="437029063"/>
  <nd ref="4969382480"/>
  <nd ref="437029064"/>
  <nd ref="11228765553"/>
  <nd ref="437029065"/>
  <nd ref="12096597751"/>
  <nd ref="11228765552"/>
  <nd ref="12096598447"/>
  <nd ref="437029066"/>
  <nd ref="11228765551"/>
  <nd ref="437029067"/>
  <nd ref="11228765550"/>
  <nd ref="11228765549"/>
  <nd ref="437029068"/>
  <nd ref="11228765548"/>
  <nd ref="11228765547"/>
  <nd ref="437029069"/>
  <nd ref="13922718667"/>
  <nd ref="4969382481"/>
  <nd ref="437029070"/>
  <nd ref="437029071"/>
  <nd ref="437029072"/>
  <nd ref="4969382482"/>
  <nd ref="437029073"/>
  <nd ref="437029074"/>
  <nd ref="1438911785"/>
  <tag k="highway" v="tertiary"/>
  <tag k="name" v="세남로"/>
  <tag k="name:en" v="Senam-ro"/>
  <tag k="name:ko" v="세남로"/>
  <tag k="ref" v="40"/>
  <tag k="review" v="no"/>
 </way>
 <way id="507430320" visible="true" version="4" changeset="148322007" timestamp="2024-03-07T03:45:57Z" user="FUKUTAN" uid="5207199">
  <nd ref="437029013"/>
  <nd ref="4969382484"/>
  <nd ref="4969382485"/>
  <nd ref="11671846751"/>
  <nd ref="4969382486"/>
  <nd ref="11699300841"/>
  <nd ref="4969382487"/>
  <nd ref="5217245011"/>
  <nd ref="5217245014"/>
  <nd ref="4969382488"/>
  <tag k="highway" v="residential"/>
 </way>
 <way id="539130529" visible="true" version="2" changeset="147077461" timestamp="2024-02-05T04:28:45Z" user="FUKUTAN" uid="5207199">
  <nd ref="11586054709"/>
  <nd ref="5217245007"/>
  <nd ref="5217245008"/>
  <nd ref="5217245009"/>
  <nd ref="5217245010"/>
  <nd ref="5217245011"/>
  <tag k="highway" v="service"/>
  <tag k="service" v="parking_aisle"/>
 </way>
 <way id="539130530" visible="true" version="1" changeset="53597468" timestamp="2017-11-08T01:10:58Z" user="FUKUTAN" uid="5207199">
  <nd ref="5217245012"/>
  <nd ref="5217245013"/>
  <nd ref="5217245014"/>
  <tag k="highway" v="service"/>
  <tag k="service" v="parking_aisle"/>
 </way>
 <way id="539130531" visible="true" version="1" changeset="53597468" timestamp="2017-11-08T01:10:58Z" user="FUKUTAN" uid="5207199">
  <nd ref="4969382488"/>
  <nd ref="5217245015"/>
  <nd ref="5217245016"/>
  <nd ref="5217245017"/>
  <nd ref="4969382488"/>
  <tag k="highway" v="service"/>
  <tag k="service" v="parking_aisle"/>
 </way>
 <way id="549446921" visible="true" version="2" changeset="148322007" timestamp="2024-03-07T03:45:57Z" user="FUKUTAN" uid="5207199">
  <nd ref="1439040250"/>
  <nd ref="11699298750"/>
  <nd ref="11699298759"/>
  <nd ref="11699298749"/>
  <nd ref="11699298748"/>
  <nd ref="11699298752"/>
  <nd ref="11699298747"/>
  <nd ref="11699298746"/>
  <nd ref="11699298745"/>
  <nd ref="11699298744"/>
  <nd ref="11699298743"/>
  <nd ref="11699298742"/>
  <nd ref="11699298741"/>
  <nd ref="11699298740"/>
  <nd ref="11699298739"/>
  <nd ref="5307632186"/>
  <nd ref="11699300828"/>
  <nd ref="5307632190"/>
  <nd ref="11699300845"/>
  <nd ref="11699298711"/>
  <nd ref="11699298712"/>
  <tag k="highway" v="residential"/>
 </way>
 <way id="549446922" visible="true" version="1" changeset="54972016" timestamp="2017-12-28T02:49:45Z" user="FUKUTAN" uid="5207199">
  <nd ref="5307632191"/>
  <nd ref="5307632192"/>
  <nd ref="5307632193"/>
  <nd ref="5307632194"/>
  <nd ref="5307632195"/>
  <nd ref="5307632196"/>
  <nd ref="5307632197"/>
  <nd ref="5307632198"/>
  <nd ref="5307632199"/>
  <nd ref="5307632200"/>
  <nd ref="5307632201"/>
  <nd ref="5307632202"/>
  <nd ref="5307632203"/>
  <nd ref="5307632204"/>
  <nd ref="5307632191"/>
  <tag k="amenity" v="school"/>
  <tag k="name" v="나주이화학교"/>
 </way>
 <way id="549446923" visible="true" version="2" changeset="74468335" timestamp="2019-09-14T10:25:41Z" user="Jockhyeng1" uid="1594736">
  <nd ref="5307632206"/>
  <nd ref="5307632207"/>
  <nd ref="5307632208"/>
  <nd ref="5307632209"/>
  <nd ref="5307632210"/>
  <tag k="highway" v="secondary_link"/>
  <tag k="oneway" v="yes"/>
 </way>
 <way id="549504191" visible="true" version="5" changeset="169845314" timestamp="2025-08-02T05:20:22Z" user="morago" uid="11113946">
  <nd ref="5308049084"/>
  <nd ref="5308049085"/>
  <nd ref="5308049086"/>
  <nd ref="5308049087"/>
  <nd ref="5308049088"/>
  <nd ref="5308049089"/>
  <nd ref="5308049090"/>
  <nd ref="5308049091"/>
  <nd ref="5308049092"/>
  <nd ref="5308049093"/>
  <nd ref="5308049094"/>
  <nd ref="5308049095"/>
  <nd ref="5308049096"/>
  <nd ref="5308049097"/>
  <nd ref="5308049098"/>
  <nd ref="5308049099"/>
  <nd ref="5308049100"/>
  <nd ref="5308049101"/>
  <nd ref="5308049102"/>
  <nd ref="5308049103"/>
  <nd ref="5308049104"/>
  <nd ref="5308049105"/>
  <nd ref="5308049106"/>
  <nd ref="5308049107"/>
  <nd ref="5308049108"/>
  <nd ref="5308049109"/>
  <nd ref="5308049110"/>
  <nd ref="5308049111"/>
  <nd ref="5308049112"/>
  <nd ref="5308049113"/>
  <nd ref="5308049084"/>
  <tag k="crop" v="rice"/>
  <tag k="landuse" v="farmland"/>
 </way>
 <way id="624152284" visible="true" version="7" changeset="157900216" timestamp="2024-10-15T00:38:08Z" user="야광멧돼지" uid="12393144">
  <nd ref="5893787726"/>
  <nd ref="5893787727"/>
  <nd ref="5893787728"/>
  <nd ref="5893787729"/>
  <nd ref="5893787730"/>
  <nd ref="5893787731"/>
  <nd ref="5893787732"/>
  <nd ref="5893787733"/>
  <nd ref="5893787734"/>
  <nd ref="5893787735"/>
  <nd ref="5893787736"/>
  <nd ref="5893787737"/>
  <nd ref="5893787738"/>
  <nd ref="5893787739"/>
  <nd ref="5893787740"/>
  <nd ref="5893787741"/>
  <nd ref="5893787742"/>
  <nd ref="5893787743"/>
  <nd ref="5893787744"/>
  <nd ref="5893787745"/>
  <nd ref="5893787746"/>
  <nd ref="5893787747"/>
  <nd ref="5893787748"/>
  <nd ref="5893787749"/>
  <nd ref="5893787750"/>
  <nd ref="5893787751"/>
  <nd ref="3926185149"/>
  <nd ref="11780671422"/>
  <nd ref="3926185150"/>
  <nd ref="3926185151"/>
  <nd ref="3926185152"/>
  <nd ref="3926185153"/>
  <nd ref="11780671423"/>
  <nd ref="3926185154"/>
  <nd ref="3926185155"/>
  <nd ref="11780671424"/>
  <nd ref="11780671425"/>
  <nd ref="11780671426"/>
  <nd ref="11780671436"/>
  <nd ref="11780671435"/>
  <nd ref="11780671434"/>
  <nd ref="11780671433"/>
  <nd ref="11780671432"/>
  <nd ref="11780671431"/>
  <nd ref="11780671430"/>
  <nd ref="11780671429"/>
  <nd ref="11780671428"/>
  <nd ref="11780671427"/>
  <nd ref="3926185156"/>
  <nd ref="3926185157"/>
  <nd ref="3926185160"/>
  <nd ref="3926185162"/>
  <nd ref="3926185163"/>
  <nd ref="3926185164"/>
  <nd ref="11780671437"/>
  <nd ref="3926238524"/>
  <nd ref="11780671438"/>
  <nd ref="11780671439"/>
  <nd ref="11780671440"/>
  <nd ref="11780671441"/>
  <nd ref="11780671442"/>
  <nd ref="11780671443"/>
  <nd ref="11780671444"/>
  <nd ref="11780671445"/>
  <nd ref="11780671446"/>
  <nd ref="11780671447"/>
  <nd ref="11780671448"/>
  <nd ref="11780671449"/>
  <nd ref="11780671450"/>
  <nd ref="11780671451"/>
  <nd ref="11780671452"/>
  <nd ref="11780671453"/>
  <nd ref="11780671454"/>
  <nd ref="11780671455"/>
  <nd ref="11780671456"/>
  <nd ref="3926185165"/>
  <nd ref="3926185166"/>
  <nd ref="3926238521"/>
  <nd ref="3926185167"/>
  <nd ref="3926238520"/>
  <nd ref="3926238519"/>
  <nd ref="3926238518"/>
  <nd ref="3926185172"/>
  <nd ref="3926185173"/>
  <nd ref="3926185174"/>
  <nd ref="3926238515"/>
  <nd ref="3926238514"/>
  <nd ref="3926238513"/>
  <nd ref="3926238512"/>
  <nd ref="3926238511"/>
  <nd ref="7660256383"/>
  <nd ref="7660256384"/>
  <nd ref="7660256385"/>
  <nd ref="7660256386"/>
  <nd ref="7660256387"/>
  <nd ref="7660256449"/>
  <nd ref="7660256388"/>
  <nd ref="7660256389"/>
  <nd ref="3926238509"/>
  <nd ref="7660256390"/>
  <nd ref="7660256391"/>
  <nd ref="3926238508"/>
  <nd ref="7660256392"/>
  <nd ref="7660256393"/>
  <nd ref="7660256395"/>
  <nd ref="7660256394"/>
  <nd ref="3926238507"/>
  <nd ref="3926238506"/>
  <nd ref="3926238505"/>
  <nd ref="3926238504"/>
  <nd ref="3926238503"/>
  <nd ref="3926238502"/>
  <nd ref="3926238501"/>
  <nd ref="3926238500"/>
  <nd ref="3926238499"/>
  <nd ref="3926238498"/>
  <nd ref="3926238497"/>
  <nd ref="3926238496"/>
  <nd ref="3926238495"/>
  <nd ref="3926238494"/>
  <nd ref="3926238493"/>
  <nd ref="3926238492"/>
  <nd ref="3926238491"/>
  <nd ref="3926238490"/>
  <nd ref="3926238489"/>
  <nd ref="3926238488"/>
  <nd ref="3926238487"/>
  <nd ref="3926238486"/>
  <nd ref="3926238485"/>
  <nd ref="3926238484"/>
  <nd ref="3926238483"/>
  <nd ref="3926238482"/>
  <nd ref="3926238481"/>
  <nd ref="3926238480"/>
  <nd ref="3926238479"/>
  <nd ref="3926238478"/>
  <nd ref="3926238477"/>
  <nd ref="3926238476"/>
  <nd ref="3926238475"/>
  <nd ref="3926238474"/>
  <nd ref="3926238473"/>
  <nd ref="3926238472"/>
  <nd ref="3926238471"/>
  <nd ref="3926238470"/>
  <nd ref="3926238469"/>
  <nd ref="3926238468"/>
  <nd ref="3926238467"/>
  <nd ref="3926238466"/>
  <nd ref="3926238465"/>
  <nd ref="3926238464"/>
  <nd ref="3926238463"/>
  <nd ref="3926238462"/>
  <nd ref="3926238461"/>
  <nd ref="3926238460"/>
  <nd ref="3926238459"/>
  <nd ref="3926238458"/>
  <nd ref="3926238457"/>
  <nd ref="3926238456"/>
  <nd ref="3926238455"/>
  <nd ref="3926238454"/>
  <nd ref="3926238453"/>
  <nd ref="3926238452"/>
  <nd ref="3926238451"/>
  <nd ref="3926238450"/>
  <nd ref="3926238449"/>
  <nd ref="3926238448"/>
  <nd ref="3926238447"/>
  <nd ref="3926238446"/>
  <nd ref="3926238445"/>
  <nd ref="3926238444"/>
  <nd ref="3926238443"/>
  <nd ref="3926238442"/>
  <nd ref="3926238441"/>
  <nd ref="3926238440"/>
  <nd ref="3926238439"/>
  <nd ref="3926238438"/>
  <nd ref="3926238437"/>
  <nd ref="3926238436"/>
  <nd ref="3926238553"/>
  <nd ref="3926238552"/>
  <nd ref="3926238551"/>
  <nd ref="3926562268"/>
  <nd ref="3926562269"/>
  <nd ref="3926562270"/>
  <nd ref="3926562271"/>
  <nd ref="3926562272"/>
  <nd ref="3926562273"/>
  <nd ref="3926562274"/>
  <nd ref="3926562275"/>
  <nd ref="3926562276"/>
  <nd ref="10087024473"/>
  <nd ref="3926562277"/>
  <nd ref="3926562278"/>
  <nd ref="3926562279"/>
  <nd ref="3926562280"/>
  <nd ref="3926562281"/>
  <nd ref="3926562282"/>
  <nd ref="3926562283"/>
  <nd ref="3926562284"/>
  <nd ref="3926238550"/>
  <nd ref="3926238549"/>
  <nd ref="3926238548"/>
  <nd ref="3926238547"/>
  <nd ref="3926238546"/>
  <nd ref="3926238545"/>
  <nd ref="12096598393"/>
  <nd ref="3926238544"/>
  <nd ref="3926238543"/>
  <nd ref="3926238542"/>
  <nd ref="11780671459"/>
  <nd ref="3926238541"/>
  <nd ref="11780671458"/>
  <nd ref="11780671457"/>
  <nd ref="3926238540"/>
  <nd ref="10087024458"/>
  <nd ref="3926562133"/>
  <nd ref="3926238538"/>
  <nd ref="3926238537"/>
  <nd ref="5307632159"/>
  <nd ref="5307632160"/>
  <nd ref="5307632161"/>
  <nd ref="5307632162"/>
  <nd ref="5307632163"/>
  <nd ref="5307632164"/>
  <nd ref="5307632165"/>
  <nd ref="5307632166"/>
  <nd ref="5307632167"/>
  <nd ref="5307632168"/>
  <nd ref="5307632169"/>
  <nd ref="5307632170"/>
  <nd ref="5307632171"/>
  <nd ref="5307632172"/>
  <nd ref="5307632173"/>
  <nd ref="5307632174"/>
  <nd ref="5307632175"/>
  <nd ref="5307632176"/>
  <nd ref="5307632177"/>
  <nd ref="5307632178"/>
  <nd ref="5307632179"/>
  <nd ref="5307632180"/>
  <nd ref="5307632181"/>
  <nd ref="5307632182"/>
  <nd ref="5307632183"/>
  <nd ref="5893787087"/>
  <nd ref="5893787088"/>
  <nd ref="5893787089"/>
  <nd ref="5893787090"/>
  <nd ref="5893787091"/>
  <nd ref="5893787092"/>
  <nd ref="5893787093"/>
  <nd ref="5893787094"/>
  <nd ref="5893787095"/>
  <nd ref="5893787096"/>
  <nd ref="5893787097"/>
  <nd ref="5893787098"/>
  <nd ref="5893787099"/>
  <nd ref="5893787100"/>
  <nd ref="5893787101"/>
  <nd ref="5893787102"/>
  <nd ref="5893787103"/>
  <nd ref="5893787104"/>
  <nd ref="12251649742"/>
  <nd ref="12251649743"/>
  <nd ref="12251649744"/>
  <nd ref="5893787105"/>
  <nd ref="5893787106"/>
  <nd ref="5893787107"/>
  <nd ref="5893787108"/>
  <nd ref="5893787109"/>
  <nd ref="5893787110"/>
  <nd ref="5893787111"/>
  <nd ref="5893787112"/>
  <nd ref="5893787113"/>
  <nd ref="5893787114"/>
  <nd ref="5893787115"/>
  <nd ref="5893787116"/>
  <nd ref="5893787117"/>
  <nd ref="5893787118"/>
  <nd ref="5893787119"/>
  <nd ref="5893787120"/>
  <nd ref="5893787121"/>
  <nd ref="5893787122"/>
  <nd ref="5893787123"/>
  <nd ref="5893787124"/>
  <nd ref="5893787125"/>
  <nd ref="5893787126"/>
  <nd ref="5893787127"/>
  <nd ref="5893787128"/>
  <nd ref="5893787129"/>
  <nd ref="5893787130"/>
  <nd ref="5893787131"/>
  <nd ref="5893787132"/>
  <nd ref="5893787133"/>
  <nd ref="5893787134"/>
  <nd ref="5893787135"/>
  <nd ref="5893787136"/>
  <nd ref="5893787137"/>
  <nd ref="5893787138"/>
  <nd ref="5893787139"/>
  <nd ref="5893787140"/>
  <nd ref="5893787141"/>
  <nd ref="5893787142"/>
  <nd ref="5893787143"/>
  <nd ref="5893787144"/>
  <nd ref="5893787145"/>
  <nd ref="5893787146"/>
  <nd ref="5893787147"/>
  <nd ref="7047502512"/>
  <nd ref="7047502513"/>
  <nd ref="7047502519"/>
  <nd ref="7047502520"/>
  <nd ref="7047502522"/>
  <nd ref="7047502521"/>
  <nd ref="7047502514"/>
  <nd ref="7047502515"/>
  <nd ref="5893787726"/>
 </way>
 <way id="724533664" visible="true" version="3" changeset="183719228" timestamp="2026-06-06T00:53:04Z" user="aaei924" uid="10626814">
  <nd ref="13913435690"/>
  <nd ref="5307632211"/>
  <nd ref="5307632212"/>
  <nd ref="5307632213"/>
  <nd ref="5307632214"/>
  <nd ref="5217245005"/>
  <tag k="highway" v="secondary_link"/>
  <tag k="oneway" v="yes"/>
 </way>
 <way id="724533665" visible="true" version="3" changeset="183719228" timestamp="2026-06-06T00:53:04Z" user="aaei924" uid="10626814">
  <nd ref="5217245005"/>
  <nd ref="5307632216"/>
  <nd ref="5307632217"/>
  <nd ref="5307632218"/>
  <nd ref="5307632219"/>
  <tag k="highway" v="secondary_link"/>
  <tag k="oneway" v="yes"/>
 </way>
 <way id="724533666" visible="true" version="1" changeset="74468335" timestamp="2019-09-14T10:25:41Z" user="Jockhyeng1" uid="1594736">
  <nd ref="5307632220"/>
  <nd ref="5307632221"/>
  <nd ref="5307632222"/>
  <nd ref="5307632223"/>
  <nd ref="5307632206"/>
  <tag k="highway" v="secondary_link"/>
  <tag k="oneway" v="yes"/>
 </way>
 <way id="1212029924" visible="true" version="2" changeset="148003764" timestamp="2024-02-28T09:11:51Z" user="FUKUTAN" uid="5207199">
  <nd ref="437029019"/>
  <nd ref="11228765568"/>
  <nd ref="11228765561"/>
  <nd ref="11228765562"/>
  <tag k="highway" v="service"/>
 </way>
 <way id="1212029927" visible="true" version="5" changeset="183719228" timestamp="2026-06-06T00:53:04Z" user="aaei924" uid="10626814">
  <nd ref="5217245082"/>
  <nd ref="5180189986"/>
  <nd ref="13913435680"/>
  <nd ref="13913435679"/>
  <nd ref="13913435681"/>
  <nd ref="5180189985"/>
  <nd ref="13913435682"/>
  <nd ref="5180189984"/>
  <nd ref="5180189983"/>
  <nd ref="13913435683"/>
  <nd ref="3763709316"/>
  <nd ref="13913435684"/>
  <nd ref="13913435687"/>
  <nd ref="13913435686"/>
  <nd ref="3763708609"/>
  <nd ref="3763708606"/>
  <nd ref="3763708602"/>
  <nd ref="11228765656"/>
  <nd ref="13913435685"/>
  <nd ref="11228765655"/>
  <nd ref="13913435689"/>
  <nd ref="3763708604"/>
  <nd ref="13913435688"/>
  <nd ref="3763708597"/>
  <nd ref="5217245004"/>
  <nd ref="5217245003"/>
  <nd ref="5307632205"/>
  <nd ref="3763708605"/>
  <nd ref="13913435691"/>
  <nd ref="5307632220"/>
  <nd ref="3763709672"/>
  <nd ref="5307632210"/>
  <nd ref="3763708603"/>
  <tag k="highway" v="secondary"/>
  <tag k="maxspeed" v="70"/>
  <tag k="name" v="지평로"/>
  <tag k="name:en" v="Jipyeong-ro"/>
  <tag k="name:ko" v="지평로"/>
  <tag k="name:ko-Latn" v="Jipyeongro"/>
  <tag k="oneway" v="yes"/>
  <tag k="ref" v="55"/>
  <tag k="surface" v="asphalt"/>
 </way>
 <way id="1246222269" visible="true" version="1" changeset="147077461" timestamp="2024-02-05T04:28:45Z" user="FUKUTAN" uid="5207199">
  <nd ref="11586054726"/>
  <nd ref="11586054729"/>
  <nd ref="11586054730"/>
  <nd ref="11586054731"/>
  <nd ref="11586054732"/>
  <nd ref="11586054733"/>
  <nd ref="11586054734"/>
  <nd ref="11586054735"/>
  <nd ref="11586054736"/>
  <nd ref="11586054737"/>
  <nd ref="11586054738"/>
  <nd ref="11586054739"/>
  <nd ref="11586054740"/>
  <nd ref="11586054741"/>
  <nd ref="11586054742"/>
  <nd ref="11586054743"/>
  <nd ref="11586054744"/>
  <nd ref="11586054745"/>
  <nd ref="11586054746"/>
  <nd ref="11586054747"/>
  <nd ref="11586054748"/>
  <nd ref="11586054749"/>
  <nd ref="11586054750"/>
  <nd ref="11586054751"/>
  <nd ref="11586054752"/>
  <nd ref="11586054771"/>
  <nd ref="11586054753"/>
  <nd ref="11586054754"/>
  <nd ref="11586054773"/>
  <nd ref="11586054755"/>
  <nd ref="11586054756"/>
  <nd ref="11586054775"/>
  <nd ref="11586054757"/>
  <nd ref="11586054758"/>
  <nd ref="11586054759"/>
  <nd ref="11586054760"/>
  <nd ref="11586054761"/>
  <nd ref="11586054762"/>
  <nd ref="11586054763"/>
  <nd ref="11586054774"/>
  <nd ref="11586054772"/>
  <nd ref="11586054770"/>
  <nd ref="11586054769"/>
  <nd ref="11586054764"/>
  <tag k="highway" v="residential"/>
 </way>
 <way id="1246222270" visible="true" version="1" changeset="147077461" timestamp="2024-02-05T04:28:45Z" user="FUKUTAN" uid="5207199">
  <nd ref="11586054748"/>
  <nd ref="11586054765"/>
  <nd ref="11586054766"/>
  <nd ref="11586054767"/>
  <nd ref="11586054768"/>
  <nd ref="11586054769"/>
  <tag k="highway" v="residential"/>
 </way>
 <way id="1246222271" visible="true" version="1" changeset="147077461" timestamp="2024-02-05T04:28:45Z" user="FUKUTAN" uid="5207199">
  <nd ref="11586054770"/>
  <nd ref="11586054771"/>
  <tag k="highway" v="residential"/>
 </way>
 <way id="1246222272" visible="true" version="1" changeset="147077461" timestamp="2024-02-05T04:28:45Z" user="FUKUTAN" uid="5207199">
  <nd ref="11586054772"/>
  <nd ref="11586054773"/>
  <tag k="highway" v="residential"/>
 </way>
 <way id="1246222273" visible="true" version="1" changeset="147077461" timestamp="2024-02-05T04:28:45Z" user="FUKUTAN" uid="5207199">
  <nd ref="11586054774"/>
  <nd ref="11586054775"/>
  <tag k="highway" v="residential"/>
 </way>
 <way id="1246222274" visible="true" version="2" changeset="148003764" timestamp="2024-02-28T09:11:51Z" user="FUKUTAN" uid="5207199">
  <nd ref="11586054776"/>
  <nd ref="11671846139"/>
  <nd ref="11586054777"/>
  <nd ref="11586054778"/>
  <nd ref="11586054779"/>
  <nd ref="11586054780"/>
  <nd ref="11586054781"/>
  <nd ref="11586054782"/>
  <nd ref="11586054783"/>
  <nd ref="11586054784"/>
  <nd ref="11671846148"/>
  <nd ref="11586054710"/>
  <tag k="highway" v="service"/>
 </way>
 <way id="1255522936" visible="true" version="1" changeset="148003764" timestamp="2024-02-28T09:11:51Z" user="FUKUTAN" uid="5207199">
  <nd ref="11671846139"/>
  <nd ref="11671846140"/>
  <nd ref="11671846141"/>
  <nd ref="11671846142"/>
  <nd ref="11671846143"/>
  <nd ref="11671846144"/>
  <nd ref="11671846145"/>
  <nd ref="11671846146"/>
  <tag k="highway" v="service"/>
 </way>
 <way id="1255522937" visible="true" version="1" changeset="148003764" timestamp="2024-02-28T09:11:51Z" user="FUKUTAN" uid="5207199">
  <nd ref="11671846149"/>
  <nd ref="11671846150"/>
  <nd ref="11671846151"/>
  <nd ref="11671846152"/>
  <nd ref="11671846153"/>
  <nd ref="11671846154"/>
  <nd ref="11671846155"/>
  <nd ref="11671846156"/>
  <nd ref="11671846157"/>
  <nd ref="11671846158"/>
  <nd ref="11671846159"/>
  <nd ref="11671846160"/>
  <nd ref="11671846161"/>
  <nd ref="11671846162"/>
  <nd ref="11671846163"/>
  <nd ref="11671846164"/>
  <nd ref="11671846165"/>
  <nd ref="11671846166"/>
  <nd ref="11671846167"/>
  <tag k="highway" v="service"/>
 </way>
 <way id="1255522938" visible="true" version="1" changeset="148003764" timestamp="2024-02-28T09:11:51Z" user="FUKUTAN" uid="5207199">
  <nd ref="11671846570"/>
  <nd ref="11671846571"/>
  <nd ref="11671846572"/>
  <nd ref="11671846573"/>
  <nd ref="11671846574"/>
  <nd ref="11671846575"/>
  <nd ref="11671846576"/>
  <nd ref="11671846577"/>
  <nd ref="11671846578"/>
  <nd ref="11671846579"/>
  <nd ref="11671846580"/>
  <nd ref="11671846581"/>
  <nd ref="11671846582"/>
  <nd ref="11671846686"/>
  <nd ref="11671846583"/>
  <nd ref="11671846584"/>
  <nd ref="11671846585"/>
  <nd ref="11671846586"/>
  <nd ref="11671846690"/>
  <nd ref="11671846723"/>
  <nd ref="11671846587"/>
  <nd ref="11671846588"/>
  <tag k="highway" v="residential"/>
 </way>
 <way id="1255522939" visible="true" version="1" changeset="148003764" timestamp="2024-02-28T09:11:51Z" user="FUKUTAN" uid="5207199">
  <nd ref="11671846630"/>
  <nd ref="11671846629"/>
  <nd ref="11671846628"/>
  <nd ref="11671846627"/>
  <nd ref="11671846626"/>
  <nd ref="11671846625"/>
  <nd ref="11671846624"/>
  <nd ref="11671846623"/>
  <nd ref="11671846622"/>
  <nd ref="11671846621"/>
  <nd ref="11671846620"/>
  <nd ref="11671846619"/>
  <nd ref="11671846618"/>
  <nd ref="11671846617"/>
  <nd ref="11671846616"/>
  <nd ref="11671846615"/>
  <nd ref="11671846613"/>
  <nd ref="11671846614"/>
  <nd ref="11671846588"/>
  <nd ref="11671846589"/>
  <nd ref="11671846590"/>
  <nd ref="11671846591"/>
  <nd ref="11671846592"/>
  <nd ref="11671846593"/>
  <nd ref="11671846594"/>
  <nd ref="11671846595"/>
  <nd ref="11671846596"/>
  <nd ref="11671846597"/>
  <nd ref="11671846598"/>
  <nd ref="11671846599"/>
  <nd ref="11671846600"/>
  <nd ref="11671846601"/>
  <nd ref="11671846602"/>
  <nd ref="11671846603"/>
  <nd ref="11671846604"/>
  <nd ref="11671846605"/>
  <nd ref="11671846606"/>
  <nd ref="11671846607"/>
  <nd ref="11671846608"/>
  <nd ref="11671846609"/>
  <nd ref="11671846610"/>
  <nd ref="11671846611"/>
  <nd ref="11671846612"/>
  <tag k="highway" v="service"/>
 </way>
 <way id="1255522944" visible="true" version="1" changeset="148003764" timestamp="2024-02-28T09:11:51Z" user="FUKUTAN" uid="5207199">
  <nd ref="11671846663"/>
  <nd ref="11671846664"/>
  <nd ref="11671846665"/>
  <nd ref="11671846667"/>
  <nd ref="11671846666"/>
  <nd ref="11671846668"/>
  <nd ref="11671846669"/>
  <nd ref="11671846670"/>
  <nd ref="11671846671"/>
  <nd ref="11671846672"/>
  <nd ref="11671846673"/>
  <nd ref="11671846674"/>
  <nd ref="11671846675"/>
  <nd ref="11671846676"/>
  <nd ref="11671846677"/>
  <nd ref="11671846678"/>
  <nd ref="11671846679"/>
  <nd ref="11671846680"/>
  <nd ref="11671846681"/>
  <nd ref="11671846682"/>
  <nd ref="11671846683"/>
  <nd ref="11671846684"/>
  <nd ref="11671846685"/>
  <nd ref="11671846686"/>
  <tag k="highway" v="service"/>
 </way>
 <way id="1255522946" visible="true" version="1" changeset="148003764" timestamp="2024-02-28T09:11:51Z" user="FUKUTAN" uid="5207199">
  <nd ref="11671846690"/>
  <nd ref="11671846691"/>
  <nd ref="11671846692"/>
  <nd ref="11671846693"/>
  <nd ref="11671846694"/>
  <nd ref="11671846695"/>
  <nd ref="11671846696"/>
  <nd ref="11671846697"/>
  <nd ref="11671846698"/>
  <nd ref="11671846699"/>
  <nd ref="11671846700"/>
  <nd ref="11671846701"/>
  <nd ref="11671846702"/>
  <tag k="highway" v="service"/>
 </way>
 <way id="1255522947" visible="true" version="1" changeset="148003764" timestamp="2024-02-28T09:11:51Z" user="FUKUTAN" uid="5207199">
  <nd ref="11671846703"/>
  <nd ref="11671846704"/>
  <nd ref="11671846705"/>
  <nd ref="11671846706"/>
  <tag k="highway" v="service"/>
  <tag k="service" v="parking_aisle"/>
 </way>
 <way id="1255522948" visible="true" version="1" changeset="148003764" timestamp="2024-02-28T09:11:51Z" user="FUKUTAN" uid="5207199">
  <nd ref="11671846707"/>
  <nd ref="11671846708"/>
  <nd ref="11671846709"/>
  <nd ref="11671846710"/>
  <nd ref="11671846711"/>
  <nd ref="11671846712"/>
  <nd ref="11671846727"/>
  <nd ref="11671846713"/>
  <nd ref="11671846714"/>
  <nd ref="11671846715"/>
  <nd ref="11671846716"/>
  <nd ref="11671846717"/>
  <nd ref="11671846718"/>
  <nd ref="11671846719"/>
  <nd ref="11671846720"/>
  <nd ref="11671846721"/>
  <nd ref="11671846722"/>
  <nd ref="11671846723"/>
  <tag k="highway" v="service"/>
 </way>
 <way id="1255522949" visible="true" version="1" changeset="148003764" timestamp="2024-02-28T09:11:51Z" user="FUKUTAN" uid="5207199">
  <nd ref="11671846724"/>
  <nd ref="11671846725"/>
  <nd ref="11671846726"/>
  <nd ref="11671846727"/>
  <tag k="highway" v="service"/>
 </way>
 <way id="1258471012" visible="true" version="2" changeset="154920955" timestamp="2024-08-07T07:08:32Z" user="morago" uid="11113946">
  <nd ref="11699298713"/>
  <nd ref="11699300840"/>
  <nd ref="11699298760"/>
  <nd ref="11699298714"/>
  <nd ref="11699300877"/>
  <nd ref="11699298712"/>
  <nd ref="11699300869"/>
  <nd ref="12096599345"/>
  <nd ref="11699298763"/>
  <nd ref="11699298715"/>
  <nd ref="11699298716"/>
  <nd ref="11699298717"/>
  <nd ref="11699298718"/>
  <nd ref="11699298719"/>
  <tag k="highway" v="service"/>
 </way>
 <way id="1258471013" visible="true" version="2" changeset="154920955" timestamp="2024-08-07T07:08:32Z" user="morago" uid="11113946">
  <nd ref="11699298720"/>
  <nd ref="11699298721"/>
  <nd ref="11699298722"/>
  <nd ref="11699298723"/>
  <nd ref="11699298724"/>
  <nd ref="11699298768"/>
  <nd ref="11699298725"/>
  <nd ref="11699298726"/>
  <nd ref="11699298727"/>
  <nd ref="11699298728"/>
  <nd ref="11699298729"/>
  <nd ref="11699298730"/>
  <nd ref="11699298719"/>
  <nd ref="11699298731"/>
  <nd ref="11699298732"/>
  <nd ref="11699298733"/>
  <nd ref="11699298734"/>
  <nd ref="11699300847"/>
  <nd ref="11699298735"/>
  <nd ref="11699298736"/>
  <nd ref="12096599350"/>
  <nd ref="11699298737"/>
  <nd ref="11699298738"/>
  <tag k="highway" v="service"/>
 </way>
 <way id="1258471014" visible="true" version="1" changeset="148322007" timestamp="2024-03-07T03:45:57Z" user="FUKUTAN" uid="5207199">
  <nd ref="11699298752"/>
  <nd ref="11699298753"/>
  <nd ref="11699298754"/>
  <nd ref="11699298755"/>
  <nd ref="11699298756"/>
  <nd ref="11699298757"/>
  <nd ref="11699298758"/>
  <nd ref="11699298759"/>
  <tag k="highway" v="service"/>
  <tag k="service" v="parking_aisle"/>
 </way>
 <way id="1258471015" visible="true" version="1" changeset="148322007" timestamp="2024-03-07T03:45:57Z" user="FUKUTAN" uid="5207199">
  <nd ref="11699298760"/>
  <nd ref="11699300844"/>
  <nd ref="11699298761"/>
  <nd ref="11699298762"/>
  <tag k="highway" v="service"/>
 </way>
 <way id="1258471016" visible="true" version="1" changeset="148322007" timestamp="2024-03-07T03:45:57Z" user="FUKUTAN" uid="5207199">
  <nd ref="11699298763"/>
  <nd ref="11699298764"/>
  <nd ref="11699298765"/>
  <nd ref="11699298766"/>
  <nd ref="11699298767"/>
  <nd ref="11699298768"/>
  <nd ref="11699300769"/>
  <nd ref="11699300770"/>
  <nd ref="11699300771"/>
  <nd ref="11699300772"/>
  <nd ref="11699300773"/>
  <nd ref="11699300774"/>
  <nd ref="11699300775"/>
  <nd ref="11699300776"/>
  <nd ref="11699300777"/>
  <nd ref="11699300778"/>
  <nd ref="11699300779"/>
  <nd ref="11699300780"/>
  <nd ref="11699300781"/>
  <nd ref="11699300782"/>
  <nd ref="11699300783"/>
  <nd ref="11699300784"/>
  <nd ref="11699300785"/>
  <nd ref="11699300786"/>
  <nd ref="11699300787"/>
  <tag k="highway" v="service"/>
 </way>
 <way id="1258471017" visible="true" version="1" changeset="148322007" timestamp="2024-03-07T03:45:57Z" user="FUKUTAN" uid="5207199">
  <nd ref="11699300788"/>
  <nd ref="11699300789"/>
  <nd ref="11699300790"/>
  <nd ref="11699300791"/>
  <nd ref="11699300792"/>
  <nd ref="11699300793"/>
  <nd ref="11699300794"/>
  <nd ref="11699300795"/>
  <nd ref="11699300796"/>
  <nd ref="11699300797"/>
  <nd ref="11699300798"/>
  <nd ref="11699300799"/>
  <nd ref="11699300800"/>
  <nd ref="11699300801"/>
  <nd ref="11699300802"/>
  <nd ref="11699300803"/>
  <nd ref="11699300804"/>
  <nd ref="11699300805"/>
  <nd ref="11699300806"/>
  <nd ref="11699300807"/>
  <nd ref="11699300808"/>
  <nd ref="11699300809"/>
  <nd ref="11699300810"/>
  <nd ref="11699300811"/>
  <nd ref="11699300812"/>
  <nd ref="11699300813"/>
  <nd ref="11699300814"/>
  <nd ref="11699300815"/>
  <nd ref="11699300816"/>
  <nd ref="11699300817"/>
  <nd ref="11699300818"/>
  <nd ref="11699300819"/>
  <nd ref="11699300820"/>
  <nd ref="11699300821"/>
  <nd ref="11699300822"/>
  <nd ref="11699300823"/>
  <nd ref="11699300824"/>
  <nd ref="11699300825"/>
  <nd ref="11699300788"/>
  <tag k="natural" v="water"/>
  <tag k="water" v="lake"/>
 </way>
 <way id="1258471018" visible="true" version="2" changeset="154920955" timestamp="2024-08-07T07:08:32Z" user="morago" uid="11113946">
  <nd ref="12096599347"/>
  <nd ref="12096599348"/>
  <nd ref="12096599349"/>
  <nd ref="12096599350"/>
  <nd ref="11699300826"/>
  <nd ref="12096599346"/>
  <nd ref="11699300827"/>
  <nd ref="11699300828"/>
  <nd ref="11699300829"/>
  <nd ref="11699298762"/>
  <nd ref="11699300830"/>
  <nd ref="11699300831"/>
  <nd ref="11699300832"/>
  <nd ref="11699300833"/>
  <nd ref="11699300834"/>
  <nd ref="11699300835"/>
  <nd ref="11699300836"/>
  <nd ref="11699300837"/>
  <nd ref="11699300838"/>
  <nd ref="11699300839"/>
  <nd ref="11699300843"/>
  <nd ref="11699300840"/>
  <tag k="highway" v="service"/>
 </way>
 <way id="1258471019" visible="true" version="1" changeset="148322007" timestamp="2024-03-07T03:45:57Z" user="FUKUTAN" uid="5207199">
  <nd ref="11699300842"/>
  <nd ref="11699300843"/>
  <nd ref="11699300844"/>
  <nd ref="11699300845"/>
  <nd ref="11699300846"/>
  <nd ref="11699300847"/>
  <tag k="highway" v="service"/>
 </way>
 <way id="1258471020" visible="true" version="1" changeset="148322007" timestamp="2024-03-07T03:45:57Z" user="FUKUTAN" uid="5207199">
  <nd ref="11699298712"/>
  <nd ref="11699300848"/>
  <nd ref="11699300849"/>
  <nd ref="11699300850"/>
  <nd ref="11699300851"/>
  <nd ref="11699300852"/>
  <nd ref="11699300853"/>
  <nd ref="11699300870"/>
  <nd ref="11699300854"/>
  <nd ref="11699300855"/>
  <nd ref="11699300856"/>
  <nd ref="11699300857"/>
  <nd ref="11699300858"/>
  <nd ref="11699300859"/>
  <nd ref="11699300860"/>
  <nd ref="11699300861"/>
  <nd ref="11699300862"/>
  <nd ref="11699300863"/>
  <nd ref="11699300864"/>
  <nd ref="11699300865"/>
  <nd ref="11699300866"/>
  <nd ref="11699300867"/>
  <nd ref="11699300868"/>
  <nd ref="11699300869"/>
  <tag k="highway" v="service"/>
 </way>
 <way id="1258471021" visible="true" version="1" changeset="148322007" timestamp="2024-03-07T03:45:57Z" user="FUKUTAN" uid="5207199">
  <nd ref="11699300870"/>
  <nd ref="11699300871"/>
  <nd ref="11699300872"/>
  <nd ref="11699300873"/>
  <nd ref="11699300874"/>
  <nd ref="11699300876"/>
  <nd ref="11699300875"/>
  <tag k="highway" v="service"/>
  <tag k="service" v="parking_aisle"/>
 </way>
 <way id="1258471022" visible="true" version="1" changeset="148322007" timestamp="2024-03-07T03:45:57Z" user="FUKUTAN" uid="5207199">
  <nd ref="11699300876"/>
  <nd ref="11699300878"/>
  <nd ref="11699300877"/>
  <tag k="highway" v="service"/>
  <tag k="service" v="parking_aisle"/>
 </way>
 <way id="1258471023" visible="true" version="1" changeset="148322007" timestamp="2024-03-07T03:45:57Z" user="FUKUTAN" uid="5207199">
  <nd ref="5217245008"/>
  <nd ref="11699300885"/>
  <nd ref="11699300886"/>
  <nd ref="11586054709"/>
  <nd ref="11699300887"/>
  <nd ref="11699300888"/>
  <tag k="highway" v="service"/>
  <tag k="service" v="parking_aisle"/>
 </way>
 <way id="1258471024" visible="true" version="1" changeset="148322007" timestamp="2024-03-07T03:45:57Z" user="FUKUTAN" uid="5207199">
  <nd ref="11699300889"/>
  <nd ref="11699300890"/>
  <nd ref="11699300891"/>
  <nd ref="11699300892"/>
  <nd ref="11699300889"/>
  <tag k="leisure" v="pitch"/>
  <tag k="sport" v="soccer"/>
 </way>
 <way id="1258471025" visible="true" version="1" changeset="148322007" timestamp="2024-03-07T03:45:57Z" user="FUKUTAN" uid="5207199">
  <nd ref="11699300893"/>
  <nd ref="11699300894"/>
  <nd ref="11699300895"/>
  <nd ref="11699300896"/>
  <nd ref="11699300893"/>
  <tag k="leisure" v="pitch"/>
  <tag k="sport" v="futsal"/>
 </way>
 <way id="1306096499" visible="true" version="4" changeset="183719228" timestamp="2026-06-06T00:53:04Z" user="aaei924" uid="10626814">
  <nd ref="3763708603"/>
  <nd ref="11699298704"/>
  <tag k="bridge" v="yes"/>
  <tag k="highway" v="secondary"/>
  <tag k="layer" v="1"/>
  <tag k="maxspeed" v="70"/>
  <tag k="name" v="지평로"/>
  <tag k="name:en" v="Jipyeong-ro"/>
  <tag k="name:ko" v="지평로"/>
  <tag k="name:ko-Latn" v="Jipyeongro"/>
  <tag k="oneway" v="yes"/>
  <tag k="ref" v="55"/>
  <tag k="surface" v="asphalt"/>
 </way>
 <way id="1306096530" visible="true" version="1" changeset="154920955" timestamp="2024-08-07T07:08:29Z" user="morago" uid="11113946">
  <nd ref="12096598038"/>
  <nd ref="12096598037"/>
  <tag k="highway" v="track"/>
  <tag k="tracktype" v="grade1"/>
 </way>
 <way id="1306096531" visible="true" version="2" changeset="176313032" timestamp="2025-12-23T15:05:33Z" user="aaei924" uid="10626814">
  <nd ref="12096597876"/>
  <nd ref="12096597875"/>
  <nd ref="12096597874"/>
  <nd ref="12096597873"/>
  <nd ref="12096597872"/>
  <nd ref="12096597871"/>
  <nd ref="12096597870"/>
  <nd ref="12096597869"/>
  <nd ref="12096597868"/>
  <nd ref="12096597867"/>
  <nd ref="12096597866"/>
  <nd ref="12096597865"/>
  <nd ref="12096597864"/>
  <nd ref="12096597863"/>
  <nd ref="13397887919"/>
  <nd ref="13397887920"/>
  <nd ref="13397887921"/>
  <nd ref="13397887925"/>
  <nd ref="13397887922"/>
  <nd ref="13397887923"/>
  <nd ref="13397887924"/>
  <tag k="highway" v="track"/>
  <tag k="tracktype" v="grade1"/>
 </way>
 <way id="1306096543" visible="true" version="2" changeset="176313032" timestamp="2025-12-23T15:05:33Z" user="aaei924" uid="10626814">
  <nd ref="12096598088"/>
  <nd ref="12096598087"/>
  <nd ref="12096598086"/>
  <nd ref="12096598085"/>
  <nd ref="12096598084"/>
  <nd ref="12096598083"/>
  <nd ref="12096598082"/>
  <nd ref="12096598081"/>
  <nd ref="12096598080"/>
  <nd ref="12096598079"/>
  <nd ref="12096598078"/>
  <nd ref="12096598077"/>
  <nd ref="12096598076"/>
  <nd ref="12096598075"/>
  <nd ref="12096598074"/>
  <nd ref="12096598073"/>
  <nd ref="12096598072"/>
  <nd ref="12096598071"/>
  <nd ref="12096598070"/>
  <nd ref="12096598069"/>
  <nd ref="12096598068"/>
  <nd ref="12096598067"/>
  <nd ref="12096598066"/>
  <nd ref="12096598065"/>
  <nd ref="12096598064"/>
  <nd ref="12096597937"/>
  <nd ref="12096598063"/>
  <nd ref="12096598062"/>
  <nd ref="12096598061"/>
  <nd ref="12096598060"/>
  <nd ref="12096598059"/>
  <nd ref="12096598058"/>
  <nd ref="12096598057"/>
  <nd ref="12096598056"/>
  <nd ref="12096598055"/>
  <nd ref="13397888021"/>
  <nd ref="12096598054"/>
  <nd ref="12096598053"/>
  <nd ref="13397887924"/>
  <nd ref="12096598052"/>
  <nd ref="12096598051"/>
  <nd ref="12096598050"/>
  <nd ref="12096598049"/>
  <nd ref="12096598048"/>
  <nd ref="12096598047"/>
  <nd ref="12096598046"/>
  <nd ref="12096598045"/>
  <nd ref="12096598044"/>
  <nd ref="12096598043"/>
  <nd ref="12096598042"/>
  <nd ref="12096598041"/>
  <nd ref="12096598040"/>
  <nd ref="12096597876"/>
  <nd ref="12096598039"/>
  <nd ref="12096598038"/>
  <tag k="highway" v="track"/>
  <tag k="tracktype" v="grade1"/>
 </way>
 <way id="1306096578" visible="true" version="1" changeset="154920955" timestamp="2024-08-07T07:08:29Z" user="morago" uid="11113946">
  <nd ref="12096599086"/>
  <nd ref="12096599085"/>
  <nd ref="12096599084"/>
  <nd ref="12096599083"/>
  <nd ref="12096599082"/>
  <nd ref="12096599081"/>
  <nd ref="12096599080"/>
  <nd ref="12096599079"/>
  <nd ref="12096599078"/>
  <nd ref="12096599077"/>
  <nd ref="12096599076"/>
  <nd ref="12096599075"/>
  <nd ref="12096599074"/>
  <nd ref="12096599073"/>
  <nd ref="12096599072"/>
  <nd ref="12096599071"/>
  <nd ref="12096599070"/>
  <nd ref="12096599069"/>
  <nd ref="12096599068"/>
  <nd ref="12096599067"/>
  <nd ref="12096599066"/>
  <nd ref="12096599065"/>
  <nd ref="12096599064"/>
  <nd ref="12096599063"/>
  <nd ref="12096599062"/>
  <nd ref="12096599061"/>
  <nd ref="12096599060"/>
  <nd ref="12096599059"/>
  <nd ref="12096599058"/>
  <nd ref="12096599057"/>
  <nd ref="12096599056"/>
  <nd ref="12096599055"/>
  <nd ref="12096599054"/>
  <nd ref="12096599053"/>
  <nd ref="12096599052"/>
  <nd ref="12096599051"/>
  <nd ref="12096599050"/>
  <nd ref="12096599049"/>
  <nd ref="12096599048"/>
  <nd ref="12096599047"/>
  <nd ref="12096599046"/>
  <nd ref="12096599045"/>
  <nd ref="12096599044"/>
  <nd ref="12096599043"/>
  <nd ref="12096599042"/>
  <nd ref="12096599041"/>
  <nd ref="12096599040"/>
  <nd ref="12096599039"/>
  <nd ref="12096599038"/>
  <nd ref="12096599037"/>
  <nd ref="12096599036"/>
  <nd ref="12096599035"/>
  <nd ref="12096599034"/>
  <nd ref="12096599033"/>
  <nd ref="12096599032"/>
  <nd ref="12096599031"/>
  <nd ref="12096599030"/>
  <nd ref="12096599029"/>
  <nd ref="12096599028"/>
  <nd ref="12096599027"/>
  <nd ref="12096599026"/>
  <nd ref="12096599025"/>
  <nd ref="12096599024"/>
  <nd ref="12096599023"/>
  <nd ref="12096599022"/>
  <nd ref="12096599021"/>
  <nd ref="12096599020"/>
  <nd ref="12096599019"/>
  <nd ref="12096599018"/>
  <nd ref="12096599017"/>
  <nd ref="12096599016"/>
  <nd ref="12096599015"/>
  <nd ref="12096599014"/>
  <nd ref="12096599013"/>
  <nd ref="12096599012"/>
  <nd ref="12096599011"/>
  <nd ref="12096599010"/>
  <nd ref="12096599009"/>
  <nd ref="12096599008"/>
  <nd ref="12096599007"/>
  <nd ref="12096599006"/>
  <nd ref="12096599005"/>
  <nd ref="12096599004"/>
  <nd ref="12096599003"/>
  <nd ref="12096599002"/>
  <nd ref="12096599001"/>
  <nd ref="12096599000"/>
  <nd ref="12096598999"/>
  <nd ref="12096598998"/>
  <nd ref="12096598997"/>
  <nd ref="12096598996"/>
  <nd ref="12096598995"/>
  <nd ref="12096598994"/>
  <nd ref="12096598993"/>
  <nd ref="12096598992"/>
  <nd ref="12096598991"/>
  <nd ref="12096598990"/>
  <nd ref="12096598989"/>
  <nd ref="12096598988"/>
  <nd ref="12096598987"/>
  <nd ref="12096598986"/>
  <nd ref="12096598985"/>
  <nd ref="12096598984"/>
  <nd ref="12096598983"/>
  <nd ref="12096598982"/>
  <nd ref="12096598981"/>
  <nd ref="12096598980"/>
  <nd ref="12096598979"/>
  <nd ref="12096598978"/>
  <nd ref="12096598977"/>
  <nd ref="12096598976"/>
  <nd ref="12096598975"/>
  <nd ref="12096598974"/>
  <nd ref="12096598973"/>
  <nd ref="12096598972"/>
  <nd ref="12096598971"/>
  <nd ref="12096598970"/>
  <nd ref="12096598969"/>
  <nd ref="12096598968"/>
  <nd ref="12096598967"/>
  <nd ref="12096598966"/>
  <nd ref="12096598965"/>
  <nd ref="12096598964"/>
  <nd ref="12096598963"/>
  <nd ref="12096598962"/>
  <nd ref="12096598961"/>
  <nd ref="12096598960"/>
  <nd ref="12096598959"/>
  <nd ref="12096598958"/>
  <nd ref="12096598957"/>
  <nd ref="12096598956"/>
  <nd ref="12096598955"/>
  <nd ref="12096598954"/>
  <nd ref="12096598953"/>
  <nd ref="12096598952"/>
  <nd ref="12096598951"/>
  <nd ref="12096598950"/>
  <nd ref="12096598949"/>
  <nd ref="12096598948"/>
  <nd ref="12096598947"/>
  <nd ref="12096598946"/>
  <nd ref="12096598945"/>
  <nd ref="12096598944"/>
  <nd ref="12096598943"/>
  <nd ref="12096598942"/>
  <nd ref="12096598941"/>
  <nd ref="12096598940"/>
  <nd ref="12096598939"/>
  <nd ref="12096598938"/>
  <nd ref="12096598937"/>
  <nd ref="12096598936"/>
  <nd ref="12096598935"/>
  <nd ref="12096598934"/>
  <nd ref="12096598933"/>
  <nd ref="12096598932"/>
  <nd ref="12096598931"/>
  <nd ref="12096598930"/>
  <nd ref="12096598929"/>
  <nd ref="12096598928"/>
  <nd ref="12096598926"/>
  <nd ref="12096598925"/>
  <nd ref="12096598924"/>
  <nd ref="12096598923"/>
  <nd ref="12096598922"/>
  <nd ref="12096598921"/>
  <nd ref="12096598920"/>
  <nd ref="12096598919"/>
  <nd ref="12096598918"/>
  <nd ref="12096598917"/>
  <nd ref="12096598916"/>
  <nd ref="12096598915"/>
  <nd ref="12096598914"/>
  <nd ref="12096598913"/>
  <nd ref="12096598912"/>
  <nd ref="12096598911"/>
  <nd ref="12096598910"/>
  <nd ref="12096598909"/>
  <nd ref="12096598908"/>
  <nd ref="12096598907"/>
  <nd ref="12096598906"/>
  <nd ref="12096598905"/>
  <nd ref="12096598904"/>
  <nd ref="12096598903"/>
  <nd ref="12096598902"/>
  <nd ref="12096598901"/>
  <nd ref="12096598900"/>
  <nd ref="12096598899"/>
  <nd ref="12096598898"/>
  <nd ref="12096598897"/>
  <nd ref="12096598896"/>
  <nd ref="12096598895"/>
  <nd ref="12096598894"/>
  <nd ref="12096598893"/>
  <nd ref="12096598892"/>
  <nd ref="12096598891"/>
  <nd ref="12096598890"/>
  <nd ref="12096598889"/>
  <nd ref="12096598888"/>
  <nd ref="12096598887"/>
  <nd ref="12096598886"/>
  <nd ref="12096598885"/>
  <nd ref="12096598884"/>
  <nd ref="12096598883"/>
  <nd ref="12096598882"/>
  <nd ref="12096598881"/>
  <nd ref="12096598880"/>
  <nd ref="12096598879"/>
  <nd ref="12096598878"/>
  <nd ref="12096598877"/>
  <nd ref="12096598876"/>
  <nd ref="12096598875"/>
  <nd ref="12096598874"/>
  <nd ref="12096598873"/>
  <nd ref="12096598872"/>
  <nd ref="12096598871"/>
  <nd ref="12096598870"/>
  <nd ref="12096598869"/>
  <nd ref="12096598868"/>
  <nd ref="12096598867"/>
  <nd ref="12096598866"/>
  <nd ref="12096598865"/>
  <nd ref="12096598864"/>
  <nd ref="12096598863"/>
  <nd ref="12096598862"/>
  <nd ref="12096598861"/>
  <nd ref="12096598860"/>
  <nd ref="12096598859"/>
  <nd ref="12096598858"/>
  <nd ref="12096598857"/>
  <nd ref="12096598856"/>
  <nd ref="12096598855"/>
  <nd ref="12096598854"/>
  <nd ref="12096598853"/>
  <nd ref="12096598852"/>
  <nd ref="12096598851"/>
  <nd ref="12096598850"/>
  <nd ref="12096598849"/>
  <nd ref="12096598848"/>
  <nd ref="12096598847"/>
  <nd ref="12096598846"/>
  <nd ref="12096598845"/>
  <nd ref="12096598844"/>
  <nd ref="12096598408"/>
  <nd ref="12096598843"/>
  <nd ref="12096598842"/>
  <nd ref="12096598841"/>
  <nd ref="12096598840"/>
  <nd ref="12096598839"/>
  <nd ref="12096598838"/>
  <nd ref="12096598837"/>
  <nd ref="12096598836"/>
  <nd ref="12096598835"/>
  <nd ref="12096598834"/>
  <nd ref="12096598833"/>
  <nd ref="12096598832"/>
  <nd ref="12096598831"/>
  <nd ref="12096598830"/>
  <nd ref="12096598829"/>
  <nd ref="12096598828"/>
  <nd ref="12096598827"/>
  <nd ref="12096598826"/>
  <nd ref="12096598825"/>
  <nd ref="12096598320"/>
  <nd ref="12096598319"/>
  <nd ref="12096598318"/>
  <nd ref="12096598317"/>
  <nd ref="12096598316"/>
  <nd ref="12096598315"/>
  <nd ref="12096598314"/>
  <nd ref="12096598313"/>
  <nd ref="12096598312"/>
  <nd ref="12096598311"/>
  <nd ref="12096598310"/>
  <nd ref="12096598309"/>
  <nd ref="12096598308"/>
  <nd ref="12096598307"/>
  <nd ref="12096598306"/>
  <nd ref="12096598305"/>
  <nd ref="12096598304"/>
  <nd ref="12096598303"/>
  <nd ref="12096598302"/>
  <nd ref="12096598301"/>
  <nd ref="12096598300"/>
  <nd ref="12096598299"/>
  <nd ref="12096598298"/>
  <nd ref="12096598297"/>
  <nd ref="12096598296"/>
  <nd ref="12096598295"/>
  <nd ref="12096598294"/>
  <nd ref="12096598293"/>
  <nd ref="12096598292"/>
  <nd ref="12096598291"/>
  <nd ref="12096598290"/>
  <nd ref="12096598289"/>
  <nd ref="12096598288"/>
  <nd ref="12096598287"/>
  <nd ref="12096598286"/>
  <nd ref="12096598285"/>
  <nd ref="12096598284"/>
  <nd ref="12096598283"/>
  <nd ref="12096598282"/>
  <nd ref="12096598281"/>
  <nd ref="12096598226"/>
  <nd ref="12096598280"/>
  <nd ref="12096598279"/>
  <nd ref="12096598278"/>
  <nd ref="12096598277"/>
  <nd ref="12096598276"/>
  <nd ref="12096598275"/>
  <nd ref="12096598274"/>
  <nd ref="12096598273"/>
  <nd ref="12096598272"/>
  <nd ref="12096598271"/>
  <nd ref="12096598270"/>
  <nd ref="12096598269"/>
  <nd ref="12096598268"/>
  <nd ref="12096598267"/>
  <nd ref="12096598266"/>
  <nd ref="12096598265"/>
  <nd ref="12096598264"/>
  <nd ref="12096598263"/>
  <nd ref="12096598262"/>
  <nd ref="12096598261"/>
  <nd ref="12096598260"/>
  <nd ref="12096598259"/>
  <nd ref="12096598258"/>
  <nd ref="12096598257"/>
  <tag k="highway" v="path"/>
 </way>
 <way id="1306096595" visible="true" version="1" changeset="154920955" timestamp="2024-08-07T07:08:29Z" user="morago" uid="11113946">
  <nd ref="11699298749"/>
  <nd ref="12096599346"/>
  <nd ref="11699300846"/>
  <nd ref="12096599345"/>
  <tag k="highway" v="service"/>
 </way>
 <way id="1306096596" visible="true" version="1" changeset="154920955" timestamp="2024-08-07T07:08:29Z" user="morago" uid="11113946">
  <nd ref="12096599386"/>
  <nd ref="12096599385"/>
  <nd ref="12096599384"/>
  <nd ref="12096599383"/>
  <nd ref="12096599382"/>
  <nd ref="12096599381"/>
  <nd ref="12096599380"/>
  <nd ref="12096599379"/>
  <nd ref="12096599378"/>
  <nd ref="12096599377"/>
  <nd ref="12096599376"/>
  <nd ref="12096599375"/>
  <nd ref="12096599374"/>
  <nd ref="12096599373"/>
  <nd ref="12096599372"/>
  <nd ref="12096599371"/>
  <nd ref="12096599370"/>
  <nd ref="12096599369"/>
  <nd ref="12096599368"/>
  <nd ref="12096599367"/>
  <nd ref="12096599366"/>
  <nd ref="12096599365"/>
  <nd ref="12096599364"/>
  <nd ref="12096599363"/>
  <nd ref="12096599362"/>
  <nd ref="12096599361"/>
  <nd ref="12096599360"/>
  <nd ref="12096599359"/>
  <nd ref="12096599358"/>
  <nd ref="12096599357"/>
  <nd ref="12096599356"/>
  <nd ref="12096599355"/>
  <nd ref="12096599354"/>
  <nd ref="12096599353"/>
  <nd ref="12096599352"/>
  <nd ref="12096599351"/>
  <nd ref="12096599386"/>
  <tag k="name" v="산림자원연구소"/>
  <tag k="office" v="research"/>
 </way>
 <way id="1306096597" visible="true" version="2" changeset="175106150" timestamp="2025-11-25T11:41:05Z" user="LuxuryCoop" uid="7245212">
  <nd ref="12096599396"/>
  <nd ref="12096599395"/>
  <nd ref="12096599394"/>
  <nd ref="12096599393"/>
  <nd ref="12096599392"/>
  <nd ref="12096599391"/>
  <nd ref="12096599390"/>
  <nd ref="368845684"/>
  <nd ref="12096599389"/>
  <nd ref="12096599388"/>
  <nd ref="12096599387"/>
  <nd ref="12096599396"/>
  <tag k="amenity" v="hospital"/>
  <tag k="healthcare" v="hospital"/>
  <tag k="name" v="국립나주병원"/>
  <tag k="name:en" v="National Naju Hospital"/>
  <tag k="name:ko" v="국립나주병원"/>
  <tag k="name:ko-Latn" v="Gungnimnajubyeongwon"/>
  <tag k="wikidata" v="Q12585703"/>
 </way>
 <way id="1306096598" visible="true" version="2" changeset="183719228" timestamp="2026-06-06T00:53:04Z" user="aaei924" uid="10626814">
  <nd ref="414671636"/>
  <nd ref="12096599398"/>
  <nd ref="12096599397"/>
  <tag k="highway" v="residential"/>
  <tag k="name" v="세남로"/>
 </way>
 <way id="1306096599" visible="true" version="1" changeset="154920955" timestamp="2024-08-07T07:08:29Z" user="morago" uid="11113946">
  <nd ref="12096599417"/>
  <nd ref="12096599416"/>
  <tag k="highway" v="track"/>
  <tag k="layer" v="-1"/>
  <tag k="tracktype" v="grade1"/>
  <tag k="tunnel" v="yes"/>
 </way>
 <way id="1306096600" visible="true" version="3" changeset="183719228" timestamp="2026-06-06T00:53:04Z" user="aaei924" uid="10626814">
  <nd ref="12096599413"/>
  <nd ref="13173702719"/>
  <nd ref="13173702721"/>
  <nd ref="13173702720"/>
  <nd ref="12096599412"/>
  <nd ref="12096599411"/>
  <nd ref="12096599410"/>
  <nd ref="12096599409"/>
  <nd ref="12096599408"/>
  <nd ref="12096599407"/>
  <nd ref="12096599406"/>
  <nd ref="12096599405"/>
  <nd ref="12096598037"/>
  <nd ref="12096599404"/>
  <nd ref="12096599403"/>
  <nd ref="12096599402"/>
  <nd ref="12096599401"/>
  <nd ref="12096599400"/>
  <nd ref="12096599399"/>
  <tag k="highway" v="track"/>
  <tag k="tracktype" v="grade1"/>
 </way>
 <way id="1306096601" visible="true" version="2" changeset="163089849" timestamp="2025-03-01T14:14:45Z" user="dongin" uid="11518918">
  <nd ref="2662273940"/>
  <nd ref="12628423563"/>
  <nd ref="12096599444"/>
  <nd ref="12096599443"/>
  <nd ref="12096599442"/>
  <nd ref="12096599441"/>
  <nd ref="12096599440"/>
  <nd ref="12096599439"/>
  <nd ref="12096599438"/>
  <nd ref="12096599437"/>
  <nd ref="12096599436"/>
  <nd ref="12096599435"/>
  <nd ref="12096599434"/>
  <nd ref="12096599433"/>
  <nd ref="12096599432"/>
  <nd ref="12096599431"/>
  <nd ref="12096599430"/>
  <nd ref="12096599429"/>
  <nd ref="12096599428"/>
  <nd ref="12096599427"/>
  <nd ref="12096599426"/>
  <nd ref="12096599425"/>
  <nd ref="12096599424"/>
  <nd ref="12096599423"/>
  <nd ref="12096599422"/>
  <nd ref="12096599397"/>
  <nd ref="12096599421"/>
  <nd ref="12096599420"/>
  <nd ref="12096599419"/>
  <nd ref="12096599418"/>
  <nd ref="12096599417"/>
  <tag k="highway" v="track"/>
  <tag k="surface" v="concrete"/>
  <tag k="tracktype" v="grade1"/>
 </way>
 <way id="1306096614" visible="true" version="2" changeset="163089849" timestamp="2025-03-01T14:14:45Z" user="dongin" uid="11518918">
  <nd ref="12096599477"/>
  <nd ref="12096599491"/>
  <nd ref="12096599490"/>
  <nd ref="12096599489"/>
  <nd ref="12096599488"/>
  <nd ref="12096599487"/>
  <nd ref="12096599486"/>
  <nd ref="12096599485"/>
  <nd ref="12096599484"/>
  <nd ref="12096599483"/>
  <nd ref="12096599482"/>
  <nd ref="12096599481"/>
  <nd ref="12096599480"/>
  <nd ref="12096599479"/>
  <nd ref="12096599478"/>
  <nd ref="5217245005"/>
  <tag k="highway" v="track"/>
  <tag k="surface" v="concrete"/>
  <tag k="tracktype" v="grade1"/>
 </way>
 <way id="1306096618" visible="true" version="1" changeset="154920955" timestamp="2024-08-07T07:08:29Z" user="morago" uid="11113946">
  <nd ref="12096598213"/>
  <nd ref="12096598214"/>
  <nd ref="12096598215"/>
  <nd ref="12096598216"/>
  <nd ref="12096598217"/>
  <nd ref="12096598218"/>
  <nd ref="12096598219"/>
  <nd ref="12096598220"/>
  <nd ref="12096598221"/>
  <nd ref="12096598222"/>
  <nd ref="12096598223"/>
  <nd ref="12096598224"/>
  <nd ref="12096598225"/>
  <nd ref="12096599532"/>
  <nd ref="12096599533"/>
  <nd ref="12096599498"/>
  <nd ref="12096599521"/>
  <nd ref="12096599543"/>
  <nd ref="12096599544"/>
  <nd ref="12096599528"/>
  <nd ref="12096599561"/>
  <nd ref="12096599564"/>
  <nd ref="12096598210"/>
  <nd ref="12096599565"/>
  <nd ref="12096599538"/>
  <nd ref="12096599539"/>
  <nd ref="12096599496"/>
  <nd ref="12096572948"/>
  <nd ref="12096572949"/>
  <nd ref="12096598211"/>
  <nd ref="12096598212"/>
  <nd ref="12096599504"/>
  <nd ref="12096599552"/>
  <nd ref="12096599553"/>
  <nd ref="12096599568"/>
  <nd ref="12096599578"/>
  <nd ref="12096599579"/>
  <nd ref="12096599524"/>
  <nd ref="12096599525"/>
  <nd ref="12096599526"/>
  <nd ref="12096598256"/>
  <nd ref="12096598255"/>
  <nd ref="12096598254"/>
  <nd ref="12096598253"/>
  <nd ref="12096599515"/>
  <tag k="highway" v="track"/>
  <tag k="source" v="maxar"/>
  <tag k="tracktype" v="grade1"/>
 </way>
 <way id="1306096627" visible="true" version="1" changeset="154920955" timestamp="2024-08-07T07:08:29Z" user="morago" uid="11113946">
  <nd ref="12096598251"/>
  <nd ref="12096572943"/>
  <nd ref="12096572942"/>
  <nd ref="12096599575"/>
  <nd ref="12096599580"/>
  <nd ref="12096599581"/>
  <nd ref="12096599577"/>
  <nd ref="12096598252"/>
  <nd ref="12096572941"/>
  <nd ref="12096572953"/>
  <nd ref="12096572954"/>
  <nd ref="12096599582"/>
  <nd ref="11671846612"/>
  <nd ref="12096599584"/>
  <nd ref="12096599557"/>
  <nd ref="12096599516"/>
  <nd ref="12096599562"/>
  <nd ref="12096599563"/>
  <nd ref="12096599497"/>
  <nd ref="12096572944"/>
  <nd ref="12096572945"/>
  <nd ref="12096599576"/>
  <nd ref="12096599515"/>
  <tag k="highway" v="track"/>
  <tag k="source" v="maxar"/>
  <tag k="tracktype" v="grade1"/>
 </way>
 <way id="1433361947" visible="true" version="1" changeset="172491283" timestamp="2025-09-26T15:22:32Z" user="FUKUTAN" uid="5207199">
  <nd ref="13173702721"/>
  <nd ref="13173702722"/>
  <nd ref="13173702723"/>
  <nd ref="12096599406"/>
  <tag k="highway" v="track"/>
  <tag k="tracktype" v="grade1"/>
 </way>
 <way id="1526564032" visible="true" version="1" changeset="183719228" timestamp="2026-06-06T00:53:04Z" user="aaei924" uid="10626814">
  <nd ref="13913435692"/>
  <nd ref="3763708603"/>
  <nd ref="13913446375"/>
  <nd ref="13913435693"/>
  <nd ref="13913435694"/>
  <nd ref="13913446374"/>
  <nd ref="11699298704"/>
  <nd ref="13913435695"/>
  <nd ref="13913435692"/>
  <tag k="layer" v="1"/>
  <tag k="man_made" v="bridge"/>
  <tag k="name" v="도래교"/>
  <tag k="name:en" v="Dorae Bridge"/>
  <tag k="name:ko" v="도래교"/>
  <tag k="name:ko-Latn" v="Doraegyo"/>
 </way>
 <way id="1526564033" visible="true" version="1" changeset="183719228" timestamp="2026-06-06T00:53:04Z" user="aaei924" uid="10626814">
  <nd ref="13913435696"/>
  <nd ref="437029008"/>
  <tag k="highway" v="residential"/>
  <tag k="name" v="세남로"/>
 </way>
 <way id="1526564034" visible="true" version="1" changeset="183719228" timestamp="2026-06-06T00:53:04Z" user="aaei924" uid="10626814">
  <nd ref="12096599416"/>
  <nd ref="12096599415"/>
  <nd ref="12096599414"/>
  <nd ref="12096599413"/>
  <nd ref="13913435696"/>
  <tag k="highway" v="track"/>
  <tag k="tracktype" v="grade1"/>
 </way>
 <way id="1526564051" visible="true" version="1" changeset="183719228" timestamp="2026-06-06T00:53:04Z" user="aaei924" uid="10626814">
  <nd ref="13913446357"/>
  <nd ref="13913446358"/>
  <nd ref="13913435697"/>
  <nd ref="13913446359"/>
  <nd ref="13913446360"/>
  <nd ref="13913446361"/>
  <nd ref="13913446362"/>
  <nd ref="13913446363"/>
  <nd ref="13913446364"/>
  <nd ref="13913446365"/>
  <nd ref="13913446366"/>
  <nd ref="13913446367"/>
  <nd ref="13913446368"/>
  <nd ref="13913446369"/>
  <nd ref="13913446370"/>
  <nd ref="13913446371"/>
  <nd ref="13913446372"/>
  <nd ref="13913446373"/>
  <nd ref="13913446374"/>
  <tag k="highway" v="secondary"/>
  <tag k="maxspeed" v="70"/>
  <tag k="name" v="지평로"/>
  <tag k="name:en" v="Jipyeong-ro"/>
  <tag k="name:ko" v="지평로"/>
  <tag k="name:ko-Latn" v="Jipyeongro"/>
  <tag k="oneway" v="yes"/>
  <tag k="ref" v="55"/>
  <tag k="surface" v="asphalt"/>
 </way>
 <way id="1526564053" visible="true" version="1" changeset="183719228" timestamp="2026-06-06T00:53:04Z" user="aaei924" uid="10626814">
  <nd ref="13913446375"/>
  <nd ref="13913446376"/>
  <nd ref="13913435690"/>
  <nd ref="13913446377"/>
  <nd ref="5307632219"/>
  <nd ref="13913446378"/>
  <nd ref="13913446379"/>
  <nd ref="13913446380"/>
  <nd ref="13913446381"/>
  <nd ref="13913446382"/>
  <nd ref="13913446383"/>
  <nd ref="13913446384"/>
  <nd ref="13913446385"/>
  <nd ref="13913446386"/>
  <nd ref="13913446387"/>
  <nd ref="13913446388"/>
  <nd ref="13913446389"/>
  <nd ref="13913446390"/>
  <nd ref="13913446391"/>
  <nd ref="5307632226"/>
  <nd ref="13913446392"/>
  <nd ref="5307632234"/>
  <nd ref="13913446393"/>
  <nd ref="13913446394"/>
  <nd ref="13913446395"/>
  <nd ref="13913446396"/>
  <nd ref="13913446397"/>
  <nd ref="13913446398"/>
  <nd ref="13913446399"/>
  <nd ref="13913446400"/>
  <nd ref="13913446401"/>
  <nd ref="13913446402"/>
  <nd ref="13913446403"/>
  <nd ref="13913446404"/>
  <nd ref="13913446405"/>
  <nd ref="13913446406"/>
  <nd ref="13913446407"/>
  <nd ref="13913446408"/>
  <tag k="highway" v="secondary"/>
  <tag k="maxspeed" v="70"/>
  <tag k="name" v="지평로"/>
  <tag k="name:en" v="Jipyeong-ro"/>
  <tag k="name:ko" v="지평로"/>
  <tag k="name:ko-Latn" v="Jipyeongro"/>
  <tag k="oneway" v="yes"/>
  <tag k="ref" v="55"/>
  <tag k="surface" v="asphalt"/>
 </way>
 <way id="1526564054" visible="true" version="1" changeset="183719228" timestamp="2026-06-06T00:53:04Z" user="aaei924" uid="10626814">
  <nd ref="13913446374"/>
  <nd ref="13913446375"/>
  <tag k="bridge" v="yes"/>
  <tag k="highway" v="secondary"/>
  <tag k="layer" v="1"/>
  <tag k="maxspeed" v="70"/>
  <tag k="name" v="지평로"/>
  <tag k="name:en" v="Jipyeong-ro"/>
  <tag k="name:ko" v="지평로"/>
  <tag k="name:ko-Latn" v="Jipyeongro"/>
  <tag k="oneway" v="yes"/>
  <tag k="ref" v="55"/>
  <tag k="surface" v="asphalt"/>
 </way>
 <relation id="10396285" visible="true" version="1" changeset="78223395" timestamp="2019-12-10T19:11:18Z" user="maphunter36" uid="2924920">
  <member type="way" ref="624152284" role="outer"/>
  <member type="way" ref="754359750" role="outer"/>
  <tag k="natural" v="wood"/>
  <tag k="type" v="multipolygon"/>
 </relation>
 <relation id="10985160" visible="true" version="18" changeset="180776335" timestamp="2026-04-02T16:16:26Z" user="ljc_jlyb" uid="14280033">
  <member type="relation" ref="19469182" role=""/>
  <member type="relation" ref="13184034" role=""/>
  <member type="relation" ref="13186159" role=""/>
  <member type="relation" ref="14615982" role=""/>
  <member type="relation" ref="13186200" role=""/>
  <member type="relation" ref="8372579" role=""/>
  <member type="relation" ref="9043750" role=""/>
  <member type="relation" ref="13186449" role=""/>
  <member type="relation" ref="8253845" role=""/>
  <member type="relation" ref="13186461" role=""/>
  <member type="relation" ref="10759594" role=""/>
  <member type="relation" ref="11018556" role=""/>
  <member type="relation" ref="13186479" role=""/>
  <member type="relation" ref="13186484" role=""/>
  <member type="relation" ref="10727745" role=""/>
  <member type="relation" ref="13186499" role=""/>
  <member type="relation" ref="6729351" role=""/>
  <member type="relation" ref="13186525" role=""/>
  <member type="relation" ref="10749593" role=""/>
  <member type="relation" ref="12002745" role=""/>
  <member type="relation" ref="10714314" role=""/>
  <member type="relation" ref="10977392" role=""/>
  <member type="relation" ref="13186604" role=""/>
  <member type="relation" ref="10717787" role=""/>
  <member type="relation" ref="10985159" role=""/>
  <member type="relation" ref="11033440" role=""/>
  <member type="relation" ref="11023449" role=""/>
  <member type="relation" ref="11974599" role=""/>
  <member type="relation" ref="7883995" role=""/>
  <member type="relation" ref="13184002" role=""/>
  <member type="relation" ref="10963535" role=""/>
  <member type="relation" ref="8847398" role=""/>
  <member type="relation" ref="19469224" role=""/>
  <member type="relation" ref="19469253" role=""/>
  <tag k="name" v="대한민국 국가지원지방도"/>
  <tag k="name:en" v="Local Roads (State funded) of South Korea"/>
  <tag k="name:ko" v="대한민국 국가지원지방도"/>
  <tag k="name:ko-Hani" v="大韓民國 國家支援地方道"/>
  <tag k="name:zh" v="大韓民國國家支援地方道"/>
  <tag k="name:zh-Hans" v="大韩民国国家支援地方道"/>
  <tag k="name:zh-Hant" v="大韓民國國家支援地方道"/>
  <tag k="type" v="network"/>
 </relation>
 <relation id="13186479" visible="true" version="18" changeset="186841998" timestamp="2026-08-03T00:37:37Z" user="morago" uid="11113946">
  <member type="way" ref="775334430" role=""/>
  <member type="way" ref="724279412" role=""/>
  <member type="way" ref="724279415" role=""/>
  <member type="way" ref="724279410" role=""/>
  <member type="way" ref="724279414" role=""/>
  <member type="way" ref="724279413" role=""/>
  <member type="way" ref="724279418" role=""/>
  <member type="way" ref="37407300" role=""/>
  <member type="way" ref="797744731" role=""/>
  <member type="way" ref="797744730" role=""/>
  <member type="way" ref="797744733" role=""/>
  <member type="way" ref="797744732" role=""/>
  <member type="way" ref="199386647" role=""/>
  <member type="way" ref="470224501" role=""/>
  <member type="way" ref="199386678" role=""/>
  <member type="way" ref="199386756" role=""/>
  <member type="way" ref="199386652" role=""/>
  <member type="way" ref="199386755" role=""/>
  <member type="way" ref="199386670" role=""/>
  <member type="way" ref="568573715" role=""/>
  <member type="way" ref="568573713" role=""/>
  <member type="way" ref="199386753" role=""/>
  <member type="way" ref="565443057" role=""/>
  <member type="way" ref="199386760" role=""/>
  <member type="way" ref="654955335" role=""/>
  <member type="way" ref="199386684" role=""/>
  <member type="way" ref="199386758" role=""/>
  <member type="way" ref="199386657" role=""/>
  <member type="way" ref="199386759" role=""/>
  <member type="way" ref="199386656" role=""/>
  <member type="way" ref="199386757" role=""/>
  <member type="way" ref="470257025" role=""/>
  <member type="way" ref="470257022" role=""/>
  <member type="way" ref="470224515" role=""/>
  <member type="way" ref="1316175208" role=""/>
  <member type="way" ref="1316175209" role=""/>
  <member type="way" ref="470224513" role=""/>
  <member type="way" ref="1333737157" role=""/>
  <member type="way" ref="64394824" role=""/>
  <member type="way" ref="470257029" role=""/>
  <member type="way" ref="64395044" role=""/>
  <member type="way" ref="470257031" role=""/>
  <member type="way" ref="470257030" role=""/>
  <member type="way" ref="793373103" role=""/>
  <member type="way" ref="1333737159" role=""/>
  <member type="way" ref="470257038" role=""/>
  <member type="way" ref="1316175211" role=""/>
  <member type="way" ref="1316175210" role=""/>
  <member type="way" ref="470257035" role=""/>
  <member type="way" ref="266775767" role=""/>
  <member type="way" ref="165722751" role=""/>
  <member type="way" ref="165722750" role=""/>
  <member type="way" ref="131170416" role=""/>
  <member type="way" ref="573485886" role=""/>
  <member type="way" ref="573485881" role=""/>
  <member type="way" ref="1361662020" role=""/>
  <member type="way" ref="1361660212" role=""/>
  <member type="way" ref="1361660211" role=""/>
  <member type="way" ref="49325361" role=""/>
  <member type="way" ref="1112159634" role=""/>
  <member type="way" ref="1112159635" role=""/>
  <member type="way" ref="660423064" role=""/>
  <member type="way" ref="1228347218" role=""/>
  <member type="way" ref="1228347219" role=""/>
  <member type="way" ref="1377457309" role=""/>
  <member type="way" ref="1016583252" role=""/>
  <member type="way" ref="739836404" role=""/>
  <member type="way" ref="739836416" role=""/>
  <member type="way" ref="739836417" role=""/>
  <member type="way" ref="1527561675" role=""/>
  <member type="way" ref="1016583253" role=""/>
  <member type="way" ref="406608558" role=""/>
  <member type="way" ref="739836415" role=""/>
  <member type="way" ref="739836414" role=""/>
  <member type="way" ref="739836413" role=""/>
  <member type="way" ref="739836412" role=""/>
  <member type="way" ref="739836411" role=""/>
  <member type="way" ref="740746872" role=""/>
  <member type="way" ref="1527561673" role=""/>
  <member type="way" ref="739836405" role=""/>
  <member type="way" ref="1016583254" role=""/>
  <member type="way" ref="1016583255" role=""/>
  <member type="way" ref="1016583249" role=""/>
  <member type="way" ref="1016583259" role=""/>
  <member type="way" ref="1016583260" role=""/>
  <member type="way" ref="1016583261" role=""/>
  <member type="way" ref="1016583262" role=""/>
  <member type="way" ref="1527561669" role=""/>
  <member type="way" ref="1527561670" role=""/>
  <member type="way" ref="1527561668" role=""/>
  <member type="way" ref="764567616" role=""/>
  <member type="way" ref="1527561666" role=""/>
  <member type="way" ref="1527561665" role=""/>
  <member type="way" ref="1527561663" role=""/>
  <member type="way" ref="1527561656" role=""/>
  <member type="way" ref="1527561655" role=""/>
  <member type="way" ref="1527561653" role=""/>
  <member type="way" ref="764568258" role=""/>
  <member type="way" ref="1527561652" role=""/>
  <member type="way" ref="44636479" role=""/>
  <member type="way" ref="1527561647" role=""/>
  <member type="way" ref="44636480" role=""/>
  <member type="way" ref="44636478" role=""/>
  <member type="way" ref="44636477" role=""/>
  <member type="way" ref="764563672" role=""/>
  <member type="way" ref="1364213078" role=""/>
  <member type="way" ref="470224514" role=""/>
  <member type="way" ref="470224506" role=""/>
  <member type="way" ref="470224509" role=""/>
  <member type="way" ref="653034597" role=""/>
  <member type="way" ref="550316849" role=""/>
  <member type="way" ref="550316848" role=""/>
  <member type="way" ref="64394894" role=""/>
  <member type="way" ref="1021849961" role=""/>
  <member type="way" ref="1021849962" role=""/>
  <member type="way" ref="1021849964" role=""/>
  <member type="way" ref="1021849963" role=""/>
  <member type="way" ref="1021849965" role=""/>
  <member type="way" ref="1021849966" role=""/>
  <member type="way" ref="1021849968" role=""/>
  <member type="way" ref="1021849967" role=""/>
  <member type="way" ref="1021849970" role=""/>
  <member type="way" ref="1021849969" role=""/>
  <member type="way" ref="1021849972" role=""/>
  <member type="way" ref="1021849971" role=""/>
  <member type="way" ref="1021849975" role=""/>
  <member type="way" ref="1526454931" role=""/>
  <member type="way" ref="686498532" role=""/>
  <member type="way" ref="1526454933" role=""/>
  <member type="way" ref="1530100467" role=""/>
  <member type="way" ref="653034598" role=""/>
  <member type="way" ref="1021844995" role=""/>
  <member type="way" ref="1021849960" role=""/>
  <member type="way" ref="1021844998" role=""/>
  <member type="way" ref="64394985" role=""/>
  <member type="way" ref="64394902" role=""/>
  <member type="way" ref="64394848" role=""/>
  <member type="way" ref="58362176" role=""/>
  <member type="way" ref="58362150" role=""/>
  <member type="way" ref="53723519" role=""/>
  <member type="way" ref="58362148" role=""/>
  <member type="way" ref="552876019" role=""/>
  <member type="way" ref="552876020" role=""/>
  <member type="way" ref="565456311" role=""/>
  <member type="way" ref="64394833" role=""/>
  <member type="way" ref="58362154" role=""/>
  <member type="way" ref="58362164" role=""/>
  <member type="way" ref="1526454932" role=""/>
  <member type="way" ref="686498529" role=""/>
  <member type="way" ref="686498531" role=""/>
  <member type="way" ref="1526454936" role=""/>
  <member type="way" ref="1526454937" role=""/>
  <member type="way" ref="834047917" role=""/>
  <member type="way" ref="1346338979" role=""/>
  <member type="way" ref="1346338978" role=""/>
  <member type="way" ref="64395018" role=""/>
  <member type="way" ref="1346338976" role=""/>
  <member type="way" ref="1346338977" role=""/>
  <member type="way" ref="1499291178" role=""/>
  <member type="way" ref="64394813" role=""/>
  <member type="way" ref="775568514" role=""/>
  <member type="way" ref="64395019" role=""/>
  <member type="way" ref="64394897" role=""/>
  <member type="way" ref="64395000" role=""/>
  <member type="way" ref="1526454941" role=""/>
  <member type="way" ref="1526454942" role=""/>
  <member type="way" ref="1526454940" role=""/>
  <member type="way" ref="1526454943" role=""/>
  <member type="way" ref="534579727" role=""/>
  <member type="way" ref="534579724" role=""/>
  <member type="way" ref="1348625587" role=""/>
  <member type="way" ref="1348625586" role=""/>
  <member type="way" ref="537565088" role=""/>
  <member type="way" ref="1526454956" role=""/>
  <member type="way" ref="1526454957" role=""/>
  <member type="way" ref="1474810350" role=""/>
  <member type="way" ref="1474810349" role=""/>
  <member type="way" ref="1474810348" role=""/>
  <member type="way" ref="1474810347" role=""/>
  <member type="way" ref="1474812642" role=""/>
  <member type="way" ref="537565089" role=""/>
  <member type="way" ref="478447278" role=""/>
  <member type="way" ref="478447279" role=""/>
  <member type="way" ref="532665908" role=""/>
  <member type="way" ref="532665909" role=""/>
  <member type="way" ref="472549394" role=""/>
  <member type="way" ref="472549397" role=""/>
  <member type="way" ref="199400856" role=""/>
  <member type="way" ref="199400857" role=""/>
  <member type="way" ref="1526454962" role=""/>
  <member type="way" ref="1526454964" role=""/>
  <member type="way" ref="1526454965" role=""/>
  <member type="way" ref="1526454966" role=""/>
  <member type="way" ref="1526454967" role=""/>
  <member type="way" ref="1526454961" role=""/>
  <member type="way" ref="1297638165" role=""/>
  <member type="way" ref="1297638166" role=""/>
  <member type="way" ref="1297638167" role=""/>
  <member type="way" ref="1526454972" role=""/>
  <member type="way" ref="1526454974" role=""/>
  <member type="way" ref="1526454975" role=""/>
  <member type="way" ref="1526454976" role=""/>
  <member type="way" ref="711558840" role=""/>
  <member type="way" ref="1526454977" role=""/>
  <member type="way" ref="37386014" role=""/>
  <member type="way" ref="1075942713" role=""/>
  <member type="way" ref="1075942712" role=""/>
  <member type="way" ref="1526454992" role=""/>
  <member type="way" ref="1526454994" role=""/>
  <member type="way" ref="1526454988" role=""/>
  <member type="way" ref="1526454989" role=""/>
  <member type="way" ref="1029513472" role=""/>
  <member type="way" ref="1029513471" role=""/>
  <member type="way" ref="1029513468" role=""/>
  <member type="way" ref="1029513467" role=""/>
  <member type="way" ref="1526454982" role=""/>
  <member type="way" ref="1526454981" role=""/>
  <member type="way" ref="711558839" role=""/>
  <member type="way" ref="535470936" role=""/>
  <member type="way" ref="1365324496" role=""/>
  <member type="way" ref="1365324499" role=""/>
  <member type="way" ref="1029513470" role=""/>
  <member type="way" ref="535470937" role=""/>
  <member type="way" ref="535470942" role=""/>
  <member type="way" ref="1526454986" role=""/>
  <member type="way" ref="535470939" role=""/>
  <member type="way" ref="1526454987" role=""/>
  <member type="way" ref="1526454993" role=""/>
  <member type="way" ref="1526454991" role=""/>
  <member type="way" ref="1526454990" role=""/>
  <member type="way" ref="551535661" role=""/>
  <member type="way" ref="1365327786" role=""/>
  <member type="way" ref="1365327787" role=""/>
  <member type="way" ref="888841229" role=""/>
  <member type="way" ref="1365327784" role=""/>
  <member type="way" ref="778151346" role=""/>
  <member type="way" ref="888800062" role=""/>
  <member type="way" ref="888822967" role=""/>
  <member type="way" ref="888800064" role=""/>
  <member type="way" ref="888800066" role=""/>
  <member type="way" ref="1362302962" role=""/>
  <member type="way" ref="1362302961" role=""/>
  <member type="way" ref="888800089" role=""/>
  <member type="way" ref="1526454998" role=""/>
  <member type="way" ref="888800069" role=""/>
  <member type="way" ref="888800088" role=""/>
  <member type="way" ref="1526608132" role=""/>
  <member type="way" ref="778151327" role=""/>
  <member type="way" ref="1135693250" role=""/>
  <member type="way" ref="1135693251" role=""/>
  <member type="way" ref="765565088" role=""/>
  <member type="way" ref="765565087" role=""/>
  <member type="way" ref="1526456961" role=""/>
  <member type="way" ref="801497371" role=""/>
  <member type="way" ref="892234242" role=""/>
  <member type="way" ref="892234241" role=""/>
  <member type="way" ref="801497370" role=""/>
  <member type="way" ref="1212029927" role=""/>
  <member type="way" ref="1306096499" role=""/>
  <member type="way" ref="372823353" role=""/>
  <member type="way" ref="1460776897" role=""/>
  <member type="way" ref="1460776896" role=""/>
  <member type="way" ref="403895012" role=""/>
  <member type="way" ref="403895007" role=""/>
  <member type="way" ref="470215254" role=""/>
  <member type="way" ref="403118936" role=""/>
  <member type="way" ref="330183509" role=""/>
  <member type="way" ref="661164959" role=""/>
  <member type="way" ref="1526564040" role=""/>
  <member type="way" ref="1526564041" role=""/>
  <member type="way" ref="492374115" role=""/>
  <member type="way" ref="1526564043" role=""/>
  <member type="way" ref="1526564042" role=""/>
  <member type="way" ref="1526564049" role=""/>
  <member type="way" ref="1526564050" role=""/>
  <member type="way" ref="1526564046" role=""/>
  <member type="way" ref="1526564048" role=""/>
  <member type="way" ref="1526564047" role=""/>
  <member type="way" ref="1526564052" role=""/>
  <member type="way" ref="1526564051" role=""/>
  <member type="way" ref="1526564054" role=""/>
  <member type="way" ref="1526564053" role=""/>
  <member type="way" ref="1526564058" role=""/>
  <member type="way" ref="1526564057" role=""/>
  <member type="way" ref="1526564056" role=""/>
  <member type="way" ref="1526564055" role=""/>
  <member type="way" ref="1526564059" role=""/>
  <member type="way" ref="302868488" role=""/>
  <member type="way" ref="68675144" role=""/>
  <member type="way" ref="68675150" role=""/>
  <member type="way" ref="1526564039" role=""/>
  <member type="way" ref="1524929426" role=""/>
  <member type="way" ref="1524929429" role=""/>
  <member type="way" ref="1524929431" role=""/>
  <member type="way" ref="1524929479" role=""/>
  <member type="way" ref="1524929480" role=""/>
  <member type="way" ref="1524929430" role=""/>
  <member type="way" ref="1524929452" role=""/>
  <member type="way" ref="1524929451" role=""/>
  <member type="way" ref="1524929459" role=""/>
  <member type="way" ref="1524929458" role=""/>
  <member type="way" ref="1524929454" role=""/>
  <member type="way" ref="1524929455" role=""/>
  <member type="way" ref="1524929456" role=""/>
  <member type="way" ref="1524929460" role=""/>
  <member type="way" ref="1524929453" role=""/>
  <member type="way" ref="1524929461" role=""/>
  <member type="way" ref="1292950766" role=""/>
  <member type="way" ref="1524929462" role=""/>
  <member type="way" ref="460536164" role=""/>
  <member type="way" ref="490006049" role=""/>
  <member type="way" ref="490006044" role=""/>
  <member type="way" ref="490006045" role=""/>
  <member type="way" ref="490006042" role=""/>
  <member type="way" ref="537901448" role=""/>
  <member type="way" ref="537901430" role=""/>
  <member type="way" ref="1524929474" role=""/>
  <member type="way" ref="537901427" role=""/>
  <member type="way" ref="490006041" role=""/>
  <member type="way" ref="1524929477" role=""/>
  <member type="way" ref="1134679246" role=""/>
  <member type="way" ref="1524929428" role=""/>
  <member type="way" ref="1323984991" role=""/>
  <member type="way" ref="1323984990" role=""/>
  <member type="way" ref="1134679247" role=""/>
  <member type="way" ref="1323984986" role=""/>
  <member type="way" ref="1323984987" role=""/>
  <member type="way" ref="1047122385" role=""/>
  <member type="way" ref="1323984985" role=""/>
  <member type="way" ref="1323984984" role=""/>
  <member type="way" ref="1134679244" role=""/>
  <member type="way" ref="1134679245" role=""/>
  <member type="way" ref="1134679243" role=""/>
  <member type="way" ref="1134679242" role=""/>
  <member type="way" ref="1134679241" role=""/>
  <member type="way" ref="1524929465" role=""/>
  <member type="way" ref="1524929466" role=""/>
  <member type="way" ref="1524929467" role=""/>
  <member type="way" ref="1134679240" role=""/>
  <member type="way" ref="1524929468" role=""/>
  <member type="way" ref="490006043" role=""/>
  <member type="way" ref="490006046" role=""/>
  <member type="way" ref="490006047" role=""/>
  <member type="way" ref="1524929471" role=""/>
  <member type="way" ref="1524929470" role=""/>
  <member type="way" ref="1524929475" role=""/>
  <member type="way" ref="1524929473" role=""/>
  <member type="way" ref="537901417" role=""/>
  <member type="way" ref="1524929478" role=""/>
  <member type="way" ref="537901408" role=""/>
  <member type="way" ref="537901413" role=""/>
  <member type="way" ref="600986557" role=""/>
  <member type="way" ref="537901411" role=""/>
  <member type="way" ref="600986555" role=""/>
  <member type="way" ref="57676908" role=""/>
  <member type="way" ref="986523514" role=""/>
  <member type="way" ref="600986560" role=""/>
  <member type="way" ref="1364213079" role=""/>
  <member type="way" ref="406608560" role=""/>
  <member type="way" ref="1527561671" role=""/>
  <member type="way" ref="1359538913" role=""/>
  <member type="way" ref="1359538912" role=""/>
  <member type="way" ref="406608559" role=""/>
  <member type="way" ref="1239028782" role=""/>
  <member type="way" ref="160191592" role=""/>
  <member type="way" ref="1227378319" role=""/>
  <member type="way" ref="1227363706" role=""/>
  <member type="way" ref="160191591" role=""/>
  <member type="way" ref="1227363700" role=""/>
  <member type="way" ref="553503637" role=""/>
  <member type="way" ref="553503635" role=""/>
  <member type="way" ref="1227363702" role=""/>
  <member type="way" ref="160191588" role=""/>
  <member type="way" ref="160191593" role=""/>
  <member type="way" ref="160191587" role=""/>
  <member type="way" ref="1369603780" role=""/>
  <member type="way" ref="1369603779" role=""/>
  <member type="way" ref="1369603778" role=""/>
  <member type="way" ref="160191595" role=""/>
  <member type="way" ref="1527561681" role=""/>
  <member type="way" ref="871558931" role=""/>
  <member type="way" ref="1527561677" role=""/>
  <member type="way" ref="1527561680" role=""/>
  <member type="way" ref="1527561679" role=""/>
  <member type="way" ref="871558930" role=""/>
  <member type="way" ref="553503623" role=""/>
  <member type="way" ref="553503611" role=""/>
  <member type="way" ref="1198020421" role=""/>
  <member type="way" ref="1198020420" role=""/>
  <member type="way" ref="1198020425" role=""/>
  <member type="way" ref="553503609" role=""/>
  <member type="way" ref="1527561676" role=""/>
  <member type="way" ref="1416978538" role=""/>
  <member type="way" ref="1416978539" role=""/>
  <member type="way" ref="1416978537" role=""/>
  <member type="way" ref="1416978536" role=""/>
  <member type="way" ref="1416978531" role=""/>
  <member type="way" ref="1416978529" role=""/>
  <member type="way" ref="553503592" role=""/>
  <member type="way" ref="553503606" role=""/>
  <member type="way" ref="553503604" role=""/>
  <member type="way" ref="1416978540" role=""/>
  <member type="way" ref="1416978530" role=""/>
  <member type="way" ref="553503590" role=""/>
  <member type="way" ref="1416978532" role=""/>
  <member type="way" ref="1416978533" role=""/>
  <member type="way" ref="1358089457" role=""/>
  <member type="way" ref="474591160" role=""/>
  <member type="way" ref="474591191" role=""/>
  <member type="way" ref="1198624973" role=""/>
  <member type="way" ref="1198624972" role=""/>
  <member type="way" ref="1198624974" role=""/>
  <member type="way" ref="1198624975" role=""/>
  <member type="way" ref="1224054859" role=""/>
  <member type="way" ref="524415223" role=""/>
  <member type="way" ref="1224054858" role=""/>
  <member type="way" ref="524415225" role=""/>
  <member type="way" ref="524415228" role=""/>
  <member type="way" ref="524415230" role=""/>
  <member type="way" ref="524415247" role=""/>
  <member type="way" ref="524415248" role=""/>
  <member type="way" ref="524415244" role=""/>
  <member type="way" ref="524415245" role=""/>
  <member type="way" ref="524415213" role=""/>
  <member type="way" ref="1198492552" role=""/>
  <member type="way" ref="1198492551" role=""/>
  <member type="way" ref="1165295689" role=""/>
  <member type="way" ref="1165295690" role=""/>
  <member type="way" ref="113767220" role=""/>
  <member type="way" ref="113767201" role=""/>
  <member type="way" ref="34491771" role=""/>
  <member type="way" ref="1171461659" role=""/>
  <member type="way" ref="1171461660" role=""/>
  <member type="way" ref="1171461668" role=""/>
  <member type="way" ref="1171461669" role=""/>
  <member type="way" ref="1171461670" role=""/>
  <member type="way" ref="1171461671" role=""/>
  <member type="way" ref="1171461672" role=""/>
  <member type="way" ref="1171461673" role=""/>
  <member type="way" ref="1233920206" role=""/>
  <member type="way" ref="1233920207" role=""/>
  <member type="way" ref="34761889" role=""/>
  <member type="way" ref="1388715753" role=""/>
  <member type="way" ref="1388715752" role=""/>
  <member type="way" ref="709623826" role=""/>
  <member type="way" ref="709623827" role=""/>
  <member type="way" ref="1233817386" role=""/>
  <member type="way" ref="1233817385" role=""/>
  <member type="way" ref="709623832" role=""/>
  <member type="way" ref="1546850037" role=""/>
  <member type="way" ref="1546850038" role=""/>
  <member type="way" ref="709623839" role=""/>
  <member type="way" ref="709623840" role=""/>
  <member type="way" ref="909452417" role=""/>
  <member type="way" ref="909452416" role=""/>
  <member type="way" ref="266774428" role=""/>
  <member type="way" ref="1527561683" role=""/>
  <member type="way" ref="266774800" role=""/>
  <member type="way" ref="1527561684" role=""/>
  <member type="way" ref="108178038" role=""/>
  <member type="way" ref="1377457308" role=""/>
  <tag k="name" v="대한민국 국가지원지방도 제55호선"/>
  <tag k="name:en" v="Local Road 55 (South Korea)"/>
  <tag k="name:ko" v="대한민국 국가지원지방도 제55호선"/>
  <tag k="network" v="KR:local"/>
  <tag k="ref" v="55"/>
  <tag k="ref:colour" v="#F5BF41"/>
  <tag k="ref:colour_tx" v="#29246C"/>
  <tag k="route" v="road"/>
  <tag k="type" v="route"/>
  <tag k="wikidata" v="Q12585622"/>
  <tag k="wikipedia" v="ko:국가지원지방도 제55호선"/>
 </relation>
 <relation id="16508741" visible="true" version="5" changeset="170248460" timestamp="2025-08-10T14:32:24Z" user="aaei924" uid="10626814">
  <member type="relation" ref="16509655" role=""/>
  <member type="relation" ref="16509663" role=""/>
  <member type="relation" ref="16509656" role=""/>
  <member type="relation" ref="16509667" role=""/>
  <member type="relation" ref="16509661" role=""/>
  <member type="relation" ref="16509657" role=""/>
  <member type="relation" ref="16508740" role=""/>
  <member type="relation" ref="16509670" role=""/>
  <member type="relation" ref="16509664" role=""/>
  <member type="relation" ref="16509671" role=""/>
  <member type="relation" ref="16509669" role=""/>
  <member type="relation" ref="16509668" role=""/>
  <member type="relation" ref="16509742" role=""/>
  <member type="relation" ref="16509674" role=""/>
  <member type="relation" ref="16509741" role=""/>
  <member type="relation" ref="16509676" role=""/>
  <member type="relation" ref="16509677" role=""/>
  <member type="relation" ref="16509660" role=""/>
  <member type="relation" ref="16509662" role=""/>
  <member type="relation" ref="16509673" role=""/>
  <member type="relation" ref="16508739" role=""/>
  <member type="relation" ref="16509675" role=""/>
  <member type="relation" ref="16509658" role=""/>
  <member type="relation" ref="16509665" role=""/>
  <member type="relation" ref="16509672" role=""/>
  <tag k="name" v="나주시도"/>
  <tag k="network" v="KR:46:Naju"/>
  <tag k="type" v="network"/>
 </relation>
 <relation id="16509672" visible="true" version="2" changeset="170167644" timestamp="2025-08-08T17:24:37Z" user="aaei924" uid="10626814">
  <member type="way" ref="199400864" role=""/>
  <member type="way" ref="765565086" role=""/>
  <member type="way" ref="765565085" role=""/>
  <member type="way" ref="60948814" role=""/>
  <member type="way" ref="665555284" role=""/>
  <member type="way" ref="665555283" role=""/>
  <member type="way" ref="1212029922" role=""/>
  <member type="way" ref="372823740" role=""/>
  <member type="way" ref="256804760" role=""/>
  <tag k="name" v="나주시도 제40호선"/>
  <tag k="network" v="KR:46:Naju"/>
  <tag k="ref" v="40"/>
  <tag k="route" v="road"/>
  <tag k="type" v="route"/>
 </relation>
</osm>
