<?xml version="1.0" encoding="UTF-8"?>
<osm version="0.6" generator="openstreetmap-cgimap 2.1.0 (3498744 spike-06.openstreetmap.org)" copyright="OpenStreetMap and contributors" attribution="http://www.openstreetmap.org/copyright" license="http://opendatacommons.org/licenses/odbl/1-0/">
 <bounds minlat="35.0240000" minlon="126.7750000" maxlat="35.0330000" maxlon="126.7870000"/>
 <node id="415146191" visible="true" version="4" changeset="130479716" timestamp="2022-12-25T11:45:58Z" user="LuxuryCoop" uid="7245212" lat="35.0280200" lon="126.7758800">
  <tag k="name" v="석전리"/>
  <tag k="name:en" v="Seokjeon-ri"/>
  <tag k="name:ko" v="석전리"/>
  <tag k="name:ko-Latn" v="Seokjeon-ri"/>
  <tag k="place" v="village"/>
 </node>
 <node id="436996646" visible="true" version="4" changeset="144253076" timestamp="2023-11-20T15:57:17Z" user="asdfqwer51" uid="3350410" lat="35.0316366" lon="126.7785665"/>
 <node id="436996649" visible="true" version="4" changeset="187989182" timestamp="2026-08-25T13:25:23Z" user="aaei924" uid="10626814" lat="35.0353689" lon="126.7780808"/>
 <node id="1438912004" visible="true" version="5" changeset="144253076" timestamp="2023-11-20T15:57:17Z" user="asdfqwer51" uid="3350410" lat="35.0299795" lon="126.7783932"/>
 <node id="2623130327" visible="true" version="6" changeset="176319095" timestamp="2025-12-23T17:30:15Z" user="aaei924" uid="10626814" lat="35.0213399" lon="126.7787471">
  <tag k="highway" v="traffic_signals"/>
  <tag k="traffic_signals" v="signal"/>
 </node>
 <node id="2623136095" visible="true" version="4" changeset="124040733" timestamp="2022-07-25T08:53:04Z" user="FUKUTAN" uid="5207199" lat="35.0296989" lon="126.7817030"/>
 <node id="2623136096" visible="true" version="2" changeset="124040733" timestamp="2022-07-25T08:53:04Z" user="FUKUTAN" uid="5207199" lat="35.0304313" lon="126.7832003"/>
 <node id="2623136097" visible="true" version="4" changeset="55000270" timestamp="2017-12-29T04:56:06Z" user="FUKUTAN" uid="5207199" lat="35.0241782" lon="126.7797254"/>
 <node id="2623136098" visible="true" version="5" changeset="144333236" timestamp="2023-11-22T16:36:43Z" user="asdfqwer51" uid="3350410" lat="35.0304900" lon="126.7865629"/>
 <node id="2623136100" visible="true" version="5" changeset="100138147" timestamp="2021-02-28T14:03:49Z" user="mulgist" uid="12368943" lat="35.0278738" lon="126.7824878"/>
 <node id="2623136111" visible="true" version="4" changeset="144333236" timestamp="2023-11-22T16:36:43Z" user="asdfqwer51" uid="3350410" lat="35.0303494" lon="126.7868046"/>
 <node id="2623136114" visible="true" version="2" changeset="144333236" timestamp="2023-11-22T16:36:43Z" user="asdfqwer51" uid="3350410" lat="35.0307519" lon="126.7854425"/>
 <node id="2623136117" visible="true" version="2" changeset="144333236" timestamp="2023-11-22T16:36:43Z" user="asdfqwer51" uid="3350410" lat="35.0280775" lon="126.7896063">
  <tag k="highway" v="traffic_signals"/>
  <tag k="traffic_signals" v="signal"/>
 </node>
 <node id="2623136120" visible="true" version="4" changeset="124040733" timestamp="2022-07-25T08:53:04Z" user="FUKUTAN" uid="5207199" lat="35.0303241" lon="126.7826569"/>
 <node id="2623136262" visible="true" version="1" changeset="20008128" timestamp="2014-01-15T07:49:45Z" user="Jockhyeng1" uid="1594736" lat="35.0254498" lon="126.7864162"/>
 <node id="2623136270" visible="true" version="6" changeset="112020543" timestamp="2021-10-03T05:04:56Z" user="mulgist" uid="12368943" lat="35.0232968" lon="126.7850797"/>
 <node id="2623136273" visible="true" version="3" changeset="144332579" timestamp="2023-11-22T16:15:50Z" user="asdfqwer51" uid="3350410" lat="35.0241806" lon="126.7853872">
  <tag k="highway" v="traffic_signals"/>
  <tag k="traffic_signals" v="signal"/>
 </node>
 <node id="2623137225" visible="true" version="7" changeset="144332579" timestamp="2023-11-22T16:15:50Z" user="asdfqwer51" uid="3350410" lat="35.0235823" lon="126.7882377"/>
 <node id="2623137229" visible="true" version="3" changeset="55000270" timestamp="2017-12-29T04:56:06Z" user="FUKUTAN" uid="5207199" lat="35.0250499" lon="126.7815408"/>
 <node id="2940474299" visible="true" version="4" changeset="124040733" timestamp="2022-07-25T08:53:04Z" user="FUKUTAN" uid="5207199" lat="35.0242871" lon="126.7792071"/>
 <node id="3317869864" visible="true" version="2" changeset="55000270" timestamp="2017-12-29T04:56:06Z" user="FUKUTAN" uid="5207199" lat="35.0249313" lon="126.7774999"/>
 <node id="3317869867" visible="true" version="3" changeset="124040733" timestamp="2022-07-25T08:53:04Z" user="FUKUTAN" uid="5207199" lat="35.0240654" lon="126.7791343"/>
 <node id="3317869869" visible="true" version="3" changeset="133576907" timestamp="2023-03-12T08:16:26Z" user="FUKUTAN" uid="5207199" lat="35.0238786" lon="126.7766574"/>
 <node id="3317869872" visible="true" version="2" changeset="55000270" timestamp="2017-12-29T04:56:05Z" user="FUKUTAN" uid="5207199" lat="35.0256264" lon="126.7777373"/>
 <node id="3317869878" visible="true" version="2" changeset="55000270" timestamp="2017-12-29T04:56:06Z" user="FUKUTAN" uid="5207199" lat="35.0248297" lon="126.7779405"/>
 <node id="3317869879" visible="true" version="3" changeset="124040733" timestamp="2022-07-25T08:53:04Z" user="FUKUTAN" uid="5207199" lat="35.0245351" lon="126.7792885"/>
 <node id="3317869880" visible="true" version="2" changeset="55000270" timestamp="2017-12-29T04:56:05Z" user="FUKUTAN" uid="5207199" lat="35.0236424" lon="126.7765745"/>
 <node id="3317869890" visible="true" version="3" changeset="133576907" timestamp="2023-03-12T08:16:26Z" user="FUKUTAN" uid="5207199" lat="35.0250237" lon="126.7770591"/>
 <node id="3317869892" visible="true" version="2" changeset="55000270" timestamp="2017-12-29T04:56:05Z" user="FUKUTAN" uid="5207199" lat="35.0255268" lon="126.7781660"/>
 <node id="3317869895" visible="true" version="3" changeset="124040733" timestamp="2022-07-25T08:53:04Z" user="FUKUTAN" uid="5207199" lat="35.0252274" lon="126.7795157"/>
 <node id="3317869896" visible="true" version="3" changeset="124040733" timestamp="2022-07-25T08:53:04Z" user="FUKUTAN" uid="5207199" lat="35.0231336" lon="126.7788285"/>
 <node id="3317869897" visible="true" version="5" changeset="175093035" timestamp="2025-11-25T04:20:05Z" user="LuxuryCoop" uid="7245212" lat="35.0233914" lon="126.7789131"/>
 <node id="3317869898" visible="true" version="3" changeset="124040733" timestamp="2022-07-25T08:53:04Z" user="FUKUTAN" uid="5207199" lat="35.0246404" lon="126.7788361"/>
 <node id="3317869904" visible="true" version="3" changeset="124040733" timestamp="2022-07-25T08:53:04Z" user="FUKUTAN" uid="5207199" lat="35.0247285" lon="126.7784373"/>
 <node id="3317869905" visible="true" version="3" changeset="124040733" timestamp="2022-07-25T08:53:04Z" user="FUKUTAN" uid="5207199" lat="35.0254099" lon="126.7786548"/>
 <node id="3317869908" visible="true" version="3" changeset="133576907" timestamp="2023-03-12T08:16:26Z" user="FUKUTAN" uid="5207199" lat="35.0257253" lon="126.7773052"/>
 <node id="3413883211" visible="true" version="6" changeset="144333236" timestamp="2023-11-22T16:36:43Z" user="asdfqwer51" uid="3350410" lat="35.0223489" lon="126.7849468"/>
 <node id="3413883216" visible="true" version="3" changeset="144253076" timestamp="2023-11-20T15:57:17Z" user="asdfqwer51" uid="3350410" lat="35.0224712" lon="126.7756336"/>
 <node id="3413883235" visible="true" version="2" changeset="53597468" timestamp="2017-11-08T01:11:03Z" user="FUKUTAN" uid="5207199" lat="35.0246476" lon="126.7747147"/>
 <node id="3413883236" visible="true" version="4" changeset="100138147" timestamp="2021-02-28T14:03:49Z" user="mulgist" uid="12368943" lat="35.0247636" lon="126.7828506"/>
 <node id="3413883237" visible="true" version="2" changeset="53597468" timestamp="2017-11-08T01:11:03Z" user="FUKUTAN" uid="5207199" lat="35.0247503" lon="126.7752097"/>
 <node id="3413883238" visible="true" version="2" changeset="53597468" timestamp="2017-11-08T01:11:03Z" user="FUKUTAN" uid="5207199" lat="35.0247062" lon="126.7743700"/>
 <node id="3413883239" visible="true" version="2" changeset="53597468" timestamp="2017-11-08T01:11:03Z" user="FUKUTAN" uid="5207199" lat="35.0249351" lon="126.7755169"/>
 <node id="3413883240" visible="true" version="3" changeset="144398789" timestamp="2023-11-24T08:57:10Z" user="asdfqwer51" uid="3350410" lat="35.0252750" lon="126.7759589"/>
 <node id="3413883241" visible="true" version="3" changeset="124040733" timestamp="2022-07-25T08:53:04Z" user="FUKUTAN" uid="5207199" lat="35.0252956" lon="126.7733276"/>
 <node id="3413883242" visible="true" version="3" changeset="100138147" timestamp="2021-02-28T14:03:49Z" user="mulgist" uid="12368943" lat="35.0269498" lon="126.7834993"/>
 <node id="3413883243" visible="true" version="4" changeset="133576907" timestamp="2023-03-12T08:16:26Z" user="FUKUTAN" uid="5207199" lat="35.0256239" lon="126.7789535"/>
 <node id="3413883244" visible="true" version="3" changeset="124040733" timestamp="2022-07-25T08:53:04Z" user="FUKUTAN" uid="5207199" lat="35.0258531" lon="126.7735401"/>
 <node id="3413883245" visible="true" version="2" changeset="53130301" timestamp="2017-10-21T14:59:53Z" user="FUKUTAN" uid="5207199" lat="35.0259153" lon="126.7869338"/>
 <node id="3413883246" visible="true" version="3" changeset="144398789" timestamp="2023-11-24T08:57:10Z" user="asdfqwer51" uid="3350410" lat="35.0261974" lon="126.7764923"/>
 <node id="3413883247" visible="true" version="4" changeset="133576907" timestamp="2023-03-12T08:16:26Z" user="FUKUTAN" uid="5207199" lat="35.0260742" lon="126.7791051"/>
 <node id="3413883248" visible="true" version="3" changeset="100138147" timestamp="2021-02-28T14:03:49Z" user="mulgist" uid="12368943" lat="35.0270870" lon="126.7855853"/>
 <node id="3413883249" visible="true" version="2" changeset="124040733" timestamp="2022-07-25T08:53:04Z" user="FUKUTAN" uid="5207199" lat="35.0267453" lon="126.7737495"/>
 <node id="3413883251" visible="true" version="2" changeset="53597468" timestamp="2017-11-08T01:11:03Z" user="FUKUTAN" uid="5207199" lat="35.0272149" lon="126.7770708"/>
 <node id="3413883252" visible="true" version="3" changeset="53597468" timestamp="2017-11-08T01:11:03Z" user="FUKUTAN" uid="5207199" lat="35.0269083" lon="126.7745362"/>
 <node id="3413883253" visible="true" version="3" changeset="124040733" timestamp="2022-07-25T08:53:04Z" user="FUKUTAN" uid="5207199" lat="35.0270515" lon="126.7737109"/>
 <node id="3413883254" visible="true" version="2" changeset="53597468" timestamp="2017-11-08T01:11:03Z" user="FUKUTAN" uid="5207199" lat="35.0272119" lon="126.7728167"/>
 <node id="3413883266" visible="true" version="2" changeset="144398789" timestamp="2023-11-24T08:57:10Z" user="asdfqwer51" uid="3350410" lat="35.0288523" lon="126.7777062"/>
 <node id="3413883271" visible="true" version="3" changeset="55037307" timestamp="2017-12-30T15:32:36Z" user="FUKUTAN" uid="5207199" lat="35.0289534" lon="126.7786773"/>
 <node id="3413883276" visible="true" version="3" changeset="144398789" timestamp="2023-11-24T08:57:10Z" user="asdfqwer51" uid="3350410" lat="35.0295363" lon="126.7778701"/>
 <node id="3413883280" visible="true" version="3" changeset="55037307" timestamp="2017-12-30T15:32:36Z" user="FUKUTAN" uid="5207199" lat="35.0296481" lon="126.7779189"/>
 <node id="3413883288" visible="true" version="4" changeset="163233992" timestamp="2025-03-05T08:31:14Z" user="dongin" uid="11518918" lat="35.0304776" lon="126.7772347"/>
 <node id="3413883291" visible="true" version="4" changeset="147077461" timestamp="2024-02-05T04:28:45Z" user="FUKUTAN" uid="5207199" lat="35.0314044" lon="126.7767121"/>
 <node id="3413883295" visible="true" version="4" changeset="163233992" timestamp="2025-03-05T08:31:14Z" user="dongin" uid="11518918" lat="35.0326633" lon="126.7756919"/>
 <node id="3413889922" visible="true" version="2" changeset="99219143" timestamp="2021-02-13T16:03:11Z" user="mulgist" uid="12368943" lat="35.0265226" lon="126.7886127"/>
 <node id="3413889942" visible="true" version="3" changeset="100138147" timestamp="2021-02-28T14:03:49Z" user="mulgist" uid="12368943" lat="35.0272273" lon="126.7877087"/>
 <node id="3413889946" visible="true" version="3" changeset="100138147" timestamp="2021-02-28T14:03:49Z" user="mulgist" uid="12368943" lat="35.0274749" lon="126.7874419"/>
 <node id="3413889949" visible="true" version="4" changeset="144334816" timestamp="2023-11-22T17:12:52Z" user="asdfqwer51" uid="3350410" lat="35.0280624" lon="126.7866012"/>
 <node id="3413889951" visible="true" version="2" changeset="144334816" timestamp="2023-11-22T17:12:52Z" user="asdfqwer51" uid="3350410" lat="35.0280899" lon="126.7863955"/>
 <node id="3413889952" visible="true" version="2" changeset="99630021" timestamp="2021-02-20T08:24:13Z" user="mulgist" uid="12368943" lat="35.0288081" lon="126.7850830"/>
 <node id="3413889953" visible="true" version="3" changeset="144334816" timestamp="2023-11-22T17:12:52Z" user="asdfqwer51" uid="3350410" lat="35.0282186" lon="126.7859608"/>
 <node id="3413889954" visible="true" version="2" changeset="99630021" timestamp="2021-02-20T08:24:13Z" user="mulgist" uid="12368943" lat="35.0287149" lon="126.7846172"/>
 <node id="3413889955" visible="true" version="2" changeset="99630021" timestamp="2021-02-20T08:24:13Z" user="mulgist" uid="12368943" lat="35.0287982" lon="126.7839914"/>
 <node id="3413889956" visible="true" version="2" changeset="99630021" timestamp="2021-02-20T08:24:13Z" user="mulgist" uid="12368943" lat="35.0288991" lon="126.7847817"/>
 <node id="3413889957" visible="true" version="2" changeset="99630021" timestamp="2021-02-20T08:24:13Z" user="mulgist" uid="12368943" lat="35.0287109" lon="126.7835690"/>
 <node id="3413889958" visible="true" version="2" changeset="99630021" timestamp="2021-02-20T08:24:13Z" user="mulgist" uid="12368943" lat="35.0290391" lon="126.7848266"/>
 <node id="3413889959" visible="true" version="2" changeset="99630021" timestamp="2021-02-20T08:24:13Z" user="mulgist" uid="12368943" lat="35.0286692" lon="126.7831796"/>
 <node id="3413889960" visible="true" version="2" changeset="99630021" timestamp="2021-02-20T08:24:13Z" user="mulgist" uid="12368943" lat="35.0289451" lon="126.7827468"/>
 <node id="3413889961" visible="true" version="3" changeset="147077461" timestamp="2024-02-05T04:28:45Z" user="FUKUTAN" uid="5207199" lat="35.0291076" lon="126.7848321"/>
 <node id="3413889962" visible="true" version="3" changeset="99630021" timestamp="2021-02-20T08:24:13Z" user="mulgist" uid="12368943" lat="35.0292214" lon="126.7827364"/>
 <node id="3413889963" visible="true" version="3" changeset="147077461" timestamp="2024-02-05T04:28:45Z" user="FUKUTAN" uid="5207199" lat="35.0292688" lon="126.7846521"/>
 <node id="3413889964" visible="true" version="2" changeset="99630021" timestamp="2021-02-20T08:24:13Z" user="mulgist" uid="12368943" lat="35.0293749" lon="126.7843743"/>
 <node id="3413889966" visible="true" version="3" changeset="99630021" timestamp="2021-02-20T08:24:13Z" user="mulgist" uid="12368943" lat="35.0295726" lon="126.7840321"/>
 <node id="3413889969" visible="true" version="3" changeset="55037307" timestamp="2017-12-30T15:32:37Z" user="FUKUTAN" uid="5207199" lat="35.0294591" lon="126.7827399"/>
 <node id="3413889970" visible="true" version="3" changeset="55037307" timestamp="2017-12-30T15:32:37Z" user="FUKUTAN" uid="5207199" lat="35.0296502" lon="126.7837433"/>
 <node id="3413889971" visible="true" version="4" changeset="99630021" timestamp="2021-02-20T08:24:13Z" user="mulgist" uid="12368943" lat="35.0295631" lon="126.7835114"/>
 <node id="4714522157" visible="true" version="4" changeset="144253076" timestamp="2023-11-20T15:57:17Z" user="asdfqwer51" uid="3350410" lat="35.0288241" lon="126.7780330"/>
 <node id="4721608237" visible="true" version="3" changeset="55037307" timestamp="2017-12-30T15:32:36Z" user="FUKUTAN" uid="5207199" lat="35.0292157" lon="126.7782592"/>
 <node id="4721608238" visible="true" version="3" changeset="140229198" timestamp="2023-08-22T13:18:26Z" user="야광멧돼지" uid="12393144" lat="35.0295207" lon="126.7780423"/>
 <node id="4974413427" visible="true" version="3" changeset="99246467" timestamp="2021-02-14T11:49:51Z" user="mulgist" uid="12368943" lat="35.0266139" lon="126.7880874"/>
 <node id="4974413428" visible="true" version="2" changeset="99246467" timestamp="2021-02-14T11:49:51Z" user="mulgist" uid="12368943" lat="35.0254031" lon="126.7866538"/>
 <node id="4974413429" visible="true" version="2" changeset="99246467" timestamp="2021-02-14T11:49:51Z" user="mulgist" uid="12368943" lat="35.0249709" lon="126.7862572"/>
 <node id="4974413430" visible="true" version="3" changeset="99246467" timestamp="2021-02-14T11:49:51Z" user="mulgist" uid="12368943" lat="35.0242197" lon="126.7858247"/>
 <node id="4974413431" visible="true" version="3" changeset="99833188" timestamp="2021-02-23T14:03:21Z" user="mulgist" uid="12368943" lat="35.0237504" lon="126.7882018"/>
 <node id="4974413432" visible="true" version="3" changeset="99833188" timestamp="2021-02-23T14:03:21Z" user="mulgist" uid="12368943" lat="35.0237243" lon="126.7893924"/>
 <node id="4974413433" visible="true" version="3" changeset="99246467" timestamp="2021-02-14T11:49:51Z" user="mulgist" uid="12368943" lat="35.0252615" lon="126.7893526"/>
 <node id="4974413434" visible="true" version="3" changeset="99246467" timestamp="2021-02-14T11:49:51Z" user="mulgist" uid="12368943" lat="35.0255770" lon="126.7892666"/>
 <node id="4974413435" visible="true" version="3" changeset="99246467" timestamp="2021-02-14T11:49:51Z" user="mulgist" uid="12368943" lat="35.0257858" lon="126.7890923"/>
 <node id="4974413447" visible="true" version="3" changeset="100138147" timestamp="2021-02-28T14:03:49Z" user="mulgist" uid="12368943" lat="35.0268923" lon="126.7877534"/>
 <node id="4974413448" visible="true" version="4" changeset="123960556" timestamp="2022-07-23T03:06:23Z" user="FUKUTAN" uid="5207199" lat="35.0276437" lon="126.7866693"/>
 <node id="4974413449" visible="true" version="3" changeset="100138147" timestamp="2021-02-28T14:03:49Z" user="mulgist" uid="12368943" lat="35.0277924" lon="126.7848222"/>
 <node id="4974413450" visible="true" version="3" changeset="100138147" timestamp="2021-02-28T14:03:49Z" user="mulgist" uid="12368943" lat="35.0279392" lon="126.7835778"/>
 <node id="4974413451" visible="true" version="1" changeset="50338717" timestamp="2017-07-17T03:16:48Z" user="FUKUTAN" uid="5207199" lat="35.0245944" lon="126.7854248"/>
 <node id="4974413452" visible="true" version="2" changeset="55000270" timestamp="2017-12-29T04:56:06Z" user="FUKUTAN" uid="5207199" lat="35.0258919" lon="126.7866997"/>
 <node id="4974413453" visible="true" version="2" changeset="100138147" timestamp="2021-02-28T14:03:49Z" user="mulgist" uid="12368943" lat="35.0242234" lon="126.7851918"/>
 <node id="4974413454" visible="true" version="1" changeset="50338717" timestamp="2017-07-17T03:16:48Z" user="FUKUTAN" uid="5207199" lat="35.0248577" lon="126.7856328"/>
 <node id="4974413455" visible="true" version="2" changeset="112020543" timestamp="2021-10-03T05:04:56Z" user="mulgist" uid="12368943" lat="35.0248485" lon="126.7858687"/>
 <node id="4974413456" visible="true" version="3" changeset="112020543" timestamp="2021-10-03T05:04:56Z" user="mulgist" uid="12368943" lat="35.0240151" lon="126.7853105"/>
 <node id="4974413457" visible="true" version="1" changeset="50338717" timestamp="2017-07-17T03:16:49Z" user="FUKUTAN" uid="5207199" lat="35.0244220" lon="126.7853119"/>
 <node id="4974413458" visible="true" version="2" changeset="112020543" timestamp="2021-10-03T05:04:56Z" user="mulgist" uid="12368943" lat="35.0244217" lon="126.7855581"/>
 <node id="4974413487" visible="true" version="3" changeset="133576907" timestamp="2023-03-12T08:16:26Z" user="FUKUTAN" uid="5207199" lat="35.0259558" lon="126.7775739"/>
 <node id="4976382975" visible="true" version="3" changeset="144333236" timestamp="2023-11-22T16:36:43Z" user="asdfqwer51" uid="3350410" lat="35.0306963" lon="126.7859870"/>
 <node id="4976382976" visible="true" version="3" changeset="96972073" timestamp="2021-01-05T10:44:56Z" user="야광멧돼지" uid="12393144" lat="35.0307219" lon="126.7836987"/>
 <node id="4976382978" visible="true" version="3" changeset="96972073" timestamp="2021-01-05T10:44:56Z" user="야광멧돼지" uid="12393144" lat="35.0327091" lon="126.7832579"/>
 <node id="4976382979" visible="true" version="2" changeset="54977307" timestamp="2017-12-28T09:13:41Z" user="FUKUTAN" uid="5207199" lat="35.0328295" lon="126.7848495"/>
 <node id="4976382980" visible="true" version="2" changeset="54977307" timestamp="2017-12-28T09:13:41Z" user="FUKUTAN" uid="5207199" lat="35.0327621" lon="126.7854105"/>
 <node id="4976382981" visible="true" version="2" changeset="54977307" timestamp="2017-12-28T09:13:41Z" user="FUKUTAN" uid="5207199" lat="35.0323946" lon="126.7859169"/>
 <node id="4976382982" visible="true" version="2" changeset="54977307" timestamp="2017-12-28T09:13:41Z" user="FUKUTAN" uid="5207199" lat="35.0312226" lon="126.7864529"/>
 <node id="4976382983" visible="true" version="5" changeset="131233215" timestamp="2023-01-13T14:53:00Z" user="FUKUTAN" uid="5207199" lat="35.0305210" lon="126.7855778"/>
 <node id="4976382984" visible="true" version="3" changeset="144334816" timestamp="2023-11-22T17:12:52Z" user="asdfqwer51" uid="3350410" lat="35.0295706" lon="126.7850585"/>
 <node id="4976382985" visible="true" version="2" changeset="55037307" timestamp="2017-12-30T15:32:37Z" user="FUKUTAN" uid="5207199" lat="35.0292288" lon="126.7860496"/>
 <node id="4976382986" visible="true" version="3" changeset="131233215" timestamp="2023-01-13T14:53:00Z" user="FUKUTAN" uid="5207199" lat="35.0298736" lon="126.7870529"/>
 <node id="4976382988" visible="true" version="3" changeset="144334816" timestamp="2023-11-22T17:12:52Z" user="asdfqwer51" uid="3350410" lat="35.0284584" lon="126.7807942"/>
 <node id="4976382990" visible="true" version="3" changeset="144334816" timestamp="2023-11-22T17:12:52Z" user="asdfqwer51" uid="3350410" lat="35.0255364" lon="126.7798299"/>
 <node id="4976382992" visible="true" version="3" changeset="54997682" timestamp="2017-12-29T00:45:59Z" user="FUKUTAN" uid="5207199" lat="35.0215093" lon="126.7813739"/>
 <node id="4976382993" visible="true" version="2" changeset="53130301" timestamp="2017-10-21T14:59:58Z" user="FUKUTAN" uid="5207199" lat="35.0222032" lon="126.7814297"/>
 <node id="4976382994" visible="true" version="1" changeset="50366640" timestamp="2017-07-18T01:38:45Z" user="FUKUTAN" uid="5207199" lat="35.0224234" lon="126.7814674"/>
 <node id="4976382995" visible="true" version="1" changeset="50366640" timestamp="2017-07-18T01:38:45Z" user="FUKUTAN" uid="5207199" lat="35.0232871" lon="126.7816939"/>
 <node id="4976382996" visible="true" version="2" changeset="53130301" timestamp="2017-10-21T14:59:53Z" user="FUKUTAN" uid="5207199" lat="35.0248869" lon="126.7822706"/>
 <node id="5180185968" visible="true" version="3" changeset="112020543" timestamp="2021-10-03T05:04:56Z" user="mulgist" uid="12368943" lat="35.0226947" lon="126.7849654"/>
 <node id="5180185978" visible="true" version="1" changeset="53130301" timestamp="2017-10-21T14:59:41Z" user="FUKUTAN" uid="5207199" lat="35.0267876" lon="126.7749787"/>
 <node id="5180185979" visible="true" version="3" changeset="144333236" timestamp="2023-11-22T16:36:43Z" user="asdfqwer51" uid="3350410" lat="35.0294207" lon="126.7815068">
  <tag k="highway" v="traffic_signals"/>
  <tag k="traffic_signals" v="signal"/>
 </node>
 <node id="5180185980" visible="true" version="3" changeset="124040733" timestamp="2022-07-25T08:53:04Z" user="FUKUTAN" uid="5207199" lat="35.0300108" lon="126.7820131"/>
 <node id="5180185981" visible="true" version="2" changeset="100138147" timestamp="2021-02-28T14:03:49Z" user="mulgist" uid="12368943" lat="35.0271244" lon="126.7854273"/>
 <node id="5180185982" visible="true" version="2" changeset="100138147" timestamp="2021-02-28T14:03:49Z" user="mulgist" uid="12368943" lat="35.0268762" lon="126.7828702"/>
 <node id="5180185983" visible="true" version="3" changeset="100138147" timestamp="2021-02-28T14:03:49Z" user="mulgist" uid="12368943" lat="35.0253645" lon="126.7823908"/>
 <node id="5180185984" visible="true" version="3" changeset="100138147" timestamp="2021-02-28T14:03:49Z" user="mulgist" uid="12368943" lat="35.0253152" lon="126.7824301"/>
 <node id="5180185985" visible="true" version="2" changeset="133576907" timestamp="2023-03-12T08:16:26Z" user="FUKUTAN" uid="5207199" lat="35.0254692" lon="126.7830572"/>
 <node id="5180185986" visible="true" version="2" changeset="100138147" timestamp="2021-02-28T14:03:49Z" user="mulgist" uid="12368943" lat="35.0263455" lon="126.7864662"/>
 <node id="5180189937" visible="true" version="3" changeset="112020543" timestamp="2021-10-03T05:04:56Z" user="mulgist" uid="12368943" lat="35.0230888" lon="126.7850238"/>
 <node id="5180189941" visible="true" version="3" changeset="112020543" timestamp="2021-10-03T05:04:56Z" user="mulgist" uid="12368943" lat="35.0225442" lon="126.7849571"/>
 <node id="5180189954" visible="true" version="1" changeset="53130301" timestamp="2017-10-21T14:59:43Z" user="FUKUTAN" uid="5207199" lat="35.0244548" lon="126.7853334"/>
 <node id="5180189963" visible="true" version="2" changeset="100138147" timestamp="2021-02-28T14:03:49Z" user="mulgist" uid="12368943" lat="35.0243165" lon="126.7847597"/>
 <node id="5180189964" visible="true" version="3" changeset="112020543" timestamp="2021-10-03T05:04:56Z" user="mulgist" uid="12368943" lat="35.0246793" lon="126.7857442"/>
 <node id="5180189968" visible="true" version="1" changeset="53130301" timestamp="2017-10-21T14:59:43Z" user="FUKUTAN" uid="5207199" lat="35.0238851" lon="126.7867765"/>
 <node id="5180190121" visible="true" version="2" changeset="144334816" timestamp="2023-11-22T17:12:52Z" user="asdfqwer51" uid="3350410" lat="35.0260463" lon="126.7774425"/>
 <node id="5180190122" visible="true" version="3" changeset="144333236" timestamp="2023-11-22T16:36:43Z" user="asdfqwer51" uid="3350410" lat="35.0284187" lon="126.7811389">
  <tag k="highway" v="traffic_signals"/>
  <tag k="traffic_signals" v="signal"/>
 </node>
 <node id="5180190123" visible="true" version="1" changeset="53130301" timestamp="2017-10-21T14:59:44Z" user="FUKUTAN" uid="5207199" lat="35.0289191" lon="126.7785361"/>
 <node id="5180190124" visible="true" version="1" changeset="53130301" timestamp="2017-10-21T14:59:44Z" user="FUKUTAN" uid="5207199" lat="35.0292071" lon="126.7814036"/>
 <node id="5180190395" visible="true" version="2" changeset="54997682" timestamp="2017-12-29T00:45:59Z" user="FUKUTAN" uid="5207199" lat="35.0217297" lon="126.7813786"/>
 <node id="5181473096" visible="true" version="2" changeset="100138147" timestamp="2021-02-28T14:03:49Z" user="mulgist" uid="12368943" lat="35.0255734" lon="126.7834535"/>
 <node id="5181473097" visible="true" version="2" changeset="100138147" timestamp="2021-02-28T14:03:49Z" user="mulgist" uid="12368943" lat="35.0254140" lon="126.7834979"/>
 <node id="5181473098" visible="true" version="2" changeset="100138147" timestamp="2021-02-28T14:03:49Z" user="mulgist" uid="12368943" lat="35.0257962" lon="126.7843238"/>
 <node id="5181473099" visible="true" version="2" changeset="100138147" timestamp="2021-02-28T14:03:49Z" user="mulgist" uid="12368943" lat="35.0253060" lon="126.7844110"/>
 <node id="5181473100" visible="true" version="2" changeset="100138147" timestamp="2021-02-28T14:03:49Z" user="mulgist" uid="12368943" lat="35.0252702" lon="126.7843543"/>
 <node id="5181473101" visible="true" version="2" changeset="100138147" timestamp="2021-02-28T14:03:49Z" user="mulgist" uid="12368943" lat="35.0251027" lon="126.7836820"/>
 <node id="5181473102" visible="true" version="2" changeset="100138147" timestamp="2021-02-28T14:03:49Z" user="mulgist" uid="12368943" lat="35.0250707" lon="126.7833195"/>
 <node id="5181473103" visible="true" version="2" changeset="100138147" timestamp="2021-02-28T14:03:49Z" user="mulgist" uid="12368943" lat="35.0253614" lon="126.7833319"/>
 <node id="5181473104" visible="true" version="2" changeset="100138147" timestamp="2021-02-28T14:03:49Z" user="mulgist" uid="12368943" lat="35.0256315" lon="126.7843659"/>
 <node id="5181473105" visible="true" version="2" changeset="100138147" timestamp="2021-02-28T14:03:49Z" user="mulgist" uid="12368943" lat="35.0251927" lon="126.7832860"/>
 <node id="5181473106" visible="true" version="2" changeset="100138147" timestamp="2021-02-28T14:03:49Z" user="mulgist" uid="12368943" lat="35.0254679" lon="126.7843958"/>
 <node id="5181473561" visible="true" version="2" changeset="124040733" timestamp="2022-07-25T08:53:04Z" user="FUKUTAN" uid="5207199" lat="35.0295647" lon="126.7816022"/>
 <node id="5181473563" visible="true" version="2" changeset="99246467" timestamp="2021-02-14T11:49:51Z" user="mulgist" uid="12368943" lat="35.0243260" lon="126.7857745"/>
 <node id="5181474013" visible="true" version="2" changeset="100138147" timestamp="2021-02-28T14:03:49Z" user="mulgist" uid="12368943" lat="35.0260681" lon="126.7854079"/>
 <node id="5181474014" visible="true" version="2" changeset="100138147" timestamp="2021-02-28T14:03:49Z" user="mulgist" uid="12368943" lat="35.0259071" lon="126.7854621"/>
 <node id="5181474015" visible="true" version="2" changeset="100138147" timestamp="2021-02-28T14:03:49Z" user="mulgist" uid="12368943" lat="35.0260799" lon="126.7862218"/>
 <node id="5181474016" visible="true" version="2" changeset="100138147" timestamp="2021-02-28T14:03:49Z" user="mulgist" uid="12368943" lat="35.0262523" lon="126.7861813"/>
 <node id="5181474065" visible="true" version="3" changeset="100138147" timestamp="2021-02-28T14:03:49Z" user="mulgist" uid="12368943" lat="35.0269162" lon="126.7830552"/>
 <node id="5181474066" visible="true" version="1" changeset="53148353" timestamp="2017-10-22T10:43:55Z" user="FUKUTAN" uid="5207199" lat="35.0275251" lon="126.7829660"/>
 <node id="5181474067" visible="true" version="2" changeset="100138147" timestamp="2021-02-28T14:03:49Z" user="mulgist" uid="12368943" lat="35.0276145" lon="126.7825742"/>
 <node id="5181474068" visible="true" version="2" changeset="100138147" timestamp="2021-02-28T14:03:49Z" user="mulgist" uid="12368943" lat="35.0270865" lon="126.7830562"/>
 <node id="5181474069" visible="true" version="2" changeset="100138147" timestamp="2021-02-28T14:03:49Z" user="mulgist" uid="12368943" lat="35.0271277" lon="126.7835483"/>
 <node id="5181474084" visible="true" version="3" changeset="124040733" timestamp="2022-07-25T08:53:04Z" user="FUKUTAN" uid="5207199" lat="35.0283978" lon="126.7815054"/>
 <node id="5181474085" visible="true" version="2" changeset="99630021" timestamp="2021-02-20T08:24:13Z" user="mulgist" uid="12368943" lat="35.0284805" lon="126.7817692"/>
 <node id="5181474086" visible="true" version="1" changeset="53148353" timestamp="2017-10-22T10:43:56Z" user="FUKUTAN" uid="5207199" lat="35.0285743" lon="126.7820564"/>
 <node id="5181474087" visible="true" version="3" changeset="144334816" timestamp="2023-11-22T17:12:52Z" user="asdfqwer51" uid="3350410" lat="35.0286349" lon="126.7822705"/>
 <node id="5181474088" visible="true" version="4" changeset="144334816" timestamp="2023-11-22T17:12:52Z" user="asdfqwer51" uid="3350410" lat="35.0286621" lon="126.7825554"/>
 <node id="5181474089" visible="true" version="3" changeset="144334816" timestamp="2023-11-22T17:12:52Z" user="asdfqwer51" uid="3350410" lat="35.0280253" lon="126.7843550"/>
 <node id="5181474090" visible="true" version="4" changeset="144334816" timestamp="2023-11-22T17:12:52Z" user="asdfqwer51" uid="3350410" lat="35.0280247" lon="126.7847029"/>
 <node id="5181474091" visible="true" version="4" changeset="144334816" timestamp="2023-11-22T17:12:52Z" user="asdfqwer51" uid="3350410" lat="35.0280433" lon="126.7853521"/>
 <node id="5181474092" visible="true" version="4" changeset="144334816" timestamp="2023-11-22T17:12:52Z" user="asdfqwer51" uid="3350410" lat="35.0280985" lon="126.7855937"/>
 <node id="5181474093" visible="true" version="4" changeset="144334816" timestamp="2023-11-22T17:12:52Z" user="asdfqwer51" uid="3350410" lat="35.0281438" lon="126.7858225"/>
 <node id="5181474094" visible="true" version="3" changeset="100138147" timestamp="2021-02-28T14:03:49Z" user="mulgist" uid="12368943" lat="35.0276341" lon="126.7871257"/>
 <node id="5181474095" visible="true" version="2" changeset="99219143" timestamp="2021-02-13T16:03:11Z" user="mulgist" uid="12368943" lat="35.0269985" lon="126.7878458"/>
 <node id="5217245031" visible="true" version="3" changeset="144253076" timestamp="2023-11-20T15:57:17Z" user="asdfqwer51" uid="3350410" lat="35.0311659" lon="126.7785640"/>
 <node id="5217245032" visible="true" version="3" changeset="144253076" timestamp="2023-11-20T15:57:17Z" user="asdfqwer51" uid="3350410" lat="35.0304553" lon="126.7784767"/>
 <node id="5217245033" visible="true" version="1" changeset="53597468" timestamp="2017-11-08T01:10:54Z" user="FUKUTAN" uid="5207199" lat="35.0263777" lon="126.7760734"/>
 <node id="5217245034" visible="true" version="1" changeset="53597468" timestamp="2017-11-08T01:10:54Z" user="FUKUTAN" uid="5207199" lat="35.0269959" lon="126.7741062"/>
 <node id="5217245035" visible="true" version="2" changeset="124040733" timestamp="2022-07-25T08:53:04Z" user="FUKUTAN" uid="5207199" lat="35.0262234" lon="126.7737769"/>
 <node id="5217245036" visible="true" version="2" changeset="124040733" timestamp="2022-07-25T08:53:04Z" user="FUKUTAN" uid="5207199" lat="35.0260826" lon="126.7737145"/>
 <node id="5217245037" visible="true" version="2" changeset="124040733" timestamp="2022-07-25T08:53:04Z" user="FUKUTAN" uid="5207199" lat="35.0259695" lon="126.7736467"/>
 <node id="5217245038" visible="true" version="2" changeset="124040733" timestamp="2022-07-25T08:53:04Z" user="FUKUTAN" uid="5207199" lat="35.0252378" lon="126.7733250"/>
 <node id="5217245039" visible="true" version="2" changeset="124040733" timestamp="2022-07-25T08:53:04Z" user="FUKUTAN" uid="5207199" lat="35.0250282" lon="126.7735100"/>
 <node id="5217245040" visible="true" version="1" changeset="53597468" timestamp="2017-11-08T01:10:54Z" user="FUKUTAN" uid="5207199" lat="35.0249118" lon="126.7736808"/>
 <node id="5217245041" visible="true" version="1" changeset="53597468" timestamp="2017-11-08T01:10:54Z" user="FUKUTAN" uid="5207199" lat="35.0248022" lon="126.7739633"/>
 <node id="5217245042" visible="true" version="1" changeset="53597468" timestamp="2017-11-08T01:10:54Z" user="FUKUTAN" uid="5207199" lat="35.0246955" lon="126.7750123"/>
 <node id="5217245043" visible="true" version="1" changeset="53597468" timestamp="2017-11-08T01:10:54Z" user="FUKUTAN" uid="5207199" lat="35.0250777" lon="126.7757990"/>
 <node id="5217245044" visible="true" version="3" changeset="144398789" timestamp="2023-11-24T08:57:10Z" user="asdfqwer51" uid="3350410" lat="35.0257229" lon="126.7761572"/>
 <node id="5217245045" visible="true" version="2" changeset="133576907" timestamp="2023-03-12T08:16:26Z" user="FUKUTAN" uid="5207199" lat="35.0259623" lon="126.7770048"/>
 <node id="5217245046" visible="true" version="1" changeset="53597468" timestamp="2017-11-08T01:10:54Z" user="FUKUTAN" uid="5207199" lat="35.0261135" lon="126.7766750"/>
 <node id="5217245047" visible="true" version="1" changeset="53597468" timestamp="2017-11-08T01:10:54Z" user="FUKUTAN" uid="5207199" lat="35.0260057" lon="126.7769018"/>
 <node id="5217245048" visible="true" version="2" changeset="124040733" timestamp="2022-07-25T08:53:04Z" user="FUKUTAN" uid="5207199" lat="35.0264495" lon="126.7737894"/>
 <node id="5217245049" visible="true" version="1" changeset="53597468" timestamp="2017-11-08T01:10:54Z" user="FUKUTAN" uid="5207199" lat="35.0264768" lon="126.7740763"/>
 <node id="5217245050" visible="true" version="2" changeset="124040733" timestamp="2022-07-25T08:53:04Z" user="FUKUTAN" uid="5207199" lat="35.0264637" lon="126.7743609"/>
 <node id="5217245051" visible="true" version="2" changeset="124040733" timestamp="2022-07-25T08:53:04Z" user="FUKUTAN" uid="5207199" lat="35.0263704" lon="126.7747517"/>
 <node id="5217245052" visible="true" version="2" changeset="124040733" timestamp="2022-07-25T08:53:04Z" user="FUKUTAN" uid="5207199" lat="35.0262820" lon="126.7749380"/>
 <node id="5217245053" visible="true" version="2" changeset="124040733" timestamp="2022-07-25T08:53:04Z" user="FUKUTAN" uid="5207199" lat="35.0262189" lon="126.7750133"/>
 <node id="5217245054" visible="true" version="1" changeset="53597468" timestamp="2017-11-08T01:10:54Z" user="FUKUTAN" uid="5207199" lat="35.0260539" lon="126.7751496"/>
 <node id="5217245055" visible="true" version="2" changeset="124040733" timestamp="2022-07-25T08:53:04Z" user="FUKUTAN" uid="5207199" lat="35.0259798" lon="126.7752220"/>
 <node id="5217245056" visible="true" version="2" changeset="124040733" timestamp="2022-07-25T08:53:04Z" user="FUKUTAN" uid="5207199" lat="35.0259102" lon="126.7754014"/>
 <node id="5217245057" visible="true" version="2" changeset="124040733" timestamp="2022-07-25T08:53:04Z" user="FUKUTAN" uid="5207199" lat="35.0258007" lon="126.7755795"/>
 <node id="5217245058" visible="true" version="2" changeset="124040733" timestamp="2022-07-25T08:53:04Z" user="FUKUTAN" uid="5207199" lat="35.0257258" lon="126.7756648"/>
 <node id="5217245059" visible="true" version="1" changeset="53597468" timestamp="2017-11-08T01:10:54Z" user="FUKUTAN" uid="5207199" lat="35.0256777" lon="126.7758041"/>
 <node id="5217245060" visible="true" version="2" changeset="124040733" timestamp="2022-07-25T08:53:04Z" user="FUKUTAN" uid="5207199" lat="35.0256687" lon="126.7759975"/>
 <node id="5217245061" visible="true" version="2" changeset="124040733" timestamp="2022-07-25T08:53:04Z" user="FUKUTAN" uid="5207199" lat="35.0254934" lon="126.7733921"/>
 <node id="5217245062" visible="true" version="2" changeset="124040733" timestamp="2022-07-25T08:53:04Z" user="FUKUTAN" uid="5207199" lat="35.0257455" lon="126.7737962"/>
 <node id="5217245063" visible="true" version="2" changeset="124040733" timestamp="2022-07-25T08:53:04Z" user="FUKUTAN" uid="5207199" lat="35.0258136" lon="126.7739964"/>
 <node id="5217245064" visible="true" version="2" changeset="124040733" timestamp="2022-07-25T08:53:04Z" user="FUKUTAN" uid="5207199" lat="35.0258218" lon="126.7742193"/>
 <node id="5217245065" visible="true" version="2" changeset="124040733" timestamp="2022-07-25T08:53:04Z" user="FUKUTAN" uid="5207199" lat="35.0257776" lon="126.7744161"/>
 <node id="5217245066" visible="true" version="2" changeset="124040733" timestamp="2022-07-25T08:53:04Z" user="FUKUTAN" uid="5207199" lat="35.0256611" lon="126.7746973"/>
 <node id="5217245067" visible="true" version="2" changeset="124040733" timestamp="2022-07-25T08:53:04Z" user="FUKUTAN" uid="5207199" lat="35.0255458" lon="126.7748878"/>
 <node id="5217245068" visible="true" version="2" changeset="124040733" timestamp="2022-07-25T08:53:04Z" user="FUKUTAN" uid="5207199" lat="35.0255206" lon="126.7749894"/>
 <node id="5217245069" visible="true" version="2" changeset="124040733" timestamp="2022-07-25T08:53:04Z" user="FUKUTAN" uid="5207199" lat="35.0254455" lon="126.7751960"/>
 <node id="5217245070" visible="true" version="2" changeset="124040733" timestamp="2022-07-25T08:53:04Z" user="FUKUTAN" uid="5207199" lat="35.0253916" lon="126.7752627"/>
 <node id="5217245071" visible="true" version="2" changeset="124040733" timestamp="2022-07-25T08:53:04Z" user="FUKUTAN" uid="5207199" lat="35.0252990" lon="126.7753598"/>
 <node id="5217245072" visible="true" version="2" changeset="124040733" timestamp="2022-07-25T08:53:04Z" user="FUKUTAN" uid="5207199" lat="35.0251048" lon="126.7754175"/>
 <node id="5217245073" visible="true" version="2" changeset="124040733" timestamp="2022-07-25T08:53:04Z" user="FUKUTAN" uid="5207199" lat="35.0250230" lon="126.7754243"/>
 <node id="5217245074" visible="true" version="1" changeset="53597468" timestamp="2017-11-08T01:10:54Z" user="FUKUTAN" uid="5207199" lat="35.0248765" lon="126.7754195"/>
 <node id="5217245076" visible="true" version="2" changeset="124040733" timestamp="2022-07-25T08:53:04Z" user="FUKUTAN" uid="5207199" lat="35.0257688" lon="126.7734840"/>
 <node id="5217245077" visible="true" version="2" changeset="124040733" timestamp="2022-07-25T08:53:04Z" user="FUKUTAN" uid="5207199" lat="35.0252335" lon="126.7755170"/>
 <node id="5217245078" visible="true" version="2" changeset="124040733" timestamp="2022-07-25T08:53:04Z" user="FUKUTAN" uid="5207199" lat="35.0252115" lon="126.7756761"/>
 <node id="5217245079" visible="true" version="2" changeset="124040733" timestamp="2022-07-25T08:53:04Z" user="FUKUTAN" uid="5207199" lat="35.0252314" lon="126.7758588"/>
 <node id="5217245080" visible="true" version="1" changeset="53597468" timestamp="2017-11-08T01:10:54Z" user="FUKUTAN" uid="5207199" lat="35.0251475" lon="126.7758764"/>
 <node id="5217245081" visible="true" version="2" changeset="124040733" timestamp="2022-07-25T08:53:04Z" user="FUKUTAN" uid="5207199" lat="35.0251735" lon="126.7733458"/>
 <node id="5219772683" visible="true" version="2" changeset="157777877" timestamp="2024-10-12T01:57:04Z" user="FUKUTAN" uid="5207199" lat="35.0229514" lon="126.7708271"/>
 <node id="5231621208" visible="true" version="2" changeset="100138147" timestamp="2021-02-28T14:03:49Z" user="mulgist" uid="12368943" lat="35.0269458" lon="126.7857842"/>
 <node id="5231621209" visible="true" version="1" changeset="53825080" timestamp="2017-11-16T00:53:31Z" user="FUKUTAN" uid="5207199" lat="35.0269808" lon="126.7858106"/>
 <node id="5231621210" visible="true" version="1" changeset="53825080" timestamp="2017-11-16T00:53:31Z" user="FUKUTAN" uid="5207199" lat="35.0271395" lon="126.7857896"/>
 <node id="5231621211" visible="true" version="1" changeset="53825080" timestamp="2017-11-16T00:53:31Z" user="FUKUTAN" uid="5207199" lat="35.0271987" lon="126.7863990"/>
 <node id="5231621212" visible="true" version="1" changeset="53825080" timestamp="2017-11-16T00:53:31Z" user="FUKUTAN" uid="5207199" lat="35.0270419" lon="126.7864200"/>
 <node id="5291647154" visible="true" version="2" changeset="185405421" timestamp="2026-07-09T12:40:48Z" user="samdasooooooo" uid="14457606" lat="35.0253622" lon="126.7801147">
  <tag k="highway" v="traffic_signals"/>
  <tag k="traffic_signals" v="signal"/>
 </node>
 <node id="5291647156" visible="true" version="6" changeset="176319095" timestamp="2025-12-23T17:30:15Z" user="aaei924" uid="10626814" lat="35.0211099" lon="126.7849540">
  <tag k="highway" v="traffic_signals"/>
  <tag k="traffic_signals" v="signal"/>
 </node>
 <node id="5291647159" visible="true" version="4" changeset="144332579" timestamp="2023-11-22T16:15:50Z" user="asdfqwer51" uid="3350410" lat="35.0235894" lon="126.7893178"/>
 <node id="5307959707" visible="true" version="3" changeset="144334816" timestamp="2023-11-22T17:12:52Z" user="asdfqwer51" uid="3350410" lat="35.0289238" lon="126.7885310">
  <tag k="highway" v="traffic_signals"/>
  <tag k="traffic_signals" v="signal"/>
 </node>
 <node id="5307959709" visible="true" version="2" changeset="97379800" timestamp="2021-01-12T14:19:08Z" user="야광멧돼지" uid="12393144" lat="35.0280700" lon="126.7874974"/>
 <node id="5307959710" visible="true" version="2" changeset="97379800" timestamp="2021-01-12T14:19:08Z" user="야광멧돼지" uid="12393144" lat="35.0286316" lon="126.7881700"/>
 <node id="5307959711" visible="true" version="2" changeset="97379800" timestamp="2021-01-12T14:19:08Z" user="야광멧돼지" uid="12393144" lat="35.0290372" lon="126.7876768"/>
 <node id="5307959712" visible="true" version="2" changeset="97379800" timestamp="2021-01-12T14:19:08Z" user="야광멧돼지" uid="12393144" lat="35.0284805" lon="126.7869981"/>
 <node id="5307959713" visible="true" version="2" changeset="97379800" timestamp="2021-01-12T14:19:08Z" user="야광멧돼지" uid="12393144" lat="35.0275354" lon="126.7881475"/>
 <node id="5307959714" visible="true" version="2" changeset="97379800" timestamp="2021-01-12T14:19:08Z" user="야광멧돼지" uid="12393144" lat="35.0280892" lon="126.7888297"/>
 <node id="5307959715" visible="true" version="2" changeset="97379800" timestamp="2021-01-12T14:19:08Z" user="야광멧돼지" uid="12393144" lat="35.0287630" lon="126.7873425"/>
 <node id="5307959717" visible="true" version="2" changeset="97379800" timestamp="2021-01-12T14:19:08Z" user="야광멧돼지" uid="12393144" lat="35.0278155" lon="126.7884925"/>
 <node id="5307960222" visible="true" version="2" changeset="144253076" timestamp="2023-11-20T15:57:17Z" user="asdfqwer51" uid="3350410" lat="35.0221490" lon="126.7759224"/>
 <node id="5307960223" visible="true" version="2" changeset="144253076" timestamp="2023-11-20T15:57:17Z" user="asdfqwer51" uid="3350410" lat="35.0227393" lon="126.7755941"/>
 <node id="5307960224" visible="true" version="2" changeset="144253076" timestamp="2023-11-20T15:57:17Z" user="asdfqwer51" uid="3350410" lat="35.0226297" lon="126.7755973"/>
 <node id="5307960225" visible="true" version="2" changeset="144253076" timestamp="2023-11-20T15:57:17Z" user="asdfqwer51" uid="3350410" lat="35.0223142" lon="126.7757349"/>
 <node id="5307960231" visible="true" version="1" changeset="54975407" timestamp="2017-12-28T07:28:03Z" user="FUKUTAN" uid="5207199" lat="35.0222359" lon="126.7758009"/>
 <node id="5307960238" visible="true" version="3" changeset="187989182" timestamp="2026-08-25T13:25:23Z" user="aaei924" uid="10626814" lat="35.0226354" lon="126.7750847"/>
 <node id="5308098168" visible="true" version="1" changeset="54977307" timestamp="2017-12-28T09:13:40Z" user="FUKUTAN" uid="5207199" lat="35.0313902" lon="126.7864409"/>
 <node id="5308098169" visible="true" version="1" changeset="54977307" timestamp="2017-12-28T09:13:40Z" user="FUKUTAN" uid="5207199" lat="35.0315972" lon="126.7863669"/>
 <node id="5308098170" visible="true" version="1" changeset="54977307" timestamp="2017-12-28T09:13:40Z" user="FUKUTAN" uid="5207199" lat="35.0318163" lon="126.7862510"/>
 <node id="5308098171" visible="true" version="1" changeset="54977307" timestamp="2017-12-28T09:13:40Z" user="FUKUTAN" uid="5207199" lat="35.0320047" lon="126.7861514"/>
 <node id="5308098172" visible="true" version="1" changeset="54977307" timestamp="2017-12-28T09:13:40Z" user="FUKUTAN" uid="5207199" lat="35.0325022" lon="126.7858374"/>
 <node id="5308098173" visible="true" version="1" changeset="54977307" timestamp="2017-12-28T09:13:40Z" user="FUKUTAN" uid="5207199" lat="35.0326619" lon="126.7856245"/>
 <node id="5308098174" visible="true" version="1" changeset="54977307" timestamp="2017-12-28T09:13:40Z" user="FUKUTAN" uid="5207199" lat="35.0328360" lon="126.7851094"/>
 <node id="5308098175" visible="true" version="1" changeset="54977307" timestamp="2017-12-28T09:13:40Z" user="FUKUTAN" uid="5207199" lat="35.0309837" lon="126.7850968"/>
 <node id="5308098176" visible="true" version="1" changeset="54977307" timestamp="2017-12-28T09:13:40Z" user="FUKUTAN" uid="5207199" lat="35.0310040" lon="126.7854528"/>
 <node id="5308098177" visible="true" version="1" changeset="54977307" timestamp="2017-12-28T09:13:40Z" user="FUKUTAN" uid="5207199" lat="35.0309880" lon="126.7857380"/>
 <node id="5308098178" visible="true" version="1" changeset="54977307" timestamp="2017-12-28T09:13:40Z" user="FUKUTAN" uid="5207199" lat="35.0308482" lon="126.7863769"/>
 <node id="5308098179" visible="true" version="1" changeset="54977307" timestamp="2017-12-28T09:13:40Z" user="FUKUTAN" uid="5207199" lat="35.0309394" lon="126.7860712"/>
 <node id="5308098180" visible="true" version="1" changeset="54977307" timestamp="2017-12-28T09:13:40Z" user="FUKUTAN" uid="5207199" lat="35.0310208" lon="126.7864176"/>
 <node id="5308098181" visible="true" version="3" changeset="144333236" timestamp="2023-11-22T16:36:43Z" user="asdfqwer51" uid="3350410" lat="35.0307266" lon="126.7857865"/>
 <node id="5308098182" visible="true" version="4" changeset="144333236" timestamp="2023-11-22T16:36:43Z" user="asdfqwer51" uid="3350410" lat="35.0306008" lon="126.7862975"/>
 <node id="5308098184" visible="true" version="2" changeset="131233215" timestamp="2023-01-13T14:53:00Z" user="FUKUTAN" uid="5207199" lat="35.0305114" lon="126.7857593"/>
 <node id="5308098185" visible="true" version="3" changeset="131233215" timestamp="2023-01-13T14:53:00Z" user="FUKUTAN" uid="5207199" lat="35.0303980" lon="126.7862574"/>
 <node id="5308098186" visible="true" version="2" changeset="131233215" timestamp="2023-01-13T14:53:00Z" user="FUKUTAN" uid="5207199" lat="35.0303249" lon="126.7864383"/>
 <node id="5309433766" visible="true" version="2" changeset="144253772" timestamp="2023-11-20T16:16:32Z" user="asdfqwer51" uid="3350410" lat="35.0228050" lon="126.7792758">
  <tag k="highway" v="traffic_signals"/>
  <tag k="traffic_signals" v="signal"/>
 </node>
 <node id="5309677731" visible="true" version="2" changeset="124040733" timestamp="2022-07-25T08:53:04Z" user="FUKUTAN" uid="5207199" lat="35.0253197" lon="126.7790522"/>
 <node id="5309677732" visible="true" version="2" changeset="133576907" timestamp="2023-03-12T08:16:26Z" user="FUKUTAN" uid="5207199" lat="35.0245687" lon="126.7768995"/>
 <node id="5309677733" visible="true" version="1" changeset="55000270" timestamp="2017-12-29T04:55:57Z" user="FUKUTAN" uid="5207199" lat="35.0243967" lon="126.7777443"/>
 <node id="5309677734" visible="true" version="1" changeset="55000270" timestamp="2017-12-29T04:55:57Z" user="FUKUTAN" uid="5207199" lat="35.0243440" lon="126.7777738"/>
 <node id="5309677735" visible="true" version="1" changeset="55000270" timestamp="2017-12-29T04:55:57Z" user="FUKUTAN" uid="5207199" lat="35.0236844" lon="126.7775574"/>
 <node id="5309677736" visible="true" version="1" changeset="55000270" timestamp="2017-12-29T04:55:57Z" user="FUKUTAN" uid="5207199" lat="35.0244763" lon="126.7773548"/>
 <node id="5309677737" visible="true" version="1" changeset="55000270" timestamp="2017-12-29T04:55:57Z" user="FUKUTAN" uid="5207199" lat="35.0237771" lon="126.7771280"/>
 <node id="5309677738" visible="true" version="1" changeset="55000270" timestamp="2017-12-29T04:55:57Z" user="FUKUTAN" uid="5207199" lat="35.0242605" lon="126.7782861"/>
 <node id="5309677739" visible="true" version="1" changeset="55000270" timestamp="2017-12-29T04:55:57Z" user="FUKUTAN" uid="5207199" lat="35.0235817" lon="126.7780324"/>
 <node id="5309677740" visible="true" version="1" changeset="55000270" timestamp="2017-12-29T04:55:57Z" user="FUKUTAN" uid="5207199" lat="35.0242129" lon="126.7782389"/>
 <node id="5309677741" visible="true" version="1" changeset="55000270" timestamp="2017-12-29T04:55:57Z" user="FUKUTAN" uid="5207199" lat="35.0241727" lon="126.7786677"/>
 <node id="5309677742" visible="true" version="1" changeset="55000270" timestamp="2017-12-29T04:55:57Z" user="FUKUTAN" uid="5207199" lat="35.0234909" lon="126.7784528"/>
 <node id="5309677743" visible="true" version="2" changeset="133576907" timestamp="2023-03-12T08:16:26Z" user="FUKUTAN" uid="5207199" lat="35.0259882" lon="126.7773843"/>
 <node id="5309677744" visible="true" version="2" changeset="124040733" timestamp="2022-07-25T08:53:04Z" user="FUKUTAN" uid="5207199" lat="35.0254790" lon="126.7795976"/>
 <node id="5309677745" visible="true" version="2" changeset="100138147" timestamp="2021-02-28T14:03:49Z" user="mulgist" uid="12368943" lat="35.0281255" lon="126.7825717"/>
 <node id="5309677746" visible="true" version="2" changeset="100138147" timestamp="2021-02-28T14:03:49Z" user="mulgist" uid="12368943" lat="35.0276779" lon="126.7848134"/>
 <node id="5309677747" visible="true" version="2" changeset="100138147" timestamp="2021-02-28T14:03:49Z" user="mulgist" uid="12368943" lat="35.0275344" lon="126.7848275"/>
 <node id="5309677748" visible="true" version="2" changeset="100138147" timestamp="2021-02-28T14:03:49Z" user="mulgist" uid="12368943" lat="35.0275457" lon="126.7849987"/>
 <node id="5309677749" visible="true" version="2" changeset="100138147" timestamp="2021-02-28T14:03:49Z" user="mulgist" uid="12368943" lat="35.0276892" lon="126.7849846"/>
 <node id="5309677750" visible="true" version="2" changeset="112020543" timestamp="2021-10-03T05:04:56Z" user="mulgist" uid="12368943" lat="35.0245322" lon="126.7856470"/>
 <node id="5309677751" visible="true" version="2" changeset="100138147" timestamp="2021-02-28T14:03:49Z" user="mulgist" uid="12368943" lat="35.0267706" lon="126.7879523"/>
 <node id="5309677753" visible="true" version="2" changeset="99219143" timestamp="2021-02-13T16:03:11Z" user="mulgist" uid="12368943" lat="35.0266373" lon="126.7882589"/>
 <node id="5309677754" visible="true" version="2" changeset="99219143" timestamp="2021-02-13T16:03:11Z" user="mulgist" uid="12368943" lat="35.0264986" lon="126.7884318"/>
 <node id="5309677755" visible="true" version="2" changeset="99219143" timestamp="2021-02-13T16:03:11Z" user="mulgist" uid="12368943" lat="35.0263511" lon="126.7885793"/>
 <node id="5309677756" visible="true" version="2" changeset="99219143" timestamp="2021-02-13T16:03:11Z" user="mulgist" uid="12368943" lat="35.0262346" lon="126.7888500"/>
 <node id="5309677757" visible="true" version="2" changeset="99219143" timestamp="2021-02-13T16:03:11Z" user="mulgist" uid="12368943" lat="35.0261928" lon="126.7889985"/>
 <node id="5309677758" visible="true" version="2" changeset="99219143" timestamp="2021-02-13T16:03:11Z" user="mulgist" uid="12368943" lat="35.0261686" lon="126.7890731"/>
 <node id="5309677759" visible="true" version="2" changeset="99219143" timestamp="2021-02-13T16:03:11Z" user="mulgist" uid="12368943" lat="35.0261299" lon="126.7891491"/>
 <node id="5309677760" visible="true" version="2" changeset="99219143" timestamp="2021-02-13T16:03:11Z" user="mulgist" uid="12368943" lat="35.0260914" lon="126.7891982"/>
 <node id="5309677761" visible="true" version="2" changeset="99219143" timestamp="2021-02-13T16:03:11Z" user="mulgist" uid="12368943" lat="35.0257185" lon="126.7893744"/>
 <node id="5309677762" visible="true" version="2" changeset="99219143" timestamp="2021-02-13T16:03:11Z" user="mulgist" uid="12368943" lat="35.0254297" lon="126.7894967"/>
 <node id="5309677763" visible="true" version="2" changeset="99219143" timestamp="2021-02-13T16:03:11Z" user="mulgist" uid="12368943" lat="35.0250752" lon="126.7896571"/>
 <node id="5309677764" visible="true" version="2" changeset="99219143" timestamp="2021-02-13T16:03:11Z" user="mulgist" uid="12368943" lat="35.0249940" lon="126.7897065"/>
 <node id="5309677765" visible="true" version="2" changeset="99219143" timestamp="2021-02-13T16:03:11Z" user="mulgist" uid="12368943" lat="35.0249413" lon="126.7897343"/>
 <node id="5309677826" visible="true" version="2" changeset="100138147" timestamp="2021-02-28T14:03:49Z" user="mulgist" uid="12368943" lat="35.0247646" lon="126.7852228"/>
 <node id="5309677828" visible="true" version="1" changeset="55000270" timestamp="2017-12-29T04:55:58Z" user="FUKUTAN" uid="5207199" lat="35.0256348" lon="126.7861180"/>
 <node id="5309677829" visible="true" version="1" changeset="55000270" timestamp="2017-12-29T04:55:58Z" user="FUKUTAN" uid="5207199" lat="35.0261004" lon="126.7864265"/>
 <node id="5309677830" visible="true" version="2" changeset="100138147" timestamp="2021-02-28T14:03:49Z" user="mulgist" uid="12368943" lat="35.0262703" lon="126.7865483"/>
 <node id="5309677831" visible="true" version="1" changeset="55000270" timestamp="2017-12-29T04:55:58Z" user="FUKUTAN" uid="5207199" lat="35.0264255" lon="126.7866410"/>
 <node id="5309677832" visible="true" version="1" changeset="55000270" timestamp="2017-12-29T04:55:58Z" user="FUKUTAN" uid="5207199" lat="35.0266144" lon="126.7867805"/>
 <node id="5309677833" visible="true" version="1" changeset="55000270" timestamp="2017-12-29T04:55:58Z" user="FUKUTAN" uid="5207199" lat="35.0267176" lon="126.7868100"/>
 <node id="5309677834" visible="true" version="1" changeset="55000270" timestamp="2017-12-29T04:55:58Z" user="FUKUTAN" uid="5207199" lat="35.0268560" lon="126.7868073"/>
 <node id="5309677835" visible="true" version="1" changeset="55000270" timestamp="2017-12-29T04:55:58Z" user="FUKUTAN" uid="5207199" lat="35.0271136" lon="126.7867652"/>
 <node id="5309677836" visible="true" version="1" changeset="55000270" timestamp="2017-12-29T04:55:58Z" user="FUKUTAN" uid="5207199" lat="35.0272051" lon="126.7867286"/>
 <node id="5309677837" visible="true" version="1" changeset="55000270" timestamp="2017-12-29T04:55:58Z" user="FUKUTAN" uid="5207199" lat="35.0272484" lon="126.7867002"/>
 <node id="5309677838" visible="true" version="1" changeset="55000270" timestamp="2017-12-29T04:55:58Z" user="FUKUTAN" uid="5207199" lat="35.0272784" lon="126.7866372"/>
 <node id="5309677839" visible="true" version="1" changeset="55000270" timestamp="2017-12-29T04:55:58Z" user="FUKUTAN" uid="5207199" lat="35.0273849" lon="126.7862347"/>
 <node id="5309677840" visible="true" version="1" changeset="55000270" timestamp="2017-12-29T04:55:58Z" user="FUKUTAN" uid="5207199" lat="35.0273982" lon="126.7861534"/>
 <node id="5309677841" visible="true" version="1" changeset="55000270" timestamp="2017-12-29T04:55:58Z" user="FUKUTAN" uid="5207199" lat="35.0273949" lon="126.7860721"/>
 <node id="5309677842" visible="true" version="2" changeset="55037900" timestamp="2017-12-30T15:59:08Z" user="FUKUTAN" uid="5207199" lat="35.0272917" lon="126.7849875"/>
 <node id="5309677843" visible="true" version="1" changeset="55000270" timestamp="2017-12-29T04:55:58Z" user="FUKUTAN" uid="5207199" lat="35.0273000" lon="126.7849276"/>
 <node id="5309677844" visible="true" version="2" changeset="100138147" timestamp="2021-02-28T14:03:49Z" user="mulgist" uid="12368943" lat="35.0275456" lon="126.7840515"/>
 <node id="5309677845" visible="true" version="2" changeset="100138147" timestamp="2021-02-28T14:03:49Z" user="mulgist" uid="12368943" lat="35.0275730" lon="126.7839611"/>
 <node id="5309677846" visible="true" version="3" changeset="123960556" timestamp="2022-07-23T03:06:23Z" user="FUKUTAN" uid="5207199" lat="35.0279406" lon="126.7834116"/>
 <node id="5309677847" visible="true" version="2" changeset="100138147" timestamp="2021-02-28T14:03:49Z" user="mulgist" uid="12368943" lat="35.0279176" lon="126.7834813"/>
 <node id="5309677848" visible="true" version="1" changeset="55000270" timestamp="2017-12-29T04:55:59Z" user="FUKUTAN" uid="5207199" lat="35.0280025" lon="126.7834702"/>
 <node id="5309677849" visible="true" version="2" changeset="100138147" timestamp="2021-02-28T14:03:49Z" user="mulgist" uid="12368943" lat="35.0279412" lon="126.7838867"/>
 <node id="5309677850" visible="true" version="1" changeset="55000270" timestamp="2017-12-29T04:55:59Z" user="FUKUTAN" uid="5207199" lat="35.0279575" lon="126.7836856"/>
 <node id="5309677851" visible="true" version="1" changeset="55000270" timestamp="2017-12-29T04:55:59Z" user="FUKUTAN" uid="5207199" lat="35.0279492" lon="126.7833523"/>
 <node id="5309677852" visible="true" version="1" changeset="55000270" timestamp="2017-12-29T04:55:59Z" user="FUKUTAN" uid="5207199" lat="35.0279743" lon="126.7831834"/>
 <node id="5309677853" visible="true" version="1" changeset="55000270" timestamp="2017-12-29T04:55:59Z" user="FUKUTAN" uid="5207199" lat="35.0279904" lon="126.7831475"/>
 <node id="5309677854" visible="true" version="1" changeset="55000270" timestamp="2017-12-29T04:55:59Z" user="FUKUTAN" uid="5207199" lat="35.0280071" lon="126.7831308"/>
 <node id="5309677855" visible="true" version="1" changeset="55000270" timestamp="2017-12-29T04:55:59Z" user="FUKUTAN" uid="5207199" lat="35.0280228" lon="126.7831262"/>
 <node id="5309677856" visible="true" version="1" changeset="55000270" timestamp="2017-12-29T04:55:59Z" user="FUKUTAN" uid="5207199" lat="35.0279489" lon="126.7833207"/>
 <node id="5309677857" visible="true" version="1" changeset="55000270" timestamp="2017-12-29T04:55:59Z" user="FUKUTAN" uid="5207199" lat="35.0280423" lon="126.7831275"/>
 <node id="5309677858" visible="true" version="1" changeset="55000270" timestamp="2017-12-29T04:55:59Z" user="FUKUTAN" uid="5207199" lat="35.0280538" lon="126.7831349"/>
 <node id="5309677859" visible="true" version="1" changeset="55000270" timestamp="2017-12-29T04:55:59Z" user="FUKUTAN" uid="5207199" lat="35.0280703" lon="126.7831523"/>
 <node id="5309677860" visible="true" version="1" changeset="55000270" timestamp="2017-12-29T04:55:59Z" user="FUKUTAN" uid="5207199" lat="35.0280785" lon="126.7831711"/>
 <node id="5309677861" visible="true" version="1" changeset="55000270" timestamp="2017-12-29T04:55:59Z" user="FUKUTAN" uid="5207199" lat="35.0281675" lon="126.7834735"/>
 <node id="5309677862" visible="true" version="1" changeset="55000270" timestamp="2017-12-29T04:55:59Z" user="FUKUTAN" uid="5207199" lat="35.0281708" lon="126.7835010"/>
 <node id="5309677863" visible="true" version="1" changeset="55000270" timestamp="2017-12-29T04:55:59Z" user="FUKUTAN" uid="5207199" lat="35.0281708" lon="126.7835372"/>
 <node id="5309677864" visible="true" version="1" changeset="55000270" timestamp="2017-12-29T04:55:59Z" user="FUKUTAN" uid="5207199" lat="35.0281642" lon="126.7835707"/>
 <node id="5309677865" visible="true" version="1" changeset="55000270" timestamp="2017-12-29T04:55:59Z" user="FUKUTAN" uid="5207199" lat="35.0279434" lon="126.7843130"/>
 <node id="5309677866" visible="true" version="1" changeset="55000270" timestamp="2017-12-29T04:55:59Z" user="FUKUTAN" uid="5207199" lat="35.0279401" lon="126.7843486"/>
 <node id="5309677867" visible="true" version="1" changeset="55000270" timestamp="2017-12-29T04:55:59Z" user="FUKUTAN" uid="5207199" lat="35.0279396" lon="126.7843761"/>
 <node id="5309677868" visible="true" version="1" changeset="55000270" timestamp="2017-12-29T04:55:59Z" user="FUKUTAN" uid="5207199" lat="35.0279456" lon="126.7844069"/>
 <node id="5309677869" visible="true" version="1" changeset="55000270" timestamp="2017-12-29T04:55:59Z" user="FUKUTAN" uid="5207199" lat="35.0279577" lon="126.7844525"/>
 <node id="5309677870" visible="true" version="3" changeset="144334816" timestamp="2023-11-22T17:12:52Z" user="asdfqwer51" uid="3350410" lat="35.0280192" lon="126.7845258"/>
 <node id="5309677871" visible="true" version="2" changeset="100138147" timestamp="2021-02-28T14:03:49Z" user="mulgist" uid="12368943" lat="35.0247301" lon="126.7847373"/>
 <node id="5309677872" visible="true" version="2" changeset="100138147" timestamp="2021-02-28T14:03:49Z" user="mulgist" uid="12368943" lat="35.0247023" lon="126.7843006"/>
 <node id="5309677873" visible="true" version="2" changeset="100138147" timestamp="2021-02-28T14:03:49Z" user="mulgist" uid="12368943" lat="35.0247126" lon="126.7841670"/>
 <node id="5309677874" visible="true" version="2" changeset="100138147" timestamp="2021-02-28T14:03:49Z" user="mulgist" uid="12368943" lat="35.0247406" lon="126.7841010"/>
 <node id="5309677875" visible="true" version="2" changeset="100138147" timestamp="2021-02-28T14:03:49Z" user="mulgist" uid="12368943" lat="35.0247662" lon="126.7840433"/>
 <node id="5309677876" visible="true" version="2" changeset="133576907" timestamp="2023-03-12T08:16:26Z" user="FUKUTAN" uid="5207199" lat="35.0249717" lon="126.7829195"/>
 <node id="5309677878" visible="true" version="2" changeset="100138147" timestamp="2021-02-28T14:03:49Z" user="mulgist" uid="12368943" lat="35.0250380" lon="126.7836108"/>
 <node id="5309677879" visible="true" version="2" changeset="100138147" timestamp="2021-02-28T14:03:49Z" user="mulgist" uid="12368943" lat="35.0251258" lon="126.7846799"/>
 <node id="5309677880" visible="true" version="2" changeset="100138147" timestamp="2021-02-28T14:03:49Z" user="mulgist" uid="12368943" lat="35.0252227" lon="126.7857151"/>
 <node id="5309677882" visible="true" version="1" changeset="55000270" timestamp="2017-12-29T04:55:59Z" user="FUKUTAN" uid="5207199" lat="35.0251831" lon="126.7819062"/>
 <node id="5309677883" visible="true" version="1" changeset="55000270" timestamp="2017-12-29T04:55:59Z" user="FUKUTAN" uid="5207199" lat="35.0255843" lon="126.7817737"/>
 <node id="5309677884" visible="true" version="1" changeset="55000270" timestamp="2017-12-29T04:55:59Z" user="FUKUTAN" uid="5207199" lat="35.0256171" lon="126.7817983"/>
 <node id="5309677885" visible="true" version="1" changeset="55000270" timestamp="2017-12-29T04:55:59Z" user="FUKUTAN" uid="5207199" lat="35.0256351" lon="126.7818246"/>
 <node id="5309677886" visible="true" version="1" changeset="55000270" timestamp="2017-12-29T04:55:59Z" user="FUKUTAN" uid="5207199" lat="35.0255158" lon="126.7823213"/>
 <node id="5309677887" visible="true" version="4" changeset="175093035" timestamp="2025-11-25T04:20:05Z" user="LuxuryCoop" uid="7245212" lat="35.0250477" lon="126.7822625"/>
 <node id="5309677888" visible="true" version="1" changeset="55000270" timestamp="2017-12-29T04:55:59Z" user="FUKUTAN" uid="5207199" lat="35.0251219" lon="126.7821896"/>
 <node id="5309677889" visible="true" version="1" changeset="55000270" timestamp="2017-12-29T04:55:59Z" user="FUKUTAN" uid="5207199" lat="35.0268113" lon="126.7827562"/>
 <node id="5309677890" visible="true" version="1" changeset="55000270" timestamp="2017-12-29T04:55:59Z" user="FUKUTAN" uid="5207199" lat="35.0268634" lon="126.7827986"/>
 <node id="5309677891" visible="true" version="1" changeset="55000270" timestamp="2017-12-29T04:55:59Z" user="FUKUTAN" uid="5207199" lat="35.0268895" lon="126.7828217"/>
 <node id="5309677892" visible="true" version="2" changeset="100138147" timestamp="2021-02-28T14:03:49Z" user="mulgist" uid="12368943" lat="35.0269391" lon="126.7828760"/>
 <node id="5309677894" visible="true" version="2" changeset="100138147" timestamp="2021-02-28T14:03:49Z" user="mulgist" uid="12368943" lat="35.0269841" lon="126.7829943"/>
 <node id="5309677896" visible="true" version="2" changeset="100138147" timestamp="2021-02-28T14:03:49Z" user="mulgist" uid="12368943" lat="35.0271595" lon="126.7829739"/>
 <node id="5309677897" visible="true" version="2" changeset="100138147" timestamp="2021-02-28T14:03:49Z" user="mulgist" uid="12368943" lat="35.0272234" lon="126.7826494"/>
 <node id="5309677898" visible="true" version="2" changeset="100138147" timestamp="2021-02-28T14:03:49Z" user="mulgist" uid="12368943" lat="35.0273027" lon="126.7826886"/>
 <node id="5309677899" visible="true" version="2" changeset="100138147" timestamp="2021-02-28T14:03:49Z" user="mulgist" uid="12368943" lat="35.0273520" lon="126.7824841"/>
 <node id="5309677900" visible="true" version="2" changeset="100138147" timestamp="2021-02-28T14:03:49Z" user="mulgist" uid="12368943" lat="35.0273714" lon="126.7824426"/>
 <node id="5309677901" visible="true" version="2" changeset="100138147" timestamp="2021-02-28T14:03:49Z" user="mulgist" uid="12368943" lat="35.0274060" lon="126.7824353"/>
 <node id="5309677902" visible="true" version="2" changeset="100138147" timestamp="2021-02-28T14:03:49Z" user="mulgist" uid="12368943" lat="35.0278890" lon="126.7825761"/>
 <node id="5309677903" visible="true" version="2" changeset="100138147" timestamp="2021-02-28T14:03:49Z" user="mulgist" uid="12368943" lat="35.0279066" lon="126.7826142"/>
 <node id="5309677909" visible="true" version="2" changeset="100138147" timestamp="2021-02-28T14:03:49Z" user="mulgist" uid="12368943" lat="35.0247277" lon="126.7846835"/>
 <node id="5309677917" visible="true" version="1" changeset="55000270" timestamp="2017-12-29T04:56:00Z" user="FUKUTAN" uid="5207199" lat="35.0255099" lon="126.7862435"/>
 <node id="5309677921" visible="true" version="2" changeset="100138147" timestamp="2021-02-28T14:03:49Z" user="mulgist" uid="12368943" lat="35.0261835" lon="126.7864736"/>
 <node id="5309677923" visible="true" version="2" changeset="100138147" timestamp="2021-02-28T14:03:49Z" user="mulgist" uid="12368943" lat="35.0255296" lon="126.7860192"/>
 <node id="5309677924" visible="true" version="1" changeset="55000270" timestamp="2017-12-29T04:56:00Z" user="FUKUTAN" uid="5207199" lat="35.0254682" lon="126.7854155"/>
 <node id="5309677925" visible="true" version="2" changeset="100138147" timestamp="2021-02-28T14:03:49Z" user="mulgist" uid="12368943" lat="35.0250621" lon="126.7839027"/>
 <node id="5309677926" visible="true" version="2" changeset="100138147" timestamp="2021-02-28T14:03:49Z" user="mulgist" uid="12368943" lat="35.0248602" lon="126.7839225"/>
 <node id="5309677929" visible="true" version="1" changeset="55000270" timestamp="2017-12-29T04:56:00Z" user="FUKUTAN" uid="5207199" lat="35.0248964" lon="126.7846578"/>
 <node id="5309677930" visible="true" version="1" changeset="55000270" timestamp="2017-12-29T04:56:00Z" user="FUKUTAN" uid="5207199" lat="35.0249004" lon="126.7847046"/>
 <node id="5309677931" visible="true" version="2" changeset="100138147" timestamp="2021-02-28T14:03:49Z" user="mulgist" uid="12368943" lat="35.0251037" lon="126.7843848"/>
 <node id="5309677932" visible="true" version="2" changeset="100138147" timestamp="2021-02-28T14:03:49Z" user="mulgist" uid="12368943" lat="35.0249031" lon="126.7844132"/>
 <node id="5309677933" visible="true" version="1" changeset="55000270" timestamp="2017-12-29T04:56:00Z" user="FUKUTAN" uid="5207199" lat="35.0247679" lon="126.7843569"/>
 <node id="5309677935" visible="true" version="2" changeset="100138147" timestamp="2021-02-28T14:03:49Z" user="mulgist" uid="12368943" lat="35.0249181" lon="126.7845682"/>
 <node id="5309677936" visible="true" version="2" changeset="100138147" timestamp="2021-02-28T14:03:49Z" user="mulgist" uid="12368943" lat="35.0250219" lon="126.7846942"/>
 <node id="5309677937" visible="true" version="2" changeset="100138147" timestamp="2021-02-28T14:03:49Z" user="mulgist" uid="12368943" lat="35.0246953" lon="126.7835038"/>
 <node id="5309677939" visible="true" version="2" changeset="100138147" timestamp="2021-02-28T14:03:49Z" user="mulgist" uid="12368943" lat="35.0247630" lon="126.7833601"/>
 <node id="5309677942" visible="true" version="2" changeset="100138147" timestamp="2021-02-28T14:03:49Z" user="mulgist" uid="12368943" lat="35.0248285" lon="126.7830505"/>
 <node id="5309677943" visible="true" version="2" changeset="100138147" timestamp="2021-02-28T14:03:49Z" user="mulgist" uid="12368943" lat="35.0249871" lon="126.7830869"/>
 <node id="5309677944" visible="true" version="1" changeset="55000270" timestamp="2017-12-29T04:56:00Z" user="FUKUTAN" uid="5207199" lat="35.0253816" lon="126.7831275"/>
 <node id="5309677945" visible="true" version="1" changeset="55000270" timestamp="2017-12-29T04:56:00Z" user="FUKUTAN" uid="5207199" lat="35.0254179" lon="126.7831522"/>
 <node id="5309677946" visible="true" version="1" changeset="55000270" timestamp="2017-12-29T04:56:00Z" user="FUKUTAN" uid="5207199" lat="35.0254353" lon="126.7831841"/>
 <node id="5309677947" visible="true" version="2" changeset="100138147" timestamp="2021-02-28T14:03:49Z" user="mulgist" uid="12368943" lat="35.0255142" lon="126.7834635"/>
 <node id="5309677948" visible="true" version="2" changeset="100138147" timestamp="2021-02-28T14:03:49Z" user="mulgist" uid="12368943" lat="35.0257333" lon="126.7843441"/>
 <node id="5309677949" visible="true" version="2" changeset="100138147" timestamp="2021-02-28T14:03:49Z" user="mulgist" uid="12368943" lat="35.0258278" lon="126.7846980"/>
 <node id="5309677950" visible="true" version="1" changeset="55000270" timestamp="2017-12-29T04:56:00Z" user="FUKUTAN" uid="5207199" lat="35.0272589" lon="126.7866781"/>
 <node id="5309677951" visible="true" version="1" changeset="55000270" timestamp="2017-12-29T04:56:00Z" user="FUKUTAN" uid="5207199" lat="35.0272570" lon="126.7865422"/>
 <node id="5309677952" visible="true" version="2" changeset="100138147" timestamp="2021-02-28T14:03:49Z" user="mulgist" uid="12368943" lat="35.0269910" lon="126.7831621"/>
 <node id="5309677953" visible="true" version="2" changeset="100138147" timestamp="2021-02-28T14:03:49Z" user="mulgist" uid="12368943" lat="35.0270846" lon="126.7843773"/>
 <node id="5309677955" visible="true" version="2" changeset="100138147" timestamp="2021-02-28T14:03:49Z" user="mulgist" uid="12368943" lat="35.0274839" lon="126.7843424"/>
 <node id="5309677957" visible="true" version="2" changeset="100138147" timestamp="2021-02-28T14:03:49Z" user="mulgist" uid="12368943" lat="35.0279105" lon="126.7850380"/>
 <node id="5309677958" visible="true" version="2" changeset="100138147" timestamp="2021-02-28T14:03:49Z" user="mulgist" uid="12368943" lat="35.0278743" lon="126.7852150"/>
 <node id="5309677959" visible="true" version="2" changeset="100138147" timestamp="2021-02-28T14:03:49Z" user="mulgist" uid="12368943" lat="35.0276613" lon="126.7853654"/>
 <node id="5309677960" visible="true" version="1" changeset="55000270" timestamp="2017-12-29T04:56:00Z" user="FUKUTAN" uid="5207199" lat="35.0273233" lon="126.7853608"/>
 <node id="5309677961" visible="true" version="1" changeset="55000270" timestamp="2017-12-29T04:56:00Z" user="FUKUTAN" uid="5207199" lat="35.0271501" lon="126.7853709"/>
 <node id="5312136013" visible="true" version="5" changeset="187989182" timestamp="2026-08-25T13:25:23Z" user="aaei924" uid="10626814" lat="35.0243996" lon="126.7761220"/>
 <node id="5312136028" visible="true" version="5" changeset="188182969" timestamp="2026-08-29T07:32:38Z" user="aaei924" uid="10626814" lat="35.0244943" lon="126.7760429">
  <tag k="highway" v="motorway_junction"/>
  <tag k="name" v="석전교차로"/>
 </node>
 <node id="5312136029" visible="true" version="2" changeset="187989182" timestamp="2026-08-25T13:25:23Z" user="aaei924" uid="10626814" lat="35.0229888" lon="126.7756376"/>
 <node id="5312136036" visible="true" version="2" changeset="100138147" timestamp="2021-02-28T14:03:49Z" user="mulgist" uid="12368943" lat="35.0262074" lon="126.7832885"/>
 <node id="5312136037" visible="true" version="2" changeset="100138147" timestamp="2021-02-28T14:03:49Z" user="mulgist" uid="12368943" lat="35.0261567" lon="126.7826440"/>
 <node id="5312136038" visible="true" version="2" changeset="100138147" timestamp="2021-02-28T14:03:49Z" user="mulgist" uid="12368943" lat="35.0260085" lon="126.7825980"/>
 <node id="5312136039" visible="true" version="2" changeset="100138147" timestamp="2021-02-28T14:03:49Z" user="mulgist" uid="12368943" lat="35.0260540" lon="126.7832315"/>
 <node id="5312136040" visible="true" version="2" changeset="100138147" timestamp="2021-02-28T14:03:49Z" user="mulgist" uid="12368943" lat="35.0256118" lon="126.7833576"/>
 <node id="5312136041" visible="true" version="2" changeset="100138147" timestamp="2021-02-28T14:03:49Z" user="mulgist" uid="12368943" lat="35.0256502" lon="126.7832661"/>
 <node id="5312136042" visible="true" version="2" changeset="100138147" timestamp="2021-02-28T14:03:49Z" user="mulgist" uid="12368943" lat="35.0256932" lon="126.7832327"/>
 <node id="5312136043" visible="true" version="2" changeset="100138147" timestamp="2021-02-28T14:03:49Z" user="mulgist" uid="12368943" lat="35.0257292" lon="126.7832103"/>
 <node id="5312136044" visible="true" version="2" changeset="100138147" timestamp="2021-02-28T14:03:49Z" user="mulgist" uid="12368943" lat="35.0257755" lon="126.7831589"/>
 <node id="5312136045" visible="true" version="2" changeset="100138147" timestamp="2021-02-28T14:03:49Z" user="mulgist" uid="12368943" lat="35.0269323" lon="126.7832632"/>
 <node id="5312136046" visible="true" version="2" changeset="100138147" timestamp="2021-02-28T14:03:49Z" user="mulgist" uid="12368943" lat="35.0261950" lon="126.7830695"/>
 <node id="5312136047" visible="true" version="2" changeset="100138147" timestamp="2021-02-28T14:03:49Z" user="mulgist" uid="12368943" lat="35.0261810" lon="126.7828736"/>
 <node id="5312136048" visible="true" version="1" changeset="55036702" timestamp="2017-12-30T15:05:29Z" user="FUKUTAN" uid="5207199" lat="35.0267387" lon="126.7834347"/>
 <node id="5312136049" visible="true" version="1" changeset="55036702" timestamp="2017-12-30T15:05:29Z" user="FUKUTAN" uid="5207199" lat="35.0268029" lon="126.7842313"/>
 <node id="5312136050" visible="true" version="2" changeset="100138147" timestamp="2021-02-28T14:03:49Z" user="mulgist" uid="12368943" lat="35.0270096" lon="126.7842134"/>
 <node id="5312136051" visible="true" version="2" changeset="100138147" timestamp="2021-02-28T14:03:49Z" user="mulgist" uid="12368943" lat="35.0260420" lon="126.7830263"/>
 <node id="5312136052" visible="true" version="2" changeset="100138147" timestamp="2021-02-28T14:03:49Z" user="mulgist" uid="12368943" lat="35.0254273" lon="126.7828247"/>
 <node id="5312136053" visible="true" version="2" changeset="100138147" timestamp="2021-02-28T14:03:49Z" user="mulgist" uid="12368943" lat="35.0260153" lon="126.7828034"/>
 <node id="5312136054" visible="true" version="2" changeset="100138147" timestamp="2021-02-28T14:03:49Z" user="mulgist" uid="12368943" lat="35.0253656" lon="126.7825923"/>
 <node id="5312136055" visible="true" version="2" changeset="100138147" timestamp="2021-02-28T14:03:49Z" user="mulgist" uid="12368943" lat="35.0253118" lon="126.7824025"/>
 <node id="5312136056" visible="true" version="2" changeset="100138147" timestamp="2021-02-28T14:03:49Z" user="mulgist" uid="12368943" lat="35.0253352" lon="126.7823934"/>
 <node id="5312143127" visible="true" version="1" changeset="55036941" timestamp="2017-12-30T15:16:21Z" user="FUKUTAN" uid="5207199" lat="35.0241234" lon="126.7800834"/>
 <node id="5312143128" visible="true" version="1" changeset="55036941" timestamp="2017-12-30T15:16:21Z" user="FUKUTAN" uid="5207199" lat="35.0238481" lon="126.7799971"/>
 <node id="5312143129" visible="true" version="1" changeset="55036941" timestamp="2017-12-30T15:16:21Z" user="FUKUTAN" uid="5207199" lat="35.0237864" lon="126.7802909"/>
 <node id="5312143130" visible="true" version="1" changeset="55036941" timestamp="2017-12-30T15:16:21Z" user="FUKUTAN" uid="5207199" lat="35.0240617" lon="126.7803773"/>
 <node id="5312143131" visible="true" version="1" changeset="55036941" timestamp="2017-12-30T15:16:22Z" user="FUKUTAN" uid="5207199" lat="35.0244348" lon="126.7801806"/>
 <node id="5312143132" visible="true" version="1" changeset="55036941" timestamp="2017-12-30T15:16:22Z" user="FUKUTAN" uid="5207199" lat="35.0241595" lon="126.7800943"/>
 <node id="5312143133" visible="true" version="1" changeset="55036941" timestamp="2017-12-30T15:16:22Z" user="FUKUTAN" uid="5207199" lat="35.0240978" lon="126.7803882"/>
 <node id="5312143134" visible="true" version="1" changeset="55036941" timestamp="2017-12-30T15:16:22Z" user="FUKUTAN" uid="5207199" lat="35.0243731" lon="126.7804745"/>
 <node id="5312143135" visible="true" version="1" changeset="55036941" timestamp="2017-12-30T15:16:22Z" user="FUKUTAN" uid="5207199" lat="35.0247515" lon="126.7802885"/>
 <node id="5312143136" visible="true" version="1" changeset="55036941" timestamp="2017-12-30T15:16:22Z" user="FUKUTAN" uid="5207199" lat="35.0244762" lon="126.7802022"/>
 <node id="5312143137" visible="true" version="1" changeset="55036941" timestamp="2017-12-30T15:16:22Z" user="FUKUTAN" uid="5207199" lat="35.0244144" lon="126.7804960"/>
 <node id="5312143138" visible="true" version="1" changeset="55036941" timestamp="2017-12-30T15:16:22Z" user="FUKUTAN" uid="5207199" lat="35.0246897" lon="126.7805823"/>
 <node id="5312143139" visible="true" version="1" changeset="55036941" timestamp="2017-12-30T15:16:22Z" user="FUKUTAN" uid="5207199" lat="35.0246338" lon="126.7816536"/>
 <node id="5312143140" visible="true" version="1" changeset="55036941" timestamp="2017-12-30T15:16:22Z" user="FUKUTAN" uid="5207199" lat="35.0245476" lon="126.7820367"/>
 <node id="5312143141" visible="true" version="1" changeset="55036941" timestamp="2017-12-30T15:16:22Z" user="FUKUTAN" uid="5207199" lat="35.0247646" lon="126.7821095"/>
 <node id="5312143142" visible="true" version="1" changeset="55036941" timestamp="2017-12-30T15:16:22Z" user="FUKUTAN" uid="5207199" lat="35.0248508" lon="126.7817264"/>
 <node id="5312143143" visible="true" version="1" changeset="55036941" timestamp="2017-12-30T15:16:22Z" user="FUKUTAN" uid="5207199" lat="35.0247797" lon="126.7809967"/>
 <node id="5312143144" visible="true" version="1" changeset="55036941" timestamp="2017-12-30T15:16:22Z" user="FUKUTAN" uid="5207199" lat="35.0246632" lon="126.7815056"/>
 <node id="5312143145" visible="true" version="1" changeset="55036941" timestamp="2017-12-30T15:16:22Z" user="FUKUTAN" uid="5207199" lat="35.0248806" lon="126.7815798"/>
 <node id="5312143146" visible="true" version="1" changeset="55036941" timestamp="2017-12-30T15:16:22Z" user="FUKUTAN" uid="5207199" lat="35.0249971" lon="126.7810709"/>
 <node id="5312143147" visible="true" version="1" changeset="55036941" timestamp="2017-12-30T15:16:22Z" user="FUKUTAN" uid="5207199" lat="35.0248589" lon="126.7803341"/>
 <node id="5312143148" visible="true" version="1" changeset="55036941" timestamp="2017-12-30T15:16:22Z" user="FUKUTAN" uid="5207199" lat="35.0247495" lon="126.7808102"/>
 <node id="5312143149" visible="true" version="1" changeset="55036941" timestamp="2017-12-30T15:16:22Z" user="FUKUTAN" uid="5207199" lat="35.0250386" lon="126.7809093"/>
 <node id="5312143150" visible="true" version="1" changeset="55036941" timestamp="2017-12-30T15:16:22Z" user="FUKUTAN" uid="5207199" lat="35.0251480" lon="126.7804332"/>
 <node id="5312143151" visible="true" version="2" changeset="112020543" timestamp="2021-10-03T05:04:56Z" user="mulgist" uid="12368943" lat="35.0236226" lon="126.7860490"/>
 <node id="5312143152" visible="true" version="2" changeset="112020543" timestamp="2021-10-03T05:04:56Z" user="mulgist" uid="12368943" lat="35.0235086" lon="126.7865186"/>
 <node id="5312143153" visible="true" version="2" changeset="112020543" timestamp="2021-10-03T05:04:56Z" user="mulgist" uid="12368943" lat="35.0237886" lon="126.7866232"/>
 <node id="5312143154" visible="true" version="2" changeset="112020543" timestamp="2021-10-03T05:04:56Z" user="mulgist" uid="12368943" lat="35.0238282" lon="126.7866058"/>
 <node id="5312143155" visible="true" version="2" changeset="112020543" timestamp="2021-10-03T05:04:56Z" user="mulgist" uid="12368943" lat="35.0240299" lon="126.7857162"/>
 <node id="5312143156" visible="true" version="2" changeset="112020543" timestamp="2021-10-03T05:04:56Z" user="mulgist" uid="12368943" lat="35.0240028" lon="126.7856308"/>
 <node id="5312143158" visible="true" version="2" changeset="112020543" timestamp="2021-10-03T05:04:56Z" user="mulgist" uid="12368943" lat="35.0235416" lon="126.7854639"/>
 <node id="5312143159" visible="true" version="2" changeset="112020543" timestamp="2021-10-03T05:04:56Z" user="mulgist" uid="12368943" lat="35.0235026" lon="126.7856501"/>
 <node id="5312143160" visible="true" version="2" changeset="112020543" timestamp="2021-10-03T05:04:56Z" user="mulgist" uid="12368943" lat="35.0236051" lon="126.7856995"/>
 <node id="5312143161" visible="true" version="2" changeset="112020543" timestamp="2021-10-03T05:04:56Z" user="mulgist" uid="12368943" lat="35.0235544" lon="126.7859058"/>
 <node id="5312143162" visible="true" version="2" changeset="112020543" timestamp="2021-10-03T05:04:56Z" user="mulgist" uid="12368943" lat="35.0237942" lon="126.7859909"/>
 <node id="5312143163" visible="true" version="2" changeset="112020543" timestamp="2021-10-03T05:04:56Z" user="mulgist" uid="12368943" lat="35.0237682" lon="126.7860980"/>
 <node id="5312163107" visible="true" version="1" changeset="55037307" timestamp="2017-12-30T15:32:31Z" user="FUKUTAN" uid="5207199" lat="35.0298174" lon="126.7877509"/>
 <node id="5312163108" visible="true" version="1" changeset="55037307" timestamp="2017-12-30T15:32:31Z" user="FUKUTAN" uid="5207199" lat="35.0298522" lon="126.7877898"/>
 <node id="5312163109" visible="true" version="1" changeset="55037307" timestamp="2017-12-30T15:32:31Z" user="FUKUTAN" uid="5207199" lat="35.0299797" lon="126.7877580"/>
 <node id="5312163110" visible="true" version="1" changeset="55037307" timestamp="2017-12-30T15:32:31Z" user="FUKUTAN" uid="5207199" lat="35.0302521" lon="126.7876270"/>
 <node id="5312163111" visible="true" version="1" changeset="55037307" timestamp="2017-12-30T15:32:31Z" user="FUKUTAN" uid="5207199" lat="35.0311418" lon="126.7871528"/>
 <node id="5312163112" visible="true" version="1" changeset="55037307" timestamp="2017-12-30T15:32:31Z" user="FUKUTAN" uid="5207199" lat="35.0312606" lon="126.7870643"/>
 <node id="5312163113" visible="true" version="1" changeset="55037307" timestamp="2017-12-30T15:32:31Z" user="FUKUTAN" uid="5207199" lat="35.0314432" lon="126.7868944"/>
 <node id="5312163114" visible="true" version="1" changeset="55037307" timestamp="2017-12-30T15:32:31Z" user="FUKUTAN" uid="5207199" lat="35.0317852" lon="126.7867104"/>
 <node id="5312163115" visible="true" version="1" changeset="55037307" timestamp="2017-12-30T15:32:31Z" user="FUKUTAN" uid="5207199" lat="35.0320344" lon="126.7865829"/>
 <node id="5312163116" visible="true" version="2" changeset="157777877" timestamp="2024-10-12T01:57:04Z" user="FUKUTAN" uid="5207199" lat="35.0326442" lon="126.7863294"/>
 <node id="5312163117" visible="true" version="1" changeset="55037307" timestamp="2017-12-30T15:32:31Z" user="FUKUTAN" uid="5207199" lat="35.0327270" lon="126.7862078"/>
 <node id="5312163118" visible="true" version="1" changeset="55037307" timestamp="2017-12-30T15:32:31Z" user="FUKUTAN" uid="5207199" lat="35.0327850" lon="126.7860238"/>
 <node id="5312163119" visible="true" version="1" changeset="55037307" timestamp="2017-12-30T15:32:31Z" user="FUKUTAN" uid="5207199" lat="35.0329299" lon="126.7858645"/>
 <node id="5312163120" visible="true" version="1" changeset="55037307" timestamp="2017-12-30T15:32:31Z" user="FUKUTAN" uid="5207199" lat="35.0330719" lon="126.7856415"/>
 <node id="5312163921" visible="true" version="1" changeset="55037307" timestamp="2017-12-30T15:32:31Z" user="FUKUTAN" uid="5207199" lat="35.0331182" lon="126.7855495"/>
 <node id="5312163922" visible="true" version="1" changeset="55037307" timestamp="2017-12-30T15:32:31Z" user="FUKUTAN" uid="5207199" lat="35.0331298" lon="126.7853159"/>
 <node id="5312163923" visible="true" version="1" changeset="55037307" timestamp="2017-12-30T15:32:31Z" user="FUKUTAN" uid="5207199" lat="35.0330777" lon="126.7850434"/>
 <node id="5312163924" visible="true" version="1" changeset="55037307" timestamp="2017-12-30T15:32:31Z" user="FUKUTAN" uid="5207199" lat="35.0329559" lon="126.7845125"/>
 <node id="5312163925" visible="true" version="1" changeset="55037307" timestamp="2017-12-30T15:32:31Z" user="FUKUTAN" uid="5207199" lat="35.0328951" lon="126.7839144"/>
 <node id="5312163926" visible="true" version="1" changeset="55037307" timestamp="2017-12-30T15:32:31Z" user="FUKUTAN" uid="5207199" lat="35.0327734" lon="126.7825412"/>
 <node id="5312163927" visible="true" version="1" changeset="55037307" timestamp="2017-12-30T15:32:31Z" user="FUKUTAN" uid="5207199" lat="35.0327386" lon="126.7823678"/>
 <node id="5312163928" visible="true" version="1" changeset="55037307" timestamp="2017-12-30T15:32:31Z" user="FUKUTAN" uid="5207199" lat="35.0326140" lon="126.7819997"/>
 <node id="5312163929" visible="true" version="1" changeset="55037307" timestamp="2017-12-30T15:32:31Z" user="FUKUTAN" uid="5207199" lat="35.0323619" lon="126.7803009"/>
 <node id="5312163930" visible="true" version="1" changeset="55037307" timestamp="2017-12-30T15:32:31Z" user="FUKUTAN" uid="5207199" lat="35.0322778" lon="126.7797204"/>
 <node id="5312163931" visible="true" version="1" changeset="55037307" timestamp="2017-12-30T15:32:31Z" user="FUKUTAN" uid="5207199" lat="35.0321793" lon="126.7793878"/>
 <node id="5312163932" visible="true" version="1" changeset="55037307" timestamp="2017-12-30T15:32:31Z" user="FUKUTAN" uid="5207199" lat="35.0318721" lon="126.7788604"/>
 <node id="5312163933" visible="true" version="1" changeset="55037307" timestamp="2017-12-30T15:32:31Z" user="FUKUTAN" uid="5207199" lat="35.0317127" lon="126.7787259"/>
 <node id="5312163934" visible="true" version="1" changeset="55037307" timestamp="2017-12-30T15:32:31Z" user="FUKUTAN" uid="5207199" lat="35.0304723" lon="126.7786622"/>
 <node id="5312163935" visible="true" version="1" changeset="55037307" timestamp="2017-12-30T15:32:31Z" user="FUKUTAN" uid="5207199" lat="35.0302521" lon="126.7786233"/>
 <node id="5312163936" visible="true" version="1" changeset="55037307" timestamp="2017-12-30T15:32:31Z" user="FUKUTAN" uid="5207199" lat="35.0296464" lon="126.7784357"/>
 <node id="5312163937" visible="true" version="2" changeset="140229198" timestamp="2023-08-22T13:18:26Z" user="야광멧돼지" uid="12393144" lat="35.0292796" lon="126.7783399"/>
 <node id="5312163938" visible="true" version="1" changeset="55037307" timestamp="2017-12-30T15:32:31Z" user="FUKUTAN" uid="5207199" lat="35.0290117" lon="126.7785773"/>
 <node id="5312163939" visible="true" version="1" changeset="55037307" timestamp="2017-12-30T15:32:32Z" user="FUKUTAN" uid="5207199" lat="35.0285364" lon="126.7809769"/>
 <node id="5312163940" visible="true" version="2" changeset="96472691" timestamp="2020-12-27T05:43:53Z" user="야광멧돼지" uid="12393144" lat="35.0289956" lon="126.7811206"/>
 <node id="5312163941" visible="true" version="1" changeset="55037307" timestamp="2017-12-30T15:32:32Z" user="FUKUTAN" uid="5207199" lat="35.0294986" lon="126.7788144"/>
 <node id="5312163942" visible="true" version="1" changeset="55037307" timestamp="2017-12-30T15:32:32Z" user="FUKUTAN" uid="5207199" lat="35.0315475" lon="126.7795116"/>
 <node id="5312163943" visible="true" version="1" changeset="55037307" timestamp="2017-12-30T15:32:32Z" user="FUKUTAN" uid="5207199" lat="35.0317446" lon="126.7796072"/>
 <node id="5312163944" visible="true" version="1" changeset="55037307" timestamp="2017-12-30T15:32:32Z" user="FUKUTAN" uid="5207199" lat="35.0319793" lon="126.7797948"/>
 <node id="5312163945" visible="true" version="1" changeset="55037307" timestamp="2017-12-30T15:32:32Z" user="FUKUTAN" uid="5207199" lat="35.0321445" lon="126.7800885"/>
 <node id="5312163946" visible="true" version="1" changeset="55037307" timestamp="2017-12-30T15:32:32Z" user="FUKUTAN" uid="5207199" lat="35.0322952" lon="126.7807964"/>
 <node id="5312163947" visible="true" version="1" changeset="55037307" timestamp="2017-12-30T15:32:32Z" user="FUKUTAN" uid="5207199" lat="35.0324285" lon="126.7813732"/>
 <node id="5312163948" visible="true" version="1" changeset="55037307" timestamp="2017-12-30T15:32:32Z" user="FUKUTAN" uid="5207199" lat="35.0325213" lon="126.7818900"/>
 <node id="5312163949" visible="true" version="1" changeset="55037307" timestamp="2017-12-30T15:32:32Z" user="FUKUTAN" uid="5207199" lat="35.0306984" lon="126.7866254"/>
 <node id="5312163950" visible="true" version="1" changeset="55037307" timestamp="2017-12-30T15:32:32Z" user="FUKUTAN" uid="5207199" lat="35.0305419" lon="126.7869015"/>
 <node id="5312163951" visible="true" version="1" changeset="55037307" timestamp="2017-12-30T15:32:32Z" user="FUKUTAN" uid="5207199" lat="35.0303709" lon="126.7871421"/>
 <node id="5312163952" visible="true" version="1" changeset="55037307" timestamp="2017-12-30T15:32:32Z" user="FUKUTAN" uid="5207199" lat="35.0301623" lon="126.7874076"/>
 <node id="5312163953" visible="true" version="1" changeset="55037307" timestamp="2017-12-30T15:32:32Z" user="FUKUTAN" uid="5207199" lat="35.0290098" lon="126.7785065"/>
 <node id="5312163954" visible="true" version="1" changeset="55037307" timestamp="2017-12-30T15:32:32Z" user="FUKUTAN" uid="5207199" lat="35.0291214" lon="126.7783484"/>
 <node id="5312163955" visible="true" version="1" changeset="55037307" timestamp="2017-12-30T15:32:32Z" user="FUKUTAN" uid="5207199" lat="35.0290733" lon="126.7784088"/>
 <node id="5312163956" visible="true" version="1" changeset="55037307" timestamp="2017-12-30T15:32:32Z" user="FUKUTAN" uid="5207199" lat="35.0289809" lon="126.7785804"/>
 <node id="5312163957" visible="true" version="2" changeset="140229198" timestamp="2023-08-22T13:18:26Z" user="야광멧돼지" uid="12393144" lat="35.0296966" lon="126.7778786"/>
 <node id="5312163958" visible="true" version="2" changeset="140229198" timestamp="2023-08-22T13:18:26Z" user="야광멧돼지" uid="12393144" lat="35.0296003" lon="126.7779711"/>
 <node id="5312163959" visible="true" version="5" changeset="144334816" timestamp="2023-11-22T17:12:52Z" user="asdfqwer51" uid="3350410" lat="35.0280473" lon="126.7860700"/>
 <node id="5312163960" visible="true" version="3" changeset="144334816" timestamp="2023-11-22T17:12:52Z" user="asdfqwer51" uid="3350410" lat="35.0284108" lon="126.7862343"/>
 <node id="5312163961" visible="true" version="3" changeset="144334816" timestamp="2023-11-22T17:12:52Z" user="asdfqwer51" uid="3350410" lat="35.0291733" lon="126.7857289"/>
 <node id="5312163962" visible="true" version="3" changeset="144334816" timestamp="2023-11-22T17:12:52Z" user="asdfqwer51" uid="3350410" lat="35.0295266" lon="126.7849693"/>
 <node id="5312163963" visible="true" version="3" changeset="144334816" timestamp="2023-11-22T17:12:52Z" user="asdfqwer51" uid="3350410" lat="35.0299297" lon="126.7848795"/>
 <node id="5312163964" visible="true" version="3" changeset="144334816" timestamp="2023-11-22T17:12:52Z" user="asdfqwer51" uid="3350410" lat="35.0299524" lon="126.7842681"/>
 <node id="5312163965" visible="true" version="3" changeset="144334816" timestamp="2023-11-22T17:12:52Z" user="asdfqwer51" uid="3350410" lat="35.0300071" lon="126.7841650"/>
 <node id="5312163966" visible="true" version="3" changeset="144334816" timestamp="2023-11-22T17:12:52Z" user="asdfqwer51" uid="3350410" lat="35.0302716" lon="126.7839303"/>
 <node id="5312163967" visible="true" version="3" changeset="144334816" timestamp="2023-11-22T17:12:52Z" user="asdfqwer51" uid="3350410" lat="35.0302392" lon="126.7837016"/>
 <node id="5312163969" visible="true" version="3" changeset="144334816" timestamp="2023-11-22T17:12:52Z" user="asdfqwer51" uid="3350410" lat="35.0299505" lon="126.7827830"/>
 <node id="5312163970" visible="true" version="3" changeset="144334816" timestamp="2023-11-22T17:12:52Z" user="asdfqwer51" uid="3350410" lat="35.0298716" lon="126.7826189"/>
 <node id="5312163971" visible="true" version="2" changeset="144334816" timestamp="2023-11-22T17:12:52Z" user="asdfqwer51" uid="3350410" lat="35.0297735" lon="126.7824423"/>
 <node id="5312163972" visible="true" version="1" changeset="55037307" timestamp="2017-12-30T15:32:32Z" user="FUKUTAN" uid="5207199" lat="35.0297235" lon="126.7823656"/>
 <node id="5312163973" visible="true" version="3" changeset="185405421" timestamp="2026-07-09T12:40:48Z" user="samdasooooooo" uid="14457606" lat="35.0288112" lon="126.7816975"/>
 <node id="5312163975" visible="true" version="2" changeset="131233215" timestamp="2023-01-13T14:53:00Z" user="FUKUTAN" uid="5207199" lat="35.0304843" lon="126.7859568"/>
 <node id="5312164110" visible="true" version="4" changeset="187989182" timestamp="2026-08-25T13:25:23Z" user="aaei924" uid="10626814" lat="35.0334001" lon="126.7782817"/>
 <node id="5312199934" visible="true" version="2" changeset="100138147" timestamp="2021-02-28T14:03:49Z" user="mulgist" uid="12368943" lat="35.0277779" lon="126.7847935"/>
 <node id="5312199935" visible="true" version="1" changeset="55037900" timestamp="2017-12-30T15:59:02Z" user="FUKUTAN" uid="5207199" lat="35.0278936" lon="126.7848196"/>
 <node id="5312199936" visible="true" version="1" changeset="55037900" timestamp="2017-12-30T15:59:02Z" user="FUKUTAN" uid="5207199" lat="35.0278573" lon="126.7846077"/>
 <node id="5312199937" visible="true" version="1" changeset="55037900" timestamp="2017-12-30T15:59:02Z" user="FUKUTAN" uid="5207199" lat="35.0279907" lon="126.7845003"/>
 <node id="5312199938" visible="true" version="1" changeset="55037900" timestamp="2017-12-30T15:59:02Z" user="FUKUTAN" uid="5207199" lat="35.0277011" lon="126.7868921"/>
 <node id="5312199939" visible="true" version="2" changeset="100138147" timestamp="2021-02-28T14:03:49Z" user="mulgist" uid="12368943" lat="35.0276759" lon="126.7870647"/>
 <node id="5312199944" visible="true" version="2" changeset="100138147" timestamp="2021-02-28T14:03:49Z" user="mulgist" uid="12368943" lat="35.0271962" lon="126.7870847"/>
 <node id="5312199945" visible="true" version="2" changeset="100138147" timestamp="2021-02-28T14:03:49Z" user="mulgist" uid="12368943" lat="35.0268307" lon="126.7876506"/>
 <node id="5312199946" visible="true" version="2" changeset="100138147" timestamp="2021-02-28T14:03:49Z" user="mulgist" uid="12368943" lat="35.0268523" lon="126.7875834"/>
 <node id="5312199947" visible="true" version="2" changeset="100138147" timestamp="2021-02-28T14:03:49Z" user="mulgist" uid="12368943" lat="35.0268831" lon="126.7874915"/>
 <node id="5312199948" visible="true" version="2" changeset="100138147" timestamp="2021-02-28T14:03:49Z" user="mulgist" uid="12368943" lat="35.0269718" lon="126.7873424"/>
 <node id="5312199949" visible="true" version="2" changeset="100138147" timestamp="2021-02-28T14:03:49Z" user="mulgist" uid="12368943" lat="35.0269960" lon="126.7872989"/>
 <node id="5312199952" visible="true" version="3" changeset="123960556" timestamp="2022-07-23T03:06:23Z" user="FUKUTAN" uid="5207199" lat="35.0275410" lon="126.7869314"/>
 <node id="5312199954" visible="true" version="2" changeset="100138147" timestamp="2021-02-28T14:03:49Z" user="mulgist" uid="12368943" lat="35.0276228" lon="126.7864875"/>
 <node id="5312199955" visible="true" version="2" changeset="100138147" timestamp="2021-02-28T14:03:49Z" user="mulgist" uid="12368943" lat="35.0278336" lon="126.7853193"/>
 <node id="5312199956" visible="true" version="2" changeset="100138147" timestamp="2021-02-28T14:03:49Z" user="mulgist" uid="12368943" lat="35.0270597" lon="126.7872331"/>
 <node id="5312199960" visible="true" version="2" changeset="100138147" timestamp="2021-02-28T14:03:49Z" user="mulgist" uid="12368943" lat="35.0263613" lon="126.7870982"/>
 <node id="5312199961" visible="true" version="2" changeset="100138147" timestamp="2021-02-28T14:03:49Z" user="mulgist" uid="12368943" lat="35.0276875" lon="126.7858617"/>
 <node id="5312199962" visible="true" version="1" changeset="55037900" timestamp="2017-12-30T15:59:02Z" user="FUKUTAN" uid="5207199" lat="35.0273597" lon="126.7857227"/>
 <node id="5312199963" visible="true" version="2" changeset="100138147" timestamp="2021-02-28T14:03:49Z" user="mulgist" uid="12368943" lat="35.0275869" lon="126.7858134"/>
 <node id="5312199964" visible="true" version="2" changeset="100138147" timestamp="2021-02-28T14:03:49Z" user="mulgist" uid="12368943" lat="35.0276153" lon="126.7855020"/>
 <node id="5312199965" visible="true" version="2" changeset="100138147" timestamp="2021-02-28T14:03:49Z" user="mulgist" uid="12368943" lat="35.0276157" lon="126.7854806"/>
 <node id="5312199966" visible="true" version="2" changeset="100138147" timestamp="2021-02-28T14:03:49Z" user="mulgist" uid="12368943" lat="35.0276036" lon="126.7854671"/>
 <node id="5312199968" visible="true" version="2" changeset="100138147" timestamp="2021-02-28T14:03:49Z" user="mulgist" uid="12368943" lat="35.0274800" lon="126.7853789"/>
 <node id="5312199969" visible="true" version="2" changeset="100138147" timestamp="2021-02-28T14:03:49Z" user="mulgist" uid="12368943" lat="35.0274039" lon="126.7846865"/>
 <node id="5312199970" visible="true" version="2" changeset="100138147" timestamp="2021-02-28T14:03:49Z" user="mulgist" uid="12368943" lat="35.0274458" lon="126.7846867"/>
 <node id="5312199971" visible="true" version="2" changeset="100138147" timestamp="2021-02-28T14:03:49Z" user="mulgist" uid="12368943" lat="35.0275009" lon="126.7847038"/>
 <node id="5312199972" visible="true" version="2" changeset="100138147" timestamp="2021-02-28T14:03:49Z" user="mulgist" uid="12368943" lat="35.0275609" lon="126.7847309"/>
 <node id="5312199973" visible="true" version="2" changeset="100138147" timestamp="2021-02-28T14:03:49Z" user="mulgist" uid="12368943" lat="35.0275784" lon="126.7847639"/>
 <node id="5312199974" visible="true" version="2" changeset="100138147" timestamp="2021-02-28T14:03:49Z" user="mulgist" uid="12368943" lat="35.0275890" lon="126.7848221"/>
 <node id="5312199975" visible="true" version="1" changeset="55037900" timestamp="2017-12-30T15:59:03Z" user="FUKUTAN" uid="5207199" lat="35.0272904" lon="126.7850238"/>
 <node id="5312199976" visible="true" version="1" changeset="55037900" timestamp="2017-12-30T15:59:03Z" user="FUKUTAN" uid="5207199" lat="35.0271194" lon="126.7850343"/>
 <node id="5312199977" visible="true" version="1" changeset="55037900" timestamp="2017-12-30T15:59:03Z" user="FUKUTAN" uid="5207199" lat="35.0273400" lon="126.7855264"/>
 <node id="5312199978" visible="true" version="1" changeset="55037900" timestamp="2017-12-30T15:59:03Z" user="FUKUTAN" uid="5207199" lat="35.0271659" lon="126.7855435"/>
 <node id="5312199979" visible="true" version="1" changeset="55037900" timestamp="2017-12-30T15:59:03Z" user="FUKUTAN" uid="5207199" lat="35.0273481" lon="126.7856073"/>
 <node id="5312199980" visible="true" version="1" changeset="55037900" timestamp="2017-12-30T15:59:03Z" user="FUKUTAN" uid="5207199" lat="35.0271737" lon="126.7856293"/>
 <node id="5312199981" visible="true" version="1" changeset="55037900" timestamp="2017-12-30T15:59:03Z" user="FUKUTAN" uid="5207199" lat="35.0273580" lon="126.7857057"/>
 <node id="5312199982" visible="true" version="1" changeset="55037900" timestamp="2017-12-30T15:59:03Z" user="FUKUTAN" uid="5207199" lat="35.0271819" lon="126.7857197"/>
 <node id="5312199983" visible="true" version="1" changeset="55037900" timestamp="2017-12-30T15:59:03Z" user="FUKUTAN" uid="5207199" lat="35.0273667" lon="126.7857916"/>
 <node id="5312199984" visible="true" version="1" changeset="55037900" timestamp="2017-12-30T15:59:03Z" user="FUKUTAN" uid="5207199" lat="35.0271901" lon="126.7858090"/>
 <node id="5312199985" visible="true" version="1" changeset="55037900" timestamp="2017-12-30T15:59:03Z" user="FUKUTAN" uid="5207199" lat="35.0273765" lon="126.7858893"/>
 <node id="5312199986" visible="true" version="1" changeset="55037900" timestamp="2017-12-30T15:59:03Z" user="FUKUTAN" uid="5207199" lat="35.0271988" lon="126.7859049"/>
 <node id="5312199987" visible="true" version="1" changeset="55037900" timestamp="2017-12-30T15:59:03Z" user="FUKUTAN" uid="5207199" lat="35.0273855" lon="126.7859783"/>
 <node id="5312199988" visible="true" version="1" changeset="55037900" timestamp="2017-12-30T15:59:03Z" user="FUKUTAN" uid="5207199" lat="35.0272073" lon="126.7859975"/>
 <node id="5312199990" visible="true" version="2" changeset="100138147" timestamp="2021-02-28T14:03:49Z" user="mulgist" uid="12368943" lat="35.0270681" lon="126.7840692"/>
 <node id="5312199991" visible="true" version="2" changeset="100138147" timestamp="2021-02-28T14:03:49Z" user="mulgist" uid="12368943" lat="35.0272717" lon="126.7843602"/>
 <node id="5312199992" visible="true" version="2" changeset="100138147" timestamp="2021-02-28T14:03:49Z" user="mulgist" uid="12368943" lat="35.0272350" lon="126.7836360"/>
 <node id="5312199993" visible="true" version="2" changeset="100138147" timestamp="2021-02-28T14:03:49Z" user="mulgist" uid="12368943" lat="35.0270335" lon="126.7836468"/>
 <node id="5312199994" visible="true" version="2" changeset="100138147" timestamp="2021-02-28T14:03:49Z" user="mulgist" uid="12368943" lat="35.0272495" lon="126.7839155"/>
 <node id="5312199995" visible="true" version="2" changeset="100138147" timestamp="2021-02-28T14:03:49Z" user="mulgist" uid="12368943" lat="35.0270583" lon="126.7839405"/>
 <node id="5312199996" visible="true" version="2" changeset="100138147" timestamp="2021-02-28T14:03:49Z" user="mulgist" uid="12368943" lat="35.0272642" lon="126.7842346"/>
 <node id="5312199997" visible="true" version="2" changeset="100138147" timestamp="2021-02-28T14:03:49Z" user="mulgist" uid="12368943" lat="35.0270740" lon="126.7842394"/>
 <node id="5312199998" visible="true" version="2" changeset="100138147" timestamp="2021-02-28T14:03:49Z" user="mulgist" uid="12368943" lat="35.0271176" lon="126.7847518"/>
 <node id="5312199999" visible="true" version="2" changeset="100138147" timestamp="2021-02-28T14:03:49Z" user="mulgist" uid="12368943" lat="35.0273747" lon="126.7848221"/>
 <node id="5312200000" visible="true" version="2" changeset="100138147" timestamp="2021-02-28T14:03:49Z" user="mulgist" uid="12368943" lat="35.0271312" lon="126.7848461"/>
 <node id="5312200001" visible="true" version="3" changeset="112020543" timestamp="2021-10-03T05:04:56Z" user="mulgist" uid="12368943" lat="35.0236073" lon="126.7851774"/>
 <node id="5312200002" visible="true" version="3" changeset="112020543" timestamp="2021-10-03T05:04:56Z" user="mulgist" uid="12368943" lat="35.0228896" lon="126.7849849"/>
 <node id="5668172368" visible="true" version="2" changeset="100138147" timestamp="2021-02-28T14:03:49Z" user="mulgist" uid="12368943" lat="35.0264411" lon="126.7854874"/>
 <node id="5668172369" visible="true" version="2" changeset="100138147" timestamp="2021-02-28T14:03:49Z" user="mulgist" uid="12368943" lat="35.0263020" lon="126.7840885"/>
 <node id="5668172370" visible="true" version="2" changeset="100138147" timestamp="2021-02-28T14:03:49Z" user="mulgist" uid="12368943" lat="35.0263317" lon="126.7840803"/>
 <node id="5668172371" visible="true" version="2" changeset="100138147" timestamp="2021-02-28T14:03:49Z" user="mulgist" uid="12368943" lat="35.0262907" lon="126.7835903"/>
 <node id="5668172372" visible="true" version="2" changeset="100138147" timestamp="2021-02-28T14:03:49Z" user="mulgist" uid="12368943" lat="35.0265727" lon="126.7835497"/>
 <node id="5668172373" visible="true" version="2" changeset="100138147" timestamp="2021-02-28T14:03:49Z" user="mulgist" uid="12368943" lat="35.0265772" lon="126.7835999"/>
 <node id="5668172374" visible="true" version="2" changeset="100138147" timestamp="2021-02-28T14:03:49Z" user="mulgist" uid="12368943" lat="35.0266885" lon="126.7835849"/>
 <node id="5668172375" visible="true" version="2" changeset="100138147" timestamp="2021-02-28T14:03:49Z" user="mulgist" uid="12368943" lat="35.0267075" lon="126.7837959"/>
 <node id="5668172376" visible="true" version="2" changeset="100138147" timestamp="2021-02-28T14:03:49Z" user="mulgist" uid="12368943" lat="35.0266693" lon="126.7838010"/>
 <node id="5668172377" visible="true" version="2" changeset="100138147" timestamp="2021-02-28T14:03:49Z" user="mulgist" uid="12368943" lat="35.0268130" lon="126.7853984"/>
 <node id="5668172378" visible="true" version="2" changeset="100138147" timestamp="2021-02-28T14:03:49Z" user="mulgist" uid="12368943" lat="35.0266636" lon="126.7854184"/>
 <node id="5668172379" visible="true" version="2" changeset="100138147" timestamp="2021-02-28T14:03:49Z" user="mulgist" uid="12368943" lat="35.0266671" lon="126.7854571"/>
 <node id="5668183557" visible="true" version="2" changeset="133576907" timestamp="2023-03-12T08:16:26Z" user="FUKUTAN" uid="5207199" lat="35.0261769" lon="126.7791523"/>
 <node id="5668183558" visible="true" version="2" changeset="133576907" timestamp="2023-03-12T08:16:26Z" user="FUKUTAN" uid="5207199" lat="35.0263067" lon="126.7792226"/>
 <node id="5668183559" visible="true" version="1" changeset="59586125" timestamp="2018-06-06T02:34:11Z" user="FUKUTAN" uid="5207199" lat="35.0264709" lon="126.7793190"/>
 <node id="5668183560" visible="true" version="1" changeset="59586125" timestamp="2018-06-06T02:34:11Z" user="FUKUTAN" uid="5207199" lat="35.0265769" lon="126.7793745"/>
 <node id="5668183561" visible="true" version="1" changeset="59586125" timestamp="2018-06-06T02:34:11Z" user="FUKUTAN" uid="5207199" lat="35.0266778" lon="126.7794053"/>
 <node id="5668183562" visible="true" version="1" changeset="59586125" timestamp="2018-06-06T02:34:11Z" user="FUKUTAN" uid="5207199" lat="35.0267560" lon="126.7794238"/>
 <node id="5668183563" visible="true" version="1" changeset="59586125" timestamp="2018-06-06T02:34:11Z" user="FUKUTAN" uid="5207199" lat="35.0268469" lon="126.7794392"/>
 <node id="5668183564" visible="true" version="1" changeset="59586125" timestamp="2018-06-06T02:34:11Z" user="FUKUTAN" uid="5207199" lat="35.0269503" lon="126.7794515"/>
 <node id="5668183565" visible="true" version="1" changeset="59586125" timestamp="2018-06-06T02:34:11Z" user="FUKUTAN" uid="5207199" lat="35.0271471" lon="126.7795162"/>
 <node id="5668183566" visible="true" version="1" changeset="59586125" timestamp="2018-06-06T02:34:11Z" user="FUKUTAN" uid="5207199" lat="35.0273490" lon="126.7796056"/>
 <node id="5668183567" visible="true" version="1" changeset="59586125" timestamp="2018-06-06T02:34:11Z" user="FUKUTAN" uid="5207199" lat="35.0275710" lon="126.7797411"/>
 <node id="5668183568" visible="true" version="1" changeset="59586125" timestamp="2018-06-06T02:34:11Z" user="FUKUTAN" uid="5207199" lat="35.0276088" lon="126.7797565"/>
 <node id="5668183569" visible="true" version="1" changeset="59586125" timestamp="2018-06-06T02:34:11Z" user="FUKUTAN" uid="5207199" lat="35.0276694" lon="126.7797720"/>
 <node id="5668183570" visible="true" version="1" changeset="59586125" timestamp="2018-06-06T02:34:11Z" user="FUKUTAN" uid="5207199" lat="35.0277880" lon="126.7797720"/>
 <node id="5668183571" visible="true" version="1" changeset="59586125" timestamp="2018-06-06T02:34:11Z" user="FUKUTAN" uid="5207199" lat="35.0279419" lon="126.7797720"/>
 <node id="5668183572" visible="true" version="1" changeset="59586125" timestamp="2018-06-06T02:34:11Z" user="FUKUTAN" uid="5207199" lat="35.0280175" lon="126.7797966"/>
 <node id="5668183573" visible="true" version="1" changeset="59586125" timestamp="2018-06-06T02:34:11Z" user="FUKUTAN" uid="5207199" lat="35.0280731" lon="126.7798274"/>
 <node id="5668183574" visible="true" version="1" changeset="59586125" timestamp="2018-06-06T02:34:11Z" user="FUKUTAN" uid="5207199" lat="35.0281311" lon="126.7798859"/>
 <node id="5668183575" visible="true" version="1" changeset="59586125" timestamp="2018-06-06T02:34:11Z" user="FUKUTAN" uid="5207199" lat="35.0281639" lon="126.7799137"/>
 <node id="5668183576" visible="true" version="2" changeset="141712425" timestamp="2023-09-25T05:17:57Z" user="FUKUTAN" uid="5207199" lat="35.0282320" lon="126.7799460"/>
 <node id="6173263043" visible="true" version="3" changeset="171918484" timestamp="2025-09-14T13:39:45Z" user="FUKUTAN" uid="5207199" lat="35.0307515" lon="126.7853399"/>
 <node id="6173263044" visible="true" version="2" changeset="144333236" timestamp="2023-11-22T16:36:43Z" user="asdfqwer51" uid="3350410" lat="35.0307471" lon="126.7855891"/>
 <node id="6173263045" visible="true" version="2" changeset="144333236" timestamp="2023-11-22T16:36:43Z" user="asdfqwer51" uid="3350410" lat="35.0306620" lon="126.7861302"/>
 <node id="6173263046" visible="true" version="3" changeset="144333236" timestamp="2023-11-22T16:36:43Z" user="asdfqwer51" uid="3350410" lat="35.0305403" lon="126.7864484"/>
 <node id="6173263047" visible="true" version="3" changeset="144333236" timestamp="2023-11-22T16:36:43Z" user="asdfqwer51" uid="3350410" lat="35.0304124" lon="126.7867108"/>
 <node id="8263251999" visible="true" version="2" changeset="124040733" timestamp="2022-07-25T08:53:04Z" user="FUKUTAN" uid="5207199" lat="35.0305966" lon="126.7830454"/>
 <node id="8263252000" visible="true" version="2" changeset="124040733" timestamp="2022-07-25T08:53:04Z" user="FUKUTAN" uid="5207199" lat="35.0304361" lon="126.7825075"/>
 <node id="8263252001" visible="true" version="2" changeset="124040733" timestamp="2022-07-25T08:53:04Z" user="FUKUTAN" uid="5207199" lat="35.0294533" lon="126.7812935"/>
 <node id="8263252002" visible="true" version="1" changeset="96472691" timestamp="2020-12-27T05:43:53Z" user="야광멧돼지" uid="12393144" lat="35.0315019" lon="126.7794961"/>
 <node id="8315254380" visible="true" version="4" changeset="144334816" timestamp="2023-11-22T17:12:52Z" user="asdfqwer51" uid="3350410" lat="35.0296464" lon="126.7876631"/>
 <node id="8315254401" visible="true" version="2" changeset="157777877" timestamp="2024-10-12T01:57:04Z" user="FUKUTAN" uid="5207199" lat="35.0343030" lon="126.7835491"/>
 <node id="8315254402" visible="true" version="2" changeset="157777877" timestamp="2024-10-12T01:57:04Z" user="FUKUTAN" uid="5207199" lat="35.0343030" lon="126.7832890"/>
 <node id="8315254403" visible="true" version="2" changeset="157777877" timestamp="2024-10-12T01:57:04Z" user="FUKUTAN" uid="5207199" lat="35.0343192" lon="126.7830488"/>
 <node id="8315254404" visible="true" version="2" changeset="157777877" timestamp="2024-10-12T01:57:04Z" user="FUKUTAN" uid="5207199" lat="35.0343655" lon="126.7829102"/>
 <node id="8315254405" visible="true" version="2" changeset="157777877" timestamp="2024-10-12T01:57:04Z" user="FUKUTAN" uid="5207199" lat="35.0344697" lon="126.7827463"/>
 <node id="8315254406" visible="true" version="2" changeset="157777877" timestamp="2024-10-12T01:57:04Z" user="FUKUTAN" uid="5207199" lat="35.0345669" lon="126.7826615"/>
 <node id="8315254407" visible="true" version="2" changeset="157777877" timestamp="2024-10-12T01:57:04Z" user="FUKUTAN" uid="5207199" lat="35.0346872" lon="126.7826134"/>
 <node id="8315254408" visible="true" version="2" changeset="157777877" timestamp="2024-10-12T01:57:04Z" user="FUKUTAN" uid="5207199" lat="35.0349766" lon="126.7826078"/>
 <node id="8315254409" visible="true" version="2" changeset="157777877" timestamp="2024-10-12T01:57:04Z" user="FUKUTAN" uid="5207199" lat="35.0352173" lon="126.7825456"/>
 <node id="8315254410" visible="true" version="2" changeset="157777877" timestamp="2024-10-12T01:57:04Z" user="FUKUTAN" uid="5207199" lat="35.0354047" lon="126.7824438"/>
 <node id="8315254411" visible="true" version="2" changeset="157777877" timestamp="2024-10-12T01:57:04Z" user="FUKUTAN" uid="5207199" lat="35.0355075" lon="126.7823928"/>
 <node id="8315254412" visible="true" version="2" changeset="157777877" timestamp="2024-10-12T01:57:04Z" user="FUKUTAN" uid="5207199" lat="35.0356940" lon="126.7823760"/>
 <node id="8315254413" visible="true" version="2" changeset="157777877" timestamp="2024-10-12T01:57:04Z" user="FUKUTAN" uid="5207199" lat="35.0358144" lon="126.7823930"/>
 <node id="8315254414" visible="true" version="2" changeset="157777877" timestamp="2024-10-12T01:57:04Z" user="FUKUTAN" uid="5207199" lat="35.0363860" lon="126.7823760"/>
 <node id="8315254415" visible="true" version="2" changeset="157777877" timestamp="2024-10-12T01:57:04Z" user="FUKUTAN" uid="5207199" lat="35.0364231" lon="126.7823449"/>
 <node id="8315254416" visible="true" version="2" changeset="157777877" timestamp="2024-10-12T01:57:04Z" user="FUKUTAN" uid="5207199" lat="35.0366198" lon="126.7823421"/>
 <node id="8315254417" visible="true" version="2" changeset="157777877" timestamp="2024-10-12T01:57:04Z" user="FUKUTAN" uid="5207199" lat="35.0367078" lon="126.7823619"/>
 <node id="8315254418" visible="true" version="2" changeset="157777877" timestamp="2024-10-12T01:57:04Z" user="FUKUTAN" uid="5207199" lat="35.0368281" lon="126.7823619"/>
 <node id="8315254419" visible="true" version="2" changeset="157777877" timestamp="2024-10-12T01:57:04Z" user="FUKUTAN" uid="5207199" lat="35.0370040" lon="126.7823053"/>
 <node id="8315254420" visible="true" version="2" changeset="157777877" timestamp="2024-10-12T01:57:04Z" user="FUKUTAN" uid="5207199" lat="35.0373488" lon="126.7821301"/>
 <node id="8315254421" visible="true" version="2" changeset="157777877" timestamp="2024-10-12T01:57:04Z" user="FUKUTAN" uid="5207199" lat="35.0375018" lon="126.7820574"/>
 <node id="8420734070" visible="true" version="1" changeset="99219143" timestamp="2021-02-13T16:03:11Z" user="mulgist" uid="12368943" lat="35.0250380" lon="126.7896825"/>
 <node id="8420734071" visible="true" version="1" changeset="99219143" timestamp="2021-02-13T16:03:11Z" user="mulgist" uid="12368943" lat="35.0262777" lon="126.7887061"/>
 <node id="8420734072" visible="true" version="1" changeset="99219143" timestamp="2021-02-13T16:03:11Z" user="mulgist" uid="12368943" lat="35.0263545" lon="126.7889370"/>
 <node id="8422493542" visible="true" version="1" changeset="99246467" timestamp="2021-02-14T11:49:51Z" user="mulgist" uid="12368943" lat="35.0254086" lon="126.7893272"/>
 <node id="8422493563" visible="true" version="1" changeset="99246467" timestamp="2021-02-14T11:49:51Z" user="mulgist" uid="12368943" lat="35.0241742" lon="126.7867269"/>
 <node id="8422493564" visible="true" version="1" changeset="99246467" timestamp="2021-02-14T11:49:51Z" user="mulgist" uid="12368943" lat="35.0242593" lon="126.7867537"/>
 <node id="8422493565" visible="true" version="1" changeset="99246467" timestamp="2021-02-14T11:49:51Z" user="mulgist" uid="12368943" lat="35.0242358" lon="126.7868646"/>
 <node id="8422493566" visible="true" version="1" changeset="99246467" timestamp="2021-02-14T11:49:51Z" user="mulgist" uid="12368943" lat="35.0242781" lon="126.7868779"/>
 <node id="8422493567" visible="true" version="1" changeset="99246467" timestamp="2021-02-14T11:49:51Z" user="mulgist" uid="12368943" lat="35.0242580" lon="126.7869726"/>
 <node id="8422493568" visible="true" version="1" changeset="99246467" timestamp="2021-02-14T11:49:51Z" user="mulgist" uid="12368943" lat="35.0242154" lon="126.7869591"/>
 <node id="8422493569" visible="true" version="1" changeset="99246467" timestamp="2021-02-14T11:49:51Z" user="mulgist" uid="12368943" lat="35.0241645" lon="126.7871999"/>
 <node id="8422493570" visible="true" version="1" changeset="99246467" timestamp="2021-02-14T11:49:51Z" user="mulgist" uid="12368943" lat="35.0242074" lon="126.7872135"/>
 <node id="8422493571" visible="true" version="1" changeset="99246467" timestamp="2021-02-14T11:49:51Z" user="mulgist" uid="12368943" lat="35.0241890" lon="126.7873005"/>
 <node id="8422493572" visible="true" version="1" changeset="99246467" timestamp="2021-02-14T11:49:51Z" user="mulgist" uid="12368943" lat="35.0241480" lon="126.7872876"/>
 <node id="8422493573" visible="true" version="1" changeset="99246467" timestamp="2021-02-14T11:49:51Z" user="mulgist" uid="12368943" lat="35.0241246" lon="126.7873982"/>
 <node id="8422493574" visible="true" version="1" changeset="99246467" timestamp="2021-02-14T11:49:51Z" user="mulgist" uid="12368943" lat="35.0240381" lon="126.7873709"/>
 <node id="8422493575" visible="true" version="1" changeset="99246467" timestamp="2021-02-14T11:49:51Z" user="mulgist" uid="12368943" lat="35.0243323" lon="126.7859913"/>
 <node id="8422493576" visible="true" version="1" changeset="99246467" timestamp="2021-02-14T11:49:51Z" user="mulgist" uid="12368943" lat="35.0244175" lon="126.7860177"/>
 <node id="8422493577" visible="true" version="1" changeset="99246467" timestamp="2021-02-14T11:49:51Z" user="mulgist" uid="12368943" lat="35.0243944" lon="126.7861287"/>
 <node id="8422493578" visible="true" version="1" changeset="99246467" timestamp="2021-02-14T11:49:51Z" user="mulgist" uid="12368943" lat="35.0244367" lon="126.7861418"/>
 <node id="8422493579" visible="true" version="1" changeset="99246467" timestamp="2021-02-14T11:49:51Z" user="mulgist" uid="12368943" lat="35.0244170" lon="126.7862366"/>
 <node id="8422493580" visible="true" version="1" changeset="99246467" timestamp="2021-02-14T11:49:51Z" user="mulgist" uid="12368943" lat="35.0243744" lon="126.7862234"/>
 <node id="8422493581" visible="true" version="1" changeset="99246467" timestamp="2021-02-14T11:49:51Z" user="mulgist" uid="12368943" lat="35.0243243" lon="126.7864644"/>
 <node id="8422493582" visible="true" version="1" changeset="99246467" timestamp="2021-02-14T11:49:51Z" user="mulgist" uid="12368943" lat="35.0243673" lon="126.7864777"/>
 <node id="8422493583" visible="true" version="1" changeset="99246467" timestamp="2021-02-14T11:49:51Z" user="mulgist" uid="12368943" lat="35.0243492" lon="126.7865649"/>
 <node id="8422493584" visible="true" version="1" changeset="99246467" timestamp="2021-02-14T11:49:51Z" user="mulgist" uid="12368943" lat="35.0243081" lon="126.7865522"/>
 <node id="8422493585" visible="true" version="1" changeset="99246467" timestamp="2021-02-14T11:49:51Z" user="mulgist" uid="12368943" lat="35.0242851" lon="126.7866629"/>
 <node id="8422493586" visible="true" version="1" changeset="99246467" timestamp="2021-02-14T11:49:51Z" user="mulgist" uid="12368943" lat="35.0241985" lon="126.7866361"/>
 <node id="8422493587" visible="true" version="1" changeset="99246467" timestamp="2021-02-14T11:49:51Z" user="mulgist" uid="12368943" lat="35.0248187" lon="126.7863666"/>
 <node id="8422493588" visible="true" version="1" changeset="99246467" timestamp="2021-02-14T11:49:51Z" user="mulgist" uid="12368943" lat="35.0249014" lon="126.7864031"/>
 <node id="8422493589" visible="true" version="1" changeset="99246467" timestamp="2021-02-14T11:49:51Z" user="mulgist" uid="12368943" lat="35.0248694" lon="126.7865108"/>
 <node id="8422493590" visible="true" version="1" changeset="99246467" timestamp="2021-02-14T11:49:51Z" user="mulgist" uid="12368943" lat="35.0249104" lon="126.7865289"/>
 <node id="8422493591" visible="true" version="1" changeset="99246467" timestamp="2021-02-14T11:49:51Z" user="mulgist" uid="12368943" lat="35.0248832" lon="126.7866209"/>
 <node id="8422493592" visible="true" version="1" changeset="99246467" timestamp="2021-02-14T11:49:51Z" user="mulgist" uid="12368943" lat="35.0248418" lon="126.7866026"/>
 <node id="8422493593" visible="true" version="1" changeset="99246467" timestamp="2021-02-14T11:49:51Z" user="mulgist" uid="12368943" lat="35.0247725" lon="126.7868364"/>
 <node id="8422493594" visible="true" version="1" changeset="99246467" timestamp="2021-02-14T11:49:51Z" user="mulgist" uid="12368943" lat="35.0248142" lon="126.7868549"/>
 <node id="8422493595" visible="true" version="1" changeset="99246467" timestamp="2021-02-14T11:49:51Z" user="mulgist" uid="12368943" lat="35.0247891" lon="126.7869394"/>
 <node id="8422493596" visible="true" version="1" changeset="99246467" timestamp="2021-02-14T11:49:51Z" user="mulgist" uid="12368943" lat="35.0247493" lon="126.7869218"/>
 <node id="8422493597" visible="true" version="1" changeset="99246467" timestamp="2021-02-14T11:49:51Z" user="mulgist" uid="12368943" lat="35.0247175" lon="126.7870292"/>
 <node id="8422493598" visible="true" version="1" changeset="99246467" timestamp="2021-02-14T11:49:51Z" user="mulgist" uid="12368943" lat="35.0246335" lon="126.7869921"/>
 <node id="8422493611" visible="true" version="1" changeset="99246467" timestamp="2021-02-14T11:49:51Z" user="mulgist" uid="12368943" lat="35.0253370" lon="126.7868609"/>
 <node id="8422493612" visible="true" version="1" changeset="99246467" timestamp="2021-02-14T11:49:51Z" user="mulgist" uid="12368943" lat="35.0254157" lon="126.7869085"/>
 <node id="8422493613" visible="true" version="1" changeset="99246467" timestamp="2021-02-14T11:49:51Z" user="mulgist" uid="12368943" lat="35.0253741" lon="126.7870112"/>
 <node id="8422493614" visible="true" version="1" changeset="99246467" timestamp="2021-02-14T11:49:51Z" user="mulgist" uid="12368943" lat="35.0254131" lon="126.7870348"/>
 <node id="8422493615" visible="true" version="1" changeset="99246467" timestamp="2021-02-14T11:49:51Z" user="mulgist" uid="12368943" lat="35.0253776" lon="126.7871224"/>
 <node id="8422493616" visible="true" version="1" changeset="99246467" timestamp="2021-02-14T11:49:51Z" user="mulgist" uid="12368943" lat="35.0253382" lon="126.7870986"/>
 <node id="8422493617" visible="true" version="1" changeset="99246467" timestamp="2021-02-14T11:49:51Z" user="mulgist" uid="12368943" lat="35.0252477" lon="126.7873214"/>
 <node id="8422493618" visible="true" version="1" changeset="99246467" timestamp="2021-02-14T11:49:51Z" user="mulgist" uid="12368943" lat="35.0252874" lon="126.7873454"/>
 <node id="8422493619" visible="true" version="1" changeset="99246467" timestamp="2021-02-14T11:49:51Z" user="mulgist" uid="12368943" lat="35.0252547" lon="126.7874260"/>
 <node id="8422493620" visible="true" version="1" changeset="99246467" timestamp="2021-02-14T11:49:51Z" user="mulgist" uid="12368943" lat="35.0252168" lon="126.7874030"/>
 <node id="8422493621" visible="true" version="1" changeset="99246467" timestamp="2021-02-14T11:49:51Z" user="mulgist" uid="12368943" lat="35.0251752" lon="126.7875054"/>
 <node id="8422493622" visible="true" version="1" changeset="99246467" timestamp="2021-02-14T11:49:51Z" user="mulgist" uid="12368943" lat="35.0250952" lon="126.7874570"/>
 <node id="8422493667" visible="true" version="1" changeset="99246467" timestamp="2021-02-14T11:49:51Z" user="mulgist" uid="12368943" lat="35.0261344" lon="126.7874768"/>
 <node id="8422493668" visible="true" version="1" changeset="99246467" timestamp="2021-02-14T11:49:51Z" user="mulgist" uid="12368943" lat="35.0251203" lon="126.7863502"/>
 <node id="8440089600" visible="true" version="1" changeset="99630021" timestamp="2021-02-20T08:24:13Z" user="mulgist" uid="12368943" lat="35.0287613" lon="126.7829072"/>
 <node id="8440089601" visible="true" version="1" changeset="99630021" timestamp="2021-02-20T08:24:13Z" user="mulgist" uid="12368943" lat="35.0288190" lon="126.7853423"/>
 <node id="8440089602" visible="true" version="1" changeset="99630021" timestamp="2021-02-20T08:24:13Z" user="mulgist" uid="12368943" lat="35.0287410" lon="126.7854906"/>
 <node id="8440089603" visible="true" version="1" changeset="99630021" timestamp="2021-02-20T08:24:13Z" user="mulgist" uid="12368943" lat="35.0284735" lon="126.7856721"/>
 <node id="8440089604" visible="true" version="3" changeset="144334816" timestamp="2023-11-22T17:12:52Z" user="asdfqwer51" uid="3350410" lat="35.0282131" lon="126.7861587"/>
 <node id="8440089605" visible="true" version="3" changeset="144334816" timestamp="2023-11-22T17:12:52Z" user="asdfqwer51" uid="3350410" lat="35.0281284" lon="126.7861181"/>
 <node id="8440089608" visible="true" version="2" changeset="144334816" timestamp="2023-11-22T17:12:52Z" user="asdfqwer51" uid="3350410" lat="35.0300280" lon="126.7830587"/>
 <node id="8449596888" visible="true" version="1" changeset="99833188" timestamp="2021-02-23T14:03:21Z" user="mulgist" uid="12368943" lat="35.0238812" lon="126.7873050"/>
 <node id="8449596889" visible="true" version="1" changeset="99833188" timestamp="2021-02-23T14:03:21Z" user="mulgist" uid="12368943" lat="35.0239834" lon="126.7868652"/>
 <node id="8449596890" visible="true" version="1" changeset="99833188" timestamp="2021-02-23T14:03:21Z" user="mulgist" uid="12368943" lat="35.0240747" lon="126.7868750"/>
 <node id="8449596891" visible="true" version="1" changeset="99833188" timestamp="2021-02-23T14:03:21Z" user="mulgist" uid="12368943" lat="35.0239689" lon="126.7873324"/>
 <node id="8449650120" visible="true" version="1" changeset="99833188" timestamp="2021-02-23T14:03:21Z" user="mulgist" uid="12368943" lat="35.0237428" lon="126.7880423"/>
 <node id="8449650121" visible="true" version="1" changeset="99833188" timestamp="2021-02-23T14:03:21Z" user="mulgist" uid="12368943" lat="35.0238097" lon="126.7877330"/>
 <node id="8449650122" visible="true" version="1" changeset="99833188" timestamp="2021-02-23T14:03:21Z" user="mulgist" uid="12368943" lat="35.0238141" lon="126.7875553"/>
 <node id="8467256330" visible="true" version="1" changeset="100138147" timestamp="2021-02-28T14:03:49Z" user="mulgist" uid="12368943" lat="35.0262285" lon="126.7875292"/>
 <node id="8467256331" visible="true" version="1" changeset="100138147" timestamp="2021-02-28T14:03:49Z" user="mulgist" uid="12368943" lat="35.0257491" lon="126.7869763"/>
 <node id="8467256332" visible="true" version="1" changeset="100138147" timestamp="2021-02-28T14:03:49Z" user="mulgist" uid="12368943" lat="35.0252406" lon="126.7864173"/>
 <node id="8467256333" visible="true" version="1" changeset="100138147" timestamp="2021-02-28T14:03:49Z" user="mulgist" uid="12368943" lat="35.0251233" lon="126.7862998"/>
 <node id="8467256334" visible="true" version="1" changeset="100138147" timestamp="2021-02-28T14:03:49Z" user="mulgist" uid="12368943" lat="35.0249202" lon="126.7861717"/>
 <node id="8467256335" visible="true" version="1" changeset="100138147" timestamp="2021-02-28T14:03:49Z" user="mulgist" uid="12368943" lat="35.0243742" lon="126.7857733"/>
 <node id="8467256336" visible="true" version="1" changeset="100138147" timestamp="2021-02-28T14:03:49Z" user="mulgist" uid="12368943" lat="35.0243043" lon="126.7857469"/>
 <node id="8467256337" visible="true" version="1" changeset="100138147" timestamp="2021-02-28T14:03:49Z" user="mulgist" uid="12368943" lat="35.0242327" lon="126.7857855"/>
 <node id="8467256338" visible="true" version="1" changeset="100138147" timestamp="2021-02-28T14:03:49Z" user="mulgist" uid="12368943" lat="35.0241773" lon="126.7858872"/>
 <node id="8467256339" visible="true" version="1" changeset="100138147" timestamp="2021-02-28T14:03:49Z" user="mulgist" uid="12368943" lat="35.0237927" lon="126.7875640"/>
 <node id="8467256340" visible="true" version="1" changeset="100138147" timestamp="2021-02-28T14:03:49Z" user="mulgist" uid="12368943" lat="35.0237877" lon="126.7877469"/>
 <node id="8467256341" visible="true" version="1" changeset="100138147" timestamp="2021-02-28T14:03:49Z" user="mulgist" uid="12368943" lat="35.0237162" lon="126.7881519"/>
 <node id="8467256342" visible="true" version="1" changeset="100138147" timestamp="2021-02-28T14:03:49Z" user="mulgist" uid="12368943" lat="35.0266526" lon="126.7881001"/>
 <node id="8467256411" visible="true" version="1" changeset="100138147" timestamp="2021-02-28T14:03:49Z" user="mulgist" uid="12368943" lat="35.0262262" lon="126.7888798"/>
 <node id="8467256478" visible="true" version="1" changeset="100138147" timestamp="2021-02-28T14:03:49Z" user="mulgist" uid="12368943" lat="35.0270627" lon="126.7878951"/>
 <node id="8467256479" visible="true" version="1" changeset="100138147" timestamp="2021-02-28T14:03:49Z" user="mulgist" uid="12368943" lat="35.0273544" lon="126.7876115"/>
 <node id="8467256480" visible="true" version="1" changeset="100138147" timestamp="2021-02-28T14:03:49Z" user="mulgist" uid="12368943" lat="35.0276550" lon="126.7872890"/>
 <node id="8467256481" visible="true" version="1" changeset="100138147" timestamp="2021-02-28T14:03:49Z" user="mulgist" uid="12368943" lat="35.0278329" lon="126.7869899"/>
 <node id="8467256483" visible="true" version="1" changeset="100138147" timestamp="2021-02-28T14:03:49Z" user="mulgist" uid="12368943" lat="35.0275891" lon="126.7865949"/>
 <node id="8467256484" visible="true" version="1" changeset="100138147" timestamp="2021-02-28T14:03:49Z" user="mulgist" uid="12368943" lat="35.0277396" lon="126.7853444"/>
 <node id="8467256485" visible="true" version="1" changeset="100138147" timestamp="2021-02-28T14:03:49Z" user="mulgist" uid="12368943" lat="35.0279151" lon="126.7835235"/>
 <node id="8467256486" visible="true" version="1" changeset="100138147" timestamp="2021-02-28T14:03:49Z" user="mulgist" uid="12368943" lat="35.0251557" lon="126.7816629"/>
 <node id="8467256487" visible="true" version="1" changeset="100138147" timestamp="2021-02-28T14:03:49Z" user="mulgist" uid="12368943" lat="35.0250385" lon="126.7821031"/>
 <node id="8467256488" visible="true" version="1" changeset="100138147" timestamp="2021-02-28T14:03:49Z" user="mulgist" uid="12368943" lat="35.0248005" lon="126.7822683"/>
 <node id="8467256489" visible="true" version="1" changeset="100138147" timestamp="2021-02-28T14:03:49Z" user="mulgist" uid="12368943" lat="35.0250418" lon="126.7822330"/>
 <node id="8467256490" visible="true" version="1" changeset="100138147" timestamp="2021-02-28T14:03:49Z" user="mulgist" uid="12368943" lat="35.0247885" lon="126.7833787"/>
 <node id="8467256491" visible="true" version="1" changeset="100138147" timestamp="2021-02-28T14:03:49Z" user="mulgist" uid="12368943" lat="35.0247222" lon="126.7835493"/>
 <node id="8467256492" visible="true" version="1" changeset="100138147" timestamp="2021-02-28T14:03:49Z" user="mulgist" uid="12368943" lat="35.0243756" lon="126.7851794"/>
 <node id="8467256493" visible="true" version="1" changeset="100138147" timestamp="2021-02-28T14:03:49Z" user="mulgist" uid="12368943" lat="35.0243276" lon="126.7852173"/>
 <node id="8467256494" visible="true" version="1" changeset="100138147" timestamp="2021-02-28T14:03:49Z" user="mulgist" uid="12368943" lat="35.0248831" lon="126.7830264"/>
 <node id="8467256495" visible="true" version="1" changeset="100138147" timestamp="2021-02-28T14:03:49Z" user="mulgist" uid="12368943" lat="35.0263715" lon="126.7847880"/>
 <node id="8467256496" visible="true" version="1" changeset="100138147" timestamp="2021-02-28T14:03:49Z" user="mulgist" uid="12368943" lat="35.0263431" lon="126.7845245"/>
 <node id="8467256497" visible="true" version="1" changeset="100138147" timestamp="2021-02-28T14:03:49Z" user="mulgist" uid="12368943" lat="35.0262261" lon="126.7845468"/>
 <node id="8467256498" visible="true" version="1" changeset="100138147" timestamp="2021-02-28T14:03:49Z" user="mulgist" uid="12368943" lat="35.0262635" lon="126.7847999"/>
 <node id="8467256499" visible="true" version="1" changeset="100138147" timestamp="2021-02-28T14:03:49Z" user="mulgist" uid="12368943" lat="35.0244536" lon="126.7853726"/>
 <node id="8467256500" visible="true" version="1" changeset="100138147" timestamp="2021-02-28T14:03:49Z" user="mulgist" uid="12368943" lat="35.0247604" lon="126.7851635"/>
 <node id="8467256501" visible="true" version="1" changeset="100138147" timestamp="2021-02-28T14:03:49Z" user="mulgist" uid="12368943" lat="35.0251461" lon="126.7849018"/>
 <node id="8467256502" visible="true" version="1" changeset="100138147" timestamp="2021-02-28T14:03:49Z" user="mulgist" uid="12368943" lat="35.0262538" lon="126.7847345"/>
 <node id="8467256503" visible="true" version="1" changeset="100138147" timestamp="2021-02-28T14:03:49Z" user="mulgist" uid="12368943" lat="35.0259221" lon="126.7847957">
  <tag k="highway" v="crossing"/>
 </node>
 <node id="8467256504" visible="true" version="1" changeset="100138147" timestamp="2021-02-28T14:03:49Z" user="mulgist" uid="12368943" lat="35.0243997" lon="126.7848813"/>
 <node id="8467256505" visible="true" version="1" changeset="100138147" timestamp="2021-02-28T14:03:49Z" user="mulgist" uid="12368943" lat="35.0247374" lon="126.7848404"/>
 <node id="8467256506" visible="true" version="1" changeset="100138147" timestamp="2021-02-28T14:03:49Z" user="mulgist" uid="12368943" lat="35.0251373" lon="126.7848061"/>
 <node id="8467256507" visible="true" version="1" changeset="100138147" timestamp="2021-02-28T14:03:49Z" user="mulgist" uid="12368943" lat="35.0258947" lon="126.7846905"/>
 <node id="8467256508" visible="true" version="1" changeset="100138147" timestamp="2021-02-28T14:03:49Z" user="mulgist" uid="12368943" lat="35.0262388" lon="126.7846325"/>
 <node id="8467256509" visible="true" version="1" changeset="100138147" timestamp="2021-02-28T14:03:49Z" user="mulgist" uid="12368943" lat="35.0250901" lon="126.7832720"/>
 <node id="8467256510" visible="true" version="1" changeset="100138147" timestamp="2021-02-28T14:03:49Z" user="mulgist" uid="12368943" lat="35.0254878" lon="126.7838127"/>
 <node id="8467256511" visible="true" version="1" changeset="100138147" timestamp="2021-02-28T14:03:49Z" user="mulgist" uid="12368943" lat="35.0253366" lon="126.7838663"/>
 <node id="8467256512" visible="true" version="1" changeset="100138147" timestamp="2021-02-28T14:03:49Z" user="mulgist" uid="12368943" lat="35.0251627" lon="126.7839227"/>
 <node id="8467256513" visible="true" version="1" changeset="100138147" timestamp="2021-02-28T14:03:49Z" user="mulgist" uid="12368943" lat="35.0262239" lon="126.7835382"/>
 <node id="8467256514" visible="true" version="1" changeset="100138147" timestamp="2021-02-28T14:03:49Z" user="mulgist" uid="12368943" lat="35.0269050" lon="126.7829511"/>
 <node id="8467256515" visible="true" version="1" changeset="100138147" timestamp="2021-02-28T14:03:49Z" user="mulgist" uid="12368943" lat="35.0270364" lon="126.7856566"/>
 <node id="8467256516" visible="true" version="1" changeset="100138147" timestamp="2021-02-28T14:03:49Z" user="mulgist" uid="12368943" lat="35.0269750" lon="126.7855945"/>
 <node id="8467256517" visible="true" version="1" changeset="100138147" timestamp="2021-02-28T14:03:49Z" user="mulgist" uid="12368943" lat="35.0269573" lon="126.7855637"/>
 <node id="8467256518" visible="true" version="1" changeset="100138147" timestamp="2021-02-28T14:03:49Z" user="mulgist" uid="12368943" lat="35.0269044" lon="126.7849382"/>
 <node id="8467256519" visible="true" version="1" changeset="100138147" timestamp="2021-02-28T14:03:49Z" user="mulgist" uid="12368943" lat="35.0269460" lon="126.7849044"/>
 <node id="8467256520" visible="true" version="1" changeset="100138147" timestamp="2021-02-28T14:03:49Z" user="mulgist" uid="12368943" lat="35.0270737" lon="126.7848913"/>
 <node id="8467256521" visible="true" version="1" changeset="100138147" timestamp="2021-02-28T14:03:49Z" user="mulgist" uid="12368943" lat="35.0269868" lon="126.7830631">
  <tag k="crossing" v="marked"/>
  <tag k="highway" v="crossing"/>
 </node>
 <node id="8467256522" visible="true" version="1" changeset="100138147" timestamp="2021-02-28T14:03:49Z" user="mulgist" uid="12368943" lat="35.0279116" lon="126.7834008"/>
 <node id="8467256523" visible="true" version="1" changeset="100138147" timestamp="2021-02-28T14:03:49Z" user="mulgist" uid="12368943" lat="35.0274228" lon="126.7846887"/>
 <node id="8467256524" visible="true" version="1" changeset="100138147" timestamp="2021-02-28T14:03:49Z" user="mulgist" uid="12368943" lat="35.0273838" lon="126.7847099"/>
 <node id="8467256525" visible="true" version="1" changeset="100138147" timestamp="2021-02-28T14:03:49Z" user="mulgist" uid="12368943" lat="35.0272954" lon="126.7847238"/>
 <node id="8467256526" visible="true" version="1" changeset="100138147" timestamp="2021-02-28T14:03:49Z" user="mulgist" uid="12368943" lat="35.0273030" lon="126.7848292"/>
 <node id="8467256527" visible="true" version="1" changeset="100138147" timestamp="2021-02-28T14:03:49Z" user="mulgist" uid="12368943" lat="35.0274951" lon="126.7854168"/>
 <node id="8467256528" visible="true" version="1" changeset="100138147" timestamp="2021-02-28T14:03:49Z" user="mulgist" uid="12368943" lat="35.0272563" lon="126.7840622"/>
 <node id="8515603897" visible="true" version="1" changeset="100975184" timestamp="2021-03-14T01:47:50Z" user="LuxuryCoop_Import" uid="12611025" lat="35.0247593" lon="126.7787505">
  <tag k="addr:housenumber" v="12-20"/>
  <tag k="addr:street" v="석전2길"/>
  <tag k="amenity" v="restaurant"/>
  <tag k="capacity" v="16"/>
  <tag k="internet_access" v="wlan"/>
  <tag k="name" v="통큰짜장"/>
  <tag k="phone" v="+82 61 333 3379"/>
  <tag k="reservation" v="yes"/>
  <tag k="source" v="공공데이터포털"/>
  <tag k="source:date" v="2020-11-23 13:00"/>
  <tag k="takeaway" v="yes"/>
 </node>
 <node id="8515703310" visible="true" version="1" changeset="100975184" timestamp="2021-03-14T01:47:20Z" user="LuxuryCoop_Import" uid="12611025" lat="35.0247674" lon="126.7791151">
  <tag k="addr:housenumber" v="12-4"/>
  <tag k="addr:street" v="석전2길"/>
  <tag k="amenity" v="restaurant"/>
  <tag k="internet_access" v="wlan"/>
  <tag k="name" v="왕건이갈비탕찜"/>
  <tag k="reservation" v="yes"/>
  <tag k="source" v="공공데이터포털"/>
  <tag k="source:date" v="2020-11-17 18:22"/>
  <tag k="takeaway" v="yes"/>
 </node>
 <node id="8515703313" visible="true" version="1" changeset="100975184" timestamp="2021-03-14T01:47:20Z" user="LuxuryCoop_Import" uid="12611025" lat="35.0247350" lon="126.7817540">
  <tag k="addr:housenumber" v="10"/>
  <tag k="addr:street" v="우정로"/>
  <tag k="amenity" v="restaurant"/>
  <tag k="cuisine" v="korean"/>
  <tag k="internet_access" v="wlan"/>
  <tag k="name" v="미강"/>
  <tag k="reservation" v="yes"/>
  <tag k="source" v="공공데이터포털"/>
  <tag k="source:date" v="2020-11-18 10:10"/>
  <tag k="takeaway" v="yes"/>
 </node>
 <node id="8515709566" visible="true" version="1" changeset="100975184" timestamp="2021-03-14T01:47:51Z" user="LuxuryCoop_Import" uid="12611025" lat="35.0246922" lon="126.7819223">
  <tag k="addr:housenumber" v="10"/>
  <tag k="addr:street" v="우정로"/>
  <tag k="amenity" v="restaurant"/>
  <tag k="cuisine" v="korean"/>
  <tag k="internet_access" v="wlan"/>
  <tag k="name" v="청원모밀나주혁신점"/>
  <tag k="phone" v="+82 61 336 1001"/>
  <tag k="reservation" v="yes"/>
  <tag k="source" v="공공데이터포털"/>
  <tag k="source:date" v="2020-11-17 13:24"/>
  <tag k="takeaway" v="yes"/>
 </node>
 <node id="8515709584" visible="true" version="1" changeset="100975184" timestamp="2021-03-14T01:47:51Z" user="LuxuryCoop_Import" uid="12611025" lat="35.0247570" lon="126.7791506">
  <tag k="addr:housenumber" v="12-4"/>
  <tag k="addr:street" v="석전2길"/>
  <tag k="amenity" v="restaurant"/>
  <tag k="capacity" v="16"/>
  <tag k="cuisine" v="korean"/>
  <tag k="internet_access" v="wlan"/>
  <tag k="name" v="전주현대옥나주혁신도시점"/>
  <tag k="phone" v="+82 61 333 9885"/>
  <tag k="reservation" v="yes"/>
  <tag k="source" v="공공데이터포털"/>
  <tag k="source:date" v="2020-11-19 14:27"/>
  <tag k="takeaway" v="yes"/>
 </node>
 <node id="8515709606" visible="true" version="1" changeset="100975184" timestamp="2021-03-14T01:47:51Z" user="LuxuryCoop_Import" uid="12611025" lat="35.0247229" lon="126.7818197">
  <tag k="addr:housenumber" v="10"/>
  <tag k="addr:street" v="우정로"/>
  <tag k="amenity" v="restaurant"/>
  <tag k="capacity" v="48"/>
  <tag k="internet_access" v="wlan"/>
  <tag k="name" v="큰집나주곰탕"/>
  <tag k="phone" v="+82 61 333 8892"/>
  <tag k="reservation" v="yes"/>
  <tag k="source" v="공공데이터포털"/>
  <tag k="source:date" v="2020-11-18 9:52"/>
  <tag k="takeaway" v="yes"/>
 </node>
 <node id="8515709913" visible="true" version="2" changeset="185405421" timestamp="2026-07-09T12:40:48Z" user="samdasooooooo" uid="14457606" lat="35.0250474" lon="126.7797140">
  <tag k="addr:housenumber" v="39"/>
  <tag k="addr:street" v="한빛로"/>
  <tag k="internet_access" v="wlan"/>
  <tag k="name" v="자주온마켓"/>
  <tag k="phone" v="+82 61 332 2221"/>
  <tag k="shop" v="supermarket"/>
  <tag k="source" v="공공데이터포털"/>
  <tag k="source:date" v="2020-11-17 15:10"/>
 </node>
 <node id="8515711825" visible="true" version="1" changeset="100975184" timestamp="2021-03-14T01:47:50Z" user="LuxuryCoop_Import" uid="12611025" lat="35.0247136" lon="126.7818814">
  <tag k="addr:housenumber" v="10"/>
  <tag k="addr:street" v="우정로"/>
  <tag k="amenity" v="restaurant"/>
  <tag k="cuisine" v="fish"/>
  <tag k="internet_access" v="wlan"/>
  <tag k="name" v="통영활어회센타"/>
  <tag k="reservation" v="yes"/>
  <tag k="source" v="공공데이터포털"/>
  <tag k="source:date" v="2020-11-17 18:34"/>
  <tag k="takeaway" v="yes"/>
 </node>
 <node id="8515711837" visible="true" version="1" changeset="100975184" timestamp="2021-03-14T01:47:50Z" user="LuxuryCoop_Import" uid="12611025" lat="35.0247987" lon="126.7791285">
  <tag k="addr:door" v="104"/>
  <tag k="addr:housenumber" v="12-4"/>
  <tag k="addr:street" v="석전2길"/>
  <tag k="amenity" v="restaurant"/>
  <tag k="cuisine" v="korean"/>
  <tag k="internet_access" v="wlan"/>
  <tag k="name" v="밥이랑면이랑"/>
  <tag k="reservation" v="yes"/>
  <tag k="source" v="공공데이터포털"/>
  <tag k="source:date" v="2020-11-17 18:26"/>
  <tag k="takeaway" v="yes"/>
 </node>
 <node id="9355272318" visible="true" version="3" changeset="185365357" timestamp="2026-07-08T19:50:49Z" user="samdasooooooo" uid="14457606" lat="35.0240580" lon="126.7864644">
  <tag k="bench" v="yes"/>
  <tag k="bus" v="yes"/>
  <tag k="highway" v="bus_stop"/>
  <tag k="name" v="중흥S클래스센트럴1차"/>
  <tag k="name:en" v="Jungheung S Class Central Apartment Complex 1"/>
  <tag k="operator" v="나주시"/>
  <tag k="public_transport" v="platform"/>
  <tag k="ref" v="2847"/>
  <tag k="shelter" v="yes"/>
 </node>
 <node id="9355272334" visible="true" version="3" changeset="144334816" timestamp="2023-11-22T17:12:52Z" user="asdfqwer51" uid="3350410" lat="35.0303506" lon="126.7834996">
  <tag k="bus" v="yes"/>
  <tag k="departures_board" v="realtime"/>
  <tag k="highway" v="bus_stop"/>
  <tag k="name" v="유전저수지"/>
  <tag k="name:en" v="Yujeon Reservoir"/>
  <tag k="operator" v="나주시"/>
  <tag k="public_transport" v="platform"/>
  <tag k="ref" v="2852"/>
  <tag k="shelter" v="yes"/>
 </node>
 <node id="9355272337" visible="true" version="4" changeset="185365357" timestamp="2026-07-08T19:52:29Z" user="samdasooooooo" uid="14457606" lat="35.0273616" lon="126.7806160">
  <tag k="bench" v="yes"/>
  <tag k="bus" v="yes"/>
  <tag k="departures_board" v="realtime"/>
  <tag k="highway" v="bus_stop"/>
  <tag k="name" v="우미린아파트(동)"/>
  <tag k="name:en" v="Woomi Lynn Apartments (East)"/>
  <tag k="operator" v="나주시"/>
  <tag k="public_transport" v="platform"/>
  <tag k="ref" v="2859"/>
  <tag k="shelter" v="yes"/>
 </node>
 <node id="9355272384" visible="true" version="3" changeset="144397454" timestamp="2023-11-24T08:19:48Z" user="asdfqwer51" uid="3350410" lat="35.0245900" lon="126.7854693">
  <tag k="bus" v="yes"/>
  <tag k="departures_board" v="realtime"/>
  <tag k="highway" v="bus_stop"/>
  <tag k="name" v="한전정문"/>
  <tag k="name:en" v="Korea Electric Power Corporation Main Entrance"/>
  <tag k="operator" v="나주시"/>
  <tag k="public_transport" v="platform"/>
  <tag k="ref" v="2863"/>
  <tag k="shelter" v="no"/>
 </node>
 <node id="9905228798" visible="true" version="1" changeset="123960556" timestamp="2022-07-23T03:06:23Z" user="FUKUTAN" uid="5207199" lat="35.0263865" lon="126.7866751"/>
 <node id="9905228799" visible="true" version="1" changeset="123960556" timestamp="2022-07-23T03:06:23Z" user="FUKUTAN" uid="5207199" lat="35.0262326" lon="126.7868754"/>
 <node id="9905228800" visible="true" version="1" changeset="123960556" timestamp="2022-07-23T03:06:23Z" user="FUKUTAN" uid="5207199" lat="35.0262251" lon="126.7869431"/>
 <node id="9905228801" visible="true" version="1" changeset="123960556" timestamp="2022-07-23T03:06:23Z" user="FUKUTAN" uid="5207199" lat="35.0262397" lon="126.7869950"/>
 <node id="9905228802" visible="true" version="2" changeset="144334816" timestamp="2023-11-22T17:12:52Z" user="asdfqwer51" uid="3350410" lat="35.0271773" lon="126.7881534"/>
 <node id="9905228803" visible="true" version="2" changeset="144334816" timestamp="2023-11-22T17:12:52Z" user="asdfqwer51" uid="3350410" lat="35.0285638" lon="126.7864582"/>
 <node id="9905228805" visible="true" version="2" changeset="144334816" timestamp="2023-11-22T17:12:52Z" user="asdfqwer51" uid="3350410" lat="35.0301566" lon="126.7853819"/>
 <node id="9905228806" visible="true" version="2" changeset="144334816" timestamp="2023-11-22T17:12:52Z" user="asdfqwer51" uid="3350410" lat="35.0301416" lon="126.7852045"/>
 <node id="9905228807" visible="true" version="2" changeset="144334816" timestamp="2023-11-22T17:12:52Z" user="asdfqwer51" uid="3350410" lat="35.0304167" lon="126.7843607"/>
 <node id="9905228809" visible="true" version="2" changeset="144334816" timestamp="2023-11-22T17:12:52Z" user="asdfqwer51" uid="3350410" lat="35.0303479" lon="126.7838212"/>
 <node id="9905228810" visible="true" version="2" changeset="144334816" timestamp="2023-11-22T17:12:52Z" user="asdfqwer51" uid="3350410" lat="35.0303346" lon="126.7834356"/>
 <node id="9905228811" visible="true" version="2" changeset="144334816" timestamp="2023-11-22T17:12:52Z" user="asdfqwer51" uid="3350410" lat="35.0303303" lon="126.7832477"/>
 <node id="9905228812" visible="true" version="2" changeset="144334816" timestamp="2023-11-22T17:12:52Z" user="asdfqwer51" uid="3350410" lat="35.0302914" lon="126.7829912"/>
 <node id="9905228813" visible="true" version="2" changeset="144334816" timestamp="2023-11-22T17:12:52Z" user="asdfqwer51" uid="3350410" lat="35.0301893" lon="126.7826131"/>
 <node id="9905228814" visible="true" version="1" changeset="123960556" timestamp="2022-07-23T03:06:23Z" user="FUKUTAN" uid="5207199" lat="35.0301508" lon="126.7823955"/>
 <node id="9905228815" visible="true" version="1" changeset="123960556" timestamp="2022-07-23T03:06:23Z" user="FUKUTAN" uid="5207199" lat="35.0299969" lon="126.7821028"/>
 <node id="9905228816" visible="true" version="1" changeset="123960556" timestamp="2022-07-23T03:06:23Z" user="FUKUTAN" uid="5207199" lat="35.0297497" lon="126.7817947"/>
 <node id="9905228817" visible="true" version="1" changeset="123960556" timestamp="2022-07-23T03:06:23Z" user="FUKUTAN" uid="5207199" lat="35.0295377" lon="126.7816222"/>
 <node id="9905228818" visible="true" version="1" changeset="123960556" timestamp="2022-07-23T03:06:23Z" user="FUKUTAN" uid="5207199" lat="35.0293359" lon="126.7815236"/>
 <node id="9905228819" visible="true" version="1" changeset="123960556" timestamp="2022-07-23T03:06:23Z" user="FUKUTAN" uid="5207199" lat="35.0288767" lon="126.7813695"/>
 <node id="9905228820" visible="true" version="1" changeset="123960556" timestamp="2022-07-23T03:06:23Z" user="FUKUTAN" uid="5207199" lat="35.0283676" lon="126.7812511"/>
 <node id="9905228821" visible="true" version="1" changeset="123960556" timestamp="2022-07-23T03:06:23Z" user="FUKUTAN" uid="5207199" lat="35.0283096" lon="126.7815069"/>
 <node id="9905228822" visible="true" version="1" changeset="123960556" timestamp="2022-07-23T03:06:23Z" user="FUKUTAN" uid="5207199" lat="35.0283600" lon="126.7816732"/>
 <node id="9905228823" visible="true" version="1" changeset="123960556" timestamp="2022-07-23T03:06:23Z" user="FUKUTAN" uid="5207199" lat="35.0283424" lon="126.7818920"/>
 <node id="9905228824" visible="true" version="1" changeset="123960556" timestamp="2022-07-23T03:06:23Z" user="FUKUTAN" uid="5207199" lat="35.0282087" lon="126.7824558"/>
 <node id="9905228825" visible="true" version="1" changeset="123960556" timestamp="2022-07-23T03:06:23Z" user="FUKUTAN" uid="5207199" lat="35.0277140" lon="126.7858697"/>
 <node id="9905228826" visible="true" version="1" changeset="123960556" timestamp="2022-07-23T03:06:23Z" user="FUKUTAN" uid="5207199" lat="35.0274725" lon="126.7861824"/>
 <node id="9905228827" visible="true" version="1" changeset="123960556" timestamp="2022-07-23T03:06:23Z" user="FUKUTAN" uid="5207199" lat="35.0273690" lon="126.7866374"/>
 <node id="9905228828" visible="true" version="1" changeset="123960556" timestamp="2022-07-23T03:06:23Z" user="FUKUTAN" uid="5207199" lat="35.0273067" lon="126.7867358"/>
 <node id="9905228829" visible="true" version="1" changeset="123960556" timestamp="2022-07-23T03:06:23Z" user="FUKUTAN" uid="5207199" lat="35.0268562" lon="126.7868642"/>
 <node id="9905228830" visible="true" version="1" changeset="123960556" timestamp="2022-07-23T03:06:23Z" user="FUKUTAN" uid="5207199" lat="35.0266278" lon="126.7868203"/>
 <node id="9905228831" visible="true" version="1" changeset="123960556" timestamp="2022-07-23T03:06:23Z" user="FUKUTAN" uid="5207199" lat="35.0265992" lon="126.7868123"/>
 <node id="9905228832" visible="true" version="1" changeset="123960556" timestamp="2022-07-23T03:06:23Z" user="FUKUTAN" uid="5207199" lat="35.0274207" lon="126.7870975"/>
 <node id="9905228833" visible="true" version="1" changeset="123960556" timestamp="2022-07-23T03:06:23Z" user="FUKUTAN" uid="5207199" lat="35.0270380" lon="126.7868429"/>
 <node id="9905228834" visible="true" version="1" changeset="123960556" timestamp="2022-07-23T03:06:23Z" user="FUKUTAN" uid="5207199" lat="35.0271719" lon="126.7868078"/>
 <node id="9905228835" visible="true" version="1" changeset="123960556" timestamp="2022-07-23T03:06:23Z" user="FUKUTAN" uid="5207199" lat="35.0276054" lon="126.7868055"/>
 <node id="9905228836" visible="true" version="1" changeset="123960556" timestamp="2022-07-23T03:06:23Z" user="FUKUTAN" uid="5207199" lat="35.0272768" lon="126.7867571"/>
 <node id="9905228837" visible="true" version="1" changeset="123960556" timestamp="2022-07-23T03:06:23Z" user="FUKUTAN" uid="5207199" lat="35.0276282" lon="126.7867286"/>
 <node id="9905228838" visible="true" version="1" changeset="123960556" timestamp="2022-07-23T03:06:23Z" user="FUKUTAN" uid="5207199" lat="35.0274351" lon="126.7864225"/>
 <node id="9905228839" visible="true" version="1" changeset="123960556" timestamp="2022-07-23T03:06:23Z" user="FUKUTAN" uid="5207199" lat="35.0276592" lon="126.7866009"/>
 <node id="9905228840" visible="true" version="1" changeset="123960556" timestamp="2022-07-23T03:06:23Z" user="FUKUTAN" uid="5207199" lat="35.0276687" lon="126.7864746"/>
 <node id="9905228841" visible="true" version="1" changeset="123960556" timestamp="2022-07-23T03:06:23Z" user="FUKUTAN" uid="5207199" lat="35.0274287" lon="126.7857503"/>
 <node id="9909142489" visible="true" version="4" changeset="171918484" timestamp="2025-09-14T13:39:45Z" user="FUKUTAN" uid="5207199" lat="35.0307107" lon="126.7849463">
  <tag k="highway" v="traffic_signals"/>
  <tag k="traffic_signals" v="signal"/>
 </node>
 <node id="9909142490" visible="true" version="3" changeset="171918484" timestamp="2025-09-14T13:39:45Z" user="FUKUTAN" uid="5207199" lat="35.0313748" lon="126.7848069"/>
 <node id="9909142491" visible="true" version="3" changeset="171918484" timestamp="2025-09-14T13:39:45Z" user="FUKUTAN" uid="5207199" lat="35.0314797" lon="126.7846422"/>
 <node id="9909142492" visible="true" version="3" changeset="171918484" timestamp="2025-09-14T13:39:45Z" user="FUKUTAN" uid="5207199" lat="35.0315612" lon="126.7845385"/>
 <node id="9909142493" visible="true" version="3" changeset="171918484" timestamp="2025-09-14T13:39:45Z" user="FUKUTAN" uid="5207199" lat="35.0317526" lon="126.7844816"/>
 <node id="9909142494" visible="true" version="3" changeset="171918484" timestamp="2025-09-14T13:39:45Z" user="FUKUTAN" uid="5207199" lat="35.0318841" lon="126.7843495"/>
 <node id="9909142495" visible="true" version="3" changeset="171918484" timestamp="2025-09-14T13:39:45Z" user="FUKUTAN" uid="5207199" lat="35.0322953" lon="126.7842601"/>
 <node id="9909142496" visible="true" version="3" changeset="171918484" timestamp="2025-09-14T13:39:45Z" user="FUKUTAN" uid="5207199" lat="35.0325083" lon="126.7848333"/>
 <node id="9909142497" visible="true" version="3" changeset="171918484" timestamp="2025-09-14T13:39:45Z" user="FUKUTAN" uid="5207199" lat="35.0325116" lon="126.7849004"/>
 <node id="9909142498" visible="true" version="3" changeset="171918484" timestamp="2025-09-14T13:39:45Z" user="FUKUTAN" uid="5207199" lat="35.0324084" lon="126.7852053"/>
 <node id="9909142499" visible="true" version="3" changeset="171918484" timestamp="2025-09-14T13:39:45Z" user="FUKUTAN" uid="5207199" lat="35.0323402" lon="126.7852175"/>
 <node id="9909142500" visible="true" version="3" changeset="171918484" timestamp="2025-09-14T13:39:45Z" user="FUKUTAN" uid="5207199" lat="35.0322270" lon="126.7853598"/>
 <node id="9909142501" visible="true" version="3" changeset="171918484" timestamp="2025-09-14T13:39:45Z" user="FUKUTAN" uid="5207199" lat="35.0321688" lon="126.7853882"/>
 <node id="9909142502" visible="true" version="1" changeset="124040733" timestamp="2022-07-25T08:53:04Z" user="FUKUTAN" uid="5207199" lat="35.0290965" lon="126.7813592"/>
 <node id="9909142503" visible="true" version="1" changeset="124040733" timestamp="2022-07-25T08:53:04Z" user="FUKUTAN" uid="5207199" lat="35.0257954" lon="126.7739060"/>
 <node id="9909142504" visible="true" version="1" changeset="124040733" timestamp="2022-07-25T08:53:04Z" user="FUKUTAN" uid="5207199" lat="35.0258283" lon="126.7741072"/>
 <node id="9909142505" visible="true" version="1" changeset="124040733" timestamp="2022-07-25T08:53:04Z" user="FUKUTAN" uid="5207199" lat="35.0258016" lon="126.7743133"/>
 <node id="9909142506" visible="true" version="1" changeset="124040733" timestamp="2022-07-25T08:53:04Z" user="FUKUTAN" uid="5207199" lat="35.0257390" lon="126.7745278"/>
 <node id="9909142507" visible="true" version="1" changeset="124040733" timestamp="2022-07-25T08:53:04Z" user="FUKUTAN" uid="5207199" lat="35.0256940" lon="126.7746466"/>
 <node id="9909142508" visible="true" version="1" changeset="124040733" timestamp="2022-07-25T08:53:04Z" user="FUKUTAN" uid="5207199" lat="35.0254906" lon="126.7750989"/>
 <node id="9909142509" visible="true" version="1" changeset="124040733" timestamp="2022-07-25T08:53:04Z" user="FUKUTAN" uid="5207199" lat="35.0251991" lon="126.7754021"/>
 <node id="9909142510" visible="true" version="1" changeset="124040733" timestamp="2022-07-25T08:53:04Z" user="FUKUTAN" uid="5207199" lat="35.0252577" lon="126.7754363"/>
 <node id="9909142511" visible="true" version="1" changeset="124040733" timestamp="2022-07-25T08:53:04Z" user="FUKUTAN" uid="5207199" lat="35.0252196" lon="126.7755958"/>
 <node id="9909142512" visible="true" version="1" changeset="124040733" timestamp="2022-07-25T08:53:04Z" user="FUKUTAN" uid="5207199" lat="35.0252120" lon="126.7757466"/>
 <node id="9909142513" visible="true" version="1" changeset="124040733" timestamp="2022-07-25T08:53:04Z" user="FUKUTAN" uid="5207199" lat="35.0256644" lon="126.7759340"/>
 <node id="9909142514" visible="true" version="1" changeset="124040733" timestamp="2022-07-25T08:53:04Z" user="FUKUTAN" uid="5207199" lat="35.0256922" lon="126.7757424"/>
 <node id="9909142515" visible="true" version="1" changeset="124040733" timestamp="2022-07-25T08:53:04Z" user="FUKUTAN" uid="5207199" lat="35.0258668" lon="126.7754893"/>
 <node id="9909142516" visible="true" version="1" changeset="124040733" timestamp="2022-07-25T08:53:04Z" user="FUKUTAN" uid="5207199" lat="35.0260207" lon="126.7751720"/>
 <node id="9909151117" visible="true" version="1" changeset="124040733" timestamp="2022-07-25T08:53:04Z" user="FUKUTAN" uid="5207199" lat="35.0261685" lon="126.7750625"/>
 <node id="9909151118" visible="true" version="1" changeset="124040733" timestamp="2022-07-25T08:53:04Z" user="FUKUTAN" uid="5207199" lat="35.0263340" lon="126.7748473"/>
 <node id="9909151119" visible="true" version="1" changeset="124040733" timestamp="2022-07-25T08:53:04Z" user="FUKUTAN" uid="5207199" lat="35.0264231" lon="126.7745667"/>
 <node id="9909151120" visible="true" version="1" changeset="124040733" timestamp="2022-07-25T08:53:04Z" user="FUKUTAN" uid="5207199" lat="35.0264753" lon="126.7741924"/>
 <node id="9909151121" visible="true" version="1" changeset="124040733" timestamp="2022-07-25T08:53:04Z" user="FUKUTAN" uid="5207199" lat="35.0263448" lon="126.7738000"/>
 <node id="9909151122" visible="true" version="1" changeset="124040733" timestamp="2022-07-25T08:53:04Z" user="FUKUTAN" uid="5207199" lat="35.0262961" lon="126.7737939"/>
 <node id="9909151123" visible="true" version="1" changeset="124040733" timestamp="2022-07-25T08:53:04Z" user="FUKUTAN" uid="5207199" lat="35.0259084" lon="126.7735935"/>
 <node id="9909151124" visible="true" version="1" changeset="124040733" timestamp="2022-07-25T08:53:04Z" user="FUKUTAN" uid="5207199" lat="35.0255380" lon="126.7734910"/>
 <node id="9909151125" visible="true" version="1" changeset="124040733" timestamp="2022-07-25T08:53:04Z" user="FUKUTAN" uid="5207199" lat="35.0254387" lon="126.7733745"/>
 <node id="9909151126" visible="true" version="1" changeset="124040733" timestamp="2022-07-25T08:53:04Z" user="FUKUTAN" uid="5207199" lat="35.0252088" lon="126.7733285"/>
 <node id="9909151127" visible="true" version="1" changeset="124040733" timestamp="2022-07-25T08:53:04Z" user="FUKUTAN" uid="5207199" lat="35.0251341" lon="126.7733765"/>
 <node id="9909151128" visible="true" version="1" changeset="124040733" timestamp="2022-07-25T08:53:04Z" user="FUKUTAN" uid="5207199" lat="35.0266235" lon="126.7754170"/>
 <node id="9909151129" visible="true" version="1" changeset="124040733" timestamp="2022-07-25T08:53:04Z" user="FUKUTAN" uid="5207199" lat="35.0265586" lon="126.7754164"/>
 <node id="9909151130" visible="true" version="1" changeset="124040733" timestamp="2022-07-25T08:53:04Z" user="FUKUTAN" uid="5207199" lat="35.0265224" lon="126.7754110"/>
 <node id="9909151131" visible="true" version="1" changeset="124040733" timestamp="2022-07-25T08:53:04Z" user="FUKUTAN" uid="5207199" lat="35.0264775" lon="126.7753810"/>
 <node id="9909151132" visible="true" version="1" changeset="124040733" timestamp="2022-07-25T08:53:04Z" user="FUKUTAN" uid="5207199" lat="35.0264166" lon="126.7753367"/>
 <node id="9909151133" visible="true" version="1" changeset="124040733" timestamp="2022-07-25T08:53:04Z" user="FUKUTAN" uid="5207199" lat="35.0263427" lon="126.7753084"/>
 <node id="9909151134" visible="true" version="1" changeset="124040733" timestamp="2022-07-25T08:53:04Z" user="FUKUTAN" uid="5207199" lat="35.0262645" lon="126.7752942"/>
 <node id="9909151135" visible="true" version="1" changeset="124040733" timestamp="2022-07-25T08:53:04Z" user="FUKUTAN" uid="5207199" lat="35.0262123" lon="126.7752712"/>
 <node id="9909151136" visible="true" version="1" changeset="124040733" timestamp="2022-07-25T08:53:04Z" user="FUKUTAN" uid="5207199" lat="35.0261659" lon="126.7752447"/>
 <node id="9909151137" visible="true" version="1" changeset="124040733" timestamp="2022-07-25T08:53:04Z" user="FUKUTAN" uid="5207199" lat="35.0260683" lon="126.7751386"/>
 <node id="9909151138" visible="true" version="1" changeset="124040733" timestamp="2022-07-25T08:53:04Z" user="FUKUTAN" uid="5207199" lat="35.0259993" lon="126.7750518"/>
 <node id="9909151139" visible="true" version="1" changeset="124040733" timestamp="2022-07-25T08:53:04Z" user="FUKUTAN" uid="5207199" lat="35.0259739" lon="126.7750226"/>
 <node id="9909151140" visible="true" version="1" changeset="124040733" timestamp="2022-07-25T08:53:04Z" user="FUKUTAN" uid="5207199" lat="35.0259526" lon="126.7750058"/>
 <node id="9909151141" visible="true" version="1" changeset="124040733" timestamp="2022-07-25T08:53:04Z" user="FUKUTAN" uid="5207199" lat="35.0259344" lon="126.7749987"/>
 <node id="9909151142" visible="true" version="1" changeset="124040733" timestamp="2022-07-25T08:53:04Z" user="FUKUTAN" uid="5207199" lat="35.0259062" lon="126.7749925"/>
 <node id="9909151143" visible="true" version="1" changeset="124040733" timestamp="2022-07-25T08:53:04Z" user="FUKUTAN" uid="5207199" lat="35.0258728" lon="126.7749925"/>
 <node id="9909151144" visible="true" version="1" changeset="124040733" timestamp="2022-07-25T08:53:04Z" user="FUKUTAN" uid="5207199" lat="35.0258069" lon="126.7749925"/>
 <node id="9909151145" visible="true" version="1" changeset="124040733" timestamp="2022-07-25T08:53:04Z" user="FUKUTAN" uid="5207199" lat="35.0257678" lon="126.7749916"/>
 <node id="9909151146" visible="true" version="1" changeset="124040733" timestamp="2022-07-25T08:53:04Z" user="FUKUTAN" uid="5207199" lat="35.0257316" lon="126.7749837"/>
 <node id="9909151147" visible="true" version="1" changeset="124040733" timestamp="2022-07-25T08:53:04Z" user="FUKUTAN" uid="5207199" lat="35.0256874" lon="126.7749545"/>
 <node id="9909151148" visible="true" version="1" changeset="124040733" timestamp="2022-07-25T08:53:04Z" user="FUKUTAN" uid="5207199" lat="35.0256446" lon="126.7749032"/>
 <node id="9909151149" visible="true" version="1" changeset="124040733" timestamp="2022-07-25T08:53:04Z" user="FUKUTAN" uid="5207199" lat="35.0256207" lon="126.7748527"/>
 <node id="9909151150" visible="true" version="1" changeset="124040733" timestamp="2022-07-25T08:53:04Z" user="FUKUTAN" uid="5207199" lat="35.0255903" lon="126.7747811"/>
 <node id="9909151151" visible="true" version="1" changeset="124040733" timestamp="2022-07-25T08:53:04Z" user="FUKUTAN" uid="5207199" lat="35.0255497" lon="126.7747191"/>
 <node id="9909151152" visible="true" version="1" changeset="124040733" timestamp="2022-07-25T08:53:04Z" user="FUKUTAN" uid="5207199" lat="35.0255164" lon="126.7746873"/>
 <node id="9909151153" visible="true" version="1" changeset="124040733" timestamp="2022-07-25T08:53:04Z" user="FUKUTAN" uid="5207199" lat="35.0254635" lon="126.7746528"/>
 <node id="9909151154" visible="true" version="1" changeset="124040733" timestamp="2022-07-25T08:53:04Z" user="FUKUTAN" uid="5207199" lat="35.0254164" lon="126.7746342"/>
 <node id="9909151155" visible="true" version="1" changeset="124040733" timestamp="2022-07-25T08:53:04Z" user="FUKUTAN" uid="5207199" lat="35.0253881" lon="126.7746271"/>
 <node id="9909151156" visible="true" version="1" changeset="124040733" timestamp="2022-07-25T08:53:04Z" user="FUKUTAN" uid="5207199" lat="35.0253541" lon="126.7746253"/>
 <node id="9909151157" visible="true" version="1" changeset="124040733" timestamp="2022-07-25T08:53:04Z" user="FUKUTAN" uid="5207199" lat="35.0253084" lon="126.7746360"/>
 <node id="9909151158" visible="true" version="1" changeset="124040733" timestamp="2022-07-25T08:53:04Z" user="FUKUTAN" uid="5207199" lat="35.0252700" lon="126.7746598"/>
 <node id="9909151159" visible="true" version="1" changeset="124040733" timestamp="2022-07-25T08:53:04Z" user="FUKUTAN" uid="5207199" lat="35.0252294" lon="126.7746837"/>
 <node id="9909151160" visible="true" version="1" changeset="124040733" timestamp="2022-07-25T08:53:04Z" user="FUKUTAN" uid="5207199" lat="35.0251932" lon="126.7747112"/>
 <node id="9909151161" visible="true" version="1" changeset="124040733" timestamp="2022-07-25T08:53:04Z" user="FUKUTAN" uid="5207199" lat="35.0248193" lon="126.7746466"/>
 <node id="9909151162" visible="true" version="1" changeset="124040733" timestamp="2022-07-25T08:53:04Z" user="FUKUTAN" uid="5207199" lat="35.0255937" lon="126.7747892">
  <tag k="highway" v="crossing"/>
 </node>
 <node id="9909151163" visible="true" version="1" changeset="124040733" timestamp="2022-07-25T08:53:04Z" user="FUKUTAN" uid="5207199" lat="35.0247833" lon="126.7740432"/>
 <node id="9909151171" visible="true" version="1" changeset="124040733" timestamp="2022-07-25T08:53:04Z" user="FUKUTAN" uid="5207199" lat="35.0246723" lon="126.7748680"/>
 <node id="9909151248" visible="true" version="1" changeset="124040733" timestamp="2022-07-25T08:53:04Z" user="FUKUTAN" uid="5207199" lat="35.0238522" lon="126.7813068"/>
 <node id="9909151249" visible="true" version="1" changeset="124040733" timestamp="2022-07-25T08:53:04Z" user="FUKUTAN" uid="5207199" lat="35.0250173" lon="126.7816869"/>
 <node id="9909151250" visible="true" version="1" changeset="124040733" timestamp="2022-07-25T08:53:04Z" user="FUKUTAN" uid="5207199" lat="35.0238075" lon="126.7815082"/>
 <node id="9909151251" visible="true" version="1" changeset="124040733" timestamp="2022-07-25T08:53:04Z" user="FUKUTAN" uid="5207199" lat="35.0240414" lon="126.7804516"/>
 <node id="9909151252" visible="true" version="1" changeset="124040733" timestamp="2022-07-25T08:53:04Z" user="FUKUTAN" uid="5207199" lat="35.0242448" lon="126.7816529"/>
 <node id="9909151253" visible="true" version="1" changeset="124040733" timestamp="2022-07-25T08:53:04Z" user="FUKUTAN" uid="5207199" lat="35.0242899" lon="126.7814496"/>
 <node id="9909151254" visible="true" version="1" changeset="124040733" timestamp="2022-07-25T08:53:04Z" user="FUKUTAN" uid="5207199" lat="35.0243328" lon="126.7812561"/>
 <node id="9909151255" visible="true" version="1" changeset="124040733" timestamp="2022-07-25T08:53:04Z" user="FUKUTAN" uid="5207199" lat="35.0238956" lon="126.7811114"/>
 <node id="9909151256" visible="true" version="1" changeset="124040733" timestamp="2022-07-25T08:53:04Z" user="FUKUTAN" uid="5207199" lat="35.0251613" lon="126.7810320"/>
 <node id="9909151257" visible="true" version="1" changeset="124040733" timestamp="2022-07-25T08:53:04Z" user="FUKUTAN" uid="5207199" lat="35.0240015" lon="126.7806317"/>
 <node id="9909151258" visible="true" version="1" changeset="124040733" timestamp="2022-07-25T08:53:04Z" user="FUKUTAN" uid="5207199" lat="35.0247313" lon="126.7806865"/>
 <node id="9909151259" visible="true" version="1" changeset="124040733" timestamp="2022-07-25T08:53:04Z" user="FUKUTAN" uid="5207199" lat="35.0246906" lon="126.7808695"/>
 <node id="9909151260" visible="true" version="1" changeset="124040733" timestamp="2022-07-25T08:53:04Z" user="FUKUTAN" uid="5207199" lat="35.0244965" lon="126.7819589"/>
 <node id="9909151261" visible="true" version="1" changeset="124040733" timestamp="2022-07-25T08:53:04Z" user="FUKUTAN" uid="5207199" lat="35.0247321" lon="126.7808839"/>
 <node id="9909151262" visible="true" version="1" changeset="124040733" timestamp="2022-07-25T08:53:04Z" user="FUKUTAN" uid="5207199" lat="35.0245869" lon="126.7815465"/>
 <node id="9909151263" visible="true" version="2" changeset="144333236" timestamp="2023-11-22T16:36:43Z" user="asdfqwer51" uid="3350410" lat="35.0302250" lon="126.7823866">
  <tag k="highway" v="traffic_signals"/>
  <tag k="traffic_signals" v="signal"/>
 </node>
 <node id="9909151264" visible="true" version="1" changeset="124040733" timestamp="2022-07-25T08:53:04Z" user="FUKUTAN" uid="5207199" lat="35.0303720" lon="126.7828538"/>
 <node id="9909151265" visible="true" version="2" changeset="144333236" timestamp="2023-11-22T16:36:43Z" user="asdfqwer51" uid="3350410" lat="35.0301693" lon="126.7822808"/>
 <node id="9909151266" visible="true" version="2" changeset="144333236" timestamp="2023-11-22T16:36:43Z" user="asdfqwer51" uid="3350410" lat="35.0300962" lon="126.7821450"/>
 <node id="9909151267" visible="true" version="1" changeset="124040733" timestamp="2022-07-25T08:53:04Z" user="FUKUTAN" uid="5207199" lat="35.0298802" lon="126.7818669"/>
 <node id="9909151268" visible="true" version="1" changeset="124040733" timestamp="2022-07-25T08:53:04Z" user="FUKUTAN" uid="5207199" lat="35.0283799" lon="126.7814415"/>
 <node id="9909151269" visible="true" version="1" changeset="124040733" timestamp="2022-07-25T08:53:04Z" user="FUKUTAN" uid="5207199" lat="35.0284098" lon="126.7812769"/>
 <node id="9909151270" visible="true" version="1" changeset="124040733" timestamp="2022-07-25T08:53:04Z" user="FUKUTAN" uid="5207199" lat="35.0289258" lon="126.7814354"/>
 <node id="9909151271" visible="true" version="1" changeset="124040733" timestamp="2022-07-25T08:53:04Z" user="FUKUTAN" uid="5207199" lat="35.0291172" lon="126.7815310"/>
 <node id="9909151272" visible="true" version="1" changeset="124040733" timestamp="2022-07-25T08:53:04Z" user="FUKUTAN" uid="5207199" lat="35.0292820" lon="126.7816021"/>
 <node id="9909151273" visible="true" version="1" changeset="124040733" timestamp="2022-07-25T08:53:04Z" user="FUKUTAN" uid="5207199" lat="35.0294335" lon="126.7816753"/>
 <node id="9909151274" visible="true" version="1" changeset="124040733" timestamp="2022-07-25T08:53:04Z" user="FUKUTAN" uid="5207199" lat="35.0295267" lon="126.7817444"/>
 <node id="9909151275" visible="true" version="1" changeset="124040733" timestamp="2022-07-25T08:53:04Z" user="FUKUTAN" uid="5207199" lat="35.0297081" lon="126.7819050"/>
 <node id="9909151276" visible="true" version="1" changeset="124040733" timestamp="2022-07-25T08:53:04Z" user="FUKUTAN" uid="5207199" lat="35.0298629" lon="126.7820717"/>
 <node id="9909151277" visible="true" version="1" changeset="124040733" timestamp="2022-07-25T08:53:04Z" user="FUKUTAN" uid="5207199" lat="35.0299928" lon="126.7822770"/>
 <node id="9909151278" visible="true" version="2" changeset="144334816" timestamp="2023-11-22T17:12:52Z" user="asdfqwer51" uid="3350410" lat="35.0300837" lon="126.7825190"/>
 <node id="9909151279" visible="true" version="2" changeset="144334816" timestamp="2023-11-22T17:12:52Z" user="asdfqwer51" uid="3350410" lat="35.0301771" lon="126.7827831"/>
 <node id="9909151280" visible="true" version="2" changeset="144334816" timestamp="2023-11-22T17:12:52Z" user="asdfqwer51" uid="3350410" lat="35.0302300" lon="126.7829821"/>
 <node id="9909151281" visible="true" version="2" changeset="144334816" timestamp="2023-11-22T17:12:52Z" user="asdfqwer51" uid="3350410" lat="35.0302574" lon="126.7831817"/>
 <node id="9909151282" visible="true" version="2" changeset="144334816" timestamp="2023-11-22T17:12:52Z" user="asdfqwer51" uid="3350410" lat="35.0302757" lon="126.7834313"/>
 <node id="9909151283" visible="true" version="2" changeset="144334816" timestamp="2023-11-22T17:12:52Z" user="asdfqwer51" uid="3350410" lat="35.0303054" lon="126.7835937"/>
 <node id="9909151284" visible="true" version="2" changeset="144334816" timestamp="2023-11-22T17:12:52Z" user="asdfqwer51" uid="3350410" lat="35.0303618" lon="126.7838013"/>
 <node id="9909151285" visible="true" version="1" changeset="124040733" timestamp="2022-07-25T08:53:04Z" user="FUKUTAN" uid="5207199" lat="35.0304372" lon="126.7840475"/>
 <node id="9909151286" visible="true" version="1" changeset="124040733" timestamp="2022-07-25T08:53:04Z" user="FUKUTAN" uid="5207199" lat="35.0306136" lon="126.7852692"/>
 <node id="9909151287" visible="true" version="3" changeset="171918484" timestamp="2025-09-14T13:39:45Z" user="FUKUTAN" uid="5207199" lat="35.0307471" lon="126.7852546"/>
 <node id="9909151288" visible="true" version="1" changeset="124040733" timestamp="2022-07-25T08:53:04Z" user="FUKUTAN" uid="5207199" lat="35.0299317" lon="126.7816386"/>
 <node id="9909151289" visible="true" version="1" changeset="124040733" timestamp="2022-07-25T08:53:04Z" user="FUKUTAN" uid="5207199" lat="35.0301878" lon="126.7819799"/>
 <node id="9909151290" visible="true" version="1" changeset="124040733" timestamp="2022-07-25T08:53:04Z" user="FUKUTAN" uid="5207199" lat="35.0303183" lon="126.7822129"/>
 <node id="9909151291" visible="true" version="1" changeset="124040733" timestamp="2022-07-25T08:53:04Z" user="FUKUTAN" uid="5207199" lat="35.0304983" lon="126.7826647"/>
 <node id="9909151292" visible="true" version="1" changeset="124040733" timestamp="2022-07-25T08:53:04Z" user="FUKUTAN" uid="5207199" lat="35.0297316" lon="126.7814563"/>
 <node id="9909151293" visible="true" version="1" changeset="124040733" timestamp="2022-07-25T08:53:04Z" user="FUKUTAN" uid="5207199" lat="35.0291780" lon="126.7811846"/>
 <node id="10005772889" visible="true" version="2" changeset="140229198" timestamp="2023-08-22T13:18:26Z" user="야광멧돼지" uid="12393144" lat="35.0307420" lon="126.7770330"/>
 <node id="10005772890" visible="true" version="2" changeset="140229198" timestamp="2023-08-22T13:18:26Z" user="야광멧돼지" uid="12393144" lat="35.0305271" lon="126.7747949"/>
 <node id="10005772891" visible="true" version="2" changeset="140229198" timestamp="2023-08-22T13:18:26Z" user="야광멧돼지" uid="12393144" lat="35.0304993" lon="126.7746736"/>
 <node id="10005772892" visible="true" version="2" changeset="140229198" timestamp="2023-08-22T13:18:26Z" user="야광멧돼지" uid="12393144" lat="35.0304355" lon="126.7745007"/>
 <node id="10005772893" visible="true" version="2" changeset="140229198" timestamp="2023-08-22T13:18:26Z" user="야광멧돼지" uid="12393144" lat="35.0302972" lon="126.7738936"/>
 <node id="10005772894" visible="true" version="2" changeset="140229198" timestamp="2023-08-22T13:18:26Z" user="야광멧돼지" uid="12393144" lat="35.0302592" lon="126.7736314"/>
 <node id="10005772895" visible="true" version="2" changeset="140229198" timestamp="2023-08-22T13:18:26Z" user="야광멧돼지" uid="12393144" lat="35.0301612" lon="126.7734583"/>
 <node id="10005772896" visible="true" version="1" changeset="125885150" timestamp="2022-09-07T06:32:32Z" user="야광멧돼지" uid="12393144" lat="35.0301085" lon="126.7731765"/>
 <node id="10005772897" visible="true" version="1" changeset="125885150" timestamp="2022-09-07T06:32:32Z" user="야광멧돼지" uid="12393144" lat="35.0300949" lon="126.7729415"/>
 <node id="10005772898" visible="true" version="1" changeset="125885150" timestamp="2022-09-07T06:32:32Z" user="야광멧돼지" uid="12393144" lat="35.0301422" lon="126.7722779"/>
 <node id="10005772899" visible="true" version="1" changeset="125885150" timestamp="2022-09-07T06:32:32Z" user="야광멧돼지" uid="12393144" lat="35.0301895" lon="126.7719975"/>
 <node id="10005772900" visible="true" version="1" changeset="125885150" timestamp="2022-09-07T06:32:32Z" user="야광멧돼지" uid="12393144" lat="35.0303819" lon="126.7715400"/>
 <node id="10005772901" visible="true" version="1" changeset="125885150" timestamp="2022-09-07T06:32:32Z" user="야광멧돼지" uid="12393144" lat="35.0304090" lon="126.7714567"/>
 <node id="10005772902" visible="true" version="1" changeset="125885150" timestamp="2022-09-07T06:32:32Z" user="야광멧돼지" uid="12393144" lat="35.0304166" lon="126.7712942"/>
 <node id="10005772903" visible="true" version="1" changeset="125885150" timestamp="2022-09-07T06:32:32Z" user="야광멧돼지" uid="12393144" lat="35.0304247" lon="126.7711987"/>
 <node id="10005772904" visible="true" version="2" changeset="140229198" timestamp="2023-08-22T13:18:26Z" user="야광멧돼지" uid="12393144" lat="35.0305417" lon="126.7748835"/>
 <node id="10005772905" visible="true" version="1" changeset="125885150" timestamp="2022-09-07T06:32:32Z" user="야광멧돼지" uid="12393144" lat="35.0306281" lon="126.7749587"/>
 <node id="10005772906" visible="true" version="1" changeset="125885150" timestamp="2022-09-07T06:32:32Z" user="야광멧돼지" uid="12393144" lat="35.0307834" lon="126.7753544"/>
 <node id="10005772907" visible="true" version="1" changeset="125885150" timestamp="2022-09-07T06:32:32Z" user="야광멧돼지" uid="12393144" lat="35.0309083" lon="126.7754369"/>
 <node id="10005772908" visible="true" version="1" changeset="125885150" timestamp="2022-09-07T06:32:32Z" user="야광멧돼지" uid="12393144" lat="35.0314618" lon="126.7757378"/>
 <node id="10005772909" visible="true" version="2" changeset="147077461" timestamp="2024-02-05T04:28:45Z" user="FUKUTAN" uid="5207199" lat="35.0323312" lon="126.7760083"/>
 <node id="10549091026" visible="true" version="1" changeset="131233215" timestamp="2023-01-13T14:53:00Z" user="FUKUTAN" uid="5207199" lat="35.0302789" lon="126.7865278"/>
 <node id="10549091027" visible="true" version="1" changeset="131233215" timestamp="2023-01-13T14:53:00Z" user="FUKUTAN" uid="5207199" lat="35.0301397" lon="126.7867297"/>
 <node id="10549091028" visible="true" version="2" changeset="144334816" timestamp="2023-11-22T17:12:52Z" user="asdfqwer51" uid="3350410" lat="35.0291434" lon="126.7861294"/>
 <node id="10549091029" visible="true" version="1" changeset="131233215" timestamp="2023-01-13T14:53:00Z" user="FUKUTAN" uid="5207199" lat="35.0304462" lon="126.7860963"/>
 <node id="10549091031" visible="true" version="2" changeset="144333236" timestamp="2023-11-22T16:36:43Z" user="asdfqwer51" uid="3350410" lat="35.0301513" lon="126.7870638"/>
 <node id="10549091032" visible="true" version="2" changeset="144333236" timestamp="2023-11-22T16:36:43Z" user="asdfqwer51" uid="3350410" lat="35.0302553" lon="126.7869347"/>
 <node id="10549091035" visible="true" version="2" changeset="144334816" timestamp="2023-11-22T17:12:52Z" user="asdfqwer51" uid="3350410" lat="35.0301384" lon="126.7864800"/>
 <node id="10549091036" visible="true" version="2" changeset="144334816" timestamp="2023-11-22T17:12:52Z" user="asdfqwer51" uid="3350410" lat="35.0296897" lon="126.7864392"/>
 <node id="10549091037" visible="true" version="2" changeset="144334816" timestamp="2023-11-22T17:12:52Z" user="asdfqwer51" uid="3350410" lat="35.0296028" lon="126.7866640"/>
 <node id="10549091038" visible="true" version="2" changeset="144334816" timestamp="2023-11-22T17:12:52Z" user="asdfqwer51" uid="3350410" lat="35.0298763" lon="126.7868239"/>
 <node id="10549091039" visible="true" version="2" changeset="144334816" timestamp="2023-11-22T17:12:52Z" user="asdfqwer51" uid="3350410" lat="35.0301124" lon="126.7865344"/>
 <node id="10549091040" visible="true" version="2" changeset="144334816" timestamp="2023-11-22T17:12:52Z" user="asdfqwer51" uid="3350410" lat="35.0302582" lon="126.7862269"/>
 <node id="10549091041" visible="true" version="2" changeset="144334816" timestamp="2023-11-22T17:12:52Z" user="asdfqwer51" uid="3350410" lat="35.0303341" lon="126.7859763"/>
 <node id="10549091042" visible="true" version="2" changeset="144334816" timestamp="2023-11-22T17:12:52Z" user="asdfqwer51" uid="3350410" lat="35.0303932" lon="126.7856295"/>
 <node id="10549091044" visible="true" version="2" changeset="144333236" timestamp="2023-11-22T16:36:43Z" user="asdfqwer51" uid="3350410" lat="35.0303459" lon="126.7822912"/>
 <node id="10549091045" visible="true" version="2" changeset="144333236" timestamp="2023-11-22T16:36:43Z" user="asdfqwer51" uid="3350410" lat="35.0304009" lon="126.7822549"/>
 <node id="10549091046" visible="true" version="2" changeset="144333236" timestamp="2023-11-22T16:36:43Z" user="asdfqwer51" uid="3350410" lat="35.0304690" lon="126.7822173"/>
 <node id="10549091047" visible="true" version="2" changeset="141712425" timestamp="2023-09-25T05:17:57Z" user="FUKUTAN" uid="5207199" lat="35.0307569" lon="126.7822379"/>
 <node id="10549091049" visible="true" version="2" changeset="144333236" timestamp="2023-11-22T16:36:43Z" user="asdfqwer51" uid="3350410" lat="35.0295179" lon="126.7812089"/>
 <node id="10549091050" visible="true" version="3" changeset="144333236" timestamp="2023-11-22T16:36:43Z" user="asdfqwer51" uid="3350410" lat="35.0295816" lon="126.7810015"/>
 <node id="10549091051" visible="true" version="2" changeset="144334816" timestamp="2023-11-22T17:12:52Z" user="asdfqwer51" uid="3350410" lat="35.0286266" lon="126.7827386"/>
 <node id="10549091052" visible="true" version="2" changeset="144334816" timestamp="2023-11-22T17:12:52Z" user="asdfqwer51" uid="3350410" lat="35.0286492" lon="126.7826618"/>
 <node id="10549091053" visible="true" version="2" changeset="144334816" timestamp="2023-11-22T17:12:52Z" user="asdfqwer51" uid="3350410" lat="35.0286565" lon="126.7824311"/>
 <node id="10549091054" visible="true" version="2" changeset="144334816" timestamp="2023-11-22T17:12:52Z" user="asdfqwer51" uid="3350410" lat="35.0280388" lon="126.7851425"/>
 <node id="10666258586" visible="true" version="3" changeset="185365357" timestamp="2026-07-08T19:52:32Z" user="samdasooooooo" uid="14457606" lat="35.0275409" lon="126.7810019">
  <tag k="bench" v="yes"/>
  <tag k="bus" v="yes"/>
  <tag k="departures_board" v="realtime"/>
  <tag k="highway" v="bus_stop"/>
  <tag k="name" v="우미린아파트(동)"/>
  <tag k="name:en" v="Woomi Lynn Apartments (East)"/>
  <tag k="operator" v="나주시"/>
  <tag k="public_transport" v="platform"/>
  <tag k="ref" v="2860"/>
  <tag k="shelter" v="yes"/>
 </node>
 <node id="10666258587" visible="true" version="2" changeset="144334816" timestamp="2023-11-22T17:12:52Z" user="asdfqwer51" uid="3350410" lat="35.0305212" lon="126.7830008">
  <tag k="bus" v="yes"/>
  <tag k="departures_board" v="realtime"/>
  <tag k="highway" v="bus_stop"/>
  <tag k="name" v="유전저수지"/>
  <tag k="name:en" v="Yujeon Reservoir"/>
  <tag k="operator" v="나주시"/>
  <tag k="public_transport" v="platform"/>
  <tag k="ref" v="2851"/>
  <tag k="shelter" v="yes"/>
 </node>
 <node id="10666258591" visible="true" version="2" changeset="144397454" timestamp="2023-11-24T08:19:48Z" user="asdfqwer51" uid="3350410" lat="35.0247922" lon="126.7860330">
  <tag k="bus" v="yes"/>
  <tag k="departures_board" v="realtime"/>
  <tag k="highway" v="bus_stop"/>
  <tag k="name" v="한전정문"/>
  <tag k="name:en" v="Korea Electric Power Corporation Main Entrance"/>
  <tag k="operator" v="나주시"/>
  <tag k="public_transport" v="platform"/>
  <tag k="ref" v="2864"/>
  <tag k="shelter" v="yes"/>
 </node>
 <node id="10729277278" visible="true" version="1" changeset="133576907" timestamp="2023-03-12T08:16:26Z" user="FUKUTAN" uid="5207199" lat="35.0287681" lon="126.7847311"/>
 <node id="10979223723" visible="true" version="2" changeset="144253076" timestamp="2023-11-20T15:57:17Z" user="asdfqwer51" uid="3350410" lat="35.0268437" lon="126.7771793"/>
 <node id="10979223796" visible="true" version="2" changeset="144253076" timestamp="2023-11-20T15:57:17Z" user="asdfqwer51" uid="3350410" lat="35.0322248" lon="126.7785484"/>
 <node id="10979223797" visible="true" version="2" changeset="144253076" timestamp="2023-11-20T15:57:17Z" user="asdfqwer51" uid="3350410" lat="35.0319937" lon="126.7784635"/>
 <node id="10979223798" visible="true" version="2" changeset="144253076" timestamp="2023-11-20T15:57:17Z" user="asdfqwer51" uid="3350410" lat="35.0310572" lon="126.7784540"/>
 <node id="10979223799" visible="true" version="2" changeset="144253076" timestamp="2023-11-20T15:57:17Z" user="asdfqwer51" uid="3350410" lat="35.0296465" lon="126.7781982"/>
 <node id="10985294767" visible="true" version="2" changeset="157777877" timestamp="2024-10-12T01:57:04Z" user="FUKUTAN" uid="5207199" lat="35.0369444" lon="126.7823357"/>
 <node id="11051829788" visible="true" version="2" changeset="187989182" timestamp="2026-08-25T13:25:23Z" user="aaei924" uid="10626814" lat="35.0268570" lon="126.7770947"/>
 <node id="11051829789" visible="true" version="2" changeset="144253076" timestamp="2023-11-20T15:57:17Z" user="asdfqwer51" uid="3350410" lat="35.0288119" lon="126.7779255"/>
 <node id="11051829791" visible="true" version="2" changeset="144253076" timestamp="2023-11-20T15:57:17Z" user="asdfqwer51" uid="3350410" lat="35.0224496" lon="126.7752771"/>
 <node id="11051829792" visible="true" version="2" changeset="144253076" timestamp="2023-11-20T15:57:17Z" user="asdfqwer51" uid="3350410" lat="35.0230623" lon="126.7755340"/>
 <node id="11051829802" visible="true" version="2" changeset="187989182" timestamp="2026-08-25T13:25:23Z" user="aaei924" uid="10626814" lat="35.0239038" lon="126.7760273"/>
 <node id="11051829803" visible="true" version="2" changeset="144253076" timestamp="2023-11-20T15:57:17Z" user="asdfqwer51" uid="3350410" lat="35.0242779" lon="126.7759504"/>
 <node id="11051843605" visible="true" version="2" changeset="144253076" timestamp="2023-11-20T15:57:17Z" user="asdfqwer51" uid="3350410" lat="35.0224839" lon="126.7751759"/>
 <node id="11136247766" visible="true" version="1" changeset="140229198" timestamp="2023-08-22T13:18:26Z" user="야광멧돼지" uid="12393144" lat="35.0335873" lon="126.7723905"/>
 <node id="11136247767" visible="true" version="1" changeset="140229198" timestamp="2023-08-22T13:18:26Z" user="야광멧돼지" uid="12393144" lat="35.0335244" lon="126.7722664"/>
 <node id="11136247768" visible="true" version="1" changeset="140229198" timestamp="2023-08-22T13:18:26Z" user="야광멧돼지" uid="12393144" lat="35.0326677" lon="126.7723018"/>
 <node id="11136247769" visible="true" version="1" changeset="140229198" timestamp="2023-08-22T13:18:26Z" user="야광멧돼지" uid="12393144" lat="35.0322320" lon="126.7721600"/>
 <node id="11136247770" visible="true" version="1" changeset="140229198" timestamp="2023-08-22T13:18:26Z" user="야광멧돼지" uid="12393144" lat="35.0310510" lon="126.7717166"/>
 <node id="11136247771" visible="true" version="1" changeset="140229198" timestamp="2023-08-22T13:18:26Z" user="야광멧돼지" uid="12393144" lat="35.0309633" lon="126.7716808"/>
 <node id="11136247772" visible="true" version="1" changeset="140229198" timestamp="2023-08-22T13:18:26Z" user="야광멧돼지" uid="12393144" lat="35.0306083" lon="126.7715416"/>
 <node id="11136247773" visible="true" version="1" changeset="140229198" timestamp="2023-08-22T13:18:26Z" user="야광멧돼지" uid="12393144" lat="35.0304807" lon="126.7721203"/>
 <node id="11136247774" visible="true" version="1" changeset="140229198" timestamp="2023-08-22T13:18:26Z" user="야광멧돼지" uid="12393144" lat="35.0302953" lon="126.7725299"/>
 <node id="11136247775" visible="true" version="1" changeset="140229198" timestamp="2023-08-22T13:18:26Z" user="야광멧돼지" uid="12393144" lat="35.0302462" lon="126.7728595"/>
 <node id="11136247776" visible="true" version="1" changeset="140229198" timestamp="2023-08-22T13:18:26Z" user="야광멧돼지" uid="12393144" lat="35.0302544" lon="126.7732158"/>
 <node id="11136247777" visible="true" version="1" changeset="140229198" timestamp="2023-08-22T13:18:26Z" user="야광멧돼지" uid="12393144" lat="35.0303716" lon="126.7736453"/>
 <node id="11136247778" visible="true" version="1" changeset="140229198" timestamp="2023-08-22T13:18:26Z" user="야광멧돼지" uid="12393144" lat="35.0304834" lon="126.7743845"/>
 <node id="11136247779" visible="true" version="1" changeset="140229198" timestamp="2023-08-22T13:18:26Z" user="야광멧돼지" uid="12393144" lat="35.0306879" lon="126.7749373"/>
 <node id="11136247780" visible="true" version="1" changeset="140229198" timestamp="2023-08-22T13:18:26Z" user="야광멧돼지" uid="12393144" lat="35.0308188" lon="126.7753036"/>
 <node id="11136247781" visible="true" version="1" changeset="140229198" timestamp="2023-08-22T13:18:26Z" user="야광멧돼지" uid="12393144" lat="35.0314841" lon="126.7756898"/>
 <node id="11136247782" visible="true" version="1" changeset="140229198" timestamp="2023-08-22T13:18:26Z" user="야광멧돼지" uid="12393144" lat="35.0319994" lon="126.7758496"/>
 <node id="11136247783" visible="true" version="1" changeset="140229198" timestamp="2023-08-22T13:18:26Z" user="야광멧돼지" uid="12393144" lat="35.0322584" lon="126.7759062"/>
 <node id="11136247784" visible="true" version="1" changeset="140229198" timestamp="2023-08-22T13:18:26Z" user="야광멧돼지" uid="12393144" lat="35.0327546" lon="126.7755100"/>
 <node id="11136247785" visible="true" version="1" changeset="140229198" timestamp="2023-08-22T13:18:26Z" user="야광멧돼지" uid="12393144" lat="35.0329428" lon="126.7752536"/>
 <node id="11136247786" visible="true" version="1" changeset="140229198" timestamp="2023-08-22T13:18:26Z" user="야광멧돼지" uid="12393144" lat="35.0330764" lon="126.7748440"/>
 <node id="11136247787" visible="true" version="1" changeset="140229198" timestamp="2023-08-22T13:18:26Z" user="야광멧돼지" uid="12393144" lat="35.0332318" lon="126.7744378"/>
 <node id="11136247788" visible="true" version="1" changeset="140229198" timestamp="2023-08-22T13:18:26Z" user="야광멧돼지" uid="12393144" lat="35.0333108" lon="126.7742314"/>
 <node id="11136247789" visible="true" version="1" changeset="140229198" timestamp="2023-08-22T13:18:26Z" user="야광멧돼지" uid="12393144" lat="35.0333626" lon="126.7736553"/>
 <node id="11136247790" visible="true" version="2" changeset="144398789" timestamp="2023-11-24T08:57:10Z" user="asdfqwer51" uid="3350410" lat="35.0336776" lon="126.7721950"/>
 <node id="11136247791" visible="true" version="2" changeset="147077461" timestamp="2024-02-05T04:28:45Z" user="FUKUTAN" uid="5207199" lat="35.0334538" lon="126.7735431"/>
 <node id="11136247792" visible="true" version="2" changeset="147077461" timestamp="2024-02-05T04:28:45Z" user="FUKUTAN" uid="5207199" lat="35.0333761" lon="126.7741682"/>
 <node id="11136247793" visible="true" version="2" changeset="147077461" timestamp="2024-02-05T04:28:45Z" user="FUKUTAN" uid="5207199" lat="35.0333288" lon="126.7743978"/>
 <node id="11136247794" visible="true" version="1" changeset="140229198" timestamp="2023-08-22T13:18:26Z" user="야광멧돼지" uid="12393144" lat="35.0330458" lon="126.7751823"/>
 <node id="11136247795" visible="true" version="2" changeset="147077461" timestamp="2024-02-05T04:28:45Z" user="FUKUTAN" uid="5207199" lat="35.0328089" lon="126.7755776"/>
 <node id="11136247796" visible="true" version="1" changeset="140229198" timestamp="2023-08-22T13:18:26Z" user="야광멧돼지" uid="12393144" lat="35.0334311" lon="126.7737006"/>
 <node id="11136247800" visible="true" version="2" changeset="147077461" timestamp="2024-02-05T04:28:45Z" user="FUKUTAN" uid="5207199" lat="35.0311701" lon="126.7768507"/>
 <node id="11136247801" visible="true" version="1" changeset="140229198" timestamp="2023-08-22T13:18:26Z" user="야광멧돼지" uid="12393144" lat="35.0306543" lon="126.7762386"/>
 <node id="11136247802" visible="true" version="1" changeset="140229198" timestamp="2023-08-22T13:18:26Z" user="야광멧돼지" uid="12393144" lat="35.0307135" lon="126.7769003"/>
 <node id="11217164591" visible="true" version="1" changeset="141712425" timestamp="2023-09-25T05:17:57Z" user="FUKUTAN" uid="5207199" lat="35.0296870" lon="126.7810341"/>
 <node id="11217164592" visible="true" version="1" changeset="141712425" timestamp="2023-09-25T05:17:57Z" user="FUKUTAN" uid="5207199" lat="35.0295393" lon="126.7809868"/>
 <node id="11217164593" visible="true" version="2" changeset="144333236" timestamp="2023-11-22T16:36:43Z" user="asdfqwer51" uid="3350410" lat="35.0296448" lon="126.7807364">
  <tag k="entrance" v="yes"/>
 </node>
 <node id="11217164594" visible="true" version="1" changeset="141712425" timestamp="2023-09-25T05:17:57Z" user="FUKUTAN" uid="5207199" lat="35.0298857" lon="126.7814115"/>
 <node id="11217164595" visible="true" version="1" changeset="141712425" timestamp="2023-09-25T05:17:57Z" user="FUKUTAN" uid="5207199" lat="35.0296712" lon="126.7810983"/>
 <node id="11217164596" visible="true" version="1" changeset="141712425" timestamp="2023-09-25T05:17:57Z" user="FUKUTAN" uid="5207199" lat="35.0297582" lon="126.7807143"/>
 <node id="11217164597" visible="true" version="1" changeset="141712425" timestamp="2023-09-25T05:17:57Z" user="FUKUTAN" uid="5207199" lat="35.0297575" lon="126.7806781"/>
 <node id="11217164598" visible="true" version="1" changeset="141712425" timestamp="2023-09-25T05:17:57Z" user="FUKUTAN" uid="5207199" lat="35.0297517" lon="126.7806524"/>
 <node id="11217164599" visible="true" version="1" changeset="141712425" timestamp="2023-09-25T05:17:57Z" user="FUKUTAN" uid="5207199" lat="35.0297412" lon="126.7806302"/>
 <node id="11217164600" visible="true" version="1" changeset="141712425" timestamp="2023-09-25T05:17:57Z" user="FUKUTAN" uid="5207199" lat="35.0297212" lon="126.7806162"/>
 <node id="11217164601" visible="true" version="1" changeset="141712425" timestamp="2023-09-25T05:17:57Z" user="FUKUTAN" uid="5207199" lat="35.0297020" lon="126.7806092"/>
 <node id="11217164602" visible="true" version="1" changeset="141712425" timestamp="2023-09-25T05:17:57Z" user="FUKUTAN" uid="5207199" lat="35.0296848" lon="126.7806081"/>
 <node id="11217164603" visible="true" version="1" changeset="141712425" timestamp="2023-09-25T05:17:57Z" user="FUKUTAN" uid="5207199" lat="35.0296638" lon="126.7806116"/>
 <node id="11217164604" visible="true" version="1" changeset="141712425" timestamp="2023-09-25T05:17:57Z" user="FUKUTAN" uid="5207199" lat="35.0296332" lon="126.7806419"/>
 <node id="11217164605" visible="true" version="1" changeset="141712425" timestamp="2023-09-25T05:17:57Z" user="FUKUTAN" uid="5207199" lat="35.0296236" lon="126.7806618"/>
 <node id="11217164606" visible="true" version="1" changeset="141712425" timestamp="2023-09-25T05:17:57Z" user="FUKUTAN" uid="5207199" lat="35.0295175" lon="126.7810797"/>
 <node id="11217164607" visible="true" version="1" changeset="141712425" timestamp="2023-09-25T05:17:57Z" user="FUKUTAN" uid="5207199" lat="35.0294582" lon="126.7811393"/>
 <node id="11217164608" visible="true" version="1" changeset="141712425" timestamp="2023-09-25T05:17:57Z" user="FUKUTAN" uid="5207199" lat="35.0293378" lon="126.7811031"/>
 <node id="11217164609" visible="true" version="1" changeset="141712425" timestamp="2023-09-25T05:17:57Z" user="FUKUTAN" uid="5207199" lat="35.0296467" lon="126.7806239"/>
 <node id="11217164610" visible="true" version="1" changeset="141712425" timestamp="2023-09-25T05:17:57Z" user="FUKUTAN" uid="5207199" lat="35.0298802" lon="126.7797874"/>
 <node id="11217164611" visible="true" version="1" changeset="141712425" timestamp="2023-09-25T05:17:57Z" user="FUKUTAN" uid="5207199" lat="35.0298636" lon="126.7796858"/>
 <node id="11217164612" visible="true" version="1" changeset="141712425" timestamp="2023-09-25T05:17:57Z" user="FUKUTAN" uid="5207199" lat="35.0299734" lon="126.7791573"/>
 <node id="11217164613" visible="true" version="1" changeset="141712425" timestamp="2023-09-25T05:17:57Z" user="FUKUTAN" uid="5207199" lat="35.0298269" lon="126.7791065"/>
 <node id="11217164614" visible="true" version="1" changeset="141712425" timestamp="2023-09-25T05:17:57Z" user="FUKUTAN" uid="5207199" lat="35.0296988" lon="126.7796594"/>
 <node id="11217164615" visible="true" version="1" changeset="141712425" timestamp="2023-09-25T05:17:57Z" user="FUKUTAN" uid="5207199" lat="35.0294158" lon="126.7796024"/>
 <node id="11217164616" visible="true" version="1" changeset="141712425" timestamp="2023-09-25T05:17:57Z" user="FUKUTAN" uid="5207199" lat="35.0296439" lon="126.7796695"/>
 <node id="11217164617" visible="true" version="1" changeset="141712425" timestamp="2023-09-25T05:17:57Z" user="FUKUTAN" uid="5207199" lat="35.0297504" lon="126.7796512"/>
 <node id="11217164618" visible="true" version="1" changeset="141712425" timestamp="2023-09-25T05:17:57Z" user="FUKUTAN" uid="5207199" lat="35.0297887" lon="126.7796553"/>
 <node id="11217164619" visible="true" version="1" changeset="141712425" timestamp="2023-09-25T05:17:57Z" user="FUKUTAN" uid="5207199" lat="35.0298319" lon="126.7796756"/>
 <node id="11217164620" visible="true" version="1" changeset="141712425" timestamp="2023-09-25T05:17:57Z" user="FUKUTAN" uid="5207199" lat="35.0298661" lon="126.7797010"/>
 <node id="11217164621" visible="true" version="1" changeset="141712425" timestamp="2023-09-25T05:17:57Z" user="FUKUTAN" uid="5207199" lat="35.0299518" lon="126.7798179"/>
 <node id="11217164622" visible="true" version="1" changeset="141712425" timestamp="2023-09-25T05:17:57Z" user="FUKUTAN" uid="5207199" lat="35.0314115" lon="126.7802997"/>
 <node id="11217164623" visible="true" version="1" changeset="141712425" timestamp="2023-09-25T05:17:57Z" user="FUKUTAN" uid="5207199" lat="35.0314765" lon="126.7803342"/>
 <node id="11217164624" visible="true" version="1" changeset="141712425" timestamp="2023-09-25T05:17:57Z" user="FUKUTAN" uid="5207199" lat="35.0315497" lon="126.7803850"/>
 <node id="11217164625" visible="true" version="1" changeset="141712425" timestamp="2023-09-25T05:17:57Z" user="FUKUTAN" uid="5207199" lat="35.0316279" lon="126.7804501"/>
 <node id="11217164626" visible="true" version="1" changeset="141712425" timestamp="2023-09-25T05:17:57Z" user="FUKUTAN" uid="5207199" lat="35.0316928" lon="126.7805233"/>
 <node id="11217164627" visible="true" version="1" changeset="141712425" timestamp="2023-09-25T05:17:57Z" user="FUKUTAN" uid="5207199" lat="35.0317311" lon="126.7805863"/>
 <node id="11217164628" visible="true" version="1" changeset="141712425" timestamp="2023-09-25T05:17:57Z" user="FUKUTAN" uid="5207199" lat="35.0317644" lon="126.7806717"/>
 <node id="11217164629" visible="true" version="1" changeset="141712425" timestamp="2023-09-25T05:17:57Z" user="FUKUTAN" uid="5207199" lat="35.0317894" lon="126.7807997"/>
 <node id="11217164630" visible="true" version="1" changeset="141712425" timestamp="2023-09-25T05:17:57Z" user="FUKUTAN" uid="5207199" lat="35.0318010" lon="126.7809400"/>
 <node id="11217164631" visible="true" version="1" changeset="141712425" timestamp="2023-09-25T05:17:57Z" user="FUKUTAN" uid="5207199" lat="35.0318110" lon="126.7811534"/>
 <node id="11217164632" visible="true" version="1" changeset="141712425" timestamp="2023-09-25T05:17:57Z" user="FUKUTAN" uid="5207199" lat="35.0318143" lon="126.7814543"/>
 <node id="11217164633" visible="true" version="1" changeset="141712425" timestamp="2023-09-25T05:17:57Z" user="FUKUTAN" uid="5207199" lat="35.0318260" lon="126.7816799"/>
 <node id="11217164634" visible="true" version="1" changeset="141712425" timestamp="2023-09-25T05:17:57Z" user="FUKUTAN" uid="5207199" lat="35.0307464" lon="126.7821591"/>
 <node id="11217164635" visible="true" version="1" changeset="141712425" timestamp="2023-09-25T05:17:57Z" user="FUKUTAN" uid="5207199" lat="35.0307713" lon="126.7823260"/>
 <node id="11217164636" visible="true" version="1" changeset="141712425" timestamp="2023-09-25T05:17:57Z" user="FUKUTAN" uid="5207199" lat="35.0310064" lon="126.7822782"/>
 <node id="11217166537" visible="true" version="1" changeset="141712425" timestamp="2023-09-25T05:17:57Z" user="FUKUTAN" uid="5207199" lat="35.0310877" lon="126.7822572"/>
 <node id="11217166538" visible="true" version="1" changeset="141712425" timestamp="2023-09-25T05:17:57Z" user="FUKUTAN" uid="5207199" lat="35.0311288" lon="126.7822431"/>
 <node id="11217166539" visible="true" version="1" changeset="141712425" timestamp="2023-09-25T05:17:57Z" user="FUKUTAN" uid="5207199" lat="35.0312091" lon="126.7821859"/>
 <node id="11217166540" visible="true" version="1" changeset="141712425" timestamp="2023-09-25T05:17:57Z" user="FUKUTAN" uid="5207199" lat="35.0313238" lon="126.7821042"/>
 <node id="11217166541" visible="true" version="1" changeset="141712425" timestamp="2023-09-25T05:17:57Z" user="FUKUTAN" uid="5207199" lat="35.0311623" lon="126.7820949"/>
 <node id="11217166542" visible="true" version="1" changeset="141712425" timestamp="2023-09-25T05:17:57Z" user="FUKUTAN" uid="5207199" lat="35.0310762" lon="126.7820984"/>
 <node id="11217166543" visible="true" version="1" changeset="141712425" timestamp="2023-09-25T05:17:57Z" user="FUKUTAN" uid="5207199" lat="35.0309892" lon="126.7821124"/>
 <node id="11217166544" visible="true" version="1" changeset="141712425" timestamp="2023-09-25T05:17:57Z" user="FUKUTAN" uid="5207199" lat="35.0310752" lon="126.7828936"/>
 <node id="11217166545" visible="true" version="1" changeset="141712425" timestamp="2023-09-25T05:17:57Z" user="FUKUTAN" uid="5207199" lat="35.0309868" lon="126.7822822"/>
 <node id="11217166546" visible="true" version="1" changeset="141712425" timestamp="2023-09-25T05:17:57Z" user="FUKUTAN" uid="5207199" lat="35.0313651" lon="126.7820795"/>
 <node id="11217166547" visible="true" version="1" changeset="141712425" timestamp="2023-09-25T05:17:57Z" user="FUKUTAN" uid="5207199" lat="35.0313882" lon="126.7820581"/>
 <node id="11217166548" visible="true" version="1" changeset="141712425" timestamp="2023-09-25T05:17:57Z" user="FUKUTAN" uid="5207199" lat="35.0314266" lon="126.7820031"/>
 <node id="11217166549" visible="true" version="1" changeset="141712425" timestamp="2023-09-25T05:17:57Z" user="FUKUTAN" uid="5207199" lat="35.0314761" lon="126.7819092"/>
 <node id="11217166550" visible="true" version="1" changeset="141712425" timestamp="2023-09-25T05:17:57Z" user="FUKUTAN" uid="5207199" lat="35.0315145" lon="126.7818448"/>
 <node id="11217166551" visible="true" version="1" changeset="141712425" timestamp="2023-09-25T05:17:57Z" user="FUKUTAN" uid="5207199" lat="35.0315650" lon="126.7817711"/>
 <node id="11217166552" visible="true" version="1" changeset="141712425" timestamp="2023-09-25T05:17:57Z" user="FUKUTAN" uid="5207199" lat="35.0316012" lon="126.7817295"/>
 <node id="11217166553" visible="true" version="1" changeset="141712425" timestamp="2023-09-25T05:17:57Z" user="FUKUTAN" uid="5207199" lat="35.0316452" lon="126.7817013"/>
 <node id="11217166554" visible="true" version="1" changeset="141712425" timestamp="2023-09-25T05:17:57Z" user="FUKUTAN" uid="5207199" lat="35.0316858" lon="126.7816799"/>
 <node id="11217166555" visible="true" version="1" changeset="141712425" timestamp="2023-09-25T05:17:57Z" user="FUKUTAN" uid="5207199" lat="35.0317264" lon="126.7816745"/>
 <node id="11217166556" visible="true" version="1" changeset="141712425" timestamp="2023-09-25T05:17:57Z" user="FUKUTAN" uid="5207199" lat="35.0318626" lon="126.7816866"/>
 <node id="11217166557" visible="true" version="1" changeset="141712425" timestamp="2023-09-25T05:17:57Z" user="FUKUTAN" uid="5207199" lat="35.0318988" lon="126.7816826"/>
 <node id="11217166558" visible="true" version="1" changeset="141712425" timestamp="2023-09-25T05:17:57Z" user="FUKUTAN" uid="5207199" lat="35.0319417" lon="126.7816718"/>
 <node id="11217166559" visible="true" version="1" changeset="141712425" timestamp="2023-09-25T05:17:57Z" user="FUKUTAN" uid="5207199" lat="35.0319724" lon="126.7816544"/>
 <node id="11217166560" visible="true" version="1" changeset="141712425" timestamp="2023-09-25T05:17:57Z" user="FUKUTAN" uid="5207199" lat="35.0319955" lon="126.7816303"/>
 <node id="11217166561" visible="true" version="1" changeset="141712425" timestamp="2023-09-25T05:17:57Z" user="FUKUTAN" uid="5207199" lat="35.0320043" lon="126.7816115"/>
 <node id="11217166562" visible="true" version="1" changeset="141712425" timestamp="2023-09-25T05:17:57Z" user="FUKUTAN" uid="5207199" lat="35.0320065" lon="126.7815847"/>
 <node id="11217166563" visible="true" version="1" changeset="141712425" timestamp="2023-09-25T05:17:57Z" user="FUKUTAN" uid="5207199" lat="35.0320021" lon="126.7815471"/>
 <node id="11217166564" visible="true" version="1" changeset="141712425" timestamp="2023-09-25T05:17:57Z" user="FUKUTAN" uid="5207199" lat="35.0282658" lon="126.7806877"/>
 <node id="11217166565" visible="true" version="1" changeset="141712425" timestamp="2023-09-25T05:17:57Z" user="FUKUTAN" uid="5207199" lat="35.0287187" lon="126.7786434"/>
 <node id="11217166566" visible="true" version="1" changeset="141712425" timestamp="2023-09-25T05:17:57Z" user="FUKUTAN" uid="5207199" lat="35.0283036" lon="126.7799713"/>
 <node id="11217166567" visible="true" version="1" changeset="141712425" timestamp="2023-09-25T05:17:57Z" user="FUKUTAN" uid="5207199" lat="35.0284176" lon="126.7800025"/>
 <node id="11364491364" visible="true" version="2" changeset="187989182" timestamp="2026-08-25T13:25:23Z" user="aaei924" uid="10626814" lat="35.0234436" lon="126.7754560"/>
 <node id="11364491366" visible="true" version="1" changeset="144253076" timestamp="2023-11-20T15:57:17Z" user="asdfqwer51" uid="3350410" lat="35.0241389" lon="126.7757849"/>
 <node id="11364492769" visible="true" version="2" changeset="187989182" timestamp="2026-08-25T13:25:23Z" user="aaei924" uid="10626814" lat="35.0259095" lon="126.7766895"/>
 <node id="11364492798" visible="true" version="1" changeset="144253076" timestamp="2023-11-20T15:57:17Z" user="asdfqwer51" uid="3350410" lat="35.0228270" lon="126.7756104"/>
 <node id="11364492799" visible="true" version="1" changeset="144253076" timestamp="2023-11-20T15:57:17Z" user="asdfqwer51" uid="3350410" lat="35.0220686" lon="126.7760642"/>
 <node id="11364492800" visible="true" version="2" changeset="176319095" timestamp="2025-12-23T17:30:15Z" user="aaei924" uid="10626814" lat="35.0219448" lon="126.7762739"/>
 <node id="11364492801" visible="true" version="1" changeset="144253076" timestamp="2023-11-20T15:57:17Z" user="asdfqwer51" uid="3350410" lat="35.0236654" lon="126.7757910"/>
 <node id="11364492804" visible="true" version="1" changeset="144253076" timestamp="2023-11-20T15:57:17Z" user="asdfqwer51" uid="3350410" lat="35.0271519" lon="126.7772199"/>
 <node id="11364492805" visible="true" version="1" changeset="144253076" timestamp="2023-11-20T15:57:17Z" user="asdfqwer51" uid="3350410" lat="35.0284418" lon="126.7777800"/>
 <node id="11364492806" visible="true" version="1" changeset="144253076" timestamp="2023-11-20T15:57:17Z" user="asdfqwer51" uid="3350410" lat="35.0290190" lon="126.7780006"/>
 <node id="11364492807" visible="true" version="1" changeset="144253076" timestamp="2023-11-20T15:57:17Z" user="asdfqwer51" uid="3350410" lat="35.0282543" lon="126.7778041"/>
 <node id="11364492808" visible="true" version="1" changeset="144253076" timestamp="2023-11-20T15:57:17Z" user="asdfqwer51" uid="3350410" lat="35.0291357" lon="126.7781423"/>
 <node id="11364492809" visible="true" version="1" changeset="144253076" timestamp="2023-11-20T15:57:17Z" user="asdfqwer51" uid="3350410" lat="35.0292921" lon="126.7780947"/>
 <node id="11364492810" visible="true" version="1" changeset="144253076" timestamp="2023-11-20T15:57:17Z" user="asdfqwer51" uid="3350410" lat="35.0298779" lon="126.7782658"/>
 <node id="11364492811" visible="true" version="1" changeset="144253076" timestamp="2023-11-20T15:57:17Z" user="asdfqwer51" uid="3350410" lat="35.0302056" lon="126.7783362"/>
 <node id="11364492812" visible="true" version="1" changeset="144253076" timestamp="2023-11-20T15:57:17Z" user="asdfqwer51" uid="3350410" lat="35.0306423" lon="126.7784049"/>
 <node id="11364492819" visible="true" version="1" changeset="144253076" timestamp="2023-11-20T15:57:17Z" user="asdfqwer51" uid="3350410" lat="35.0316577" lon="126.7784703"/>
 <node id="11364492834" visible="true" version="1" changeset="144253076" timestamp="2023-11-20T15:57:17Z" user="asdfqwer51" uid="3350410" lat="35.0346452" lon="126.7781863"/>
 <node id="11364492857" visible="true" version="3" changeset="188182969" timestamp="2026-08-29T07:32:38Z" user="aaei924" uid="10626814" lat="35.0332557" lon="126.7784274">
  <tag k="highway" v="motorway_junction"/>
  <tag k="name" v="금천"/>
  <tag k="name:en" v="Geumcheon"/>
  <tag k="name:ko" v="금천"/>
 </node>
 <node id="11368927820" visible="true" version="1" changeset="144333236" timestamp="2023-11-22T16:36:43Z" user="asdfqwer51" uid="3350410" lat="35.0305270" lon="126.7821981"/>
 <node id="11369025913" visible="true" version="1" changeset="144334816" timestamp="2023-11-22T17:12:52Z" user="asdfqwer51" uid="3350410" lat="35.0276570" lon="126.7805647"/>
 <node id="11369025914" visible="true" version="1" changeset="144334816" timestamp="2023-11-22T17:12:52Z" user="asdfqwer51" uid="3350410" lat="35.0269087" lon="126.7802926"/>
 <node id="11369025915" visible="true" version="1" changeset="144334816" timestamp="2023-11-22T17:12:52Z" user="asdfqwer51" uid="3350410" lat="35.0264351" lon="126.7801426"/>
 <node id="11369025916" visible="true" version="1" changeset="144334816" timestamp="2023-11-22T17:12:52Z" user="asdfqwer51" uid="3350410" lat="35.0260411" lon="126.7772776"/>
 <node id="11369025917" visible="true" version="1" changeset="144334816" timestamp="2023-11-22T17:12:52Z" user="asdfqwer51" uid="3350410" lat="35.0288330" lon="126.7793702">
  <tag k="bus" v="yes"/>
  <tag k="highway" v="bus_stop"/>
  <tag k="name" v="우미린아파트(북)"/>
  <tag k="name:en" v="Woomi Lynn Apartments (North)"/>
  <tag k="name:ko" v="우미린아파트(북)"/>
  <tag k="public_transport" v="platform"/>
  <tag k="ref" v="6125"/>
 </node>
 <node id="11369025918" visible="true" version="1" changeset="144334816" timestamp="2023-11-22T17:12:52Z" user="asdfqwer51" uid="3350410" lat="35.0287749" lon="126.7793393">
  <tag k="bus" v="yes"/>
  <tag k="highway" v="bus_stop"/>
  <tag k="name" v="우미린아파트(북)"/>
  <tag k="name:en" v="Woomi Lynn Apartments (North)"/>
  <tag k="name:ko" v="우미린아파트(북)"/>
  <tag k="public_transport" v="platform"/>
  <tag k="ref" v="6126"/>
 </node>
 <node id="11369025919" visible="true" version="1" changeset="144334816" timestamp="2023-11-22T17:12:52Z" user="asdfqwer51" uid="3350410" lat="35.0289113" lon="126.7812990"/>
 <node id="11369025920" visible="true" version="1" changeset="144334816" timestamp="2023-11-22T17:12:52Z" user="asdfqwer51" uid="3350410" lat="35.0285017" lon="126.7811659"/>
 <node id="11369025921" visible="true" version="1" changeset="144334816" timestamp="2023-11-22T17:12:52Z" user="asdfqwer51" uid="3350410" lat="35.0300990" lon="126.7833028"/>
 <node id="11369025922" visible="true" version="1" changeset="144334816" timestamp="2023-11-22T17:12:52Z" user="asdfqwer51" uid="3350410" lat="35.0294440" lon="126.7850283"/>
 <node id="11369025923" visible="true" version="1" changeset="144334816" timestamp="2023-11-22T17:12:52Z" user="asdfqwer51" uid="3350410" lat="35.0305902" lon="126.7830206"/>
 <node id="11369025924" visible="true" version="1" changeset="144334816" timestamp="2023-11-22T17:12:52Z" user="asdfqwer51" uid="3350410" lat="35.0296583" lon="126.7851603"/>
 <node id="11369025925" visible="true" version="1" changeset="144334816" timestamp="2023-11-22T17:12:52Z" user="asdfqwer51" uid="3350410" lat="35.0294722" lon="126.7856509"/>
 <node id="11369025926" visible="true" version="1" changeset="144334816" timestamp="2023-11-22T17:12:52Z" user="asdfqwer51" uid="3350410" lat="35.0299838" lon="126.7859404"/>
 <node id="11369025927" visible="true" version="1" changeset="144334816" timestamp="2023-11-22T17:12:52Z" user="asdfqwer51" uid="3350410" lat="35.0297611" lon="126.7865273"/>
 <node id="11369025928" visible="true" version="1" changeset="144334816" timestamp="2023-11-22T17:12:52Z" user="asdfqwer51" uid="3350410" lat="35.0299157" lon="126.7866148"/>
 <node id="11369025929" visible="true" version="1" changeset="144334816" timestamp="2023-11-22T17:12:52Z" user="asdfqwer51" uid="3350410" lat="35.0301218" lon="126.7860714"/>
 <node id="11369025930" visible="true" version="1" changeset="144334816" timestamp="2023-11-22T17:12:52Z" user="asdfqwer51" uid="3350410" lat="35.0300995" lon="126.7860466"/>
 <node id="11369025931" visible="true" version="1" changeset="144334816" timestamp="2023-11-22T17:12:52Z" user="asdfqwer51" uid="3350410" lat="35.0301242" lon="126.7859819"/>
 <node id="11369025932" visible="true" version="1" changeset="144334816" timestamp="2023-11-22T17:12:52Z" user="asdfqwer51" uid="3350410" lat="35.0301620" lon="126.7860034"/>
 <node id="11369025933" visible="true" version="1" changeset="144334816" timestamp="2023-11-22T17:12:52Z" user="asdfqwer51" uid="3350410" lat="35.0301726" lon="126.7859756"/>
 <node id="11369025934" visible="true" version="1" changeset="144334816" timestamp="2023-11-22T17:12:52Z" user="asdfqwer51" uid="3350410" lat="35.0302193" lon="126.7860021"/>
 <node id="11369025935" visible="true" version="1" changeset="144334816" timestamp="2023-11-22T17:12:52Z" user="asdfqwer51" uid="3350410" lat="35.0303925" lon="126.7855482"/>
 <node id="11369025936" visible="true" version="1" changeset="144334816" timestamp="2023-11-22T17:12:52Z" user="asdfqwer51" uid="3350410" lat="35.0302253" lon="126.7854531"/>
 <node id="11369025937" visible="true" version="1" changeset="144334816" timestamp="2023-11-22T17:12:52Z" user="asdfqwer51" uid="3350410" lat="35.0301462" lon="126.7856606"/>
 <node id="11369025938" visible="true" version="1" changeset="144334816" timestamp="2023-11-22T17:12:52Z" user="asdfqwer51" uid="3350410" lat="35.0300972" lon="126.7856328"/>
 <node id="11369025939" visible="true" version="1" changeset="144334816" timestamp="2023-11-22T17:12:52Z" user="asdfqwer51" uid="3350410" lat="35.0301682" lon="126.7854468"/>
 <node id="11369025940" visible="true" version="1" changeset="144334816" timestamp="2023-11-22T17:12:52Z" user="asdfqwer51" uid="3350410" lat="35.0300419" lon="126.7853749"/>
 <node id="11369025941" visible="true" version="1" changeset="144334816" timestamp="2023-11-22T17:12:52Z" user="asdfqwer51" uid="3350410" lat="35.0299000" lon="126.7857467"/>
 <node id="11369025942" visible="true" version="1" changeset="144334816" timestamp="2023-11-22T17:12:52Z" user="asdfqwer51" uid="3350410" lat="35.0297350" lon="126.7856527"/>
 <node id="11369025943" visible="true" version="1" changeset="144334816" timestamp="2023-11-22T17:12:52Z" user="asdfqwer51" uid="3350410" lat="35.0297566" lon="126.7855961"/>
 <node id="11369025944" visible="true" version="1" changeset="144334816" timestamp="2023-11-22T17:12:52Z" user="asdfqwer51" uid="3350410" lat="35.0296797" lon="126.7855523"/>
 <node id="11369025945" visible="true" version="1" changeset="144334816" timestamp="2023-11-22T17:12:52Z" user="asdfqwer51" uid="3350410" lat="35.0297979" lon="126.7852393"/>
 <node id="11369025946" visible="true" version="1" changeset="144334816" timestamp="2023-11-22T17:12:52Z" user="asdfqwer51" uid="3350410" lat="35.0297598" lon="126.7853398"/>
 <node id="11369025947" visible="true" version="1" changeset="144334816" timestamp="2023-11-22T17:12:52Z" user="asdfqwer51" uid="3350410" lat="35.0297326" lon="126.7853346"/>
 <node id="11369025948" visible="true" version="1" changeset="144334816" timestamp="2023-11-22T17:12:52Z" user="asdfqwer51" uid="3350410" lat="35.0296790" lon="126.7854748"/>
 <node id="11369025949" visible="true" version="1" changeset="144334816" timestamp="2023-11-22T17:12:52Z" user="asdfqwer51" uid="3350410" lat="35.0297038" lon="126.7854890"/>
 <node id="11369025950" visible="true" version="1" changeset="144334816" timestamp="2023-11-22T17:12:52Z" user="asdfqwer51" uid="3350410" lat="35.0298924" lon="126.7868105"/>
 <node id="11369025951" visible="true" version="1" changeset="144334816" timestamp="2023-11-22T17:12:52Z" user="asdfqwer51" uid="3350410" lat="35.0300831" lon="126.7866853"/>
 <node id="11369025952" visible="true" version="1" changeset="144334816" timestamp="2023-11-22T17:12:52Z" user="asdfqwer51" uid="3350410" lat="35.0300228" lon="126.7866069"/>
 <node id="11369025953" visible="true" version="1" changeset="144334816" timestamp="2023-11-22T17:12:52Z" user="asdfqwer51" uid="3350410" lat="35.0298997" lon="126.7867622"/>
 <node id="11369025954" visible="true" version="1" changeset="144334816" timestamp="2023-11-22T17:12:52Z" user="asdfqwer51" uid="3350410" lat="35.0298742" lon="126.7867818"/>
 <node id="11369025955" visible="true" version="1" changeset="144334816" timestamp="2023-11-22T17:12:52Z" user="asdfqwer51" uid="3350410" lat="35.0298368" lon="126.7867622"/>
 <node id="11369025956" visible="true" version="1" changeset="144334816" timestamp="2023-11-22T17:12:52Z" user="asdfqwer51" uid="3350410" lat="35.0298542" lon="126.7867066"/>
 <node id="11369025957" visible="true" version="1" changeset="144334816" timestamp="2023-11-22T17:12:52Z" user="asdfqwer51" uid="3350410" lat="35.0296908" lon="126.7866167"/>
 <node id="11369025958" visible="true" version="1" changeset="144334816" timestamp="2023-11-22T17:12:52Z" user="asdfqwer51" uid="3350410" lat="35.0297524" lon="126.7864663"/>
 <node id="11369025959" visible="true" version="1" changeset="144334816" timestamp="2023-11-22T17:12:52Z" user="asdfqwer51" uid="3350410" lat="35.0296359" lon="126.7863976"/>
 <node id="11369025960" visible="true" version="1" changeset="144334816" timestamp="2023-11-22T17:12:52Z" user="asdfqwer51" uid="3350410" lat="35.0295543" lon="126.7866183"/>
 <node id="11369025961" visible="true" version="1" changeset="144334816" timestamp="2023-11-22T17:12:52Z" user="asdfqwer51" uid="3350410" lat="35.0295931" lon="126.7866412"/>
 <node id="11369025962" visible="true" version="1" changeset="144334816" timestamp="2023-11-22T17:12:52Z" user="asdfqwer51" uid="3350410" lat="35.0295864" lon="126.7866739"/>
 <node id="11369025963" visible="true" version="1" changeset="144334816" timestamp="2023-11-22T17:12:52Z" user="asdfqwer51" uid="3350410" lat="35.0296078" lon="126.7866951"/>
 <node id="11369025964" visible="true" version="1" changeset="144334816" timestamp="2023-11-22T17:12:52Z" user="asdfqwer51" uid="3350410" lat="35.0297002" lon="126.7867507"/>
 <node id="11369025965" visible="true" version="1" changeset="144334816" timestamp="2023-11-22T17:12:52Z" user="asdfqwer51" uid="3350410" lat="35.0296815" lon="126.7868112"/>
 <node id="11369025966" visible="true" version="1" changeset="144334816" timestamp="2023-11-22T17:12:52Z" user="asdfqwer51" uid="3350410" lat="35.0298127" lon="126.7868815"/>
 <node id="11369025967" visible="true" version="1" changeset="144334816" timestamp="2023-11-22T17:12:52Z" user="asdfqwer51" uid="3350410" lat="35.0298341" lon="126.7868358"/>
 <node id="11369025968" visible="true" version="1" changeset="144334816" timestamp="2023-11-22T17:12:52Z" user="asdfqwer51" uid="3350410" lat="35.0298863" lon="126.7868635"/>
 <node id="11369028969" visible="true" version="1" changeset="144334816" timestamp="2023-11-22T17:12:52Z" user="asdfqwer51" uid="3350410" lat="35.0299184" lon="126.7869012"/>
 <node id="11369028970" visible="true" version="1" changeset="144334816" timestamp="2023-11-22T17:12:52Z" user="asdfqwer51" uid="3350410" lat="35.0300260" lon="126.7844740"/>
 <node id="11369028971" visible="true" version="1" changeset="144334816" timestamp="2023-11-22T17:12:52Z" user="asdfqwer51" uid="3350410" lat="35.0303370" lon="126.7844338"/>
 <node id="11369028972" visible="true" version="1" changeset="144334816" timestamp="2023-11-22T17:12:52Z" user="asdfqwer51" uid="3350410" lat="35.0303645" lon="126.7846019"/>
 <node id="11369028973" visible="true" version="1" changeset="144334816" timestamp="2023-11-22T17:12:52Z" user="asdfqwer51" uid="3350410" lat="35.0303339" lon="126.7846094"/>
 <node id="11369028974" visible="true" version="1" changeset="144334816" timestamp="2023-11-22T17:12:52Z" user="asdfqwer51" uid="3350410" lat="35.0303525" lon="126.7847230"/>
 <node id="11369028975" visible="true" version="1" changeset="144334816" timestamp="2023-11-22T17:12:52Z" user="asdfqwer51" uid="3350410" lat="35.0303247" lon="126.7847298"/>
 <node id="11369028976" visible="true" version="1" changeset="144334816" timestamp="2023-11-22T17:12:52Z" user="asdfqwer51" uid="3350410" lat="35.0303307" lon="126.7847664"/>
 <node id="11369028977" visible="true" version="1" changeset="144334816" timestamp="2023-11-22T17:12:52Z" user="asdfqwer51" uid="3350410" lat="35.0303784" lon="126.7847707"/>
 <node id="11369028978" visible="true" version="1" changeset="144334816" timestamp="2023-11-22T17:12:52Z" user="asdfqwer51" uid="3350410" lat="35.0304096" lon="126.7849615"/>
 <node id="11369028979" visible="true" version="1" changeset="144334816" timestamp="2023-11-22T17:12:52Z" user="asdfqwer51" uid="3350410" lat="35.0302140" lon="126.7850092"/>
 <node id="11369028980" visible="true" version="1" changeset="144334816" timestamp="2023-11-22T17:12:52Z" user="asdfqwer51" uid="3350410" lat="35.0301283" lon="126.7844846"/>
 <node id="11369028981" visible="true" version="1" changeset="144334816" timestamp="2023-11-22T17:12:52Z" user="asdfqwer51" uid="3350410" lat="35.0305091" lon="126.7849282"/>
 <node id="11369028982" visible="true" version="1" changeset="144334816" timestamp="2023-11-22T17:12:52Z" user="asdfqwer51" uid="3350410" lat="35.0301166" lon="126.7850465"/>
 <node id="11369028983" visible="true" version="1" changeset="144334816" timestamp="2023-11-22T17:12:52Z" user="asdfqwer51" uid="3350410" lat="35.0305091" lon="126.7849800"/>
 <node id="11369028984" visible="true" version="1" changeset="144334816" timestamp="2023-11-22T17:12:52Z" user="asdfqwer51" uid="3350410" lat="35.0304703" lon="126.7849671"/>
 <node id="11369028985" visible="true" version="1" changeset="144334816" timestamp="2023-11-22T17:12:52Z" user="asdfqwer51" uid="3350410" lat="35.0301770" lon="126.7850447"/>
 <node id="11369028986" visible="true" version="1" changeset="144334816" timestamp="2023-11-22T17:12:52Z" user="asdfqwer51" uid="3350410" lat="35.0305704" lon="126.7849699">
  <tag k="highway" v="crossing"/>
 </node>
 <node id="11369028987" visible="true" version="1" changeset="144334816" timestamp="2023-11-22T17:12:52Z" user="asdfqwer51" uid="3350410" lat="35.0305374" lon="126.7850598"/>
 <node id="11369028988" visible="true" version="1" changeset="144334816" timestamp="2023-11-22T17:12:52Z" user="asdfqwer51" uid="3350410" lat="35.0304703" lon="126.7850943"/>
 <node id="11369028989" visible="true" version="1" changeset="144334816" timestamp="2023-11-22T17:12:52Z" user="asdfqwer51" uid="3350410" lat="35.0304985" lon="126.7852540"/>
 <node id="11369028990" visible="true" version="1" changeset="144334816" timestamp="2023-11-22T17:12:52Z" user="asdfqwer51" uid="3350410" lat="35.0304769" lon="126.7855541"/>
 <node id="11369028991" visible="true" version="1" changeset="144334816" timestamp="2023-11-22T17:12:52Z" user="asdfqwer51" uid="3350410" lat="35.0305134" lon="126.7854813"/>
 <node id="11369028992" visible="true" version="1" changeset="144334816" timestamp="2023-11-22T17:12:52Z" user="asdfqwer51" uid="3350410" lat="35.0304114" lon="126.7850205"/>
 <node id="11369028993" visible="true" version="1" changeset="144334816" timestamp="2023-11-22T17:12:52Z" user="asdfqwer51" uid="3350410" lat="35.0304347" lon="126.7851521"/>
 <node id="11369028994" visible="true" version="1" changeset="144334816" timestamp="2023-11-22T17:12:52Z" user="asdfqwer51" uid="3350410" lat="35.0304036" lon="126.7851603"/>
 <node id="11369028995" visible="true" version="1" changeset="144334816" timestamp="2023-11-22T17:12:52Z" user="asdfqwer51" uid="3350410" lat="35.0304206" lon="126.7852559"/>
 <node id="11369028996" visible="true" version="1" changeset="144334816" timestamp="2023-11-22T17:12:52Z" user="asdfqwer51" uid="3350410" lat="35.0303903" lon="126.7852640"/>
 <node id="11369028997" visible="true" version="1" changeset="144334816" timestamp="2023-11-22T17:12:52Z" user="asdfqwer51" uid="3350410" lat="35.0303925" lon="126.7852763"/>
 <node id="11369028998" visible="true" version="1" changeset="144334816" timestamp="2023-11-22T17:12:52Z" user="asdfqwer51" uid="3350410" lat="35.0304379" lon="126.7852640"/>
 <node id="11369028999" visible="true" version="1" changeset="144334816" timestamp="2023-11-22T17:12:52Z" user="asdfqwer51" uid="3350410" lat="35.0304798" lon="126.7854946"/>
 <node id="11369029000" visible="true" version="1" changeset="144334816" timestamp="2023-11-22T17:12:52Z" user="asdfqwer51" uid="3350410" lat="35.0304361" lon="126.7855065"/>
 <node id="11369029001" visible="true" version="1" changeset="144334816" timestamp="2023-11-22T17:12:52Z" user="asdfqwer51" uid="3350410" lat="35.0302997" lon="126.7854268"/>
 <node id="11369029002" visible="true" version="1" changeset="144334816" timestamp="2023-11-22T17:12:52Z" user="asdfqwer51" uid="3350410" lat="35.0302948" lon="126.7853984"/>
 <node id="11369029003" visible="true" version="1" changeset="144334816" timestamp="2023-11-22T17:12:52Z" user="asdfqwer51" uid="3350410" lat="35.0302509" lon="126.7854097"/>
 <node id="11369029004" visible="true" version="1" changeset="144334816" timestamp="2023-11-22T17:12:52Z" user="asdfqwer51" uid="3350410" lat="35.0301961" lon="126.7850946"/>
 <node id="11369029005" visible="true" version="1" changeset="144334816" timestamp="2023-11-22T17:12:52Z" user="asdfqwer51" uid="3350410" lat="35.0302781" lon="126.7850734"/>
 <node id="11369029006" visible="true" version="1" changeset="144334816" timestamp="2023-11-22T17:12:52Z" user="asdfqwer51" uid="3350410" lat="35.0302751" lon="126.7850564"/>
 <node id="11372918362" visible="true" version="1" changeset="144398789" timestamp="2023-11-24T08:57:10Z" user="asdfqwer51" uid="3350410" lat="35.0290948" lon="126.7777489"/>
 <node id="11372918363" visible="true" version="1" changeset="144398789" timestamp="2023-11-24T08:57:10Z" user="asdfqwer51" uid="3350410" lat="35.0294406" lon="126.7778251"/>
 <node id="11372918364" visible="true" version="1" changeset="144398789" timestamp="2023-11-24T08:57:10Z" user="asdfqwer51" uid="3350410" lat="35.0293805" lon="126.7778083"/>
 <node id="11372918365" visible="true" version="1" changeset="144398789" timestamp="2023-11-24T08:57:10Z" user="asdfqwer51" uid="3350410" lat="35.0287669" lon="126.7776827"/>
 <node id="11372918366" visible="true" version="1" changeset="144398789" timestamp="2023-11-24T08:57:10Z" user="asdfqwer51" uid="3350410" lat="35.0286013" lon="126.7776348"/>
 <node id="11372918367" visible="true" version="1" changeset="144398789" timestamp="2023-11-24T08:57:10Z" user="asdfqwer51" uid="3350410" lat="35.0285491" lon="126.7776171"/>
 <node id="11372918368" visible="true" version="1" changeset="144398789" timestamp="2023-11-24T08:57:10Z" user="asdfqwer51" uid="3350410" lat="35.0279694" lon="126.7773947"/>
 <node id="11372928569" visible="true" version="1" changeset="144398789" timestamp="2023-11-24T08:57:10Z" user="asdfqwer51" uid="3350410" lat="35.0273115" lon="126.7771223"/>
 <node id="11372928570" visible="true" version="1" changeset="144398789" timestamp="2023-11-24T08:57:10Z" user="asdfqwer51" uid="3350410" lat="35.0270929" lon="126.7770056"/>
 <node id="11372928571" visible="true" version="1" changeset="144398789" timestamp="2023-11-24T08:57:10Z" user="asdfqwer51" uid="3350410" lat="35.0268981" lon="126.7768805"/>
 <node id="11372928572" visible="true" version="1" changeset="144398789" timestamp="2023-11-24T08:57:10Z" user="asdfqwer51" uid="3350410" lat="35.0256622" lon="126.7761398"/>
 <node id="11372928573" visible="true" version="1" changeset="144398789" timestamp="2023-11-24T08:57:10Z" user="asdfqwer51" uid="3350410" lat="35.0253208" lon="126.7760012"/>
 <node id="11372928574" visible="true" version="1" changeset="144398789" timestamp="2023-11-24T08:57:10Z" user="asdfqwer51" uid="3350410" lat="35.0257688" lon="126.7762073"/>
 <node id="11372928575" visible="true" version="1" changeset="144398789" timestamp="2023-11-24T08:57:10Z" user="asdfqwer51" uid="3350410" lat="35.0258714" lon="126.7762978"/>
 <node id="11586050757" visible="true" version="1" changeset="147077461" timestamp="2024-02-05T04:28:45Z" user="FUKUTAN" uid="5207199" lat="35.0306445" lon="126.7770885"/>
 <node id="11586050758" visible="true" version="1" changeset="147077461" timestamp="2024-02-05T04:28:45Z" user="FUKUTAN" uid="5207199" lat="35.0313103" lon="126.7767779"/>
 <node id="11586050759" visible="true" version="1" changeset="147077461" timestamp="2024-02-05T04:28:45Z" user="FUKUTAN" uid="5207199" lat="35.0312452" lon="126.7768143"/>
 <node id="11586050760" visible="true" version="1" changeset="147077461" timestamp="2024-02-05T04:28:45Z" user="FUKUTAN" uid="5207199" lat="35.0322306" lon="126.7760892"/>
 <node id="11586050762" visible="true" version="1" changeset="147077461" timestamp="2024-02-05T04:28:45Z" user="FUKUTAN" uid="5207199" lat="35.0328952" lon="126.7754738"/>
 <node id="11586050763" visible="true" version="1" changeset="147077461" timestamp="2024-02-05T04:28:45Z" user="FUKUTAN" uid="5207199" lat="35.0329745" lon="126.7753443"/>
 <node id="11586050764" visible="true" version="1" changeset="147077461" timestamp="2024-02-05T04:28:45Z" user="FUKUTAN" uid="5207199" lat="35.0332282" lon="126.7747206"/>
 <node id="11586050765" visible="true" version="1" changeset="147077461" timestamp="2024-02-05T04:28:45Z" user="FUKUTAN" uid="5207199" lat="35.0333512" lon="126.7743092"/>
 <node id="11586054481" visible="true" version="1" changeset="147077461" timestamp="2024-02-05T04:28:45Z" user="FUKUTAN" uid="5207199" lat="35.0332046" lon="126.7747804"/>
 <node id="11586054509" visible="true" version="1" changeset="147077461" timestamp="2024-02-05T04:28:45Z" user="FUKUTAN" uid="5207199" lat="35.0305746" lon="126.7752790"/>
 <node id="11586054510" visible="true" version="1" changeset="147077461" timestamp="2024-02-05T04:28:45Z" user="FUKUTAN" uid="5207199" lat="35.0305168" lon="126.7752849"/>
 <node id="11586054511" visible="true" version="1" changeset="147077461" timestamp="2024-02-05T04:28:45Z" user="FUKUTAN" uid="5207199" lat="35.0287272" lon="126.7758264"/>
 <node id="11586054512" visible="true" version="1" changeset="147077461" timestamp="2024-02-05T04:28:45Z" user="FUKUTAN" uid="5207199" lat="35.0286649" lon="126.7758618"/>
 <node id="11586054513" visible="true" version="1" changeset="147077461" timestamp="2024-02-05T04:28:45Z" user="FUKUTAN" uid="5207199" lat="35.0286142" lon="126.7759095"/>
 <node id="11586054514" visible="true" version="1" changeset="147077461" timestamp="2024-02-05T04:28:45Z" user="FUKUTAN" uid="5207199" lat="35.0301006" lon="126.7730403"/>
 <node id="11586054556" visible="true" version="1" changeset="147077461" timestamp="2024-02-05T04:28:45Z" user="FUKUTAN" uid="5207199" lat="35.0296305" lon="126.7839106"/>
 <node id="11586054557" visible="true" version="1" changeset="147077461" timestamp="2024-02-05T04:28:45Z" user="FUKUTAN" uid="5207199" lat="35.0295256" lon="126.7841809"/>
 <node id="11586054558" visible="true" version="1" changeset="147077461" timestamp="2024-02-05T04:28:45Z" user="FUKUTAN" uid="5207199" lat="35.0293344" lon="126.7845010"/>
 <node id="11586054559" visible="true" version="1" changeset="147077461" timestamp="2024-02-05T04:28:45Z" user="FUKUTAN" uid="5207199" lat="35.0291383" lon="126.7848025"/>
 <node id="11971418026" visible="true" version="1" changeset="152527927" timestamp="2024-06-11T07:22:28Z" user="LuxuryCoop" uid="7245212" lat="35.0294121" lon="126.7809364">
  <tag k="branch" v="나주이노시티애시앙점"/>
  <tag k="brand" v="CU"/>
  <tag k="brand:wikidata" v="Q12580836"/>
  <tag k="brand:wikipedia" v="ko:CU (편의점)"/>
  <tag k="int_name" v="CU"/>
  <tag k="level" v="1"/>
  <tag k="name" v="CU"/>
  <tag k="name:ko" v="CU"/>
  <tag k="operator" v="BGF리테일"/>
  <tag k="operator:en" v="BGF Retail"/>
  <tag k="payment:american_express" v="yes"/>
  <tag k="payment:cash" v="yes"/>
  <tag k="payment:diners_club" v="yes"/>
  <tag k="payment:discover_card" v="yes"/>
  <tag k="payment:jcb" v="yes"/>
  <tag k="payment:maestro" v="no"/>
  <tag k="payment:mastercard" v="yes"/>
  <tag k="payment:telephone_cards" v="no"/>
  <tag k="payment:unionpay" v="yes"/>
  <tag k="payment:visa" v="yes"/>
  <tag k="shop" v="convenience"/>
  <tag k="website" v="https://cu.bgfretail.com"/>
 </node>
 <node id="11971418027" visible="true" version="1" changeset="152527927" timestamp="2024-06-11T07:22:28Z" user="LuxuryCoop" uid="7245212" lat="35.0305169" lon="126.7819422">
  <tag k="branch" v="나주혁신애시앙점"/>
  <tag k="brand" v="세븐일레븐"/>
  <tag k="brand:en" v="7-Eleven"/>
  <tag k="brand:wikidata" v="Q259340"/>
  <tag k="brand:wikipedia" v="ko:세븐일레븐"/>
  <tag k="int_name" v="7-Eleven"/>
  <tag k="level" v="1"/>
  <tag k="name" v="세븐일레븐"/>
  <tag k="name:en" v="7-Eleven"/>
  <tag k="name:ja" v="セブン-イレブン"/>
  <tag k="name:ko" v="세븐일레븐"/>
  <tag k="operator" v="코리아세븐"/>
  <tag k="operator:en" v="KOREA SEVEN"/>
  <tag k="payment:american_express" v="yes"/>
  <tag k="payment:cash" v="yes"/>
  <tag k="payment:diners_club" v="yes"/>
  <tag k="payment:discover_card" v="yes"/>
  <tag k="payment:jcb" v="yes"/>
  <tag k="payment:maestro" v="no"/>
  <tag k="payment:mastercard" v="yes"/>
  <tag k="payment:telephone_cards" v="no"/>
  <tag k="payment:unionpay" v="yes"/>
  <tag k="payment:visa" v="yes"/>
  <tag k="shop" v="convenience"/>
  <tag k="website" v="http://www.7-eleven.co.kr/"/>
 </node>
 <node id="11971418028" visible="true" version="1" changeset="152527927" timestamp="2024-06-11T07:22:28Z" user="LuxuryCoop" uid="7245212" lat="35.0310352" lon="126.7846808">
  <tag k="branch" v="나주빛가람점"/>
  <tag k="brand" v="CU"/>
  <tag k="brand:wikidata" v="Q12580836"/>
  <tag k="brand:wikipedia" v="ko:CU (편의점)"/>
  <tag k="int_name" v="CU"/>
  <tag k="level" v="1"/>
  <tag k="name" v="CU"/>
  <tag k="name:ko" v="CU"/>
  <tag k="operator" v="BGF리테일"/>
  <tag k="operator:en" v="BGF Retail"/>
  <tag k="payment:american_express" v="yes"/>
  <tag k="payment:cash" v="yes"/>
  <tag k="payment:diners_club" v="yes"/>
  <tag k="payment:discover_card" v="yes"/>
  <tag k="payment:jcb" v="yes"/>
  <tag k="payment:maestro" v="no"/>
  <tag k="payment:mastercard" v="yes"/>
  <tag k="payment:telephone_cards" v="no"/>
  <tag k="payment:unionpay" v="yes"/>
  <tag k="payment:visa" v="yes"/>
  <tag k="shop" v="convenience"/>
  <tag k="website" v="https://cu.bgfretail.com"/>
 </node>
 <node id="12245217801" visible="true" version="1" changeset="157777877" timestamp="2024-10-12T01:57:04Z" user="FUKUTAN" uid="5207199" lat="35.0356084" lon="126.7823774"/>
 <node id="12245217826" visible="true" version="1" changeset="157777877" timestamp="2024-10-12T01:57:04Z" user="FUKUTAN" uid="5207199" lat="35.0343007" lon="126.7836336"/>
 <node id="12245217827" visible="true" version="1" changeset="157777877" timestamp="2024-10-12T01:57:04Z" user="FUKUTAN" uid="5207199" lat="35.0342932" lon="126.7837107"/>
 <node id="12245217828" visible="true" version="1" changeset="157777877" timestamp="2024-10-12T01:57:04Z" user="FUKUTAN" uid="5207199" lat="35.0342705" lon="126.7838031"/>
 <node id="12245217829" visible="true" version="1" changeset="157777877" timestamp="2024-10-12T01:57:04Z" user="FUKUTAN" uid="5207199" lat="35.0342049" lon="126.7840064"/>
 <node id="12245217830" visible="true" version="1" changeset="157777877" timestamp="2024-10-12T01:57:04Z" user="FUKUTAN" uid="5207199" lat="35.0341595" lon="126.7841266"/>
 <node id="12245217831" visible="true" version="1" changeset="157777877" timestamp="2024-10-12T01:57:04Z" user="FUKUTAN" uid="5207199" lat="35.0340560" lon="126.7843454"/>
 <node id="12245217832" visible="true" version="1" changeset="157777877" timestamp="2024-10-12T01:57:04Z" user="FUKUTAN" uid="5207199" lat="35.0337634" lon="126.7848352"/>
 <node id="12245217833" visible="true" version="1" changeset="157777877" timestamp="2024-10-12T01:57:04Z" user="FUKUTAN" uid="5207199" lat="35.0335469" lon="126.7852077"/>
 <node id="12245217834" visible="true" version="1" changeset="157777877" timestamp="2024-10-12T01:57:04Z" user="FUKUTAN" uid="5207199" lat="35.0334264" lon="126.7854856"/>
 <node id="12245217835" visible="true" version="1" changeset="157777877" timestamp="2024-10-12T01:57:04Z" user="FUKUTAN" uid="5207199" lat="35.0333958" lon="126.7855603"/>
 <node id="12245217836" visible="true" version="1" changeset="157777877" timestamp="2024-10-12T01:57:04Z" user="FUKUTAN" uid="5207199" lat="35.0333595" lon="126.7856327"/>
 <node id="12245217837" visible="true" version="1" changeset="157777877" timestamp="2024-10-12T01:57:04Z" user="FUKUTAN" uid="5207199" lat="35.0333308" lon="126.7856700"/>
 <node id="12245217838" visible="true" version="1" changeset="157777877" timestamp="2024-10-12T01:57:04Z" user="FUKUTAN" uid="5207199" lat="35.0332926" lon="126.7857027"/>
 <node id="12245217839" visible="true" version="1" changeset="157777877" timestamp="2024-10-12T01:57:04Z" user="FUKUTAN" uid="5207199" lat="35.0331090" lon="126.7858171"/>
 <node id="12245217840" visible="true" version="1" changeset="157777877" timestamp="2024-10-12T01:57:04Z" user="FUKUTAN" uid="5207199" lat="35.0330593" lon="126.7858662"/>
 <node id="12245217841" visible="true" version="1" changeset="157777877" timestamp="2024-10-12T01:57:04Z" user="FUKUTAN" uid="5207199" lat="35.0330268" lon="126.7859199"/>
 <node id="12245217842" visible="true" version="1" changeset="157777877" timestamp="2024-10-12T01:57:04Z" user="FUKUTAN" uid="5207199" lat="35.0328318" lon="126.7862141"/>
 <node id="12245217843" visible="true" version="1" changeset="157777877" timestamp="2024-10-12T01:57:04Z" user="FUKUTAN" uid="5207199" lat="35.0327840" lon="126.7862771"/>
 <node id="12245217844" visible="true" version="1" changeset="157777877" timestamp="2024-10-12T01:57:04Z" user="FUKUTAN" uid="5207199" lat="35.0327108" lon="126.7862462"/>
 <node id="12245217845" visible="true" version="1" changeset="157777877" timestamp="2024-10-12T01:57:04Z" user="FUKUTAN" uid="5207199" lat="35.0327343" lon="126.7863238"/>
 <node id="12245217846" visible="true" version="1" changeset="157777877" timestamp="2024-10-12T01:57:04Z" user="FUKUTAN" uid="5207199" lat="35.0326444" lon="126.7863752"/>
 <node id="12245217847" visible="true" version="1" changeset="157777877" timestamp="2024-10-12T01:57:04Z" user="FUKUTAN" uid="5207199" lat="35.0324723" lon="126.7864616"/>
 <node id="12245217848" visible="true" version="1" changeset="157777877" timestamp="2024-10-12T01:57:04Z" user="FUKUTAN" uid="5207199" lat="35.0323022" lon="126.7865270"/>
 <node id="12245217849" visible="true" version="1" changeset="157777877" timestamp="2024-10-12T01:57:04Z" user="FUKUTAN" uid="5207199" lat="35.0320249" lon="126.7866274"/>
 <node id="12245217850" visible="true" version="1" changeset="157777877" timestamp="2024-10-12T01:57:04Z" user="FUKUTAN" uid="5207199" lat="35.0319255" lon="126.7866671"/>
 <node id="12245217851" visible="true" version="1" changeset="157777877" timestamp="2024-10-12T01:57:04Z" user="FUKUTAN" uid="5207199" lat="35.0317324" lon="126.7867792"/>
 <node id="12245217852" visible="true" version="1" changeset="157777877" timestamp="2024-10-12T01:57:04Z" user="FUKUTAN" uid="5207199" lat="35.0314227" lon="126.7869706"/>
 <node id="12245217853" visible="true" version="1" changeset="157777877" timestamp="2024-10-12T01:57:04Z" user="FUKUTAN" uid="5207199" lat="35.0313882" lon="126.7870197"/>
 <node id="12245217854" visible="true" version="1" changeset="157777877" timestamp="2024-10-12T01:57:04Z" user="FUKUTAN" uid="5207199" lat="35.0313271" lon="126.7870827"/>
 <node id="12245217855" visible="true" version="1" changeset="157777877" timestamp="2024-10-12T01:57:04Z" user="FUKUTAN" uid="5207199" lat="35.0310632" lon="126.7872415"/>
 <node id="12245217856" visible="true" version="1" changeset="157777877" timestamp="2024-10-12T01:57:04Z" user="FUKUTAN" uid="5207199" lat="35.0307516" lon="126.7874143"/>
 <node id="12245217857" visible="true" version="1" changeset="157777877" timestamp="2024-10-12T01:57:04Z" user="FUKUTAN" uid="5207199" lat="35.0300460" lon="126.7877785"/>
 <node id="12245217858" visible="true" version="1" changeset="157777877" timestamp="2024-10-12T01:57:04Z" user="FUKUTAN" uid="5207199" lat="35.0299715" lon="126.7878159"/>
 <node id="12245217859" visible="true" version="1" changeset="157777877" timestamp="2024-10-12T01:57:04Z" user="FUKUTAN" uid="5207199" lat="35.0299007" lon="126.7878416"/>
 <node id="12245217860" visible="true" version="1" changeset="157777877" timestamp="2024-10-12T01:57:04Z" user="FUKUTAN" uid="5207199" lat="35.0298529" lon="126.7878439"/>
 <node id="12245217861" visible="true" version="1" changeset="157777877" timestamp="2024-10-12T01:57:04Z" user="FUKUTAN" uid="5207199" lat="35.0298108" lon="126.7878299"/>
 <node id="12245217862" visible="true" version="1" changeset="157777877" timestamp="2024-10-12T01:57:04Z" user="FUKUTAN" uid="5207199" lat="35.0297516" lon="126.7877762"/>
 <node id="12245217863" visible="true" version="2" changeset="171918484" timestamp="2025-09-14T13:39:45Z" user="FUKUTAN" uid="5207199" lat="35.0293617" lon="126.7873354"/>
 <node id="12251649794" visible="true" version="1" changeset="157900216" timestamp="2024-10-15T00:38:08Z" user="야광멧돼지" uid="12393144" lat="35.0296962" lon="126.7686132"/>
 <node id="12251649805" visible="true" version="1" changeset="157900216" timestamp="2024-10-15T00:38:08Z" user="야광멧돼지" uid="12393144" lat="35.0291394" lon="126.7776591"/>
 <node id="12251649806" visible="true" version="1" changeset="157900216" timestamp="2024-10-15T00:38:08Z" user="야광멧돼지" uid="12393144" lat="35.0292404" lon="126.7768831"/>
 <node id="12251649807" visible="true" version="1" changeset="157900216" timestamp="2024-10-15T00:38:08Z" user="야광멧돼지" uid="12393144" lat="35.0292269" lon="126.7768008"/>
 <node id="12251649808" visible="true" version="1" changeset="157900216" timestamp="2024-10-15T00:38:08Z" user="야광멧돼지" uid="12393144" lat="35.0291214" lon="126.7763128"/>
 <node id="12251649809" visible="true" version="1" changeset="157900216" timestamp="2024-10-15T00:38:08Z" user="야광멧돼지" uid="12393144" lat="35.0289508" lon="126.7754764"/>
 <node id="12251649810" visible="true" version="1" changeset="157900216" timestamp="2024-10-15T00:38:08Z" user="야광멧돼지" uid="12393144" lat="35.0287801" lon="126.7746155"/>
 <node id="12251649811" visible="true" version="1" changeset="157900216" timestamp="2024-10-15T00:38:08Z" user="야광멧돼지" uid="12393144" lat="35.0285219" lon="126.7733295"/>
 <node id="12251649812" visible="true" version="1" changeset="157900216" timestamp="2024-10-15T00:38:08Z" user="야광멧돼지" uid="12393144" lat="35.0282502" lon="126.7719667"/>
 <node id="12251649813" visible="true" version="1" changeset="157900216" timestamp="2024-10-15T00:38:08Z" user="야광멧돼지" uid="12393144" lat="35.0280436" lon="126.7709330"/>
 <node id="12251649814" visible="true" version="1" changeset="157900216" timestamp="2024-10-15T00:38:08Z" user="야광멧돼지" uid="12393144" lat="35.0280571" lon="126.7707520"/>
 <node id="12251649815" visible="true" version="1" changeset="157900216" timestamp="2024-10-15T00:38:08Z" user="야광멧돼지" uid="12393144" lat="35.0280863" lon="126.7707054"/>
 <node id="12251649816" visible="true" version="1" changeset="157900216" timestamp="2024-10-15T00:38:08Z" user="야광멧돼지" uid="12393144" lat="35.0282592" lon="126.7705765"/>
 <node id="12251649817" visible="true" version="1" changeset="157900216" timestamp="2024-10-15T00:38:08Z" user="야광멧돼지" uid="12393144" lat="35.0284613" lon="126.7703325"/>
 <node id="12251649818" visible="true" version="1" changeset="157900216" timestamp="2024-10-15T00:38:08Z" user="야광멧돼지" uid="12393144" lat="35.0285578" lon="126.7701899"/>
 <node id="12251649819" visible="true" version="1" changeset="157900216" timestamp="2024-10-15T00:38:08Z" user="야광멧돼지" uid="12393144" lat="35.0286364" lon="126.7699979"/>
 <node id="12251649820" visible="true" version="1" changeset="157900216" timestamp="2024-10-15T00:38:08Z" user="야광멧돼지" uid="12393144" lat="35.0288452" lon="126.7697155"/>
 <node id="12251649821" visible="true" version="1" changeset="157900216" timestamp="2024-10-15T00:38:08Z" user="야광멧돼지" uid="12393144" lat="35.0295390" lon="126.7688244"/>
 <node id="12251649823" visible="true" version="1" changeset="157900216" timestamp="2024-10-15T00:38:08Z" user="야광멧돼지" uid="12393144" lat="35.0289716" lon="126.7757401"/>
 <node id="12251649824" visible="true" version="1" changeset="157900216" timestamp="2024-10-15T00:38:08Z" user="야광멧돼지" uid="12393144" lat="35.0290421" lon="126.7757194"/>
 <node id="12492113387" visible="true" version="1" changeset="161234937" timestamp="2025-01-11T11:12:22Z" user="FUKUTAN" uid="5207199" lat="35.0309728" lon="126.7719503"/>
 <node id="12492113389" visible="true" version="1" changeset="161234937" timestamp="2025-01-11T11:12:22Z" user="FUKUTAN" uid="5207199" lat="35.0322609" lon="126.7753428"/>
 <node id="12492113390" visible="true" version="1" changeset="161234937" timestamp="2025-01-11T11:12:22Z" user="FUKUTAN" uid="5207199" lat="35.0324859" lon="126.7742687"/>
 <node id="12492113391" visible="true" version="1" changeset="161234937" timestamp="2025-01-11T11:12:22Z" user="FUKUTAN" uid="5207199" lat="35.0326660" lon="126.7735687"/>
 <node id="12492113392" visible="true" version="1" changeset="161234937" timestamp="2025-01-11T11:12:22Z" user="FUKUTAN" uid="5207199" lat="35.0329691" lon="126.7725038"/>
 <node id="12492113393" visible="true" version="1" changeset="161234937" timestamp="2025-01-11T11:12:22Z" user="FUKUTAN" uid="5207199" lat="35.0324434" lon="126.7744651">
  <tag k="highway" v="crossing"/>
 </node>
 <node id="12492113399" visible="true" version="1" changeset="161234937" timestamp="2025-01-11T11:12:22Z" user="FUKUTAN" uid="5207199" lat="35.0328244" lon="126.7730119"/>
 <node id="12492158401" visible="true" version="1" changeset="161234937" timestamp="2025-01-11T11:12:22Z" user="FUKUTAN" uid="5207199" lat="35.0308843" lon="126.7722936"/>
 <node id="12492158402" visible="true" version="1" changeset="161234937" timestamp="2025-01-11T11:12:22Z" user="FUKUTAN" uid="5207199" lat="35.0304894" lon="126.7738262"/>
 <node id="12492158403" visible="true" version="1" changeset="161234937" timestamp="2025-01-11T11:12:22Z" user="FUKUTAN" uid="5207199" lat="35.0305597" lon="126.7742043"/>
 <node id="12492158404" visible="true" version="1" changeset="161234937" timestamp="2025-01-11T11:12:22Z" user="FUKUTAN" uid="5207199" lat="35.0306146" lon="126.7743948"/>
 <node id="12492158405" visible="true" version="1" changeset="161234937" timestamp="2025-01-11T11:12:22Z" user="FUKUTAN" uid="5207199" lat="35.0306454" lon="126.7744377"/>
 <node id="12492158406" visible="true" version="1" changeset="161234937" timestamp="2025-01-11T11:12:22Z" user="FUKUTAN" uid="5207199" lat="35.0306739" lon="126.7744645"/>
 <node id="12492158407" visible="true" version="1" changeset="161234937" timestamp="2025-01-11T11:12:22Z" user="FUKUTAN" uid="5207199" lat="35.0307179" lon="126.7744779"/>
 <node id="12492158408" visible="true" version="1" changeset="161234937" timestamp="2025-01-11T11:12:22Z" user="FUKUTAN" uid="5207199" lat="35.0307706" lon="126.7744940"/>
 <node id="12492158409" visible="true" version="1" changeset="161234937" timestamp="2025-01-11T11:12:22Z" user="FUKUTAN" uid="5207199" lat="35.0308277" lon="126.7745155"/>
 <node id="12492158410" visible="true" version="1" changeset="161234937" timestamp="2025-01-11T11:12:22Z" user="FUKUTAN" uid="5207199" lat="35.0308453" lon="126.7745450"/>
 <node id="12492158411" visible="true" version="1" changeset="161234937" timestamp="2025-01-11T11:12:22Z" user="FUKUTAN" uid="5207199" lat="35.0308914" lon="126.7746281"/>
 <node id="12492158412" visible="true" version="1" changeset="161234937" timestamp="2025-01-11T11:12:22Z" user="FUKUTAN" uid="5207199" lat="35.0309968" lon="126.7749607"/>
 <node id="12492158413" visible="true" version="1" changeset="161234937" timestamp="2025-01-11T11:12:22Z" user="FUKUTAN" uid="5207199" lat="35.0310319" lon="126.7750412"/>
 <node id="12492158414" visible="true" version="1" changeset="161234937" timestamp="2025-01-11T11:12:22Z" user="FUKUTAN" uid="5207199" lat="35.0311088" lon="126.7751780"/>
 <node id="12492158415" visible="true" version="1" changeset="161234937" timestamp="2025-01-11T11:12:22Z" user="FUKUTAN" uid="5207199" lat="35.0312027" lon="126.7753114"/>
 <node id="12492158416" visible="true" version="1" changeset="161234937" timestamp="2025-01-11T11:12:22Z" user="FUKUTAN" uid="5207199" lat="35.0312826" lon="126.7753845"/>
 <node id="12492158417" visible="true" version="1" changeset="161234937" timestamp="2025-01-11T11:12:22Z" user="FUKUTAN" uid="5207199" lat="35.0313326" lon="126.7754130"/>
 <node id="12492158418" visible="true" version="1" changeset="161234937" timestamp="2025-01-11T11:12:22Z" user="FUKUTAN" uid="5207199" lat="35.0314125" lon="126.7754435"/>
 <node id="12492158419" visible="true" version="1" changeset="161234937" timestamp="2025-01-11T11:12:22Z" user="FUKUTAN" uid="5207199" lat="35.0314657" lon="126.7754557"/>
 <node id="12492158420" visible="true" version="1" changeset="161234937" timestamp="2025-01-11T11:12:22Z" user="FUKUTAN" uid="5207199" lat="35.0315007" lon="126.7754577"/>
 <node id="12492158421" visible="true" version="1" changeset="161234937" timestamp="2025-01-11T11:12:22Z" user="FUKUTAN" uid="5207199" lat="35.0315689" lon="126.7754455"/>
 <node id="12492158422" visible="true" version="1" changeset="161234937" timestamp="2025-01-11T11:12:22Z" user="FUKUTAN" uid="5207199" lat="35.0316488" lon="126.7754171"/>
 <node id="12492158423" visible="true" version="1" changeset="161234937" timestamp="2025-01-11T11:12:22Z" user="FUKUTAN" uid="5207199" lat="35.0317104" lon="126.7753906"/>
 <node id="12492158424" visible="true" version="1" changeset="161234937" timestamp="2025-01-11T11:12:22Z" user="FUKUTAN" uid="5207199" lat="35.0315398" lon="126.7754516"/>
 <node id="12492158425" visible="true" version="1" changeset="161234937" timestamp="2025-01-11T11:12:22Z" user="FUKUTAN" uid="5207199" lat="35.0309576" lon="126.7748372"/>
 <node id="12492158427" visible="true" version="1" changeset="161234937" timestamp="2025-01-11T11:12:22Z" user="FUKUTAN" uid="5207199" lat="35.0318012" lon="126.7742302"/>
 <node id="12492158428" visible="true" version="1" changeset="161234937" timestamp="2025-01-11T11:12:22Z" user="FUKUTAN" uid="5207199" lat="35.0316055" lon="126.7751508"/>
 <node id="12492158429" visible="true" version="1" changeset="161234937" timestamp="2025-01-11T11:12:22Z" user="FUKUTAN" uid="5207199" lat="35.0317953" lon="126.7755756"/>
 <node id="12492158430" visible="true" version="1" changeset="161234937" timestamp="2025-01-11T11:12:22Z" user="FUKUTAN" uid="5207199" lat="35.0318119" lon="126.7755980"/>
 <node id="12492158431" visible="true" version="1" changeset="161234937" timestamp="2025-01-11T11:12:22Z" user="FUKUTAN" uid="5207199" lat="35.0318436" lon="126.7756081"/>
 <node id="12492158432" visible="true" version="1" changeset="161234937" timestamp="2025-01-11T11:12:22Z" user="FUKUTAN" uid="5207199" lat="35.0318669" lon="126.7756041"/>
 <node id="12492158433" visible="true" version="1" changeset="161234937" timestamp="2025-01-11T11:12:22Z" user="FUKUTAN" uid="5207199" lat="35.0319052" lon="126.7755878"/>
 <node id="12492158434" visible="true" version="1" changeset="161234937" timestamp="2025-01-11T11:12:22Z" user="FUKUTAN" uid="5207199" lat="35.0322813" lon="126.7753805"/>
 <node id="12492158435" visible="true" version="1" changeset="161234937" timestamp="2025-01-11T11:12:22Z" user="FUKUTAN" uid="5207199" lat="35.0322946" lon="126.7754232"/>
 <node id="12492158436" visible="true" version="1" changeset="161234937" timestamp="2025-01-11T11:12:22Z" user="FUKUTAN" uid="5207199" lat="35.0322930" lon="126.7754760"/>
 <node id="12492158437" visible="true" version="1" changeset="161234937" timestamp="2025-01-11T11:12:22Z" user="FUKUTAN" uid="5207199" lat="35.0322896" lon="126.7755228"/>
 <node id="12492158438" visible="true" version="1" changeset="161234937" timestamp="2025-01-11T11:12:22Z" user="FUKUTAN" uid="5207199" lat="35.0322797" lon="126.7755776"/>
 <node id="12492158439" visible="true" version="1" changeset="161234937" timestamp="2025-01-11T11:12:22Z" user="FUKUTAN" uid="5207199" lat="35.0322580" lon="126.7756142"/>
 <node id="12492158440" visible="true" version="1" changeset="161234937" timestamp="2025-01-11T11:12:22Z" user="FUKUTAN" uid="5207199" lat="35.0322231" lon="126.7756447"/>
 <node id="12492158441" visible="true" version="1" changeset="161234937" timestamp="2025-01-11T11:12:22Z" user="FUKUTAN" uid="5207199" lat="35.0321765" lon="126.7756610"/>
 <node id="12492158442" visible="true" version="1" changeset="161234937" timestamp="2025-01-11T11:12:22Z" user="FUKUTAN" uid="5207199" lat="35.0321332" lon="126.7756691"/>
 <node id="12492158443" visible="true" version="1" changeset="161234937" timestamp="2025-01-11T11:12:22Z" user="FUKUTAN" uid="5207199" lat="35.0320849" lon="126.7756610"/>
 <node id="12492158444" visible="true" version="1" changeset="161234937" timestamp="2025-01-11T11:12:22Z" user="FUKUTAN" uid="5207199" lat="35.0320300" lon="126.7756366"/>
 <node id="12492158445" visible="true" version="1" changeset="161234937" timestamp="2025-01-11T11:12:22Z" user="FUKUTAN" uid="5207199" lat="35.0320017" lon="126.7756122"/>
 <node id="12492158446" visible="true" version="1" changeset="161234937" timestamp="2025-01-11T11:12:22Z" user="FUKUTAN" uid="5207199" lat="35.0319751" lon="126.7755797"/>
 <node id="12492158447" visible="true" version="1" changeset="161234937" timestamp="2025-01-11T11:12:22Z" user="FUKUTAN" uid="5207199" lat="35.0319616" lon="126.7755510"/>
 <node id="12492158462" visible="true" version="1" changeset="161234937" timestamp="2025-01-11T11:12:22Z" user="FUKUTAN" uid="5207199" lat="35.0285222" lon="126.7818969"/>
 <node id="12492158463" visible="true" version="1" changeset="161234937" timestamp="2025-01-11T11:12:22Z" user="FUKUTAN" uid="5207199" lat="35.0285693" lon="126.7817026"/>
 <node id="12492158464" visible="true" version="1" changeset="161234937" timestamp="2025-01-11T11:12:22Z" user="FUKUTAN" uid="5207199" lat="35.0286384" lon="126.7813471"/>
 <node id="12492158465" visible="true" version="1" changeset="161234937" timestamp="2025-01-11T11:12:22Z" user="FUKUTAN" uid="5207199" lat="35.0287142" lon="126.7809665"/>
 <node id="12492158466" visible="true" version="1" changeset="161234937" timestamp="2025-01-11T11:12:22Z" user="FUKUTAN" uid="5207199" lat="35.0287663" lon="126.7806267"/>
 <node id="12492158467" visible="true" version="1" changeset="161234937" timestamp="2025-01-11T11:12:22Z" user="FUKUTAN" uid="5207199" lat="35.0287982" lon="126.7803896"/>
 <node id="12492158468" visible="true" version="1" changeset="161234937" timestamp="2025-01-11T11:12:22Z" user="FUKUTAN" uid="5207199" lat="35.0288272" lon="126.7801135"/>
 <node id="12492158469" visible="true" version="1" changeset="161234937" timestamp="2025-01-11T11:12:22Z" user="FUKUTAN" uid="5207199" lat="35.0288707" lon="126.7798056"/>
 <node id="12492158470" visible="true" version="1" changeset="161234937" timestamp="2025-01-11T11:12:22Z" user="FUKUTAN" uid="5207199" lat="35.0290330" lon="126.7788713"/>
 <node id="12492158471" visible="true" version="1" changeset="161234937" timestamp="2025-01-11T11:12:22Z" user="FUKUTAN" uid="5207199" lat="35.0290330" lon="126.7787226"/>
 <node id="12492158472" visible="true" version="1" changeset="161234937" timestamp="2025-01-11T11:12:22Z" user="FUKUTAN" uid="5207199" lat="35.0290359" lon="126.7786306"/>
 <node id="12492158473" visible="true" version="1" changeset="161234937" timestamp="2025-01-11T11:12:22Z" user="FUKUTAN" uid="5207199" lat="35.0295315" lon="126.7787831"/>
 <node id="12492158474" visible="true" version="1" changeset="161234937" timestamp="2025-01-11T11:12:22Z" user="FUKUTAN" uid="5207199" lat="35.0294183" lon="126.7787749"/>
 <node id="12492158475" visible="true" version="1" changeset="161234937" timestamp="2025-01-11T11:12:22Z" user="FUKUTAN" uid="5207199" lat="35.0293750" lon="126.7787770"/>
 <node id="12492158476" visible="true" version="1" changeset="161234937" timestamp="2025-01-11T11:12:22Z" user="FUKUTAN" uid="5207199" lat="35.0293217" lon="126.7787688"/>
 <node id="12492158477" visible="true" version="1" changeset="161234937" timestamp="2025-01-11T11:12:22Z" user="FUKUTAN" uid="5207199" lat="35.0292718" lon="126.7787505"/>
 <node id="12492158478" visible="true" version="1" changeset="161234937" timestamp="2025-01-11T11:12:22Z" user="FUKUTAN" uid="5207199" lat="35.0291387" lon="126.7786957"/>
 <node id="12492158479" visible="true" version="1" changeset="161234937" timestamp="2025-01-11T11:12:22Z" user="FUKUTAN" uid="5207199" lat="35.0291020" lon="126.7786631"/>
 <node id="12492158480" visible="true" version="1" changeset="161234937" timestamp="2025-01-11T11:12:22Z" user="FUKUTAN" uid="5207199" lat="35.0290721" lon="126.7786408"/>
 <node id="12492158481" visible="true" version="1" changeset="161234937" timestamp="2025-01-11T11:12:22Z" user="FUKUTAN" uid="5207199" lat="35.0289726" lon="126.7786097"/>
 <node id="12492158482" visible="true" version="1" changeset="161234937" timestamp="2025-01-11T11:12:22Z" user="FUKUTAN" uid="5207199" lat="35.0295698" lon="126.7787465"/>
 <node id="12492158483" visible="true" version="1" changeset="161234937" timestamp="2025-01-11T11:12:22Z" user="FUKUTAN" uid="5207199" lat="35.0296047" lon="126.7787180"/>
 <node id="12492158484" visible="true" version="1" changeset="161234937" timestamp="2025-01-11T11:12:22Z" user="FUKUTAN" uid="5207199" lat="35.0296397" lon="126.7787160"/>
 <node id="12492158485" visible="true" version="1" changeset="161234937" timestamp="2025-01-11T11:12:22Z" user="FUKUTAN" uid="5207199" lat="35.0297745" lon="126.7787282"/>
 <node id="12492158486" visible="true" version="1" changeset="161234937" timestamp="2025-01-11T11:12:22Z" user="FUKUTAN" uid="5207199" lat="35.0298910" lon="126.7787546"/>
 <node id="12492158487" visible="true" version="1" changeset="161234937" timestamp="2025-01-11T11:12:22Z" user="FUKUTAN" uid="5207199" lat="35.0300974" lon="126.7788156"/>
 <node id="12492158488" visible="true" version="1" changeset="161234937" timestamp="2025-01-11T11:12:22Z" user="FUKUTAN" uid="5207199" lat="35.0302039" lon="126.7788623"/>
 <node id="12492158489" visible="true" version="1" changeset="161234937" timestamp="2025-01-11T11:12:22Z" user="FUKUTAN" uid="5207199" lat="35.0302522" lon="126.7788725"/>
 <node id="12492158490" visible="true" version="1" changeset="161234937" timestamp="2025-01-11T11:12:22Z" user="FUKUTAN" uid="5207199" lat="35.0302938" lon="126.7788684"/>
 <node id="12492158491" visible="true" version="1" changeset="161234937" timestamp="2025-01-11T11:12:22Z" user="FUKUTAN" uid="5207199" lat="35.0303737" lon="126.7788664"/>
 <node id="12492158492" visible="true" version="1" changeset="161234937" timestamp="2025-01-11T11:12:22Z" user="FUKUTAN" uid="5207199" lat="35.0304703" lon="126.7788684"/>
 <node id="12492158493" visible="true" version="1" changeset="161234937" timestamp="2025-01-11T11:12:22Z" user="FUKUTAN" uid="5207199" lat="35.0305485" lon="126.7788888"/>
 <node id="12492158494" visible="true" version="1" changeset="161234937" timestamp="2025-01-11T11:12:22Z" user="FUKUTAN" uid="5207199" lat="35.0306201" lon="126.7789193"/>
 <node id="12492158495" visible="true" version="1" changeset="161234937" timestamp="2025-01-11T11:12:22Z" user="FUKUTAN" uid="5207199" lat="35.0306800" lon="126.7789416"/>
 <node id="12492158496" visible="true" version="1" changeset="161234937" timestamp="2025-01-11T11:12:22Z" user="FUKUTAN" uid="5207199" lat="35.0307283" lon="126.7789579"/>
 <node id="12492158497" visible="true" version="1" changeset="161234937" timestamp="2025-01-11T11:12:22Z" user="FUKUTAN" uid="5207199" lat="35.0307682" lon="126.7789619"/>
 <node id="12492158498" visible="true" version="1" changeset="161234937" timestamp="2025-01-11T11:12:22Z" user="FUKUTAN" uid="5207199" lat="35.0308448" lon="126.7789457"/>
 <node id="12492158499" visible="true" version="1" changeset="161234937" timestamp="2025-01-11T11:12:22Z" user="FUKUTAN" uid="5207199" lat="35.0309213" lon="126.7789396"/>
 <node id="12492158500" visible="true" version="1" changeset="161234937" timestamp="2025-01-11T11:12:22Z" user="FUKUTAN" uid="5207199" lat="35.0309896" lon="126.7789436"/>
 <node id="12492158501" visible="true" version="1" changeset="161234937" timestamp="2025-01-11T11:12:22Z" user="FUKUTAN" uid="5207199" lat="35.0310412" lon="126.7789619"/>
 <node id="12492158502" visible="true" version="1" changeset="161234937" timestamp="2025-01-11T11:12:22Z" user="FUKUTAN" uid="5207199" lat="35.0311960" lon="126.7790331"/>
 <node id="12492158503" visible="true" version="1" changeset="161234937" timestamp="2025-01-11T11:12:22Z" user="FUKUTAN" uid="5207199" lat="35.0312509" lon="126.7790514"/>
 <node id="12492158504" visible="true" version="1" changeset="161234937" timestamp="2025-01-11T11:12:22Z" user="FUKUTAN" uid="5207199" lat="35.0312958" lon="126.7790595"/>
 <node id="12492158505" visible="true" version="1" changeset="161234937" timestamp="2025-01-11T11:12:22Z" user="FUKUTAN" uid="5207199" lat="35.0313508" lon="126.7790595"/>
 <node id="12492158506" visible="true" version="1" changeset="161234937" timestamp="2025-01-11T11:12:22Z" user="FUKUTAN" uid="5207199" lat="35.0313891" lon="126.7790554"/>
 <node id="12492158507" visible="true" version="1" changeset="161234937" timestamp="2025-01-11T11:12:22Z" user="FUKUTAN" uid="5207199" lat="35.0314290" lon="126.7790636"/>
 <node id="12492158508" visible="true" version="1" changeset="161234937" timestamp="2025-01-11T11:12:22Z" user="FUKUTAN" uid="5207199" lat="35.0314723" lon="126.7790839"/>
 <node id="12492158509" visible="true" version="1" changeset="161234937" timestamp="2025-01-11T11:12:22Z" user="FUKUTAN" uid="5207199" lat="35.0315322" lon="126.7791266"/>
 <node id="12492158510" visible="true" version="1" changeset="161234937" timestamp="2025-01-11T11:12:22Z" user="FUKUTAN" uid="5207199" lat="35.0315855" lon="126.7791754"/>
 <node id="12492158511" visible="true" version="1" changeset="161234937" timestamp="2025-01-11T11:12:22Z" user="FUKUTAN" uid="5207199" lat="35.0316304" lon="126.7792303"/>
 <node id="12492158512" visible="true" version="1" changeset="161234937" timestamp="2025-01-11T11:12:22Z" user="FUKUTAN" uid="5207199" lat="35.0317103" lon="126.7793685"/>
 <node id="12492158513" visible="true" version="1" changeset="161234937" timestamp="2025-01-11T11:12:22Z" user="FUKUTAN" uid="5207199" lat="35.0317503" lon="126.7794498"/>
 <node id="12492158514" visible="true" version="1" changeset="161234937" timestamp="2025-01-11T11:12:22Z" user="FUKUTAN" uid="5207199" lat="35.0295776" lon="126.7825604"/>
 <node id="12492158515" visible="true" version="1" changeset="161234937" timestamp="2025-01-11T11:12:22Z" user="FUKUTAN" uid="5207199" lat="35.0298097" lon="126.7838206"/>
 <node id="12492158516" visible="true" version="1" changeset="161234937" timestamp="2025-01-11T11:12:22Z" user="FUKUTAN" uid="5207199" lat="35.0295877" lon="126.7840578"/>
 <node id="12492158517" visible="true" version="1" changeset="161234937" timestamp="2025-01-11T11:12:22Z" user="FUKUTAN" uid="5207199" lat="35.0296003" lon="126.7842180"/>
 <node id="12492158518" visible="true" version="1" changeset="161234937" timestamp="2025-01-11T11:12:22Z" user="FUKUTAN" uid="5207199" lat="35.0294212" lon="126.7844090"/>
 <node id="12492158519" visible="true" version="1" changeset="161234937" timestamp="2025-01-11T11:12:22Z" user="FUKUTAN" uid="5207199" lat="35.0293480" lon="126.7847295"/>
 <node id="12492158520" visible="true" version="1" changeset="161234937" timestamp="2025-01-11T11:12:22Z" user="FUKUTAN" uid="5207199" lat="35.0294931" lon="126.7849932"/>
 <node id="12492158521" visible="true" version="1" changeset="161234937" timestamp="2025-01-11T11:12:22Z" user="FUKUTAN" uid="5207199" lat="35.0297000" lon="126.7823483"/>
 <node id="12637335084" visible="true" version="1" changeset="163222242" timestamp="2025-03-04T22:35:44Z" user="dongin" uid="11518918" lat="35.0229043" lon="126.7719534"/>
 <node id="12637335085" visible="true" version="1" changeset="163222242" timestamp="2025-03-04T22:35:44Z" user="dongin" uid="11518918" lat="35.0228301" lon="126.7724561"/>
 <node id="12637335086" visible="true" version="1" changeset="163222242" timestamp="2025-03-04T22:35:44Z" user="dongin" uid="11518918" lat="35.0226314" lon="126.7733184"/>
 <node id="12637335087" visible="true" version="1" changeset="163222242" timestamp="2025-03-04T22:35:44Z" user="dongin" uid="11518918" lat="35.0226290" lon="126.7735318"/>
 <node id="12637335088" visible="true" version="1" changeset="163222242" timestamp="2025-03-04T22:35:44Z" user="dongin" uid="11518918" lat="35.0225069" lon="126.7742976"/>
 <node id="12637335089" visible="true" version="1" changeset="163222242" timestamp="2025-03-04T22:35:44Z" user="dongin" uid="11518918" lat="35.0224614" lon="126.7745226"/>
 <node id="12637335090" visible="true" version="1" changeset="163222242" timestamp="2025-03-04T22:35:44Z" user="dongin" uid="11518918" lat="35.0225165" lon="126.7747652"/>
 <node id="12637335091" visible="true" version="1" changeset="163222242" timestamp="2025-03-04T22:35:44Z" user="dongin" uid="11518918" lat="35.0226577" lon="126.7748822"/>
 <node id="12637335092" visible="true" version="1" changeset="163222242" timestamp="2025-03-04T22:35:44Z" user="dongin" uid="11518918" lat="35.0228851" lon="126.7749786"/>
 <node id="12637335093" visible="true" version="1" changeset="163222242" timestamp="2025-03-04T22:35:44Z" user="dongin" uid="11518918" lat="35.0234955" lon="126.7753440"/>
 <node id="12637335094" visible="true" version="1" changeset="163222242" timestamp="2025-03-04T22:35:44Z" user="dongin" uid="11518918" lat="35.0241873" lon="126.7757152"/>
 <node id="12637335095" visible="true" version="1" changeset="163222242" timestamp="2025-03-04T22:35:44Z" user="dongin" uid="11518918" lat="35.0242926" lon="126.7757181"/>
 <node id="12638175253" visible="true" version="1" changeset="163233992" timestamp="2025-03-05T08:31:14Z" user="dongin" uid="11518918" lat="35.0304548" lon="126.7774626"/>
 <node id="12638175254" visible="true" version="1" changeset="163233992" timestamp="2025-03-05T08:31:14Z" user="dongin" uid="11518918" lat="35.0304093" lon="126.7775552"/>
 <node id="12638175255" visible="true" version="1" changeset="163233992" timestamp="2025-03-05T08:31:14Z" user="dongin" uid="11518918" lat="35.0304066" lon="126.7777033"/>
 <node id="12638175256" visible="true" version="1" changeset="163233992" timestamp="2025-03-05T08:31:14Z" user="dongin" uid="11518918" lat="35.0304479" lon="126.7778969"/>
 <node id="12638175257" visible="true" version="1" changeset="163233992" timestamp="2025-03-05T08:31:14Z" user="dongin" uid="11518918" lat="35.0304907" lon="126.7779710"/>
 <node id="12638175258" visible="true" version="1" changeset="163233992" timestamp="2025-03-05T08:31:14Z" user="dongin" uid="11518918" lat="35.0305348" lon="126.7779811"/>
 <node id="12638175259" visible="true" version="1" changeset="163233992" timestamp="2025-03-05T08:31:14Z" user="dongin" uid="11518918" lat="35.0305817" lon="126.7779054"/>
 <node id="12638175260" visible="true" version="1" changeset="163233992" timestamp="2025-03-05T08:31:14Z" user="dongin" uid="11518918" lat="35.0306850" lon="126.7778414"/>
 <node id="12638175261" visible="true" version="1" changeset="163233992" timestamp="2025-03-05T08:31:14Z" user="dongin" uid="11518918" lat="35.0307553" lon="126.7778548"/>
 <node id="12638175262" visible="true" version="1" changeset="163233992" timestamp="2025-03-05T08:31:14Z" user="dongin" uid="11518918" lat="35.0308601" lon="126.7779390"/>
 <node id="12638175263" visible="true" version="1" changeset="163233992" timestamp="2025-03-05T08:31:14Z" user="dongin" uid="11518918" lat="35.0309938" lon="126.7780417"/>
 <node id="12638175264" visible="true" version="1" changeset="163233992" timestamp="2025-03-05T08:31:14Z" user="dongin" uid="11518918" lat="35.0311082" lon="126.7781225"/>
 <node id="12638175265" visible="true" version="1" changeset="163233992" timestamp="2025-03-05T08:31:14Z" user="dongin" uid="11518918" lat="35.0312433" lon="126.7781579"/>
 <node id="12638175266" visible="true" version="1" changeset="163233992" timestamp="2025-03-05T08:31:14Z" user="dongin" uid="11518918" lat="35.0317589" lon="126.7782336"/>
 <node id="12638175267" visible="true" version="1" changeset="163233992" timestamp="2025-03-05T08:31:14Z" user="dongin" uid="11518918" lat="35.0318284" lon="126.7783008"/>
 <node id="12638175268" visible="true" version="1" changeset="163233992" timestamp="2025-03-05T08:31:14Z" user="dongin" uid="11518918" lat="35.0318454" lon="126.7783630"/>
 <node id="12638175269" visible="true" version="1" changeset="163233992" timestamp="2025-03-05T08:31:14Z" user="dongin" uid="11518918" lat="35.0318527" lon="126.7786357"/>
 <node id="12638175270" visible="true" version="1" changeset="163233992" timestamp="2025-03-05T08:31:14Z" user="dongin" uid="11518918" lat="35.0318600" lon="126.7786979"/>
 <node id="12638175271" visible="true" version="1" changeset="163233992" timestamp="2025-03-05T08:31:14Z" user="dongin" uid="11518918" lat="35.0319643" lon="126.7787394"/>
 <node id="12638175272" visible="true" version="1" changeset="163233992" timestamp="2025-03-05T08:31:14Z" user="dongin" uid="11518918" lat="35.0325953" lon="126.7786535"/>
 <node id="12638175273" visible="true" version="1" changeset="163233992" timestamp="2025-03-05T08:31:14Z" user="dongin" uid="11518918" lat="35.0334204" lon="126.7786950"/>
 <node id="12638175274" visible="true" version="1" changeset="163233992" timestamp="2025-03-05T08:31:14Z" user="dongin" uid="11518918" lat="35.0335029" lon="126.7786772"/>
 <node id="12638175275" visible="true" version="1" changeset="163233992" timestamp="2025-03-05T08:31:14Z" user="dongin" uid="11518918" lat="35.0337359" lon="126.7786564"/>
 <node id="12638175276" visible="true" version="1" changeset="163233992" timestamp="2025-03-05T08:31:14Z" user="dongin" uid="11518918" lat="35.0353958" lon="126.7786950"/>
 <node id="12638175277" visible="true" version="1" changeset="163233992" timestamp="2025-03-05T08:31:14Z" user="dongin" uid="11518918" lat="35.0355559" lon="126.7787246"/>
 <node id="12638175282" visible="true" version="1" changeset="163233992" timestamp="2025-03-05T08:31:14Z" user="dongin" uid="11518918" lat="35.0347284" lon="126.7774265"/>
 <node id="12638175285" visible="true" version="1" changeset="163233992" timestamp="2025-03-05T08:31:14Z" user="dongin" uid="11518918" lat="35.0346415" lon="126.7772153"/>
 <node id="12638175286" visible="true" version="1" changeset="163233992" timestamp="2025-03-05T08:31:14Z" user="dongin" uid="11518918" lat="35.0344348" lon="126.7771011"/>
 <node id="12638175287" visible="true" version="1" changeset="163233992" timestamp="2025-03-05T08:31:14Z" user="dongin" uid="11518918" lat="35.0343019" lon="126.7769809"/>
 <node id="12638175288" visible="true" version="1" changeset="163233992" timestamp="2025-03-05T08:31:14Z" user="dongin" uid="11518918" lat="35.0341247" lon="126.7768667"/>
 <node id="12638175289" visible="true" version="1" changeset="163233992" timestamp="2025-03-05T08:31:14Z" user="dongin" uid="11518918" lat="35.0339131" lon="126.7766984"/>
 <node id="12638175290" visible="true" version="1" changeset="163233992" timestamp="2025-03-05T08:31:14Z" user="dongin" uid="11518918" lat="35.0338393" lon="126.7765842"/>
 <node id="12638175291" visible="true" version="1" changeset="163233992" timestamp="2025-03-05T08:31:14Z" user="dongin" uid="11518918" lat="35.0335293" lon="126.7763979"/>
 <node id="12638175292" visible="true" version="1" changeset="163233992" timestamp="2025-03-05T08:31:14Z" user="dongin" uid="11518918" lat="35.0333767" lon="126.7762477"/>
 <node id="12638175293" visible="true" version="1" changeset="163233992" timestamp="2025-03-05T08:31:14Z" user="dongin" uid="11518918" lat="35.0331995" lon="126.7759351"/>
 <node id="12638175294" visible="true" version="1" changeset="163233992" timestamp="2025-03-05T08:31:14Z" user="dongin" uid="11518918" lat="35.0331306" lon="126.7759171"/>
 <node id="12638175295" visible="true" version="1" changeset="163233992" timestamp="2025-03-05T08:31:14Z" user="dongin" uid="11518918" lat="35.0328747" lon="126.7760012"/>
 <node id="12638175296" visible="true" version="1" changeset="163233992" timestamp="2025-03-05T08:31:14Z" user="dongin" uid="11518918" lat="35.0327290" lon="126.7758226"/>
 <node id="12638175297" visible="true" version="1" changeset="163233992" timestamp="2025-03-05T08:31:14Z" user="dongin" uid="11518918" lat="35.0359233" lon="126.7790378"/>
 <node id="12638175298" visible="true" version="1" changeset="163233992" timestamp="2025-03-05T08:31:14Z" user="dongin" uid="11518918" lat="35.0360375" lon="126.7792811"/>
 <node id="12638175299" visible="true" version="1" changeset="163233992" timestamp="2025-03-05T08:31:14Z" user="dongin" uid="11518918" lat="35.0361152" lon="126.7795036"/>
 <node id="12638175300" visible="true" version="1" changeset="163233992" timestamp="2025-03-05T08:31:14Z" user="dongin" uid="11518918" lat="35.0362152" lon="126.7796684"/>
 <node id="12638176801" visible="true" version="1" changeset="163233992" timestamp="2025-03-05T08:31:14Z" user="dongin" uid="11518918" lat="35.0363057" lon="126.7797654"/>
 <node id="12638176802" visible="true" version="1" changeset="163233992" timestamp="2025-03-05T08:31:14Z" user="dongin" uid="11518918" lat="35.0364387" lon="126.7799083"/>
 <node id="12728118166" visible="true" version="1" changeset="164491325" timestamp="2025-04-04T05:53:38Z" user="skss" uid="22708813" lat="35.0255392" lon="126.7788762">
  <tag k="addr:city" v="나주시"/>
  <tag k="addr:housenumber" v="9"/>
  <tag k="addr:province" v="전라남도"/>
  <tag k="addr:street" v="석전1길"/>
  <tag k="addr:subdistrict" v="빛가람동"/>
  <tag k="name" v="혁신세탁백화점"/>
  <tag k="shop" v="laundry"/>
 </node>
 <node id="12728127744" visible="true" version="1" changeset="164491230" timestamp="2025-04-04T05:49:58Z" user="skss" uid="22708813" lat="35.0242667" lon="126.7802838">
  <tag k="addr:city" v="나주시"/>
  <tag k="addr:housenumber" v="10"/>
  <tag k="addr:province" v="전라남도"/>
  <tag k="addr:street" v="우정로"/>
  <tag k="addr:subdistrict" v="빛가람동"/>
  <tag k="addr:unit" v="마동 1층 107호"/>
  <tag k="name" v="국제철물, 전기"/>
  <tag k="shop" v="hardware"/>
 </node>
 <node id="13142587634" visible="true" version="1" changeset="171918325" timestamp="2025-09-14T13:36:20Z" user="FUKUTAN" uid="5207199" lat="35.0247819" lon="126.7893650"/>
 <node id="13142595940" visible="true" version="1" changeset="171918484" timestamp="2025-09-14T13:39:45Z" user="FUKUTAN" uid="5207199" lat="35.0293068" lon="126.7874028"/>
 <node id="13142595941" visible="true" version="1" changeset="171918484" timestamp="2025-09-14T13:39:45Z" user="FUKUTAN" uid="5207199" lat="35.0295839" lon="126.7870628"/>
 <node id="13142595942" visible="true" version="1" changeset="171918484" timestamp="2025-09-14T13:39:45Z" user="FUKUTAN" uid="5207199" lat="35.0290219" lon="126.7863797"/>
 <node id="13142595943" visible="true" version="1" changeset="171918484" timestamp="2025-09-14T13:39:45Z" user="FUKUTAN" uid="5207199" lat="35.0287449" lon="126.7867196"/>
 <node id="13142595944" visible="true" version="1" changeset="171918484" timestamp="2025-09-14T13:39:45Z" user="FUKUTAN" uid="5207199" lat="35.0289641" lon="126.7813162"/>
 <node id="13142595945" visible="true" version="1" changeset="171918484" timestamp="2025-09-14T13:39:45Z" user="FUKUTAN" uid="5207199" lat="35.0289831" lon="126.7809483"/>
 <node id="13142595946" visible="true" version="1" changeset="171918484" timestamp="2025-09-14T13:39:45Z" user="FUKUTAN" uid="5207199" lat="35.0289850" lon="126.7808433"/>
 <node id="13142595947" visible="true" version="1" changeset="171918484" timestamp="2025-09-14T13:39:45Z" user="FUKUTAN" uid="5207199" lat="35.0289984" lon="126.7804323"/>
 <node id="13142595948" visible="true" version="1" changeset="171918484" timestamp="2025-09-14T13:39:45Z" user="FUKUTAN" uid="5207199" lat="35.0289984" lon="126.7802992"/>
 <node id="13142595949" visible="true" version="1" changeset="171918484" timestamp="2025-09-14T13:39:45Z" user="FUKUTAN" uid="5207199" lat="35.0290041" lon="126.7802385"/>
 <node id="13142595950" visible="true" version="1" changeset="171918484" timestamp="2025-09-14T13:39:45Z" user="FUKUTAN" uid="5207199" lat="35.0290232" lon="126.7801521"/>
 <node id="13142595951" visible="true" version="1" changeset="171918484" timestamp="2025-09-14T13:39:45Z" user="FUKUTAN" uid="5207199" lat="35.0290577" lon="126.7800143"/>
 <node id="13142595952" visible="true" version="1" changeset="171918484" timestamp="2025-09-14T13:39:45Z" user="FUKUTAN" uid="5207199" lat="35.0291131" lon="126.7798205"/>
 <node id="13142595953" visible="true" version="1" changeset="171918484" timestamp="2025-09-14T13:39:45Z" user="FUKUTAN" uid="5207199" lat="35.0291647" lon="126.7796524"/>
 <node id="13142595954" visible="true" version="1" changeset="171918484" timestamp="2025-09-14T13:39:45Z" user="FUKUTAN" uid="5207199" lat="35.0290745" lon="126.7799474"/>
 <node id="13142595955" visible="true" version="1" changeset="171918484" timestamp="2025-09-14T13:39:45Z" user="FUKUTAN" uid="5207199" lat="35.0291781" lon="126.7795824"/>
 <node id="13142595956" visible="true" version="1" changeset="171918484" timestamp="2025-09-14T13:39:45Z" user="FUKUTAN" uid="5207199" lat="35.0291858" lon="126.7794446"/>
 <node id="13142595957" visible="true" version="1" changeset="171918484" timestamp="2025-09-14T13:39:45Z" user="FUKUTAN" uid="5207199" lat="35.0291877" lon="126.7792952"/>
 <node id="13142595958" visible="true" version="1" changeset="171918484" timestamp="2025-09-14T13:39:45Z" user="FUKUTAN" uid="5207199" lat="35.0291781" lon="126.7790593"/>
 <node id="13142595959" visible="true" version="1" changeset="171918484" timestamp="2025-09-14T13:39:45Z" user="FUKUTAN" uid="5207199" lat="35.0291590" lon="126.7789029"/>
 <node id="13142595960" visible="true" version="1" changeset="171918484" timestamp="2025-09-14T13:39:45Z" user="FUKUTAN" uid="5207199" lat="35.0293789" lon="126.7796711"/>
 <node id="13142595961" visible="true" version="1" changeset="171918484" timestamp="2025-09-14T13:39:45Z" user="FUKUTAN" uid="5207199" lat="35.0289158" lon="126.7795459"/>
 <node id="13142595962" visible="true" version="1" changeset="171918484" timestamp="2025-09-14T13:39:45Z" user="FUKUTAN" uid="5207199" lat="35.0291719" lon="126.7796151"/>
 <node id="13142595963" visible="true" version="1" changeset="171918484" timestamp="2025-09-14T13:39:45Z" user="FUKUTAN" uid="5207199" lat="35.0288507" lon="126.7799469"/>
 <node id="13142595964" visible="true" version="1" changeset="171918484" timestamp="2025-09-14T13:39:45Z" user="FUKUTAN" uid="5207199" lat="35.0289257" lon="126.7799256"/>
 <node id="13142595965" visible="true" version="1" changeset="171918484" timestamp="2025-09-14T13:39:45Z" user="FUKUTAN" uid="5207199" lat="35.0324363" lon="126.7854554"/>
 <node id="13142595966" visible="true" version="1" changeset="171918484" timestamp="2025-09-14T13:39:45Z" user="FUKUTAN" uid="5207199" lat="35.0322847" lon="126.7858980"/>
 <node id="13142595967" visible="true" version="1" changeset="171918484" timestamp="2025-09-14T13:39:45Z" user="FUKUTAN" uid="5207199" lat="35.0321727" lon="126.7859382"/>
 <node id="13142595968" visible="true" version="1" changeset="171918484" timestamp="2025-09-14T13:39:45Z" user="FUKUTAN" uid="5207199" lat="35.0325102" lon="126.7848707"/>
 <node id="13142595969" visible="true" version="1" changeset="171918484" timestamp="2025-09-14T13:39:45Z" user="FUKUTAN" uid="5207199" lat="35.0325681" lon="126.7848546"/>
 <node id="13142595970" visible="true" version="1" changeset="171918484" timestamp="2025-09-14T13:39:45Z" user="FUKUTAN" uid="5207199" lat="35.0325702" lon="126.7847151"/>
 <node id="13142595971" visible="true" version="1" changeset="171918484" timestamp="2025-09-14T13:39:45Z" user="FUKUTAN" uid="5207199" lat="35.0325659" lon="126.7845139"/>
 <node id="13142595972" visible="true" version="1" changeset="171918484" timestamp="2025-09-14T13:39:45Z" user="FUKUTAN" uid="5207199" lat="35.0325549" lon="126.7843664"/>
 <node id="13142595973" visible="true" version="1" changeset="171918484" timestamp="2025-09-14T13:39:45Z" user="FUKUTAN" uid="5207199" lat="35.0324582" lon="126.7836905"/>
 <node id="13142595974" visible="true" version="1" changeset="171918484" timestamp="2025-09-14T13:39:45Z" user="FUKUTAN" uid="5207199" lat="35.0322342" lon="126.7835430"/>
 <node id="13375536133" visible="true" version="1" changeset="175910622" timestamp="2025-12-14T08:55:57Z" user="FUKUTAN" uid="5207199" lat="35.0302600" lon="126.7838487"/>
 <node id="13398101046" visible="true" version="1" changeset="176319095" timestamp="2025-12-23T17:30:15Z" user="aaei924" uid="10626814" lat="35.0212446" lon="126.7849529">
  <tag k="highway" v="traffic_signals"/>
  <tag k="traffic_signals" v="signal"/>
 </node>
 <node id="13398101054" visible="true" version="1" changeset="176319095" timestamp="2025-12-23T17:30:15Z" user="aaei924" uid="10626814" lat="35.0214662" lon="126.7788102">
  <tag k="highway" v="traffic_signals"/>
  <tag k="traffic_signals" v="signal"/>
 </node>
 <node id="13569062444" visible="true" version="2" changeset="185405421" timestamp="2026-07-09T12:40:48Z" user="samdasooooooo" uid="14457606" lat="35.0269060" lon="126.7806320">
  <tag k="highway" v="traffic_signals"/>
  <tag k="traffic_signals" v="signal"/>
 </node>
 <node id="13569062445" visible="true" version="1" changeset="178616775" timestamp="2026-02-16T08:28:03Z" user="FUKUTAN" uid="5207199" lat="35.0269725" lon="126.7803158"/>
 <node id="13569062446" visible="true" version="1" changeset="178616775" timestamp="2026-02-16T08:28:03Z" user="FUKUTAN" uid="5207199" lat="35.0270042" lon="126.7801888"/>
 <node id="13569062447" visible="true" version="1" changeset="178616775" timestamp="2026-02-16T08:28:03Z" user="FUKUTAN" uid="5207199" lat="35.0270578" lon="126.7799926"/>
 <node id="13569062448" visible="true" version="1" changeset="178616775" timestamp="2026-02-16T08:28:03Z" user="FUKUTAN" uid="5207199" lat="35.0271037" lon="126.7798642"/>
 <node id="13569062449" visible="true" version="2" changeset="185405421" timestamp="2026-07-09T12:40:48Z" user="samdasooooooo" uid="14457606" lat="35.0271807" lon="126.7797237"/>
 <node id="13569062450" visible="true" version="2" changeset="185405421" timestamp="2026-07-09T12:40:48Z" user="samdasooooooo" uid="14457606" lat="35.0272342" lon="126.7795557">
  <tag k="highway" v="turning_circle"/>
 </node>
 <node id="13895216098" visible="true" version="2" changeset="183726681" timestamp="2026-06-06T08:12:23Z" user="mueschel" uid="616774" lat="35.0283000" lon="126.7812000">
  <tag k="check_date" v="2025-10-24"/>
  <tag k="count" v="1"/>
  <tag k="man_made" v="surveillance"/>
  <tag k="operator" v="나주시청"/>
  <tag k="operator:phone" v="+82 61 339 4705"/>
  <tag k="surveillance" v="public"/>
  <tag k="surveillance:purpose" v="다목적"/>
  <tag k="surveillance:type" v="camera"/>
 </node>
 <node id="13895216786" visible="true" version="2" changeset="183726681" timestamp="2026-06-06T08:12:23Z" user="mueschel" uid="616774" lat="35.0252800" lon="126.7800600">
  <tag k="check_date" v="2025-10-24"/>
  <tag k="count" v="1"/>
  <tag k="man_made" v="surveillance"/>
  <tag k="operator" v="나주시청"/>
  <tag k="operator:phone" v="+82 61 339 4705"/>
  <tag k="surveillance" v="public"/>
  <tag k="surveillance:purpose" v="다목적"/>
  <tag k="surveillance:type" v="camera"/>
 </node>
 <node id="13895216800" visible="true" version="2" changeset="183726681" timestamp="2026-06-06T08:12:23Z" user="mueschel" uid="616774" lat="35.0292100" lon="126.7859300">
  <tag k="check_date" v="2025-10-24"/>
  <tag k="count" v="1"/>
  <tag k="man_made" v="surveillance"/>
  <tag k="operator" v="나주시청"/>
  <tag k="operator:phone" v="+82 61 339 4705"/>
  <tag k="surveillance" v="public"/>
  <tag k="surveillance:purpose" v="다목적"/>
  <tag k="surveillance:type" v="camera"/>
 </node>
 <node id="13895216987" visible="true" version="2" changeset="183726685" timestamp="2026-06-06T08:12:25Z" user="mueschel" uid="616774" lat="35.0294800" lon="126.7816500">
  <tag k="check_date" v="2025-10-24"/>
  <tag k="count" v="1"/>
  <tag k="man_made" v="surveillance"/>
  <tag k="operator" v="나주시청"/>
  <tag k="operator:phone" v="+82 61 339 4705"/>
  <tag k="surveillance" v="public"/>
  <tag k="surveillance:purpose" v="다목적"/>
  <tag k="surveillance:type" v="camera"/>
 </node>
 <node id="13895217086" visible="true" version="2" changeset="183726685" timestamp="2026-06-06T08:12:25Z" user="mueschel" uid="616774" lat="35.0302500" lon="126.7868000">
  <tag k="check_date" v="2025-10-24"/>
  <tag k="count" v="1"/>
  <tag k="man_made" v="surveillance"/>
  <tag k="operator" v="나주시청"/>
  <tag k="operator:phone" v="+82 61 339 4705"/>
  <tag k="surveillance" v="public"/>
  <tag k="surveillance:purpose" v="다목적"/>
  <tag k="surveillance:type" v="camera"/>
 </node>
 <node id="13895217089" visible="true" version="2" changeset="183726685" timestamp="2026-06-06T08:12:25Z" user="mueschel" uid="616774" lat="35.0240400" lon="126.7854600">
  <tag k="check_date" v="2025-10-24"/>
  <tag k="count" v="1"/>
  <tag k="man_made" v="surveillance"/>
  <tag k="operator" v="나주시청"/>
  <tag k="operator:phone" v="+82 61 339 4705"/>
  <tag k="surveillance" v="public"/>
  <tag k="surveillance:purpose" v="다목적"/>
  <tag k="surveillance:type" v="camera"/>
 </node>
 <node id="13895217377" visible="true" version="2" changeset="183726685" timestamp="2026-06-06T08:12:25Z" user="mueschel" uid="616774" lat="35.0267700" lon="126.7807300">
  <tag k="check_date" v="2025-10-24"/>
  <tag k="count" v="1"/>
  <tag k="man_made" v="surveillance"/>
  <tag k="operator" v="나주시청"/>
  <tag k="operator:phone" v="+82 61 339 4705"/>
  <tag k="surveillance" v="public"/>
  <tag k="surveillance:purpose" v="다목적"/>
  <tag k="surveillance:type" v="camera"/>
 </node>
 <node id="13895217396" visible="true" version="2" changeset="183726685" timestamp="2026-06-06T08:12:25Z" user="mueschel" uid="616774" lat="35.0306400" lon="126.7851800">
  <tag k="check_date" v="2025-10-24"/>
  <tag k="count" v="1"/>
  <tag k="man_made" v="surveillance"/>
  <tag k="operator" v="나주시청"/>
  <tag k="operator:phone" v="+82 61 339 4705"/>
  <tag k="surveillance" v="public"/>
  <tag k="surveillance:purpose" v="다목적"/>
  <tag k="surveillance:type" v="camera"/>
 </node>
 <node id="13895217427" visible="true" version="2" changeset="183726685" timestamp="2026-06-06T08:12:25Z" user="mueschel" uid="616774" lat="35.0307470" lon="126.7847570">
  <tag k="check_date" v="2025-10-24"/>
  <tag k="count" v="1"/>
  <tag k="man_made" v="surveillance"/>
  <tag k="operator" v="나주시청"/>
  <tag k="operator:phone" v="+82 61 339 8869"/>
  <tag k="surveillance" v="public"/>
  <tag k="surveillance:purpose" v="교통단속"/>
  <tag k="surveillance:type" v="camera"/>
 </node>
 <node id="13895217565" visible="true" version="2" changeset="183726685" timestamp="2026-06-06T08:12:25Z" user="mueschel" uid="616774" lat="35.0240300" lon="126.7792400">
  <tag k="check_date" v="2025-10-24"/>
  <tag k="count" v="1"/>
  <tag k="man_made" v="surveillance"/>
  <tag k="operator" v="나주시청"/>
  <tag k="operator:phone" v="+82 61 339 4705"/>
  <tag k="surveillance" v="public"/>
  <tag k="surveillance:purpose" v="다목적"/>
  <tag k="surveillance:type" v="camera"/>
 </node>
 <node id="13895217576" visible="true" version="2" changeset="183726685" timestamp="2026-06-06T08:12:25Z" user="mueschel" uid="616774" lat="35.0256400" lon="126.7772200">
  <tag k="check_date" v="2025-10-24"/>
  <tag k="count" v="1"/>
  <tag k="man_made" v="surveillance"/>
  <tag k="operator" v="나주시청"/>
  <tag k="operator:phone" v="+82 61 339 4705"/>
  <tag k="surveillance" v="public"/>
  <tag k="surveillance:purpose" v="다목적"/>
  <tag k="surveillance:type" v="camera"/>
 </node>
 <node id="13895217592" visible="true" version="2" changeset="183726685" timestamp="2026-06-06T08:12:25Z" user="mueschel" uid="616774" lat="35.0297300" lon="126.7778500">
  <tag k="check_date" v="2025-10-24"/>
  <tag k="count" v="1"/>
  <tag k="man_made" v="surveillance"/>
  <tag k="operator" v="나주시청"/>
  <tag k="operator:phone" v="+82 61 339 4705"/>
  <tag k="surveillance" v="public"/>
  <tag k="surveillance:purpose" v="다목적"/>
  <tag k="surveillance:type" v="camera"/>
 </node>
 <node id="13895217600" visible="true" version="2" changeset="183726685" timestamp="2026-06-06T08:12:25Z" user="mueschel" uid="616774" lat="35.0262000" lon="126.7766220">
  <tag k="check_date" v="2025-10-24"/>
  <tag k="count" v="1"/>
  <tag k="man_made" v="surveillance"/>
  <tag k="operator" v="나주시청"/>
  <tag k="operator:phone" v="+82 61 339 4705"/>
  <tag k="surveillance" v="public"/>
  <tag k="surveillance:purpose" v="다목적"/>
  <tag k="surveillance:type" v="camera"/>
 </node>
 <node id="13895217740" visible="true" version="2" changeset="183726685" timestamp="2026-06-06T08:12:25Z" user="mueschel" uid="616774" lat="35.0286760" lon="126.7827010">
  <tag k="check_date" v="2025-10-24"/>
  <tag k="count" v="1"/>
  <tag k="man_made" v="surveillance"/>
  <tag k="operator" v="나주시청"/>
  <tag k="operator:phone" v="+82 61 339 4705"/>
  <tag k="surveillance" v="public"/>
  <tag k="surveillance:purpose" v="다목적"/>
  <tag k="surveillance:type" v="camera"/>
 </node>
 <node id="13895217803" visible="true" version="2" changeset="183726685" timestamp="2026-06-06T08:12:25Z" user="mueschel" uid="616774" lat="35.0243900" lon="126.7779900">
  <tag k="check_date" v="2025-10-24"/>
  <tag k="count" v="1"/>
  <tag k="man_made" v="surveillance"/>
  <tag k="operator" v="나주시청"/>
  <tag k="operator:phone" v="+82 61 339 4705"/>
  <tag k="surveillance" v="public"/>
  <tag k="surveillance:purpose" v="다목적"/>
  <tag k="surveillance:type" v="camera"/>
 </node>
 <node id="13895217806" visible="true" version="2" changeset="183726685" timestamp="2026-06-06T08:12:25Z" user="mueschel" uid="616774" lat="35.0290400" lon="126.7785100">
  <tag k="check_date" v="2025-10-24"/>
  <tag k="count" v="1"/>
  <tag k="man_made" v="surveillance"/>
  <tag k="operator" v="나주시청"/>
  <tag k="operator:phone" v="+82 61 339 4705"/>
  <tag k="surveillance" v="public"/>
  <tag k="surveillance:purpose" v="다목적"/>
  <tag k="surveillance:type" v="camera"/>
 </node>
 <node id="13999234160" visible="true" version="1" changeset="185384242" timestamp="2026-07-09T04:33:38Z" user="samdasooooooo" uid="14457606" lat="35.0261351" lon="126.7791331"/>
 <node id="13999234161" visible="true" version="1" changeset="185384242" timestamp="2026-07-09T04:33:38Z" user="samdasooooooo" uid="14457606" lat="35.0262468" lon="126.7788702"/>
 <node id="13999234162" visible="true" version="1" changeset="185384242" timestamp="2026-07-09T04:33:38Z" user="samdasooooooo" uid="14457606" lat="35.0263347" lon="126.7786951"/>
 <node id="13999234163" visible="true" version="1" changeset="185384242" timestamp="2026-07-09T04:33:38Z" user="samdasooooooo" uid="14457606" lat="35.0264441" lon="126.7785571"/>
 <node id="13999234164" visible="true" version="1" changeset="185384242" timestamp="2026-07-09T04:33:38Z" user="samdasooooooo" uid="14457606" lat="35.0265785" lon="126.7784717"/>
 <node id="13999234165" visible="true" version="1" changeset="185384242" timestamp="2026-07-09T04:33:38Z" user="samdasooooooo" uid="14457606" lat="35.0267059" lon="126.7784476"/>
 <node id="13999234166" visible="true" version="1" changeset="185384242" timestamp="2026-07-09T04:33:38Z" user="samdasooooooo" uid="14457606" lat="35.0268529" lon="126.7784805"/>
 <node id="13999234167" visible="true" version="1" changeset="185384242" timestamp="2026-07-09T04:33:38Z" user="samdasooooooo" uid="14457606" lat="35.0269712" lon="126.7784301"/>
 <node id="13999234168" visible="true" version="1" changeset="185384242" timestamp="2026-07-09T04:33:38Z" user="samdasooooooo" uid="14457606" lat="35.0269999" lon="126.7783557"/>
 <node id="13999234169" visible="true" version="1" changeset="185384242" timestamp="2026-07-09T04:33:38Z" user="samdasooooooo" uid="14457606" lat="35.0270734" lon="126.7779484"/>
 <node id="13999234170" visible="true" version="1" changeset="185384242" timestamp="2026-07-09T04:33:38Z" user="samdasooooooo" uid="14457606" lat="35.0269126" lon="126.7784816"/>
 <node id="13999234171" visible="true" version="1" changeset="185384242" timestamp="2026-07-09T04:33:38Z" user="samdasooooooo" uid="14457606" lat="35.0258277" lon="126.7790221"/>
 <node id="13999234172" visible="true" version="1" changeset="185384242" timestamp="2026-07-09T04:33:38Z" user="samdasooooooo" uid="14457606" lat="35.0256730" lon="126.7796848"/>
 <node id="13999234173" visible="true" version="1" changeset="185384242" timestamp="2026-07-09T04:33:38Z" user="samdasooooooo" uid="14457606" lat="35.0273063" lon="126.7791863"/>
 <node id="13999234174" visible="true" version="1" changeset="185384242" timestamp="2026-07-09T04:33:38Z" user="samdasooooooo" uid="14457606" lat="35.0272588" lon="126.7794433"/>
 <node id="13999234175" visible="true" version="1" changeset="185384242" timestamp="2026-07-09T04:33:38Z" user="samdasooooooo" uid="14457606" lat="35.0273538" lon="126.7794652"/>
 <node id="13999234176" visible="true" version="1" changeset="185384242" timestamp="2026-07-09T04:33:38Z" user="samdasooooooo" uid="14457606" lat="35.0274038" lon="126.7792192"/>
 <node id="13999244392" visible="true" version="1" changeset="185384319" timestamp="2026-07-09T04:35:56Z" user="samdasooooooo" uid="14457606" lat="35.0298601" lon="126.7859726"/>
 <node id="13999244393" visible="true" version="1" changeset="185384319" timestamp="2026-07-09T04:35:56Z" user="samdasooooooo" uid="14457606" lat="35.0293698" lon="126.7856997"/>
 <node id="13999244394" visible="true" version="1" changeset="185384319" timestamp="2026-07-09T04:35:56Z" user="samdasooooooo" uid="14457606" lat="35.0292369" lon="126.7860649"/>
 <node id="13999244395" visible="true" version="1" changeset="185384319" timestamp="2026-07-09T04:35:56Z" user="samdasooooooo" uid="14457606" lat="35.0297262" lon="126.7863391"/>
 <node id="13999545002" visible="true" version="1" changeset="185391201" timestamp="2026-07-09T07:54:27Z" user="samdasooooooo" uid="14457606" lat="35.0243853" lon="126.7840300"/>
 <node id="13999545003" visible="true" version="1" changeset="185391201" timestamp="2026-07-09T07:54:27Z" user="samdasooooooo" uid="14457606" lat="35.0231302" lon="126.7835946"/>
 <node id="13999545004" visible="true" version="1" changeset="185391201" timestamp="2026-07-09T07:54:27Z" user="samdasooooooo" uid="14457606" lat="35.0230152" lon="126.7846374"/>
 <node id="13999545005" visible="true" version="1" changeset="185391201" timestamp="2026-07-09T07:54:27Z" user="samdasooooooo" uid="14457606" lat="35.0241352" lon="126.7850623"/>
 <node id="13999573559" visible="true" version="1" changeset="185392139" timestamp="2026-07-09T08:22:13Z" user="samdasooooooo" uid="14457606" lat="35.0282930" lon="126.7784696"/>
 <node id="13999573560" visible="true" version="1" changeset="185392139" timestamp="2026-07-09T08:22:13Z" user="samdasooooooo" uid="14457606" lat="35.0282136" lon="126.7784431"/>
 <node id="13999573561" visible="true" version="1" changeset="185392139" timestamp="2026-07-09T08:22:13Z" user="samdasooooooo" uid="14457606" lat="35.0280759" lon="126.7790578"/>
 <node id="13999573562" visible="true" version="1" changeset="185392139" timestamp="2026-07-09T08:22:13Z" user="samdasooooooo" uid="14457606" lat="35.0281553" lon="126.7790844"/>
 <node id="13999573563" visible="true" version="1" changeset="185392139" timestamp="2026-07-09T08:22:13Z" user="samdasooooooo" uid="14457606" lat="35.0277369" lon="126.7782076"/>
 <node id="13999573564" visible="true" version="1" changeset="185392139" timestamp="2026-07-09T08:22:13Z" user="samdasooooooo" uid="14457606" lat="35.0276616" lon="126.7781830"/>
 <node id="13999573565" visible="true" version="1" changeset="185392139" timestamp="2026-07-09T08:22:13Z" user="samdasooooooo" uid="14457606" lat="35.0275315" lon="126.7787754"/>
 <node id="13999573566" visible="true" version="1" changeset="185392139" timestamp="2026-07-09T08:22:13Z" user="samdasooooooo" uid="14457606" lat="35.0276069" lon="126.7788000"/>
 <node id="13999573567" visible="true" version="1" changeset="185392139" timestamp="2026-07-09T08:22:13Z" user="samdasooooooo" uid="14457606" lat="35.0277178" lon="126.7789483"/>
 <node id="13999573568" visible="true" version="1" changeset="185392139" timestamp="2026-07-09T08:22:13Z" user="samdasooooooo" uid="14457606" lat="35.0276468" lon="126.7789248"/>
 <node id="13999573569" visible="true" version="1" changeset="185392139" timestamp="2026-07-09T08:22:13Z" user="samdasooooooo" uid="14457606" lat="35.0275052" lon="126.7795623"/>
 <node id="13999573570" visible="true" version="1" changeset="185392139" timestamp="2026-07-09T08:22:13Z" user="samdasooooooo" uid="14457606" lat="35.0275763" lon="126.7795859"/>
 <node id="13999573571" visible="true" version="1" changeset="185392139" timestamp="2026-07-09T08:22:13Z" user="samdasooooooo" uid="14457606" lat="35.0273948" lon="126.7797342"/>
 <node id="13999573572" visible="true" version="1" changeset="185392139" timestamp="2026-07-09T08:22:13Z" user="samdasooooooo" uid="14457606" lat="35.0273314" lon="126.7797154"/>
 <node id="13999573573" visible="true" version="1" changeset="185392139" timestamp="2026-07-09T08:22:13Z" user="samdasooooooo" uid="14457606" lat="35.0272077" lon="126.7803347"/>
 <node id="13999573574" visible="true" version="1" changeset="185392139" timestamp="2026-07-09T08:22:13Z" user="samdasooooooo" uid="14457606" lat="35.0272711" lon="126.7803536"/>
 <node id="13999573575" visible="true" version="1" changeset="185392139" timestamp="2026-07-09T08:22:13Z" user="samdasooooooo" uid="14457606" lat="35.0279699" lon="126.7799142"/>
 <node id="13999573576" visible="true" version="1" changeset="185392139" timestamp="2026-07-09T08:22:13Z" user="samdasooooooo" uid="14457606" lat="35.0279025" lon="126.7798926"/>
 <node id="13999573577" visible="true" version="1" changeset="185392139" timestamp="2026-07-09T08:22:13Z" user="samdasooooooo" uid="14457606" lat="35.0277679" lon="126.7805186"/>
 <node id="13999573578" visible="true" version="1" changeset="185392139" timestamp="2026-07-09T08:22:13Z" user="samdasooooooo" uid="14457606" lat="35.0278354" lon="126.7805402"/>
 <node id="13999573579" visible="true" version="1" changeset="185392139" timestamp="2026-07-09T08:22:13Z" user="samdasooooooo" uid="14457606" lat="35.0284431" lon="126.7800759"/>
 <node id="13999573580" visible="true" version="1" changeset="185392139" timestamp="2026-07-09T08:22:13Z" user="samdasooooooo" uid="14457606" lat="35.0284981" lon="126.7800930"/>
 <node id="13999573581" visible="true" version="1" changeset="185392139" timestamp="2026-07-09T08:22:13Z" user="samdasooooooo" uid="14457606" lat="35.0283689" lon="126.7807129"/>
 <node id="13999573582" visible="true" version="1" changeset="185392139" timestamp="2026-07-09T08:22:13Z" user="samdasooooooo" uid="14457606" lat="35.0283137" lon="126.7806957"/>
 <node id="13999573583" visible="true" version="1" changeset="185392139" timestamp="2026-07-09T08:22:13Z" user="samdasooooooo" uid="14457606" lat="35.0286528" lon="126.7793942"/>
 <node id="13999573584" visible="true" version="1" changeset="185392139" timestamp="2026-07-09T08:22:13Z" user="samdasooooooo" uid="14457606" lat="35.0285982" lon="126.7793759"/>
 <node id="13999573585" visible="true" version="1" changeset="185392139" timestamp="2026-07-09T08:22:13Z" user="samdasooooooo" uid="14457606" lat="35.0284635" lon="126.7799761"/>
 <node id="13999573586" visible="true" version="1" changeset="185392139" timestamp="2026-07-09T08:22:13Z" user="samdasooooooo" uid="14457606" lat="35.0285182" lon="126.7799944"/>
 <node id="13999573587" visible="true" version="1" changeset="185392139" timestamp="2026-07-09T08:22:13Z" user="samdasooooooo" uid="14457606" lat="35.0287994" lon="126.7787105"/>
 <node id="13999573588" visible="true" version="1" changeset="185392139" timestamp="2026-07-09T08:22:13Z" user="samdasooooooo" uid="14457606" lat="35.0287474" lon="126.7786943"/>
 <node id="13999573589" visible="true" version="1" changeset="185392139" timestamp="2026-07-09T08:22:13Z" user="samdasooooooo" uid="14457606" lat="35.0286199" lon="126.7793041"/>
 <node id="13999573590" visible="true" version="1" changeset="185392139" timestamp="2026-07-09T08:22:13Z" user="samdasooooooo" uid="14457606" lat="35.0286720" lon="126.7793204"/>
 <node id="13999573591" visible="true" version="1" changeset="185392139" timestamp="2026-07-09T08:22:13Z" user="samdasooooooo" uid="14457606" lat="35.0272287" lon="126.7779702"/>
 <node id="13999573592" visible="true" version="1" changeset="185392139" timestamp="2026-07-09T08:22:13Z" user="samdasooooooo" uid="14457606" lat="35.0271649" lon="126.7779484"/>
 <node id="13999573593" visible="true" version="1" changeset="185392139" timestamp="2026-07-09T08:22:13Z" user="samdasooooooo" uid="14457606" lat="35.0270292" lon="126.7785393"/>
 <node id="13999573594" visible="true" version="1" changeset="185392139" timestamp="2026-07-09T08:22:13Z" user="samdasooooooo" uid="14457606" lat="35.0270931" lon="126.7785612"/>
 <node id="13999573595" visible="true" version="1" changeset="185392139" timestamp="2026-07-09T08:22:13Z" user="samdasooooooo" uid="14457606" lat="35.0267660" lon="126.7777571"/>
 <node id="13999573596" visible="true" version="1" changeset="185392139" timestamp="2026-07-09T08:22:13Z" user="samdasooooooo" uid="14457606" lat="35.0266897" lon="126.7777314"/>
 <node id="13999573597" visible="true" version="1" changeset="185392139" timestamp="2026-07-09T08:22:13Z" user="samdasooooooo" uid="14457606" lat="35.0265537" lon="126.7783345"/>
 <node id="13999573598" visible="true" version="1" changeset="185392139" timestamp="2026-07-09T08:22:13Z" user="samdasooooooo" uid="14457606" lat="35.0266300" lon="126.7783602"/>
 <node id="13999573599" visible="true" version="1" changeset="185392139" timestamp="2026-07-09T08:22:13Z" user="samdasooooooo" uid="14457606" lat="35.0262401" lon="126.7774973"/>
 <node id="13999573600" visible="true" version="1" changeset="185392139" timestamp="2026-07-09T08:22:13Z" user="samdasooooooo" uid="14457606" lat="35.0261787" lon="126.7774767"/>
 <node id="13999581401" visible="true" version="1" changeset="185392139" timestamp="2026-07-09T08:22:13Z" user="samdasooooooo" uid="14457606" lat="35.0260381" lon="126.7781016"/>
 <node id="13999581402" visible="true" version="1" changeset="185392139" timestamp="2026-07-09T08:22:13Z" user="samdasooooooo" uid="14457606" lat="35.0260996" lon="126.7781223"/>
 <node id="13999581403" visible="true" version="1" changeset="185392139" timestamp="2026-07-09T08:22:13Z" user="samdasooooooo" uid="14457606" lat="35.0261369" lon="126.7782256"/>
 <node id="13999581404" visible="true" version="1" changeset="185392139" timestamp="2026-07-09T08:22:13Z" user="samdasooooooo" uid="14457606" lat="35.0260782" lon="126.7782078"/>
 <node id="13999581405" visible="true" version="1" changeset="185392139" timestamp="2026-07-09T08:22:13Z" user="samdasooooooo" uid="14457606" lat="35.0259457" lon="126.7788580"/>
 <node id="13999581406" visible="true" version="1" changeset="185392139" timestamp="2026-07-09T08:22:13Z" user="samdasooooooo" uid="14457606" lat="35.0260046" lon="126.7788759"/>
 <node id="13999581407" visible="true" version="1" changeset="185392139" timestamp="2026-07-09T08:22:13Z" user="samdasooooooo" uid="14457606" lat="35.0259487" lon="126.7792151"/>
 <node id="13999581408" visible="true" version="1" changeset="185392139" timestamp="2026-07-09T08:22:13Z" user="samdasooooooo" uid="14457606" lat="35.0258791" lon="126.7791921"/>
 <node id="13999581409" visible="true" version="1" changeset="185392139" timestamp="2026-07-09T08:22:13Z" user="samdasooooooo" uid="14457606" lat="35.0257422" lon="126.7798080"/>
 <node id="13999581410" visible="true" version="1" changeset="185392139" timestamp="2026-07-09T08:22:13Z" user="samdasooooooo" uid="14457606" lat="35.0258119" lon="126.7798311"/>
 <node id="13999581411" visible="true" version="1" changeset="185392139" timestamp="2026-07-09T08:22:13Z" user="samdasooooooo" uid="14457606" lat="35.0263997" lon="126.7793646"/>
 <node id="13999581412" visible="true" version="1" changeset="185392139" timestamp="2026-07-09T08:22:13Z" user="samdasooooooo" uid="14457606" lat="35.0263331" lon="126.7793425"/>
 <node id="13999581413" visible="true" version="1" changeset="185392139" timestamp="2026-07-09T08:22:13Z" user="samdasooooooo" uid="14457606" lat="35.0261907" lon="126.7799852"/>
 <node id="13999581414" visible="true" version="1" changeset="185392139" timestamp="2026-07-09T08:22:13Z" user="samdasooooooo" uid="14457606" lat="35.0262575" lon="126.7800073"/>
 <node id="13999581415" visible="true" version="1" changeset="185392139" timestamp="2026-07-09T08:22:13Z" user="samdasooooooo" uid="14457606" lat="35.0268952" lon="126.7795579"/>
 <node id="13999581416" visible="true" version="1" changeset="185392139" timestamp="2026-07-09T08:22:13Z" user="samdasooooooo" uid="14457606" lat="35.0268238" lon="126.7795352"/>
 <node id="13999581417" visible="true" version="1" changeset="185392139" timestamp="2026-07-09T08:22:13Z" user="samdasooooooo" uid="14457606" lat="35.0266963" lon="126.7801333"/>
 <node id="13999581418" visible="true" version="1" changeset="185392139" timestamp="2026-07-09T08:22:13Z" user="samdasooooooo" uid="14457606" lat="35.0267676" lon="126.7801560"/>
 <node id="13999581419" visible="true" version="1" changeset="185392139" timestamp="2026-07-09T08:22:13Z" user="samdasooooooo" uid="14457606" lat="35.0269174" lon="126.7786242"/>
 <node id="13999581420" visible="true" version="1" changeset="185392139" timestamp="2026-07-09T08:22:13Z" user="samdasooooooo" uid="14457606" lat="35.0268570" lon="126.7786060"/>
 <node id="13999581421" visible="true" version="1" changeset="185392139" timestamp="2026-07-09T08:22:13Z" user="samdasooooooo" uid="14457606" lat="35.0267236" lon="126.7792665"/>
 <node id="13999581422" visible="true" version="1" changeset="185392139" timestamp="2026-07-09T08:22:13Z" user="samdasooooooo" uid="14457606" lat="35.0267839" lon="126.7792847"/>
 <node id="14000086093" visible="true" version="1" changeset="185405492" timestamp="2026-07-09T12:42:46Z" user="samdasooooooo" uid="14457606" lat="35.0278032" lon="126.7790518"/>
 <node id="14000086094" visible="true" version="1" changeset="185405492" timestamp="2026-07-09T12:42:46Z" user="samdasooooooo" uid="14457606" lat="35.0277876" lon="126.7788562"/>
 <node id="14000086095" visible="true" version="1" changeset="185405492" timestamp="2026-07-09T12:42:46Z" user="samdasooooooo" uid="14457606" lat="35.0278825" lon="126.7783821">
  <tag k="amenity" v="parking"/>
  <tag k="layer" v="-1"/>
  <tag k="parking" v="underground"/>
 </node>
 <node id="14000134430" visible="true" version="2" changeset="185405492" timestamp="2026-07-09T12:42:46Z" user="samdasooooooo" uid="14457606" lat="35.0264080" lon="126.7776764">
  <tag k="amenity" v="parking"/>
  <tag k="layer" v="-1"/>
  <tag k="parking" v="underground"/>
 </node>
 <node id="14000134431" visible="true" version="1" changeset="185405421" timestamp="2026-07-09T12:40:48Z" user="samdasooooooo" uid="14457606" lat="35.0259564" lon="126.7798817"/>
 <node id="14000134432" visible="true" version="2" changeset="185405492" timestamp="2026-07-09T12:42:46Z" user="samdasooooooo" uid="14457606" lat="35.0264475" lon="126.7799771">
  <tag k="amenity" v="parking"/>
  <tag k="layer" v="-1"/>
  <tag k="parking" v="underground"/>
 </node>
 <node id="14000134433" visible="true" version="1" changeset="185405421" timestamp="2026-07-09T12:40:48Z" user="samdasooooooo" uid="14457606" lat="35.0273652" lon="126.7789197">
  <tag k="natural" v="tree"/>
 </node>
 <node id="14000134434" visible="true" version="1" changeset="185405421" timestamp="2026-07-09T12:40:48Z" user="samdasooooooo" uid="14457606" lat="35.0273161" lon="126.7789154">
  <tag k="natural" v="tree"/>
 </node>
 <node id="14000134435" visible="true" version="1" changeset="185405421" timestamp="2026-07-09T12:40:48Z" user="samdasooooooo" uid="14457606" lat="35.0272592" lon="126.7789222">
  <tag k="natural" v="tree"/>
 </node>
 <node id="14000134436" visible="true" version="1" changeset="185405421" timestamp="2026-07-09T12:40:48Z" user="samdasooooooo" uid="14457606" lat="35.0272115" lon="126.7788794">
  <tag k="natural" v="tree"/>
 </node>
 <node id="14000134437" visible="true" version="1" changeset="185405421" timestamp="2026-07-09T12:40:48Z" user="samdasooooooo" uid="14457606" lat="35.0271645" lon="126.7788785">
  <tag k="natural" v="tree"/>
 </node>
 <node id="14000134438" visible="true" version="1" changeset="185405421" timestamp="2026-07-09T12:40:48Z" user="samdasooooooo" uid="14457606" lat="35.0271582" lon="126.7788271">
  <tag k="natural" v="tree"/>
 </node>
 <node id="14000134439" visible="true" version="1" changeset="185405421" timestamp="2026-07-09T12:40:48Z" user="samdasooooooo" uid="14457606" lat="35.0278240" lon="126.7798056"/>
 <node id="14000134440" visible="true" version="1" changeset="185405421" timestamp="2026-07-09T12:40:48Z" user="samdasooooooo" uid="14457606" lat="35.0277721" lon="126.7798236"/>
 <node id="14000134441" visible="true" version="1" changeset="185405421" timestamp="2026-07-09T12:40:48Z" user="samdasooooooo" uid="14457606" lat="35.0276998" lon="126.7798253"/>
 <node id="14000134442" visible="true" version="1" changeset="185405421" timestamp="2026-07-09T12:40:48Z" user="samdasooooooo" uid="14457606" lat="35.0276199" lon="126.7798150"/>
 <node id="14000134443" visible="true" version="1" changeset="185405421" timestamp="2026-07-09T12:40:48Z" user="samdasooooooo" uid="14457606" lat="35.0275960" lon="126.7798193"/>
 <node id="14000134444" visible="true" version="1" changeset="185405421" timestamp="2026-07-09T12:40:48Z" user="samdasooooooo" uid="14457606" lat="35.0274648" lon="126.7802956"/>
 <node id="14000134445" visible="true" version="1" changeset="185405421" timestamp="2026-07-09T12:40:48Z" user="samdasooooooo" uid="14457606" lat="35.0274718" lon="126.7803582"/>
 <node id="14000134446" visible="true" version="1" changeset="185405421" timestamp="2026-07-09T12:40:48Z" user="samdasooooooo" uid="14457606" lat="35.0274985" lon="126.7804344"/>
 <node id="14000134447" visible="true" version="1" changeset="185405421" timestamp="2026-07-09T12:40:48Z" user="samdasooooooo" uid="14457606" lat="35.0275469" lon="126.7804747"/>
 <node id="14000134448" visible="true" version="1" changeset="185405421" timestamp="2026-07-09T12:40:48Z" user="samdasooooooo" uid="14457606" lat="35.0276079" lon="126.7804807"/>
 <node id="14000134449" visible="true" version="1" changeset="185405421" timestamp="2026-07-09T12:40:48Z" user="samdasooooooo" uid="14457606" lat="35.0276535" lon="126.7804636"/>
 <node id="14000134450" visible="true" version="1" changeset="185405421" timestamp="2026-07-09T12:40:48Z" user="samdasooooooo" uid="14457606" lat="35.0276893" lon="126.7804430"/>
 <node id="14000134451" visible="true" version="1" changeset="185405421" timestamp="2026-07-09T12:40:48Z" user="samdasooooooo" uid="14457606" lat="35.0281653" lon="126.7795458"/>
 <node id="14000134452" visible="true" version="1" changeset="185405421" timestamp="2026-07-09T12:40:48Z" user="samdasooooooo" uid="14457606" lat="35.0280556" lon="126.7795140"/>
 <node id="14000134453" visible="true" version="1" changeset="185405421" timestamp="2026-07-09T12:40:48Z" user="samdasooooooo" uid="14457606" lat="35.0280200" lon="126.7796967"/>
 <node id="14000134454" visible="true" version="1" changeset="185405421" timestamp="2026-07-09T12:40:48Z" user="samdasooooooo" uid="14457606" lat="35.0281297" lon="126.7797286"/>
 <node id="14000134455" visible="true" version="1" changeset="185405421" timestamp="2026-07-09T12:40:48Z" user="samdasooooooo" uid="14457606" lat="35.0281194" lon="126.7784921"/>
 <node id="14000134456" visible="true" version="1" changeset="185405421" timestamp="2026-07-09T12:40:48Z" user="samdasooooooo" uid="14457606" lat="35.0279496" lon="126.7784407"/>
 <node id="14000134457" visible="true" version="1" changeset="185405421" timestamp="2026-07-09T12:40:48Z" user="samdasooooooo" uid="14457606" lat="35.0278809" lon="126.7788245"/>
 <node id="14000134458" visible="true" version="1" changeset="185405421" timestamp="2026-07-09T12:40:48Z" user="samdasooooooo" uid="14457606" lat="35.0280198" lon="126.7790070"/>
 <node id="14000134459" visible="true" version="1" changeset="185405421" timestamp="2026-07-09T12:40:48Z" user="samdasooooooo" uid="14457606" lat="35.0284405" lon="126.7792581"/>
 <node id="14000134460" visible="true" version="1" changeset="185405421" timestamp="2026-07-09T12:40:48Z" user="samdasooooooo" uid="14457606" lat="35.0282483" lon="126.7793139"/>
 <node id="14000134461" visible="true" version="1" changeset="185405421" timestamp="2026-07-09T12:40:48Z" user="samdasooooooo" uid="14457606" lat="35.0283596" lon="126.7796744"/>
 <node id="14000134462" visible="true" version="1" changeset="185405421" timestamp="2026-07-09T12:40:48Z" user="samdasooooooo" uid="14457606" lat="35.0285802" lon="126.7786256"/>
 <node id="14000134463" visible="true" version="1" changeset="185405421" timestamp="2026-07-09T12:40:48Z" user="samdasooooooo" uid="14457606" lat="35.0283244" lon="126.7798079"/>
 <node id="14000134464" visible="true" version="1" changeset="185405421" timestamp="2026-07-09T12:40:48Z" user="samdasooooooo" uid="14457606" lat="35.0283901" lon="126.7798307"/>
 <node id="14000134465" visible="true" version="1" changeset="185405421" timestamp="2026-07-09T12:40:48Z" user="samdasooooooo" uid="14457606" lat="35.0286438" lon="126.7786501"/>
 <node id="14000134466" visible="true" version="1" changeset="185405421" timestamp="2026-07-09T12:40:48Z" user="samdasooooooo" uid="14457606" lat="35.0282953" lon="126.7798324"/>
 <node id="14000134467" visible="true" version="1" changeset="185405421" timestamp="2026-07-09T12:40:48Z" user="samdasooooooo" uid="14457606" lat="35.0282663" lon="126.7796972"/>
 <node id="14000134468" visible="true" version="1" changeset="185405421" timestamp="2026-07-09T12:40:48Z" user="samdasooooooo" uid="14457606" lat="35.0282241" lon="126.7795030"/>
 <node id="14000134469" visible="true" version="1" changeset="185405421" timestamp="2026-07-09T12:40:48Z" user="samdasooooooo" uid="14457606" lat="35.0281791" lon="126.7793476"/>
 <node id="14000134470" visible="true" version="1" changeset="185405421" timestamp="2026-07-09T12:40:48Z" user="samdasooooooo" uid="14457606" lat="35.0281176" lon="126.7792159"/>
 <node id="14000134471" visible="true" version="1" changeset="185405421" timestamp="2026-07-09T12:40:48Z" user="samdasooooooo" uid="14457606" lat="35.0280415" lon="126.7790918"/>
 <node id="14000134472" visible="true" version="1" changeset="185405421" timestamp="2026-07-09T12:40:48Z" user="samdasooooooo" uid="14457606" lat="35.0280215" lon="126.7790377"/>
 <node id="14000134473" visible="true" version="1" changeset="185405421" timestamp="2026-07-09T12:40:48Z" user="samdasooooooo" uid="14457606" lat="35.0281453" lon="126.7784229"/>
 <node id="14000134474" visible="true" version="1" changeset="185405421" timestamp="2026-07-09T12:40:48Z" user="samdasooooooo" uid="14457606" lat="35.0281445" lon="126.7798973"/>
 <node id="14000134475" visible="true" version="2" changeset="185405492" timestamp="2026-07-09T12:42:46Z" user="samdasooooooo" uid="14457606" lat="35.0280173" lon="126.7805164">
  <tag k="amenity" v="parking"/>
  <tag k="layer" v="-1"/>
  <tag k="parking" v="underground"/>
 </node>
 <node id="14000134476" visible="true" version="1" changeset="185405421" timestamp="2026-07-09T12:40:48Z" user="samdasooooooo" uid="14457606" lat="35.0266353" lon="126.7789762"/>
 <node id="14000134477" visible="true" version="1" changeset="185405421" timestamp="2026-07-09T12:40:48Z" user="samdasooooooo" uid="14457606" lat="35.0265111" lon="126.7789379"/>
 <node id="14000134478" visible="true" version="1" changeset="185405421" timestamp="2026-07-09T12:40:48Z" user="samdasooooooo" uid="14457606" lat="35.0264592" lon="126.7791884"/>
 <node id="14000134479" visible="true" version="1" changeset="185405421" timestamp="2026-07-09T12:40:48Z" user="samdasooooooo" uid="14457606" lat="35.0265834" lon="126.7792268"/>
 <node id="14000134480" visible="true" version="1" changeset="185405421" timestamp="2026-07-09T12:40:48Z" user="samdasooooooo" uid="14457606" lat="35.0267359" lon="126.7784922"/>
 <node id="14000134481" visible="true" version="1" changeset="185405421" timestamp="2026-07-09T12:40:48Z" user="samdasooooooo" uid="14457606" lat="35.0266371" lon="126.7789414"/>
 <node id="14000134482" visible="true" version="1" changeset="185405421" timestamp="2026-07-09T12:40:48Z" user="samdasooooooo" uid="14457606" lat="35.0265202" lon="126.7789077"/>
 <node id="14000134483" visible="true" version="1" changeset="185405421" timestamp="2026-07-09T12:40:48Z" user="samdasooooooo" uid="14457606" lat="35.0264856" lon="126.7789144"/>
 <node id="14000134484" visible="true" version="1" changeset="185405421" timestamp="2026-07-09T12:40:48Z" user="samdasooooooo" uid="14457606" lat="35.0264441" lon="126.7791762"/>
 <node id="14000134485" visible="true" version="1" changeset="185405421" timestamp="2026-07-09T12:40:48Z" user="samdasooooooo" uid="14457606" lat="35.0263777" lon="126.7791348"/>
 <node id="14000134486" visible="true" version="1" changeset="185405421" timestamp="2026-07-09T12:40:48Z" user="samdasooooooo" uid="14457606" lat="35.0264206" lon="126.7788942"/>
 <node id="14000134487" visible="true" version="1" changeset="185405421" timestamp="2026-07-09T12:40:48Z" user="samdasooooooo" uid="14457606" lat="35.0264476" lon="126.7786087"/>
 <node id="14000134488" visible="true" version="1" changeset="185405421" timestamp="2026-07-09T12:40:48Z" user="samdasooooooo" uid="14457606" lat="35.0264994" lon="126.7785488"/>
 <node id="14000134489" visible="true" version="1" changeset="185405421" timestamp="2026-07-09T12:40:48Z" user="samdasooooooo" uid="14457606" lat="35.0265693" lon="126.7785125"/>
 <node id="14000134490" visible="true" version="1" changeset="185405421" timestamp="2026-07-09T12:40:48Z" user="samdasooooooo" uid="14457606" lat="35.0266454" lon="126.7784812"/>
 <node id="14000134491" visible="true" version="1" changeset="185405421" timestamp="2026-07-09T12:40:48Z" user="samdasooooooo" uid="14457606" lat="35.0266945" lon="126.7784770"/>
 <node id="14000134492" visible="true" version="1" changeset="185405421" timestamp="2026-07-09T12:40:48Z" user="samdasooooooo" uid="14457606" lat="35.0267470" lon="126.7794616"/>
 <node id="14000134493" visible="true" version="1" changeset="185405421" timestamp="2026-07-09T12:40:48Z" user="samdasooooooo" uid="14457606" lat="35.0266564" lon="126.7794524"/>
 <node id="14000134494" visible="true" version="1" changeset="185405421" timestamp="2026-07-09T12:40:48Z" user="samdasooooooo" uid="14457606" lat="35.0266101" lon="126.7794524"/>
 <node id="14000134495" visible="true" version="1" changeset="185405421" timestamp="2026-07-09T12:40:48Z" user="samdasooooooo" uid="14457606" lat="35.0265942" lon="126.7794904"/>
 <node id="14000134496" visible="true" version="1" changeset="185405421" timestamp="2026-07-09T12:40:48Z" user="samdasooooooo" uid="14457606" lat="35.0264842" lon="126.7799633"/>
 <node id="14000134497" visible="true" version="1" changeset="185405421" timestamp="2026-07-09T12:40:48Z" user="samdasooooooo" uid="14457606" lat="35.0264994" lon="126.7799785"/>
 <node id="14000134498" visible="true" version="1" changeset="185405421" timestamp="2026-07-09T12:40:48Z" user="samdasooooooo" uid="14457606" lat="35.0264946" lon="126.7800063"/>
 <node id="14000134499" visible="true" version="1" changeset="185405421" timestamp="2026-07-09T12:40:48Z" user="samdasooooooo" uid="14457606" lat="35.0265008" lon="126.7800300"/>
 <node id="14000134500" visible="true" version="1" changeset="185405421" timestamp="2026-07-09T12:40:48Z" user="samdasooooooo" uid="14457606" lat="35.0265313" lon="126.7800545"/>
 <node id="14000139801" visible="true" version="1" changeset="185405421" timestamp="2026-07-09T12:40:48Z" user="samdasooooooo" uid="14457606" lat="35.0265700" lon="126.7800536"/>
 <node id="14000139802" visible="true" version="1" changeset="185405421" timestamp="2026-07-09T12:40:48Z" user="samdasooooooo" uid="14457606" lat="35.0265866" lon="126.7800342"/>
 <node id="14000139803" visible="true" version="1" changeset="185405421" timestamp="2026-07-09T12:40:48Z" user="samdasooooooo" uid="14457606" lat="35.0266371" lon="126.7800992"/>
 <node id="14000139804" visible="true" version="1" changeset="185405421" timestamp="2026-07-09T12:40:48Z" user="samdasooooooo" uid="14457606" lat="35.0266336" lon="126.7800105"/>
 <node id="14000139805" visible="true" version="1" changeset="185405421" timestamp="2026-07-09T12:40:48Z" user="samdasooooooo" uid="14457606" lat="35.0263895" lon="126.7788562">
  <tag k="natural" v="tree"/>
 </node>
 <node id="14000139806" visible="true" version="1" changeset="185405421" timestamp="2026-07-09T12:40:48Z" user="samdasooooooo" uid="14457606" lat="35.0263598" lon="126.7788992">
  <tag k="natural" v="tree"/>
 </node>
 <node id="14000139807" visible="true" version="1" changeset="185405421" timestamp="2026-07-09T12:40:48Z" user="samdasooooooo" uid="14457606" lat="35.0263895" lon="126.7789803">
  <tag k="natural" v="tree"/>
 </node>
 <node id="14000139808" visible="true" version="1" changeset="185405421" timestamp="2026-07-09T12:40:48Z" user="samdasooooooo" uid="14457606" lat="35.0258314" lon="126.7787531">
  <tag k="natural" v="tree"/>
 </node>
 <node id="14000139809" visible="true" version="1" changeset="185405421" timestamp="2026-07-09T12:40:48Z" user="samdasooooooo" uid="14457606" lat="35.0257733" lon="126.7791264"/>
 <node id="14000139810" visible="true" version="1" changeset="185405421" timestamp="2026-07-09T12:40:48Z" user="samdasooooooo" uid="14457606" lat="35.0257045" lon="126.7791030"/>
 <node id="14000139811" visible="true" version="1" changeset="185405421" timestamp="2026-07-09T12:40:48Z" user="samdasooooooo" uid="14457606" lat="35.0255538" lon="126.7797875"/>
 <node id="14000139812" visible="true" version="1" changeset="185405421" timestamp="2026-07-09T12:40:48Z" user="samdasooooooo" uid="14457606" lat="35.0256324" lon="126.7798096"/>
 <node id="14000139813" visible="true" version="1" changeset="185405421" timestamp="2026-07-09T12:40:48Z" user="samdasooooooo" uid="14457606" lat="35.0258560" lon="126.7791571"/>
 <node id="14000139814" visible="true" version="1" changeset="185405421" timestamp="2026-07-09T12:40:48Z" user="samdasooooooo" uid="14457606" lat="35.0258090" lon="126.7791421"/>
 <node id="14000139815" visible="true" version="1" changeset="185405421" timestamp="2026-07-09T12:40:48Z" user="samdasooooooo" uid="14457606" lat="35.0257234" lon="126.7795747"/>
 <node id="14000139816" visible="true" version="1" changeset="185405421" timestamp="2026-07-09T12:40:48Z" user="samdasooooooo" uid="14457606" lat="35.0257681" lon="126.7795888"/>
 <node id="14000139817" visible="true" version="1" changeset="185405421" timestamp="2026-07-09T12:40:48Z" user="samdasooooooo" uid="14457606" lat="35.0252453" lon="126.7796097"/>
 <node id="14000139818" visible="true" version="1" changeset="185405421" timestamp="2026-07-09T12:40:48Z" user="samdasooooooo" uid="14457606" lat="35.0251913" lon="126.7797962"/>
 <node id="14000139819" visible="true" version="1" changeset="185405421" timestamp="2026-07-09T12:40:48Z" user="samdasooooooo" uid="14457606" lat="35.0251703" lon="126.7797906"/>
 <node id="14000139820" visible="true" version="1" changeset="185405421" timestamp="2026-07-09T12:40:48Z" user="samdasooooooo" uid="14457606" lat="35.0251561" lon="126.7798687"/>
 <node id="14000139821" visible="true" version="1" changeset="185405421" timestamp="2026-07-09T12:40:48Z" user="samdasooooooo" uid="14457606" lat="35.0253210" lon="126.7799136"/>
 <node id="14000139822" visible="true" version="1" changeset="185405421" timestamp="2026-07-09T12:40:48Z" user="samdasooooooo" uid="14457606" lat="35.0253942" lon="126.7798725"/>
 <node id="14000139823" visible="true" version="1" changeset="185405421" timestamp="2026-07-09T12:40:48Z" user="samdasooooooo" uid="14457606" lat="35.0254251" lon="126.7796999"/>
 <node id="14000139824" visible="true" version="1" changeset="185405421" timestamp="2026-07-09T12:40:48Z" user="samdasooooooo" uid="14457606" lat="35.0253915" lon="126.7796494"/>
 <node id="14000139825" visible="true" version="1" changeset="185405421" timestamp="2026-07-09T12:40:48Z" user="samdasooooooo" uid="14457606" lat="35.0252204" lon="126.7797465"/>
 <node id="14000139826" visible="true" version="1" changeset="185405421" timestamp="2026-07-09T12:40:48Z" user="samdasooooooo" uid="14457606" lat="35.0252013" lon="126.7797414"/>
 <node id="14000139827" visible="true" version="1" changeset="185405421" timestamp="2026-07-09T12:40:48Z" user="samdasooooooo" uid="14457606" lat="35.0255088" lon="126.7793318"/>
 <node id="14000139828" visible="true" version="1" changeset="185405421" timestamp="2026-07-09T12:40:48Z" user="samdasooooooo" uid="14457606" lat="35.0254112" lon="126.7793053"/>
 <node id="14000139829" visible="true" version="1" changeset="185405421" timestamp="2026-07-09T12:40:48Z" user="samdasooooooo" uid="14457606" lat="35.0253983" lon="126.7793765"/>
 <node id="14000139830" visible="true" version="1" changeset="185405421" timestamp="2026-07-09T12:40:48Z" user="samdasooooooo" uid="14457606" lat="35.0253273" lon="126.7793572"/>
 <node id="14000139831" visible="true" version="1" changeset="185405421" timestamp="2026-07-09T12:40:48Z" user="samdasooooooo" uid="14457606" lat="35.0253174" lon="126.7794113"/>
 <node id="14000139832" visible="true" version="1" changeset="185405421" timestamp="2026-07-09T12:40:48Z" user="samdasooooooo" uid="14457606" lat="35.0253351" lon="126.7794607"/>
 <node id="14000139833" visible="true" version="1" changeset="185405421" timestamp="2026-07-09T12:40:48Z" user="samdasooooooo" uid="14457606" lat="35.0254133" lon="126.7794879"/>
 <node id="14000139834" visible="true" version="1" changeset="185405421" timestamp="2026-07-09T12:40:48Z" user="samdasooooooo" uid="14457606" lat="35.0254906" lon="126.7794318"/>
 <node id="14000139835" visible="true" version="1" changeset="185405421" timestamp="2026-07-09T12:40:48Z" user="samdasooooooo" uid="14457606" lat="35.0255268" lon="126.7791635"/>
 <node id="14000139836" visible="true" version="1" changeset="185405421" timestamp="2026-07-09T12:40:48Z" user="samdasooooooo" uid="14457606" lat="35.0254016" lon="126.7791251"/>
 <node id="14000139837" visible="true" version="1" changeset="185405421" timestamp="2026-07-09T12:40:48Z" user="samdasooooooo" uid="14457606" lat="35.0253709" lon="126.7792745"/>
 <node id="14000139838" visible="true" version="1" changeset="185405421" timestamp="2026-07-09T12:40:48Z" user="samdasooooooo" uid="14457606" lat="35.0254962" lon="126.7793128"/>
 <node id="14000139839" visible="true" version="1" changeset="185405421" timestamp="2026-07-09T12:40:48Z" user="samdasooooooo" uid="14457606" lat="35.0249990" lon="126.7795616"/>
 <node id="14000139840" visible="true" version="1" changeset="185405421" timestamp="2026-07-09T12:40:48Z" user="samdasooooooo" uid="14457606" lat="35.0247895" lon="126.7794979"/>
 <node id="14000139841" visible="true" version="1" changeset="185405421" timestamp="2026-07-09T12:40:48Z" user="samdasooooooo" uid="14457606" lat="35.0247416" lon="126.7797329"/>
 <node id="14000139842" visible="true" version="1" changeset="185405421" timestamp="2026-07-09T12:40:48Z" user="samdasooooooo" uid="14457606" lat="35.0249512" lon="126.7797966"/>
 <node id="14000139843" visible="true" version="1" changeset="185405421" timestamp="2026-07-09T12:40:48Z" user="samdasooooooo" uid="14457606" lat="35.0251950" lon="126.7796030"/>
 <node id="14000139844" visible="true" version="1" changeset="185405421" timestamp="2026-07-09T12:40:48Z" user="samdasooooooo" uid="14457606" lat="35.0250350" lon="126.7795506"/>
 <node id="14000139845" visible="true" version="1" changeset="185405421" timestamp="2026-07-09T12:40:48Z" user="samdasooooooo" uid="14457606" lat="35.0249802" lon="126.7798004"/>
 <node id="14000139846" visible="true" version="1" changeset="185405421" timestamp="2026-07-09T12:40:48Z" user="samdasooooooo" uid="14457606" lat="35.0251402" lon="126.7798528"/>
 <node id="14000139847" visible="true" version="1" changeset="185405421" timestamp="2026-07-09T12:40:48Z" user="samdasooooooo" uid="14457606" lat="35.0252421" lon="126.7798674">
  <tag k="amenity" v="cafe"/>
  <tag k="brand" v="컴포즈커피"/>
  <tag k="brand:en" v="Compose Coffee"/>
  <tag k="brand:ko" v="컴포즈커피"/>
  <tag k="brand:wikidata" v="Q120997937"/>
  <tag k="cuisine" v="coffee_shop"/>
  <tag k="name" v="컴포즈커피"/>
  <tag k="name:en" v="Compose Coffee"/>
  <tag k="name:ko" v="컴포즈커피"/>
  <tag k="takeaway" v="yes"/>
 </node>
 <node id="14000139848" visible="true" version="1" changeset="185405421" timestamp="2026-07-09T12:40:48Z" user="samdasooooooo" uid="14457606" lat="35.0253464" lon="126.7798674">
  <tag k="name" v="마블링"/>
  <tag k="shop" v="butcher"/>
 </node>
 <node id="14000139849" visible="true" version="1" changeset="185405421" timestamp="2026-07-09T12:40:48Z" user="samdasooooooo" uid="14457606" lat="35.0248389" lon="126.7797208">
  <tag k="amenity" v="restaurant"/>
  <tag k="name" v="명륜진사갈비"/>
 </node>
 <node id="14000139850" visible="true" version="1" changeset="185405421" timestamp="2026-07-09T12:40:48Z" user="samdasooooooo" uid="14457606" lat="35.0253792" lon="126.7797142">
  <tag k="name" v="라온스터디카페"/>
  <tag k="office" v="company"/>
 </node>
 <node id="14000139851" visible="true" version="1" changeset="185405421" timestamp="2026-07-09T12:40:48Z" user="samdasooooooo" uid="14457606" lat="35.0255832" lon="126.7790015"/>
 <node id="14000139852" visible="true" version="1" changeset="185405421" timestamp="2026-07-09T12:40:48Z" user="samdasooooooo" uid="14457606" lat="35.0254498" lon="126.7789569"/>
 <node id="14000139853" visible="true" version="1" changeset="185405421" timestamp="2026-07-09T12:40:48Z" user="samdasooooooo" uid="14457606" lat="35.0254167" lon="126.7791041"/>
 <node id="14000139854" visible="true" version="1" changeset="185405421" timestamp="2026-07-09T12:40:48Z" user="samdasooooooo" uid="14457606" lat="35.0255501" lon="126.7791488"/>
 <node id="14000139855" visible="true" version="1" changeset="185405421" timestamp="2026-07-09T12:40:48Z" user="samdasooooooo" uid="14457606" lat="35.0256113" lon="126.7788240"/>
 <node id="14000139856" visible="true" version="1" changeset="185405421" timestamp="2026-07-09T12:40:48Z" user="samdasooooooo" uid="14457606" lat="35.0254817" lon="126.7787866"/>
 <node id="14000139857" visible="true" version="1" changeset="185405421" timestamp="2026-07-09T12:40:48Z" user="samdasooooooo" uid="14457606" lat="35.0254520" lon="126.7789398"/>
 <node id="14000139858" visible="true" version="1" changeset="185405421" timestamp="2026-07-09T12:40:48Z" user="samdasooooooo" uid="14457606" lat="35.0255817" lon="126.7789772"/>
 <node id="14000139859" visible="true" version="1" changeset="185405421" timestamp="2026-07-09T12:40:48Z" user="samdasooooooo" uid="14457606" lat="35.0256419" lon="126.7786594"/>
 <node id="14000139860" visible="true" version="1" changeset="185405421" timestamp="2026-07-09T12:40:48Z" user="samdasooooooo" uid="14457606" lat="35.0255181" lon="126.7786257"/>
 <node id="14000139861" visible="true" version="1" changeset="185405421" timestamp="2026-07-09T12:40:48Z" user="samdasooooooo" uid="14457606" lat="35.0254915" lon="126.7787713"/>
 <node id="14000139862" visible="true" version="1" changeset="185405421" timestamp="2026-07-09T12:40:48Z" user="samdasooooooo" uid="14457606" lat="35.0256154" lon="126.7788050"/>
 <node id="14000139863" visible="true" version="1" changeset="185405421" timestamp="2026-07-09T12:40:48Z" user="samdasooooooo" uid="14457606" lat="35.0256810" lon="126.7784884"/>
 <node id="14000139864" visible="true" version="1" changeset="185405421" timestamp="2026-07-09T12:40:48Z" user="samdasooooooo" uid="14457606" lat="35.0255571" lon="126.7784505"/>
 <node id="14000139865" visible="true" version="1" changeset="185405421" timestamp="2026-07-09T12:40:48Z" user="samdasooooooo" uid="14457606" lat="35.0255265" lon="126.7785997"/>
 <node id="14000139866" visible="true" version="1" changeset="185405421" timestamp="2026-07-09T12:40:48Z" user="samdasooooooo" uid="14457606" lat="35.0256503" lon="126.7786376"/>
 <node id="14000139867" visible="true" version="1" changeset="185405421" timestamp="2026-07-09T12:40:48Z" user="samdasooooooo" uid="14457606" lat="35.0255634" lon="126.7790185">
  <tag k="name" v="여우헤어"/>
  <tag k="shop" v="hairdresser"/>
 </node>
 <node id="14000139868" visible="true" version="1" changeset="185405421" timestamp="2026-07-09T12:40:48Z" user="samdasooooooo" uid="14457606" lat="35.0256138" lon="126.7787305">
  <tag k="name" v="쿡마켓"/>
  <tag k="shop" v="supermarket"/>
 </node>
 <node id="14000139869" visible="true" version="1" changeset="185405421" timestamp="2026-07-09T12:40:48Z" user="samdasooooooo" uid="14457606" lat="35.0256518" lon="126.7785598">
  <tag k="brand" v="CU"/>
  <tag k="brand:wikidata" v="Q12580836"/>
  <tag k="name" v="CU"/>
  <tag k="shop" v="convenience"/>
 </node>
 <node id="14000139870" visible="true" version="1" changeset="185405421" timestamp="2026-07-09T12:40:48Z" user="samdasooooooo" uid="14457606" lat="35.0248779" lon="126.7780047"/>
 <node id="14000139871" visible="true" version="1" changeset="185405421" timestamp="2026-07-09T12:40:48Z" user="samdasooooooo" uid="14457606" lat="35.0243699" lon="126.7778248"/>
 <node id="14000139872" visible="true" version="1" changeset="185405421" timestamp="2026-07-09T12:40:48Z" user="samdasooooooo" uid="14457606" lat="35.0242793" lon="126.7782063"/>
 <node id="14000139873" visible="true" version="1" changeset="185405421" timestamp="2026-07-09T12:40:48Z" user="samdasooooooo" uid="14457606" lat="35.0247898" lon="126.7783738"/>
 <node id="14000139874" visible="true" version="1" changeset="185405421" timestamp="2026-07-09T12:40:48Z" user="samdasooooooo" uid="14457606" lat="35.0247018" lon="126.7779830"/>
 <node id="14000139875" visible="true" version="1" changeset="185405421" timestamp="2026-07-09T12:40:48Z" user="samdasooooooo" uid="14457606" lat="35.0246594" lon="126.7779882"/>
 <node id="14000139876" visible="true" version="1" changeset="185405421" timestamp="2026-07-09T12:40:48Z" user="samdasooooooo" uid="14457606" lat="35.0246112" lon="126.7780212"/>
 <node id="14000139877" visible="true" version="1" changeset="185405421" timestamp="2026-07-09T12:40:48Z" user="samdasooooooo" uid="14457606" lat="35.0245926" lon="126.7780822"/>
 <node id="14000139878" visible="true" version="1" changeset="185405421" timestamp="2026-07-09T12:40:48Z" user="samdasooooooo" uid="14457606" lat="35.0245672" lon="126.7781453"/>
 <node id="14000139879" visible="true" version="1" changeset="185405421" timestamp="2026-07-09T12:40:48Z" user="samdasooooooo" uid="14457606" lat="35.0245917" lon="126.7782021"/>
 <node id="14000139880" visible="true" version="1" changeset="185405421" timestamp="2026-07-09T12:40:48Z" user="samdasooooooo" uid="14457606" lat="35.0246163" lon="126.7782249"/>
 <node id="14000139881" visible="true" version="1" changeset="185405421" timestamp="2026-07-09T12:40:48Z" user="samdasooooooo" uid="14457606" lat="35.0246281" lon="126.7782559"/>
 <node id="14000139882" visible="true" version="1" changeset="185405421" timestamp="2026-07-09T12:40:48Z" user="samdasooooooo" uid="14457606" lat="35.0246544" lon="126.7782714"/>
 <node id="14000139883" visible="true" version="1" changeset="185405421" timestamp="2026-07-09T12:40:48Z" user="samdasooooooo" uid="14457606" lat="35.0246806" lon="126.7782766"/>
 <node id="14000139884" visible="true" version="1" changeset="185405421" timestamp="2026-07-09T12:40:48Z" user="samdasooooooo" uid="14457606" lat="35.0247221" lon="126.7782745"/>
 <node id="14000139885" visible="true" version="1" changeset="185405421" timestamp="2026-07-09T12:40:48Z" user="samdasooooooo" uid="14457606" lat="35.0247526" lon="126.7782528"/>
 <node id="14000139886" visible="true" version="1" changeset="185405421" timestamp="2026-07-09T12:40:48Z" user="samdasooooooo" uid="14457606" lat="35.0247678" lon="126.7782094"/>
 <node id="14000139887" visible="true" version="1" changeset="185405421" timestamp="2026-07-09T12:40:48Z" user="samdasooooooo" uid="14457606" lat="35.0247636" lon="126.7781370"/>
 <node id="14000139888" visible="true" version="1" changeset="185405421" timestamp="2026-07-09T12:40:48Z" user="samdasooooooo" uid="14457606" lat="35.0247424" lon="126.7780636"/>
 <node id="14000139889" visible="true" version="1" changeset="185405421" timestamp="2026-07-09T12:40:48Z" user="samdasooooooo" uid="14457606" lat="35.0244876" lon="126.7781329">
  <tag k="natural" v="tree"/>
 </node>
 <node id="14000139890" visible="true" version="1" changeset="185405421" timestamp="2026-07-09T12:40:48Z" user="samdasooooooo" uid="14457606" lat="35.0245257" lon="126.7780771">
  <tag k="natural" v="tree"/>
 </node>
 <node id="14000139891" visible="true" version="1" changeset="185405421" timestamp="2026-07-09T12:40:48Z" user="samdasooooooo" uid="14457606" lat="35.0244215" lon="126.7780833">
  <tag k="natural" v="tree"/>
 </node>
 <node id="14000139892" visible="true" version="1" changeset="185405421" timestamp="2026-07-09T12:40:48Z" user="samdasooooooo" uid="14457606" lat="35.0292407" lon="126.7843698"/>
 <node id="14000139893" visible="true" version="1" changeset="185405421" timestamp="2026-07-09T12:40:48Z" user="samdasooooooo" uid="14457606" lat="35.0291776" lon="126.7843518"/>
 <node id="14000139894" visible="true" version="1" changeset="185405421" timestamp="2026-07-09T12:40:48Z" user="samdasooooooo" uid="14457606" lat="35.0290822" lon="126.7843403"/>
 <node id="14000139895" visible="true" version="1" changeset="185405421" timestamp="2026-07-09T12:40:48Z" user="samdasooooooo" uid="14457606" lat="35.0290178" lon="126.7843632"/>
 <node id="14000139896" visible="true" version="1" changeset="185405421" timestamp="2026-07-09T12:40:48Z" user="samdasooooooo" uid="14457606" lat="35.0289640" lon="126.7843993"/>
 <node id="14000139897" visible="true" version="1" changeset="185405421" timestamp="2026-07-09T12:40:48Z" user="samdasooooooo" uid="14457606" lat="35.0289049" lon="126.7844764"/>
 <node id="14000139898" visible="true" version="1" changeset="185405421" timestamp="2026-07-09T12:40:48Z" user="samdasooooooo" uid="14457606" lat="35.0288619" lon="126.7845552"/>
 <node id="14000139899" visible="true" version="1" changeset="185405421" timestamp="2026-07-09T12:40:48Z" user="samdasooooooo" uid="14457606" lat="35.0288028" lon="126.7846388"/>
 <node id="14000139900" visible="true" version="1" changeset="185405421" timestamp="2026-07-09T12:40:48Z" user="samdasooooooo" uid="14457606" lat="35.0286967" lon="126.7846929"/>
 <node id="14000139901" visible="true" version="1" changeset="185405421" timestamp="2026-07-09T12:40:48Z" user="samdasooooooo" uid="14457606" lat="35.0286323" lon="126.7847044"/>
 <node id="14000139902" visible="true" version="1" changeset="185405421" timestamp="2026-07-09T12:40:48Z" user="samdasooooooo" uid="14457606" lat="35.0285597" lon="126.7846929"/>
 <node id="14000139903" visible="true" version="1" changeset="185405421" timestamp="2026-07-09T12:40:48Z" user="samdasooooooo" uid="14457606" lat="35.0284555" lon="126.7846459"/>
 <node id="14000139904" visible="true" version="1" changeset="185405421" timestamp="2026-07-09T12:40:48Z" user="samdasooooooo" uid="14457606" lat="35.0292031" lon="126.7843591"/>
 <node id="14000139905" visible="true" version="1" changeset="185405421" timestamp="2026-07-09T12:40:48Z" user="samdasooooooo" uid="14457606" lat="35.0291855" lon="126.7842920"/>
 <node id="14000139906" visible="true" version="1" changeset="185405421" timestamp="2026-07-09T12:40:48Z" user="samdasooooooo" uid="14457606" lat="35.0291356" lon="126.7842611"/>
 <node id="14000139907" visible="true" version="1" changeset="185405421" timestamp="2026-07-09T12:40:48Z" user="samdasooooooo" uid="14457606" lat="35.0290698" lon="126.7842578"/>
 <node id="14000139908" visible="true" version="1" changeset="185405421" timestamp="2026-07-09T12:40:48Z" user="samdasooooooo" uid="14457606" lat="35.0290199" lon="126.7842855"/>
 <node id="14000139909" visible="true" version="1" changeset="185405421" timestamp="2026-07-09T12:40:48Z" user="samdasooooooo" uid="14457606" lat="35.0289933" lon="126.7843358"/>
 <node id="14000139910" visible="true" version="1" changeset="185405421" timestamp="2026-07-09T12:40:48Z" user="samdasooooooo" uid="14457606" lat="35.0289842" lon="126.7843858"/>
 <node id="14000139911" visible="true" version="1" changeset="185405421" timestamp="2026-07-09T12:40:48Z" user="samdasooooooo" uid="14457606" lat="35.0284353" lon="126.7839035"/>
 <node id="14000139912" visible="true" version="1" changeset="185405421" timestamp="2026-07-09T12:40:48Z" user="samdasooooooo" uid="14457606" lat="35.0282637" lon="126.7843539"/>
 <node id="14000139913" visible="true" version="1" changeset="185405421" timestamp="2026-07-09T12:40:48Z" user="samdasooooooo" uid="14457606" lat="35.0284267" lon="126.7844552"/>
 <node id="14000139914" visible="true" version="1" changeset="185405421" timestamp="2026-07-09T12:40:48Z" user="samdasooooooo" uid="14457606" lat="35.0285392" lon="126.7841060"/>
 <node id="14000139915" visible="true" version="1" changeset="185405421" timestamp="2026-07-09T12:40:48Z" user="samdasooooooo" uid="14457606" lat="35.0284620" lon="126.7839047"/>
 <node id="14000139916" visible="true" version="1" changeset="185405421" timestamp="2026-07-09T12:40:48Z" user="samdasooooooo" uid="14457606" lat="35.0284286" lon="126.7847590"/>
 <node id="14000139917" visible="true" version="1" changeset="185405421" timestamp="2026-07-09T12:40:48Z" user="samdasooooooo" uid="14457606" lat="35.0282227" lon="126.7846193"/>
 <node id="14000139918" visible="true" version="1" changeset="185405421" timestamp="2026-07-09T12:40:48Z" user="samdasooooooo" uid="14457606" lat="35.0281608" lon="126.7846240"/>
 <node id="14000139919" visible="true" version="1" changeset="185405421" timestamp="2026-07-09T12:40:48Z" user="samdasooooooo" uid="14457606" lat="35.0281322" lon="126.7846612"/>
 <node id="14000139920" visible="true" version="1" changeset="185405421" timestamp="2026-07-09T12:40:48Z" user="samdasooooooo" uid="14457606" lat="35.0281675" lon="126.7853374"/>
 <node id="14000139921" visible="true" version="1" changeset="185405421" timestamp="2026-07-09T12:40:48Z" user="samdasooooooo" uid="14457606" lat="35.0281894" lon="126.7853689"/>
 <node id="14000139922" visible="true" version="1" changeset="185405421" timestamp="2026-07-09T12:40:48Z" user="samdasooooooo" uid="14457606" lat="35.0282180" lon="126.7853910"/>
 <node id="14000139923" visible="true" version="1" changeset="185405421" timestamp="2026-07-09T12:40:48Z" user="samdasooooooo" uid="14457606" lat="35.0285039" lon="126.7852234"/>
 <node id="14000139924" visible="true" version="1" changeset="185405421" timestamp="2026-07-09T12:40:48Z" user="samdasooooooo" uid="14457606" lat="35.0285239" lon="126.7851931"/>
 <node id="14000139925" visible="true" version="1" changeset="185405421" timestamp="2026-07-09T12:40:48Z" user="samdasooooooo" uid="14457606" lat="35.0285239" lon="126.7851419"/>
 <node id="14000139926" visible="true" version="1" changeset="185405421" timestamp="2026-07-09T12:40:48Z" user="samdasooooooo" uid="14457606" lat="35.0284570" lon="126.7831945"/>
 <node id="14000139927" visible="true" version="1" changeset="185405421" timestamp="2026-07-09T12:40:48Z" user="samdasooooooo" uid="14457606" lat="35.0285411" lon="126.7835462"/>
 <node id="14000139928" visible="true" version="1" changeset="185405421" timestamp="2026-07-09T12:40:48Z" user="samdasooooooo" uid="14457606" lat="35.0286221" lon="126.7840839"/>
 <node id="14000139929" visible="true" version="1" changeset="185405421" timestamp="2026-07-09T12:40:48Z" user="samdasooooooo" uid="14457606" lat="35.0283815" lon="126.7844271"/>
 <node id="14000139930" visible="true" version="1" changeset="185405421" timestamp="2026-07-09T12:40:48Z" user="samdasooooooo" uid="14457606" lat="35.0283044" lon="126.7846747"/>
 <node id="14000139931" visible="true" version="1" changeset="185405421" timestamp="2026-07-09T12:40:48Z" user="samdasooooooo" uid="14457606" lat="35.0283352" lon="126.7845758"/>
 <node id="14000139932" visible="true" version="1" changeset="185405421" timestamp="2026-07-09T12:40:48Z" user="samdasooooooo" uid="14457606" lat="35.0280336" lon="126.7843327"/>
 <node id="14000139933" visible="true" version="1" changeset="185405421" timestamp="2026-07-09T12:40:48Z" user="samdasooooooo" uid="14457606" lat="35.0285678" lon="126.7850453"/>
 <node id="14000139934" visible="true" version="1" changeset="185405421" timestamp="2026-07-09T12:40:48Z" user="samdasooooooo" uid="14457606" lat="35.0285763" lon="126.7851442"/>
 <node id="14000139935" visible="true" version="1" changeset="185405421" timestamp="2026-07-09T12:40:48Z" user="samdasooooooo" uid="14457606" lat="35.0285620" lon="126.7852548"/>
 <node id="14000139936" visible="true" version="1" changeset="185405421" timestamp="2026-07-09T12:40:48Z" user="samdasooooooo" uid="14457606" lat="35.0285258" lon="126.7853374"/>
 <node id="14000139937" visible="true" version="1" changeset="185405421" timestamp="2026-07-09T12:40:48Z" user="samdasooooooo" uid="14457606" lat="35.0281383" lon="126.7857947"/>
 <node id="14000139938" visible="true" version="1" changeset="185405421" timestamp="2026-07-09T12:40:48Z" user="samdasooooooo" uid="14457606" lat="35.0284774" lon="126.7853946"/>
 <node id="14000139939" visible="true" version="1" changeset="185405421" timestamp="2026-07-09T12:40:48Z" user="samdasooooooo" uid="14457606" lat="35.0284139" lon="126.7852762"/>
 <node id="14000139940" visible="true" version="1" changeset="185405421" timestamp="2026-07-09T12:40:48Z" user="samdasooooooo" uid="14457606" lat="35.0289763" lon="126.7825571"/>
 <node id="14000139941" visible="true" version="1" changeset="185405421" timestamp="2026-07-09T12:40:48Z" user="samdasooooooo" uid="14457606" lat="35.0288466" lon="126.7825564"/>
 <node id="14000139942" visible="true" version="1" changeset="185405421" timestamp="2026-07-09T12:40:48Z" user="samdasooooooo" uid="14457606" lat="35.0291314" lon="126.7825580"/>
 <node id="14000139943" visible="true" version="1" changeset="185405421" timestamp="2026-07-09T12:40:48Z" user="samdasooooooo" uid="14457606" lat="35.0287734" lon="126.7813112"/>
 <node id="14000139944" visible="true" version="1" changeset="185405421" timestamp="2026-07-09T12:40:48Z" user="samdasooooooo" uid="14457606" lat="35.0287743" lon="126.7813889"/>
 <node id="14000139945" visible="true" version="1" changeset="185405421" timestamp="2026-07-09T12:40:48Z" user="samdasooooooo" uid="14457606" lat="35.0276481" lon="126.7778523"/>
 <node id="14000139946" visible="true" version="1" changeset="185405421" timestamp="2026-07-09T12:40:48Z" user="samdasooooooo" uid="14457606" lat="35.0274038" lon="126.7780300"/>
 <node id="14000139947" visible="true" version="1" changeset="185405421" timestamp="2026-07-09T12:40:48Z" user="samdasooooooo" uid="14457606" lat="35.0285582" lon="126.7782774"/>
 <node id="14000139948" visible="true" version="1" changeset="185405421" timestamp="2026-07-09T12:40:48Z" user="samdasooooooo" uid="14457606" lat="35.0286287" lon="126.7783798"/>
 <node id="14000139949" visible="true" version="1" changeset="185405421" timestamp="2026-07-09T12:40:48Z" user="samdasooooooo" uid="14457606" lat="35.0286911" lon="126.7784599"/>
 <node id="14000139950" visible="true" version="1" changeset="185405421" timestamp="2026-07-09T12:40:48Z" user="samdasooooooo" uid="14457606" lat="35.0288052" lon="126.7784996"/>
 <node id="14000139951" visible="true" version="1" changeset="185405421" timestamp="2026-07-09T12:40:48Z" user="samdasooooooo" uid="14457606" lat="35.0288281" lon="126.7783942"/>
 <node id="14000139952" visible="true" version="1" changeset="185405421" timestamp="2026-07-09T12:40:48Z" user="samdasooooooo" uid="14457606" lat="35.0288025" lon="126.7783037"/>
 <node id="14000139953" visible="true" version="1" changeset="185405421" timestamp="2026-07-09T12:40:48Z" user="samdasooooooo" uid="14457606" lat="35.0287428" lon="126.7782600"/>
 <node id="14000139954" visible="true" version="1" changeset="185405421" timestamp="2026-07-09T12:40:48Z" user="samdasooooooo" uid="14457606" lat="35.0264350" lon="126.7776764"/>
 <node id="14000139955" visible="true" version="1" changeset="185405421" timestamp="2026-07-09T12:40:48Z" user="samdasooooooo" uid="14457606" lat="35.0264695" lon="126.7776563"/>
 <node id="14000139956" visible="true" version="1" changeset="185405421" timestamp="2026-07-09T12:40:48Z" user="samdasooooooo" uid="14457606" lat="35.0264969" lon="126.7776639"/>
 <node id="14000139957" visible="true" version="1" changeset="185405421" timestamp="2026-07-09T12:40:48Z" user="samdasooooooo" uid="14457606" lat="35.0265142" lon="126.7776888"/>
 <node id="14000139958" visible="true" version="1" changeset="185405421" timestamp="2026-07-09T12:40:48Z" user="samdasooooooo" uid="14457606" lat="35.0265134" lon="126.7777463"/>
 <node id="14000139959" visible="true" version="1" changeset="185405421" timestamp="2026-07-09T12:40:48Z" user="samdasooooooo" uid="14457606" lat="35.0265863" lon="126.7777884"/>
 <node id="14000139960" visible="true" version="1" changeset="185405421" timestamp="2026-07-09T12:40:48Z" user="samdasooooooo" uid="14457606" lat="35.0264169" lon="126.7785365"/>
 <node id="14000139961" visible="true" version="1" changeset="185405421" timestamp="2026-07-09T12:40:48Z" user="samdasooooooo" uid="14457606" lat="35.0262349" lon="126.7787990"/>
 <node id="14122653028" visible="true" version="1" changeset="187989182" timestamp="2026-08-25T13:25:23Z" user="aaei924" uid="10626814" lat="35.0258945" lon="126.7767763"/>
 <node id="14122653035" visible="true" version="1" changeset="187989182" timestamp="2026-08-25T13:25:23Z" user="aaei924" uid="10626814" lat="35.0325022" lon="126.7785266"/>
 <way id="256676768" visible="true" version="13" changeset="139517186" timestamp="2023-08-06T14:00:20Z" user="user_14366776" uid="14366776">
  <nd ref="3413883246"/>
  <nd ref="5217245046"/>
  <tag k="highway" v="residential"/>
 </way>
 <way id="261192358" visible="true" version="27" changeset="174046299" timestamp="2025-11-01T05:13:14Z" user="torisugari" uid="22158042">
  <nd ref="11369025919"/>
  <nd ref="13142595944"/>
  <nd ref="9909142502"/>
  <nd ref="5180190124"/>
  <nd ref="5180185979"/>
  <nd ref="5181473561"/>
  <nd ref="2623136095"/>
  <nd ref="9909151267"/>
  <nd ref="5180185980"/>
  <nd ref="9909151266"/>
  <nd ref="9909151265"/>
  <nd ref="9909151263"/>
  <nd ref="2623136120"/>
  <nd ref="9909151264"/>
  <nd ref="2623136096"/>
  <nd ref="9909142489"/>
  <nd ref="9909151287"/>
  <nd ref="6173263043"/>
  <nd ref="2623136114"/>
  <nd ref="6173263044"/>
  <nd ref="5308098181"/>
  <nd ref="4976382975"/>
  <nd ref="6173263045"/>
  <nd ref="5308098182"/>
  <nd ref="6173263046"/>
  <nd ref="2623136098"/>
  <nd ref="6173263047"/>
  <nd ref="2623136111"/>
  <nd ref="10549091032"/>
  <nd ref="10549091031"/>
  <nd ref="8315254380"/>
  <nd ref="5307959707"/>
  <nd ref="2623136117"/>
  <tag k="highway" v="tertiary"/>
  <tag k="name" v="한빛로"/>
  <tag k="name:en" v="Hanbit-ro"/>
  <tag k="name:ko" v="한빛로"/>
 </way>
 <way id="290524114" visible="true" version="5" changeset="55000270" timestamp="2017-12-29T04:56:08Z" user="FUKUTAN" uid="5207199">
  <nd ref="2623136097"/>
  <nd ref="2940474299"/>
  <tag k="highway" v="residential"/>
 </way>
 <way id="325118699" visible="true" version="4" changeset="75057121" timestamp="2019-09-29T09:29:43Z" user="octel" uid="238290">
  <nd ref="3317869879"/>
  <nd ref="3317869898"/>
  <nd ref="3317869904"/>
  <nd ref="3317869905"/>
  <tag k="highway" v="residential"/>
  <tag k="name" v="석전2길"/>
  <tag k="name:en" v="Seokjeon 2-gil"/>
  <tag k="name:ko" v="석전2길"/>
 </way>
 <way id="325118702" visible="true" version="4" changeset="75057121" timestamp="2019-09-29T09:29:43Z" user="octel" uid="238290">
  <nd ref="3317869890"/>
  <nd ref="3317869864"/>
  <nd ref="3317869878"/>
  <nd ref="3317869892"/>
  <tag k="highway" v="residential"/>
  <tag k="name" v="석전2길"/>
  <tag k="name:en" v="Seokjeon 2-gil"/>
  <tag k="name:ko" v="석전2길"/>
 </way>
 <way id="325118708" visible="true" version="4" changeset="75057121" timestamp="2019-09-29T09:29:43Z" user="octel" uid="238290">
  <nd ref="3317869895"/>
  <nd ref="5309677731"/>
  <nd ref="3317869905"/>
  <nd ref="3317869892"/>
  <nd ref="3317869872"/>
  <nd ref="3317869908"/>
  <tag k="highway" v="residential"/>
  <tag k="name" v="석전2길"/>
  <tag k="name:en" v="Seokjeon 2-gil"/>
  <tag k="name:ko" v="석전2길"/>
 </way>
 <way id="325118716" visible="true" version="4" changeset="75057121" timestamp="2019-09-29T09:29:43Z" user="octel" uid="238290">
  <nd ref="5309677731"/>
  <nd ref="3317869898"/>
  <tag k="highway" v="residential"/>
  <tag k="name" v="석전2길"/>
  <tag k="name:en" v="Seokjeon 2-gil"/>
  <tag k="name:ko" v="석전2길"/>
 </way>
 <way id="334275358" visible="true" version="7" changeset="185405421" timestamp="2026-07-09T12:40:48Z" user="samdasooooooo" uid="14457606">
  <nd ref="3413883243"/>
  <nd ref="13999234171"/>
  <nd ref="3413883247"/>
  <nd ref="13999234160"/>
  <nd ref="5668183557"/>
  <nd ref="5668183558"/>
  <nd ref="5668183559"/>
  <nd ref="5668183560"/>
  <nd ref="5668183561"/>
  <nd ref="5668183562"/>
  <nd ref="5668183563"/>
  <nd ref="5668183564"/>
  <nd ref="5668183565"/>
  <nd ref="13569062450"/>
  <nd ref="5668183566"/>
  <nd ref="5668183567"/>
  <nd ref="5668183568"/>
  <nd ref="5668183569"/>
  <nd ref="5668183570"/>
  <nd ref="5668183571"/>
  <nd ref="5668183572"/>
  <nd ref="5668183573"/>
  <nd ref="5668183574"/>
  <nd ref="14000134474"/>
  <nd ref="5668183575"/>
  <nd ref="5668183576"/>
  <nd ref="11217166566"/>
  <nd ref="11217166567"/>
  <tag k="highway" v="service"/>
 </way>
 <way id="334275376" visible="true" version="7" changeset="163233992" timestamp="2025-03-05T08:31:14Z" user="dongin" uid="11518918">
  <nd ref="3413883295"/>
  <nd ref="10005772909"/>
  <nd ref="11586050760"/>
  <nd ref="3413883291"/>
  <nd ref="11586050758"/>
  <nd ref="11586050759"/>
  <nd ref="11136247800"/>
  <nd ref="10005772889"/>
  <nd ref="11586050757"/>
  <nd ref="3413883288"/>
  <nd ref="5312163957"/>
  <nd ref="3413883280"/>
  <nd ref="3413883276"/>
  <nd ref="11372918363"/>
  <nd ref="11372918364"/>
  <nd ref="11372918362"/>
  <nd ref="3413883266"/>
  <nd ref="11372918365"/>
  <nd ref="11372918366"/>
  <nd ref="11372918367"/>
  <nd ref="11372918368"/>
  <nd ref="11372928569"/>
  <nd ref="3413883251"/>
  <nd ref="11372928570"/>
  <nd ref="11372928571"/>
  <nd ref="3413883246"/>
  <nd ref="11372928575"/>
  <nd ref="11372928574"/>
  <nd ref="5217245044"/>
  <nd ref="11372928572"/>
  <nd ref="11372928573"/>
  <nd ref="3413883240"/>
  <nd ref="5217245080"/>
  <nd ref="5217245043"/>
  <nd ref="3413883239"/>
  <nd ref="5217245074"/>
  <nd ref="3413883237"/>
  <nd ref="5217245042"/>
  <nd ref="9909151171"/>
  <nd ref="3413883235"/>
  <nd ref="3413883238"/>
  <nd ref="9909151163"/>
  <nd ref="5217245041"/>
  <nd ref="5217245040"/>
  <nd ref="5217245039"/>
  <nd ref="9909151127"/>
  <nd ref="5217245081"/>
  <nd ref="9909151126"/>
  <nd ref="5217245038"/>
  <nd ref="3413883241"/>
  <nd ref="9909151125"/>
  <nd ref="5217245061"/>
  <nd ref="5217245076"/>
  <nd ref="3413883244"/>
  <nd ref="9909151123"/>
  <nd ref="5217245037"/>
  <nd ref="5217245036"/>
  <nd ref="5217245035"/>
  <nd ref="9909151122"/>
  <nd ref="9909151121"/>
  <nd ref="5217245048"/>
  <nd ref="3413883249"/>
  <nd ref="3413883253"/>
  <tag k="highway" v="tertiary"/>
  <tag k="name" v="유전길"/>
  <tag k="name:en" v="Yujeon-gil"/>
  <tag k="name:ko" v="유전길"/>
  <tag k="surface" v="asphalt"/>
 </way>
 <way id="334275398" visible="true" version="5" changeset="100138147" timestamp="2021-02-28T14:03:49Z" user="mulgist" uid="12368943">
  <nd ref="5312136036"/>
  <nd ref="5312136039"/>
  <nd ref="5312136044"/>
  <nd ref="5180185985"/>
  <nd ref="5309677876"/>
  <nd ref="3413883236"/>
  <tag k="highway" v="residential"/>
 </way>
 <way id="334275402" visible="true" version="6" changeset="100138147" timestamp="2021-02-28T14:03:49Z" user="mulgist" uid="12368943">
  <nd ref="5180185986"/>
  <nd ref="5181474016"/>
  <nd ref="5181474013"/>
  <nd ref="8467256503"/>
  <nd ref="8467256507"/>
  <nd ref="5181473098"/>
  <nd ref="5181473096"/>
  <nd ref="5180185985"/>
  <nd ref="5312136052"/>
  <nd ref="5312136054"/>
  <nd ref="5180185984"/>
  <tag k="highway" v="residential"/>
 </way>
 <way id="334275427" visible="true" version="5" changeset="124040733" timestamp="2022-07-25T08:53:04Z" user="FUKUTAN" uid="5207199">
  <nd ref="3413883254"/>
  <nd ref="3413883253"/>
  <nd ref="5217245034"/>
  <nd ref="3413883252"/>
  <nd ref="5180185978"/>
  <nd ref="9909151128"/>
  <nd ref="5217245033"/>
  <nd ref="3413883246"/>
  <tag k="highway" v="residential"/>
  <tag k="name" v="유전길"/>
  <tag k="name:en" v="Yujeon-gil"/>
  <tag k="name:ko" v="유전길"/>
 </way>
 <way id="334275807" visible="true" version="6" changeset="147077461" timestamp="2024-02-05T04:28:45Z" user="FUKUTAN" uid="5207199">
  <nd ref="3413889971"/>
  <nd ref="3413889969"/>
  <nd ref="3413889962"/>
  <nd ref="3413889960"/>
  <nd ref="8440089600"/>
  <nd ref="3413889959"/>
  <nd ref="3413889957"/>
  <nd ref="3413889955"/>
  <nd ref="3413889954"/>
  <nd ref="10729277278"/>
  <nd ref="3413889956"/>
  <nd ref="3413889958"/>
  <nd ref="3413889961"/>
  <nd ref="11586054559"/>
  <nd ref="3413889963"/>
  <nd ref="11586054558"/>
  <nd ref="3413889964"/>
  <nd ref="11586054557"/>
  <nd ref="3413889966"/>
  <nd ref="11586054556"/>
  <nd ref="3413889970"/>
  <nd ref="3413889971"/>
  <tag k="name" v="유전저수지"/>
  <tag k="natural" v="water"/>
  <tag k="water" v="reservoir"/>
 </way>
 <way id="334275810" visible="true" version="6" changeset="100138147" timestamp="2021-02-28T14:03:49Z" user="mulgist" uid="12368943">
  <nd ref="3413889956"/>
  <nd ref="3413889952"/>
  <nd ref="8440089601"/>
  <nd ref="8440089602"/>
  <nd ref="8440089603"/>
  <nd ref="3413889953"/>
  <nd ref="3413889951"/>
  <nd ref="3413889949"/>
  <nd ref="8467256481"/>
  <nd ref="8467256480"/>
  <nd ref="3413889946"/>
  <nd ref="8467256479"/>
  <nd ref="3413889942"/>
  <nd ref="8467256478"/>
  <nd ref="3413889922"/>
  <nd ref="8420734072"/>
  <tag k="waterway" v="ditch"/>
 </way>
 <way id="478994394" visible="true" version="3" changeset="176313032" timestamp="2025-12-23T15:05:33Z" user="aaei924" uid="10626814">
  <nd ref="4721608238"/>
  <nd ref="5312163958"/>
  <nd ref="3413883280"/>
  <tag k="highway" v="tertiary"/>
 </way>
 <way id="478994395" visible="true" version="2" changeset="176313032" timestamp="2025-12-23T15:05:33Z" user="aaei924" uid="10626814">
  <nd ref="4721608237"/>
  <nd ref="4721608238"/>
  <tag k="highway" v="tertiary"/>
  <tag k="layer" v="-1"/>
  <tag k="tunnel" v="yes"/>
 </way>
 <way id="478994396" visible="true" version="6" changeset="176313032" timestamp="2025-12-23T15:05:33Z" user="aaei924" uid="10626814">
  <nd ref="5180190122"/>
  <nd ref="3413883271"/>
  <nd ref="12492158481"/>
  <nd ref="5312163956"/>
  <nd ref="5312163953"/>
  <nd ref="5312163955"/>
  <nd ref="5312163954"/>
  <nd ref="4721608237"/>
  <tag k="highway" v="tertiary"/>
 </way>
 <way id="508052676" visible="true" version="8" changeset="171918325" timestamp="2025-09-14T13:36:20Z" user="FUKUTAN" uid="5207199">
  <nd ref="4974413427"/>
  <nd ref="8422493667"/>
  <nd ref="4974413428"/>
  <nd ref="8422493668"/>
  <nd ref="4974413429"/>
  <nd ref="5181473563"/>
  <nd ref="4974413430"/>
  <nd ref="8449650122"/>
  <nd ref="8449650121"/>
  <nd ref="8449650120"/>
  <nd ref="4974413431"/>
  <nd ref="4974413432"/>
  <nd ref="13142587634"/>
  <nd ref="4974413433"/>
  <nd ref="8422493542"/>
  <nd ref="4974413434"/>
  <nd ref="4974413435"/>
  <nd ref="4974413427"/>
  <tag k="addr:city" v="나주시"/>
  <tag k="addr:housenumber" v="77"/>
  <tag k="addr:postcode" v="58217"/>
  <tag k="addr:province" v="전라남도"/>
  <tag k="addr:street" v="우정로"/>
  <tag k="addr:subdistrict" v="빛가람동"/>
  <tag k="landuse" v="residential"/>
  <tag k="name" v="빛가람 중흥S클래스 센트럴 1차"/>
  <tag k="name:en" v="Bitgaram Jungheung S-Class Central 1"/>
  <tag k="name:ko" v="빛가람 중흥S클래스 센트럴 1차"/>
  <tag k="operator" v="중흥건설(주)"/>
  <tag k="residential" v="apartments"/>
 </way>
 <way id="508052678" visible="true" version="9" changeset="175140605" timestamp="2025-11-26T07:36:56Z" user="KennyDap" uid="21660928">
  <nd ref="4974413447"/>
  <nd ref="9905228832"/>
  <nd ref="5312199952"/>
  <nd ref="9905228835"/>
  <nd ref="9905228837"/>
  <nd ref="4974413448"/>
  <nd ref="9905228839"/>
  <nd ref="9905228840"/>
  <nd ref="9905228825"/>
  <nd ref="4974413449"/>
  <nd ref="4974413450"/>
  <nd ref="5309677846"/>
  <nd ref="5309677745"/>
  <nd ref="2623136100"/>
  <nd ref="8467256486"/>
  <nd ref="8467256487"/>
  <nd ref="8467256489"/>
  <nd ref="8467256490"/>
  <nd ref="8467256491"/>
  <nd ref="8467256492"/>
  <nd ref="4974413457"/>
  <nd ref="5180189954"/>
  <nd ref="4974413451"/>
  <nd ref="4974413454"/>
  <nd ref="5309677917"/>
  <nd ref="4974413452"/>
  <nd ref="9905228801"/>
  <nd ref="5312199960"/>
  <nd ref="4974413447"/>
  <tag k="landuse" v="commercial"/>
  <tag k="name" v="한국전력공사 본사"/>
 </way>
 <way id="508052681" visible="true" version="7" changeset="178616775" timestamp="2026-02-16T08:28:03Z" user="FUKUTAN" uid="5207199">
  <nd ref="5180190123"/>
  <nd ref="11369025916"/>
  <nd ref="5180190121"/>
  <nd ref="4976382990"/>
  <nd ref="11369025915"/>
  <nd ref="11369025914"/>
  <nd ref="13569062445"/>
  <nd ref="11369025913"/>
  <nd ref="4976382988"/>
  <nd ref="5180190123"/>
  <tag k="addr:housenumber" v="61"/>
  <tag k="addr:postcode" v="58321"/>
  <tag k="addr:street" v="한빛로"/>
  <tag k="landuse" v="residential"/>
  <tag k="name" v="빛가람 우미린"/>
  <tag k="name:en" v="Bitgaram Woomi Lynn"/>
  <tag k="name:ko" v="빛가람 우미린"/>
  <tag k="residential" v="apartments"/>
 </way>
 <way id="508303715" visible="true" version="4" changeset="144333236" timestamp="2023-11-22T16:36:43Z" user="asdfqwer51" uid="3350410">
  <nd ref="4976382976"/>
  <nd ref="4976382978"/>
  <nd ref="4976382979"/>
  <nd ref="5308098174"/>
  <nd ref="4976382980"/>
  <nd ref="5308098173"/>
  <nd ref="5308098172"/>
  <nd ref="4976382981"/>
  <nd ref="5308098171"/>
  <nd ref="5308098170"/>
  <nd ref="5308098169"/>
  <nd ref="5308098168"/>
  <nd ref="4976382982"/>
  <nd ref="5308098180"/>
  <nd ref="5308098178"/>
  <nd ref="5308098179"/>
  <nd ref="5308098177"/>
  <nd ref="5308098176"/>
  <nd ref="5308098175"/>
  <nd ref="4976382976"/>
  <tag k="addr:housenumber" v="125"/>
  <tag k="addr:postcode" v="58321"/>
  <tag k="addr:street" v="한빛로"/>
  <tag k="landuse" v="residential"/>
  <tag k="name" v="빛가람 중흥S클래스 리버티"/>
  <tag k="name:en" v="Bitgaram Jungheung S-Class Liberty"/>
  <tag k="name:ko" v="빛가람 중흥S클래스 리버티"/>
  <tag k="residential" v="apartments"/>
 </way>
 <way id="508303716" visible="true" version="9" changeset="175910622" timestamp="2025-12-14T08:55:57Z" user="FUKUTAN" uid="5207199">
  <nd ref="4976382983"/>
  <nd ref="11369028990"/>
  <nd ref="9905228805"/>
  <nd ref="4976382984"/>
  <nd ref="4976382985"/>
  <nd ref="10549091028"/>
  <nd ref="4976382986"/>
  <nd ref="10549091027"/>
  <nd ref="10549091026"/>
  <nd ref="5308098186"/>
  <nd ref="5308098185"/>
  <nd ref="10549091029"/>
  <nd ref="5312163975"/>
  <nd ref="5308098184"/>
  <nd ref="4976382983"/>
  <tag k="amenity" v="school"/>
  <tag k="education" v="school"/>
  <tag k="isced:level" v="1"/>
  <tag k="name" v="빛누리초등학교"/>
  <tag k="wikidata" v="Q22974025"/>
 </way>
 <way id="534052717" visible="true" version="6" changeset="100138147" timestamp="2021-02-28T14:03:49Z" user="mulgist" uid="12368943">
  <nd ref="5180185984"/>
  <nd ref="5312136055"/>
  <nd ref="5312136056"/>
  <nd ref="5180185983"/>
  <nd ref="5312136038"/>
  <nd ref="5312136037"/>
  <nd ref="5180185982"/>
  <nd ref="8467256514"/>
  <nd ref="5181474065"/>
  <nd ref="5312136045"/>
  <nd ref="3413883242"/>
  <nd ref="5312136050"/>
  <nd ref="8467256520"/>
  <nd ref="5180185981"/>
  <nd ref="3413883248"/>
  <nd ref="8467256515"/>
  <nd ref="5231621208"/>
  <nd ref="5180185986"/>
  <nd ref="5309677830"/>
  <nd ref="3413883245"/>
  <tag k="highway" v="residential"/>
 </way>
 <way id="534225855" visible="true" version="2" changeset="55000270" timestamp="2017-12-29T04:56:10Z" user="FUKUTAN" uid="5207199">
  <nd ref="5181473096"/>
  <nd ref="5309677947"/>
  <nd ref="5181473097"/>
  <tag k="highway" v="service"/>
  <tag k="service" v="parking_aisle"/>
 </way>
 <way id="534225856" visible="true" version="3" changeset="100138147" timestamp="2021-02-28T14:03:49Z" user="mulgist" uid="12368943">
  <nd ref="5181473098"/>
  <nd ref="5309677948"/>
  <nd ref="5181473104"/>
  <nd ref="5181473106"/>
  <nd ref="5181473099"/>
  <nd ref="5181473100"/>
  <nd ref="8467256512"/>
  <nd ref="5181473101"/>
  <nd ref="5181473102"/>
  <nd ref="8467256509"/>
  <nd ref="5181473105"/>
  <nd ref="5181473103"/>
  <tag k="highway" v="service"/>
  <tag k="service" v="parking_aisle"/>
 </way>
 <way id="534225857" visible="true" version="2" changeset="100138147" timestamp="2021-02-28T14:03:49Z" user="mulgist" uid="12368943">
  <nd ref="5181473103"/>
  <nd ref="5181473097"/>
  <nd ref="8467256510"/>
  <nd ref="5181473104"/>
  <tag k="highway" v="service"/>
  <tag k="service" v="parking_aisle"/>
 </way>
 <way id="534225858" visible="true" version="2" changeset="100138147" timestamp="2021-02-28T14:03:49Z" user="mulgist" uid="12368943">
  <nd ref="5181473105"/>
  <nd ref="8467256511"/>
  <nd ref="5181473106"/>
  <tag k="highway" v="service"/>
  <tag k="service" v="parking_aisle"/>
 </way>
 <way id="534225898" visible="true" version="1" changeset="53148353" timestamp="2017-10-22T10:44:00Z" user="FUKUTAN" uid="5207199">
  <nd ref="5181474013"/>
  <nd ref="5181474014"/>
  <nd ref="5181474015"/>
  <nd ref="5181474016"/>
  <tag k="highway" v="service"/>
  <tag k="service" v="parking_aisle"/>
 </way>
 <way id="534225901" visible="true" version="3" changeset="100138147" timestamp="2021-02-28T14:03:49Z" user="mulgist" uid="12368943">
  <nd ref="5312136047"/>
  <nd ref="5181474065"/>
  <nd ref="8467256521"/>
  <nd ref="5181474068"/>
  <nd ref="5181474066"/>
  <nd ref="5181474067"/>
  <tag k="highway" v="service"/>
  <tag k="service" v="parking_aisle"/>
 </way>
 <way id="534225902" visible="true" version="1" changeset="53148353" timestamp="2017-10-22T10:44:00Z" user="FUKUTAN" uid="5207199">
  <nd ref="5181474068"/>
  <nd ref="5181474069"/>
  <tag k="highway" v="service"/>
  <tag k="service" v="parking_aisle"/>
 </way>
 <way id="534225912" visible="true" version="13" changeset="185405421" timestamp="2026-07-09T12:40:48Z" user="samdasooooooo" uid="14457606">
  <nd ref="9909151287"/>
  <nd ref="9909151286"/>
  <nd ref="11369028986"/>
  <nd ref="9909151285"/>
  <nd ref="9909151284"/>
  <nd ref="9909151283"/>
  <nd ref="9909151282"/>
  <nd ref="9909151281"/>
  <nd ref="9909151280"/>
  <nd ref="9909151279"/>
  <nd ref="9909151278"/>
  <nd ref="9909151277"/>
  <nd ref="9909151276"/>
  <nd ref="9909151275"/>
  <nd ref="9909151274"/>
  <nd ref="9909151273"/>
  <nd ref="9909151272"/>
  <nd ref="9909151271"/>
  <nd ref="9909151270"/>
  <nd ref="14000139944"/>
  <nd ref="12492158464"/>
  <nd ref="9909151269"/>
  <nd ref="9909151268"/>
  <nd ref="5181474084"/>
  <nd ref="5181474085"/>
  <nd ref="12492158462"/>
  <nd ref="5181474086"/>
  <nd ref="5181474087"/>
  <nd ref="10549091053"/>
  <nd ref="5181474088"/>
  <nd ref="10549091052"/>
  <nd ref="10549091051"/>
  <nd ref="14000139926"/>
  <nd ref="14000139932"/>
  <nd ref="5181474089"/>
  <nd ref="5309677870"/>
  <nd ref="5181474090"/>
  <nd ref="10549091054"/>
  <nd ref="5181474091"/>
  <nd ref="5181474092"/>
  <nd ref="14000139937"/>
  <nd ref="5181474093"/>
  <nd ref="5312163959"/>
  <nd ref="5312199938"/>
  <nd ref="5312199939"/>
  <nd ref="5181474094"/>
  <nd ref="5181474095"/>
  <nd ref="5309677753"/>
  <nd ref="5309677754"/>
  <nd ref="5309677755"/>
  <nd ref="8420734071"/>
  <nd ref="5309677756"/>
  <nd ref="8467256411"/>
  <nd ref="5309677757"/>
  <nd ref="5309677758"/>
  <nd ref="5309677759"/>
  <nd ref="5309677760"/>
  <nd ref="5309677761"/>
  <nd ref="5309677762"/>
  <nd ref="5309677763"/>
  <nd ref="8420734070"/>
  <nd ref="5309677764"/>
  <nd ref="5309677765"/>
  <tag k="highway" v="path"/>
 </way>
 <way id="539130532" visible="true" version="6" changeset="185365325" timestamp="2026-07-08T19:50:07Z" user="samdasooooooo" uid="14457606">
  <nd ref="5217245047"/>
  <nd ref="5217245045"/>
  <nd ref="5309677743"/>
  <nd ref="4974413487"/>
  <nd ref="3413883243"/>
  <nd ref="5309677744"/>
  <nd ref="5291647154"/>
  <tag k="highway" v="residential"/>
  <tag k="name" v="석전1길"/>
  <tag k="name:en" v="Seokjeon 1-gil"/>
  <tag k="name:ko" v="석전1길"/>
  <tag k="sidewalk" v="both"/>
 </way>
 <way id="539130533" visible="true" version="2" changeset="139517186" timestamp="2023-08-06T14:00:20Z" user="user_14366776" uid="14366776">
  <nd ref="5217245046"/>
  <nd ref="5217245047"/>
  <tag k="highway" v="residential"/>
  <tag k="layer" v="-1"/>
  <tag k="tunnel" v="yes"/>
 </way>
 <way id="539130534" visible="true" version="3" changeset="124040733" timestamp="2022-07-25T08:53:04Z" user="FUKUTAN" uid="5207199">
  <nd ref="5217245048"/>
  <nd ref="5217245049"/>
  <nd ref="9909151120"/>
  <nd ref="5217245050"/>
  <nd ref="9909151119"/>
  <nd ref="5217245051"/>
  <nd ref="9909151118"/>
  <nd ref="5217245052"/>
  <nd ref="5217245053"/>
  <nd ref="9909151117"/>
  <nd ref="9909151137"/>
  <nd ref="5217245054"/>
  <nd ref="9909142516"/>
  <nd ref="5217245055"/>
  <nd ref="5217245056"/>
  <nd ref="9909142515"/>
  <nd ref="5217245057"/>
  <nd ref="5217245058"/>
  <nd ref="9909142514"/>
  <nd ref="5217245059"/>
  <nd ref="9909142513"/>
  <nd ref="5217245060"/>
  <nd ref="5217245044"/>
  <tag k="highway" v="residential"/>
  <tag k="name" v="유전길"/>
  <tag k="name:en" v="Yujeon-gil"/>
  <tag k="name:ko" v="유전길"/>
 </way>
 <way id="539130535" visible="true" version="3" changeset="124040733" timestamp="2022-07-25T08:53:04Z" user="FUKUTAN" uid="5207199">
  <nd ref="5217245061"/>
  <nd ref="9909151124"/>
  <nd ref="5217245062"/>
  <nd ref="9909142503"/>
  <nd ref="5217245063"/>
  <nd ref="9909142504"/>
  <nd ref="5217245064"/>
  <nd ref="9909142505"/>
  <nd ref="5217245065"/>
  <nd ref="9909142506"/>
  <nd ref="9909142507"/>
  <nd ref="5217245066"/>
  <nd ref="9909151162"/>
  <nd ref="5217245067"/>
  <nd ref="5217245068"/>
  <nd ref="9909142508"/>
  <nd ref="5217245069"/>
  <nd ref="5217245070"/>
  <nd ref="5217245071"/>
  <tag k="highway" v="residential"/>
  <tag k="name" v="유전길"/>
  <tag k="name:en" v="Yujeon-gil"/>
  <tag k="name:ko" v="유전길"/>
 </way>
 <way id="539130537" visible="true" version="3" changeset="124040733" timestamp="2022-07-25T08:53:04Z" user="FUKUTAN" uid="5207199">
  <nd ref="5217245071"/>
  <nd ref="9909142510"/>
  <nd ref="5217245077"/>
  <nd ref="9909142511"/>
  <nd ref="5217245078"/>
  <nd ref="9909142512"/>
  <nd ref="5217245079"/>
  <nd ref="3413883240"/>
  <tag k="highway" v="residential"/>
  <tag k="name" v="유전길"/>
  <tag k="name:en" v="Yujeon-gil"/>
  <tag k="name:ko" v="유전길"/>
 </way>
 <way id="540880142" visible="true" version="1" changeset="53825080" timestamp="2017-11-16T00:53:37Z" user="FUKUTAN" uid="5207199">
  <nd ref="5231621208"/>
  <nd ref="5231621209"/>
  <tag k="highway" v="service"/>
  <tag k="service" v="parking_aisle"/>
 </way>
 <way id="540880143" visible="true" version="1" changeset="53825080" timestamp="2017-11-16T00:53:37Z" user="FUKUTAN" uid="5207199">
  <nd ref="5231621209"/>
  <nd ref="5231621210"/>
  <nd ref="5231621211"/>
  <nd ref="5231621212"/>
  <nd ref="5231621209"/>
  <tag k="highway" v="service"/>
  <tag k="service" v="parking_aisle"/>
 </way>
 <way id="547664344" visible="true" version="4" changeset="176313032" timestamp="2025-12-23T15:05:33Z" user="aaei924" uid="10626814">
  <nd ref="5291647154"/>
  <nd ref="9909151256"/>
  <nd ref="2623137229"/>
  <nd ref="9909151249"/>
  <nd ref="4976382996"/>
  <nd ref="3413883236"/>
  <nd ref="5180189963"/>
  <nd ref="4974413453"/>
  <nd ref="2623136273"/>
  <nd ref="5180189968"/>
  <nd ref="2623137225"/>
  <nd ref="5291647159"/>
  <tag k="highway" v="tertiary"/>
  <tag k="name" v="우정로"/>
  <tag k="name:en" v="Ujeong-ro"/>
  <tag k="name:ko" v="우정로"/>
 </way>
 <way id="547664346" visible="true" version="7" changeset="176319095" timestamp="2025-12-23T17:30:15Z" user="aaei924" uid="10626814">
  <nd ref="5291647156"/>
  <nd ref="13398101046"/>
  <nd ref="3413883211"/>
  <nd ref="5180189941"/>
  <nd ref="5180185968"/>
  <nd ref="5312200002"/>
  <nd ref="5180189937"/>
  <nd ref="2623136270"/>
  <nd ref="5312200001"/>
  <nd ref="4974413456"/>
  <nd ref="2623136273"/>
  <nd ref="4974413458"/>
  <nd ref="5309677750"/>
  <nd ref="5180189964"/>
  <nd ref="4974413455"/>
  <nd ref="2623136262"/>
  <nd ref="3413883245"/>
  <nd ref="5309677751"/>
  <tag k="highway" v="tertiary"/>
  <tag k="name" v="전력로"/>
  <tag k="name:en" v="Jeollyeok-ro"/>
  <tag k="name:ko" v="전력로"/>
 </way>
 <way id="549492171" visible="true" version="3" changeset="97379800" timestamp="2021-01-12T14:19:08Z" user="야광멧돼지" uid="12393144">
  <nd ref="5307959711"/>
  <nd ref="5307959715"/>
  <nd ref="5307959712"/>
  <nd ref="5307959709"/>
  <nd ref="5307959713"/>
  <nd ref="5307959717"/>
  <nd ref="5307959714"/>
  <nd ref="5307959710"/>
  <nd ref="5307959711"/>
  <tag k="highway" v="residential"/>
  <tag k="name" v="한빛로"/>
  <tag k="name:en" v="Hanbit-ro"/>
  <tag k="name:ko" v="한빛로"/>
 </way>
 <way id="549649365" visible="true" version="4" changeset="175093035" timestamp="2025-11-25T04:20:05Z" user="LuxuryCoop" uid="7245212">
  <nd ref="4976382992"/>
  <nd ref="5180190395"/>
  <nd ref="4976382993"/>
  <nd ref="4976382994"/>
  <nd ref="4976382995"/>
  <nd ref="8467256488"/>
  <tag k="highway" v="pedestrian"/>
 </way>
 <way id="549672783" visible="true" version="2" changeset="75057121" timestamp="2019-09-29T09:29:43Z" user="octel" uid="238290">
  <nd ref="5309677732"/>
  <nd ref="5309677736"/>
  <nd ref="5309677733"/>
  <nd ref="5309677734"/>
  <nd ref="5309677735"/>
  <tag k="highway" v="residential"/>
  <tag k="name" v="석전2길"/>
  <tag k="name:en" v="Seokjeon 2-gil"/>
  <tag k="name:ko" v="석전2길"/>
 </way>
 <way id="549672784" visible="true" version="2" changeset="75057121" timestamp="2019-09-29T09:29:43Z" user="octel" uid="238290">
  <nd ref="5309677736"/>
  <nd ref="5309677737"/>
  <tag k="highway" v="residential"/>
  <tag k="name" v="석전2길"/>
  <tag k="name:en" v="Seokjeon 2-gil"/>
  <tag k="name:ko" v="석전2길"/>
 </way>
 <way id="549672785" visible="true" version="2" changeset="75057121" timestamp="2019-09-29T09:29:43Z" user="octel" uid="238290">
  <nd ref="3317869867"/>
  <nd ref="5309677741"/>
  <nd ref="5309677738"/>
  <nd ref="5309677740"/>
  <nd ref="5309677739"/>
  <tag k="highway" v="residential"/>
  <tag k="name" v="석전2길"/>
  <tag k="name:en" v="Seokjeon 2-gil"/>
  <tag k="name:ko" v="석전2길"/>
 </way>
 <way id="549672786" visible="true" version="2" changeset="75057121" timestamp="2019-09-29T09:29:43Z" user="octel" uid="238290">
  <nd ref="5309677741"/>
  <nd ref="5309677742"/>
  <tag k="highway" v="residential"/>
  <tag k="name" v="석전2길"/>
  <tag k="name:en" v="Seokjeon 2-gil"/>
  <tag k="name:ko" v="석전2길"/>
 </way>
 <way id="549672787" visible="true" version="2" changeset="75057121" timestamp="2019-09-29T09:29:43Z" user="octel" uid="238290">
  <nd ref="3317869908"/>
  <nd ref="5309677743"/>
  <tag k="highway" v="residential"/>
  <tag k="name" v="석전2길"/>
  <tag k="name:en" v="Seokjeon 2-gil"/>
  <tag k="name:ko" v="석전2길"/>
 </way>
 <way id="549672788" visible="true" version="2" changeset="75057121" timestamp="2019-09-29T09:29:43Z" user="octel" uid="238290">
  <nd ref="3317869895"/>
  <nd ref="5309677744"/>
  <tag k="highway" v="residential"/>
  <tag k="name" v="석전2길"/>
  <tag k="name:en" v="Seokjeon 2-gil"/>
  <tag k="name:ko" v="석전2길"/>
 </way>
 <way id="549672789" visible="true" version="2" changeset="75057121" timestamp="2019-09-29T09:29:43Z" user="octel" uid="238290">
  <nd ref="3317869872"/>
  <nd ref="3317869864"/>
  <tag k="highway" v="residential"/>
  <tag k="name" v="석전2길"/>
  <tag k="name:en" v="Seokjeon 2-gil"/>
  <tag k="name:ko" v="석전2길"/>
 </way>
 <way id="549672790" visible="true" version="2" changeset="55037900" timestamp="2017-12-30T15:59:10Z" user="FUKUTAN" uid="5207199">
  <nd ref="5309677746"/>
  <nd ref="5312199974"/>
  <nd ref="5309677747"/>
  <nd ref="5309677748"/>
  <nd ref="5309677749"/>
  <nd ref="5309677746"/>
  <tag k="aeroway" v="helipad"/>
 </way>
 <way id="549672801" visible="true" version="3" changeset="100138147" timestamp="2021-02-28T14:03:49Z" user="mulgist" uid="12368943">
  <nd ref="5309677923"/>
  <nd ref="5309677828"/>
  <nd ref="5309677829"/>
  <nd ref="5309677921"/>
  <nd ref="5309677830"/>
  <nd ref="5309677831"/>
  <nd ref="5309677832"/>
  <nd ref="5309677833"/>
  <nd ref="5309677834"/>
  <nd ref="5309677835"/>
  <nd ref="5309677836"/>
  <nd ref="5309677837"/>
  <nd ref="5309677950"/>
  <nd ref="5309677838"/>
  <nd ref="5309677839"/>
  <nd ref="5309677840"/>
  <nd ref="5309677841"/>
  <nd ref="5312199987"/>
  <nd ref="5312199985"/>
  <nd ref="5312199983"/>
  <nd ref="5312199962"/>
  <nd ref="5312199981"/>
  <nd ref="5312199979"/>
  <nd ref="5312199977"/>
  <nd ref="5309677960"/>
  <nd ref="5312199975"/>
  <nd ref="5309677842"/>
  <nd ref="5309677843"/>
  <nd ref="5312199999"/>
  <nd ref="5312199969"/>
  <nd ref="5309677955"/>
  <nd ref="5309677844"/>
  <nd ref="5309677845"/>
  <nd ref="8467256485"/>
  <nd ref="5309677847"/>
  <nd ref="5309677848"/>
  <tag k="footway" v="sidewalk"/>
  <tag k="highway" v="footway"/>
 </way>
 <way id="549672802" visible="true" version="2" changeset="55037900" timestamp="2017-12-30T15:59:09Z" user="FUKUTAN" uid="5207199">
  <nd ref="5309677849"/>
  <nd ref="5309677850"/>
  <nd ref="5309677848"/>
  <nd ref="5309677851"/>
  <nd ref="5309677856"/>
  <nd ref="5309677852"/>
  <nd ref="5309677853"/>
  <nd ref="5309677854"/>
  <nd ref="5309677855"/>
  <nd ref="5309677857"/>
  <nd ref="5309677858"/>
  <nd ref="5309677859"/>
  <nd ref="5309677860"/>
  <nd ref="5309677861"/>
  <nd ref="5309677862"/>
  <nd ref="5309677863"/>
  <nd ref="5309677864"/>
  <nd ref="5309677865"/>
  <nd ref="5309677866"/>
  <nd ref="5309677867"/>
  <nd ref="5309677868"/>
  <nd ref="5309677869"/>
  <nd ref="5312199937"/>
  <nd ref="5309677870"/>
  <tag k="footway" v="sidewalk"/>
  <tag k="highway" v="footway"/>
 </way>
 <way id="549672803" visible="true" version="2" changeset="100138147" timestamp="2021-02-28T14:03:49Z" user="mulgist" uid="12368943">
  <nd ref="5309677886"/>
  <nd ref="5309677885"/>
  <nd ref="5309677884"/>
  <nd ref="5309677883"/>
  <nd ref="5309677882"/>
  <nd ref="5309677888"/>
  <nd ref="5309677876"/>
  <nd ref="5309677943"/>
  <nd ref="5309677878"/>
  <nd ref="5309677925"/>
  <nd ref="5309677931"/>
  <nd ref="5309677879"/>
  <nd ref="8467256506"/>
  <nd ref="8467256501"/>
  <nd ref="5309677880"/>
  <tag k="footway" v="sidewalk"/>
  <tag k="highway" v="footway"/>
 </way>
 <way id="549672804" visible="true" version="2" changeset="100138147" timestamp="2021-02-28T14:03:49Z" user="mulgist" uid="12368943">
  <nd ref="5309677887"/>
  <nd ref="5309677888"/>
  <nd ref="5309677886"/>
  <nd ref="5309677889"/>
  <nd ref="5309677890"/>
  <nd ref="5309677891"/>
  <nd ref="5309677892"/>
  <nd ref="5309677894"/>
  <nd ref="5309677896"/>
  <nd ref="5309677897"/>
  <nd ref="5309677898"/>
  <nd ref="5309677899"/>
  <nd ref="5309677900"/>
  <nd ref="5309677901"/>
  <nd ref="5309677902"/>
  <nd ref="5309677903"/>
  <nd ref="8467256522"/>
  <nd ref="5309677847"/>
  <tag k="footway" v="sidewalk"/>
  <tag k="highway" v="footway"/>
 </way>
 <way id="549672806" visible="true" version="2" changeset="100138147" timestamp="2021-02-28T14:03:49Z" user="mulgist" uid="12368943">
  <nd ref="5309677923"/>
  <nd ref="5309677924"/>
  <tag k="footway" v="sidewalk"/>
  <tag k="highway" v="footway"/>
 </way>
 <way id="549672807" visible="true" version="2" changeset="100138147" timestamp="2021-02-28T14:03:49Z" user="mulgist" uid="12368943">
  <nd ref="5309677925"/>
  <nd ref="5309677926"/>
  <tag k="footway" v="sidewalk"/>
  <tag k="highway" v="footway"/>
 </way>
 <way id="549672808" visible="true" version="2" changeset="100138147" timestamp="2021-02-28T14:03:49Z" user="mulgist" uid="12368943">
  <nd ref="5309677932"/>
  <nd ref="5309677935"/>
  <nd ref="5309677929"/>
  <nd ref="5309677930"/>
  <tag k="footway" v="sidewalk"/>
  <tag k="highway" v="footway"/>
 </way>
 <way id="549672809" visible="true" version="1" changeset="55000270" timestamp="2017-12-29T04:56:04Z" user="FUKUTAN" uid="5207199">
  <nd ref="5309677931"/>
  <nd ref="5309677932"/>
  <nd ref="5309677933"/>
  <tag k="footway" v="sidewalk"/>
  <tag k="highway" v="footway"/>
 </way>
 <way id="549672810" visible="true" version="2" changeset="100138147" timestamp="2021-02-28T14:03:49Z" user="mulgist" uid="12368943">
  <nd ref="5309677872"/>
  <nd ref="5309677933"/>
  <nd ref="5309677935"/>
  <nd ref="5309677936"/>
  <tag k="footway" v="sidewalk"/>
  <tag k="highway" v="footway"/>
 </way>
 <way id="549672811" visible="true" version="2" changeset="100138147" timestamp="2021-02-28T14:03:49Z" user="mulgist" uid="12368943">
  <nd ref="5309677942"/>
  <nd ref="8467256494"/>
  <nd ref="5309677943"/>
  <nd ref="5309677944"/>
  <nd ref="5309677945"/>
  <nd ref="5309677946"/>
  <nd ref="5309677947"/>
  <nd ref="5309677948"/>
  <nd ref="5309677949"/>
  <tag k="footway" v="sidewalk"/>
  <tag k="highway" v="footway"/>
 </way>
 <way id="549672812" visible="true" version="3" changeset="100138147" timestamp="2021-02-28T14:03:49Z" user="mulgist" uid="12368943">
  <nd ref="5309677950"/>
  <nd ref="5309677951"/>
  <nd ref="5312199988"/>
  <nd ref="5312199986"/>
  <nd ref="5312199984"/>
  <nd ref="5312199982"/>
  <nd ref="5312199980"/>
  <nd ref="5312199978"/>
  <nd ref="5309677961"/>
  <nd ref="5312199976"/>
  <nd ref="5312200000"/>
  <nd ref="5312199998"/>
  <nd ref="5309677953"/>
  <nd ref="5312199997"/>
  <nd ref="5312199990"/>
  <nd ref="5312199995"/>
  <nd ref="5312199993"/>
  <nd ref="5309677952"/>
  <tag k="footway" v="sidewalk"/>
  <tag k="highway" v="footway"/>
 </way>
 <way id="549672813" visible="true" version="3" changeset="100138147" timestamp="2021-02-28T14:03:49Z" user="mulgist" uid="12368943">
  <nd ref="5309677953"/>
  <nd ref="5312199991"/>
  <nd ref="5309677955"/>
  <nd ref="5312199934"/>
  <nd ref="5309677957"/>
  <nd ref="5309677958"/>
  <nd ref="5312199955"/>
  <nd ref="8467256484"/>
  <nd ref="5309677959"/>
  <nd ref="5312199968"/>
  <nd ref="5309677960"/>
  <nd ref="5309677961"/>
  <tag k="footway" v="sidewalk"/>
  <tag k="highway" v="footway"/>
 </way>
 <way id="549928282" visible="true" version="19" changeset="187989182" timestamp="2026-08-25T13:25:23Z" user="aaei924" uid="10626814">
  <nd ref="5312136013"/>
  <nd ref="14122653028"/>
  <nd ref="10979223723"/>
  <nd ref="11364492807"/>
  <nd ref="4714522157"/>
  <nd ref="11364492808"/>
  <nd ref="1438912004"/>
  <nd ref="5217245032"/>
  <nd ref="5217245031"/>
  <nd ref="436996646"/>
  <nd ref="10979223796"/>
  <nd ref="14122653035"/>
  <nd ref="11364492857"/>
  <nd ref="11364492834"/>
  <nd ref="436996649"/>
  <tag k="expressway" v="yes"/>
  <tag k="highway" v="trunk"/>
  <tag k="lane_markings" v="yes"/>
  <tag k="lanes" v="2"/>
  <tag k="maxspeed" v="90"/>
  <tag k="motorroad" v="yes"/>
  <tag k="name" v="빛가람장성로"/>
  <tag k="name:en" v="Bitgaramjangseong-ro"/>
  <tag k="name:ko" v="빛가람장성로"/>
  <tag k="oneway" v="yes"/>
  <tag k="ref" v="1;49"/>
  <tag k="surface" v="asphalt"/>
 </way>
 <way id="549928285" visible="true" version="2" changeset="100138147" timestamp="2021-02-28T14:03:49Z" user="mulgist" uid="12368943">
  <nd ref="5312136036"/>
  <nd ref="5312136046"/>
  <nd ref="5312136047"/>
  <nd ref="5312136037"/>
  <tag k="highway" v="service"/>
  <tag k="service" v="parking_aisle"/>
 </way>
 <way id="549928286" visible="true" version="1" changeset="55036702" timestamp="2017-12-30T15:05:31Z" user="FUKUTAN" uid="5207199">
  <nd ref="5312136038"/>
  <nd ref="5312136053"/>
  <nd ref="5312136051"/>
  <nd ref="5312136039"/>
  <tag k="highway" v="service"/>
  <tag k="service" v="parking_aisle"/>
 </way>
 <way id="549928287" visible="true" version="1" changeset="55036702" timestamp="2017-12-30T15:05:31Z" user="FUKUTAN" uid="5207199">
  <nd ref="5181473096"/>
  <nd ref="5312136040"/>
  <nd ref="5312136041"/>
  <nd ref="5312136042"/>
  <nd ref="5312136043"/>
  <nd ref="5312136044"/>
  <tag k="highway" v="residential"/>
 </way>
 <way id="549928288" visible="true" version="1" changeset="55036702" timestamp="2017-12-30T15:05:31Z" user="FUKUTAN" uid="5207199">
  <nd ref="5312136045"/>
  <nd ref="5312136046"/>
  <tag k="highway" v="service"/>
  <tag k="service" v="parking_aisle"/>
 </way>
 <way id="549928289" visible="true" version="1" changeset="55036702" timestamp="2017-12-30T15:05:31Z" user="FUKUTAN" uid="5207199">
  <nd ref="5312136048"/>
  <nd ref="5312136049"/>
  <nd ref="5312136050"/>
  <tag k="highway" v="service"/>
  <tag k="service" v="parking_aisle"/>
 </way>
 <way id="549928290" visible="true" version="1" changeset="55036702" timestamp="2017-12-30T15:05:31Z" user="FUKUTAN" uid="5207199">
  <nd ref="5312136051"/>
  <nd ref="5312136052"/>
  <tag k="highway" v="service"/>
  <tag k="service" v="parking_aisle"/>
 </way>
 <way id="549928291" visible="true" version="1" changeset="55036702" timestamp="2017-12-30T15:05:32Z" user="FUKUTAN" uid="5207199">
  <nd ref="5312136053"/>
  <nd ref="5312136054"/>
  <tag k="highway" v="service"/>
  <tag k="service" v="parking_aisle"/>
 </way>
 <way id="549928995" visible="true" version="1" changeset="55036941" timestamp="2017-12-30T15:16:22Z" user="FUKUTAN" uid="5207199">
  <nd ref="5312143127"/>
  <nd ref="5312143128"/>
  <nd ref="5312143129"/>
  <nd ref="5312143130"/>
  <nd ref="5312143127"/>
  <tag k="building" v="commercial"/>
 </way>
 <way id="549928996" visible="true" version="1" changeset="55036941" timestamp="2017-12-30T15:16:22Z" user="FUKUTAN" uid="5207199">
  <nd ref="5312143131"/>
  <nd ref="5312143132"/>
  <nd ref="5312143133"/>
  <nd ref="5312143134"/>
  <nd ref="5312143131"/>
  <tag k="building" v="commercial"/>
 </way>
 <way id="549928997" visible="true" version="1" changeset="55036941" timestamp="2017-12-30T15:16:23Z" user="FUKUTAN" uid="5207199">
  <nd ref="5312143135"/>
  <nd ref="5312143136"/>
  <nd ref="5312143137"/>
  <nd ref="5312143138"/>
  <nd ref="5312143135"/>
  <tag k="building" v="commercial"/>
 </way>
 <way id="549928998" visible="true" version="1" changeset="55036941" timestamp="2017-12-30T15:16:23Z" user="FUKUTAN" uid="5207199">
  <nd ref="5312143139"/>
  <nd ref="5312143140"/>
  <nd ref="5312143141"/>
  <nd ref="5312143142"/>
  <nd ref="5312143139"/>
  <tag k="building" v="commercial"/>
 </way>
 <way id="549928999" visible="true" version="1" changeset="55036941" timestamp="2017-12-30T15:16:23Z" user="FUKUTAN" uid="5207199">
  <nd ref="5312143143"/>
  <nd ref="5312143144"/>
  <nd ref="5312143145"/>
  <nd ref="5312143146"/>
  <nd ref="5312143143"/>
  <tag k="building" v="commercial"/>
 </way>
 <way id="549929000" visible="true" version="1" changeset="55036941" timestamp="2017-12-30T15:16:23Z" user="FUKUTAN" uid="5207199">
  <nd ref="5312143147"/>
  <nd ref="5312143148"/>
  <nd ref="5312143149"/>
  <nd ref="5312143150"/>
  <nd ref="5312143147"/>
  <tag k="building" v="commercial"/>
 </way>
 <way id="549929001" visible="true" version="3" changeset="163971755" timestamp="2025-03-23T05:18:51Z" user="chiho_kang" uid="10604125">
  <nd ref="5312143151"/>
  <nd ref="5312143152"/>
  <nd ref="5312143153"/>
  <nd ref="5312143154"/>
  <nd ref="5312143155"/>
  <nd ref="5312143156"/>
  <nd ref="5312143158"/>
  <nd ref="5312143159"/>
  <nd ref="5312143160"/>
  <nd ref="5312143161"/>
  <nd ref="5312143162"/>
  <nd ref="5312143163"/>
  <nd ref="5312143151"/>
  <tag k="addr:city" v="나주시"/>
  <tag k="addr:housenumber" v="56"/>
  <tag k="addr:postcode" v="58217"/>
  <tag k="addr:province" v="전라남도"/>
  <tag k="addr:street" v="우정로"/>
  <tag k="addr:subdistrict" v="빛가람동"/>
  <tag k="building" v="commercial"/>
  <tag k="building:levels" v="8"/>
  <tag k="name" v="토담리치타워"/>
 </way>
 <way id="549931716" visible="true" version="3" changeset="157777877" timestamp="2024-10-12T01:57:04Z" user="FUKUTAN" uid="5207199">
  <nd ref="5312163107"/>
  <nd ref="5312163108"/>
  <nd ref="5312163109"/>
  <nd ref="5312163110"/>
  <nd ref="5312163111"/>
  <nd ref="5312163112"/>
  <nd ref="5312163113"/>
  <nd ref="5312163114"/>
  <nd ref="5312163115"/>
  <nd ref="5312163116"/>
  <nd ref="12245217844"/>
  <nd ref="5312163117"/>
  <nd ref="5312163118"/>
  <nd ref="5312163119"/>
  <nd ref="5312163120"/>
  <nd ref="5312163921"/>
  <nd ref="5312163922"/>
  <nd ref="5312163923"/>
  <nd ref="5312163924"/>
  <nd ref="5312163925"/>
  <nd ref="5312163926"/>
  <nd ref="5312163927"/>
  <nd ref="5312163928"/>
  <nd ref="5312163929"/>
  <nd ref="5312163930"/>
  <nd ref="5312163931"/>
  <nd ref="5312163932"/>
  <nd ref="5312163933"/>
  <nd ref="5312163934"/>
  <nd ref="5312163935"/>
  <nd ref="5312163936"/>
  <nd ref="5312163937"/>
  <nd ref="5312163938"/>
  <nd ref="5312163939"/>
  <nd ref="5312163940"/>
  <nd ref="5312163941"/>
  <nd ref="8263252002"/>
  <nd ref="5312163942"/>
  <nd ref="5312163943"/>
  <nd ref="5312163944"/>
  <nd ref="5312163945"/>
  <nd ref="5312163946"/>
  <nd ref="5312163947"/>
  <nd ref="5312163948"/>
  <nd ref="4976382978"/>
  <nd ref="4976382979"/>
  <nd ref="5308098174"/>
  <nd ref="4976382980"/>
  <nd ref="5308098173"/>
  <nd ref="5308098172"/>
  <nd ref="4976382981"/>
  <nd ref="5308098171"/>
  <nd ref="5308098170"/>
  <nd ref="5308098169"/>
  <nd ref="5308098168"/>
  <nd ref="4976382982"/>
  <nd ref="5308098180"/>
  <nd ref="5308098178"/>
  <nd ref="5312163949"/>
  <nd ref="5312163950"/>
  <nd ref="5312163951"/>
  <nd ref="5312163952"/>
  <nd ref="5312163107"/>
  <tag k="leisure" v="park"/>
 </way>
 <way id="549931717" visible="true" version="5" changeset="175910622" timestamp="2025-12-14T08:55:57Z" user="FUKUTAN" uid="5207199">
  <nd ref="8440089604"/>
  <nd ref="5312163960"/>
  <nd ref="5312163961"/>
  <nd ref="11369025922"/>
  <nd ref="12492158520"/>
  <nd ref="5312163962"/>
  <nd ref="5312163963"/>
  <nd ref="5312163964"/>
  <nd ref="5312163965"/>
  <nd ref="5312163966"/>
  <nd ref="13375536133"/>
  <nd ref="5312163967"/>
  <nd ref="11369025921"/>
  <nd ref="8440089608"/>
  <nd ref="5312163969"/>
  <nd ref="5312163970"/>
  <nd ref="5312163971"/>
  <nd ref="5312163972"/>
  <nd ref="12492158521"/>
  <nd ref="5312163973"/>
  <tag k="highway" v="path"/>
 </way>
 <way id="549935874" visible="true" version="1" changeset="55037900" timestamp="2017-12-30T15:59:06Z" user="FUKUTAN" uid="5207199">
  <nd ref="5312199934"/>
  <nd ref="5312199935"/>
  <nd ref="5312199936"/>
  <nd ref="5312199937"/>
  <tag k="footway" v="sidewalk"/>
  <tag k="highway" v="footway"/>
 </way>
 <way id="549935876" visible="true" version="2" changeset="100138147" timestamp="2021-02-28T14:03:49Z" user="mulgist" uid="12368943">
  <nd ref="5312199945"/>
  <nd ref="5312199946"/>
  <nd ref="5312199947"/>
  <nd ref="5312199948"/>
  <nd ref="5312199949"/>
  <nd ref="5312199956"/>
  <nd ref="5312199944"/>
  <nd ref="8467256483"/>
  <nd ref="5312199954"/>
  <nd ref="5312199961"/>
  <nd ref="8467256484"/>
  <nd ref="5312199934"/>
  <tag k="footway" v="sidewalk"/>
  <tag k="highway" v="footway"/>
 </way>
 <way id="549935878" visible="true" version="2" changeset="123960556" timestamp="2022-07-23T03:06:23Z" user="FUKUTAN" uid="5207199">
  <nd ref="5312199961"/>
  <nd ref="5312199963"/>
  <nd ref="9905228841"/>
  <nd ref="5312199962"/>
  <tag k="footway" v="sidewalk"/>
  <tag k="highway" v="footway"/>
 </way>
 <way id="549935879" visible="true" version="2" changeset="100138147" timestamp="2021-02-28T14:03:49Z" user="mulgist" uid="12368943">
  <nd ref="5312199963"/>
  <nd ref="5312199964"/>
  <nd ref="5312199965"/>
  <nd ref="5312199966"/>
  <nd ref="8467256527"/>
  <nd ref="5312199968"/>
  <nd ref="8467256523"/>
  <tag k="footway" v="sidewalk"/>
  <tag k="highway" v="footway"/>
 </way>
 <way id="549935880" visible="true" version="1" changeset="55037900" timestamp="2017-12-30T15:59:07Z" user="FUKUTAN" uid="5207199">
  <nd ref="5312199975"/>
  <nd ref="5312199976"/>
  <tag k="footway" v="sidewalk"/>
  <tag k="highway" v="footway"/>
 </way>
 <way id="549935881" visible="true" version="1" changeset="55037900" timestamp="2017-12-30T15:59:07Z" user="FUKUTAN" uid="5207199">
  <nd ref="5312199977"/>
  <nd ref="5312199978"/>
  <tag k="footway" v="sidewalk"/>
  <tag k="highway" v="footway"/>
 </way>
 <way id="549935882" visible="true" version="1" changeset="55037900" timestamp="2017-12-30T15:59:07Z" user="FUKUTAN" uid="5207199">
  <nd ref="5312199979"/>
  <nd ref="5312199980"/>
  <tag k="footway" v="sidewalk"/>
  <tag k="highway" v="footway"/>
 </way>
 <way id="549935883" visible="true" version="1" changeset="55037900" timestamp="2017-12-30T15:59:07Z" user="FUKUTAN" uid="5207199">
  <nd ref="5312199981"/>
  <nd ref="5312199982"/>
  <tag k="footway" v="sidewalk"/>
  <tag k="highway" v="footway"/>
 </way>
 <way id="549935884" visible="true" version="1" changeset="55037900" timestamp="2017-12-30T15:59:07Z" user="FUKUTAN" uid="5207199">
  <nd ref="5312199983"/>
  <nd ref="5312199984"/>
  <tag k="footway" v="sidewalk"/>
  <tag k="highway" v="footway"/>
 </way>
 <way id="549935885" visible="true" version="1" changeset="55037900" timestamp="2017-12-30T15:59:07Z" user="FUKUTAN" uid="5207199">
  <nd ref="5312199985"/>
  <nd ref="5312199986"/>
  <tag k="footway" v="sidewalk"/>
  <tag k="highway" v="footway"/>
 </way>
 <way id="549935886" visible="true" version="1" changeset="55037900" timestamp="2017-12-30T15:59:07Z" user="FUKUTAN" uid="5207199">
  <nd ref="5312199987"/>
  <nd ref="5312199988"/>
  <tag k="footway" v="sidewalk"/>
  <tag k="highway" v="footway"/>
 </way>
 <way id="549935887" visible="true" version="2" changeset="100138147" timestamp="2021-02-28T14:03:49Z" user="mulgist" uid="12368943">
  <nd ref="5309677844"/>
  <nd ref="8467256528"/>
  <nd ref="5312199990"/>
  <tag k="footway" v="sidewalk"/>
  <tag k="highway" v="footway"/>
 </way>
 <way id="549935888" visible="true" version="2" changeset="100138147" timestamp="2021-02-28T14:03:49Z" user="mulgist" uid="12368943">
  <nd ref="5312199991"/>
  <nd ref="5312199996"/>
  <nd ref="8467256528"/>
  <nd ref="5312199994"/>
  <nd ref="5312199992"/>
  <nd ref="5312199993"/>
  <tag k="footway" v="sidewalk"/>
  <tag k="highway" v="footway"/>
 </way>
 <way id="549935889" visible="true" version="1" changeset="55037900" timestamp="2017-12-30T15:59:07Z" user="FUKUTAN" uid="5207199">
  <nd ref="5312199994"/>
  <nd ref="5312199995"/>
  <tag k="footway" v="sidewalk"/>
  <tag k="highway" v="footway"/>
 </way>
 <way id="549935890" visible="true" version="1" changeset="55037900" timestamp="2017-12-30T15:59:07Z" user="FUKUTAN" uid="5207199">
  <nd ref="5312199996"/>
  <nd ref="5312199997"/>
  <tag k="footway" v="sidewalk"/>
  <tag k="highway" v="footway"/>
 </way>
 <way id="549935891" visible="true" version="2" changeset="100138147" timestamp="2021-02-28T14:03:49Z" user="mulgist" uid="12368943">
  <nd ref="8467256523"/>
  <nd ref="5312199969"/>
  <nd ref="8467256524"/>
  <nd ref="8467256525"/>
  <nd ref="5312199998"/>
  <tag k="footway" v="sidewalk"/>
  <tag k="highway" v="footway"/>
 </way>
 <way id="549935892" visible="true" version="2" changeset="100138147" timestamp="2021-02-28T14:03:49Z" user="mulgist" uid="12368943">
  <nd ref="5312199999"/>
  <nd ref="8467256526"/>
  <nd ref="5312200000"/>
  <tag k="footway" v="sidewalk"/>
  <tag k="highway" v="footway"/>
 </way>
 <way id="586045411" visible="true" version="8" changeset="187989182" timestamp="2026-08-25T13:25:23Z" user="aaei924" uid="10626814">
  <nd ref="11364492800"/>
  <nd ref="11364492799"/>
  <nd ref="5307960222"/>
  <nd ref="5307960231"/>
  <nd ref="5307960225"/>
  <nd ref="3413883216"/>
  <nd ref="5307960224"/>
  <nd ref="5307960223"/>
  <nd ref="11364492798"/>
  <nd ref="5312136029"/>
  <nd ref="11051829802"/>
  <nd ref="5312136013"/>
  <tag k="highway" v="trunk_link"/>
  <tag k="maxspeed" v="40"/>
  <tag k="oneway" v="yes"/>
 </way>
 <way id="594386007" visible="true" version="3" changeset="100138147" timestamp="2021-02-28T14:03:49Z" user="mulgist" uid="12368943">
  <nd ref="5668172368"/>
  <nd ref="8467256495"/>
  <nd ref="8467256498"/>
  <nd ref="8467256502"/>
  <nd ref="8467256508"/>
  <nd ref="8467256497"/>
  <nd ref="8467256496"/>
  <nd ref="5668172369"/>
  <nd ref="5668172370"/>
  <nd ref="5668172371"/>
  <nd ref="5668172372"/>
  <nd ref="5668172373"/>
  <nd ref="5668172374"/>
  <nd ref="5668172375"/>
  <nd ref="5668172376"/>
  <nd ref="5668172377"/>
  <nd ref="5668172378"/>
  <nd ref="5668172379"/>
  <nd ref="5668172368"/>
  <tag k="building" v="yes"/>
  <tag k="height" v="154"/>
 </way>
 <way id="729505212" visible="true" version="2" changeset="124040733" timestamp="2022-07-25T08:53:04Z" user="FUKUTAN" uid="5207199">
  <nd ref="5217245071"/>
  <nd ref="9909142509"/>
  <nd ref="5217245072"/>
  <nd ref="5217245073"/>
  <nd ref="5217245074"/>
  <tag k="highway" v="residential"/>
  <tag k="noname" v="yes"/>
 </way>
 <way id="729505213" visible="true" version="1" changeset="75057121" timestamp="2019-09-29T09:29:43Z" user="octel" uid="238290">
  <nd ref="3317869896"/>
  <nd ref="3317869897"/>
  <nd ref="3317869867"/>
  <nd ref="2940474299"/>
  <nd ref="3317869879"/>
  <nd ref="3317869895"/>
  <tag k="highway" v="residential"/>
  <tag k="name" v="석전2길"/>
  <tag k="name:en" v="Seokjeon 2-gil"/>
  <tag k="name:ko" v="석전2길"/>
 </way>
 <way id="729505215" visible="true" version="2" changeset="133576907" timestamp="2023-03-12T08:16:26Z" user="FUKUTAN" uid="5207199">
  <nd ref="3317869908"/>
  <nd ref="3317869890"/>
  <nd ref="5309677732"/>
  <nd ref="3317869869"/>
  <nd ref="3317869880"/>
  <tag k="highway" v="residential"/>
  <tag k="name" v="석전2길"/>
  <tag k="name:en" v="Seokjeon 2-gil"/>
  <tag k="name:ko" v="석전2길"/>
 </way>
 <way id="888795700" visible="true" version="7" changeset="144334816" timestamp="2023-11-22T17:12:52Z" user="asdfqwer51" uid="3350410">
  <nd ref="5312163940"/>
  <nd ref="5312163941"/>
  <nd ref="8263252002"/>
  <nd ref="5312163943"/>
  <nd ref="5312163944"/>
  <nd ref="5312163945"/>
  <nd ref="5312163946"/>
  <nd ref="5312163947"/>
  <nd ref="5312163948"/>
  <nd ref="4976382978"/>
  <nd ref="4976382976"/>
  <nd ref="8263251999"/>
  <nd ref="11369025923"/>
  <nd ref="9909151291"/>
  <nd ref="8263252000"/>
  <nd ref="10549091044"/>
  <nd ref="9909151290"/>
  <nd ref="9909151289"/>
  <nd ref="9909151288"/>
  <nd ref="9909151292"/>
  <nd ref="8263252001"/>
  <nd ref="9909151293"/>
  <nd ref="5312163940"/>
  <tag k="addr:housenumber" v="91"/>
  <tag k="addr:postcode" v="58321"/>
  <tag k="addr:street" v="한빛로"/>
  <tag k="landuse" v="residential"/>
  <tag k="name" v="이노시티 애시앙 1단지"/>
  <tag k="name:en" v="Innocity Aesian 1"/>
  <tag k="name:ko" v="이노시티 애시앙 1단지"/>
  <tag k="residential" v="apartments"/>
 </way>
 <way id="907022705" visible="true" version="2" changeset="163971755" timestamp="2025-03-23T05:18:51Z" user="chiho_kang" uid="10604125">
  <nd ref="8422493563"/>
  <nd ref="8422493564"/>
  <nd ref="8422493565"/>
  <nd ref="8422493566"/>
  <nd ref="8422493567"/>
  <nd ref="8422493568"/>
  <nd ref="8422493569"/>
  <nd ref="8422493570"/>
  <nd ref="8422493571"/>
  <nd ref="8422493572"/>
  <nd ref="8422493573"/>
  <nd ref="8422493574"/>
  <nd ref="8422493563"/>
  <tag k="addr:city" v="나주시"/>
  <tag k="addr:housenumber" v="77"/>
  <tag k="addr:postcode" v="58217"/>
  <tag k="addr:province" v="전라남도"/>
  <tag k="addr:street" v="우정로"/>
  <tag k="addr:subdistrict" v="빛가람동"/>
  <tag k="building" v="apartments"/>
  <tag k="building:levels" v="16"/>
  <tag k="name" v="103동"/>
  <tag k="note" v="빛가람 중흥S-CLASS센트럴1차"/>
 </way>
 <way id="907022706" visible="true" version="2" changeset="163971755" timestamp="2025-03-23T05:18:51Z" user="chiho_kang" uid="10604125">
  <nd ref="8422493575"/>
  <nd ref="8422493576"/>
  <nd ref="8422493577"/>
  <nd ref="8422493578"/>
  <nd ref="8422493579"/>
  <nd ref="8422493580"/>
  <nd ref="8422493581"/>
  <nd ref="8422493582"/>
  <nd ref="8422493583"/>
  <nd ref="8422493584"/>
  <nd ref="8422493585"/>
  <nd ref="8422493586"/>
  <nd ref="8422493575"/>
  <tag k="addr:city" v="나주시"/>
  <tag k="addr:housenumber" v="77"/>
  <tag k="addr:postcode" v="58217"/>
  <tag k="addr:province" v="전라남도"/>
  <tag k="addr:street" v="우정로"/>
  <tag k="addr:subdistrict" v="빛가람동"/>
  <tag k="building" v="apartments"/>
  <tag k="building:levels" v="16"/>
  <tag k="name" v="104동"/>
  <tag k="note" v="빛가람 중흥S-CLASS센트럴1차"/>
 </way>
 <way id="907022707" visible="true" version="2" changeset="163971755" timestamp="2025-03-23T05:18:51Z" user="chiho_kang" uid="10604125">
  <nd ref="8422493587"/>
  <nd ref="8422493588"/>
  <nd ref="8422493589"/>
  <nd ref="8422493590"/>
  <nd ref="8422493591"/>
  <nd ref="8422493592"/>
  <nd ref="8422493593"/>
  <nd ref="8422493594"/>
  <nd ref="8422493595"/>
  <nd ref="8422493596"/>
  <nd ref="8422493597"/>
  <nd ref="8422493598"/>
  <nd ref="8422493587"/>
  <tag k="addr:city" v="나주시"/>
  <tag k="addr:housenumber" v="77"/>
  <tag k="addr:postcode" v="58217"/>
  <tag k="addr:province" v="전라남도"/>
  <tag k="addr:street" v="우정로"/>
  <tag k="addr:subdistrict" v="빛가람동"/>
  <tag k="building" v="apartments"/>
  <tag k="building:levels" v="18"/>
  <tag k="name" v="105동"/>
  <tag k="note" v="빛가람 중흥S-CLASS센트럴1차"/>
 </way>
 <way id="907022709" visible="true" version="2" changeset="163971755" timestamp="2025-03-23T05:18:51Z" user="chiho_kang" uid="10604125">
  <nd ref="8422493611"/>
  <nd ref="8422493612"/>
  <nd ref="8422493613"/>
  <nd ref="8422493614"/>
  <nd ref="8422493615"/>
  <nd ref="8422493616"/>
  <nd ref="8422493617"/>
  <nd ref="8422493618"/>
  <nd ref="8422493619"/>
  <nd ref="8422493620"/>
  <nd ref="8422493621"/>
  <nd ref="8422493622"/>
  <nd ref="8422493611"/>
  <tag k="addr:city" v="나주시"/>
  <tag k="addr:housenumber" v="77"/>
  <tag k="addr:postcode" v="58217"/>
  <tag k="addr:province" v="전라남도"/>
  <tag k="addr:street" v="우정로"/>
  <tag k="addr:subdistrict" v="빛가람동"/>
  <tag k="building" v="apartments"/>
  <tag k="building:levels" v="20"/>
  <tag k="name" v="111동"/>
  <tag k="note" v="빛가람 중흥S-CLASS센트럴1차"/>
 </way>
 <way id="908984054" visible="true" version="2" changeset="100138147" timestamp="2021-02-28T14:03:49Z" user="mulgist" uid="12368943">
  <nd ref="5312163959"/>
  <nd ref="8440089605"/>
  <tag k="highway" v="path"/>
 </way>
 <way id="908984055" visible="true" version="1" changeset="99630021" timestamp="2021-02-20T08:24:13Z" user="mulgist" uid="12368943">
  <nd ref="8440089605"/>
  <nd ref="8440089604"/>
  <tag k="bridge" v="yes"/>
  <tag k="highway" v="path"/>
  <tag k="layer" v="1"/>
 </way>
 <way id="910029058" visible="true" version="2" changeset="163971755" timestamp="2025-03-23T05:18:51Z" user="chiho_kang" uid="10604125">
  <nd ref="8449596888"/>
  <nd ref="8449596889"/>
  <nd ref="8449596890"/>
  <nd ref="8449596891"/>
  <nd ref="8449596888"/>
  <tag k="addr:city" v="나주시"/>
  <tag k="addr:housenumber" v="75"/>
  <tag k="addr:postcode" v="58217"/>
  <tag k="addr:province" v="전라남도"/>
  <tag k="addr:street" v="우정로"/>
  <tag k="addr:subdistrict" v="빛가람동"/>
  <tag k="building" v="commercial"/>
  <tag k="building:levels" v="1"/>
  <tag k="name" v="141동"/>
  <tag k="note" v="빛가람 중흥S-CLASS센트럴1차"/>
  <tag k="operator" v="중흥건설(주)"/>
 </way>
 <way id="911832811" visible="true" version="1" changeset="100138147" timestamp="2021-02-28T14:03:49Z" user="mulgist" uid="12368943">
  <nd ref="8467256342"/>
  <nd ref="8467256330"/>
  <nd ref="8467256331"/>
  <nd ref="8467256332"/>
  <nd ref="8467256333"/>
  <nd ref="8467256334"/>
  <nd ref="8467256335"/>
  <nd ref="8467256336"/>
  <nd ref="8467256337"/>
  <nd ref="8467256338"/>
  <nd ref="8467256339"/>
  <nd ref="8467256340"/>
  <nd ref="8467256341"/>
  <tag k="highway" v="footway"/>
 </way>
 <way id="911832829" visible="true" version="1" changeset="100138147" timestamp="2021-02-28T14:03:49Z" user="mulgist" uid="12368943">
  <nd ref="8467256493"/>
  <nd ref="8467256504"/>
  <nd ref="5309677937"/>
  <nd ref="5309677939"/>
  <nd ref="5309677942"/>
  <tag k="highway" v="footway"/>
 </way>
 <way id="911832830" visible="true" version="1" changeset="100138147" timestamp="2021-02-28T14:03:49Z" user="mulgist" uid="12368943">
  <nd ref="5309677926"/>
  <nd ref="5309677875"/>
  <nd ref="5309677874"/>
  <nd ref="5309677873"/>
  <nd ref="5309677872"/>
  <tag k="footway" v="sidewalk"/>
  <tag k="highway" v="footway"/>
 </way>
 <way id="911832831" visible="true" version="1" changeset="100138147" timestamp="2021-02-28T14:03:49Z" user="mulgist" uid="12368943">
  <nd ref="5309677878"/>
  <nd ref="5309677926"/>
  <tag k="footway" v="sidewalk"/>
  <tag k="highway" v="footway"/>
 </way>
 <way id="911832832" visible="true" version="1" changeset="100138147" timestamp="2021-02-28T14:03:49Z" user="mulgist" uid="12368943">
  <nd ref="5309677932"/>
  <nd ref="5309677926"/>
  <tag k="footway" v="sidewalk"/>
  <tag k="highway" v="footway"/>
 </way>
 <way id="911832833" visible="true" version="1" changeset="100138147" timestamp="2021-02-28T14:03:49Z" user="mulgist" uid="12368943">
  <nd ref="5309677872"/>
  <nd ref="5309677909"/>
  <nd ref="5309677871"/>
  <nd ref="8467256505"/>
  <nd ref="8467256500"/>
  <nd ref="5309677826"/>
  <nd ref="5309677880"/>
  <tag k="footway" v="sidewalk"/>
  <tag k="highway" v="footway"/>
 </way>
 <way id="911832834" visible="true" version="1" changeset="100138147" timestamp="2021-02-28T14:03:49Z" user="mulgist" uid="12368943">
  <nd ref="5309677880"/>
  <nd ref="5309677923"/>
  <tag k="footway" v="sidewalk"/>
  <tag k="highway" v="footway"/>
 </way>
 <way id="911832835" visible="true" version="1" changeset="100138147" timestamp="2021-02-28T14:03:49Z" user="mulgist" uid="12368943">
  <nd ref="8467256499"/>
  <nd ref="8467256500"/>
  <nd ref="8467256501"/>
  <nd ref="8467256503"/>
  <nd ref="8467256502"/>
  <tag k="footway" v="sidewalk"/>
  <tag k="highway" v="footway"/>
 </way>
 <way id="911832836" visible="true" version="1" changeset="100138147" timestamp="2021-02-28T14:03:49Z" user="mulgist" uid="12368943">
  <nd ref="8467256504"/>
  <nd ref="8467256505"/>
  <nd ref="8467256506"/>
  <nd ref="5309677949"/>
  <nd ref="8467256507"/>
  <nd ref="8467256508"/>
  <tag k="footway" v="sidewalk"/>
  <tag k="highway" v="footway"/>
 </way>
 <way id="911832837" visible="true" version="1" changeset="100138147" timestamp="2021-02-28T14:03:49Z" user="mulgist" uid="12368943">
  <nd ref="8467256510"/>
  <nd ref="8467256511"/>
  <nd ref="8467256512"/>
  <tag k="highway" v="service"/>
  <tag k="service" v="parking_aisle"/>
 </way>
 <way id="911832838" visible="true" version="1" changeset="100138147" timestamp="2021-02-28T14:03:49Z" user="mulgist" uid="12368943">
  <nd ref="3413883242"/>
  <nd ref="5312136048"/>
  <nd ref="5312136036"/>
  <tag k="highway" v="residential"/>
 </way>
 <way id="911832839" visible="true" version="1" changeset="100138147" timestamp="2021-02-28T14:03:49Z" user="mulgist" uid="12368943">
  <nd ref="5312136036"/>
  <nd ref="8467256513"/>
  <tag k="highway" v="service"/>
  <tag k="service" v="parking_aisle"/>
 </way>
 <way id="911832840" visible="true" version="1" changeset="100138147" timestamp="2021-02-28T14:03:49Z" user="mulgist" uid="12368943">
  <nd ref="8467256515"/>
  <nd ref="8467256516"/>
  <nd ref="8467256517"/>
  <nd ref="8467256518"/>
  <nd ref="8467256519"/>
  <nd ref="8467256520"/>
  <tag k="highway" v="service"/>
  <tag k="service" v="parking_aisle"/>
 </way>
 <way id="911832841" visible="true" version="1" changeset="100138147" timestamp="2021-02-28T14:03:49Z" user="mulgist" uid="12368943">
  <nd ref="5309677952"/>
  <nd ref="8467256521"/>
  <nd ref="5309677894"/>
  <tag k="crossing" v="marked"/>
  <tag k="footway" v="crossing"/>
  <tag k="highway" v="footway"/>
 </way>
 <way id="911832842" visible="true" version="1" changeset="100138147" timestamp="2021-02-28T14:03:49Z" user="mulgist" uid="12368943">
  <nd ref="8467256523"/>
  <nd ref="5312199970"/>
  <nd ref="5312199971"/>
  <nd ref="5312199972"/>
  <nd ref="5312199973"/>
  <nd ref="5312199974"/>
  <tag k="footway" v="sidewalk"/>
  <tag k="highway" v="footway"/>
 </way>
 <way id="911832843" visible="true" version="1" changeset="100138147" timestamp="2021-02-28T14:03:49Z" user="mulgist" uid="12368943">
  <nd ref="8467256525"/>
  <nd ref="8467256526"/>
  <tag k="footway" v="sidewalk"/>
  <tag k="highway" v="footway"/>
 </way>
 <way id="1080671724" visible="true" version="3" changeset="144334816" timestamp="2023-11-22T17:12:52Z" user="asdfqwer51" uid="3350410">
  <nd ref="9905228798"/>
  <nd ref="9905228799"/>
  <nd ref="9905228800"/>
  <nd ref="9905228801"/>
  <nd ref="5312199960"/>
  <nd ref="4974413447"/>
  <nd ref="9905228802"/>
  <nd ref="9905228803"/>
  <nd ref="10549091028"/>
  <nd ref="4976382985"/>
  <nd ref="4976382984"/>
  <nd ref="9905228805"/>
  <nd ref="9905228806"/>
  <nd ref="11369028982"/>
  <nd ref="11369028970"/>
  <nd ref="9905228807"/>
  <nd ref="9905228809"/>
  <nd ref="9905228810"/>
  <nd ref="9905228811"/>
  <nd ref="9905228812"/>
  <nd ref="9905228813"/>
  <nd ref="9905228814"/>
  <nd ref="9905228815"/>
  <nd ref="9905228816"/>
  <nd ref="9905228817"/>
  <nd ref="9905228818"/>
  <nd ref="9905228819"/>
  <nd ref="9905228820"/>
  <nd ref="9905228821"/>
  <nd ref="9905228822"/>
  <nd ref="9905228823"/>
  <nd ref="9905228824"/>
  <nd ref="5309677745"/>
  <nd ref="5309677846"/>
  <nd ref="4974413450"/>
  <nd ref="4974413449"/>
  <nd ref="9905228825"/>
  <nd ref="9905228841"/>
  <nd ref="9905228826"/>
  <nd ref="9905228838"/>
  <nd ref="9905228827"/>
  <nd ref="9905228828"/>
  <nd ref="9905228836"/>
  <nd ref="9905228834"/>
  <nd ref="9905228833"/>
  <nd ref="9905228829"/>
  <nd ref="9905228830"/>
  <nd ref="9905228831"/>
  <nd ref="9905228798"/>
  <tag k="leisure" v="park"/>
 </way>
 <way id="1081106460" visible="true" version="2" changeset="171918484" timestamp="2025-09-14T13:39:45Z" user="FUKUTAN" uid="5207199">
  <nd ref="9909142489"/>
  <nd ref="9909142490"/>
  <nd ref="9909142491"/>
  <nd ref="9909142492"/>
  <nd ref="9909142493"/>
  <nd ref="9909142494"/>
  <nd ref="9909142495"/>
  <nd ref="9909142496"/>
  <nd ref="13142595968"/>
  <nd ref="9909142497"/>
  <nd ref="9909142498"/>
  <nd ref="9909142499"/>
  <nd ref="9909142500"/>
  <nd ref="9909142501"/>
  <tag k="highway" v="service"/>
  <tag k="service" v="parking_aisle"/>
 </way>
 <way id="1081106461" visible="true" version="1" changeset="124040733" timestamp="2022-07-25T08:53:04Z" user="FUKUTAN" uid="5207199">
  <nd ref="9909151128"/>
  <nd ref="9909151129"/>
  <nd ref="9909151130"/>
  <nd ref="9909151131"/>
  <nd ref="9909151132"/>
  <nd ref="9909151133"/>
  <nd ref="9909151134"/>
  <nd ref="9909151135"/>
  <nd ref="9909151136"/>
  <nd ref="9909151137"/>
  <nd ref="9909151138"/>
  <nd ref="9909151139"/>
  <nd ref="9909151140"/>
  <nd ref="9909151141"/>
  <nd ref="9909151142"/>
  <nd ref="9909151143"/>
  <nd ref="9909151144"/>
  <nd ref="9909151145"/>
  <nd ref="9909151146"/>
  <nd ref="9909151147"/>
  <nd ref="9909151148"/>
  <nd ref="9909151149"/>
  <nd ref="9909151162"/>
  <nd ref="9909151150"/>
  <nd ref="9909151151"/>
  <nd ref="9909151152"/>
  <nd ref="9909151153"/>
  <nd ref="9909151154"/>
  <nd ref="9909151155"/>
  <nd ref="9909151156"/>
  <nd ref="9909151157"/>
  <nd ref="9909151158"/>
  <nd ref="9909151159"/>
  <nd ref="9909151160"/>
  <nd ref="9909151161"/>
  <tag k="highway" v="pedestrian"/>
 </way>
 <way id="1081106474" visible="true" version="1" changeset="124040733" timestamp="2022-07-25T08:53:04Z" user="FUKUTAN" uid="5207199">
  <nd ref="9909151248"/>
  <nd ref="9909151253"/>
  <nd ref="9909151262"/>
  <nd ref="9909151249"/>
  <tag k="highway" v="service"/>
  <tag k="service" v="parking_aisle"/>
 </way>
 <way id="1081106475" visible="true" version="1" changeset="124040733" timestamp="2022-07-25T08:53:04Z" user="FUKUTAN" uid="5207199">
  <nd ref="9909151255"/>
  <nd ref="9909151254"/>
  <nd ref="9909151253"/>
  <nd ref="9909151252"/>
  <nd ref="9909151250"/>
  <nd ref="9909151248"/>
  <nd ref="9909151255"/>
  <tag k="highway" v="service"/>
  <tag k="service" v="parking_aisle"/>
 </way>
 <way id="1081106476" visible="true" version="1" changeset="124040733" timestamp="2022-07-25T08:53:04Z" user="FUKUTAN" uid="5207199">
  <nd ref="9909151255"/>
  <nd ref="9909151257"/>
  <nd ref="9909151251"/>
  <nd ref="9909151258"/>
  <nd ref="9909151259"/>
  <tag k="highway" v="service"/>
  <tag k="service" v="parking_aisle"/>
 </way>
 <way id="1081106477" visible="true" version="1" changeset="124040733" timestamp="2022-07-25T08:53:04Z" user="FUKUTAN" uid="5207199">
  <nd ref="9909151256"/>
  <nd ref="9909151261"/>
  <nd ref="9909151259"/>
  <nd ref="9909151257"/>
  <tag k="highway" v="service"/>
  <tag k="service" v="parking_aisle"/>
 </way>
 <way id="1081106478" visible="true" version="1" changeset="124040733" timestamp="2022-07-25T08:53:04Z" user="FUKUTAN" uid="5207199">
  <nd ref="9909151260"/>
  <nd ref="9909151262"/>
  <nd ref="9909151261"/>
  <tag k="highway" v="service"/>
  <tag k="service" v="parking_aisle"/>
 </way>
 <way id="1092535742" visible="true" version="4" changeset="163233992" timestamp="2025-03-05T08:31:14Z" user="dongin" uid="11518918">
  <nd ref="10005772889"/>
  <nd ref="11136247802"/>
  <nd ref="11136247801"/>
  <nd ref="11586054509"/>
  <nd ref="10005772904"/>
  <nd ref="10005772890"/>
  <nd ref="10005772891"/>
  <nd ref="10005772892"/>
  <nd ref="10005772893"/>
  <nd ref="10005772894"/>
  <nd ref="10005772895"/>
  <nd ref="10005772896"/>
  <nd ref="11586054514"/>
  <nd ref="10005772897"/>
  <nd ref="10005772898"/>
  <nd ref="10005772899"/>
  <nd ref="10005772900"/>
  <nd ref="10005772901"/>
  <nd ref="10005772902"/>
  <nd ref="10005772903"/>
  <tag k="highway" v="track"/>
  <tag k="surface" v="concrete"/>
  <tag k="tracktype" v="grade1"/>
 </way>
 <way id="1092535743" visible="true" version="2" changeset="163233992" timestamp="2025-03-05T08:31:14Z" user="dongin" uid="11518918">
  <nd ref="10005772904"/>
  <nd ref="10005772905"/>
  <nd ref="10005772906"/>
  <nd ref="10005772907"/>
  <nd ref="10005772908"/>
  <nd ref="10005772909"/>
  <tag k="highway" v="track"/>
  <tag k="surface" v="concrete"/>
  <tag k="tracktype" v="grade1"/>
 </way>
 <way id="1131620677" visible="true" version="2" changeset="144333236" timestamp="2023-11-22T16:36:43Z" user="asdfqwer51" uid="3350410">
  <nd ref="6173263047"/>
  <nd ref="10549091035"/>
  <tag k="highway" v="service"/>
  <tag k="service" v="parking_aisle"/>
 </way>
 <way id="1131620678" visible="true" version="2" changeset="144334816" timestamp="2023-11-22T17:12:52Z" user="asdfqwer51" uid="3350410">
  <nd ref="10549091036"/>
  <nd ref="10549091037"/>
  <nd ref="10549091038"/>
  <nd ref="11369025950"/>
  <nd ref="10549091039"/>
  <nd ref="10549091035"/>
  <nd ref="10549091040"/>
  <nd ref="10549091041"/>
  <nd ref="10549091042"/>
  <tag k="highway" v="service"/>
  <tag k="service" v="parking_aisle"/>
 </way>
 <way id="1131620679" visible="true" version="2" changeset="144333236" timestamp="2023-11-22T16:36:43Z" user="asdfqwer51" uid="3350410">
  <nd ref="9909151263"/>
  <nd ref="10549091044"/>
  <nd ref="10549091045"/>
  <nd ref="10549091046"/>
  <nd ref="11368927820"/>
  <nd ref="10549091047"/>
  <tag k="highway" v="service"/>
  <tag k="service" v="parking_aisle"/>
 </way>
 <way id="1131620680" visible="true" version="3" changeset="144333236" timestamp="2023-11-22T16:36:43Z" user="asdfqwer51" uid="3350410">
  <nd ref="5180185979"/>
  <nd ref="10549091049"/>
  <nd ref="10549091050"/>
  <nd ref="11217164593"/>
  <tag k="highway" v="service"/>
  <tag k="service" v="parking_aisle"/>
 </way>
 <way id="1182294220" visible="true" version="12" changeset="187989182" timestamp="2026-08-25T13:25:23Z" user="aaei924" uid="10626814">
  <nd ref="5312164110"/>
  <nd ref="10979223797"/>
  <nd ref="11364492819"/>
  <nd ref="10979223798"/>
  <nd ref="11364492812"/>
  <nd ref="11364492811"/>
  <nd ref="11364492810"/>
  <nd ref="10979223799"/>
  <nd ref="11364492809"/>
  <nd ref="11364492806"/>
  <nd ref="11051829789"/>
  <nd ref="11364492805"/>
  <nd ref="11364492804"/>
  <nd ref="11051829788"/>
  <nd ref="11364492769"/>
  <nd ref="5312136028"/>
  <tag k="expressway" v="yes"/>
  <tag k="highway" v="trunk"/>
  <tag k="maxspeed" v="90"/>
  <tag k="motorroad" v="yes"/>
  <tag k="name" v="빛가람장성로"/>
  <tag k="name:en" v="Bitgaramjangseong-ro"/>
  <tag k="name:ko" v="빛가람장성로"/>
  <tag k="oneway" v="yes"/>
  <tag k="ref" v="1;49"/>
  <tag k="surface" v="asphalt"/>
 </way>
 <way id="1190265986" visible="true" version="9" changeset="187989182" timestamp="2026-08-25T13:25:23Z" user="aaei924" uid="10626814">
  <nd ref="11051829791"/>
  <nd ref="11051829792"/>
  <nd ref="11364492801"/>
  <nd ref="5312136013"/>
  <tag k="expressway" v="yes"/>
  <tag k="highway" v="trunk"/>
  <tag k="maxspeed" v="90"/>
  <tag k="motorroad" v="yes"/>
  <tag k="name" v="빛가람장성로"/>
  <tag k="name:en" v="Bitgaramjangseong-ro"/>
  <tag k="name:ko" v="빛가람장성로"/>
  <tag k="oneway" v="yes"/>
  <tag k="ref" v="1;49"/>
  <tag k="surface" v="asphalt"/>
 </way>
 <way id="1201084327" visible="true" version="2" changeset="144398789" timestamp="2023-11-24T08:57:10Z" user="asdfqwer51" uid="3350410">
  <nd ref="11136247766"/>
  <nd ref="11136247767"/>
  <nd ref="11136247768"/>
  <nd ref="11136247769"/>
  <nd ref="11136247770"/>
  <nd ref="11136247771"/>
  <nd ref="11136247772"/>
  <nd ref="11136247773"/>
  <nd ref="11136247774"/>
  <nd ref="11136247775"/>
  <nd ref="11136247776"/>
  <nd ref="11136247777"/>
  <nd ref="11136247778"/>
  <nd ref="11136247779"/>
  <nd ref="11136247780"/>
  <nd ref="11136247781"/>
  <nd ref="11136247782"/>
  <nd ref="11136247783"/>
  <nd ref="11136247784"/>
  <nd ref="11136247785"/>
  <nd ref="11136247786"/>
  <nd ref="11136247787"/>
  <nd ref="11136247788"/>
  <nd ref="11136247789"/>
  <nd ref="11136247766"/>
  <tag k="addr:housenumber" v="35"/>
  <tag k="addr:postcode" v="58215"/>
  <tag k="addr:street" v="천석길"/>
  <tag k="landuse" v="residential"/>
  <tag k="name" v="빛가람 코오롱하늘채"/>
  <tag k="name:en" v="Bitgaram Kolon Hanulche"/>
  <tag k="name:ko" v="빛가람 코오롱하늘채"/>
  <tag k="residential" v="apartments"/>
 </way>
 <way id="1201084328" visible="true" version="3" changeset="163233992" timestamp="2025-03-05T08:31:14Z" user="dongin" uid="11518918">
  <nd ref="11136247790"/>
  <nd ref="11136247791"/>
  <nd ref="11136247796"/>
  <nd ref="11136247792"/>
  <nd ref="11586050765"/>
  <nd ref="11136247793"/>
  <nd ref="11586050764"/>
  <nd ref="11586054481"/>
  <nd ref="11136247794"/>
  <nd ref="11586050763"/>
  <nd ref="11586050762"/>
  <nd ref="11136247795"/>
  <nd ref="3413883295"/>
  <tag k="highway" v="tertiary"/>
  <tag k="surface" v="asphalt"/>
 </way>
 <way id="1210676508" visible="true" version="1" changeset="141712425" timestamp="2023-09-25T05:17:57Z" user="FUKUTAN" uid="5207199">
  <nd ref="11217164591"/>
  <nd ref="10549091050"/>
  <nd ref="11217164592"/>
  <tag k="highway" v="service"/>
  <tag k="service" v="parking_aisle"/>
 </way>
 <way id="1210676509" visible="true" version="1" changeset="141712425" timestamp="2023-09-25T05:17:57Z" user="FUKUTAN" uid="5207199">
  <nd ref="11217164594"/>
  <nd ref="11217164595"/>
  <nd ref="11217164591"/>
  <nd ref="11217164596"/>
  <nd ref="11217164597"/>
  <nd ref="11217164598"/>
  <nd ref="11217164599"/>
  <nd ref="11217164600"/>
  <nd ref="11217164601"/>
  <nd ref="11217164602"/>
  <nd ref="11217164603"/>
  <nd ref="11217164609"/>
  <nd ref="11217164604"/>
  <nd ref="11217164605"/>
  <nd ref="11217164592"/>
  <nd ref="11217164606"/>
  <nd ref="11217164607"/>
  <nd ref="11217164608"/>
  <tag k="highway" v="service"/>
  <tag k="service" v="parking_aisle"/>
 </way>
 <way id="1210676510" visible="true" version="1" changeset="141712425" timestamp="2023-09-25T05:17:57Z" user="FUKUTAN" uid="5207199">
  <nd ref="11217164601"/>
  <nd ref="11217164610"/>
  <nd ref="11217164620"/>
  <nd ref="11217164611"/>
  <nd ref="11217164612"/>
  <nd ref="11217164613"/>
  <nd ref="11217164614"/>
  <tag k="highway" v="service"/>
  <tag k="service" v="parking_aisle"/>
 </way>
 <way id="1210676511" visible="true" version="1" changeset="141712425" timestamp="2023-09-25T05:17:57Z" user="FUKUTAN" uid="5207199">
  <nd ref="11217164615"/>
  <nd ref="11217164616"/>
  <nd ref="11217164614"/>
  <nd ref="11217164617"/>
  <nd ref="11217164618"/>
  <nd ref="11217164619"/>
  <nd ref="11217164620"/>
  <tag k="highway" v="service"/>
  <tag k="service" v="parking_aisle"/>
 </way>
 <way id="1210676512" visible="true" version="1" changeset="141712425" timestamp="2023-09-25T05:17:57Z" user="FUKUTAN" uid="5207199">
  <nd ref="11217164610"/>
  <nd ref="11217164621"/>
  <nd ref="11217164622"/>
  <nd ref="11217164623"/>
  <nd ref="11217164624"/>
  <nd ref="11217164625"/>
  <nd ref="11217164626"/>
  <nd ref="11217164627"/>
  <nd ref="11217164628"/>
  <nd ref="11217164629"/>
  <nd ref="11217164630"/>
  <nd ref="11217164631"/>
  <nd ref="11217164632"/>
  <nd ref="11217164633"/>
  <tag k="highway" v="service"/>
  <tag k="service" v="parking_aisle"/>
 </way>
 <way id="1210676513" visible="true" version="1" changeset="141712425" timestamp="2023-09-25T05:17:57Z" user="FUKUTAN" uid="5207199">
  <nd ref="11217164634"/>
  <nd ref="10549091047"/>
  <nd ref="11217164635"/>
  <nd ref="11217166545"/>
  <nd ref="11217164636"/>
  <nd ref="11217166537"/>
  <nd ref="11217166538"/>
  <nd ref="11217166539"/>
  <nd ref="11217166540"/>
  <nd ref="11217166541"/>
  <nd ref="11217166542"/>
  <nd ref="11217166543"/>
  <nd ref="11217164634"/>
  <tag k="highway" v="service"/>
  <tag k="service" v="parking_aisle"/>
 </way>
 <way id="1210676514" visible="true" version="1" changeset="141712425" timestamp="2023-09-25T05:17:57Z" user="FUKUTAN" uid="5207199">
  <nd ref="11217166544"/>
  <nd ref="11217166545"/>
  <tag k="highway" v="service"/>
  <tag k="service" v="parking_aisle"/>
 </way>
 <way id="1210676515" visible="true" version="1" changeset="141712425" timestamp="2023-09-25T05:17:57Z" user="FUKUTAN" uid="5207199">
  <nd ref="11217166540"/>
  <nd ref="11217166546"/>
  <nd ref="11217166547"/>
  <nd ref="11217166548"/>
  <nd ref="11217166549"/>
  <nd ref="11217166550"/>
  <nd ref="11217166551"/>
  <nd ref="11217166552"/>
  <nd ref="11217166553"/>
  <nd ref="11217166554"/>
  <nd ref="11217166555"/>
  <nd ref="11217164633"/>
  <nd ref="11217166556"/>
  <nd ref="11217166557"/>
  <nd ref="11217166558"/>
  <nd ref="11217166559"/>
  <nd ref="11217166560"/>
  <nd ref="11217166561"/>
  <nd ref="11217166562"/>
  <nd ref="11217166563"/>
  <tag k="highway" v="service"/>
  <tag k="service" v="parking_aisle"/>
 </way>
 <way id="1210676516" visible="true" version="1" changeset="141712425" timestamp="2023-09-25T05:17:57Z" user="FUKUTAN" uid="5207199">
  <nd ref="11217166564"/>
  <nd ref="11217166567"/>
  <nd ref="11217166565"/>
  <tag k="highway" v="service"/>
  <tag k="service" v="parking_aisle"/>
 </way>
 <way id="1225953472" visible="true" version="4" changeset="185407844" timestamp="2026-07-09T13:28:00Z" user="samdasooooooo" uid="14457606">
  <nd ref="2623130327"/>
  <nd ref="13398101054"/>
  <nd ref="5309433766"/>
  <nd ref="2623136097"/>
  <nd ref="5291647154"/>
  <nd ref="13569062444"/>
  <nd ref="5180190122"/>
  <nd ref="11369025920"/>
  <tag k="highway" v="tertiary"/>
  <tag k="name" v="한빛로"/>
  <tag k="name:en" v="Hanbit-ro"/>
  <tag k="name:ko" v="한빛로"/>
  <tag k="surface" v="asphalt"/>
 </way>
 <way id="1225953473" visible="true" version="1" changeset="144334816" timestamp="2023-11-22T17:12:52Z" user="asdfqwer51" uid="3350410">
  <nd ref="11369025920"/>
  <nd ref="11369025919"/>
  <tag k="bridge" v="yes"/>
  <tag k="highway" v="tertiary"/>
  <tag k="layer" v="1"/>
  <tag k="name" v="한빛로"/>
  <tag k="name:en" v="Hanbit-ro"/>
  <tag k="name:ko" v="한빛로"/>
 </way>
 <way id="1225953474" visible="true" version="1" changeset="144334816" timestamp="2023-11-22T17:12:52Z" user="asdfqwer51" uid="3350410">
  <nd ref="11369025924"/>
  <nd ref="11369025925"/>
  <nd ref="11369025926"/>
  <nd ref="11369025927"/>
  <nd ref="11369025928"/>
  <nd ref="11369025929"/>
  <nd ref="11369025930"/>
  <nd ref="11369025931"/>
  <nd ref="11369025932"/>
  <nd ref="11369025933"/>
  <nd ref="11369025934"/>
  <nd ref="11369025935"/>
  <nd ref="11369025936"/>
  <nd ref="11369025937"/>
  <nd ref="11369025938"/>
  <nd ref="11369025939"/>
  <nd ref="11369025940"/>
  <nd ref="11369025941"/>
  <nd ref="11369025942"/>
  <nd ref="11369025943"/>
  <nd ref="11369025944"/>
  <nd ref="11369025949"/>
  <nd ref="11369025948"/>
  <nd ref="11369025947"/>
  <nd ref="11369025946"/>
  <nd ref="11369025945"/>
  <nd ref="11369025924"/>
  <tag k="addr:housenumber" v="144"/>
  <tag k="addr:postcode" v="58322"/>
  <tag k="addr:street" v="한빛로"/>
  <tag k="building" v="school"/>
 </way>
 <way id="1225953475" visible="true" version="1" changeset="144334816" timestamp="2023-11-22T17:12:52Z" user="asdfqwer51" uid="3350410">
  <nd ref="11369025951"/>
  <nd ref="11369025952"/>
  <nd ref="11369025953"/>
  <nd ref="11369025954"/>
  <nd ref="11369025955"/>
  <nd ref="11369025956"/>
  <nd ref="11369025957"/>
  <nd ref="11369025958"/>
  <nd ref="11369025959"/>
  <nd ref="11369025960"/>
  <nd ref="11369025961"/>
  <nd ref="11369025962"/>
  <nd ref="11369025963"/>
  <nd ref="11369025964"/>
  <nd ref="11369025965"/>
  <nd ref="11369025966"/>
  <nd ref="11369025967"/>
  <nd ref="11369025968"/>
  <nd ref="11369028969"/>
  <nd ref="11369025951"/>
  <tag k="amenity" v="parking"/>
 </way>
 <way id="1225953476" visible="true" version="1" changeset="144334816" timestamp="2023-11-22T17:12:52Z" user="asdfqwer51" uid="3350410">
  <nd ref="11369028971"/>
  <nd ref="11369028972"/>
  <nd ref="11369028973"/>
  <nd ref="11369028974"/>
  <nd ref="11369028975"/>
  <nd ref="11369028976"/>
  <nd ref="11369028977"/>
  <nd ref="11369028978"/>
  <nd ref="11369028979"/>
  <nd ref="11369028980"/>
  <nd ref="11369028971"/>
  <tag k="addr:housenumber" v="126"/>
  <tag k="addr:postcode" v="58322"/>
  <tag k="addr:street" v="한빛로"/>
  <tag k="building" v="kindergarten"/>
 </way>
 <way id="1225953477" visible="true" version="2" changeset="175910622" timestamp="2025-12-14T08:55:57Z" user="FUKUTAN" uid="5207199">
  <nd ref="9905228807"/>
  <nd ref="11369028981"/>
  <nd ref="11369028982"/>
  <nd ref="11369028970"/>
  <nd ref="9905228807"/>
  <tag k="amenity" v="kindergarten"/>
  <tag k="education" v="kindergarten"/>
  <tag k="name" v="다야유치원"/>
  <tag k="name:en" v="Daya Kindergarten"/>
  <tag k="name:ko" v="다야유치원"/>
 </way>
 <way id="1225953478" visible="true" version="1" changeset="144334816" timestamp="2023-11-22T17:12:52Z" user="asdfqwer51" uid="3350410">
  <nd ref="9909142489"/>
  <nd ref="11369028986"/>
  <nd ref="11369028983"/>
  <nd ref="11369028984"/>
  <nd ref="11369028985"/>
  <tag k="highway" v="service"/>
  <tag k="service" v="parking_aisle"/>
 </way>
 <way id="1225953479" visible="true" version="2" changeset="175910622" timestamp="2025-12-14T08:55:57Z" user="FUKUTAN" uid="5207199">
  <nd ref="11369028981"/>
  <nd ref="11369028987"/>
  <nd ref="11369028988"/>
  <nd ref="11369028989"/>
  <nd ref="11369028991"/>
  <nd ref="11369028990"/>
  <nd ref="9905228805"/>
  <nd ref="9905228806"/>
  <nd ref="11369028982"/>
  <nd ref="11369028981"/>
  <tag k="amenity" v="kindergarten"/>
  <tag k="education" v="kindergarten"/>
  <tag k="name" v="빛누리유치원"/>
  <tag k="name:en" v="Binnuri Kindergarten"/>
  <tag k="name:ko" v="빛누리유치원"/>
 </way>
 <way id="1225953480" visible="true" version="1" changeset="144334816" timestamp="2023-11-22T17:12:52Z" user="asdfqwer51" uid="3350410">
  <nd ref="11369028992"/>
  <nd ref="11369028993"/>
  <nd ref="11369028994"/>
  <nd ref="11369028995"/>
  <nd ref="11369028996"/>
  <nd ref="11369028997"/>
  <nd ref="11369028998"/>
  <nd ref="11369028999"/>
  <nd ref="11369029000"/>
  <nd ref="11369029001"/>
  <nd ref="11369029002"/>
  <nd ref="11369029003"/>
  <nd ref="11369029004"/>
  <nd ref="11369029005"/>
  <nd ref="11369029006"/>
  <nd ref="11369028992"/>
  <tag k="addr:housenumber" v="130"/>
  <tag k="addr:postcode" v="58322"/>
  <tag k="addr:street" v="한빛로"/>
  <tag k="building" v="kindergarten"/>
 </way>
 <way id="1246222250" visible="true" version="3" changeset="163233992" timestamp="2025-03-05T08:31:14Z" user="dongin" uid="11518918">
  <nd ref="11586054509"/>
  <nd ref="11586054510"/>
  <nd ref="12251649824"/>
  <tag k="highway" v="track"/>
  <tag k="surface" v="concrete"/>
  <tag k="tracktype" v="grade1"/>
 </way>
 <way id="1323304860" visible="true" version="1" changeset="157777877" timestamp="2024-10-12T01:57:04Z" user="FUKUTAN" uid="5207199">
  <nd ref="12245217863"/>
  <nd ref="8315254380"/>
  <nd ref="12245217862"/>
  <nd ref="12245217861"/>
  <nd ref="12245217860"/>
  <nd ref="12245217859"/>
  <nd ref="12245217858"/>
  <nd ref="12245217857"/>
  <nd ref="12245217856"/>
  <nd ref="12245217855"/>
  <nd ref="12245217854"/>
  <nd ref="12245217853"/>
  <nd ref="12245217852"/>
  <nd ref="12245217851"/>
  <nd ref="12245217850"/>
  <nd ref="12245217849"/>
  <nd ref="12245217848"/>
  <nd ref="12245217847"/>
  <nd ref="12245217846"/>
  <nd ref="12245217845"/>
  <nd ref="12245217843"/>
  <nd ref="12245217842"/>
  <nd ref="12245217841"/>
  <nd ref="12245217840"/>
  <nd ref="12245217839"/>
  <nd ref="12245217838"/>
  <nd ref="12245217837"/>
  <nd ref="12245217836"/>
  <nd ref="12245217835"/>
  <nd ref="12245217834"/>
  <nd ref="12245217833"/>
  <nd ref="12245217832"/>
  <nd ref="12245217831"/>
  <nd ref="12245217830"/>
  <nd ref="12245217829"/>
  <nd ref="12245217828"/>
  <nd ref="12245217827"/>
  <nd ref="12245217826"/>
  <nd ref="8315254401"/>
  <nd ref="8315254402"/>
  <nd ref="8315254403"/>
  <nd ref="8315254404"/>
  <nd ref="8315254405"/>
  <nd ref="8315254406"/>
  <nd ref="8315254407"/>
  <nd ref="8315254408"/>
  <nd ref="8315254409"/>
  <nd ref="8315254410"/>
  <nd ref="8315254411"/>
  <nd ref="12245217801"/>
  <nd ref="8315254412"/>
  <nd ref="8315254413"/>
  <nd ref="8315254414"/>
  <nd ref="8315254415"/>
  <nd ref="8315254416"/>
  <nd ref="8315254417"/>
  <nd ref="8315254418"/>
  <nd ref="10985294767"/>
  <nd ref="8315254419"/>
  <nd ref="8315254420"/>
  <nd ref="8315254421"/>
  <tag k="highway" v="service"/>
 </way>
 <way id="1323985014" visible="true" version="1" changeset="157900216" timestamp="2024-10-15T00:38:08Z" user="야광멧돼지" uid="12393144">
  <nd ref="12251649805"/>
  <nd ref="12251649806"/>
  <nd ref="12251649807"/>
  <nd ref="12251649808"/>
  <nd ref="12251649809"/>
  <nd ref="12251649810"/>
  <nd ref="12251649811"/>
  <nd ref="12251649812"/>
  <nd ref="12251649813"/>
  <nd ref="12251649814"/>
  <nd ref="12251649815"/>
  <nd ref="12251649816"/>
  <nd ref="12251649817"/>
  <nd ref="12251649818"/>
  <nd ref="12251649819"/>
  <nd ref="12251649820"/>
  <nd ref="12251649821"/>
  <nd ref="12251649794"/>
  <tag k="waterway" v="stream"/>
 </way>
 <way id="1323985019" visible="true" version="1" changeset="157900216" timestamp="2024-10-15T00:38:08Z" user="야광멧돼지" uid="12393144">
  <nd ref="12251649823"/>
  <nd ref="11586054511"/>
  <nd ref="11586054512"/>
  <nd ref="11586054513"/>
  <tag k="highway" v="track"/>
 </way>
 <way id="1323985020" visible="true" version="1" changeset="157900216" timestamp="2024-10-15T00:38:08Z" user="야광멧돼지" uid="12393144">
  <nd ref="12251649824"/>
  <nd ref="12251649823"/>
  <tag k="bridge" v="yes"/>
  <tag k="highway" v="track"/>
  <tag k="layer" v="1"/>
 </way>
 <way id="1350344157" visible="true" version="1" changeset="161234937" timestamp="2025-01-11T11:12:22Z" user="FUKUTAN" uid="5207199">
  <nd ref="12492158447"/>
  <nd ref="12492158446"/>
  <nd ref="12492158445"/>
  <nd ref="12492158444"/>
  <nd ref="12492158443"/>
  <nd ref="12492158442"/>
  <nd ref="12492158441"/>
  <nd ref="12492158440"/>
  <nd ref="12492158439"/>
  <nd ref="12492158438"/>
  <nd ref="12492158437"/>
  <nd ref="12492158436"/>
  <nd ref="12492158435"/>
  <nd ref="12492158434"/>
  <nd ref="12492113389"/>
  <nd ref="12492113393"/>
  <nd ref="12492113390"/>
  <nd ref="12492113391"/>
  <nd ref="12492113399"/>
  <nd ref="12492113392"/>
  <tag k="highway" v="path"/>
 </way>
 <way id="1350344159" visible="true" version="1" changeset="161234937" timestamp="2025-01-11T11:12:22Z" user="FUKUTAN" uid="5207199">
  <nd ref="12492158423"/>
  <nd ref="12492158422"/>
  <nd ref="12492158421"/>
  <nd ref="12492158424"/>
  <nd ref="12492158420"/>
  <nd ref="12492158419"/>
  <nd ref="12492158418"/>
  <nd ref="12492158417"/>
  <nd ref="12492158416"/>
  <nd ref="12492158415"/>
  <nd ref="12492158414"/>
  <nd ref="12492158413"/>
  <nd ref="12492158412"/>
  <nd ref="12492158425"/>
  <nd ref="12492158411"/>
  <nd ref="12492158410"/>
  <nd ref="12492158409"/>
  <nd ref="12492158408"/>
  <nd ref="12492158407"/>
  <nd ref="12492158406"/>
  <nd ref="12492158405"/>
  <nd ref="12492158404"/>
  <nd ref="12492158403"/>
  <nd ref="12492158402"/>
  <nd ref="12492158401"/>
  <nd ref="12492113387"/>
  <tag k="highway" v="path"/>
 </way>
 <way id="1350344161" visible="true" version="1" changeset="161234937" timestamp="2025-01-11T11:12:22Z" user="FUKUTAN" uid="5207199">
  <nd ref="12492158427"/>
  <nd ref="12492158428"/>
  <nd ref="12492158423"/>
  <nd ref="12492158429"/>
  <nd ref="12492158430"/>
  <nd ref="12492158431"/>
  <nd ref="12492158432"/>
  <nd ref="12492158433"/>
  <nd ref="12492158447"/>
  <nd ref="12492113389"/>
  <tag k="highway" v="path"/>
 </way>
 <way id="1350344163" visible="true" version="3" changeset="185407886" timestamp="2026-07-09T13:28:35Z" user="samdasooooooo" uid="14457606">
  <nd ref="12492158462"/>
  <nd ref="12492158463"/>
  <nd ref="12492158464"/>
  <nd ref="12492158465"/>
  <nd ref="12492158466"/>
  <nd ref="12492158467"/>
  <nd ref="12492158468"/>
  <nd ref="13142595963"/>
  <nd ref="12492158469"/>
  <nd ref="13142595961"/>
  <nd ref="12492158470"/>
  <nd ref="12492158471"/>
  <nd ref="12492158472"/>
  <tag k="highway" v="path"/>
  <tag k="surface" v="concrete"/>
 </way>
 <way id="1350344164" visible="true" version="1" changeset="161234937" timestamp="2025-01-11T11:12:22Z" user="FUKUTAN" uid="5207199">
  <nd ref="12492158513"/>
  <nd ref="12492158512"/>
  <nd ref="12492158511"/>
  <nd ref="12492158510"/>
  <nd ref="12492158509"/>
  <nd ref="12492158508"/>
  <nd ref="12492158507"/>
  <nd ref="12492158506"/>
  <nd ref="12492158505"/>
  <nd ref="12492158504"/>
  <nd ref="12492158503"/>
  <nd ref="12492158502"/>
  <nd ref="12492158501"/>
  <nd ref="12492158500"/>
  <nd ref="12492158499"/>
  <nd ref="12492158498"/>
  <nd ref="12492158497"/>
  <nd ref="12492158496"/>
  <nd ref="12492158495"/>
  <nd ref="12492158494"/>
  <nd ref="12492158493"/>
  <nd ref="12492158492"/>
  <nd ref="12492158491"/>
  <nd ref="12492158490"/>
  <nd ref="12492158489"/>
  <nd ref="12492158488"/>
  <nd ref="12492158487"/>
  <nd ref="12492158486"/>
  <nd ref="12492158485"/>
  <nd ref="12492158484"/>
  <nd ref="12492158483"/>
  <nd ref="12492158482"/>
  <nd ref="12492158473"/>
  <nd ref="12492158474"/>
  <nd ref="12492158475"/>
  <nd ref="12492158476"/>
  <nd ref="12492158477"/>
  <nd ref="12492158478"/>
  <nd ref="12492158479"/>
  <nd ref="12492158480"/>
  <nd ref="12492158472"/>
  <nd ref="12492158481"/>
  <tag k="highway" v="path"/>
 </way>
 <way id="1350344165" visible="true" version="2" changeset="185405421" timestamp="2026-07-09T12:40:48Z" user="samdasooooooo" uid="14457606">
  <nd ref="5181474088"/>
  <nd ref="14000139941"/>
  <nd ref="14000139940"/>
  <nd ref="14000139942"/>
  <nd ref="12492158514"/>
  <nd ref="12492158515"/>
  <nd ref="12492158516"/>
  <nd ref="12492158517"/>
  <nd ref="12492158518"/>
  <nd ref="12492158519"/>
  <nd ref="12492158520"/>
  <tag k="highway" v="path"/>
 </way>
 <way id="1350344166" visible="true" version="2" changeset="185407886" timestamp="2026-07-09T13:28:51Z" user="samdasooooooo" uid="14457606">
  <nd ref="12492158514"/>
  <nd ref="12492158521"/>
  <tag k="highway" v="path"/>
  <tag k="surface" v="concrete"/>
 </way>
 <way id="1364621870" visible="true" version="1" changeset="163222242" timestamp="2025-03-04T22:35:44Z" user="dongin" uid="11518918">
  <nd ref="5219772683"/>
  <nd ref="12637335084"/>
  <nd ref="12637335085"/>
  <nd ref="12637335086"/>
  <nd ref="12637335087"/>
  <nd ref="12637335088"/>
  <nd ref="12637335089"/>
  <nd ref="12637335090"/>
  <nd ref="12637335091"/>
  <nd ref="12637335092"/>
  <nd ref="12637335093"/>
  <nd ref="12637335094"/>
  <nd ref="12637335095"/>
  <tag k="highway" v="track"/>
  <tag k="surface" v="concrete"/>
  <tag k="tracktype" v="grade1"/>
 </way>
 <way id="1364702493" visible="true" version="1" changeset="163233992" timestamp="2025-03-05T08:31:14Z" user="dongin" uid="11518918">
  <nd ref="3413883288"/>
  <nd ref="12638175253"/>
  <nd ref="12638175254"/>
  <nd ref="12638175255"/>
  <nd ref="12638175256"/>
  <nd ref="12638175257"/>
  <nd ref="12638175258"/>
  <tag k="highway" v="track"/>
  <tag k="surface" v="concrete"/>
  <tag k="tracktype" v="grade1"/>
 </way>
 <way id="1364702494" visible="true" version="1" changeset="163233992" timestamp="2025-03-05T08:31:14Z" user="dongin" uid="11518918">
  <nd ref="12638175258"/>
  <nd ref="12638175259"/>
  <nd ref="12638175260"/>
  <nd ref="12638175261"/>
  <nd ref="12638175262"/>
  <nd ref="12638175263"/>
  <nd ref="12638175264"/>
  <nd ref="12638175265"/>
  <tag k="highway" v="track"/>
  <tag k="surface" v="unpaved"/>
 </way>
 <way id="1364702495" visible="true" version="1" changeset="163233992" timestamp="2025-03-05T08:31:14Z" user="dongin" uid="11518918">
  <nd ref="12638175269"/>
  <nd ref="12638175270"/>
  <nd ref="12638175271"/>
  <nd ref="12638175272"/>
  <nd ref="12638175273"/>
  <nd ref="12638175274"/>
  <nd ref="12638175275"/>
  <nd ref="12638175276"/>
  <nd ref="12638175277"/>
  <nd ref="12638175297"/>
  <nd ref="12638175298"/>
  <nd ref="12638175299"/>
  <nd ref="12638175300"/>
  <nd ref="12638176801"/>
  <nd ref="12638176802"/>
  <tag k="highway" v="track"/>
  <tag k="surface" v="concrete"/>
  <tag k="tracktype" v="grade1"/>
 </way>
 <way id="1364702497" visible="true" version="1" changeset="163233992" timestamp="2025-03-05T08:31:14Z" user="dongin" uid="11518918">
  <nd ref="12638175282"/>
  <nd ref="12638175285"/>
  <nd ref="12638175286"/>
  <nd ref="12638175287"/>
  <nd ref="12638175288"/>
  <nd ref="12638175289"/>
  <nd ref="12638175290"/>
  <nd ref="12638175291"/>
  <nd ref="12638175292"/>
  <nd ref="12638175293"/>
  <nd ref="12638175294"/>
  <nd ref="12638175295"/>
  <nd ref="12638175296"/>
  <nd ref="3413883295"/>
  <tag k="highway" v="track"/>
  <tag k="surface" v="concrete"/>
  <tag k="tracktype" v="grade1"/>
 </way>
 <way id="1364702500" visible="true" version="1" changeset="163233992" timestamp="2025-03-05T08:31:14Z" user="dongin" uid="11518918">
  <nd ref="12638175265"/>
  <nd ref="12638175266"/>
  <nd ref="12638175267"/>
  <nd ref="12638175268"/>
  <tag k="highway" v="track"/>
  <tag k="surface" v="concrete"/>
  <tag k="tracktype" v="grade1"/>
 </way>
 <way id="1364702501" visible="true" version="1" changeset="163233992" timestamp="2025-03-05T08:31:14Z" user="dongin" uid="11518918">
  <nd ref="12638175268"/>
  <nd ref="12638175269"/>
  <tag k="highway" v="track"/>
  <tag k="layer" v="-1"/>
  <tag k="surface" v="concrete"/>
  <tag k="tracktype" v="grade1"/>
  <tag k="tunnel" v="yes"/>
 </way>
 <way id="1429726068" visible="true" version="1" changeset="171918484" timestamp="2025-09-14T13:39:45Z" user="FUKUTAN" uid="5207199">
  <nd ref="13142595940"/>
  <nd ref="12245217863"/>
  <nd ref="13142595941"/>
  <nd ref="13142595942"/>
  <nd ref="13142595943"/>
  <nd ref="13142595940"/>
  <tag k="highway" v="service"/>
 </way>
 <way id="1429726069" visible="true" version="1" changeset="171918484" timestamp="2025-09-14T13:39:45Z" user="FUKUTAN" uid="5207199">
  <nd ref="13142595944"/>
  <nd ref="13142595945"/>
  <nd ref="13142595946"/>
  <nd ref="13142595947"/>
  <nd ref="13142595948"/>
  <nd ref="13142595949"/>
  <nd ref="13142595950"/>
  <nd ref="13142595951"/>
  <nd ref="13142595954"/>
  <nd ref="13142595952"/>
  <nd ref="13142595953"/>
  <nd ref="13142595962"/>
  <nd ref="13142595955"/>
  <nd ref="13142595956"/>
  <nd ref="13142595957"/>
  <nd ref="13142595958"/>
  <nd ref="13142595959"/>
  <nd ref="12492158478"/>
  <tag k="highway" v="path"/>
 </way>
 <way id="1429726070" visible="true" version="1" changeset="171918484" timestamp="2025-09-14T13:39:45Z" user="FUKUTAN" uid="5207199">
  <nd ref="13142595960"/>
  <nd ref="13142595962"/>
  <nd ref="13142595961"/>
  <tag k="highway" v="path"/>
 </way>
 <way id="1429726071" visible="true" version="1" changeset="171918484" timestamp="2025-09-14T13:39:45Z" user="FUKUTAN" uid="5207199">
  <nd ref="13142595963"/>
  <nd ref="13142595964"/>
  <nd ref="13142595951"/>
  <tag k="highway" v="path"/>
 </way>
 <way id="1429726072" visible="true" version="1" changeset="171918484" timestamp="2025-09-14T13:39:45Z" user="FUKUTAN" uid="5207199">
  <nd ref="9909142498"/>
  <nd ref="13142595965"/>
  <nd ref="13142595966"/>
  <nd ref="13142595967"/>
  <tag k="highway" v="service"/>
  <tag k="service" v="parking_aisle"/>
 </way>
 <way id="1429726073" visible="true" version="1" changeset="171918484" timestamp="2025-09-14T13:39:45Z" user="FUKUTAN" uid="5207199">
  <nd ref="13142595968"/>
  <nd ref="13142595969"/>
  <nd ref="13142595970"/>
  <nd ref="13142595971"/>
  <nd ref="13142595972"/>
  <nd ref="13142595973"/>
  <nd ref="13142595974"/>
  <tag k="highway" v="service"/>
  <tag k="service" v="parking_aisle"/>
 </way>
 <way id="1446648325" visible="true" version="2" changeset="187989182" timestamp="2026-08-25T13:25:23Z" user="aaei924" uid="10626814">
  <nd ref="5312136028"/>
  <nd ref="11364491366"/>
  <nd ref="11364491364"/>
  <nd ref="5307960238"/>
  <tag k="highway" v="trunk_link"/>
  <tag k="maxspeed" v="40"/>
  <tag k="oneway" v="yes"/>
 </way>
 <way id="1446648326" visible="true" version="5" changeset="187989182" timestamp="2026-08-25T13:25:23Z" user="aaei924" uid="10626814">
  <nd ref="5312136028"/>
  <nd ref="11051829803"/>
  <nd ref="11051843605"/>
  <tag k="expressway" v="yes"/>
  <tag k="highway" v="trunk"/>
  <tag k="maxspeed" v="90"/>
  <tag k="motorroad" v="yes"/>
  <tag k="name" v="빛가람장성로"/>
  <tag k="name:en" v="Bitgaramjangseong-ro"/>
  <tag k="name:ko" v="빛가람장성로"/>
  <tag k="oneway" v="yes"/>
  <tag k="ref" v="1;49"/>
  <tag k="surface" v="asphalt"/>
 </way>
 <way id="1458436084" visible="true" version="1" changeset="175910622" timestamp="2025-12-14T08:55:57Z" user="FUKUTAN" uid="5207199">
  <nd ref="13375536133"/>
  <nd ref="9909151284"/>
  <tag k="highway" v="path"/>
 </way>
 <way id="1479141441" visible="true" version="1" changeset="178616775" timestamp="2026-02-16T08:28:03Z" user="FUKUTAN" uid="5207199">
  <nd ref="13569062444"/>
  <nd ref="13569062445"/>
  <nd ref="13569062446"/>
  <nd ref="13569062447"/>
  <nd ref="13569062448"/>
  <nd ref="13569062449"/>
  <nd ref="13569062450"/>
  <tag k="highway" v="service"/>
 </way>
 <way id="1536725189" visible="true" version="2" changeset="185405421" timestamp="2026-07-09T12:40:48Z" user="samdasooooooo" uid="14457606">
  <nd ref="13999234160"/>
  <nd ref="13999234161"/>
  <nd ref="13999234162"/>
  <nd ref="13999234163"/>
  <nd ref="13999234164"/>
  <nd ref="13999234165"/>
  <nd ref="13999234166"/>
  <nd ref="13999234170"/>
  <nd ref="13999234167"/>
  <nd ref="13999234168"/>
  <nd ref="13999234169"/>
  <tag k="highway" v="service"/>
  <tag k="service" v="parking_aisle"/>
 </way>
 <way id="1536725190" visible="true" version="2" changeset="185405421" timestamp="2026-07-09T12:40:48Z" user="samdasooooooo" uid="14457606">
  <nd ref="13999234171"/>
  <nd ref="13999234172"/>
  <tag k="highway" v="service"/>
  <tag k="service" v="parking_aisle"/>
 </way>
 <way id="1536725191" visible="true" version="1" changeset="185384242" timestamp="2026-07-09T04:33:38Z" user="samdasooooooo" uid="14457606">
  <nd ref="13999234173"/>
  <nd ref="13999234174"/>
  <nd ref="13999234175"/>
  <nd ref="13999234176"/>
  <nd ref="13999234173"/>
  <tag k="amenity" v="community_centre"/>
  <tag k="building" v="yes"/>
 </way>
 <way id="1536725480" visible="true" version="1" changeset="185384319" timestamp="2026-07-09T04:35:56Z" user="samdasooooooo" uid="14457606">
  <nd ref="13999244392"/>
  <nd ref="13999244393"/>
  <nd ref="13999244394"/>
  <nd ref="13999244395"/>
  <nd ref="13999244392"/>
  <tag k="leisure" v="pitch"/>
  <tag k="sport" v="soccer"/>
  <tag k="surface" v="artificial_turf"/>
 </way>
 <way id="1536772586" visible="true" version="1" changeset="185391201" timestamp="2026-07-09T07:54:27Z" user="samdasooooooo" uid="14457606">
  <nd ref="13999545002"/>
  <nd ref="13999545003"/>
  <nd ref="13999545004"/>
  <nd ref="13999545005"/>
  <nd ref="13999545002"/>
  <tag k="amenity" v="parking"/>
 </way>
 <way id="1536775918" visible="true" version="1" changeset="185392139" timestamp="2026-07-09T08:22:13Z" user="samdasooooooo" uid="14457606">
  <nd ref="13999573559"/>
  <nd ref="13999573560"/>
  <nd ref="13999573561"/>
  <nd ref="13999573562"/>
  <nd ref="13999573559"/>
  <tag k="building" v="apartments"/>
 </way>
 <way id="1536775919" visible="true" version="1" changeset="185392139" timestamp="2026-07-09T08:22:13Z" user="samdasooooooo" uid="14457606">
  <nd ref="13999573563"/>
  <nd ref="13999573564"/>
  <nd ref="13999573565"/>
  <nd ref="13999573566"/>
  <nd ref="13999573563"/>
  <tag k="building" v="apartments"/>
 </way>
 <way id="1536775920" visible="true" version="1" changeset="185392139" timestamp="2026-07-09T08:22:13Z" user="samdasooooooo" uid="14457606">
  <nd ref="13999573567"/>
  <nd ref="13999573568"/>
  <nd ref="13999573569"/>
  <nd ref="13999573570"/>
  <nd ref="13999573567"/>
  <tag k="building" v="apartments"/>
 </way>
 <way id="1536775921" visible="true" version="1" changeset="185392139" timestamp="2026-07-09T08:22:13Z" user="samdasooooooo" uid="14457606">
  <nd ref="13999573571"/>
  <nd ref="13999573572"/>
  <nd ref="13999573573"/>
  <nd ref="13999573574"/>
  <nd ref="13999573571"/>
  <tag k="building" v="apartments"/>
 </way>
 <way id="1536775922" visible="true" version="1" changeset="185392139" timestamp="2026-07-09T08:22:13Z" user="samdasooooooo" uid="14457606">
  <nd ref="13999573575"/>
  <nd ref="13999573576"/>
  <nd ref="13999573577"/>
  <nd ref="13999573578"/>
  <nd ref="13999573575"/>
  <tag k="building" v="apartments"/>
 </way>
 <way id="1536775923" visible="true" version="1" changeset="185392139" timestamp="2026-07-09T08:22:13Z" user="samdasooooooo" uid="14457606">
  <nd ref="13999573579"/>
  <nd ref="13999573580"/>
  <nd ref="13999573581"/>
  <nd ref="13999573582"/>
  <nd ref="13999573579"/>
  <tag k="building" v="apartments"/>
 </way>
 <way id="1536775924" visible="true" version="1" changeset="185392139" timestamp="2026-07-09T08:22:13Z" user="samdasooooooo" uid="14457606">
  <nd ref="13999573583"/>
  <nd ref="13999573584"/>
  <nd ref="13999573585"/>
  <nd ref="13999573586"/>
  <nd ref="13999573583"/>
  <tag k="building" v="apartments"/>
 </way>
 <way id="1536775925" visible="true" version="1" changeset="185392139" timestamp="2026-07-09T08:22:13Z" user="samdasooooooo" uid="14457606">
  <nd ref="13999573587"/>
  <nd ref="13999573588"/>
  <nd ref="13999573589"/>
  <nd ref="13999573590"/>
  <nd ref="13999573587"/>
  <tag k="building" v="apartments"/>
 </way>
 <way id="1536775926" visible="true" version="1" changeset="185392139" timestamp="2026-07-09T08:22:13Z" user="samdasooooooo" uid="14457606">
  <nd ref="13999573591"/>
  <nd ref="13999573592"/>
  <nd ref="13999573593"/>
  <nd ref="13999573594"/>
  <nd ref="13999573591"/>
  <tag k="building" v="apartments"/>
 </way>
 <way id="1536775927" visible="true" version="1" changeset="185392139" timestamp="2026-07-09T08:22:13Z" user="samdasooooooo" uid="14457606">
  <nd ref="13999573595"/>
  <nd ref="13999573596"/>
  <nd ref="13999573597"/>
  <nd ref="13999573598"/>
  <nd ref="13999573595"/>
  <tag k="building" v="apartments"/>
 </way>
 <way id="1536775928" visible="true" version="1" changeset="185392139" timestamp="2026-07-09T08:22:13Z" user="samdasooooooo" uid="14457606">
  <nd ref="13999573599"/>
  <nd ref="13999573600"/>
  <nd ref="13999581401"/>
  <nd ref="13999581402"/>
  <nd ref="13999573599"/>
  <tag k="building" v="apartments"/>
 </way>
 <way id="1536775929" visible="true" version="1" changeset="185392139" timestamp="2026-07-09T08:22:13Z" user="samdasooooooo" uid="14457606">
  <nd ref="13999581403"/>
  <nd ref="13999581404"/>
  <nd ref="13999581405"/>
  <nd ref="13999581406"/>
  <nd ref="13999581403"/>
  <tag k="building" v="apartments"/>
 </way>
 <way id="1536775930" visible="true" version="1" changeset="185392139" timestamp="2026-07-09T08:22:13Z" user="samdasooooooo" uid="14457606">
  <nd ref="13999581407"/>
  <nd ref="13999581408"/>
  <nd ref="13999581409"/>
  <nd ref="13999581410"/>
  <nd ref="13999581407"/>
  <tag k="building" v="apartments"/>
 </way>
 <way id="1536775931" visible="true" version="1" changeset="185392139" timestamp="2026-07-09T08:22:13Z" user="samdasooooooo" uid="14457606">
  <nd ref="13999581411"/>
  <nd ref="13999581412"/>
  <nd ref="13999581413"/>
  <nd ref="13999581414"/>
  <nd ref="13999581411"/>
  <tag k="building" v="apartments"/>
 </way>
 <way id="1536775932" visible="true" version="1" changeset="185392139" timestamp="2026-07-09T08:22:13Z" user="samdasooooooo" uid="14457606">
  <nd ref="13999581415"/>
  <nd ref="13999581416"/>
  <nd ref="13999581417"/>
  <nd ref="13999581418"/>
  <nd ref="13999581415"/>
  <tag k="building" v="apartments"/>
 </way>
 <way id="1536775933" visible="true" version="1" changeset="185392139" timestamp="2026-07-09T08:22:13Z" user="samdasooooooo" uid="14457606">
  <nd ref="13999581419"/>
  <nd ref="13999581420"/>
  <nd ref="13999581421"/>
  <nd ref="13999581422"/>
  <nd ref="13999581419"/>
  <tag k="building" v="apartments"/>
 </way>
 <way id="1536843241" visible="true" version="1" changeset="185405421" timestamp="2026-07-09T12:40:48Z" user="samdasooooooo" uid="14457606">
  <nd ref="13999234160"/>
  <nd ref="14000134430"/>
  <tag k="highway" v="service"/>
  <tag k="service" v="parking_aisle"/>
 </way>
 <way id="1536843242" visible="true" version="1" changeset="185405421" timestamp="2026-07-09T12:40:48Z" user="samdasooooooo" uid="14457606">
  <nd ref="13999234160"/>
  <nd ref="14000134431"/>
  <tag k="highway" v="service"/>
  <tag k="service" v="parking_aisle"/>
 </way>
 <way id="1536843243" visible="true" version="1" changeset="185405421" timestamp="2026-07-09T12:40:48Z" user="samdasooooooo" uid="14457606">
  <nd ref="5668183560"/>
  <nd ref="14000134432"/>
  <tag k="highway" v="service"/>
  <tag k="service" v="parking_aisle"/>
 </way>
 <way id="1536843244" visible="true" version="1" changeset="185405421" timestamp="2026-07-09T12:40:48Z" user="samdasooooooo" uid="14457606">
  <nd ref="14000134439"/>
  <nd ref="14000134440"/>
  <nd ref="14000134441"/>
  <nd ref="14000134442"/>
  <nd ref="14000134443"/>
  <nd ref="14000134444"/>
  <nd ref="14000134445"/>
  <nd ref="14000134446"/>
  <nd ref="14000134447"/>
  <nd ref="14000134448"/>
  <nd ref="14000134449"/>
  <nd ref="14000134450"/>
  <nd ref="14000134439"/>
  <tag k="leisure" v="garden"/>
 </way>
 <way id="1536843245" visible="true" version="1" changeset="185405421" timestamp="2026-07-09T12:40:48Z" user="samdasooooooo" uid="14457606">
  <nd ref="14000134451"/>
  <nd ref="14000134452"/>
  <nd ref="14000134453"/>
  <nd ref="14000134454"/>
  <nd ref="14000134451"/>
  <tag k="building" v="yes"/>
 </way>
 <way id="1536843246" visible="true" version="1" changeset="185405421" timestamp="2026-07-09T12:40:48Z" user="samdasooooooo" uid="14457606">
  <nd ref="14000134455"/>
  <nd ref="14000134456"/>
  <nd ref="14000134457"/>
  <nd ref="14000134458"/>
  <nd ref="14000134455"/>
  <tag k="leisure" v="garden"/>
 </way>
 <way id="1536843247" visible="true" version="1" changeset="185405421" timestamp="2026-07-09T12:40:48Z" user="samdasooooooo" uid="14457606">
  <nd ref="14000134459"/>
  <nd ref="14000134460"/>
  <nd ref="14000134461"/>
  <nd ref="14000134459"/>
  <tag k="leisure" v="playground"/>
 </way>
 <way id="1536843248" visible="true" version="1" changeset="185405421" timestamp="2026-07-09T12:40:48Z" user="samdasooooooo" uid="14457606">
  <nd ref="14000134462"/>
  <nd ref="14000134463"/>
  <nd ref="14000134464"/>
  <nd ref="14000134465"/>
  <nd ref="14000134462"/>
  <tag k="amenity" v="parking"/>
 </way>
 <way id="1536843249" visible="true" version="1" changeset="185405421" timestamp="2026-07-09T12:40:48Z" user="samdasooooooo" uid="14457606">
  <nd ref="11217166566"/>
  <nd ref="14000134466"/>
  <nd ref="14000134467"/>
  <nd ref="14000134468"/>
  <nd ref="14000134469"/>
  <nd ref="14000134470"/>
  <nd ref="14000134471"/>
  <nd ref="14000134472"/>
  <nd ref="14000134473"/>
  <tag k="highway" v="service"/>
  <tag k="service" v="parking_aisle"/>
 </way>
 <way id="1536843250" visible="true" version="1" changeset="185405421" timestamp="2026-07-09T12:40:48Z" user="samdasooooooo" uid="14457606">
  <nd ref="14000134474"/>
  <nd ref="14000134475"/>
  <tag k="highway" v="service"/>
  <tag k="service" v="parking_aisle"/>
 </way>
 <way id="1536843251" visible="true" version="1" changeset="185405421" timestamp="2026-07-09T12:40:48Z" user="samdasooooooo" uid="14457606">
  <nd ref="14000134476"/>
  <nd ref="14000134477"/>
  <nd ref="14000134478"/>
  <nd ref="14000134479"/>
  <nd ref="14000134476"/>
  <tag k="building" v="yes"/>
 </way>
 <way id="1536843252" visible="true" version="2" changeset="185407868" timestamp="2026-07-09T13:28:21Z" user="samdasooooooo" uid="14457606">
  <nd ref="14000134480"/>
  <nd ref="14000134481"/>
  <nd ref="14000134482"/>
  <nd ref="14000134483"/>
  <nd ref="14000134484"/>
  <nd ref="14000134485"/>
  <nd ref="14000134486"/>
  <nd ref="14000134487"/>
  <nd ref="14000134488"/>
  <nd ref="14000134489"/>
  <nd ref="14000134490"/>
  <nd ref="14000134491"/>
  <nd ref="14000134480"/>
  <tag k="access" v="yes"/>
  <tag k="leisure" v="playground"/>
 </way>
 <way id="1536843253" visible="true" version="1" changeset="185405421" timestamp="2026-07-09T12:40:48Z" user="samdasooooooo" uid="14457606">
  <nd ref="14000134492"/>
  <nd ref="14000134493"/>
  <nd ref="14000134494"/>
  <nd ref="14000134495"/>
  <nd ref="14000134496"/>
  <nd ref="14000134497"/>
  <nd ref="14000134498"/>
  <nd ref="14000134499"/>
  <nd ref="14000134500"/>
  <nd ref="14000139801"/>
  <nd ref="14000139802"/>
  <nd ref="14000139803"/>
  <nd ref="14000139804"/>
  <nd ref="14000134492"/>
  <tag k="leisure" v="garden"/>
 </way>
 <way id="1536843254" visible="true" version="1" changeset="185405421" timestamp="2026-07-09T12:40:48Z" user="samdasooooooo" uid="14457606">
  <nd ref="14000139809"/>
  <nd ref="14000139810"/>
  <nd ref="14000139811"/>
  <nd ref="14000139812"/>
  <nd ref="14000139809"/>
  <tag k="building" v="yes"/>
 </way>
 <way id="1536843255" visible="true" version="1" changeset="185405421" timestamp="2026-07-09T12:40:48Z" user="samdasooooooo" uid="14457606">
  <nd ref="14000139813"/>
  <nd ref="14000139814"/>
  <nd ref="14000139815"/>
  <nd ref="14000139816"/>
  <nd ref="14000139813"/>
  <tag k="amenity" v="parking"/>
 </way>
 <way id="1536843256" visible="true" version="1" changeset="185405421" timestamp="2026-07-09T12:40:48Z" user="samdasooooooo" uid="14457606">
  <nd ref="14000139817"/>
  <nd ref="14000139825"/>
  <nd ref="14000139826"/>
  <nd ref="14000139818"/>
  <nd ref="14000139819"/>
  <nd ref="14000139820"/>
  <nd ref="14000139821"/>
  <nd ref="14000139822"/>
  <nd ref="14000139823"/>
  <nd ref="14000139824"/>
  <nd ref="14000139817"/>
  <tag k="building" v="yes"/>
 </way>
 <way id="1536843257" visible="true" version="1" changeset="185405421" timestamp="2026-07-09T12:40:48Z" user="samdasooooooo" uid="14457606">
  <nd ref="14000139827"/>
  <nd ref="14000139828"/>
  <nd ref="14000139829"/>
  <nd ref="14000139830"/>
  <nd ref="14000139831"/>
  <nd ref="14000139832"/>
  <nd ref="14000139833"/>
  <nd ref="14000139834"/>
  <nd ref="14000139827"/>
  <tag k="building" v="yes"/>
 </way>
 <way id="1536843258" visible="true" version="1" changeset="185405421" timestamp="2026-07-09T12:40:48Z" user="samdasooooooo" uid="14457606">
  <nd ref="14000139835"/>
  <nd ref="14000139836"/>
  <nd ref="14000139837"/>
  <nd ref="14000139838"/>
  <nd ref="14000139835"/>
  <tag k="building" v="yes"/>
 </way>
 <way id="1536843259" visible="true" version="1" changeset="185405421" timestamp="2026-07-09T12:40:48Z" user="samdasooooooo" uid="14457606">
  <nd ref="14000139839"/>
  <nd ref="14000139840"/>
  <nd ref="14000139841"/>
  <nd ref="14000139842"/>
  <nd ref="14000139839"/>
  <tag k="building" v="yes"/>
 </way>
 <way id="1536843260" visible="true" version="1" changeset="185405421" timestamp="2026-07-09T12:40:48Z" user="samdasooooooo" uid="14457606">
  <nd ref="14000139843"/>
  <nd ref="14000139844"/>
  <nd ref="14000139845"/>
  <nd ref="14000139846"/>
  <nd ref="14000139843"/>
  <tag k="building" v="yes"/>
 </way>
 <way id="1536843261" visible="true" version="1" changeset="185405421" timestamp="2026-07-09T12:40:48Z" user="samdasooooooo" uid="14457606">
  <nd ref="14000139851"/>
  <nd ref="14000139852"/>
  <nd ref="14000139853"/>
  <nd ref="14000139854"/>
  <nd ref="14000139851"/>
  <tag k="building" v="yes"/>
 </way>
 <way id="1536843262" visible="true" version="1" changeset="185405421" timestamp="2026-07-09T12:40:48Z" user="samdasooooooo" uid="14457606">
  <nd ref="14000139855"/>
  <nd ref="14000139856"/>
  <nd ref="14000139857"/>
  <nd ref="14000139858"/>
  <nd ref="14000139855"/>
  <tag k="building" v="yes"/>
 </way>
 <way id="1536843263" visible="true" version="1" changeset="185405421" timestamp="2026-07-09T12:40:48Z" user="samdasooooooo" uid="14457606">
  <nd ref="14000139859"/>
  <nd ref="14000139860"/>
  <nd ref="14000139861"/>
  <nd ref="14000139862"/>
  <nd ref="14000139859"/>
  <tag k="building" v="yes"/>
 </way>
 <way id="1536843264" visible="true" version="1" changeset="185405421" timestamp="2026-07-09T12:40:48Z" user="samdasooooooo" uid="14457606">
  <nd ref="14000139863"/>
  <nd ref="14000139864"/>
  <nd ref="14000139865"/>
  <nd ref="14000139866"/>
  <nd ref="14000139863"/>
  <tag k="building" v="yes"/>
 </way>
 <way id="1536843265" visible="true" version="1" changeset="185405421" timestamp="2026-07-09T12:40:48Z" user="samdasooooooo" uid="14457606">
  <nd ref="14000139870"/>
  <nd ref="14000139871"/>
  <nd ref="14000139872"/>
  <nd ref="14000139873"/>
  <nd ref="14000139870"/>
  <tag k="leisure" v="garden"/>
 </way>
 <way id="1536843266" visible="true" version="1" changeset="185405421" timestamp="2026-07-09T12:40:48Z" user="samdasooooooo" uid="14457606">
  <nd ref="14000139874"/>
  <nd ref="14000139875"/>
  <nd ref="14000139876"/>
  <nd ref="14000139877"/>
  <nd ref="14000139878"/>
  <nd ref="14000139879"/>
  <nd ref="14000139880"/>
  <nd ref="14000139881"/>
  <nd ref="14000139882"/>
  <nd ref="14000139883"/>
  <nd ref="14000139884"/>
  <nd ref="14000139885"/>
  <nd ref="14000139886"/>
  <nd ref="14000139887"/>
  <nd ref="14000139888"/>
  <nd ref="14000139874"/>
  <tag k="leisure" v="playground"/>
 </way>
 <way id="1536843267" visible="true" version="1" changeset="185405421" timestamp="2026-07-09T12:40:48Z" user="samdasooooooo" uid="14457606">
  <nd ref="12492158518"/>
  <nd ref="14000139892"/>
  <nd ref="14000139904"/>
  <nd ref="14000139893"/>
  <nd ref="14000139894"/>
  <nd ref="14000139895"/>
  <nd ref="14000139910"/>
  <nd ref="14000139896"/>
  <nd ref="14000139897"/>
  <nd ref="14000139898"/>
  <nd ref="14000139899"/>
  <nd ref="14000139900"/>
  <nd ref="14000139901"/>
  <nd ref="14000139902"/>
  <nd ref="14000139903"/>
  <tag k="bridge" v="yes"/>
  <tag k="highway" v="footway"/>
  <tag k="layer" v="1"/>
 </way>
 <way id="1536843268" visible="true" version="1" changeset="185405421" timestamp="2026-07-09T12:40:48Z" user="samdasooooooo" uid="14457606">
  <nd ref="14000139904"/>
  <nd ref="14000139905"/>
  <nd ref="14000139906"/>
  <nd ref="14000139907"/>
  <nd ref="14000139908"/>
  <nd ref="14000139909"/>
  <nd ref="14000139910"/>
  <tag k="bridge" v="yes"/>
  <tag k="highway" v="footway"/>
  <tag k="layer" v="1"/>
 </way>
 <way id="1536843269" visible="true" version="1" changeset="185405421" timestamp="2026-07-09T12:40:48Z" user="samdasooooooo" uid="14457606">
  <nd ref="14000139911"/>
  <nd ref="14000139912"/>
  <nd ref="14000139929"/>
  <nd ref="14000139913"/>
  <nd ref="14000139914"/>
  <nd ref="14000139915"/>
  <nd ref="14000139911"/>
  <tag k="leisure" v="playground"/>
 </way>
 <way id="1536843270" visible="true" version="1" changeset="185405421" timestamp="2026-07-09T12:40:48Z" user="samdasooooooo" uid="14457606">
  <nd ref="14000139916"/>
  <nd ref="14000139930"/>
  <nd ref="14000139917"/>
  <nd ref="14000139918"/>
  <nd ref="14000139919"/>
  <nd ref="14000139920"/>
  <nd ref="14000139921"/>
  <nd ref="14000139922"/>
  <nd ref="14000139939"/>
  <nd ref="14000139923"/>
  <nd ref="14000139924"/>
  <nd ref="14000139925"/>
  <nd ref="14000139916"/>
  <tag k="leisure" v="playground"/>
 </way>
 <way id="1536843271" visible="true" version="1" changeset="185405421" timestamp="2026-07-09T12:40:48Z" user="samdasooooooo" uid="14457606">
  <nd ref="14000139926"/>
  <nd ref="14000139927"/>
  <nd ref="14000139928"/>
  <nd ref="14000139903"/>
  <tag k="highway" v="path"/>
 </way>
 <way id="1536843272" visible="true" version="1" changeset="185405421" timestamp="2026-07-09T12:40:48Z" user="samdasooooooo" uid="14457606">
  <nd ref="14000139929"/>
  <nd ref="14000139931"/>
  <nd ref="14000139930"/>
  <tag k="highway" v="path"/>
 </way>
 <way id="1536843273" visible="true" version="1" changeset="185405421" timestamp="2026-07-09T12:40:48Z" user="samdasooooooo" uid="14457606">
  <nd ref="14000139903"/>
  <nd ref="14000139931"/>
  <nd ref="14000139932"/>
  <tag k="highway" v="path"/>
 </way>
 <way id="1536843274" visible="true" version="1" changeset="185405421" timestamp="2026-07-09T12:40:48Z" user="samdasooooooo" uid="14457606">
  <nd ref="14000139903"/>
  <nd ref="14000139933"/>
  <nd ref="14000139934"/>
  <nd ref="14000139935"/>
  <nd ref="14000139936"/>
  <nd ref="14000139938"/>
  <nd ref="14000139937"/>
  <tag k="highway" v="path"/>
 </way>
 <way id="1536843275" visible="true" version="1" changeset="185405421" timestamp="2026-07-09T12:40:48Z" user="samdasooooooo" uid="14457606">
  <nd ref="14000139938"/>
  <nd ref="14000139939"/>
  <tag k="highway" v="path"/>
 </way>
 <way id="1536843276" visible="true" version="1" changeset="185405421" timestamp="2026-07-09T12:40:48Z" user="samdasooooooo" uid="14457606">
  <nd ref="14000139940"/>
  <nd ref="14000139941"/>
  <tag k="bridge" v="yes"/>
  <tag k="highway" v="path"/>
  <tag k="layer" v="1"/>
 </way>
 <way id="1536843277" visible="true" version="1" changeset="185405421" timestamp="2026-07-09T12:40:48Z" user="samdasooooooo" uid="14457606">
  <nd ref="5312163973"/>
  <nd ref="14000139942"/>
  <tag k="highway" v="path"/>
 </way>
 <way id="1536843278" visible="true" version="1" changeset="185405421" timestamp="2026-07-09T12:40:48Z" user="samdasooooooo" uid="14457606">
  <nd ref="5312163973"/>
  <nd ref="14000139944"/>
  <nd ref="14000139943"/>
  <nd ref="13142595948"/>
  <tag k="highway" v="path"/>
 </way>
 <way id="1536843279" visible="true" version="1" changeset="185405421" timestamp="2026-07-09T12:40:48Z" user="samdasooooooo" uid="14457606">
  <nd ref="14000139945"/>
  <nd ref="14000139946"/>
  <tag k="highway" v="footway"/>
 </way>
 <way id="1536843280" visible="true" version="1" changeset="185405421" timestamp="2026-07-09T12:40:48Z" user="samdasooooooo" uid="14457606">
  <nd ref="14000139945"/>
  <nd ref="14000139947"/>
  <nd ref="14000139948"/>
  <nd ref="14000139949"/>
  <nd ref="14000139950"/>
  <nd ref="12492158481"/>
  <tag k="highway" v="footway"/>
 </way>
 <way id="1536843281" visible="true" version="1" changeset="185405421" timestamp="2026-07-09T12:40:48Z" user="samdasooooooo" uid="14457606">
  <nd ref="14000139950"/>
  <nd ref="14000139951"/>
  <nd ref="14000139952"/>
  <nd ref="14000139953"/>
  <nd ref="14000139947"/>
  <tag k="highway" v="footway"/>
 </way>
 <way id="1536843282" visible="true" version="1" changeset="185405421" timestamp="2026-07-09T12:40:48Z" user="samdasooooooo" uid="14457606">
  <nd ref="14000139954"/>
  <nd ref="14000139955"/>
  <nd ref="14000139956"/>
  <nd ref="14000139957"/>
  <nd ref="14000139958"/>
  <nd ref="14000139959"/>
  <nd ref="14000139960"/>
  <nd ref="14000139961"/>
  <nd ref="14000139954"/>
  <tag k="leisure" v="garden"/>
 </way>
 <way id="1536843577" visible="true" version="1" changeset="185405492" timestamp="2026-07-09T12:42:46Z" user="samdasooooooo" uid="14457606">
  <nd ref="5668183569"/>
  <nd ref="14000086093"/>
  <nd ref="14000086094"/>
  <nd ref="14000086095"/>
  <tag k="highway" v="service"/>
  <tag k="service" v="parking_aisle"/>
 </way>
 <relation id="5467440" visible="true" version="250" changeset="172570074" timestamp="2025-09-28T14:32:58Z" user="minseo" uid="5186039">
  <member type="way" ref="1414258275" role=""/>
  <member type="way" ref="1396739803" role=""/>
  <member type="way" ref="276695516" role=""/>
  <member type="way" ref="1396739800" role=""/>
  <member type="relation" ref="6729347" role=""/>
  <member type="relation" ref="10763420" role=""/>
  <member type="relation" ref="10763488" role=""/>
  <member type="relation" ref="10764011" role=""/>
  <tag k="alt_name" v="목포 ~ 신의주선"/>
  <tag k="name" v="대한민국 국도 제1호선"/>
  <tag k="name:en" v="National Route 1 (South Korea)"/>
  <tag k="name:ja" v="国道第一号木浦新義州線"/>
  <tag k="name:ko" v="대한민국 국도 제1호선"/>
  <tag k="name:zh" v="國道1號線"/>
  <tag k="network" v="KR:national"/>
  <tag k="note" v="도로는 하위 관계에 추가해 주시기 바랍니다."/>
  <tag k="official_name" v="대한민국 국도 제1호선"/>
  <tag k="official_name:ja" v="国道第一号木浦新義州線"/>
  <tag k="official_name:ko" v="대한민국 국도 제1호선"/>
  <tag k="official_name:ko-Hani" v="大韓民國 國道 第1號線"/>
  <tag k="official_name:zh" v="大韓民國國道第1號線"/>
  <tag k="ref" v="1"/>
  <tag k="route" v="road"/>
  <tag k="type" v="superroute"/>
  <tag k="wikidata" v="Q483660"/>
 </relation>
 <relation id="6729347" visible="true" version="150" changeset="187989182" timestamp="2026-08-25T13:25:23Z" user="aaei924" uid="10626814">
  <member type="way" ref="1082943652" role=""/>
  <member type="way" ref="239303908" role=""/>
  <member type="way" ref="1082943651" role=""/>
  <member type="way" ref="1082943650" role=""/>
  <member type="way" ref="1082943649" role=""/>
  <member type="way" ref="1082943648" role=""/>
  <member type="way" ref="1082943647" role=""/>
  <member type="way" ref="1414211444" role=""/>
  <member type="way" ref="777210003" role=""/>
  <member type="way" ref="1414211445" role=""/>
  <member type="way" ref="237265439" role=""/>
  <member type="way" ref="723017976" role=""/>
  <member type="way" ref="237265437" role=""/>
  <member type="way" ref="1414211441" role=""/>
  <member type="way" ref="1082943645" role=""/>
  <member type="way" ref="1414211442" role=""/>
  <member type="way" ref="1414211446" role=""/>
  <member type="way" ref="1414211443" role=""/>
  <member type="way" ref="1082943644" role=""/>
  <member type="way" ref="480919582" role=""/>
  <member type="way" ref="1082943643" role="forward"/>
  <member type="way" ref="1082943642" role="forward"/>
  <member type="way" ref="1082943641" role="forward"/>
  <member type="way" ref="1082943640" role="forward"/>
  <member type="way" ref="1082943639" role="forward"/>
  <member type="way" ref="1082943638" role="forward"/>
  <member type="way" ref="1082943636" role="forward"/>
  <member type="way" ref="1082943635" role="forward"/>
  <member type="way" ref="1415822359" role="forward"/>
  <member type="way" ref="1082943637" role="forward"/>
  <member type="way" ref="1082943634" role="forward"/>
  <member type="way" ref="1082943633" role="forward"/>
  <member type="way" ref="1082943632" role="forward"/>
  <member type="way" ref="1082943631" role="forward"/>
  <member type="way" ref="1082943630" role="forward"/>
  <member type="way" ref="1082943629" role="forward"/>
  <member type="way" ref="1082943628" role="forward"/>
  <member type="way" ref="1082943627" role="forward"/>
  <member type="way" ref="1082943626" role="forward"/>
  <member type="way" ref="1082943625" role="forward"/>
  <member type="way" ref="1082943624" role="forward"/>
  <member type="way" ref="1082943623" role="forward"/>
  <member type="way" ref="1082943622" role="forward"/>
  <member type="way" ref="37385097" role="forward"/>
  <member type="way" ref="1502865984" role=""/>
  <member type="way" ref="1502865982" role=""/>
  <member type="way" ref="1083016666" role="forward"/>
  <member type="way" ref="134627754" role="forward"/>
  <member type="way" ref="658348021" role="forward"/>
  <member type="way" ref="777389985" role="forward"/>
  <member type="way" ref="480684187" role="forward"/>
  <member type="way" ref="1031977597" role="forward"/>
  <member type="way" ref="1031977596" role="forward"/>
  <member type="way" ref="480684186" role="forward"/>
  <member type="way" ref="229373322" role="forward"/>
  <member type="way" ref="478021141" role="forward"/>
  <member type="way" ref="478021140" role="forward"/>
  <member type="way" ref="477479603" role="forward"/>
  <member type="way" ref="478244818" role="forward"/>
  <member type="way" ref="1243670725" role="forward"/>
  <member type="way" ref="908336502" role="forward"/>
  <member type="way" ref="1465505564" role="forward"/>
  <member type="way" ref="1465505562" role="forward"/>
  <member type="way" ref="1465505563" role="forward"/>
  <member type="way" ref="575122246" role="forward"/>
  <member type="way" ref="575122245" role="forward"/>
  <member type="way" ref="575122244" role="forward"/>
  <member type="way" ref="575122243" role="forward"/>
  <member type="way" ref="532115461" role="forward"/>
  <member type="way" ref="892232539" role="forward"/>
  <member type="way" ref="908336503" role="forward"/>
  <member type="way" ref="1396709400" role="forward"/>
  <member type="way" ref="1396709401" role="forward"/>
  <member type="way" ref="892232538" role="forward"/>
  <member type="way" ref="68862725" role="forward"/>
  <member type="way" ref="403948345" role="forward"/>
  <member type="way" ref="483981627" role="forward"/>
  <member type="way" ref="483981626" role="forward"/>
  <member type="way" ref="403948344" role="forward"/>
  <member type="way" ref="449216038" role="forward"/>
  <member type="way" ref="449216039" role="forward"/>
  <member type="way" ref="484271211" role="forward"/>
  <member type="way" ref="484271210" role="forward"/>
  <member type="way" ref="68862663" role="forward"/>
  <member type="way" ref="403953813" role="forward"/>
  <member type="way" ref="484271204" role="forward"/>
  <member type="way" ref="484271199" role="forward"/>
  <member type="way" ref="484271196" role="forward"/>
  <member type="way" ref="484271195" role="forward"/>
  <member type="way" ref="403953812" role="forward"/>
  <member type="way" ref="484271186" role="forward"/>
  <member type="way" ref="484271188" role="forward"/>
  <member type="way" ref="403104207" role="forward"/>
  <member type="way" ref="403104206" role="forward"/>
  <member type="way" ref="484271167" role="forward"/>
  <member type="way" ref="484271170" role="forward"/>
  <member type="way" ref="484271169" role="forward"/>
  <member type="way" ref="57722930" role="forward"/>
  <member type="way" ref="483981596" role="forward"/>
  <member type="way" ref="483981597" role="forward"/>
  <member type="way" ref="483981595" role="forward"/>
  <member type="way" ref="483981594" role="forward"/>
  <member type="way" ref="68678451" role="forward"/>
  <member type="way" ref="68678447" role="forward"/>
  <member type="way" ref="68678450" role="forward"/>
  <member type="way" ref="908336505" role="forward"/>
  <member type="way" ref="68678460" role="forward"/>
  <member type="way" ref="561612855" role="forward"/>
  <member type="way" ref="561612856" role="forward"/>
  <member type="way" ref="575179073" role="forward"/>
  <member type="way" ref="575179071" role="forward"/>
  <member type="way" ref="575179070" role="forward"/>
  <member type="way" ref="575179072" role="forward"/>
  <member type="way" ref="403890944" role="forward"/>
  <member type="way" ref="562102764" role="forward"/>
  <member type="way" ref="481480447" role=""/>
  <member type="way" ref="591360329" role=""/>
  <member type="way" ref="591360325" role=""/>
  <member type="way" ref="591360324" role=""/>
  <member type="way" ref="233475948" role=""/>
  <member type="way" ref="591627519" role=""/>
  <member type="way" ref="591627520" role=""/>
  <member type="way" ref="403134050" role=""/>
  <member type="way" ref="1353172260" role=""/>
  <member type="way" ref="1353172259" role=""/>
  <member type="way" ref="591360318" role=""/>
  <member type="way" ref="591360319" role=""/>
  <member type="way" ref="561623102" role=""/>
  <member type="way" ref="561623103" role=""/>
  <member type="way" ref="550425295" role=""/>
  <member type="way" ref="1468872180" role=""/>
  <member type="way" ref="1468872180" role=""/>
  <member type="way" ref="562102754" role="forward"/>
  <member type="way" ref="562102755" role="forward"/>
  <member type="way" ref="562102756" role="forward"/>
  <member type="way" ref="562102757" role="forward"/>
  <member type="way" ref="562102758" role="forward"/>
  <member type="way" ref="562102760" role="forward"/>
  <member type="way" ref="562102759" role="forward"/>
  <member type="way" ref="562102761" role="forward"/>
  <member type="way" ref="908336506" role="forward"/>
  <member type="way" ref="777212307" role="forward"/>
  <member type="way" ref="483981588" role="forward"/>
  <member type="way" ref="483981589" role="forward"/>
  <member type="way" ref="483981590" role="forward"/>
  <member type="way" ref="483981593" role="forward"/>
  <member type="way" ref="483981591" role="forward"/>
  <member type="way" ref="1031977600" role="forward"/>
  <member type="way" ref="483981592" role="forward"/>
  <member type="way" ref="562102763" role="forward"/>
  <member type="way" ref="575179069" role="forward"/>
  <member type="way" ref="484271173" role="forward"/>
  <member type="way" ref="484271172" role="forward"/>
  <member type="way" ref="484271171" role="forward"/>
  <member type="way" ref="484271184" role="forward"/>
  <member type="way" ref="484271181" role="forward"/>
  <member type="way" ref="484271197" role="forward"/>
  <member type="way" ref="484271198" role="forward"/>
  <member type="way" ref="484271194" role="forward"/>
  <member type="way" ref="484271203" role="forward"/>
  <member type="way" ref="484271202" role="forward"/>
  <member type="way" ref="484271201" role="forward"/>
  <member type="way" ref="484271217" role="forward"/>
  <member type="way" ref="483981628" role="forward"/>
  <member type="way" ref="484271214" role="forward"/>
  <member type="way" ref="484271215" role="forward"/>
  <member type="way" ref="484271213" role="forward"/>
  <member type="way" ref="484271212" role="forward"/>
  <member type="way" ref="1083016665" role="forward"/>
  <member type="way" ref="683348342" role=""/>
  <member type="way" ref="1083016667" role=""/>
  <member type="way" ref="1083016664" role="forward"/>
  <member type="way" ref="777212312" role="forward"/>
  <member type="way" ref="777212311" role="forward"/>
  <member type="way" ref="777389984" role="forward"/>
  <member type="way" ref="777212310" role="forward"/>
  <member type="way" ref="1031977599" role="forward"/>
  <member type="way" ref="1031977598" role="forward"/>
  <member type="way" ref="777212309" role="forward"/>
  <member type="way" ref="777212308" role="forward"/>
  <member type="way" ref="275888605" role="forward"/>
  <member type="way" ref="908336501" role="forward"/>
  <member type="way" ref="275873772" role="forward"/>
  <member type="way" ref="575200247" role="forward"/>
  <member type="way" ref="575200241" role="forward"/>
  <member type="way" ref="575200244" role="forward"/>
  <member type="way" ref="575200250" role="forward"/>
  <member type="way" ref="483981621" role="forward"/>
  <member type="way" ref="892232541" role="forward"/>
  <member type="way" ref="908336504" role="forward"/>
  <member type="way" ref="1396709398" role="forward"/>
  <member type="way" ref="1396709399" role="forward"/>
  <member type="way" ref="892232540" role="forward"/>
  <member type="way" ref="483981620" role="backward"/>
  <member type="way" ref="483981625" role="forward"/>
  <member type="way" ref="483981624" role="forward"/>
  <member type="way" ref="483981623" role="forward"/>
  <member type="way" ref="549931745" role="forward"/>
  <member type="way" ref="288599141" role="forward"/>
  <member type="way" ref="575169862" role="forward"/>
  <member type="way" ref="688629557" role="forward"/>
  <member type="way" ref="688629554" role="forward"/>
  <member type="way" ref="590911151" role="forward"/>
  <member type="way" ref="403898327" role="forward"/>
  <member type="way" ref="403898331" role="forward"/>
  <member type="way" ref="1524929415" role="forward"/>
  <member type="way" ref="1524929414" role="forward"/>
  <member type="way" ref="1524929420" role="forward"/>
  <member type="way" ref="470918177" role="forward"/>
  <member type="way" ref="230396526" role="forward"/>
  <member type="way" ref="800962923" role="forward"/>
  <member type="way" ref="688629552" role="forward"/>
  <member type="way" ref="688629551" role="forward"/>
  <member type="way" ref="688629549" role="forward"/>
  <member type="way" ref="230396527" role="forward"/>
  <member type="way" ref="1524929485" role="forward"/>
  <member type="way" ref="1524929484" role="forward"/>
  <member type="way" ref="230396598" role="forward"/>
  <member type="way" ref="403883650" role="forward"/>
  <member type="way" ref="403883649" role="forward"/>
  <member type="way" ref="230396600" role="forward"/>
  <member type="way" ref="553069509" role="forward"/>
  <member type="way" ref="553069508" role="forward"/>
  <member type="way" ref="553069510" role="forward"/>
  <member type="way" ref="553069511" role="forward"/>
  <member type="way" ref="553069529" role="forward"/>
  <member type="way" ref="1524929495" role="forward"/>
  <member type="way" ref="553069530" role="forward"/>
  <member type="way" ref="1446724909" role="forward"/>
  <member type="way" ref="653913903" role="forward"/>
  <member type="way" ref="653913902" role="forward"/>
  <member type="way" ref="1446007906" role="forward"/>
  <member type="way" ref="1446724896" role="forward"/>
  <member type="way" ref="1446007907" role="forward"/>
  <member type="way" ref="1552282304" role="forward"/>
  <member type="way" ref="590911146" role="forward"/>
  <member type="way" ref="562102748" role="forward"/>
  <member type="way" ref="553069503" role="forward"/>
  <member type="way" ref="590911149" role="forward"/>
  <member type="way" ref="688629555" role="forward"/>
  <member type="way" ref="590911150" role="forward"/>
  <member type="way" ref="288599139" role="forward"/>
  <member type="way" ref="403898329" role="forward"/>
  <member type="way" ref="1524929416" role="forward"/>
  <member type="way" ref="1524929417" role="forward"/>
  <member type="way" ref="403898330" role="forward"/>
  <member type="way" ref="1524929419" role="forward"/>
  <member type="way" ref="800962924" role="forward"/>
  <member type="way" ref="688629553" role="forward"/>
  <member type="way" ref="800962925" role="forward"/>
  <member type="way" ref="688629550" role="forward"/>
  <member type="way" ref="688629548" role="forward"/>
  <member type="way" ref="688629547" role="forward"/>
  <member type="way" ref="288600149" role="forward"/>
  <member type="way" ref="1524929487" role="forward"/>
  <member type="way" ref="1524929486" role="forward"/>
  <member type="way" ref="230396587" role="forward"/>
  <member type="way" ref="230396599" role="forward"/>
  <member type="way" ref="403883651" role="forward"/>
  <member type="way" ref="403883648" role="forward"/>
  <member type="way" ref="553069506" role="forward"/>
  <member type="way" ref="553069507" role="forward"/>
  <member type="way" ref="553069512" role="forward"/>
  <member type="way" ref="553069513" role="forward"/>
  <member type="way" ref="553069532" role="forward"/>
  <member type="way" ref="553069531" role="forward"/>
  <member type="way" ref="1524929496" role="forward"/>
  <member type="way" ref="653913900" role="forward"/>
  <member type="way" ref="1446724910" role="forward"/>
  <member type="way" ref="653913901" role="forward"/>
  <member type="way" ref="1446724900" role="forward"/>
  <member type="way" ref="57722966" role="forward"/>
  <member type="way" ref="1446011251" role="forward"/>
  <member type="way" ref="1446011252" role="forward"/>
  <member type="way" ref="57714857" role="forward"/>
  <member type="way" ref="1441888293" role="forward"/>
  <member type="way" ref="1442402562" role="forward"/>
  <member type="way" ref="729232165" role="forward"/>
  <member type="way" ref="1441888292" role="forward"/>
  <member type="way" ref="1436117873" role="forward"/>
  <member type="way" ref="772908917" role="forward"/>
  <member type="way" ref="1442612201" role="forward"/>
  <member type="way" ref="678875201" role="forward"/>
  <member type="way" ref="1444438105" role="forward"/>
  <member type="way" ref="678875206" role="forward"/>
  <member type="way" ref="976961746" role="forward"/>
  <member type="way" ref="569646667" role="forward"/>
  <member type="way" ref="1441655795" role="forward"/>
  <member type="way" ref="1442612196" role="forward"/>
  <member type="way" ref="665293692" role="forward"/>
  <member type="way" ref="1442405333" role="forward"/>
  <member type="way" ref="665053567" role="forward"/>
  <member type="way" ref="321933679" role="forward"/>
  <member type="way" ref="321933672" role="forward"/>
  <member type="way" ref="1226934506" role="forward"/>
  <member type="way" ref="570484109" role="forward"/>
  <member type="way" ref="321933677" role="forward"/>
  <member type="way" ref="1434887132" role="forward"/>
  <member type="way" ref="321933668" role="forward"/>
  <member type="way" ref="1446819422" role="forward"/>
  <member type="way" ref="1442612194" role="forward"/>
  <member type="way" ref="1442612191" role="forward"/>
  <member type="way" ref="57714814" role="forward"/>
  <member type="way" ref="1436117872" role="forward"/>
  <member type="way" ref="1442405322" role="forward"/>
  <member type="way" ref="772908910" role="forward"/>
  <member type="way" ref="1446011253" role="forward"/>
  <member type="way" ref="230186959" role="forward"/>
  <member type="way" ref="1446011254" role="forward"/>
  <member type="way" ref="320476259" role="forward"/>
  <member type="way" ref="1442759689" role="forward"/>
  <member type="way" ref="1446007905" role="forward"/>
  <member type="way" ref="1356304242" role="forward"/>
  <member type="way" ref="1190126631" role="forward"/>
  <member type="way" ref="678875209" role="forward"/>
  <member type="way" ref="320476990" role="forward"/>
  <member type="way" ref="1442759693" role="forward"/>
  <member type="way" ref="1445790164" role="forward"/>
  <member type="way" ref="1445790163" role="forward"/>
  <member type="way" ref="1289635846" role="forward"/>
  <member type="way" ref="1289635845" role="forward"/>
  <member type="way" ref="665053566" role="forward"/>
  <member type="way" ref="1441888291" role="forward"/>
  <member type="way" ref="569998730" role="forward"/>
  <member type="way" ref="321933670" role="forward"/>
  <member type="way" ref="321933665" role="forward"/>
  <member type="way" ref="1226936373" role="forward"/>
  <member type="way" ref="321933664" role="forward"/>
  <member type="way" ref="1434887131" role="forward"/>
  <member type="way" ref="1442759695" role="forward"/>
  <member type="way" ref="1442759696" role="forward"/>
  <member type="way" ref="1442759696" role="forward"/>
  <member type="way" ref="665504628" role="forward"/>
  <member type="way" ref="665504626" role="forward"/>
  <member type="way" ref="665504624" role="forward"/>
  <member type="way" ref="321937099" role="forward"/>
  <member type="way" ref="321937088" role="forward"/>
  <member type="way" ref="569998722" role="forward"/>
  <member type="way" ref="1442336765" role="forward"/>
  <member type="way" ref="321937093" role="forward"/>
  <member type="way" ref="346043018" role="forward"/>
  <member type="way" ref="346043021" role="forward"/>
  <member type="way" ref="346043015" role="forward"/>
  <member type="way" ref="402933150" role="forward"/>
  <member type="way" ref="1443932334" role="forward"/>
  <member type="way" ref="1443932335" role="forward"/>
  <member type="way" ref="402933148" role="forward"/>
  <member type="way" ref="346043017" role="forward"/>
  <member type="way" ref="665504629" role="forward"/>
  <member type="way" ref="321937110" role="forward"/>
  <member type="way" ref="321937107" role="forward"/>
  <member type="way" ref="1442759704" role="forward"/>
  <member type="way" ref="1016179007" role="forward"/>
  <member type="way" ref="1442759704" role="forward"/>
  <member type="way" ref="569646679" role="forward"/>
  <member type="way" ref="346043014" role="forward"/>
  <member type="way" ref="346043019" role="forward"/>
  <member type="way" ref="346043020" role="forward"/>
  <member type="way" ref="346043016" role="forward"/>
  <member type="way" ref="402933151" role="forward"/>
  <member type="way" ref="402933149" role="forward"/>
  <member type="way" ref="1443932328" role="forward"/>
  <member type="way" ref="321936039" role="forward"/>
  <member type="way" ref="403919728" role="forward"/>
  <member type="way" ref="598789136" role="forward"/>
  <member type="way" ref="598789122" role="forward"/>
  <member type="way" ref="403919727" role="forward"/>
  <member type="way" ref="321936040" role="forward"/>
  <member type="way" ref="231174293" role="forward"/>
  <member type="way" ref="231174726" role="forward"/>
  <member type="way" ref="321934644" role="forward"/>
  <member type="way" ref="321934640" role="forward"/>
  <member type="way" ref="321934633" role="forward"/>
  <member type="way" ref="1031862939" role="forward"/>
  <member type="way" ref="402912012" role="forward"/>
  <member type="way" ref="1468872176" role="forward"/>
  <member type="way" ref="321934638" role="forward"/>
  <member type="way" ref="666040287" role="forward"/>
  <member type="way" ref="666040286" role="forward"/>
  <member type="way" ref="1327195228" role="forward"/>
  <member type="way" ref="621869254" role="forward"/>
  <member type="way" ref="621869255" role="forward"/>
  <member type="way" ref="553227616" role="forward"/>
  <member type="way" ref="553227617" role="forward"/>
  <member type="way" ref="621869240" role="forward"/>
  <member type="way" ref="621869241" role="forward"/>
  <member type="way" ref="800910369" role="forward"/>
  <member type="way" ref="800910368" role="forward"/>
  <member type="way" ref="621701956" role="forward"/>
  <member type="way" ref="1468872173" role="forward"/>
  <member type="way" ref="1468872174" role="forward"/>
  <member type="way" ref="621701955" role="forward"/>
  <member type="way" ref="1089076261" role="forward"/>
  <member type="way" ref="1089076260" role="forward"/>
  <member type="way" ref="621701953" role="forward"/>
  <member type="way" ref="621701954" role="forward"/>
  <member type="way" ref="800909957" role="forward"/>
  <member type="way" ref="800909956" role="forward"/>
  <member type="way" ref="621701944" role="forward"/>
  <member type="way" ref="621701943" role="forward"/>
  <member type="way" ref="621701939" role="forward"/>
  <member type="way" ref="621701940" role="forward"/>
  <member type="way" ref="621701932" role="forward"/>
  <member type="way" ref="621701933" role="forward"/>
  <member type="way" ref="621701924" role="forward"/>
  <member type="way" ref="621701923" role="forward"/>
  <member type="way" ref="399367969" role="forward"/>
  <member type="way" ref="399367980" role="forward"/>
  <member type="way" ref="621692424" role="forward"/>
  <member type="way" ref="621692425" role="forward"/>
  <member type="way" ref="574318809" role="forward"/>
  <member type="way" ref="1422847373" role="forward"/>
  <member type="way" ref="574318807" role="forward"/>
  <member type="way" ref="430291910" role="forward"/>
  <member type="way" ref="430291908" role="forward"/>
  <member type="way" ref="621692418" role="forward"/>
  <member type="way" ref="621692417" role="forward"/>
  <member type="way" ref="621692410" role="forward"/>
  <member type="way" ref="621692411" role="forward"/>
  <member type="way" ref="621692407" role="forward"/>
  <member type="way" ref="621692406" role="forward"/>
  <member type="way" ref="430292272" role="forward"/>
  <member type="way" ref="430292274" role="forward"/>
  <member type="way" ref="598789130" role="forward"/>
  <member type="way" ref="598789125" role="forward"/>
  <member type="way" ref="403919729" role="forward"/>
  <member type="way" ref="403919726" role="forward"/>
  <member type="way" ref="231174290" role="forward"/>
  <member type="way" ref="231174289" role="forward"/>
  <member type="way" ref="321934634" role="forward"/>
  <member type="way" ref="321934647" role="forward"/>
  <member type="way" ref="321934636" role="forward"/>
  <member type="way" ref="321934645" role="forward"/>
  <member type="way" ref="402912016" role="forward"/>
  <member type="way" ref="402912014" role="forward"/>
  <member type="way" ref="1468872175" role="forward"/>
  <member type="way" ref="666040284" role="forward"/>
  <member type="way" ref="666040285" role="forward"/>
  <member type="way" ref="1327195230" role="forward"/>
  <member type="way" ref="621869253" role="forward"/>
  <member type="way" ref="621869252" role="forward"/>
  <member type="way" ref="553227618" role="forward"/>
  <member type="way" ref="553227619" role="forward"/>
  <member type="way" ref="621869238" role="forward"/>
  <member type="way" ref="621869239" role="forward"/>
  <member type="way" ref="621701957" role="forward"/>
  <member type="way" ref="800910370" role="forward"/>
  <member type="way" ref="800910371" role="forward"/>
  <member type="way" ref="621701958" role="forward"/>
  <member type="way" ref="1468872171" role="forward"/>
  <member type="way" ref="1468872172" role="forward"/>
  <member type="way" ref="621701952" role="forward"/>
  <member type="way" ref="1089076263" role="forward"/>
  <member type="way" ref="1089076262" role="forward"/>
  <member type="way" ref="621701951" role="forward"/>
  <member type="way" ref="621701941" role="forward"/>
  <member type="way" ref="800909954" role="forward"/>
  <member type="way" ref="800909955" role="forward"/>
  <member type="way" ref="621701942" role="forward"/>
  <member type="way" ref="621701937" role="forward"/>
  <member type="way" ref="621701938" role="forward"/>
  <member type="way" ref="621701934" role="forward"/>
  <member type="way" ref="621701935" role="forward"/>
  <member type="way" ref="621701922" role="forward"/>
  <member type="way" ref="621701921" role="forward"/>
  <member type="way" ref="399367972" role="forward"/>
  <member type="way" ref="399367967" role="forward"/>
  <member type="way" ref="621692423" role="forward"/>
  <member type="way" ref="621692422" role="forward"/>
  <member type="way" ref="553227623" role="forward"/>
  <member type="way" ref="574671179" role="forward"/>
  <member type="way" ref="1422847374" role="forward"/>
  <member type="way" ref="280674679" role="forward"/>
  <member type="way" ref="430291906" role="backward"/>
  <member type="way" ref="621692419" role="backward"/>
  <member type="way" ref="621692420" role="backward"/>
  <member type="way" ref="621692414" role="backward"/>
  <member type="way" ref="621692413" role="backward"/>
  <member type="way" ref="621692409" role="backward"/>
  <member type="way" ref="621692408" role="backward"/>
  <member type="way" ref="430292271" role="backward"/>
  <member type="way" ref="430292273" role="forward"/>
  <member type="way" ref="430292686" role="forward"/>
  <member type="way" ref="453598990" role="forward"/>
  <member type="way" ref="453598993" role="forward"/>
  <member type="way" ref="1352184114" role="forward"/>
  <member type="way" ref="1352184113" role="forward"/>
  <member type="way" ref="430292690" role="forward"/>
  <member type="way" ref="430292689" role="forward"/>
  <member type="way" ref="1422847375" role="forward"/>
  <member type="way" ref="430292692" role="forward"/>
  <member type="way" ref="430292691" role="forward"/>
  <member type="way" ref="621692401" role="forward"/>
  <member type="way" ref="800911409" role="forward"/>
  <member type="way" ref="800911407" role="forward"/>
  <member type="way" ref="621692400" role="forward"/>
  <member type="way" ref="430292693" role="forward"/>
  <member type="way" ref="453598988" role="forward"/>
  <member type="way" ref="1352184111" role="forward"/>
  <member type="way" ref="1352184112" role="forward"/>
  <member type="way" ref="453598991" role="forward"/>
  <member type="way" ref="430292696" role="backward"/>
  <member type="way" ref="430292697" role="backward"/>
  <member type="way" ref="1422847376" role="backward"/>
  <member type="way" ref="430292695" role="backward"/>
  <member type="way" ref="621692398" role="backward"/>
  <member type="way" ref="621692399" role="backward"/>
  <member type="way" ref="800911408" role="backward"/>
  <member type="way" ref="800911406" role="backward"/>
  <member type="way" ref="430292688" role="backward"/>
  <member type="way" ref="621692394" role="forward"/>
  <member type="way" ref="1082943621" role=""/>
  <member type="way" ref="1468872181" role=""/>
  <member type="way" ref="1468872181" role=""/>
  <member type="way" ref="1190404638" role=""/>
  <member type="way" ref="1190404637" role=""/>
  <member type="way" ref="1222767307" role=""/>
  <member type="way" ref="1222767308" role=""/>
  <member type="way" ref="1190404636" role=""/>
  <member type="way" ref="1223489202" role=""/>
  <member type="way" ref="1223489201" role=""/>
  <member type="way" ref="1190404635" role=""/>
  <member type="way" ref="1223489205" role=""/>
  <member type="way" ref="1223489208" role=""/>
  <member type="way" ref="1190404634" role=""/>
  <member type="way" ref="1190404633" role=""/>
  <member type="way" ref="1190265998" role=""/>
  <member type="way" ref="1190265999" role=""/>
  <member type="way" ref="1223489216" role=""/>
  <member type="way" ref="1223489217" role=""/>
  <member type="way" ref="1225437644" role=""/>
  <member type="way" ref="1225437645" role=""/>
  <member type="way" ref="1190265996" role=""/>
  <member type="way" ref="1225437650" role=""/>
  <member type="way" ref="1225437649" role=""/>
  <member type="way" ref="1225437655" role=""/>
  <member type="way" ref="1225437653" role=""/>
  <member type="way" ref="1190265993" role=""/>
  <member type="way" ref="1190265997" role=""/>
  <member type="way" ref="1190265994" role=""/>
  <member type="way" ref="1190265992" role=""/>
  <member type="way" ref="1190265991" role=""/>
  <member type="way" ref="1190265988" role=""/>
  <member type="way" ref="1552282301" role=""/>
  <member type="way" ref="1552282300" role=""/>
  <member type="way" ref="1190265987" role=""/>
  <member type="way" ref="1446648326" role=""/>
  <member type="way" ref="1182294220" role=""/>
  <member type="way" ref="549931749" role=""/>
  <member type="way" ref="1190404640" role=""/>
  <member type="way" ref="1190404639" role=""/>
  <member type="way" ref="1190404644" role=""/>
  <member type="way" ref="1190404643" role=""/>
  <member type="way" ref="1190404642" role=""/>
  <member type="way" ref="1353172257" role=""/>
  <member type="way" ref="1353172258" role=""/>
  <member type="way" ref="1190404646" role=""/>
  <member type="way" ref="1190404647" role=""/>
  <member type="way" ref="1190404648" role=""/>
  <member type="way" ref="1190404641" role=""/>
  <member type="way" ref="1190404645" role=""/>
  <member type="way" ref="1190404649" role=""/>
  <member type="way" ref="1190404650" role=""/>
  <member type="way" ref="481480448" role="forward"/>
  <member type="way" ref="402746582" role="forward"/>
  <member type="way" ref="238683245" role="forward"/>
  <member type="way" ref="591360331" role="forward"/>
  <member type="way" ref="562102752" role="forward"/>
  <member type="way" ref="562102753" role="forward"/>
  <member type="way" ref="535468595" role=""/>
  <member type="way" ref="535468598" role=""/>
  <member type="way" ref="1222767305" role=""/>
  <member type="way" ref="1222767306" role=""/>
  <member type="way" ref="403134051" role=""/>
  <member type="way" ref="586079621" role=""/>
  <member type="way" ref="1223489200" role=""/>
  <member type="way" ref="586079620" role=""/>
  <member type="way" ref="574318737" role=""/>
  <member type="way" ref="1223489206" role=""/>
  <member type="way" ref="1223489207" role=""/>
  <member type="way" ref="586079637" role=""/>
  <member type="way" ref="404142107" role=""/>
  <member type="way" ref="586079624" role=""/>
  <member type="way" ref="586079623" role=""/>
  <member type="way" ref="586079638" role=""/>
  <member type="way" ref="404142108" role=""/>
  <member type="way" ref="586070701" role=""/>
  <member type="way" ref="591869010" role=""/>
  <member type="way" ref="1223489218" role=""/>
  <member type="way" ref="1223489219" role=""/>
  <member type="way" ref="591869012" role=""/>
  <member type="way" ref="765592705" role=""/>
  <member type="way" ref="765592704" role=""/>
  <member type="way" ref="130713831" role=""/>
  <member type="way" ref="1225437651" role=""/>
  <member type="way" ref="1225437652" role=""/>
  <member type="way" ref="586079639" role=""/>
  <member type="way" ref="1225437656" role=""/>
  <member type="way" ref="1225437654" role=""/>
  <member type="way" ref="539130540" role=""/>
  <member type="way" ref="586070708" role=""/>
  <member type="way" ref="1190265995" role=""/>
  <member type="way" ref="586070707" role=""/>
  <member type="way" ref="586070699" role=""/>
  <member type="way" ref="539130541" role=""/>
  <member type="way" ref="1552282303" role=""/>
  <member type="way" ref="1552282302" role=""/>
  <member type="way" ref="549928281" role=""/>
  <member type="way" ref="1190265986" role=""/>
  <member type="way" ref="549928282" role=""/>
  <member type="way" ref="481480448" role=""/>
  <member type="way" ref="402746582" role=""/>
  <member type="way" ref="238683245" role=""/>
  <tag k="name" v="국도 제1호선 (목포-장성)"/>
  <tag k="name:en" v="National Route 1 (South Korea) Mokpo-Jangseong"/>
  <tag k="network" v="KR:national"/>
  <tag k="ref" v="1"/>
  <tag k="ref:colour" v="#29246C"/>
  <tag k="ref:colour_tx" v="white"/>
  <tag k="route" v="road"/>
  <tag k="type" v="route"/>
 </relation>
 <relation id="8275567" visible="true" version="2" changeset="138640191" timestamp="2023-07-17T21:39:24Z" user="SZaheer" uid="13828174">
  <member type="way" ref="586045411" role="from"/>
  <tag k="restriction" v="no_u_turn"/>
  <tag k="type" v="restriction"/>
 </relation>
 <relation id="8275568" visible="true" version="2" changeset="138640191" timestamp="2023-07-17T21:39:24Z" user="SZaheer" uid="13828174">
  <member type="way" ref="586045411" role="from"/>
  <member type="way" ref="586045416" role="to"/>
  <tag k="restriction" v="no_u_turn"/>
  <tag k="type" v="restriction"/>
 </relation>
 <relation id="10985160" visible="true" version="18" changeset="180776335" timestamp="2026-04-02T16:16:26Z" user="ljc_jlyb" uid="14280033">
  <member type="relation" ref="19469182" role=""/>
  <member type="relation" ref="13184034" role=""/>
  <member type="relation" ref="13186159" role=""/>
  <member type="relation" ref="14615982" role=""/>
  <member type="relation" ref="13186200" role=""/>
  <member type="relation" ref="8372579" role=""/>
  <member type="relation" ref="9043750" role=""/>
  <member type="relation" ref="13186449" role=""/>
  <member type="relation" ref="8253845" role=""/>
  <member type="relation" ref="13186461" role=""/>
  <member type="relation" ref="10759594" role=""/>
  <member type="relation" ref="11018556" role=""/>
  <member type="relation" ref="13186479" role=""/>
  <member type="relation" ref="13186484" role=""/>
  <member type="relation" ref="10727745" role=""/>
  <member type="relation" ref="13186499" role=""/>
  <member type="relation" ref="6729351" role=""/>
  <member type="relation" ref="13186525" role=""/>
  <member type="relation" ref="10749593" role=""/>
  <member type="relation" ref="12002745" role=""/>
  <member type="relation" ref="10714314" role=""/>
  <member type="relation" ref="10977392" role=""/>
  <member type="relation" ref="13186604" role=""/>
  <member type="relation" ref="10717787" role=""/>
  <member type="relation" ref="10985159" role=""/>
  <member type="relation" ref="11033440" role=""/>
  <member type="relation" ref="11023449" role=""/>
  <member type="relation" ref="11974599" role=""/>
  <member type="relation" ref="7883995" role=""/>
  <member type="relation" ref="13184002" role=""/>
  <member type="relation" ref="10963535" role=""/>
  <member type="relation" ref="8847398" role=""/>
  <member type="relation" ref="19469224" role=""/>
  <member type="relation" ref="19469253" role=""/>
  <tag k="name" v="대한민국 국가지원지방도"/>
  <tag k="name:en" v="Local Roads (State funded) of South Korea"/>
  <tag k="name:ko" v="대한민국 국가지원지방도"/>
  <tag k="name:ko-Hani" v="大韓民國 國家支援地方道"/>
  <tag k="name:zh" v="大韓民國國家支援地方道"/>
  <tag k="name:zh-Hans" v="大韩民国国家支援地方道"/>
  <tag k="name:zh-Hant" v="大韓民國國家支援地方道"/>
  <tag k="type" v="network"/>
 </relation>
 <relation id="11018556" visible="true" version="90" changeset="187989182" timestamp="2026-08-25T13:25:23Z" user="aaei924" uid="10626814">
  <member type="way" ref="1445653832" role=""/>
  <member type="way" ref="794265043" role=""/>
  <member type="way" ref="56020712" role=""/>
  <member type="way" ref="56020718" role=""/>
  <member type="way" ref="595913819" role=""/>
  <member type="way" ref="595913818" role=""/>
  <member type="way" ref="554528255" role=""/>
  <member type="way" ref="37387960" role=""/>
  <member type="way" ref="659759855" role=""/>
  <member type="way" ref="659759854" role=""/>
  <member type="way" ref="355152698" role=""/>
  <member type="way" ref="770980421" role=""/>
  <member type="way" ref="803528907" role=""/>
  <member type="way" ref="355162698" role=""/>
  <member type="way" ref="794265040" role=""/>
  <member type="way" ref="659759849" role=""/>
  <member type="way" ref="659759848" role=""/>
  <member type="way" ref="794265042" role=""/>
  <member type="way" ref="1192133222" role=""/>
  <member type="way" ref="1192133221" role=""/>
  <member type="way" ref="1192133224" role=""/>
  <member type="way" ref="1192133223" role=""/>
  <member type="way" ref="1445653830" role=""/>
  <member type="way" ref="1445653829" role=""/>
  <member type="way" ref="1192133226" role=""/>
  <member type="way" ref="1192133225" role=""/>
  <member type="way" ref="1192133228" role=""/>
  <member type="way" ref="1192133227" role=""/>
  <member type="way" ref="1192133230" role=""/>
  <member type="way" ref="1192133229" role=""/>
  <member type="way" ref="1192133232" role=""/>
  <member type="way" ref="1192133233" role=""/>
  <member type="way" ref="1192133234" role=""/>
  <member type="way" ref="1192133231" role=""/>
  <member type="way" ref="1192133236" role=""/>
  <member type="way" ref="1192133235" role=""/>
  <member type="way" ref="469071653" role=""/>
  <member type="way" ref="986229839" role=""/>
  <member type="way" ref="986229838" role=""/>
  <member type="way" ref="1308346699" role=""/>
  <member type="way" ref="1308346700" role=""/>
  <member type="way" ref="469075323" role=""/>
  <member type="way" ref="660088603" role=""/>
  <member type="way" ref="469061068" role=""/>
  <member type="way" ref="1282143224" role=""/>
  <member type="way" ref="1282143223" role=""/>
  <member type="way" ref="657774382" role=""/>
  <member type="way" ref="1283429176" role=""/>
  <member type="way" ref="779280016" role=""/>
  <member type="way" ref="779280017" role=""/>
  <member type="way" ref="779280014" role=""/>
  <member type="way" ref="977473930" role=""/>
  <member type="way" ref="1446306859" role=""/>
  <member type="way" ref="657816269" role=""/>
  <member type="way" ref="907368207" role=""/>
  <member type="way" ref="1446306855" role=""/>
  <member type="way" ref="1446306856" role=""/>
  <member type="way" ref="1288551301" role=""/>
  <member type="way" ref="1288551301" role=""/>
  <member type="way" ref="1446306856" role=""/>
  <member type="way" ref="1446306860" role=""/>
  <member type="way" ref="1446306848" role=""/>
  <member type="way" ref="1446306862" role=""/>
  <member type="way" ref="1446306861" role=""/>
  <member type="way" ref="907368234" role=""/>
  <member type="way" ref="954897963" role=""/>
  <member type="way" ref="954897961" role=""/>
  <member type="way" ref="1396762631" role=""/>
  <member type="way" ref="1396762630" role=""/>
  <member type="way" ref="1445653831" role=""/>
  <member type="way" ref="794265044" role=""/>
  <member type="way" ref="1497545286" role=""/>
  <member type="way" ref="56020729" role=""/>
  <member type="way" ref="1144297585" role=""/>
  <member type="way" ref="954897966" role=""/>
  <member type="way" ref="954897962" role=""/>
  <member type="way" ref="977473933" role=""/>
  <member type="way" ref="588213748" role=""/>
  <member type="way" ref="588213745" role=""/>
  <member type="way" ref="588213744" role=""/>
  <member type="way" ref="779280018" role=""/>
  <member type="way" ref="1283429177" role=""/>
  <member type="way" ref="1350839183" role=""/>
  <member type="way" ref="1350839185" role=""/>
  <member type="way" ref="1350839184" role=""/>
  <member type="way" ref="1350839165" role=""/>
  <member type="way" ref="1350839164" role=""/>
  <member type="way" ref="1350839154" role=""/>
  <member type="way" ref="486343591" role=""/>
  <member type="way" ref="37406756" role=""/>
  <member type="way" ref="1084597759" role=""/>
  <member type="way" ref="1350839145" role=""/>
  <member type="way" ref="37414638" role=""/>
  <member type="way" ref="1350839153" role=""/>
  <member type="way" ref="1350839142" role=""/>
  <member type="way" ref="1350839152" role=""/>
  <member type="way" ref="1350839150" role=""/>
  <member type="way" ref="1350839131" role=""/>
  <member type="way" ref="1350839151" role=""/>
  <member type="way" ref="1350839149" role=""/>
  <member type="way" ref="1350839129" role=""/>
  <member type="way" ref="687893578" role=""/>
  <member type="way" ref="631219081" role=""/>
  <member type="way" ref="1350839130" role=""/>
  <member type="way" ref="631219082" role=""/>
  <member type="way" ref="1350839132" role=""/>
  <member type="way" ref="660731133" role=""/>
  <member type="way" ref="1350839136" role=""/>
  <member type="way" ref="1350839168" role=""/>
  <member type="way" ref="1336681377" role=""/>
  <member type="way" ref="1350839190" role=""/>
  <member type="way" ref="1350839169" role=""/>
  <member type="way" ref="37406758" role=""/>
  <member type="way" ref="1350600032" role=""/>
  <member type="way" ref="980975045" role=""/>
  <member type="way" ref="980975042" role=""/>
  <member type="way" ref="827045888" role=""/>
  <member type="way" ref="1350839204" role=""/>
  <member type="way" ref="1350839179" role=""/>
  <member type="way" ref="1350839209" role=""/>
  <member type="way" ref="1350839208" role=""/>
  <member type="way" ref="1350839176" role=""/>
  <member type="way" ref="1350839212" role=""/>
  <member type="way" ref="1350839174" role=""/>
  <member type="way" ref="1350839172" role=""/>
  <member type="way" ref="1350839216" role=""/>
  <member type="way" ref="1350839213" role=""/>
  <member type="way" ref="1350839175" role=""/>
  <member type="way" ref="1350839214" role=""/>
  <member type="way" ref="1350839173" role=""/>
  <member type="way" ref="980975041" role=""/>
  <member type="way" ref="827045883" role=""/>
  <member type="way" ref="932886007" role=""/>
  <member type="way" ref="827045885" role=""/>
  <member type="way" ref="932886008" role=""/>
  <member type="way" ref="827045887" role=""/>
  <member type="way" ref="1350839178" role=""/>
  <member type="way" ref="1350839202" role=""/>
  <member type="way" ref="1350839205" role=""/>
  <member type="way" ref="1350839177" role=""/>
  <member type="way" ref="1350839196" role=""/>
  <member type="way" ref="1350839171" role=""/>
  <member type="way" ref="1350839195" role=""/>
  <member type="way" ref="1350839170" role=""/>
  <member type="way" ref="1336681378" role=""/>
  <member type="way" ref="1350839186" role=""/>
  <member type="way" ref="1350839160" role=""/>
  <member type="way" ref="1350839182" role=""/>
  <member type="way" ref="1350839167" role=""/>
  <member type="way" ref="1350839163" role=""/>
  <member type="way" ref="37406752" role=""/>
  <member type="way" ref="1093128783" role=""/>
  <member type="way" ref="37414678" role=""/>
  <member type="way" ref="1093128784" role=""/>
  <member type="way" ref="37406757" role=""/>
  <member type="way" ref="37414504" role=""/>
  <member type="way" ref="717435718" role=""/>
  <member type="way" ref="980975044" role=""/>
  <member type="way" ref="954897965" role=""/>
  <member type="way" ref="954897970" role=""/>
  <member type="way" ref="954897971" role=""/>
  <member type="way" ref="589901425" role=""/>
  <member type="way" ref="37406565" role=""/>
  <member type="way" ref="954897987" role=""/>
  <member type="way" ref="954897986" role=""/>
  <member type="way" ref="884975531" role=""/>
  <member type="way" ref="954897993" role=""/>
  <member type="way" ref="954897992" role=""/>
  <member type="way" ref="954897995" role=""/>
  <member type="way" ref="954897994" role=""/>
  <member type="way" ref="37406564" role=""/>
  <member type="way" ref="1544553121" role=""/>
  <member type="way" ref="1544553120" role=""/>
  <member type="way" ref="55336068" role=""/>
  <member type="way" ref="1336992400" role=""/>
  <member type="way" ref="1336992399" role=""/>
  <member type="way" ref="954897998" role=""/>
  <member type="way" ref="954897997" role=""/>
  <member type="way" ref="1378019715" role=""/>
  <member type="way" ref="1378019711" role=""/>
  <member type="way" ref="51808252" role=""/>
  <member type="way" ref="51808254" role=""/>
  <member type="way" ref="37406753" role=""/>
  <member type="way" ref="977819667" role=""/>
  <member type="way" ref="659433743" role=""/>
  <member type="way" ref="1165345188" role=""/>
  <member type="way" ref="1165345189" role=""/>
  <member type="way" ref="1452832917" role=""/>
  <member type="way" ref="1452832918" role=""/>
  <member type="way" ref="37406691" role=""/>
  <member type="way" ref="1167684073" role=""/>
  <member type="way" ref="1167684070" role=""/>
  <member type="way" ref="1167684077" role=""/>
  <member type="way" ref="1167684075" role=""/>
  <member type="way" ref="1167684074" role=""/>
  <member type="way" ref="1167684076" role=""/>
  <member type="way" ref="1457914157" role=""/>
  <member type="way" ref="1457914151" role=""/>
  <member type="way" ref="1457914150" role=""/>
  <member type="way" ref="1457914156" role=""/>
  <member type="way" ref="37406712" role=""/>
  <member type="way" ref="56053144" role=""/>
  <member type="way" ref="487604413" role=""/>
  <member type="way" ref="487604414" role=""/>
  <member type="way" ref="37407707" role=""/>
  <member type="way" ref="37406598" role=""/>
  <member type="way" ref="1179634373" role=""/>
  <member type="way" ref="1179634374" role=""/>
  <member type="way" ref="977819666" role=""/>
  <member type="way" ref="977819661" role=""/>
  <member type="way" ref="783601533" role=""/>
  <member type="way" ref="783601531" role=""/>
  <member type="way" ref="54681921" role=""/>
  <member type="way" ref="144187131" role=""/>
  <member type="way" ref="71515665" role=""/>
  <member type="way" ref="71515661" role=""/>
  <member type="way" ref="71515681" role=""/>
  <member type="way" ref="37406608" role=""/>
  <member type="way" ref="44414115" role=""/>
  <member type="way" ref="589395995" role=""/>
  <member type="way" ref="589395996" role=""/>
  <member type="way" ref="589395997" role=""/>
  <member type="way" ref="589395998" role=""/>
  <member type="way" ref="71521807" role=""/>
  <member type="way" ref="1057227681" role=""/>
  <member type="way" ref="1057227680" role=""/>
  <member type="way" ref="1057223195" role=""/>
  <member type="way" ref="1057223194" role=""/>
  <member type="way" ref="71521806" role=""/>
  <member type="way" ref="144370863" role=""/>
  <member type="way" ref="241503505" role=""/>
  <member type="way" ref="1031859801" role=""/>
  <member type="way" ref="736312954" role=""/>
  <member type="way" ref="368628372" role=""/>
  <member type="way" ref="153353497" role=""/>
  <member type="way" ref="589395994" role=""/>
  <member type="way" ref="747954624" role=""/>
  <member type="way" ref="747954623" role=""/>
  <member type="way" ref="747954638" role=""/>
  <member type="way" ref="747954640" role=""/>
  <member type="way" ref="37406665" role=""/>
  <member type="way" ref="747954598" role=""/>
  <member type="way" ref="135142589" role=""/>
  <member type="way" ref="135142619" role=""/>
  <member type="way" ref="135142580" role=""/>
  <member type="way" ref="135142582" role=""/>
  <member type="way" ref="35273875" role=""/>
  <member type="way" ref="984257490" role=""/>
  <member type="way" ref="1433684710" role=""/>
  <member type="way" ref="1433684711" role=""/>
  <member type="way" ref="135142574" role=""/>
  <member type="way" ref="135142604" role=""/>
  <member type="way" ref="135345707" role=""/>
  <member type="way" ref="135345708" role=""/>
  <member type="way" ref="35273874" role=""/>
  <member type="way" ref="1354538401" role=""/>
  <member type="way" ref="977473928" role=""/>
  <member type="way" ref="907368232" role=""/>
  <member type="way" ref="1288551312" role=""/>
  <member type="way" ref="56019757" role=""/>
  <member type="way" ref="1234021991" role=""/>
  <member type="way" ref="1234021992" role=""/>
  <member type="way" ref="1288551315" role=""/>
  <member type="way" ref="1234022002" role=""/>
  <member type="way" ref="1234022003" role=""/>
  <member type="way" ref="1288551314" role=""/>
  <member type="way" ref="1234162085" role=""/>
  <member type="way" ref="1288551316" role=""/>
  <member type="way" ref="1234162086" role=""/>
  <member type="way" ref="1288551317" role=""/>
  <member type="way" ref="1234162089" role=""/>
  <member type="way" ref="1234162090" role=""/>
  <member type="way" ref="37406522" role=""/>
  <member type="way" ref="1288539084" role=""/>
  <member type="way" ref="1288539083" role=""/>
  <member type="way" ref="977472247" role=""/>
  <member type="way" ref="903981716" role=""/>
  <member type="way" ref="903981717" role=""/>
  <member type="way" ref="903981712" role=""/>
  <member type="way" ref="903981719" role=""/>
  <member type="way" ref="903981718" role=""/>
  <member type="way" ref="903981713" role=""/>
  <member type="way" ref="903981697" role=""/>
  <member type="way" ref="903981698" role=""/>
  <member type="way" ref="903981696" role=""/>
  <member type="way" ref="977361498" role=""/>
  <member type="way" ref="409153997" role=""/>
  <member type="way" ref="409154000" role=""/>
  <member type="way" ref="409154002" role=""/>
  <member type="way" ref="37393982" role=""/>
  <member type="way" ref="604651642" role=""/>
  <member type="way" ref="604651646" role=""/>
  <member type="way" ref="403127989" role=""/>
  <member type="way" ref="400120620" role=""/>
  <member type="way" ref="403127990" role=""/>
  <member type="way" ref="405940997" role=""/>
  <member type="way" ref="409153975" role=""/>
  <member type="way" ref="409153976" role=""/>
  <member type="way" ref="977361493" role=""/>
  <member type="way" ref="407994069" role=""/>
  <member type="way" ref="400120621" role=""/>
  <member type="way" ref="409153977" role=""/>
  <member type="way" ref="409153978" role=""/>
  <member type="way" ref="604651637" role=""/>
  <member type="way" ref="604651639" role=""/>
  <member type="way" ref="409153967" role=""/>
  <member type="way" ref="409153999" role=""/>
  <member type="way" ref="409153998" role=""/>
  <member type="way" ref="903981695" role=""/>
  <member type="way" ref="977361495" role=""/>
  <member type="way" ref="595395942" role=""/>
  <member type="way" ref="595395941" role=""/>
  <member type="way" ref="903981715" role=""/>
  <member type="way" ref="903981714" role=""/>
  <member type="way" ref="903981708" role=""/>
  <member type="way" ref="903981707" role=""/>
  <member type="way" ref="903981706" role=""/>
  <member type="way" ref="903981705" role=""/>
  <member type="way" ref="977472252" role=""/>
  <member type="way" ref="1288551311" role=""/>
  <member type="way" ref="907368233" role=""/>
  <member type="way" ref="907368221" role=""/>
  <member type="way" ref="907368222" role=""/>
  <member type="way" ref="907368220" role=""/>
  <member type="way" ref="1446306842" role=""/>
  <member type="way" ref="1345131765" role=""/>
  <member type="way" ref="1290677827" role=""/>
  <member type="way" ref="518910708" role=""/>
  <member type="way" ref="939134581" role=""/>
  <member type="way" ref="939134580" role=""/>
  <member type="way" ref="392816141" role=""/>
  <member type="way" ref="521274185" role=""/>
  <member type="way" ref="954897964" role=""/>
  <member type="way" ref="144189707" role=""/>
  <member type="way" ref="736312957" role=""/>
  <member type="way" ref="783601530" role=""/>
  <member type="way" ref="977819662" role=""/>
  <member type="way" ref="980966460" role=""/>
  <member type="way" ref="1361661525" role=""/>
  <member type="way" ref="420039468" role=""/>
  <member type="way" ref="420039467" role=""/>
  <member type="way" ref="571243606" role=""/>
  <member type="way" ref="571243605" role=""/>
  <member type="way" ref="37406663" role=""/>
  <member type="way" ref="1027219492" role=""/>
  <member type="way" ref="1027219491" role=""/>
  <member type="way" ref="1027219490" role=""/>
  <member type="way" ref="1027219489" role=""/>
  <member type="way" ref="1027217126" role=""/>
  <member type="way" ref="1027217125" role=""/>
  <member type="way" ref="784656049" role=""/>
  <member type="way" ref="784656052" role=""/>
  <member type="way" ref="784656053" role=""/>
  <member type="way" ref="784656051" role=""/>
  <member type="way" ref="299851482" role=""/>
  <member type="way" ref="1334991679" role=""/>
  <member type="way" ref="1334991678" role=""/>
  <member type="way" ref="1334991681" role=""/>
  <member type="way" ref="1334991680" role=""/>
  <member type="way" ref="1063606084" role=""/>
  <member type="way" ref="1063606083" role=""/>
  <member type="way" ref="669974412" role=""/>
  <member type="way" ref="669974414" role=""/>
  <member type="way" ref="669974413" role=""/>
  <member type="way" ref="669974403" role=""/>
  <member type="way" ref="37406734" role=""/>
  <member type="way" ref="532775721" role=""/>
  <member type="way" ref="595077108" role=""/>
  <member type="way" ref="562598170" role=""/>
  <member type="way" ref="562598171" role=""/>
  <member type="way" ref="532775701" role=""/>
  <member type="way" ref="1097179212" role=""/>
  <member type="way" ref="1097179211" role=""/>
  <member type="way" ref="532775723" role=""/>
  <member type="way" ref="823066037" role=""/>
  <member type="way" ref="823066035" role=""/>
  <member type="way" ref="823066033" role=""/>
  <member type="way" ref="823066036" role=""/>
  <member type="way" ref="1097169658" role=""/>
  <member type="way" ref="1097169659" role=""/>
  <member type="way" ref="64147147" role=""/>
  <member type="way" ref="1315222437" role=""/>
  <member type="way" ref="1315222436" role=""/>
  <member type="way" ref="37406745" role=""/>
  <member type="way" ref="532963335" role=""/>
  <member type="way" ref="532963336" role=""/>
  <member type="way" ref="199637235" role=""/>
  <member type="way" ref="199637236" role=""/>
  <member type="way" ref="843826440" role=""/>
  <member type="way" ref="843826441" role=""/>
  <member type="way" ref="977361491" role=""/>
  <member type="way" ref="707612719" role=""/>
  <member type="way" ref="707612720" role=""/>
  <member type="way" ref="707612704" role=""/>
  <member type="way" ref="693998557" role=""/>
  <member type="way" ref="144187135" role=""/>
  <member type="way" ref="44414113" role=""/>
  <member type="way" ref="767846252" role=""/>
  <member type="way" ref="44414114" role=""/>
  <member type="way" ref="767846253" role=""/>
  <member type="way" ref="1057223196" role=""/>
  <member type="way" ref="1057227679" role=""/>
  <member type="way" ref="1057227678" role=""/>
  <member type="way" ref="1057223197" role=""/>
  <member type="way" ref="767845061" role=""/>
  <member type="way" ref="71521813" role=""/>
  <member type="way" ref="71521808" role=""/>
  <member type="way" ref="890979395" role=""/>
  <member type="way" ref="980975034" role=""/>
  <member type="way" ref="981173333" role=""/>
  <member type="way" ref="658957130" role=""/>
  <member type="way" ref="1195835564" role=""/>
  <member type="way" ref="1195835563" role=""/>
  <member type="way" ref="608994844" role=""/>
  <member type="way" ref="608994843" role=""/>
  <member type="way" ref="181211118" role=""/>
  <member type="way" ref="530467121" role=""/>
  <member type="way" ref="530467122" role=""/>
  <member type="way" ref="707047475" role=""/>
  <member type="way" ref="707047474" role=""/>
  <member type="way" ref="654131223" role=""/>
  <member type="way" ref="654131222" role=""/>
  <member type="way" ref="656435491" role=""/>
  <member type="way" ref="656435490" role=""/>
  <member type="way" ref="1173926603" role=""/>
  <member type="way" ref="1173926604" role=""/>
  <member type="way" ref="1173926607" role=""/>
  <member type="way" ref="1173926608" role=""/>
  <member type="way" ref="37406527" role=""/>
  <member type="way" ref="1092115338" role=""/>
  <member type="way" ref="702523564" role=""/>
  <member type="way" ref="981173328" role=""/>
  <member type="way" ref="981173330" role=""/>
  <member type="way" ref="981173353" role=""/>
  <member type="way" ref="981173354" role=""/>
  <member type="way" ref="354208090" role=""/>
  <member type="way" ref="1445676985" role=""/>
  <member type="way" ref="1445676986" role=""/>
  <member type="way" ref="354208092" role=""/>
  <member type="way" ref="354208089" role=""/>
  <member type="way" ref="1144297584" role=""/>
  <member type="way" ref="980975035" role=""/>
  <member type="way" ref="981173332" role=""/>
  <member type="way" ref="409554795" role=""/>
  <member type="way" ref="409554798" role=""/>
  <member type="way" ref="409554799" role=""/>
  <member type="way" ref="409554804" role=""/>
  <member type="way" ref="409554797" role=""/>
  <member type="way" ref="409554794" role=""/>
  <member type="way" ref="592180922" role=""/>
  <member type="way" ref="592180923" role=""/>
  <member type="way" ref="409554807" role=""/>
  <member type="way" ref="1016583246" role=""/>
  <member type="way" ref="1326210340" role=""/>
  <member type="way" ref="1326210339" role=""/>
  <member type="way" ref="1359538903" role=""/>
  <member type="way" ref="1359538902" role=""/>
  <member type="way" ref="812404371" role=""/>
  <member type="way" ref="1016583242" role=""/>
  <member type="way" ref="117304768" role=""/>
  <member type="way" ref="1308076732" role=""/>
  <member type="way" ref="1308076731" role=""/>
  <member type="way" ref="1308076722" role=""/>
  <member type="way" ref="1308076721" role=""/>
  <member type="way" ref="160191583" role=""/>
  <member type="way" ref="160191594" role=""/>
  <member type="way" ref="160191589" role=""/>
  <member type="way" ref="160191596" role=""/>
  <member type="way" ref="160191584" role=""/>
  <member type="way" ref="160191597" role=""/>
  <member type="way" ref="1227378318" role=""/>
  <member type="way" ref="812404362" role=""/>
  <member type="way" ref="1016583243" role=""/>
  <member type="way" ref="1016583244" role=""/>
  <member type="way" ref="1016583247" role=""/>
  <member type="way" ref="1361349648" role=""/>
  <member type="way" ref="1093277763" role=""/>
  <member type="way" ref="1093277764" role=""/>
  <member type="way" ref="409554793" role=""/>
  <member type="way" ref="409554803" role=""/>
  <member type="way" ref="409554806" role=""/>
  <member type="way" ref="409554801" role=""/>
  <member type="way" ref="363095374" role=""/>
  <member type="way" ref="409554802" role=""/>
  <member type="way" ref="409554805" role=""/>
  <member type="way" ref="409554800" role=""/>
  <member type="way" ref="1079241282" role=""/>
  <member type="way" ref="1079241281" role=""/>
  <member type="way" ref="721500683" role=""/>
  <member type="way" ref="721500685" role=""/>
  <member type="way" ref="721500684" role=""/>
  <member type="way" ref="37404192" role=""/>
  <member type="way" ref="621351977" role=""/>
  <member type="way" ref="621351976" role=""/>
  <member type="way" ref="591871524" role=""/>
  <member type="way" ref="1422847374" role=""/>
  <member type="way" ref="574671179" role=""/>
  <member type="way" ref="553227623" role=""/>
  <member type="way" ref="621692422" role=""/>
  <member type="way" ref="621692423" role=""/>
  <member type="way" ref="399367967" role=""/>
  <member type="way" ref="399367972" role=""/>
  <member type="way" ref="621701921" role=""/>
  <member type="way" ref="621701922" role=""/>
  <member type="way" ref="621701935" role=""/>
  <member type="way" ref="621701934" role=""/>
  <member type="way" ref="621701938" role=""/>
  <member type="way" ref="621701937" role=""/>
  <member type="way" ref="621701942" role=""/>
  <member type="way" ref="800909955" role=""/>
  <member type="way" ref="800909954" role=""/>
  <member type="way" ref="621701941" role=""/>
  <member type="way" ref="621701951" role=""/>
  <member type="way" ref="1089076262" role=""/>
  <member type="way" ref="1089076263" role=""/>
  <member type="way" ref="621701952" role=""/>
  <member type="way" ref="1468872172" role=""/>
  <member type="way" ref="1468872171" role=""/>
  <member type="way" ref="621701958" role=""/>
  <member type="way" ref="800910371" role=""/>
  <member type="way" ref="800910370" role=""/>
  <member type="way" ref="621701957" role=""/>
  <member type="way" ref="621869239" role=""/>
  <member type="way" ref="621869238" role=""/>
  <member type="way" ref="553227619" role=""/>
  <member type="way" ref="553227618" role=""/>
  <member type="way" ref="621869252" role=""/>
  <member type="way" ref="621869253" role=""/>
  <member type="way" ref="1327195230" role=""/>
  <member type="way" ref="666040285" role=""/>
  <member type="way" ref="666040284" role=""/>
  <member type="way" ref="260886174" role=""/>
  <member type="way" ref="618792095" role=""/>
  <member type="way" ref="618792096" role=""/>
  <member type="way" ref="618792100" role=""/>
  <member type="way" ref="618792105" role=""/>
  <member type="way" ref="618792104" role=""/>
  <member type="way" ref="618792106" role=""/>
  <member type="way" ref="618792109" role=""/>
  <member type="way" ref="618792108" role=""/>
  <member type="way" ref="618792111" role=""/>
  <member type="way" ref="618792113" role=""/>
  <member type="way" ref="1468872177" role=""/>
  <member type="way" ref="625190566" role=""/>
  <member type="way" ref="625190565" role=""/>
  <member type="way" ref="1195551700" role=""/>
  <member type="way" ref="1195551701" role=""/>
  <member type="way" ref="625254809" role=""/>
  <member type="way" ref="1199665820" role=""/>
  <member type="way" ref="625254810" role=""/>
  <member type="way" ref="625259503" role=""/>
  <member type="way" ref="625259504" role=""/>
  <member type="way" ref="1444527359" role=""/>
  <member type="way" ref="625259510" role=""/>
  <member type="way" ref="1444527358" role=""/>
  <member type="way" ref="625259512" role=""/>
  <member type="way" ref="1373389337" role=""/>
  <member type="way" ref="1373389338" role=""/>
  <member type="way" ref="601133007" role=""/>
  <member type="way" ref="630918664" role=""/>
  <member type="way" ref="601132999" role=""/>
  <member type="way" ref="630918666" role=""/>
  <member type="way" ref="232502292" role=""/>
  <member type="way" ref="630918672" role=""/>
  <member type="way" ref="740165302" role=""/>
  <member type="way" ref="630918673" role=""/>
  <member type="way" ref="630918675" role=""/>
  <member type="way" ref="630918674" role=""/>
  <member type="way" ref="630918678" role=""/>
  <member type="way" ref="630918676" role=""/>
  <member type="way" ref="630918681" role=""/>
  <member type="way" ref="732356298" role=""/>
  <member type="way" ref="732356297" role=""/>
  <member type="way" ref="630918682" role=""/>
  <member type="way" ref="742214192" role=""/>
  <member type="way" ref="742214193" role=""/>
  <member type="way" ref="631219351" role=""/>
  <member type="way" ref="631219350" role=""/>
  <member type="way" ref="631219356" role=""/>
  <member type="way" ref="666383989" role=""/>
  <member type="way" ref="666383988" role=""/>
  <member type="way" ref="1490252952" role=""/>
  <member type="way" ref="631219357" role=""/>
  <member type="way" ref="631219369" role=""/>
  <member type="way" ref="631219370" role=""/>
  <member type="way" ref="1265684877" role=""/>
  <member type="way" ref="1265684876" role=""/>
  <member type="way" ref="800174854" role=""/>
  <member type="way" ref="800174853" role=""/>
  <member type="way" ref="631219372" role=""/>
  <member type="way" ref="1182294204" role=""/>
  <member type="way" ref="1490252954" role=""/>
  <member type="way" ref="1182294206" role=""/>
  <member type="way" ref="1182294205" role=""/>
  <member type="way" ref="1182294207" role=""/>
  <member type="way" ref="1182294209" role=""/>
  <member type="way" ref="1182294208" role=""/>
  <member type="way" ref="1182294211" role=""/>
  <member type="way" ref="1182294210" role=""/>
  <member type="way" ref="1182294213" role=""/>
  <member type="way" ref="1182294214" role=""/>
  <member type="way" ref="1182294216" role=""/>
  <member type="way" ref="1182294215" role=""/>
  <member type="way" ref="1182294219" role=""/>
  <member type="way" ref="1213999588" role=""/>
  <member type="way" ref="1213999589" role=""/>
  <member type="way" ref="1182294218" role=""/>
  <member type="way" ref="1195247297" role=""/>
  <member type="way" ref="1182294221" role=""/>
  <member type="way" ref="1468872179" role=""/>
  <member type="way" ref="1182294220" role=""/>
  <member type="way" ref="1446648326" role=""/>
  <member type="way" ref="1190265987" role=""/>
  <member type="way" ref="1552282300" role=""/>
  <member type="way" ref="1552282301" role=""/>
  <member type="way" ref="1190265988" role=""/>
  <member type="way" ref="1190265991" role=""/>
  <member type="way" ref="1190265992" role=""/>
  <member type="way" ref="1190265994" role=""/>
  <member type="way" ref="1190265997" role=""/>
  <member type="way" ref="1190265993" role=""/>
  <member type="way" ref="1225437653" role=""/>
  <member type="way" ref="1225437655" role=""/>
  <member type="way" ref="1225437649" role=""/>
  <member type="way" ref="1225437650" role=""/>
  <member type="way" ref="1190265996" role=""/>
  <member type="way" ref="1225437645" role=""/>
  <member type="way" ref="1225437644" role=""/>
  <member type="way" ref="1223489217" role=""/>
  <member type="way" ref="1223489216" role=""/>
  <member type="way" ref="1190265999" role=""/>
  <member type="way" ref="1190265998" role=""/>
  <member type="way" ref="1190404633" role=""/>
  <member type="way" ref="1190404634" role=""/>
  <member type="way" ref="1223489208" role=""/>
  <member type="way" ref="1223489205" role=""/>
  <member type="way" ref="1190404635" role=""/>
  <member type="way" ref="1223489201" role=""/>
  <member type="way" ref="1223489202" role=""/>
  <member type="way" ref="1190404636" role=""/>
  <member type="way" ref="1222767308" role=""/>
  <member type="way" ref="1222767307" role=""/>
  <member type="way" ref="1190404637" role=""/>
  <member type="way" ref="1190404638" role=""/>
  <member type="way" ref="470118096" role=""/>
  <member type="way" ref="256675769" role=""/>
  <member type="way" ref="591359419" role=""/>
  <member type="way" ref="591359414" role=""/>
  <member type="way" ref="591359413" role=""/>
  <member type="way" ref="1350637798" role=""/>
  <member type="way" ref="1350637799" role=""/>
  <member type="way" ref="470257292" role=""/>
  <member type="way" ref="470249084" role=""/>
  <member type="way" ref="546759571" role=""/>
  <member type="way" ref="561623084" role=""/>
  <member type="way" ref="561623083" role=""/>
  <member type="way" ref="369424986" role=""/>
  <member type="way" ref="1356883443" role=""/>
  <member type="way" ref="1356883444" role=""/>
  <member type="way" ref="1356883441" role=""/>
  <member type="way" ref="369424987" role=""/>
  <member type="way" ref="1356883436" role=""/>
  <member type="way" ref="1356883437" role=""/>
  <member type="way" ref="1356883438" role=""/>
  <member type="way" ref="1356883442" role=""/>
  <member type="way" ref="1144297586" role=""/>
  <member type="way" ref="1377803510" role=""/>
  <member type="way" ref="1378019712" role=""/>
  <member type="way" ref="1378019716" role=""/>
  <member type="way" ref="1446306841" role=""/>
  <member type="way" ref="1446306843" role=""/>
  <member type="way" ref="1446306853" role=""/>
  <member type="way" ref="907368208" role=""/>
  <member type="way" ref="1288551304" role=""/>
  <member type="way" ref="907368236" role=""/>
  <member type="way" ref="1354538408" role=""/>
  <member type="way" ref="1354538400" role=""/>
  <member type="way" ref="1354538405" role=""/>
  <member type="way" ref="767841122" role=""/>
  <member type="way" ref="1354538404" role=""/>
  <member type="way" ref="402968378" role=""/>
  <member type="way" ref="402968379" role=""/>
  <member type="way" ref="1135604205" role=""/>
  <member type="way" ref="1135604206" role=""/>
  <member type="way" ref="767839451" role=""/>
  <member type="way" ref="812393430" role=""/>
  <member type="way" ref="812393428" role=""/>
  <member type="way" ref="113926787" role=""/>
  <member type="way" ref="747954589" role=""/>
  <member type="way" ref="747954590" role=""/>
  <member type="way" ref="1468872137" role=""/>
  <member type="way" ref="1468872136" role=""/>
  <member type="way" ref="747954588" role=""/>
  <member type="way" ref="747954587" role=""/>
  <member type="way" ref="1334006233" role=""/>
  <member type="way" ref="1468872141" role=""/>
  <member type="way" ref="1468872142" role=""/>
  <member type="way" ref="1334006232" role=""/>
  <member type="way" ref="747954637" role=""/>
  <member type="way" ref="1468872144" role=""/>
  <member type="way" ref="1465243976" role=""/>
  <member type="way" ref="37406607" role=""/>
  <member type="way" ref="552173151" role=""/>
  <member type="way" ref="552173152" role=""/>
  <member type="way" ref="604719995" role=""/>
  <member type="way" ref="604719996" role=""/>
  <member type="way" ref="604719992" role=""/>
  <member type="way" ref="537394036" role=""/>
  <member type="way" ref="537394035" role=""/>
  <member type="way" ref="537394030" role=""/>
  <member type="way" ref="537394031" role=""/>
  <member type="way" ref="37406763" role=""/>
  <member type="way" ref="604719981" role=""/>
  <member type="way" ref="60956361" role=""/>
  <member type="way" ref="60957651" role=""/>
  <member type="way" ref="537394055" role=""/>
  <member type="way" ref="537394056" role=""/>
  <member type="way" ref="1377791165" role=""/>
  <member type="way" ref="552173157" role=""/>
  <member type="way" ref="552173158" role=""/>
  <member type="way" ref="1505406770" role=""/>
  <member type="way" ref="1505406771" role=""/>
  <member type="way" ref="60957370" role=""/>
  <member type="way" ref="957127401" role=""/>
  <member type="way" ref="957127402" role=""/>
  <member type="way" ref="957127417" role=""/>
  <member type="way" ref="1468872147" role=""/>
  <member type="way" ref="957127418" role=""/>
  <member type="way" ref="1468872162" role=""/>
  <member type="way" ref="1468872161" role=""/>
  <member type="way" ref="604719985" role=""/>
  <member type="way" ref="1465243980" role=""/>
  <member type="way" ref="113934116" role=""/>
  <member type="way" ref="113934100" role=""/>
  <member type="way" ref="806026477" role=""/>
  <member type="way" ref="806026476" role=""/>
  <member type="way" ref="806026479" role=""/>
  <member type="way" ref="1468872163" role=""/>
  <member type="way" ref="1468872164" role=""/>
  <member type="way" ref="1333471320" role=""/>
  <member type="way" ref="1360561774" role=""/>
  <member type="way" ref="1360561773" role=""/>
  <member type="way" ref="1333471323" role=""/>
  <member type="way" ref="1333593823" role=""/>
  <member type="way" ref="1333593826" role=""/>
  <member type="way" ref="1124888056" role=""/>
  <member type="way" ref="1124888055" role=""/>
  <member type="way" ref="957127359" role=""/>
  <member type="way" ref="1468872155" role=""/>
  <member type="way" ref="1468872158" role=""/>
  <member type="way" ref="1468872157" role=""/>
  <member type="way" ref="1468872194" role=""/>
  <member type="way" ref="1468872193" role=""/>
  <member type="way" ref="1468872160" role=""/>
  <member type="way" ref="537394025" role=""/>
  <member type="way" ref="1468872167" role=""/>
  <member type="way" ref="1468872166" role=""/>
  <member type="way" ref="60953770" role=""/>
  <member type="way" ref="111879265" role=""/>
  <member type="way" ref="1539415955" role=""/>
  <member type="way" ref="1539415956" role=""/>
  <member type="way" ref="111879262" role=""/>
  <member type="way" ref="111879270" role=""/>
  <member type="way" ref="111879257" role=""/>
  <member type="way" ref="60953787" role=""/>
  <member type="way" ref="60953753" role=""/>
  <member type="way" ref="553312556" role=""/>
  <member type="way" ref="553312555" role=""/>
  <member type="way" ref="67285993" role=""/>
  <member type="way" ref="1363322779" role=""/>
  <member type="way" ref="1426775928" role=""/>
  <member type="way" ref="1426775925" role=""/>
  <member type="way" ref="1426775924" role=""/>
  <member type="way" ref="1426775926" role=""/>
  <member type="way" ref="1426775927" role=""/>
  <member type="way" ref="1363322780" role=""/>
  <member type="way" ref="1190513575" role=""/>
  <member type="way" ref="1190513576" role=""/>
  <member type="way" ref="67286006" role=""/>
  <member type="way" ref="1035985925" role=""/>
  <member type="way" ref="1035985924" role=""/>
  <member type="way" ref="585723718" role=""/>
  <member type="way" ref="67286039" role=""/>
  <member type="way" ref="585726187" role=""/>
  <member type="way" ref="585726193" role=""/>
  <member type="way" ref="765024037" role=""/>
  <member type="way" ref="110861794" role=""/>
  <member type="way" ref="110861792" role=""/>
  <member type="way" ref="34699860" role=""/>
  <member type="way" ref="585726226" role=""/>
  <member type="way" ref="585726227" role=""/>
  <member type="way" ref="585726228" role=""/>
  <member type="way" ref="1359300803" role=""/>
  <member type="way" ref="1359300796" role=""/>
  <member type="way" ref="1359300805" role=""/>
  <member type="way" ref="1359300798" role=""/>
  <member type="way" ref="1359300795" role=""/>
  <member type="way" ref="1359300797" role=""/>
  <member type="way" ref="585726229" role=""/>
  <member type="way" ref="432394261" role=""/>
  <member type="way" ref="1198492554" role=""/>
  <member type="way" ref="1198492553" role=""/>
  <member type="way" ref="1198492551" role=""/>
  <member type="way" ref="1198492552" role=""/>
  <member type="way" ref="524415213" role=""/>
  <member type="way" ref="524415245" role=""/>
  <member type="way" ref="524415244" role=""/>
  <member type="way" ref="524415248" role=""/>
  <member type="way" ref="524415247" role=""/>
  <member type="way" ref="524415230" role=""/>
  <member type="way" ref="524415228" role=""/>
  <member type="way" ref="524415225" role=""/>
  <member type="way" ref="1224054858" role=""/>
  <member type="way" ref="524415223" role=""/>
  <member type="way" ref="1224054859" role=""/>
  <member type="way" ref="1198624975" role=""/>
  <member type="way" ref="1198624974" role=""/>
  <member type="way" ref="1198624972" role=""/>
  <member type="way" ref="1198624973" role=""/>
  <member type="way" ref="474591191" role=""/>
  <member type="way" ref="474591160" role=""/>
  <member type="way" ref="1358089457" role=""/>
  <member type="way" ref="1191247880" role=""/>
  <member type="way" ref="1191247877" role=""/>
  <member type="way" ref="1191247878" role=""/>
  <member type="way" ref="1198624989" role=""/>
  <member type="way" ref="57010386" role=""/>
  <member type="way" ref="57010368" role=""/>
  <member type="way" ref="57010389" role=""/>
  <member type="way" ref="1305352911" role=""/>
  <member type="way" ref="1198624991" role=""/>
  <member type="way" ref="1198624987" role=""/>
  <member type="way" ref="1198624988" role=""/>
  <member type="way" ref="402748510" role=""/>
  <member type="way" ref="325114104" role=""/>
  <member type="way" ref="402748509" role=""/>
  <member type="way" ref="1416978533" role=""/>
  <member type="way" ref="1416978532" role=""/>
  <member type="way" ref="553503587" role=""/>
  <member type="way" ref="402748511" role=""/>
  <member type="way" ref="402748512" role=""/>
  <member type="way" ref="1198624993" role=""/>
  <member type="way" ref="1198624994" role=""/>
  <member type="way" ref="325114105" role=""/>
  <member type="way" ref="1198624998" role=""/>
  <member type="way" ref="1198624997" role=""/>
  <member type="way" ref="1416978534" role=""/>
  <member type="way" ref="1416978535" role=""/>
  <member type="way" ref="1416978529" role=""/>
  <member type="way" ref="553503592" role=""/>
  <member type="way" ref="553503606" role=""/>
  <member type="way" ref="553503604" role=""/>
  <member type="way" ref="1416978540" role=""/>
  <member type="way" ref="1416978538" role=""/>
  <member type="way" ref="1416978539" role=""/>
  <member type="way" ref="1416978537" role=""/>
  <member type="way" ref="1416978536" role=""/>
  <member type="way" ref="1416978531" role=""/>
  <member type="way" ref="1416978530" role=""/>
  <member type="way" ref="553503590" role=""/>
  <member type="way" ref="553503609" role=""/>
  <member type="way" ref="1527561676" role=""/>
  <member type="way" ref="1198020425" role=""/>
  <member type="way" ref="1198020420" role=""/>
  <member type="way" ref="1198020421" role=""/>
  <member type="way" ref="553503611" role=""/>
  <member type="way" ref="553503623" role=""/>
  <member type="way" ref="871558930" role=""/>
  <member type="way" ref="1527561679" role=""/>
  <member type="way" ref="1527561680" role=""/>
  <member type="way" ref="1527561677" role=""/>
  <member type="way" ref="871558931" role=""/>
  <member type="way" ref="1527561681" role=""/>
  <member type="way" ref="160191595" role=""/>
  <member type="way" ref="1369603778" role=""/>
  <member type="way" ref="1369603779" role=""/>
  <member type="way" ref="1369603780" role=""/>
  <member type="way" ref="160191587" role=""/>
  <member type="way" ref="160191593" role=""/>
  <member type="way" ref="160191588" role=""/>
  <member type="way" ref="1227363702" role=""/>
  <member type="way" ref="553503637" role=""/>
  <member type="way" ref="1422847373" role=""/>
  <member type="way" ref="574318809" role=""/>
  <member type="way" ref="621692425" role=""/>
  <member type="way" ref="621692424" role=""/>
  <member type="way" ref="399367980" role=""/>
  <member type="way" ref="399367969" role=""/>
  <member type="way" ref="621701923" role=""/>
  <member type="way" ref="621701924" role=""/>
  <member type="way" ref="621701933" role=""/>
  <member type="way" ref="621701932" role=""/>
  <member type="way" ref="621701940" role=""/>
  <member type="way" ref="621701939" role=""/>
  <member type="way" ref="621701943" role=""/>
  <member type="way" ref="621701944" role=""/>
  <member type="way" ref="800909956" role=""/>
  <member type="way" ref="800909957" role=""/>
  <member type="way" ref="621701954" role=""/>
  <member type="way" ref="621701953" role=""/>
  <member type="way" ref="1089076260" role=""/>
  <member type="way" ref="1089076261" role=""/>
  <member type="way" ref="621701955" role=""/>
  <member type="way" ref="1468872174" role=""/>
  <member type="way" ref="1468872173" role=""/>
  <member type="way" ref="621701956" role=""/>
  <member type="way" ref="800910368" role=""/>
  <member type="way" ref="800910369" role=""/>
  <member type="way" ref="621869241" role=""/>
  <member type="way" ref="621869240" role=""/>
  <member type="way" ref="553227617" role=""/>
  <member type="way" ref="553227616" role=""/>
  <member type="way" ref="621869255" role=""/>
  <member type="way" ref="621869254" role=""/>
  <member type="way" ref="1327195228" role=""/>
  <member type="way" ref="666040286" role=""/>
  <member type="way" ref="666040287" role=""/>
  <member type="way" ref="321934638" role=""/>
  <member type="way" ref="260886176" role=""/>
  <member type="way" ref="618792094" role=""/>
  <member type="way" ref="369589727" role=""/>
  <member type="way" ref="563588322" role=""/>
  <member type="way" ref="425420126" role=""/>
  <member type="way" ref="563555648" role=""/>
  <member type="way" ref="563555647" role=""/>
  <member type="way" ref="618792115" role=""/>
  <member type="way" ref="618792114" role=""/>
  <member type="way" ref="1468872178" role=""/>
  <member type="way" ref="132513505" role=""/>
  <member type="way" ref="586009407" role=""/>
  <member type="way" ref="553062674" role=""/>
  <member type="way" ref="406824435" role=""/>
  <member type="way" ref="232502146" role=""/>
  <member type="way" ref="630918670" role=""/>
  <member type="way" ref="630918671" role=""/>
  <member type="way" ref="630918667" role=""/>
  <member type="way" ref="630918668" role=""/>
  <member type="way" ref="630918665" role=""/>
  <member type="way" ref="625259507" role=""/>
  <member type="way" ref="1373389340" role=""/>
  <member type="way" ref="1373389339" role=""/>
  <member type="way" ref="625259509" role=""/>
  <member type="way" ref="1444527361" role=""/>
  <member type="way" ref="404106271" role=""/>
  <member type="way" ref="1444527360" role=""/>
  <member type="way" ref="625259502" role=""/>
  <member type="way" ref="232502241" role=""/>
  <member type="way" ref="625254808" role=""/>
  <member type="way" ref="625254807" role=""/>
  <member type="way" ref="625254805" role=""/>
  <member type="way" ref="1195551698" role=""/>
  <member type="way" ref="1195551699" role=""/>
  <member type="way" ref="625190569" role=""/>
  <member type="way" ref="132513440" role=""/>
  <member type="way" ref="406824430" role=""/>
  <member type="way" ref="586009437" role=""/>
  <member type="way" ref="630918680" role=""/>
  <member type="way" ref="630918679" role=""/>
  <member type="way" ref="631219348" role=""/>
  <member type="way" ref="631219349" role=""/>
  <member type="way" ref="403161345" role=""/>
  <member type="way" ref="586009436" role=""/>
  <member type="way" ref="631219352" role=""/>
  <member type="way" ref="631219353" role=""/>
  <member type="way" ref="631219355" role=""/>
  <member type="way" ref="631219354" role=""/>
  <member type="way" ref="539157840" role=""/>
  <member type="way" ref="404119170" role=""/>
  <member type="way" ref="586009430" role=""/>
  <member type="way" ref="1490252953" role=""/>
  <member type="way" ref="631219367" role=""/>
  <member type="way" ref="631219368" role=""/>
  <member type="way" ref="800174855" role=""/>
  <member type="way" ref="1265684879" role=""/>
  <member type="way" ref="1265684878" role=""/>
  <member type="way" ref="800174856" role=""/>
  <member type="way" ref="631219371" role=""/>
  <member type="way" ref="586009429" role=""/>
  <member type="way" ref="406652999" role=""/>
  <member type="way" ref="1490252956" role=""/>
  <member type="way" ref="586009428" role=""/>
  <member type="way" ref="351667764" role=""/>
  <member type="way" ref="586009423" role=""/>
  <member type="way" ref="351667763" role=""/>
  <member type="way" ref="549238446" role=""/>
  <member type="way" ref="549238447" role=""/>
  <member type="way" ref="553062670" role=""/>
  <member type="way" ref="553062671" role=""/>
  <member type="way" ref="586009417" role=""/>
  <member type="way" ref="1182294212" role=""/>
  <member type="way" ref="586009411" role=""/>
  <member type="way" ref="1446648315" role=""/>
  <member type="way" ref="57722941" role=""/>
  <member type="way" ref="406641882" role=""/>
  <member type="way" ref="406641883" role=""/>
  <member type="way" ref="1182294217" role=""/>
  <member type="way" ref="37414623" role=""/>
  <member type="way" ref="586009400" role=""/>
  <member type="way" ref="1213999591" role=""/>
  <member type="way" ref="1213999590" role=""/>
  <member type="way" ref="320472399" role=""/>
  <member type="way" ref="1195247298" role=""/>
  <member type="way" ref="403898157" role=""/>
  <member type="way" ref="549928282" role=""/>
  <member type="way" ref="1190265986" role=""/>
  <member type="way" ref="549928281" role=""/>
  <member type="way" ref="1552282302" role=""/>
  <member type="way" ref="1552282303" role=""/>
  <member type="way" ref="539130541" role=""/>
  <member type="way" ref="586070699" role=""/>
  <member type="way" ref="586070707" role=""/>
  <member type="way" ref="1190265995" role=""/>
  <member type="way" ref="586070708" role=""/>
  <member type="way" ref="539130540" role=""/>
  <member type="way" ref="1225437654" role=""/>
  <member type="way" ref="1225437656" role=""/>
  <member type="way" ref="586079639" role=""/>
  <member type="way" ref="1225437652" role=""/>
  <member type="way" ref="1225437651" role=""/>
  <member type="way" ref="130713831" role=""/>
  <member type="way" ref="765592704" role=""/>
  <member type="way" ref="765592705" role=""/>
  <member type="way" ref="591869012" role=""/>
  <member type="way" ref="1223489219" role=""/>
  <member type="way" ref="1223489218" role=""/>
  <member type="way" ref="591869010" role=""/>
  <member type="way" ref="586070701" role=""/>
  <member type="way" ref="404142108" role=""/>
  <member type="way" ref="586079638" role=""/>
  <member type="way" ref="586079623" role=""/>
  <member type="way" ref="586079624" role=""/>
  <member type="way" ref="404142107" role=""/>
  <member type="way" ref="586079637" role=""/>
  <member type="way" ref="1223489207" role=""/>
  <member type="way" ref="1223489206" role=""/>
  <member type="way" ref="574318737" role=""/>
  <member type="way" ref="586079620" role=""/>
  <member type="way" ref="1223489200" role=""/>
  <member type="way" ref="586079621" role=""/>
  <member type="way" ref="403134051" role=""/>
  <member type="way" ref="1222767306" role=""/>
  <member type="way" ref="1222767305" role=""/>
  <member type="way" ref="535468598" role=""/>
  <member type="way" ref="535468595" role=""/>
  <member type="way" ref="470118094" role=""/>
  <member type="way" ref="561623076" role=""/>
  <member type="way" ref="561623075" role=""/>
  <member type="way" ref="561623073" role=""/>
  <member type="way" ref="561623074" role=""/>
  <member type="way" ref="546759576" role=""/>
  <member type="way" ref="546759580" role=""/>
  <member type="way" ref="591347893" role=""/>
  <member type="way" ref="591347892" role=""/>
  <member type="way" ref="729505241" role=""/>
  <member type="way" ref="1498155517" role=""/>
  <member type="way" ref="1149649307" role=""/>
  <member type="way" ref="1149649308" role=""/>
  <member type="way" ref="1365320333" role=""/>
  <member type="way" ref="1498155520" role=""/>
  <member type="way" ref="1498155519" role=""/>
  <member type="way" ref="1498155518" role=""/>
  <member type="way" ref="1498155516" role=""/>
  <member type="way" ref="1365320334" role=""/>
  <member type="way" ref="1365320335" role=""/>
  <member type="way" ref="551535662" role=""/>
  <member type="way" ref="546953130" role=""/>
  <member type="way" ref="891122418" role=""/>
  <member type="way" ref="891122419" role=""/>
  <member type="way" ref="546953129" role=""/>
  <member type="way" ref="1149649311" role=""/>
  <member type="way" ref="561623286" role=""/>
  <member type="way" ref="1010186003" role=""/>
  <member type="way" ref="1149649312" role=""/>
  <member type="way" ref="1148421398" role=""/>
  <member type="way" ref="1148421399" role=""/>
  <member type="way" ref="1149649318" role=""/>
  <member type="way" ref="1149649319" role=""/>
  <member type="way" ref="1010185999" role=""/>
  <member type="way" ref="1010186000" role=""/>
  <member type="way" ref="1499027289" role=""/>
  <member type="way" ref="1010186007" role=""/>
  <member type="way" ref="1497942677" role=""/>
  <member type="way" ref="1010186008" role=""/>
  <member type="way" ref="1330579866" role=""/>
  <member type="way" ref="1330579867" role=""/>
  <member type="way" ref="1497942676" role=""/>
  <member type="way" ref="1497942675" role=""/>
  <member type="way" ref="1497942673" role=""/>
  <member type="way" ref="1497942674" role=""/>
  <member type="way" ref="1497942672" role=""/>
  <member type="way" ref="1497942671" role=""/>
  <member type="way" ref="1499027288" role=""/>
  <member type="way" ref="1010186010" role=""/>
  <member type="way" ref="1010186011" role=""/>
  <member type="way" ref="1010186013" role=""/>
  <member type="way" ref="1010186014" role=""/>
  <member type="way" ref="774001041" role=""/>
  <member type="way" ref="1394853155" role=""/>
  <member type="way" ref="166681854" role=""/>
  <member type="way" ref="1468872186" role=""/>
  <member type="way" ref="1359431171" role=""/>
  <member type="way" ref="1435330050" role=""/>
  <member type="way" ref="481483502" role=""/>
  <member type="way" ref="166683040" role=""/>
  <member type="way" ref="405554468" role=""/>
  <member type="way" ref="405554470" role=""/>
  <member type="way" ref="402706646" role=""/>
  <member type="way" ref="481483499" role=""/>
  <member type="way" ref="481483500" role=""/>
  <member type="way" ref="402706654" role=""/>
  <member type="way" ref="166683041" role=""/>
  <member type="way" ref="481483493" role=""/>
  <member type="way" ref="481483494" role=""/>
  <member type="way" ref="47248481" role=""/>
  <member type="way" ref="402917560" role=""/>
  <member type="way" ref="481483492" role=""/>
  <member type="way" ref="1468872183" role=""/>
  <member type="way" ref="774001040" role=""/>
  <member type="way" ref="1468872184" role=""/>
  <member type="way" ref="481483496" role=""/>
  <member type="way" ref="402917558" role=""/>
  <member type="way" ref="166683042" role=""/>
  <member type="way" ref="481483497" role=""/>
  <member type="way" ref="481483498" role=""/>
  <member type="way" ref="402706660" role=""/>
  <member type="way" ref="402706650" role=""/>
  <member type="way" ref="405554471" role=""/>
  <member type="way" ref="405554469" role=""/>
  <member type="way" ref="166681839" role=""/>
  <member type="way" ref="166681838" role=""/>
  <member type="way" ref="1435330051" role=""/>
  <member type="way" ref="1359431169" role=""/>
  <member type="way" ref="1468872185" role=""/>
  <member type="way" ref="166681866" role=""/>
  <member type="way" ref="166681846" role=""/>
  <member type="way" ref="166668842" role=""/>
  <member type="way" ref="1359431167" role=""/>
  <member type="way" ref="1350875662" role=""/>
  <member type="way" ref="1350875661" role=""/>
  <member type="way" ref="199400877" role=""/>
  <member type="way" ref="478551995" role=""/>
  <member type="way" ref="53721710" role=""/>
  <member type="way" ref="478552952" role=""/>
  <member type="way" ref="478552951" role=""/>
  <member type="way" ref="478552953" role=""/>
  <member type="way" ref="478552956" role=""/>
  <member type="way" ref="478552955" role=""/>
  <member type="way" ref="478552954" role=""/>
  <member type="way" ref="478552958" role=""/>
  <member type="way" ref="478552957" role=""/>
  <member type="way" ref="561758550" role=""/>
  <member type="way" ref="686399915" role=""/>
  <member type="way" ref="686399916" role=""/>
  <member type="way" ref="561758554" role=""/>
  <member type="way" ref="686399911" role=""/>
  <member type="way" ref="1468872188" role=""/>
  <member type="way" ref="199401016" role=""/>
  <member type="way" ref="199401014" role=""/>
  <member type="way" ref="199401017" role=""/>
  <member type="way" ref="199401021" role=""/>
  <member type="way" ref="552873446" role=""/>
  <member type="way" ref="552873447" role=""/>
  <member type="way" ref="1359415759" role=""/>
  <member type="way" ref="684904857" role=""/>
  <member type="way" ref="684904856" role=""/>
  <member type="way" ref="684859322" role=""/>
  <member type="way" ref="684859323" role=""/>
  <member type="way" ref="684859321" role=""/>
  <member type="way" ref="684859320" role=""/>
  <member type="way" ref="561756242" role=""/>
  <member type="way" ref="561756225" role=""/>
  <member type="way" ref="546395153" role=""/>
  <member type="way" ref="480755378" role=""/>
  <member type="way" ref="684825281" role=""/>
  <member type="way" ref="684825280" role=""/>
  <member type="way" ref="480755379" role=""/>
  <member type="way" ref="305984028" role=""/>
  <member type="way" ref="237355051" role=""/>
  <member type="way" ref="237355055" role=""/>
  <member type="way" ref="237355054" role=""/>
  <member type="way" ref="684825263" role=""/>
  <member type="way" ref="684825262" role=""/>
  <member type="way" ref="1190477822" role=""/>
  <member type="way" ref="1190477824" role=""/>
  <member type="way" ref="1190477823" role=""/>
  <member type="way" ref="1190477825" role=""/>
  <member type="way" ref="1190477826" role=""/>
  <member type="way" ref="1190477828" role=""/>
  <member type="way" ref="1190477827" role=""/>
  <member type="way" ref="1190477829" role=""/>
  <member type="way" ref="1190477830" role=""/>
  <member type="way" ref="1190477832" role=""/>
  <member type="way" ref="1190477831" role=""/>
  <member type="way" ref="1190477834" role=""/>
  <member type="way" ref="1190477833" role=""/>
  <member type="way" ref="1190477835" role=""/>
  <member type="way" ref="1190477836" role=""/>
  <member type="way" ref="1190477837" role=""/>
  <member type="way" ref="1190477838" role=""/>
  <member type="way" ref="1190477839" role=""/>
  <member type="way" ref="1190477840" role=""/>
  <member type="way" ref="237476151" role=""/>
  <member type="way" ref="237476153" role=""/>
  <member type="way" ref="237476154" role=""/>
  <member type="way" ref="684825258" role=""/>
  <member type="way" ref="684825257" role=""/>
  <member type="way" ref="248443304" role=""/>
  <member type="way" ref="248443305" role=""/>
  <member type="way" ref="1346362712" role=""/>
  <member type="way" ref="1346362710" role=""/>
  <member type="way" ref="1190477848" role=""/>
  <member type="way" ref="1190477847" role=""/>
  <member type="way" ref="1190477845" role=""/>
  <member type="way" ref="1190477846" role=""/>
  <member type="way" ref="1190477844" role=""/>
  <member type="way" ref="1190477843" role=""/>
  <member type="way" ref="1190477842" role=""/>
  <member type="way" ref="53725057" role=""/>
  <member type="way" ref="1352289124" role=""/>
  <member type="way" ref="1468872192" role=""/>
  <member type="way" ref="1352289121" role=""/>
  <member type="way" ref="1352289120" role=""/>
  <member type="way" ref="1352289110" role=""/>
  <member type="way" ref="1352286646" role=""/>
  <member type="way" ref="1352286647" role=""/>
  <member type="way" ref="1468872191" role=""/>
  <member type="way" ref="561630322" role=""/>
  <member type="way" ref="653034606" role=""/>
  <member type="way" ref="1352286648" role=""/>
  <member type="way" ref="1546414818" role=""/>
  <tag k="name" v="대한민국 국가지원지방도 제49호선"/>
  <tag k="name:en" v="Local Road 49 (South Korea)"/>
  <tag k="name:ko" v="대한민국 국가지원지방도 제49호선"/>
  <tag k="network" v="KR:local"/>
  <tag k="ref" v="49"/>
  <tag k="ref:colour" v="#F5BF41"/>
  <tag k="ref:colour_tx" v="#29246C"/>
  <tag k="route" v="road"/>
  <tag k="type" v="route"/>
  <tag k="wikidata" v="Q12585623"/>
  <tag k="wikipedia" v="ko:국가지원지방도 제49호선"/>
 </relation>
 <relation id="19780244" visible="true" version="5" changeset="181662802" timestamp="2026-04-22T09:19:44Z" user="Flamen_Sru" uid="13841144">
  <member type="node" ref="13273395539" role="stop"/>
  <member type="node" ref="11369050672" role="platform"/>
  <member type="node" ref="13273395540" role="stop"/>
  <member type="node" ref="10666258603" role="platform"/>
  <member type="node" ref="10666258601" role="platform"/>
  <member type="node" ref="6147536988" role="stop"/>
  <member type="node" ref="11372918360" role="platform"/>
  <member type="node" ref="13273395543" role="stop"/>
  <member type="node" ref="13273395545" role="stop"/>
  <member type="node" ref="10666258590" role="platform"/>
  <member type="node" ref="9352295754" role="platform"/>
  <member type="node" ref="13273395547" role="stop"/>
  <member type="node" ref="5181473633" role="stop"/>
  <member type="node" ref="9352295750" role="platform"/>
  <member type="node" ref="9352295749" role="platform"/>
  <member type="node" ref="13273395554" role="stop"/>
  <member type="node" ref="9352295760" role="platform"/>
  <member type="node" ref="13273395558" role="stop"/>
  <member type="node" ref="13243377301" role="stop"/>
  <member type="node" ref="9352302533" role="platform"/>
  <member type="node" ref="13243377308" role="stop"/>
  <member type="node" ref="9352302837" role="platform"/>
  <member type="node" ref="13238542019" role="stop"/>
  <member type="node" ref="9352301933" role="platform"/>
  <member type="node" ref="13238542018" role="stop"/>
  <member type="node" ref="9352301039" role="platform"/>
  <member type="node" ref="13238542017" role="stop"/>
  <member type="node" ref="7250383771" role="platform"/>
  <member type="node" ref="9352301101" role="platform"/>
  <member type="node" ref="13238542014" role="stop"/>
  <member type="node" ref="9352301603" role="platform"/>
  <member type="node" ref="4923696420" role="stop"/>
  <member type="node" ref="9352302034" role="platform"/>
  <member type="node" ref="13269676023" role="stop"/>
  <member type="node" ref="6225668418" role="platform"/>
  <member type="node" ref="10833580248" role="stop"/>
  <member type="node" ref="6226855183" role="platform"/>
  <member type="node" ref="10833580244" role="stop"/>
  <member type="node" ref="6226660647" role="platform"/>
  <member type="node" ref="10839453871" role="stop"/>
  <member type="node" ref="6225668398" role="platform"/>
  <member type="node" ref="6225668396" role="platform"/>
  <member type="node" ref="9412230480" role="stop"/>
  <member type="node" ref="6225668394" role="platform"/>
  <member type="node" ref="9412230482" role="stop"/>
  <member type="node" ref="9412230485" role="stop"/>
  <member type="node" ref="6225668392" role="platform"/>
  <member type="node" ref="6225668390" role="platform"/>
  <member type="node" ref="10875159992" role="stop"/>
  <member type="node" ref="13208660712" role="stop"/>
  <member type="node" ref="6224731087" role="platform"/>
  <member type="node" ref="13234902868" role="stop"/>
  <member type="node" ref="2488055693" role="platform"/>
  <member type="node" ref="13234902867" role="stop"/>
  <member type="node" ref="4818130446" role="platform"/>
  <member type="node" ref="4650638812" role="platform"/>
  <member type="node" ref="13199998426" role="stop"/>
  <member type="node" ref="13199998430" role="stop"/>
  <member type="node" ref="4819537707" role="platform"/>
  <member type="node" ref="13752107668" role="stop"/>
  <member type="node" ref="5477950452" role="platform"/>
  <member type="node" ref="13273395559" role="stop"/>
  <member type="node" ref="9352302074" role="platform"/>
  <member type="node" ref="13255450151" role="stop"/>
  <member type="node" ref="9352301987" role="platform"/>
  <member type="node" ref="13236705784" role="stop"/>
  <member type="node" ref="9352302399" role="platform"/>
  <member type="node" ref="13249920882" role="stop"/>
  <member type="node" ref="4818188442" role="platform"/>
  <member type="node" ref="13261695032" role="stop"/>
  <member type="node" ref="4818188216" role="platform"/>
  <member type="node" ref="13199998440" role="stop"/>
  <member type="node" ref="6225668169" role="platform"/>
  <member type="node" ref="13199998441" role="stop"/>
  <member type="node" ref="9352301556" role="platform"/>
  <member type="node" ref="13199998442" role="stop"/>
  <member type="node" ref="6225668165" role="platform"/>
  <member type="node" ref="5236166394" role="stop"/>
  <member type="node" ref="9352302379" role="platform"/>
  <member type="node" ref="13199998443" role="stop"/>
  <member type="node" ref="9352302226" role="platform"/>
  <member type="node" ref="10989465300" role="stop"/>
  <member type="node" ref="9352301920" role="platform"/>
  <member type="node" ref="10989465298" role="stop"/>
  <member type="node" ref="9352301909" role="platform"/>
  <member type="node" ref="13199998444" role="stop"/>
  <member type="node" ref="9352302611" role="platform"/>
  <member type="node" ref="10989606892" role="stop"/>
  <member type="node" ref="9352295769" role="platform"/>
  <member type="way" ref="1313177211" role=""/>
  <member type="way" ref="256677047" role=""/>
  <member type="way" ref="1213999586" role=""/>
  <member type="way" ref="549672792" role=""/>
  <member type="way" ref="1446648320" role=""/>
  <member type="way" ref="890025297" role=""/>
  <member type="way" ref="890025296" role=""/>
  <member type="way" ref="1460806919" role=""/>
  <member type="way" ref="1460806917" role=""/>
  <member type="way" ref="1460806916" role=""/>
  <member type="way" ref="586045411" role=""/>
  <member type="way" ref="549928282" role=""/>
  <member type="way" ref="403898157" role=""/>
  <member type="way" ref="1195247298" role=""/>
  <member type="way" ref="320472399" role=""/>
  <member type="way" ref="1213999590" role=""/>
  <member type="way" ref="1213999591" role=""/>
  <member type="way" ref="586009400" role=""/>
  <member type="way" ref="37414623" role=""/>
  <member type="way" ref="1182294217" role=""/>
  <member type="way" ref="406641883" role=""/>
  <member type="way" ref="406641882" role=""/>
  <member type="way" ref="57722941" role=""/>
  <member type="way" ref="386599210" role=""/>
  <member type="way" ref="586009412" role=""/>
  <member type="way" ref="1443233747" role=""/>
  <member type="way" ref="899100976" role=""/>
  <member type="way" ref="1443233754" role=""/>
  <member type="way" ref="548033356" role=""/>
  <member type="way" ref="1446648314" role=""/>
  <member type="way" ref="37401490" role=""/>
  <member type="way" ref="1443873145" role=""/>
  <member type="way" ref="258854989" role=""/>
  <member type="way" ref="1442767123" role=""/>
  <member type="way" ref="1115660663" role=""/>
  <member type="way" ref="1115660662" role=""/>
  <member type="way" ref="1115660661" role=""/>
  <member type="way" ref="1115660660" role=""/>
  <member type="way" ref="1443233764" role=""/>
  <member type="way" ref="501610976" role=""/>
  <member type="way" ref="1442767120" role=""/>
  <member type="way" ref="772892900" role=""/>
  <member type="way" ref="772892901" role=""/>
  <member type="way" ref="501610977" role=""/>
  <member type="way" ref="230396779" role=""/>
  <member type="way" ref="1446466182" role=""/>
  <member type="way" ref="946752296" role=""/>
  <member type="way" ref="1446212477" role=""/>
  <member type="way" ref="715025543" role=""/>
  <member type="way" ref="1446528452" role=""/>
  <member type="way" ref="304632619" role=""/>
  <member type="way" ref="1445904023" role=""/>
  <member type="way" ref="1445904025" role=""/>
  <member type="way" ref="1445904024" role=""/>
  <member type="way" ref="715025182" role=""/>
  <member type="way" ref="1441550007" role=""/>
  <member type="way" ref="713966425" role=""/>
  <member type="way" ref="666119242" role=""/>
  <member type="way" ref="1441550004" role=""/>
  <member type="way" ref="1442290233" role=""/>
  <member type="way" ref="1442290232" role=""/>
  <member type="way" ref="493552490" role=""/>
  <member type="way" ref="666117186" role=""/>
  <member type="way" ref="288597870" role=""/>
  <member type="way" ref="255633347" role=""/>
  <member type="way" ref="1446466181" role=""/>
  <member type="way" ref="1442405334" role=""/>
  <member type="way" ref="1446819423" role=""/>
  <member type="way" ref="1442274243" role=""/>
  <member type="way" ref="665293692" role=""/>
  <member type="way" ref="1442405333" role=""/>
  <member type="way" ref="665053567" role=""/>
  <member type="way" ref="321933679" role=""/>
  <member type="way" ref="321933672" role=""/>
  <member type="way" ref="1226934506" role=""/>
  <member type="way" ref="570484109" role=""/>
  <member type="way" ref="321933680" role=""/>
  <member type="way" ref="480923617" role=""/>
  <member type="way" ref="1445901219" role=""/>
  <member type="way" ref="1442405332" role=""/>
  <member type="way" ref="662339611" role=""/>
  <member type="way" ref="662339607" role=""/>
  <member type="way" ref="470896006" role=""/>
  <member type="way" ref="569646672" role=""/>
  <member type="way" ref="281979133" role=""/>
  <member type="way" ref="1446917004" role=""/>
  <member type="way" ref="569998726" role=""/>
  <member type="way" ref="569998727" role=""/>
  <member type="way" ref="1446917005" role=""/>
  <member type="way" ref="569646670" role=""/>
  <member type="way" ref="1502430859" role=""/>
  <member type="way" ref="1502430858" role=""/>
  <member type="way" ref="1227182929" role=""/>
  <member type="way" ref="1444646390" role=""/>
  <member type="way" ref="1434887125" role=""/>
  <member type="way" ref="1434887128" role=""/>
  <member type="way" ref="1434887127" role=""/>
  <member type="way" ref="480923619" role=""/>
  <member type="way" ref="1442612222" role=""/>
  <member type="way" ref="1442759681" role=""/>
  <member type="way" ref="105243460" role=""/>
  <member type="way" ref="1442274252" role=""/>
  <member type="way" ref="1442405327" role=""/>
  <member type="way" ref="230404010" role=""/>
  <member type="way" ref="1033463789" role=""/>
  <member type="way" ref="480932982" role=""/>
  <member type="way" ref="1442290229" role=""/>
  <member type="way" ref="1442759677" role=""/>
  <member type="way" ref="1435556521" role=""/>
  <member type="way" ref="1442759676" role=""/>
  <member type="way" ref="485774894" role=""/>
  <member type="way" ref="1182400580" role=""/>
  <member type="way" ref="1182400579" role=""/>
  <member type="way" ref="1182400578" role=""/>
  <member type="way" ref="485774895" role=""/>
  <member type="way" ref="1182400577" role=""/>
  <member type="way" ref="485774897" role=""/>
  <member type="way" ref="1182400576" role=""/>
  <member type="way" ref="1182400575" role=""/>
  <member type="way" ref="1182400573" role=""/>
  <member type="way" ref="1182400567" role=""/>
  <member type="way" ref="485774896" role=""/>
  <member type="way" ref="1182400568" role=""/>
  <member type="way" ref="1182400565" role=""/>
  <member type="way" ref="1182400569" role=""/>
  <member type="way" ref="1182400557" role=""/>
  <member type="way" ref="1182400561" role=""/>
  <member type="way" ref="1182400555" role=""/>
  <member type="way" ref="1182400562" role=""/>
  <member type="way" ref="1442759672" role=""/>
  <member type="way" ref="1182400552" role=""/>
  <member type="way" ref="1442759671" role=""/>
  <tag k="colour" v="red"/>
  <tag k="from" v="한국에너지공과대학교"/>
  <tag k="headway" v="5-20"/>
  <tag k="name" v="좌석02"/>
  <tag k="network" v="광주광역시 시내버스"/>
  <tag k="operator" v="대창운수;을로운수;현대교통;세영운수;대원버스;동화운수;삼원운수;대진운수;라정버스;삼아교통"/>
  <tag k="public_transport:version" v="2"/>
  <tag k="ref" v="좌석02"/>
  <tag k="route" v="bus"/>
  <tag k="to" v="무등산국립공원(증심사)"/>
  <tag k="type" v="route"/>
 </relation>
 <relation id="19780269" visible="true" version="9" changeset="181662802" timestamp="2026-04-22T09:19:44Z" user="Flamen_Sru" uid="13841144">
  <member type="node" ref="13236777314" role="stop"/>
  <member type="node" ref="9352300470" role="platform"/>
  <member type="node" ref="13199970875" role="stop"/>
  <member type="node" ref="9352301925" role="platform"/>
  <member type="node" ref="13195700847" role="stop"/>
  <member type="node" ref="9352302468" role="platform"/>
  <member type="node" ref="10989465299" role="stop"/>
  <member type="node" ref="9352302834" role="platform"/>
  <member type="node" ref="13199970873" role="stop"/>
  <member type="node" ref="9352301458" role="platform"/>
  <member type="node" ref="13199974270" role="stop"/>
  <member type="node" ref="9352301277" role="platform"/>
  <member type="node" ref="6225668166" role="platform"/>
  <member type="node" ref="13199974269" role="stop"/>
  <member type="node" ref="6225668168" role="platform"/>
  <member type="node" ref="13199974268" role="stop"/>
  <member type="node" ref="13261695031" role="stop"/>
  <member type="node" ref="4818188215" role="platform"/>
  <member type="node" ref="13249920883" role="stop"/>
  <member type="node" ref="4818188441" role="platform"/>
  <member type="node" ref="13236705783" role="stop"/>
  <member type="node" ref="9352302868" role="platform"/>
  <member type="node" ref="13199998437" role="stop"/>
  <member type="node" ref="4818188180" role="platform"/>
  <member type="node" ref="13255450152" role="stop"/>
  <member type="node" ref="9352302104" role="platform"/>
  <member type="node" ref="13255455494" role="stop"/>
  <member type="node" ref="9352302638" role="platform"/>
  <member type="node" ref="13199974257" role="stop"/>
  <member type="node" ref="5477950451" role="platform"/>
  <member type="node" ref="4819537706" role="platform"/>
  <member type="node" ref="13199974255" role="stop"/>
  <member type="node" ref="13199974251" role="stop"/>
  <member type="node" ref="4650638811" role="platform"/>
  <member type="node" ref="4818130447" role="platform"/>
  <member type="node" ref="13234864093" role="stop"/>
  <member type="node" ref="6224731094" role="platform"/>
  <member type="node" ref="13234864094" role="stop"/>
  <member type="node" ref="13227033640" role="stop"/>
  <member type="node" ref="6224731086" role="platform"/>
  <member type="node" ref="6225668389" role="platform"/>
  <member type="node" ref="10875159993" role="stop"/>
  <member type="node" ref="9412230484" role="stop"/>
  <member type="node" ref="6225668391" role="platform"/>
  <member type="node" ref="6225668393" role="platform"/>
  <member type="node" ref="9412230483" role="stop"/>
  <member type="node" ref="6225668395" role="platform"/>
  <member type="node" ref="9412230481" role="stop"/>
  <member type="node" ref="10839453872" role="stop"/>
  <member type="node" ref="6225668397" role="platform"/>
  <member type="node" ref="6226660646" role="platform"/>
  <member type="node" ref="10833580243" role="stop"/>
  <member type="node" ref="10833589869" role="stop"/>
  <member type="node" ref="6226855986" role="platform"/>
  <member type="node" ref="13269676024" role="stop"/>
  <member type="node" ref="6225668417" role="platform"/>
  <member type="node" ref="9352302666" role="platform"/>
  <member type="node" ref="13269676019" role="stop"/>
  <member type="node" ref="9352302755" role="platform"/>
  <member type="node" ref="13238487701" role="stop"/>
  <member type="node" ref="13238483399" role="stop"/>
  <member type="node" ref="9352295748" role="platform"/>
  <member type="node" ref="13238483397" role="stop"/>
  <member type="node" ref="7250383772" role="platform"/>
  <member type="node" ref="13238487705" role="stop"/>
  <member type="node" ref="9352301432" role="platform"/>
  <member type="node" ref="13238487704" role="stop"/>
  <member type="node" ref="9352302337" role="platform"/>
  <member type="node" ref="9352302722" role="platform"/>
  <member type="node" ref="13243377308" role="stop"/>
  <member type="node" ref="13243377302" role="stop"/>
  <member type="node" ref="9352295747" role="platform"/>
  <member type="node" ref="13273395557" role="stop"/>
  <member type="node" ref="9352295761" role="platform"/>
  <member type="node" ref="9352295757" role="platform"/>
  <member type="node" ref="13273395556" role="stop"/>
  <member type="node" ref="9355272348" role="platform"/>
  <member type="node" ref="8438286329" role="stop"/>
  <member type="node" ref="5181474012" role="stop"/>
  <member type="node" ref="9352295755" role="platform"/>
  <member type="node" ref="13273395546" role="stop"/>
  <member type="node" ref="9352295753" role="platform"/>
  <member type="node" ref="13273395544" role="stop"/>
  <member type="node" ref="11372918361" role="platform"/>
  <member type="node" ref="13273395542" role="stop"/>
  <member type="node" ref="10666258602" role="platform"/>
  <member type="node" ref="13273395541" role="stop"/>
  <member type="node" ref="10666258604" role="platform"/>
  <member type="node" ref="13273395539" role="stop"/>
  <member type="node" ref="11369050672" role="platform"/>
  <member type="way" ref="1442612162" role=""/>
  <member type="way" ref="607072171" role=""/>
  <member type="way" ref="1442616081" role=""/>
  <member type="way" ref="1182400555" role=""/>
  <member type="way" ref="607072172" role=""/>
  <member type="way" ref="1442616080" role=""/>
  <member type="way" ref="1182400569" role=""/>
  <member type="way" ref="1182400565" role=""/>
  <member type="way" ref="1182400570" role=""/>
  <member type="way" ref="485774896" role=""/>
  <member type="way" ref="1182400567" role=""/>
  <member type="way" ref="1182400574" role=""/>
  <member type="way" ref="1182400575" role=""/>
  <member type="way" ref="1182400576" role=""/>
  <member type="way" ref="485774897" role=""/>
  <member type="way" ref="1182400577" role=""/>
  <member type="way" ref="485774895" role=""/>
  <member type="way" ref="1182400578" role=""/>
  <member type="way" ref="1182400579" role=""/>
  <member type="way" ref="1182400580" role=""/>
  <member type="way" ref="485774894" role=""/>
  <member type="way" ref="1442612227" role=""/>
  <member type="way" ref="481084859" role=""/>
  <member type="way" ref="1467224066" role=""/>
  <member type="way" ref="1467224065" role=""/>
  <member type="way" ref="1442612229" role=""/>
  <member type="way" ref="230404209" role=""/>
  <member type="way" ref="1442274241" role=""/>
  <member type="way" ref="1485914575" role=""/>
  <member type="way" ref="1485914572" role=""/>
  <member type="way" ref="1485914574" role=""/>
  <member type="way" ref="1442274252" role=""/>
  <member type="way" ref="105243460" role=""/>
  <member type="way" ref="1442759681" role=""/>
  <member type="way" ref="1442612222" role=""/>
  <member type="way" ref="480923619" role=""/>
  <member type="way" ref="1434887127" role=""/>
  <member type="way" ref="1434887128" role=""/>
  <member type="way" ref="1434887125" role=""/>
  <member type="way" ref="1444646390" role=""/>
  <member type="way" ref="1227182929" role=""/>
  <member type="way" ref="1502430858" role=""/>
  <member type="way" ref="1502430860" role=""/>
  <member type="way" ref="569646670" role=""/>
  <member type="way" ref="1446917005" role=""/>
  <member type="way" ref="488454447" role=""/>
  <member type="way" ref="1446917004" role=""/>
  <member type="way" ref="281979133" role=""/>
  <member type="way" ref="569646672" role=""/>
  <member type="way" ref="569998725" role=""/>
  <member type="way" ref="1435660997" role=""/>
  <member type="way" ref="1446821328" role=""/>
  <member type="way" ref="569998724" role=""/>
  <member type="way" ref="662339616" role=""/>
  <member type="way" ref="1442402571" role=""/>
  <member type="way" ref="1445901221" role=""/>
  <member type="way" ref="480923618" role=""/>
  <member type="way" ref="324899800" role=""/>
  <member type="way" ref="553060545" role=""/>
  <member type="way" ref="553060544" role=""/>
  <member type="way" ref="1226936373" role=""/>
  <member type="way" ref="321933665" role=""/>
  <member type="way" ref="321933670" role=""/>
  <member type="way" ref="569998730" role=""/>
  <member type="way" ref="1441888291" role=""/>
  <member type="way" ref="231160215" role=""/>
  <member type="way" ref="1442402573" role=""/>
  <member type="way" ref="1446819424" role=""/>
  <member type="way" ref="832144914" role=""/>
  <member type="way" ref="665298900" role=""/>
  <member type="way" ref="1446466175" role=""/>
  <member type="way" ref="1442336767" role=""/>
  <member type="way" ref="1441550001" role=""/>
  <member type="way" ref="255634245" role=""/>
  <member type="way" ref="228633105" role=""/>
  <member type="way" ref="832144915" role=""/>
  <member type="way" ref="106350033" role=""/>
  <member type="way" ref="665298902" role=""/>
  <member type="way" ref="976961753" role=""/>
  <member type="way" ref="1441550004" role=""/>
  <member type="way" ref="1442283636" role=""/>
  <member type="way" ref="665298904" role=""/>
  <member type="way" ref="1437122274" role=""/>
  <member type="way" ref="1446528446" role=""/>
  <member type="way" ref="666119247" role=""/>
  <member type="way" ref="1437122273" role=""/>
  <member type="way" ref="1445790169" role=""/>
  <member type="way" ref="1445790172" role=""/>
  <member type="way" ref="713966424" role=""/>
  <member type="way" ref="1445904023" role=""/>
  <member type="way" ref="304632619" role=""/>
  <member type="way" ref="1446528452" role=""/>
  <member type="way" ref="715025543" role=""/>
  <member type="way" ref="665298910" role=""/>
  <member type="way" ref="1446466173" role=""/>
  <member type="way" ref="946752297" role=""/>
  <member type="way" ref="68675126" role=""/>
  <member type="way" ref="1442330736" role=""/>
  <member type="way" ref="1443873146" role=""/>
  <member type="way" ref="1442759657" role=""/>
  <member type="way" ref="515389528" role=""/>
  <member type="way" ref="825149418" role=""/>
  <member type="way" ref="1443233764" role=""/>
  <member type="way" ref="1115660660" role=""/>
  <member type="way" ref="1115660661" role=""/>
  <member type="way" ref="1115660662" role=""/>
  <member type="way" ref="1115660663" role=""/>
  <member type="way" ref="1442767123" role=""/>
  <member type="way" ref="258854989" role=""/>
  <member type="way" ref="1443873145" role=""/>
  <member type="way" ref="37401490" role=""/>
  <member type="way" ref="1446648314" role=""/>
  <member type="way" ref="37401495" role=""/>
  <member type="way" ref="1443024580" role=""/>
  <member type="way" ref="1443233754" role=""/>
  <member type="way" ref="899100976" role=""/>
  <member type="way" ref="1443233747" role=""/>
  <member type="way" ref="586009412" role=""/>
  <member type="way" ref="1443233742" role=""/>
  <member type="way" ref="586009415" role=""/>
  <member type="way" ref="586009414" role=""/>
  <member type="way" ref="57722970" role=""/>
  <member type="way" ref="1182294213" role=""/>
  <member type="way" ref="1182294214" role=""/>
  <member type="way" ref="1182294216" role=""/>
  <member type="way" ref="1182294215" role=""/>
  <member type="way" ref="1182294219" role=""/>
  <member type="way" ref="1213999588" role=""/>
  <member type="way" ref="1213999589" role=""/>
  <member type="way" ref="1182294218" role=""/>
  <member type="way" ref="1195247297" role=""/>
  <member type="way" ref="1182294221" role=""/>
  <member type="way" ref="1468872179" role=""/>
  <member type="way" ref="1182294220" role=""/>
  <member type="way" ref="1446648325" role=""/>
  <member type="way" ref="1446648323" role=""/>
  <member type="way" ref="1460806920" role=""/>
  <member type="way" ref="1446648317" role=""/>
  <member type="way" ref="539433845" role=""/>
  <member type="way" ref="534225869" role=""/>
  <member type="way" ref="1446648322" role=""/>
  <member type="way" ref="1460806918" role=""/>
  <member type="way" ref="890025296" role=""/>
  <member type="way" ref="890025297" role=""/>
  <member type="way" ref="1446648320" role=""/>
  <member type="way" ref="549672792" role=""/>
  <member type="way" ref="1213999586" role=""/>
  <member type="way" ref="256677047" role=""/>
  <member type="way" ref="1313177211" role=""/>
  <tag k="colour" v="red"/>
  <tag k="from" v="무등산국립공원(증심사)"/>
  <tag k="headway" v="5-20"/>
  <tag k="name" v="좌석02"/>
  <tag k="network" v="광주광역시 시내버스"/>
  <tag k="operator" v="대창운수;을로운수;현대교통;세영운수;대원버스;동화운수;삼원운수;대진운수;라정버스;삼아교통"/>
  <tag k="public_transport:version" v="2"/>
  <tag k="ref" v="좌석02"/>
  <tag k="route" v="bus"/>
  <tag k="to" v="한국에너지공과대학교"/>
  <tag k="type" v="route"/>
 </relation>
 <relation id="19780270" visible="true" version="2" changeset="176319095" timestamp="2025-12-23T17:30:15Z" user="aaei924" uid="10626814">
  <member type="relation" ref="19780269" role=""/>
  <member type="relation" ref="19780244" role=""/>
  <tag k="colour" v="red"/>
  <tag k="headway" v="5-20"/>
  <tag k="name" v="좌석02"/>
  <tag k="network" v="광주광역시 시내버스"/>
  <tag k="operator" v="대창운수;을로운수;현대교통;세영운수;대원버스;동화운수;삼원운수;대진운수;라정버스;삼아교통"/>
  <tag k="ref" v="좌석02"/>
  <tag k="route_master" v="bus"/>
  <tag k="type" v="route_master"/>
 </relation>
</osm>
