<?xml version="1.0" encoding="UTF-8"?>
<osm version="0.6" generator="openstreetmap-cgimap 2.1.0 (3498750 spike-06.openstreetmap.org)" copyright="OpenStreetMap and contributors" attribution="http://www.openstreetmap.org/copyright" license="http://opendatacommons.org/licenses/odbl/1-0/">
 <bounds minlat="35.0200000" minlon="126.7890000" maxlat="35.0300000" maxlon="126.8000000"/>
 <node id="1438911865" visible="true" version="4" changeset="176319095" timestamp="2025-12-23T17:30:15Z" user="aaei924" uid="10626814" lat="35.0218305" lon="126.7763853"/>
 <node id="1438911981" visible="true" version="3" changeset="131233215" timestamp="2023-01-13T14:53:00Z" user="FUKUTAN" uid="5207199" lat="35.0271776" lon="126.7995157"/>
 <node id="1438911983" visible="true" version="2" changeset="54975531" timestamp="2017-12-28T07:35:50Z" user="FUKUTAN" uid="5207199" lat="35.0272778" lon="126.8000110"/>
 <node id="1438911984" visible="true" version="2" changeset="55037307" timestamp="2017-12-30T15:32:37Z" user="FUKUTAN" uid="5207199" lat="35.0273896" lon="126.8005093"/>
 <node id="1438911986" visible="true" version="2" changeset="55037307" timestamp="2017-12-30T15:32:37Z" user="FUKUTAN" uid="5207199" lat="35.0274511" lon="126.8009244"/>
 <node id="1438911988" visible="true" version="2" changeset="53148353" timestamp="2017-10-22T10:44:04Z" user="FUKUTAN" uid="5207199" lat="35.0275411" lon="126.8015563"/>
 <node id="1438911989" visible="true" version="2" changeset="53148353" timestamp="2017-10-22T10:44:04Z" user="FUKUTAN" uid="5207199" lat="35.0276127" lon="126.8018266"/>
 <node id="1438911991" visible="true" version="2" changeset="53148353" timestamp="2017-10-22T10:44:04Z" user="FUKUTAN" uid="5207199" lat="35.0276552" lon="126.8020501"/>
 <node id="1438911994" visible="true" version="4" changeset="53825080" timestamp="2017-11-16T00:53:40Z" user="FUKUTAN" uid="5207199" lat="35.0279749" lon="126.8042832"/>
 <node id="2623130327" visible="true" version="6" changeset="176319095" timestamp="2025-12-23T17:30:15Z" user="aaei924" uid="10626814" lat="35.0213399" lon="126.7787471">
  <tag k="highway" v="traffic_signals"/>
  <tag k="traffic_signals" v="signal"/>
 </node>
 <node id="2623136095" visible="true" version="4" changeset="124040733" timestamp="2022-07-25T08:53:04Z" user="FUKUTAN" uid="5207199" lat="35.0296989" lon="126.7817030"/>
 <node id="2623136096" visible="true" version="2" changeset="124040733" timestamp="2022-07-25T08:53:04Z" user="FUKUTAN" uid="5207199" lat="35.0304313" lon="126.7832003"/>
 <node id="2623136098" visible="true" version="5" changeset="144333236" timestamp="2023-11-22T16:36:43Z" user="asdfqwer51" uid="3350410" lat="35.0304900" lon="126.7865629"/>
 <node id="2623136111" visible="true" version="4" changeset="144333236" timestamp="2023-11-22T16:36:43Z" user="asdfqwer51" uid="3350410" lat="35.0303494" lon="126.7868046"/>
 <node id="2623136114" visible="true" version="2" changeset="144333236" timestamp="2023-11-22T16:36:43Z" user="asdfqwer51" uid="3350410" lat="35.0307519" lon="126.7854425"/>
 <node id="2623136117" visible="true" version="2" changeset="144333236" timestamp="2023-11-22T16:36:43Z" user="asdfqwer51" uid="3350410" lat="35.0280775" lon="126.7896063">
  <tag k="highway" v="traffic_signals"/>
  <tag k="traffic_signals" v="signal"/>
 </node>
 <node id="2623136120" visible="true" version="4" changeset="124040733" timestamp="2022-07-25T08:53:04Z" user="FUKUTAN" uid="5207199" lat="35.0303241" lon="126.7826569"/>
 <node id="2623136266" visible="true" version="3" changeset="144333236" timestamp="2023-11-22T16:36:43Z" user="asdfqwer51" uid="3350410" lat="35.0293284" lon="126.7913163"/>
 <node id="2623136268" visible="true" version="6" changeset="144333236" timestamp="2023-11-22T16:36:43Z" user="asdfqwer51" uid="3350410" lat="35.0312920" lon="126.7964695">
  <tag k="highway" v="traffic_signals"/>
 </node>
 <node id="2623136269" visible="true" version="5" changeset="144333236" timestamp="2023-11-22T16:36:43Z" user="asdfqwer51" uid="3350410" lat="35.0300190" lon="126.7931170">
  <tag k="highway" v="traffic_signals"/>
  <tag k="traffic_signals" v="signal"/>
 </node>
 <node id="2623136273" visible="true" version="3" changeset="144332579" timestamp="2023-11-22T16:15:50Z" user="asdfqwer51" uid="3350410" lat="35.0241806" lon="126.7853872">
  <tag k="highway" v="traffic_signals"/>
  <tag k="traffic_signals" v="signal"/>
 </node>
 <node id="2623137223" visible="true" version="9" changeset="144333236" timestamp="2023-11-22T16:36:43Z" user="asdfqwer51" uid="3350410" lat="35.0235999" lon="126.7909755"/>
 <node id="2623137225" visible="true" version="7" changeset="144332579" timestamp="2023-11-22T16:15:50Z" user="asdfqwer51" uid="3350410" lat="35.0235823" lon="126.7882377"/>
 <node id="2623137229" visible="true" version="3" changeset="55000270" timestamp="2017-12-29T04:56:06Z" user="FUKUTAN" uid="5207199" lat="35.0250499" lon="126.7815408"/>
 <node id="2623137542" visible="true" version="10" changeset="176319095" timestamp="2025-12-23T17:30:15Z" user="aaei924" uid="10626814" lat="35.0211550" lon="126.8011558">
  <tag k="highway" v="traffic_signals"/>
  <tag k="traffic_signals" v="signal"/>
 </node>
 <node id="2631866015" visible="true" version="1" changeset="20133496" timestamp="2014-01-22T01:11:15Z" user="Jockhyeng1" uid="1594736" lat="35.0328689" lon="126.7999988"/>
 <node id="2662276079" visible="true" version="5" changeset="144332579" timestamp="2023-11-22T16:15:50Z" user="asdfqwer51" uid="3350410" lat="35.0177631" lon="126.7934360"/>
 <node id="2662276081" visible="true" version="6" changeset="144332579" timestamp="2023-11-22T16:15:50Z" user="asdfqwer51" uid="3350410" lat="35.0198126" lon="126.7910386"/>
 <node id="2662277293" visible="true" version="4" changeset="54730316" timestamp="2017-12-18T13:10:10Z" user="user_5292863" uid="5292863" lat="35.0139184" lon="126.7857895"/>
 <node id="2668227970" visible="true" version="4" changeset="144333236" timestamp="2023-11-22T16:36:43Z" user="asdfqwer51" uid="3350410" lat="35.0257446" lon="126.7924545"/>
 <node id="2668227971" visible="true" version="8" changeset="144334816" timestamp="2023-11-22T17:12:52Z" user="asdfqwer51" uid="3350410" lat="35.0246091" lon="126.7935422">
  <tag k="highway" v="traffic_signals"/>
  <tag k="traffic_signals" v="signal"/>
 </node>
 <node id="2668227972" visible="true" version="7" changeset="144326721" timestamp="2023-11-22T13:28:24Z" user="asdfqwer51" uid="3350410" lat="35.0235148" lon="126.7940979"/>
 <node id="2668227973" visible="true" version="10" changeset="176319095" timestamp="2025-12-23T17:30:15Z" user="aaei924" uid="10626814" lat="35.0211304" lon="126.7942927">
  <tag k="highway" v="traffic_signals"/>
  <tag k="traffic_signals" v="signal"/>
 </node>
 <node id="2668227974" visible="true" version="7" changeset="144326721" timestamp="2023-11-22T13:28:24Z" user="asdfqwer51" uid="3350410" lat="35.0228930" lon="126.7942357"/>
 <node id="3071505236" visible="true" version="6" changeset="99219143" timestamp="2021-02-13T16:03:11Z" user="mulgist" uid="12368943" lat="35.0225427" lon="126.8011181"/>
 <node id="3071505237" visible="true" version="6" changeset="144333236" timestamp="2023-11-22T16:36:43Z" user="asdfqwer51" uid="3350410" lat="35.0232840" lon="126.8009209"/>
 <node id="3071505244" visible="true" version="5" changeset="144333236" timestamp="2023-11-22T16:36:43Z" user="asdfqwer51" uid="3350410" lat="35.0296241" lon="126.7974000"/>
 <node id="3071505245" visible="true" version="7" changeset="144333236" timestamp="2023-11-22T16:36:43Z" user="asdfqwer51" uid="3350410" lat="35.0243817" lon="126.8003522">
  <tag k="highway" v="traffic_signals"/>
  <tag k="traffic_signals" v="signal"/>
 </node>
 <node id="3317872748" visible="true" version="6" changeset="144333236" timestamp="2023-11-22T16:36:43Z" user="asdfqwer51" uid="3350410" lat="35.0237110" lon="126.7986203"/>
 <node id="3317874397" visible="true" version="4" changeset="60015981" timestamp="2018-06-20T16:17:08Z" user="FUKUTAN" uid="5207199" lat="35.0105990" lon="126.7952570"/>
 <node id="3317874401" visible="true" version="5" changeset="60015981" timestamp="2018-06-20T16:17:08Z" user="FUKUTAN" uid="5207199" lat="35.0108548" lon="126.7954048"/>
 <node id="3317874403" visible="true" version="6" changeset="144332579" timestamp="2023-11-22T16:15:50Z" user="asdfqwer51" uid="3350410" lat="35.0154123" lon="126.7952636"/>
 <node id="3317874404" visible="true" version="4" changeset="55652821" timestamp="2018-01-22T12:04:00Z" user="FUKUTAN" uid="5207199" lat="35.0144341" lon="126.7955296"/>
 <node id="3317874405" visible="true" version="7" changeset="144325400" timestamp="2023-11-22T12:55:22Z" user="asdfqwer51" uid="3350410" lat="35.0136229" lon="126.7955287">
  <tag k="highway" v="traffic_signals"/>
  <tag k="traffic_signals" v="signal"/>
 </node>
 <node id="3317874408" visible="true" version="3" changeset="53130301" timestamp="2017-10-21T14:59:53Z" user="FUKUTAN" uid="5207199" lat="35.0099011" lon="126.7945128"/>
 <node id="3317874411" visible="true" version="3" changeset="53130301" timestamp="2017-10-21T14:59:56Z" user="FUKUTAN" uid="5207199" lat="35.0169712" lon="126.7943336"/>
 <node id="3317874412" visible="true" version="4" changeset="65610732" timestamp="2018-12-19T13:03:37Z" user="FUKUTAN" uid="5207199" lat="35.0156374" lon="126.7951487"/>
 <node id="3317874413" visible="true" version="3" changeset="53130301" timestamp="2017-10-21T14:59:56Z" user="FUKUTAN" uid="5207199" lat="35.0166249" lon="126.7944628"/>
 <node id="3317874416" visible="true" version="3" changeset="55000270" timestamp="2017-12-29T04:56:05Z" user="FUKUTAN" uid="5207199" lat="35.0108459" lon="126.7820548"/>
 <node id="3317878852" visible="true" version="4" changeset="176319095" timestamp="2025-12-23T17:30:15Z" user="aaei924" uid="10626814" lat="35.0211307" lon="126.7805979"/>
 <node id="3317878855" visible="true" version="3" changeset="65610732" timestamp="2018-12-19T13:03:37Z" user="FUKUTAN" uid="5207199" lat="35.0233488" lon="126.7974518"/>
 <node id="3413882908" visible="true" version="2" changeset="53130301" timestamp="2017-10-21T14:59:53Z" user="FUKUTAN" uid="5207199" lat="35.0095576" lon="126.7936605"/>
 <node id="3413883041" visible="true" version="5" changeset="99601411" timestamp="2021-02-19T14:39:38Z" user="mulgist" uid="12368943" lat="35.0146264" lon="126.7838879"/>
 <node id="3413883117" visible="true" version="4" changeset="144332579" timestamp="2023-11-22T16:15:50Z" user="asdfqwer51" uid="3350410" lat="35.0167677" lon="126.7936495"/>
 <node id="3413883128" visible="true" version="5" changeset="144332579" timestamp="2023-11-22T16:15:50Z" user="asdfqwer51" uid="3350410" lat="35.0183583" lon="126.7936027"/>
 <node id="3413883134" visible="true" version="6" changeset="144332579" timestamp="2023-11-22T16:15:50Z" user="asdfqwer51" uid="3350410" lat="35.0188221" lon="126.7920962"/>
 <node id="3413883146" visible="true" version="5" changeset="144332579" timestamp="2023-11-22T16:15:50Z" user="asdfqwer51" uid="3350410" lat="35.0193633" lon="126.7914280"/>
 <node id="3413883147" visible="true" version="3" changeset="99630021" timestamp="2021-02-20T08:24:13Z" user="mulgist" uid="12368943" lat="35.0196154" lon="126.7930517"/>
 <node id="3413883148" visible="true" version="5" changeset="144332579" timestamp="2023-11-22T16:15:50Z" user="asdfqwer51" uid="3350410" lat="35.0196057" lon="126.7936184"/>
 <node id="3413883149" visible="true" version="4" changeset="99630021" timestamp="2021-02-20T08:24:13Z" user="mulgist" uid="12368943" lat="35.0197969" lon="126.7919496"/>
 <node id="3413883154" visible="true" version="5" changeset="99630021" timestamp="2021-02-20T08:24:13Z" user="mulgist" uid="12368943" lat="35.0200942" lon="126.7917017"/>
 <node id="3413883159" visible="true" version="6" changeset="144332579" timestamp="2023-11-22T16:15:50Z" user="asdfqwer51" uid="3350410" lat="35.0200359" lon="126.7936151"/>
 <node id="3413883161" visible="true" version="5" changeset="144326721" timestamp="2023-11-22T13:28:24Z" user="asdfqwer51" uid="3350410" lat="35.0202538" lon="126.7948414"/>
 <node id="3413883170" visible="true" version="6" changeset="144332579" timestamp="2023-11-22T16:15:50Z" user="asdfqwer51" uid="3350410" lat="35.0206198" lon="126.7930326"/>
 <node id="3413883171" visible="true" version="5" changeset="99630021" timestamp="2021-02-20T08:24:13Z" user="mulgist" uid="12368943" lat="35.0206335" lon="126.7924147"/>
 <node id="3413883172" visible="true" version="5" changeset="99630021" timestamp="2021-02-20T08:24:13Z" user="mulgist" uid="12368943" lat="35.0206333" lon="126.7916965"/>
 <node id="3413883174" visible="true" version="6" changeset="144332579" timestamp="2023-11-22T16:15:50Z" user="asdfqwer51" uid="3350410" lat="35.0206363" lon="126.7909881"/>
 <node id="3413883178" visible="true" version="8" changeset="176319095" timestamp="2025-12-23T17:30:15Z" user="aaei924" uid="10626814" lat="35.0211327" lon="126.7992437"/>
 <node id="3413883183" visible="true" version="5" changeset="144333236" timestamp="2023-11-22T16:36:43Z" user="asdfqwer51" uid="3350410" lat="35.0217186" lon="126.8006123"/>
 <node id="3413883184" visible="true" version="5" changeset="144333236" timestamp="2023-11-22T16:36:43Z" user="asdfqwer51" uid="3350410" lat="35.0217096" lon="126.8004365"/>
 <node id="3413883185" visible="true" version="5" changeset="144333236" timestamp="2023-11-22T16:36:43Z" user="asdfqwer51" uid="3350410" lat="35.0217066" lon="126.7999820"/>
 <node id="3413883186" visible="true" version="5" changeset="144333236" timestamp="2023-11-22T16:36:43Z" user="asdfqwer51" uid="3350410" lat="35.0217076" lon="126.7995558"/>
 <node id="3413883187" visible="true" version="6" changeset="144333236" timestamp="2023-11-22T16:36:43Z" user="asdfqwer51" uid="3350410" lat="35.0217059" lon="126.7989438"/>
 <node id="3413883188" visible="true" version="6" changeset="144333236" timestamp="2023-11-22T16:36:43Z" user="asdfqwer51" uid="3350410" lat="35.0217065" lon="126.7984618"/>
 <node id="3413883189" visible="true" version="5" changeset="144333236" timestamp="2023-11-22T16:36:43Z" user="asdfqwer51" uid="3350410" lat="35.0217031" lon="126.7980121"/>
 <node id="3413883191" visible="true" version="6" changeset="144332579" timestamp="2023-11-22T16:15:50Z" user="asdfqwer51" uid="3350410" lat="35.0217866" lon="126.7916638"/>
 <node id="3413883194" visible="true" version="5" changeset="144333236" timestamp="2023-11-22T16:36:43Z" user="asdfqwer51" uid="3350410" lat="35.0217000" lon="126.7976972"/>
 <node id="3413883195" visible="true" version="6" changeset="144332579" timestamp="2023-11-22T16:15:50Z" user="asdfqwer51" uid="3350410" lat="35.0217591" lon="126.7933929"/>
 <node id="3413883196" visible="true" version="5" changeset="144333236" timestamp="2023-11-22T16:36:43Z" user="asdfqwer51" uid="3350410" lat="35.0217864" lon="126.8007143"/>
 <node id="3413883200" visible="true" version="5" changeset="144333236" timestamp="2023-11-22T16:36:43Z" user="asdfqwer51" uid="3350410" lat="35.0221947" lon="126.7980056"/>
 <node id="3413883201" visible="true" version="5" changeset="144333236" timestamp="2023-11-22T16:36:43Z" user="asdfqwer51" uid="3350410" lat="35.0222106" lon="126.7984572"/>
 <node id="3413883203" visible="true" version="6" changeset="144333236" timestamp="2023-11-22T16:36:43Z" user="asdfqwer51" uid="3350410" lat="35.0222635" lon="126.7989341"/>
 <node id="3413883204" visible="true" version="4" changeset="144333236" timestamp="2023-11-22T16:36:43Z" user="asdfqwer51" uid="3350410" lat="35.0224301" lon="126.8004191"/>
 <node id="3413883207" visible="true" version="5" changeset="144333236" timestamp="2023-11-22T16:36:43Z" user="asdfqwer51" uid="3350410" lat="35.0223663" lon="126.7995351"/>
 <node id="3413883209" visible="true" version="6" changeset="144332579" timestamp="2023-11-22T16:15:50Z" user="asdfqwer51" uid="3350410" lat="35.0223408" lon="126.7942706"/>
 <node id="3413883212" visible="true" version="5" changeset="144332579" timestamp="2023-11-22T16:15:50Z" user="asdfqwer51" uid="3350410" lat="35.0223502" lon="126.7934488"/>
 <node id="3413883213" visible="true" version="6" changeset="144332579" timestamp="2023-11-22T16:15:50Z" user="asdfqwer51" uid="3350410" lat="35.0223528" lon="126.7915999"/>
 <node id="3413883214" visible="true" version="7" changeset="144332579" timestamp="2023-11-22T16:15:50Z" user="asdfqwer51" uid="3350410" lat="35.0223792" lon="126.7909826"/>
 <node id="3413883215" visible="true" version="5" changeset="144333236" timestamp="2023-11-22T16:36:43Z" user="asdfqwer51" uid="3350410" lat="35.0224313" lon="126.7999794"/>
 <node id="3413883217" visible="true" version="5" changeset="144333236" timestamp="2023-11-22T16:36:43Z" user="asdfqwer51" uid="3350410" lat="35.0224881" lon="126.8003659"/>
 <node id="3413883218" visible="true" version="5" changeset="144333236" timestamp="2023-11-22T16:36:43Z" user="asdfqwer51" uid="3350410" lat="35.0226527" lon="126.7980096"/>
 <node id="3413883219" visible="true" version="5" changeset="144333236" timestamp="2023-11-22T16:36:43Z" user="asdfqwer51" uid="3350410" lat="35.0226682" lon="126.7984691"/>
 <node id="3413883220" visible="true" version="6" changeset="144333236" timestamp="2023-11-22T16:36:43Z" user="asdfqwer51" uid="3350410" lat="35.0225181" lon="126.7991902"/>
 <node id="3413883221" visible="true" version="5" changeset="144333236" timestamp="2023-11-22T16:36:43Z" user="asdfqwer51" uid="3350410" lat="35.0227452" lon="126.7988175"/>
 <node id="3413883222" visible="true" version="5" changeset="144333236" timestamp="2023-11-22T16:36:43Z" user="asdfqwer51" uid="3350410" lat="35.0228169" lon="126.7994212"/>
 <node id="3413883223" visible="true" version="5" changeset="144333236" timestamp="2023-11-22T16:36:43Z" user="asdfqwer51" uid="3350410" lat="35.0228937" lon="126.7998669"/>
 <node id="3413883224" visible="true" version="5" changeset="144333236" timestamp="2023-11-22T16:36:43Z" user="asdfqwer51" uid="3350410" lat="35.0229523" lon="126.8006067"/>
 <node id="3413883225" visible="true" version="5" changeset="144333236" timestamp="2023-11-22T16:36:43Z" user="asdfqwer51" uid="3350410" lat="35.0229383" lon="126.7977023"/>
 <node id="3413883226" visible="true" version="4" changeset="144333236" timestamp="2023-11-22T16:36:43Z" user="asdfqwer51" uid="3350410" lat="35.0229603" lon="126.8003004"/>
 <node id="3413883228" visible="true" version="5" changeset="144333236" timestamp="2023-11-22T16:36:43Z" user="asdfqwer51" uid="3350410" lat="35.0232150" lon="126.7986159"/>
 <node id="3413883229" visible="true" version="5" changeset="144333236" timestamp="2023-11-22T16:36:43Z" user="asdfqwer51" uid="3350410" lat="35.0233055" lon="126.7988723"/>
 <node id="3413883230" visible="true" version="4" changeset="144333236" timestamp="2023-11-22T16:36:43Z" user="asdfqwer51" uid="3350410" lat="35.0234120" lon="126.7991642"/>
 <node id="3413883231" visible="true" version="4" changeset="144333236" timestamp="2023-11-22T16:36:43Z" user="asdfqwer51" uid="3350410" lat="35.0235573" lon="126.7995643"/>
 <node id="3413883232" visible="true" version="5" changeset="144333236" timestamp="2023-11-22T16:36:43Z" user="asdfqwer51" uid="3350410" lat="35.0236932" lon="126.7999529"/>
 <node id="3413883234" visible="true" version="6" changeset="144333236" timestamp="2023-11-22T16:36:43Z" user="asdfqwer51" uid="3350410" lat="35.0236877" lon="126.8002907"/>
 <node id="3413883236" visible="true" version="4" changeset="100138147" timestamp="2021-02-28T14:03:49Z" user="mulgist" uid="12368943" lat="35.0247636" lon="126.7828506"/>
 <node id="3413883250" visible="true" version="6" changeset="144333236" timestamp="2023-11-22T16:36:43Z" user="asdfqwer51" uid="3350410" lat="35.0268074" lon="126.7911386"/>
 <node id="3413883256" visible="true" version="5" changeset="144333236" timestamp="2023-11-22T16:36:43Z" user="asdfqwer51" uid="3350410" lat="35.0276487" lon="126.7944856"/>
 <node id="3413883257" visible="true" version="6" changeset="144333236" timestamp="2023-11-22T16:36:43Z" user="asdfqwer51" uid="3350410" lat="35.0279271" lon="126.7928737"/>
 <node id="3413883258" visible="true" version="5" changeset="144333236" timestamp="2023-11-22T16:36:43Z" user="asdfqwer51" uid="3350410" lat="35.0279422" lon="126.7942141"/>
 <node id="3413883259" visible="true" version="4" changeset="144333236" timestamp="2023-11-22T16:36:43Z" user="asdfqwer51" uid="3350410" lat="35.0276393" lon="126.7946560"/>
 <node id="3413883260" visible="true" version="5" changeset="144333236" timestamp="2023-11-22T16:36:43Z" user="asdfqwer51" uid="3350410" lat="35.0281808" lon="126.7961083"/>
 <node id="3413883261" visible="true" version="5" changeset="144333236" timestamp="2023-11-22T16:36:43Z" user="asdfqwer51" uid="3350410" lat="35.0283582" lon="126.7939821"/>
 <node id="3413883268" visible="true" version="2" changeset="53130301" timestamp="2017-10-21T14:59:53Z" user="FUKUTAN" uid="5207199" lat="35.0288821" lon="126.7978055"/>
 <node id="3413883272" visible="true" version="4" changeset="144333236" timestamp="2023-11-22T16:36:43Z" user="asdfqwer51" uid="3350410" lat="35.0306709" lon="126.7961956"/>
 <node id="3413887587" visible="true" version="3" changeset="99601411" timestamp="2021-02-19T14:39:38Z" user="mulgist" uid="12368943" lat="35.0147196" lon="126.7863207"/>
 <node id="3413887588" visible="true" version="3" changeset="99601411" timestamp="2021-02-19T14:39:38Z" user="mulgist" uid="12368943" lat="35.0148096" lon="126.7862559"/>
 <node id="3413887589" visible="true" version="2" changeset="53130301" timestamp="2017-10-21T14:59:55Z" user="FUKUTAN" uid="5207199" lat="35.0143283" lon="126.7887150"/>
 <node id="3413887590" visible="true" version="3" changeset="99601411" timestamp="2021-02-19T14:39:38Z" user="mulgist" uid="12368943" lat="35.0143333" lon="126.7879759"/>
 <node id="3413887592" visible="true" version="2" changeset="53130301" timestamp="2017-10-21T14:59:55Z" user="FUKUTAN" uid="5207199" lat="35.0142101" lon="126.7884593"/>
 <node id="3413889793" visible="true" version="3" changeset="99601411" timestamp="2021-02-19T14:39:38Z" user="mulgist" uid="12368943" lat="35.0146572" lon="126.7865598"/>
 <node id="3413889794" visible="true" version="2" changeset="99601411" timestamp="2021-02-19T14:39:38Z" user="mulgist" uid="12368943" lat="35.0142947" lon="126.7882358"/>
 <node id="3413889795" visible="true" version="3" changeset="99601411" timestamp="2021-02-19T14:39:38Z" user="mulgist" uid="12368943" lat="35.0145754" lon="126.7873707"/>
 <node id="3413889796" visible="true" version="3" changeset="99601411" timestamp="2021-02-19T14:39:38Z" user="mulgist" uid="12368943" lat="35.0143707" lon="126.7875616"/>
 <node id="3413889800" visible="true" version="3" changeset="99601411" timestamp="2021-02-19T14:39:38Z" user="mulgist" uid="12368943" lat="35.0145826" lon="126.7889560"/>
 <node id="3413889807" visible="true" version="3" changeset="99601411" timestamp="2021-02-19T14:39:38Z" user="mulgist" uid="12368943" lat="35.0152274" lon="126.7860292"/>
 <node id="3413889810" visible="true" version="2" changeset="53130301" timestamp="2017-10-21T14:59:55Z" user="FUKUTAN" uid="5207199" lat="35.0158273" lon="126.7858997"/>
 <node id="3413889817" visible="true" version="1" changeset="29671754" timestamp="2015-03-23T07:18:13Z" user="generalred" uid="118851" lat="35.0147948" lon="126.7892664"/>
 <node id="3413889819" visible="true" version="2" changeset="53130301" timestamp="2017-10-21T14:59:55Z" user="FUKUTAN" uid="5207199" lat="35.0161172" lon="126.7859067"/>
 <node id="3413889824" visible="true" version="3" changeset="99601411" timestamp="2021-02-19T14:39:38Z" user="mulgist" uid="12368943" lat="35.0162354" lon="126.7859904"/>
 <node id="3413889828" visible="true" version="3" changeset="99601411" timestamp="2021-02-19T14:39:38Z" user="mulgist" uid="12368943" lat="35.0153147" lon="126.7883769"/>
 <node id="3413889831" visible="true" version="2" changeset="99601411" timestamp="2021-02-19T14:39:38Z" user="mulgist" uid="12368943" lat="35.0151139" lon="126.7885647"/>
 <node id="3413889834" visible="true" version="3" changeset="124040733" timestamp="2022-07-25T08:53:04Z" user="FUKUTAN" uid="5207199" lat="35.0149655" lon="126.7890951"/>
 <node id="3413889849" visible="true" version="2" changeset="99601411" timestamp="2021-02-19T14:39:38Z" user="mulgist" uid="12368943" lat="35.0155833" lon="126.7880419"/>
 <node id="3413889851" visible="true" version="2" changeset="99601411" timestamp="2021-02-19T14:39:38Z" user="mulgist" uid="12368943" lat="35.0156163" lon="126.7875171"/>
 <node id="3413889854" visible="true" version="1" changeset="29671754" timestamp="2015-03-23T07:18:14Z" user="generalred" uid="118851" lat="35.0161569" lon="126.7877387"/>
 <node id="3413889856" visible="true" version="2" changeset="53148353" timestamp="2017-10-22T10:44:02Z" user="FUKUTAN" uid="5207199" lat="35.0165026" lon="126.7874540"/>
 <node id="3413889857" visible="true" version="2" changeset="99601411" timestamp="2021-02-19T14:39:38Z" user="mulgist" uid="12368943" lat="35.0163242" lon="126.7860721"/>
 <node id="3413889858" visible="true" version="2" changeset="53148353" timestamp="2017-10-22T10:44:02Z" user="FUKUTAN" uid="5207199" lat="35.0167842" lon="126.7873401"/>
 <node id="3413889859" visible="true" version="2" changeset="99601411" timestamp="2021-02-19T14:39:38Z" user="mulgist" uid="12368943" lat="35.0165028" lon="126.7861881"/>
 <node id="3413889860" visible="true" version="3" changeset="99601411" timestamp="2021-02-19T14:39:38Z" user="mulgist" uid="12368943" lat="35.0165951" lon="126.7863510"/>
 <node id="3413889861" visible="true" version="2" changeset="53130301" timestamp="2017-10-21T14:59:55Z" user="FUKUTAN" uid="5207199" lat="35.0165949" lon="126.7864405"/>
 <node id="3413889862" visible="true" version="1" changeset="29671754" timestamp="2015-03-23T07:18:14Z" user="generalred" uid="118851" lat="35.0171123" lon="126.7872570"/>
 <node id="3413889863" visible="true" version="3" changeset="99601411" timestamp="2021-02-19T14:39:38Z" user="mulgist" uid="12368943" lat="35.0167235" lon="126.7865769"/>
 <node id="3413889864" visible="true" version="2" changeset="53148353" timestamp="2017-10-22T10:44:02Z" user="FUKUTAN" uid="5207199" lat="35.0174862" lon="126.7874089"/>
 <node id="3413889865" visible="true" version="1" changeset="29671754" timestamp="2015-03-23T07:18:14Z" user="generalred" uid="118851" lat="35.0176177" lon="126.7876107"/>
 <node id="3413889866" visible="true" version="2" changeset="99601411" timestamp="2021-02-19T14:39:38Z" user="mulgist" uid="12368943" lat="35.0177143" lon="126.7881109"/>
 <node id="3413889867" visible="true" version="4" changeset="99601411" timestamp="2021-02-19T14:39:38Z" user="mulgist" uid="12368943" lat="35.0174854" lon="126.7866181"/>
 <node id="3413889868" visible="true" version="3" changeset="185763392" timestamp="2026-07-15T06:20:29Z" user="야광멧돼지" uid="12393144" lat="35.0179383" lon="126.7882467"/>
 <node id="3413889870" visible="true" version="5" changeset="185763392" timestamp="2026-07-15T06:20:29Z" user="야광멧돼지" uid="12393144" lat="35.0181138" lon="126.7888288"/>
 <node id="3413889876" visible="true" version="4" changeset="99601411" timestamp="2021-02-19T14:39:38Z" user="mulgist" uid="12368943" lat="35.0176613" lon="126.7866442"/>
 <node id="3413889879" visible="true" version="4" changeset="99601411" timestamp="2021-02-19T14:39:38Z" user="mulgist" uid="12368943" lat="35.0177682" lon="126.7867206"/>
 <node id="3413889880" visible="true" version="3" changeset="185763392" timestamp="2026-07-15T06:20:29Z" user="야광멧돼지" uid="12393144" lat="35.0190580" lon="126.7900084"/>
 <node id="3413889882" visible="true" version="4" changeset="185763392" timestamp="2026-07-15T06:20:29Z" user="야광멧돼지" uid="12393144" lat="35.0186865" lon="126.7893573"/>
 <node id="3413889884" visible="true" version="2" changeset="53130301" timestamp="2017-10-21T14:59:56Z" user="FUKUTAN" uid="5207199" lat="35.0180076" lon="126.7872552"/>
 <node id="3413889885" visible="true" version="3" changeset="99601411" timestamp="2021-02-19T14:39:38Z" user="mulgist" uid="12368943" lat="35.0182118" lon="126.7874979"/>
 <node id="3413889887" visible="true" version="2" changeset="53130301" timestamp="2017-10-21T14:59:56Z" user="FUKUTAN" uid="5207199" lat="35.0184707" lon="126.7875611"/>
 <node id="3413889889" visible="true" version="3" changeset="99601411" timestamp="2021-02-19T14:39:38Z" user="mulgist" uid="12368943" lat="35.0188025" lon="126.7876137"/>
 <node id="3413889890" visible="true" version="3" changeset="99601411" timestamp="2021-02-19T14:39:38Z" user="mulgist" uid="12368943" lat="35.0189414" lon="126.7879041"/>
 <node id="3413889892" visible="true" version="3" changeset="99601411" timestamp="2021-02-19T14:39:38Z" user="mulgist" uid="12368943" lat="35.0190916" lon="126.7880517"/>
 <node id="3413889894" visible="true" version="3" changeset="123960556" timestamp="2022-07-23T03:06:23Z" user="FUKUTAN" uid="5207199" lat="35.0193568" lon="126.7881635"/>
 <node id="3413889897" visible="true" version="3" changeset="123960556" timestamp="2022-07-23T03:06:23Z" user="FUKUTAN" uid="5207199" lat="35.0197178" lon="126.7888936"/>
 <node id="3413889899" visible="true" version="4" changeset="185763392" timestamp="2026-07-15T06:20:29Z" user="야광멧돼지" uid="12393144" lat="35.0191653" lon="126.7899344"/>
 <node id="3413889900" visible="true" version="3" changeset="123960556" timestamp="2022-07-23T03:06:23Z" user="FUKUTAN" uid="5207199" lat="35.0200818" lon="126.7893163"/>
 <node id="3413889901" visible="true" version="4" changeset="185763392" timestamp="2026-07-15T06:20:29Z" user="야광멧돼지" uid="12393144" lat="35.0201630" lon="126.7897937"/>
 <node id="3413889903" visible="true" version="3" changeset="99219143" timestamp="2021-02-13T16:03:11Z" user="mulgist" uid="12368943" lat="35.0246851" lon="126.7898055"/>
 <node id="3413889904" visible="true" version="3" changeset="54997523" timestamp="2017-12-29T00:32:00Z" user="FUKUTAN" uid="5207199" lat="35.0250008" lon="126.7897551"/>
 <node id="3413889906" visible="true" version="3" changeset="54997523" timestamp="2017-12-29T00:32:00Z" user="FUKUTAN" uid="5207199" lat="35.0251192" lon="126.7900680"/>
 <node id="3413889908" visible="true" version="3" changeset="54997523" timestamp="2017-12-29T00:32:00Z" user="FUKUTAN" uid="5207199" lat="35.0254906" lon="126.7905654"/>
 <node id="3413889909" visible="true" version="4" changeset="99219143" timestamp="2021-02-13T16:03:11Z" user="mulgist" uid="12368943" lat="35.0253301" lon="126.7896368"/>
 <node id="3413889910" visible="true" version="4" changeset="99219143" timestamp="2021-02-13T16:03:11Z" user="mulgist" uid="12368943" lat="35.0259859" lon="126.7893612"/>
 <node id="3413889911" visible="true" version="3" changeset="54997523" timestamp="2017-12-29T00:32:00Z" user="FUKUTAN" uid="5207199" lat="35.0257331" lon="126.7907843"/>
 <node id="3413889912" visible="true" version="4" changeset="99219143" timestamp="2021-02-13T16:03:11Z" user="mulgist" uid="12368943" lat="35.0262610" lon="126.7891662"/>
 <node id="3413889915" visible="true" version="4" changeset="99219143" timestamp="2021-02-13T16:03:11Z" user="mulgist" uid="12368943" lat="35.0258389" lon="126.7902651"/>
 <node id="3413889916" visible="true" version="4" changeset="99219143" timestamp="2021-02-13T16:03:11Z" user="mulgist" uid="12368943" lat="35.0264071" lon="126.7889602"/>
 <node id="3413889918" visible="true" version="3" changeset="99219143" timestamp="2021-02-13T16:03:11Z" user="mulgist" uid="12368943" lat="35.0258441" lon="126.7909434"/>
 <node id="3413889919" visible="true" version="4" changeset="99219143" timestamp="2021-02-13T16:03:11Z" user="mulgist" uid="12368943" lat="35.0263812" lon="126.7891861"/>
 <node id="3413889921" visible="true" version="4" changeset="99219143" timestamp="2021-02-13T16:03:11Z" user="mulgist" uid="12368943" lat="35.0259449" lon="126.7899685"/>
 <node id="3413889923" visible="true" version="2" changeset="55000270" timestamp="2017-12-29T04:56:06Z" user="FUKUTAN" uid="5207199" lat="35.0266144" lon="126.7917064"/>
 <node id="3413889924" visible="true" version="1" changeset="29671754" timestamp="2015-03-23T07:18:15Z" user="generalred" uid="118851" lat="35.0266896" lon="126.7962780"/>
 <node id="3413889925" visible="true" version="1" changeset="29671754" timestamp="2015-03-23T07:18:15Z" user="generalred" uid="118851" lat="35.0267332" lon="126.7958523"/>
 <node id="3413889926" visible="true" version="1" changeset="29671754" timestamp="2015-03-23T07:18:15Z" user="generalred" uid="118851" lat="35.0267506" lon="126.7967037"/>
 <node id="3413889927" visible="true" version="1" changeset="29671754" timestamp="2015-03-23T07:18:15Z" user="generalred" uid="118851" lat="35.0267942" lon="126.7954266"/>
 <node id="3413889928" visible="true" version="3" changeset="99219143" timestamp="2021-02-13T16:03:11Z" user="mulgist" uid="12368943" lat="35.0269968" lon="126.7945382"/>
 <node id="3413889929" visible="true" version="3" changeset="99219143" timestamp="2021-02-13T16:03:11Z" user="mulgist" uid="12368943" lat="35.0270287" lon="126.7942578"/>
 <node id="3413889930" visible="true" version="1" changeset="29671754" timestamp="2015-03-23T07:18:15Z" user="generalred" uid="118851" lat="35.0268987" lon="126.7972358"/>
 <node id="3413889932" visible="true" version="3" changeset="99219143" timestamp="2021-02-13T16:03:11Z" user="mulgist" uid="12368943" lat="35.0270230" lon="126.7946496"/>
 <node id="3413889933" visible="true" version="2" changeset="99219143" timestamp="2021-02-13T16:03:11Z" user="mulgist" uid="12368943" lat="35.0269470" lon="126.7922403"/>
 <node id="3413889934" visible="true" version="3" changeset="99219143" timestamp="2021-02-13T16:03:11Z" user="mulgist" uid="12368943" lat="35.0272658" lon="126.7939066"/>
 <node id="3413889935" visible="true" version="1" changeset="29671754" timestamp="2015-03-23T07:18:15Z" user="generalred" uid="118851" lat="35.0270730" lon="126.7975232"/>
 <node id="3413889936" visible="true" version="3" changeset="99219143" timestamp="2021-02-13T16:03:11Z" user="mulgist" uid="12368943" lat="35.0274262" lon="126.7929481"/>
 <node id="3413889937" visible="true" version="1" changeset="29671754" timestamp="2015-03-23T07:18:15Z" user="generalred" uid="118851" lat="35.0270992" lon="126.7949157"/>
 <node id="3413889938" visible="true" version="3" changeset="99219143" timestamp="2021-02-13T16:03:11Z" user="mulgist" uid="12368943" lat="35.0273157" lon="126.7937228"/>
 <node id="3413889939" visible="true" version="3" changeset="99219143" timestamp="2021-02-13T16:03:11Z" user="mulgist" uid="12368943" lat="35.0273897" lon="126.7931813"/>
 <node id="3413889940" visible="true" version="2" changeset="55000270" timestamp="2017-12-29T04:56:06Z" user="FUKUTAN" uid="5207199" lat="35.0272498" lon="126.7956002"/>
 <node id="3413889941" visible="true" version="1" changeset="29671754" timestamp="2015-03-23T07:18:15Z" user="generalred" uid="118851" lat="35.0272561" lon="126.7976828"/>
 <node id="3413889943" visible="true" version="1" changeset="29671754" timestamp="2015-03-23T07:18:15Z" user="generalred" uid="118851" lat="35.0274565" lon="126.7959161"/>
 <node id="3413889944" visible="true" version="1" changeset="29671754" timestamp="2015-03-23T07:18:15Z" user="generalred" uid="118851" lat="35.0274914" lon="126.7976828"/>
 <node id="3413889945" visible="true" version="1" changeset="29671754" timestamp="2015-03-23T07:18:15Z" user="generalred" uid="118851" lat="35.0275960" lon="126.7962780"/>
 <node id="3413889947" visible="true" version="1" changeset="29671754" timestamp="2015-03-23T07:18:16Z" user="generalred" uid="118851" lat="35.0277092" lon="126.7975870"/>
 <node id="3413889948" visible="true" version="1" changeset="29671754" timestamp="2015-03-23T07:18:16Z" user="generalred" uid="118851" lat="35.0278661" lon="126.7966931"/>
 <node id="3413889950" visible="true" version="1" changeset="29671754" timestamp="2015-03-23T07:18:16Z" user="generalred" uid="118851" lat="35.0280317" lon="126.7971188"/>
 <node id="4628676584" visible="true" version="3" changeset="53148353" timestamp="2017-10-22T10:44:02Z" user="FUKUTAN" uid="5207199" lat="35.0094848" lon="126.7896916"/>
 <node id="4666430908" visible="true" version="4" changeset="54730316" timestamp="2017-12-18T13:10:10Z" user="user_5292863" uid="5292863" lat="35.0140233" lon="126.7853762"/>
 <node id="4666430917" visible="true" version="2" changeset="53130301" timestamp="2017-10-21T14:59:51Z" user="FUKUTAN" uid="5207199" lat="35.0106050" lon="126.7824366"/>
 <node id="4666430919" visible="true" version="2" changeset="96646660" timestamp="2020-12-30T07:15:21Z" user="mulgist" uid="12368943" lat="35.0246680" lon="126.7964982"/>
 <node id="4666430920" visible="true" version="2" changeset="96646660" timestamp="2020-12-30T07:15:21Z" user="mulgist" uid="12368943" lat="35.0236170" lon="126.7968464"/>
 <node id="4666430921" visible="true" version="2" changeset="96646660" timestamp="2020-12-30T07:15:21Z" user="mulgist" uid="12368943" lat="35.0234180" lon="126.7968276"/>
 <node id="4666430922" visible="true" version="2" changeset="96646660" timestamp="2020-12-30T07:15:21Z" user="mulgist" uid="12368943" lat="35.0232098" lon="126.7955868"/>
 <node id="4666430923" visible="true" version="2" changeset="96646660" timestamp="2020-12-30T07:15:21Z" user="mulgist" uid="12368943" lat="35.0230961" lon="126.7945215"/>
 <node id="4666430924" visible="true" version="1" changeset="45843038" timestamp="2017-02-06T00:36:51Z" user="JeongnamYeom" uid="5195059" lat="35.0234913" lon="126.7944002"/>
 <node id="4666430925" visible="true" version="1" changeset="45843038" timestamp="2017-02-06T00:36:51Z" user="JeongnamYeom" uid="5195059" lat="35.0240799" lon="126.7942285"/>
 <node id="4974385193" visible="true" version="2" changeset="53130301" timestamp="2017-10-21T14:59:53Z" user="FUKUTAN" uid="5207199" lat="35.0094954" lon="126.7910238"/>
 <node id="4974385216" visible="true" version="2" changeset="99601411" timestamp="2021-02-19T14:39:38Z" user="mulgist" uid="12368943" lat="35.0153057" lon="126.7848158"/>
 <node id="4974385217" visible="true" version="2" changeset="99601411" timestamp="2021-02-19T14:39:38Z" user="mulgist" uid="12368943" lat="35.0167298" lon="126.7856451"/>
 <node id="4974385218" visible="true" version="1" changeset="50338460" timestamp="2017-07-17T02:44:12Z" user="FUKUTAN" uid="5207199" lat="35.0183831" lon="126.7860220"/>
 <node id="4974385219" visible="true" version="2" changeset="53148353" timestamp="2017-10-22T10:44:04Z" user="FUKUTAN" uid="5207199" lat="35.0187169" lon="126.7863277"/>
 <node id="4974385220" visible="true" version="3" changeset="99601411" timestamp="2021-02-19T14:39:38Z" user="mulgist" uid="12368943" lat="35.0201601" lon="126.7881222"/>
 <node id="4974386221" visible="true" version="3" changeset="99601411" timestamp="2021-02-19T14:39:38Z" user="mulgist" uid="12368943" lat="35.0205995" lon="126.7883743"/>
 <node id="4974386222" visible="true" version="3" changeset="99601411" timestamp="2021-02-19T14:39:38Z" user="mulgist" uid="12368943" lat="35.0209773" lon="126.7884199"/>
 <node id="4974386223" visible="true" version="3" changeset="99601411" timestamp="2021-02-19T14:39:38Z" user="mulgist" uid="12368943" lat="35.0210081" lon="126.7908514"/>
 <node id="4974386224" visible="true" version="2" changeset="99601411" timestamp="2021-02-19T14:39:38Z" user="mulgist" uid="12368943" lat="35.0198416" lon="126.7909117"/>
 <node id="4974386225" visible="true" version="2" changeset="99601411" timestamp="2021-02-19T14:39:38Z" user="mulgist" uid="12368943" lat="35.0193380" lon="126.7913360"/>
 <node id="4974386226" visible="true" version="2" changeset="99601411" timestamp="2021-02-19T14:39:38Z" user="mulgist" uid="12368943" lat="35.0183092" lon="126.7926001"/>
 <node id="4974386227" visible="true" version="3" changeset="144332579" timestamp="2023-11-22T16:15:50Z" user="asdfqwer51" uid="3350410" lat="35.0175943" lon="126.7934836"/>
 <node id="4974386230" visible="true" version="3" changeset="99601411" timestamp="2021-02-19T14:39:38Z" user="mulgist" uid="12368943" lat="35.0149625" lon="126.7951864"/>
 <node id="4974386231" visible="true" version="3" changeset="99601411" timestamp="2021-02-19T14:39:38Z" user="mulgist" uid="12368943" lat="35.0143842" lon="126.7953738"/>
 <node id="4974386232" visible="true" version="4" changeset="99601411" timestamp="2021-02-19T14:39:38Z" user="mulgist" uid="12368943" lat="35.0137738" lon="126.7944890"/>
 <node id="4974386233" visible="true" version="4" changeset="99601411" timestamp="2021-02-19T14:39:38Z" user="mulgist" uid="12368943" lat="35.0137884" lon="126.7870357"/>
 <node id="4974413427" visible="true" version="3" changeset="99246467" timestamp="2021-02-14T11:49:51Z" user="mulgist" uid="12368943" lat="35.0266139" lon="126.7880874"/>
 <node id="4974413428" visible="true" version="2" changeset="99246467" timestamp="2021-02-14T11:49:51Z" user="mulgist" uid="12368943" lat="35.0254031" lon="126.7866538"/>
 <node id="4974413429" visible="true" version="2" changeset="99246467" timestamp="2021-02-14T11:49:51Z" user="mulgist" uid="12368943" lat="35.0249709" lon="126.7862572"/>
 <node id="4974413430" visible="true" version="3" changeset="99246467" timestamp="2021-02-14T11:49:51Z" user="mulgist" uid="12368943" lat="35.0242197" lon="126.7858247"/>
 <node id="4974413431" visible="true" version="3" changeset="99833188" timestamp="2021-02-23T14:03:21Z" user="mulgist" uid="12368943" lat="35.0237504" lon="126.7882018"/>
 <node id="4974413432" visible="true" version="3" changeset="99833188" timestamp="2021-02-23T14:03:21Z" user="mulgist" uid="12368943" lat="35.0237243" lon="126.7893924"/>
 <node id="4974413433" visible="true" version="3" changeset="99246467" timestamp="2021-02-14T11:49:51Z" user="mulgist" uid="12368943" lat="35.0252615" lon="126.7893526"/>
 <node id="4974413434" visible="true" version="3" changeset="99246467" timestamp="2021-02-14T11:49:51Z" user="mulgist" uid="12368943" lat="35.0255770" lon="126.7892666"/>
 <node id="4974413435" visible="true" version="3" changeset="99246467" timestamp="2021-02-14T11:49:51Z" user="mulgist" uid="12368943" lat="35.0257858" lon="126.7890923"/>
 <node id="4974413436" visible="true" version="3" changeset="99246467" timestamp="2021-02-14T11:49:51Z" user="mulgist" uid="12368943" lat="35.0237268" lon="126.7898769"/>
 <node id="4974413437" visible="true" version="3" changeset="99246467" timestamp="2021-02-14T11:49:51Z" user="mulgist" uid="12368943" lat="35.0244446" lon="126.7897736"/>
 <node id="4974413439" visible="true" version="2" changeset="53148353" timestamp="2017-10-22T10:44:02Z" user="FUKUTAN" uid="5207199" lat="35.0251497" lon="126.7904114"/>
 <node id="4974413441" visible="true" version="4" changeset="99246467" timestamp="2021-02-14T11:49:51Z" user="mulgist" uid="12368943" lat="35.0246270" lon="126.7932237"/>
 <node id="4974413442" visible="true" version="4" changeset="99833188" timestamp="2021-02-23T14:03:21Z" user="mulgist" uid="12368943" lat="35.0238239" lon="126.7912398"/>
 <node id="4974413443" visible="true" version="3" changeset="99219143" timestamp="2021-02-13T16:03:11Z" user="mulgist" uid="12368943" lat="35.0258318" lon="126.7903509"/>
 <node id="4974413453" visible="true" version="2" changeset="100138147" timestamp="2021-02-28T14:03:49Z" user="mulgist" uid="12368943" lat="35.0242234" lon="126.7851918"/>
 <node id="4974413459" visible="true" version="2" changeset="96646660" timestamp="2020-12-30T07:15:21Z" user="mulgist" uid="12368943" lat="35.0245086" lon="126.7948247"/>
 <node id="4974413460" visible="true" version="2" changeset="96646660" timestamp="2020-12-30T07:15:21Z" user="mulgist" uid="12368943" lat="35.0244551" lon="126.7944861"/>
 <node id="4974413461" visible="true" version="2" changeset="96646660" timestamp="2020-12-30T07:15:21Z" user="mulgist" uid="12368943" lat="35.0244341" lon="126.7944371"/>
 <node id="4974413462" visible="true" version="2" changeset="96646660" timestamp="2020-12-30T07:15:21Z" user="mulgist" uid="12368943" lat="35.0244016" lon="126.7944161"/>
 <node id="4974413463" visible="true" version="2" changeset="96646660" timestamp="2020-12-30T07:15:21Z" user="mulgist" uid="12368943" lat="35.0237227" lon="126.7945819"/>
 <node id="4974413464" visible="true" version="2" changeset="96646660" timestamp="2020-12-30T07:15:21Z" user="mulgist" uid="12368943" lat="35.0236883" lon="126.7946216"/>
 <node id="4974413465" visible="true" version="2" changeset="96646660" timestamp="2020-12-30T07:15:21Z" user="mulgist" uid="12368943" lat="35.0236730" lon="126.7946823"/>
 <node id="4974413466" visible="true" version="2" changeset="96646660" timestamp="2020-12-30T07:15:21Z" user="mulgist" uid="12368943" lat="35.0239120" lon="126.7959070"/>
 <node id="4974413467" visible="true" version="2" changeset="96646660" timestamp="2020-12-30T07:15:21Z" user="mulgist" uid="12368943" lat="35.0241022" lon="126.7958517"/>
 <node id="4974413468" visible="true" version="2" changeset="96646660" timestamp="2020-12-30T07:15:21Z" user="mulgist" uid="12368943" lat="35.0239159" lon="126.7948971"/>
 <node id="4974413469" visible="true" version="2" changeset="96646660" timestamp="2020-12-30T07:15:21Z" user="mulgist" uid="12368943" lat="35.0243052" lon="126.7950333"/>
 <node id="4974413470" visible="true" version="2" changeset="96646660" timestamp="2020-12-30T07:15:21Z" user="mulgist" uid="12368943" lat="35.0242043" lon="126.7954632"/>
 <node id="4974413471" visible="true" version="2" changeset="96646660" timestamp="2020-12-30T07:15:21Z" user="mulgist" uid="12368943" lat="35.0242468" lon="126.7954781"/>
 <node id="4974413472" visible="true" version="2" changeset="96646660" timestamp="2020-12-30T07:15:21Z" user="mulgist" uid="12368943" lat="35.0242088" lon="126.7956399"/>
 <node id="4974413473" visible="true" version="2" changeset="96646660" timestamp="2020-12-30T07:15:21Z" user="mulgist" uid="12368943" lat="35.0244510" lon="126.7957246"/>
 <node id="4974413474" visible="true" version="2" changeset="96646660" timestamp="2020-12-30T07:15:21Z" user="mulgist" uid="12368943" lat="35.0246505" lon="126.7948743"/>
 <node id="4974413475" visible="true" version="3" changeset="144397454" timestamp="2023-11-24T08:19:48Z" user="asdfqwer51" uid="3350410" lat="35.0277573" lon="126.7896344"/>
 <node id="4974413476" visible="true" version="3" changeset="100138147" timestamp="2021-02-28T14:03:49Z" user="mulgist" uid="12368943" lat="35.0267984" lon="126.7883789"/>
 <node id="4974413477" visible="true" version="3" changeset="99219143" timestamp="2021-02-13T16:03:11Z" user="mulgist" uid="12368943" lat="35.0264588" lon="126.7887849"/>
 <node id="4974413481" visible="true" version="2" changeset="54997523" timestamp="2017-12-29T00:32:00Z" user="FUKUTAN" uid="5207199" lat="35.0263604" lon="126.7914125"/>
 <node id="4974413482" visible="true" version="3" changeset="99219143" timestamp="2021-02-13T16:03:11Z" user="mulgist" uid="12368943" lat="35.0259969" lon="126.7898904"/>
 <node id="4974413486" visible="true" version="3" changeset="144333236" timestamp="2023-11-22T16:36:43Z" user="asdfqwer51" uid="3350410" lat="35.0287709" lon="126.7904386"/>
 <node id="4976382975" visible="true" version="3" changeset="144333236" timestamp="2023-11-22T16:36:43Z" user="asdfqwer51" uid="3350410" lat="35.0306963" lon="126.7859870"/>
 <node id="4976382996" visible="true" version="2" changeset="53130301" timestamp="2017-10-21T14:59:53Z" user="FUKUTAN" uid="5207199" lat="35.0248869" lon="126.7822706"/>
 <node id="4976382998" visible="true" version="2" changeset="96646660" timestamp="2020-12-30T07:15:21Z" user="mulgist" uid="12368943" lat="35.0228292" lon="126.7945483"/>
 <node id="4976382999" visible="true" version="3" changeset="96646660" timestamp="2020-12-30T07:15:21Z" user="mulgist" uid="12368943" lat="35.0224293" lon="126.7945569"/>
 <node id="4976383000" visible="true" version="4" changeset="96646660" timestamp="2020-12-30T07:15:21Z" user="mulgist" uid="12368943" lat="35.0213896" lon="126.7945788"/>
 <node id="4976383001" visible="true" version="3" changeset="96646660" timestamp="2020-12-30T07:15:21Z" user="mulgist" uid="12368943" lat="35.0213844" lon="126.7965228"/>
 <node id="4976383002" visible="true" version="4" changeset="96780587" timestamp="2021-01-01T17:12:51Z" user="mulgist" uid="12368943" lat="35.0231255" lon="126.7967470"/>
 <node id="4981242795" visible="true" version="3" changeset="54730316" timestamp="2017-12-18T13:10:10Z" user="user_5292863" uid="5292863" lat="35.0142185" lon="126.7846720"/>
 <node id="5180185959" visible="true" version="3" changeset="144333236" timestamp="2023-11-22T16:36:43Z" user="asdfqwer51" uid="3350410" lat="35.0230243" lon="126.7979900"/>
 <node id="5180185961" visible="true" version="4" changeset="144333236" timestamp="2023-11-22T16:36:43Z" user="asdfqwer51" uid="3350410" lat="35.0219869" lon="126.7992377"/>
 <node id="5180185962" visible="true" version="4" changeset="144333236" timestamp="2023-11-22T16:36:43Z" user="asdfqwer51" uid="3350410" lat="35.0220011" lon="126.8007319"/>
 <node id="5180185963" visible="true" version="4" changeset="171918325" timestamp="2025-09-14T13:36:20Z" user="FUKUTAN" uid="5207199" lat="35.0223040" lon="126.8011444"/>
 <node id="5180185964" visible="true" version="3" changeset="144333236" timestamp="2023-11-22T16:36:43Z" user="asdfqwer51" uid="3350410" lat="35.0287215" lon="126.7972830"/>
 <node id="5180185965" visible="true" version="3" changeset="144333236" timestamp="2023-11-22T16:36:43Z" user="asdfqwer51" uid="3350410" lat="35.0294365" lon="126.7968824"/>
 <node id="5180185966" visible="true" version="4" changeset="144333236" timestamp="2023-11-22T16:36:43Z" user="asdfqwer51" uid="3350410" lat="35.0296054" lon="126.7933280"/>
 <node id="5180185967" visible="true" version="5" changeset="144333236" timestamp="2023-11-22T16:36:43Z" user="asdfqwer51" uid="3350410" lat="35.0276878" lon="126.7923170"/>
 <node id="5180185969" visible="true" version="5" changeset="144333236" timestamp="2023-11-22T16:36:43Z" user="asdfqwer51" uid="3350410" lat="35.0261761" lon="126.7971646"/>
 <node id="5180185970" visible="true" version="5" changeset="144333236" timestamp="2023-11-22T16:36:43Z" user="asdfqwer51" uid="3350410" lat="35.0246631" lon="126.7981012"/>
 <node id="5180185973" visible="true" version="4" changeset="144333236" timestamp="2023-11-22T16:36:43Z" user="asdfqwer51" uid="3350410" lat="35.0251755" lon="126.7930850"/>
 <node id="5180185974" visible="true" version="5" changeset="144326721" timestamp="2023-11-22T13:28:24Z" user="asdfqwer51" uid="3350410" lat="35.0239313" lon="126.7939415"/>
 <node id="5180185975" visible="true" version="4" changeset="144326721" timestamp="2023-11-22T13:28:24Z" user="asdfqwer51" uid="3350410" lat="35.0197874" lon="126.7948691"/>
 <node id="5180185979" visible="true" version="3" changeset="144333236" timestamp="2023-11-22T16:36:43Z" user="asdfqwer51" uid="3350410" lat="35.0294207" lon="126.7815068">
  <tag k="highway" v="traffic_signals"/>
  <tag k="traffic_signals" v="signal"/>
 </node>
 <node id="5180185980" visible="true" version="3" changeset="124040733" timestamp="2022-07-25T08:53:04Z" user="FUKUTAN" uid="5207199" lat="35.0300108" lon="126.7820131"/>
 <node id="5180185987" visible="true" version="2" changeset="60015981" timestamp="2018-06-20T16:17:08Z" user="FUKUTAN" uid="5207199" lat="35.0102887" lon="126.7949984"/>
 <node id="5180185988" visible="true" version="1" changeset="53130301" timestamp="2017-10-21T14:59:42Z" user="FUKUTAN" uid="5207199" lat="35.0101079" lon="126.7948010"/>
 <node id="5180185989" visible="true" version="2" changeset="54975407" timestamp="2017-12-28T07:28:07Z" user="FUKUTAN" uid="5207199" lat="35.0097552" lon="126.7942353"/>
 <node id="5180185990" visible="true" version="2" changeset="55652821" timestamp="2018-01-22T12:04:00Z" user="FUKUTAN" uid="5207199" lat="35.0094909" lon="126.7931384"/>
 <node id="5180186020" visible="true" version="2" changeset="99601411" timestamp="2021-02-19T14:39:38Z" user="mulgist" uid="12368943" lat="35.0192764" lon="126.7881138"/>
 <node id="5180189921" visible="true" version="2" changeset="123960556" timestamp="2022-07-23T03:06:23Z" user="FUKUTAN" uid="5207199" lat="35.0199013" lon="126.7899774"/>
 <node id="5180189922" visible="true" version="1" changeset="53130301" timestamp="2017-10-21T14:59:42Z" user="FUKUTAN" uid="5207199" lat="35.0198370" lon="126.7900166"/>
 <node id="5180189923" visible="true" version="1" changeset="53130301" timestamp="2017-10-21T14:59:42Z" user="FUKUTAN" uid="5207199" lat="35.0197312" lon="126.7900284"/>
 <node id="5180189924" visible="true" version="1" changeset="53130301" timestamp="2017-10-21T14:59:42Z" user="FUKUTAN" uid="5207199" lat="35.0195588" lon="126.7899354"/>
 <node id="5180189925" visible="true" version="3" changeset="65610732" timestamp="2018-12-19T13:03:37Z" user="FUKUTAN" uid="5207199" lat="35.0202457" lon="126.7942772"/>
 <node id="5180189930" visible="true" version="5" changeset="144333236" timestamp="2023-11-22T16:36:43Z" user="asdfqwer51" uid="3350410" lat="35.0253587" lon="126.7928883"/>
 <node id="5180189932" visible="true" version="4" changeset="144332579" timestamp="2023-11-22T16:15:50Z" user="asdfqwer51" uid="3350410" lat="35.0199719" lon="126.7909876"/>
 <node id="5180189963" visible="true" version="2" changeset="100138147" timestamp="2021-02-28T14:03:49Z" user="mulgist" uid="12368943" lat="35.0243165" lon="126.7847597"/>
 <node id="5180189968" visible="true" version="1" changeset="53130301" timestamp="2017-10-21T14:59:43Z" user="FUKUTAN" uid="5207199" lat="35.0238851" lon="126.7867765"/>
 <node id="5180189969" visible="true" version="4" changeset="144326721" timestamp="2023-11-22T13:28:24Z" user="asdfqwer51" uid="3350410" lat="35.0197865" lon="126.7946751"/>
 <node id="5180189970" visible="true" version="4" changeset="144326721" timestamp="2023-11-22T13:28:24Z" user="asdfqwer51" uid="3350410" lat="35.0202500" lon="126.7946721"/>
 <node id="5180189972" visible="true" version="3" changeset="99601411" timestamp="2021-02-19T14:39:38Z" user="mulgist" uid="12368943" lat="35.0137392" lon="126.7901519"/>
 <node id="5180189973" visible="true" version="2" changeset="54730316" timestamp="2017-12-18T13:10:10Z" user="user_5292863" uid="5292863" lat="35.0138272" lon="126.7862451"/>
 <node id="5180190124" visible="true" version="1" changeset="53130301" timestamp="2017-10-21T14:59:44Z" user="FUKUTAN" uid="5207199" lat="35.0292071" lon="126.7814036"/>
 <node id="5180190125" visible="true" version="5" changeset="144333236" timestamp="2023-11-22T16:36:43Z" user="asdfqwer51" uid="3350410" lat="35.0244652" lon="126.7976077"/>
 <node id="5180190126" visible="true" version="5" changeset="144333236" timestamp="2023-11-22T16:36:43Z" user="asdfqwer51" uid="3350410" lat="35.0244576" lon="126.7975632"/>
 <node id="5180190127" visible="true" version="5" changeset="144333236" timestamp="2023-11-22T16:36:43Z" user="asdfqwer51" uid="3350410" lat="35.0244866" lon="126.7974848"/>
 <node id="5180190128" visible="true" version="5" changeset="144333236" timestamp="2023-11-22T16:36:43Z" user="asdfqwer51" uid="3350410" lat="35.0253643" lon="126.7969391"/>
 <node id="5180190129" visible="true" version="5" changeset="144333236" timestamp="2023-11-22T16:36:43Z" user="asdfqwer51" uid="3350410" lat="35.0254376" lon="126.7969621"/>
 <node id="5180190130" visible="true" version="5" changeset="144333236" timestamp="2023-11-22T16:36:43Z" user="asdfqwer51" uid="3350410" lat="35.0256650" lon="126.7974747"/>
 <node id="5180190131" visible="true" version="5" changeset="144333236" timestamp="2023-11-22T16:36:43Z" user="asdfqwer51" uid="3350410" lat="35.0260534" lon="126.7984008"/>
 <node id="5180190132" visible="true" version="5" changeset="144333236" timestamp="2023-11-22T16:36:43Z" user="asdfqwer51" uid="3350410" lat="35.0260608" lon="126.7984550"/>
 <node id="5180190133" visible="true" version="5" changeset="144333236" timestamp="2023-11-22T16:36:43Z" user="asdfqwer51" uid="3350410" lat="35.0260534" lon="126.7985181"/>
 <node id="5180190134" visible="true" version="5" changeset="144333236" timestamp="2023-11-22T16:36:43Z" user="asdfqwer51" uid="3350410" lat="35.0260165" lon="126.7985655"/>
 <node id="5180190135" visible="true" version="5" changeset="144333236" timestamp="2023-11-22T16:36:43Z" user="asdfqwer51" uid="3350410" lat="35.0251410" lon="126.7990910"/>
 <node id="5180190136" visible="true" version="5" changeset="144333236" timestamp="2023-11-22T16:36:43Z" user="asdfqwer51" uid="3350410" lat="35.0251022" lon="126.7990910"/>
 <node id="5180190137" visible="true" version="5" changeset="144333236" timestamp="2023-11-22T16:36:43Z" user="asdfqwer51" uid="3350410" lat="35.0250576" lon="126.7990709"/>
 <node id="5180190185" visible="true" version="3" changeset="144332579" timestamp="2023-11-22T16:15:50Z" user="asdfqwer51" uid="3350410" lat="35.0180275" lon="126.7930315"/>
 <node id="5180190195" visible="true" version="4" changeset="144332579" timestamp="2023-11-22T16:15:50Z" user="asdfqwer51" uid="3350410" lat="35.0196317" lon="126.7911215"/>
 <node id="5180190197" visible="true" version="3" changeset="99219143" timestamp="2021-02-13T16:03:11Z" user="mulgist" uid="12368943" lat="35.0208950" lon="126.7902535"/>
 <node id="5180190203" visible="true" version="2" changeset="99601411" timestamp="2021-02-19T14:39:38Z" user="mulgist" uid="12368943" lat="35.0191126" lon="126.7871940"/>
 <node id="5180190204" visible="true" version="2" changeset="99601411" timestamp="2021-02-19T14:39:38Z" user="mulgist" uid="12368943" lat="35.0186754" lon="126.7867446"/>
 <node id="5180190206" visible="true" version="1" changeset="53130301" timestamp="2017-10-21T14:59:46Z" user="FUKUTAN" uid="5207199" lat="35.0178506" lon="126.7861279"/>
 <node id="5180190207" visible="true" version="1" changeset="53130301" timestamp="2017-10-21T14:59:46Z" user="FUKUTAN" uid="5207199" lat="35.0175031" lon="126.7859110"/>
 <node id="5180190208" visible="true" version="2" changeset="99601411" timestamp="2021-02-19T14:39:38Z" user="mulgist" uid="12368943" lat="35.0171123" lon="126.7857145"/>
 <node id="5180190339" visible="true" version="2" changeset="99601411" timestamp="2021-02-19T14:39:38Z" user="mulgist" uid="12368943" lat="35.0139992" lon="126.7926757"/>
 <node id="5180190341" visible="true" version="3" changeset="99601411" timestamp="2021-02-19T14:39:38Z" user="mulgist" uid="12368943" lat="35.0137738" lon="126.7930295"/>
 <node id="5181473107" visible="true" version="2" changeset="99246467" timestamp="2021-02-14T11:49:51Z" user="mulgist" uid="12368943" lat="35.0251220" lon="126.7928763"/>
 <node id="5181473108" visible="true" version="2" changeset="99246467" timestamp="2021-02-14T11:49:51Z" user="mulgist" uid="12368943" lat="35.0239659" lon="126.7898190"/>
 <node id="5181473109" visible="true" version="1" changeset="53148353" timestamp="2017-10-22T10:43:48Z" user="FUKUTAN" uid="5207199" lat="35.0147535" lon="126.7943236"/>
 <node id="5181473110" visible="true" version="1" changeset="53148353" timestamp="2017-10-22T10:43:48Z" user="FUKUTAN" uid="5207199" lat="35.0159083" lon="126.7936477"/>
 <node id="5181473111" visible="true" version="2" changeset="144332579" timestamp="2023-11-22T16:15:50Z" user="asdfqwer51" uid="3350410" lat="35.0160455" lon="126.7939617"/>
 <node id="5181473544" visible="true" version="1" changeset="53148353" timestamp="2017-10-22T10:43:49Z" user="FUKUTAN" uid="5207199" lat="35.0173280" lon="126.7872947"/>
 <node id="5181473561" visible="true" version="2" changeset="124040733" timestamp="2022-07-25T08:53:04Z" user="FUKUTAN" uid="5207199" lat="35.0295647" lon="126.7816022"/>
 <node id="5181473562" visible="true" version="2" changeset="144333236" timestamp="2023-11-22T16:36:43Z" user="asdfqwer51" uid="3350410" lat="35.0290424" lon="126.7908110"/>
 <node id="5181473563" visible="true" version="2" changeset="99246467" timestamp="2021-02-14T11:49:51Z" user="mulgist" uid="12368943" lat="35.0243260" lon="126.7857745"/>
 <node id="5181473564" visible="true" version="2" changeset="99246467" timestamp="2021-02-14T11:49:51Z" user="mulgist" uid="12368943" lat="35.0248826" lon="126.7930976"/>
 <node id="5181473565" visible="true" version="5" changeset="144333236" timestamp="2023-11-22T16:36:43Z" user="asdfqwer51" uid="3350410" lat="35.0230134" lon="126.7954797"/>
 <node id="5181473566" visible="true" version="4" changeset="144333236" timestamp="2023-11-22T16:36:43Z" user="asdfqwer51" uid="3350410" lat="35.0233402" lon="126.7954330"/>
 <node id="5181473567" visible="true" version="3" changeset="144333236" timestamp="2023-11-22T16:36:43Z" user="asdfqwer51" uid="3350410" lat="35.0235665" lon="126.7955214"/>
 <node id="5181473568" visible="true" version="3" changeset="144333236" timestamp="2023-11-22T16:36:43Z" user="asdfqwer51" uid="3350410" lat="35.0236006" lon="126.7955654"/>
 <node id="5181473569" visible="true" version="3" changeset="144334816" timestamp="2023-11-22T17:12:52Z" user="asdfqwer51" uid="3350410" lat="35.0237016" lon="126.7961692"/>
 <node id="5181473570" visible="true" version="4" changeset="144334816" timestamp="2023-11-22T17:12:52Z" user="asdfqwer51" uid="3350410" lat="35.0238446" lon="126.7961479"/>
 <node id="5181473571" visible="true" version="4" changeset="144334816" timestamp="2023-11-22T17:12:52Z" user="asdfqwer51" uid="3350410" lat="35.0241589" lon="126.7960502"/>
 <node id="5181473572" visible="true" version="4" changeset="144334816" timestamp="2023-11-22T17:12:52Z" user="asdfqwer51" uid="3350410" lat="35.0246915" lon="126.7958214"/>
 <node id="5181473573" visible="true" version="4" changeset="131233215" timestamp="2023-01-13T14:53:00Z" user="FUKUTAN" uid="5207199" lat="35.0254305" lon="126.7954114"/>
 <node id="5181473574" visible="true" version="4" changeset="144334816" timestamp="2023-11-22T17:12:52Z" user="asdfqwer51" uid="3350410" lat="35.0244879" lon="126.7959116"/>
 <node id="5181473578" visible="true" version="2" changeset="96545122" timestamp="2020-12-28T15:20:53Z" user="mulgist" uid="12368943" lat="35.0178255" lon="126.7975689"/>
 <node id="5181473579" visible="true" version="2" changeset="96545919" timestamp="2020-12-28T15:35:40Z" user="mulgist" uid="12368943" lat="35.0178586" lon="126.8007219"/>
 <node id="5181473580" visible="true" version="2" changeset="96545919" timestamp="2020-12-28T15:35:40Z" user="mulgist" uid="12368943" lat="35.0184397" lon="126.8008502"/>
 <node id="5181473581" visible="true" version="2" changeset="96545919" timestamp="2020-12-28T15:35:40Z" user="mulgist" uid="12368943" lat="35.0188408" lon="126.8008999"/>
 <node id="5181473582" visible="true" version="3" changeset="176319095" timestamp="2025-12-23T17:30:15Z" user="aaei924" uid="10626814" lat="35.0210198" lon="126.8008779"/>
 <node id="5181473583" visible="true" version="2" changeset="96545122" timestamp="2020-12-28T15:20:53Z" user="mulgist" uid="12368943" lat="35.0178174" lon="126.7963889"/>
 <node id="5181473584" visible="true" version="2" changeset="96545122" timestamp="2020-12-28T15:20:53Z" user="mulgist" uid="12368943" lat="35.0210761" lon="126.7963881"/>
 <node id="5181473585" visible="true" version="2" changeset="96545122" timestamp="2020-12-28T15:20:53Z" user="mulgist" uid="12368943" lat="35.0210747" lon="126.7975667"/>
 <node id="5181473597" visible="true" version="4" changeset="185763392" timestamp="2026-07-15T06:20:29Z" user="야광멧돼지" uid="12393144" lat="35.0191237" lon="126.7908841"/>
 <node id="5181473598" visible="true" version="4" changeset="185763392" timestamp="2026-07-15T06:20:29Z" user="야광멧돼지" uid="12393144" lat="35.0191440" lon="126.7909415"/>
 <node id="5181473599" visible="true" version="3" changeset="144332579" timestamp="2023-11-22T16:15:50Z" user="asdfqwer51" uid="3350410" lat="35.0192236" lon="126.7909920"/>
 <node id="5181473600" visible="true" version="2" changeset="144332579" timestamp="2023-11-22T16:15:50Z" user="asdfqwer51" uid="3350410" lat="35.0193779" lon="126.7909398"/>
 <node id="5181473601" visible="true" version="2" changeset="144332579" timestamp="2023-11-22T16:15:50Z" user="asdfqwer51" uid="3350410" lat="35.0195842" lon="126.7908154"/>
 <node id="5181473602" visible="true" version="2" changeset="144332579" timestamp="2023-11-22T16:15:50Z" user="asdfqwer51" uid="3350410" lat="35.0196861" lon="126.7906751"/>
 <node id="5181473603" visible="true" version="2" changeset="144332579" timestamp="2023-11-22T16:15:50Z" user="asdfqwer51" uid="3350410" lat="35.0197802" lon="126.7906081"/>
 <node id="5181473604" visible="true" version="3" changeset="144332579" timestamp="2023-11-22T16:15:50Z" user="asdfqwer51" uid="3350410" lat="35.0200179" lon="126.7906410"/>
 <node id="5181473605" visible="true" version="2" changeset="144332579" timestamp="2023-11-22T16:15:50Z" user="asdfqwer51" uid="3350410" lat="35.0201119" lon="126.7906272"/>
 <node id="5181473606" visible="true" version="3" changeset="144332579" timestamp="2023-11-22T16:15:50Z" user="asdfqwer51" uid="3350410" lat="35.0202855" lon="126.7905889"/>
 <node id="5181473607" visible="true" version="3" changeset="144332579" timestamp="2023-11-22T16:15:50Z" user="asdfqwer51" uid="3350410" lat="35.0204437" lon="126.7905919"/>
 <node id="5181473608" visible="true" version="3" changeset="144332579" timestamp="2023-11-22T16:15:50Z" user="asdfqwer51" uid="3350410" lat="35.0206074" lon="126.7906375"/>
 <node id="5181473609" visible="true" version="3" changeset="144332579" timestamp="2023-11-22T16:15:50Z" user="asdfqwer51" uid="3350410" lat="35.0206732" lon="126.7905391"/>
 <node id="5181473610" visible="true" version="3" changeset="144332579" timestamp="2023-11-22T16:15:50Z" user="asdfqwer51" uid="3350410" lat="35.0207967" lon="126.7904210"/>
 <node id="5181473611" visible="true" version="4" changeset="185763392" timestamp="2026-07-15T06:20:29Z" user="야광멧돼지" uid="12393144" lat="35.0205736" lon="126.7897764"/>
 <node id="5181473612" visible="true" version="4" changeset="185763392" timestamp="2026-07-15T06:20:29Z" user="야광멧돼지" uid="12393144" lat="35.0205003" lon="126.7896787"/>
 <node id="5181473613" visible="true" version="3" changeset="185763392" timestamp="2026-07-15T06:20:29Z" user="야광멧돼지" uid="12393144" lat="35.0200254" lon="126.7899615"/>
 <node id="5181473614" visible="true" version="3" changeset="185763392" timestamp="2026-07-15T06:20:29Z" user="야광멧돼지" uid="12393144" lat="35.0198807" lon="126.7901730"/>
 <node id="5181473615" visible="true" version="4" changeset="185763392" timestamp="2026-07-15T06:20:29Z" user="야광멧돼지" uid="12393144" lat="35.0195023" lon="126.7901320"/>
 <node id="5181473616" visible="true" version="4" changeset="185763392" timestamp="2026-07-15T06:20:29Z" user="야광멧돼지" uid="12393144" lat="35.0193293" lon="126.7900899"/>
 <node id="5181473617" visible="true" version="4" changeset="185763392" timestamp="2026-07-15T06:20:29Z" user="야광멧돼지" uid="12393144" lat="35.0192567" lon="126.7901002"/>
 <node id="5181473618" visible="true" version="4" changeset="185763392" timestamp="2026-07-15T06:20:29Z" user="야광멧돼지" uid="12393144" lat="35.0191875" lon="126.7902123"/>
 <node id="5181473619" visible="true" version="4" changeset="185763392" timestamp="2026-07-15T06:20:29Z" user="야광멧돼지" uid="12393144" lat="35.0191650" lon="126.7902955"/>
 <node id="5181473620" visible="true" version="4" changeset="185763392" timestamp="2026-07-15T06:20:29Z" user="야광멧돼지" uid="12393144" lat="35.0191961" lon="126.7905004"/>
 <node id="5181473621" visible="true" version="4" changeset="185763392" timestamp="2026-07-15T06:20:29Z" user="야광멧돼지" uid="12393144" lat="35.0192074" lon="126.7906636"/>
 <node id="5181473622" visible="true" version="4" changeset="185763392" timestamp="2026-07-15T06:20:29Z" user="야광멧돼지" uid="12393144" lat="35.0191764" lon="126.7907544"/>
 <node id="5181473623" visible="true" version="4" changeset="185763392" timestamp="2026-07-15T06:20:29Z" user="야광멧돼지" uid="12393144" lat="35.0191435" lon="126.7908237"/>
 <node id="5181473629" visible="true" version="2" changeset="96383241" timestamp="2020-12-24T11:54:34Z" user="mulgist" uid="12368943" lat="35.0147153" lon="126.7893682"/>
 <node id="5181473632" visible="true" version="5" changeset="176319095" timestamp="2025-12-23T17:30:15Z" user="aaei924" uid="10626814" lat="35.0211245" lon="126.7893214"/>
 <node id="5181473633" visible="true" version="6" changeset="176319095" timestamp="2025-12-23T17:30:15Z" user="aaei924" uid="10626814" lat="35.0212536" lon="126.7901081">
  <tag k="bus" v="yes"/>
  <tag k="name" v="빛가람행정복지센터"/>
  <tag k="name:en" v="Bitgaram Administration Welfare Center"/>
  <tag k="operator" v="나주시"/>
  <tag k="public_transport" v="stop_position"/>
 </node>
 <node id="5181473634" visible="true" version="3" changeset="99601411" timestamp="2021-02-19T14:39:38Z" user="mulgist" uid="12368943" lat="35.0210872" lon="126.7892916"/>
 <node id="5181473635" visible="true" version="2" changeset="99601411" timestamp="2021-02-19T14:39:38Z" user="mulgist" uid="12368943" lat="35.0210519" lon="126.7894074"/>
 <node id="5181473636" visible="true" version="2" changeset="99562383" timestamp="2021-02-19T05:10:29Z" user="mulgist" uid="12368943" lat="35.0209087" lon="126.7894704"/>
 <node id="5181473637" visible="true" version="2" changeset="99562383" timestamp="2021-02-19T05:10:29Z" user="mulgist" uid="12368943" lat="35.0207500" lon="126.7894585"/>
 <node id="5181473638" visible="true" version="2" changeset="99562383" timestamp="2021-02-19T05:10:29Z" user="mulgist" uid="12368943" lat="35.0206162" lon="126.7894547"/>
 <node id="5181473639" visible="true" version="3" changeset="99601411" timestamp="2021-02-19T14:39:38Z" user="mulgist" uid="12368943" lat="35.0205870" lon="126.7894504"/>
 <node id="5181473640" visible="true" version="2" changeset="99601411" timestamp="2021-02-19T14:39:38Z" user="mulgist" uid="12368943" lat="35.0203435" lon="126.7893357"/>
 <node id="5181473641" visible="true" version="2" changeset="99601411" timestamp="2021-02-19T14:39:38Z" user="mulgist" uid="12368943" lat="35.0201798" lon="126.7892159"/>
 <node id="5181473642" visible="true" version="2" changeset="99601411" timestamp="2021-02-19T14:39:38Z" user="mulgist" uid="12368943" lat="35.0199676" lon="126.7890369"/>
 <node id="5181473643" visible="true" version="2" changeset="99601411" timestamp="2021-02-19T14:39:38Z" user="mulgist" uid="12368943" lat="35.0198149" lon="126.7888346"/>
 <node id="5181473644" visible="true" version="2" changeset="99601411" timestamp="2021-02-19T14:39:38Z" user="mulgist" uid="12368943" lat="35.0196893" lon="126.7886064"/>
 <node id="5181473645" visible="true" version="2" changeset="99601411" timestamp="2021-02-19T14:39:38Z" user="mulgist" uid="12368943" lat="35.0195433" lon="126.7883069"/>
 <node id="5181473646" visible="true" version="2" changeset="99601411" timestamp="2021-02-19T14:39:38Z" user="mulgist" uid="12368943" lat="35.0194800" lon="126.7881283"/>
 <node id="5181473647" visible="true" version="2" changeset="99601411" timestamp="2021-02-19T14:39:38Z" user="mulgist" uid="12368943" lat="35.0194127" lon="126.7879235"/>
 <node id="5181473648" visible="true" version="2" changeset="99601411" timestamp="2021-02-19T14:39:38Z" user="mulgist" uid="12368943" lat="35.0193512" lon="126.7878041"/>
 <node id="5181473649" visible="true" version="2" changeset="99601411" timestamp="2021-02-19T14:39:38Z" user="mulgist" uid="12368943" lat="35.0192519" lon="126.7876724"/>
 <node id="5181473650" visible="true" version="2" changeset="99601411" timestamp="2021-02-19T14:39:38Z" user="mulgist" uid="12368943" lat="35.0191289" lon="126.7875625"/>
 <node id="5181473651" visible="true" version="1" changeset="53148353" timestamp="2017-10-22T10:43:50Z" user="FUKUTAN" uid="5207199" lat="35.0189854" lon="126.7874828"/>
 <node id="5181473652" visible="true" version="1" changeset="53148353" timestamp="2017-10-22T10:43:50Z" user="FUKUTAN" uid="5207199" lat="35.0188757" lon="126.7874764"/>
 <node id="5181473653" visible="true" version="1" changeset="53148353" timestamp="2017-10-22T10:43:50Z" user="FUKUTAN" uid="5207199" lat="35.0184473" lon="126.7874637"/>
 <node id="5181473654" visible="true" version="2" changeset="124040733" timestamp="2022-07-25T08:53:04Z" user="FUKUTAN" uid="5207199" lat="35.0183317" lon="126.7874530"/>
 <node id="5181473657" visible="true" version="2" changeset="124040733" timestamp="2022-07-25T08:53:04Z" user="FUKUTAN" uid="5207199" lat="35.0180044" lon="126.7870873"/>
 <node id="5181473658" visible="true" version="1" changeset="53148353" timestamp="2017-10-22T10:43:50Z" user="FUKUTAN" uid="5207199" lat="35.0178491" lon="126.7866981"/>
 <node id="5181473659" visible="true" version="1" changeset="53148353" timestamp="2017-10-22T10:43:50Z" user="FUKUTAN" uid="5207199" lat="35.0177707" lon="126.7865131"/>
 <node id="5181473660" visible="true" version="2" changeset="124040733" timestamp="2022-07-25T08:53:04Z" user="FUKUTAN" uid="5207199" lat="35.0177347" lon="126.7864492"/>
 <node id="5181473661" visible="true" version="2" changeset="124040733" timestamp="2022-07-25T08:53:04Z" user="FUKUTAN" uid="5207199" lat="35.0176361" lon="126.7863773"/>
 <node id="5181473662" visible="true" version="2" changeset="99601411" timestamp="2021-02-19T14:39:38Z" user="mulgist" uid="12368943" lat="35.0175646" lon="126.7863834"/>
 <node id="5181473663" visible="true" version="2" changeset="99601411" timestamp="2021-02-19T14:39:38Z" user="mulgist" uid="12368943" lat="35.0174155" lon="126.7864018"/>
 <node id="5181473664" visible="true" version="2" changeset="99601411" timestamp="2021-02-19T14:39:38Z" user="mulgist" uid="12368943" lat="35.0167748" lon="126.7864160"/>
 <node id="5181473665" visible="true" version="2" changeset="99601411" timestamp="2021-02-19T14:39:38Z" user="mulgist" uid="12368943" lat="35.0167258" lon="126.7863997"/>
 <node id="5181473666" visible="true" version="2" changeset="99601411" timestamp="2021-02-19T14:39:38Z" user="mulgist" uid="12368943" lat="35.0166941" lon="126.7863522"/>
 <node id="5181473667" visible="true" version="2" changeset="99601411" timestamp="2021-02-19T14:39:38Z" user="mulgist" uid="12368943" lat="35.0167101" lon="126.7862770"/>
 <node id="5181473668" visible="true" version="2" changeset="99601411" timestamp="2021-02-19T14:39:38Z" user="mulgist" uid="12368943" lat="35.0167382" lon="126.7861399"/>
 <node id="5181473669" visible="true" version="2" changeset="99601411" timestamp="2021-02-19T14:39:38Z" user="mulgist" uid="12368943" lat="35.0167806" lon="126.7859574"/>
 <node id="5181473670" visible="true" version="2" changeset="99601411" timestamp="2021-02-19T14:39:38Z" user="mulgist" uid="12368943" lat="35.0167014" lon="126.7858416"/>
 <node id="5181473674" visible="true" version="2" changeset="99601411" timestamp="2021-02-19T14:39:38Z" user="mulgist" uid="12368943" lat="35.0158817" lon="126.7857358"/>
 <node id="5181473676" visible="true" version="2" changeset="99601411" timestamp="2021-02-19T14:39:38Z" user="mulgist" uid="12368943" lat="35.0151646" lon="126.7859088"/>
 <node id="5181473677" visible="true" version="2" changeset="99601411" timestamp="2021-02-19T14:39:38Z" user="mulgist" uid="12368943" lat="35.0150736" lon="126.7859447"/>
 <node id="5181473678" visible="true" version="3" changeset="141712425" timestamp="2023-09-25T05:17:57Z" user="FUKUTAN" uid="5207199" lat="35.0149764" lon="126.7855528"/>
 <node id="5181473679" visible="true" version="2" changeset="99601411" timestamp="2021-02-19T14:39:38Z" user="mulgist" uid="12368943" lat="35.0149079" lon="126.7852805"/>
 <node id="5181473680" visible="true" version="2" changeset="99601411" timestamp="2021-02-19T14:39:38Z" user="mulgist" uid="12368943" lat="35.0147922" lon="126.7848759"/>
 <node id="5181473681" visible="true" version="2" changeset="99601411" timestamp="2021-02-19T14:39:38Z" user="mulgist" uid="12368943" lat="35.0145704" lon="126.7844076"/>
 <node id="5181473682" visible="true" version="3" changeset="99601411" timestamp="2021-02-19T14:39:38Z" user="mulgist" uid="12368943" lat="35.0145475" lon="126.7840242"/>
 <node id="5181473700" visible="true" version="3" changeset="185763392" timestamp="2026-07-15T06:20:29Z" user="야광멧돼지" uid="12393144" lat="35.0179722" lon="126.7888015"/>
 <node id="5181473701" visible="true" version="1" changeset="53148353" timestamp="2017-10-22T10:43:51Z" user="FUKUTAN" uid="5207199" lat="35.0140240" lon="126.7926761"/>
 <node id="5181473703" visible="true" version="2" changeset="99630021" timestamp="2021-02-20T08:24:13Z" user="mulgist" uid="12368943" lat="35.0140536" lon="126.7929492"/>
 <node id="5181473704" visible="true" version="2" changeset="99630021" timestamp="2021-02-20T08:24:13Z" user="mulgist" uid="12368943" lat="35.0139707" lon="126.7932059"/>
 <node id="5181473705" visible="true" version="2" changeset="99630021" timestamp="2021-02-20T08:24:13Z" user="mulgist" uid="12368943" lat="35.0139147" lon="126.7934738"/>
 <node id="5181473706" visible="true" version="2" changeset="99630021" timestamp="2021-02-20T08:24:13Z" user="mulgist" uid="12368943" lat="35.0138780" lon="126.7937169"/>
 <node id="5181473707" visible="true" version="2" changeset="99630021" timestamp="2021-02-20T08:24:13Z" user="mulgist" uid="12368943" lat="35.0138795" lon="126.7939752"/>
 <node id="5181473708" visible="true" version="2" changeset="99601411" timestamp="2021-02-19T14:39:38Z" user="mulgist" uid="12368943" lat="35.0138880" lon="126.7941503"/>
 <node id="5181473709" visible="true" version="2" changeset="99601411" timestamp="2021-02-19T14:39:38Z" user="mulgist" uid="12368943" lat="35.0137951" lon="126.7942868"/>
 <node id="5181473710" visible="true" version="2" changeset="99601411" timestamp="2021-02-19T14:39:38Z" user="mulgist" uid="12368943" lat="35.0137977" lon="126.7944105"/>
 <node id="5181473711" visible="true" version="1" changeset="53148353" timestamp="2017-10-22T10:43:51Z" user="FUKUTAN" uid="5207199" lat="35.0137888" lon="126.7944431"/>
 <node id="5181473712" visible="true" version="1" changeset="53148353" timestamp="2017-10-22T10:43:51Z" user="FUKUTAN" uid="5207199" lat="35.0138385" lon="126.7944431"/>
 <node id="5181473713" visible="true" version="2" changeset="99630021" timestamp="2021-02-20T08:24:13Z" user="mulgist" uid="12368943" lat="35.0139609" lon="126.7944739"/>
 <node id="5181473714" visible="true" version="2" changeset="99630021" timestamp="2021-02-20T08:24:13Z" user="mulgist" uid="12368943" lat="35.0139797" lon="126.7945620"/>
 <node id="5181473715" visible="true" version="2" changeset="99630021" timestamp="2021-02-20T08:24:13Z" user="mulgist" uid="12368943" lat="35.0139920" lon="126.7946884"/>
 <node id="5181473716" visible="true" version="2" changeset="99630021" timestamp="2021-02-20T08:24:13Z" user="mulgist" uid="12368943" lat="35.0139796" lon="126.7948864"/>
 <node id="5181473717" visible="true" version="2" changeset="99630021" timestamp="2021-02-20T08:24:13Z" user="mulgist" uid="12368943" lat="35.0139698" lon="126.7950862"/>
 <node id="5181473718" visible="true" version="2" changeset="99630021" timestamp="2021-02-20T08:24:13Z" user="mulgist" uid="12368943" lat="35.0140348" lon="126.7951059"/>
 <node id="5181473719" visible="true" version="2" changeset="99630021" timestamp="2021-02-20T08:24:13Z" user="mulgist" uid="12368943" lat="35.0141429" lon="126.7951142"/>
 <node id="5181473720" visible="true" version="2" changeset="99630021" timestamp="2021-02-20T08:24:13Z" user="mulgist" uid="12368943" lat="35.0142768" lon="126.7950409"/>
 <node id="5181473721" visible="true" version="2" changeset="99630021" timestamp="2021-02-20T08:24:13Z" user="mulgist" uid="12368943" lat="35.0143727" lon="126.7949624"/>
 <node id="5181473722" visible="true" version="2" changeset="99630021" timestamp="2021-02-20T08:24:13Z" user="mulgist" uid="12368943" lat="35.0144441" lon="126.7948477"/>
 <node id="5181473723" visible="true" version="2" changeset="99630021" timestamp="2021-02-20T08:24:13Z" user="mulgist" uid="12368943" lat="35.0144956" lon="126.7947160"/>
 <node id="5181473724" visible="true" version="2" changeset="99630021" timestamp="2021-02-20T08:24:13Z" user="mulgist" uid="12368943" lat="35.0145334" lon="126.7945683"/>
 <node id="5181473725" visible="true" version="3" changeset="99630021" timestamp="2021-02-20T08:24:13Z" user="mulgist" uid="12368943" lat="35.0145328" lon="126.7944923"/>
 <node id="5181473726" visible="true" version="1" changeset="53148353" timestamp="2017-10-22T10:43:51Z" user="FUKUTAN" uid="5207199" lat="35.0151984" lon="126.7940787"/>
 <node id="5181473727" visible="true" version="1" changeset="53148353" timestamp="2017-10-22T10:43:51Z" user="FUKUTAN" uid="5207199" lat="35.0150845" lon="126.7940968"/>
 <node id="5181473728" visible="true" version="1" changeset="53148353" timestamp="2017-10-22T10:43:51Z" user="FUKUTAN" uid="5207199" lat="35.0153746" lon="126.7939105"/>
 <node id="5181473729" visible="true" version="2" changeset="99630021" timestamp="2021-02-20T08:24:13Z" user="mulgist" uid="12368943" lat="35.0159208" lon="126.7936099"/>
 <node id="5181473730" visible="true" version="2" changeset="99630021" timestamp="2021-02-20T08:24:13Z" user="mulgist" uid="12368943" lat="35.0160113" lon="126.7938312"/>
 <node id="5181473731" visible="true" version="2" changeset="99630021" timestamp="2021-02-20T08:24:13Z" user="mulgist" uid="12368943" lat="35.0161049" lon="126.7937280"/>
 <node id="5181473732" visible="true" version="2" changeset="99630021" timestamp="2021-02-20T08:24:13Z" user="mulgist" uid="12368943" lat="35.0162272" lon="126.7936563"/>
 <node id="5181473733" visible="true" version="2" changeset="99630021" timestamp="2021-02-20T08:24:13Z" user="mulgist" uid="12368943" lat="35.0163408" lon="126.7935929"/>
 <node id="5181473734" visible="true" version="2" changeset="99630021" timestamp="2021-02-20T08:24:13Z" user="mulgist" uid="12368943" lat="35.0164645" lon="126.7935630"/>
 <node id="5181473735" visible="true" version="2" changeset="99630021" timestamp="2021-02-20T08:24:13Z" user="mulgist" uid="12368943" lat="35.0165434" lon="126.7935521"/>
 <node id="5181473736" visible="true" version="2" changeset="99630021" timestamp="2021-02-20T08:24:13Z" user="mulgist" uid="12368943" lat="35.0166525" lon="126.7934906"/>
 <node id="5181473737" visible="true" version="2" changeset="99630021" timestamp="2021-02-20T08:24:13Z" user="mulgist" uid="12368943" lat="35.0167590" lon="126.7933661"/>
 <node id="5181473738" visible="true" version="2" changeset="99630021" timestamp="2021-02-20T08:24:13Z" user="mulgist" uid="12368943" lat="35.0168441" lon="126.7932029"/>
 <node id="5181473739" visible="true" version="2" changeset="99630021" timestamp="2021-02-20T08:24:13Z" user="mulgist" uid="12368943" lat="35.0170207" lon="126.7930153"/>
 <node id="5181473741" visible="true" version="2" changeset="99630021" timestamp="2021-02-20T08:24:13Z" user="mulgist" uid="12368943" lat="35.0171272" lon="126.7929171"/>
 <node id="5181473742" visible="true" version="2" changeset="99630021" timestamp="2021-02-20T08:24:13Z" user="mulgist" uid="12368943" lat="35.0172080" lon="126.7929029"/>
 <node id="5181473744" visible="true" version="2" changeset="99630021" timestamp="2021-02-20T08:24:13Z" user="mulgist" uid="12368943" lat="35.0173845" lon="126.7928882"/>
 <node id="5181473748" visible="true" version="2" changeset="99630021" timestamp="2021-02-20T08:24:13Z" user="mulgist" uid="12368943" lat="35.0179560" lon="126.7929035"/>
 <node id="5181473749" visible="true" version="2" changeset="99630021" timestamp="2021-02-20T08:24:13Z" user="mulgist" uid="12368943" lat="35.0181465" lon="126.7927134"/>
 <node id="5181473750" visible="true" version="2" changeset="99630021" timestamp="2021-02-20T08:24:13Z" user="mulgist" uid="12368943" lat="35.0180775" lon="126.7928214"/>
 <node id="5181473751" visible="true" version="2" changeset="54730316" timestamp="2017-12-18T13:10:10Z" user="user_5292863" uid="5292863" lat="35.0148582" lon="126.7947943"/>
 <node id="5181473752" visible="true" version="2" changeset="99601411" timestamp="2021-02-19T14:39:38Z" user="mulgist" uid="12368943" lat="35.0181581" lon="126.7873419"/>
 <node id="5181473753" visible="true" version="3" changeset="124040733" timestamp="2022-07-25T08:53:04Z" user="FUKUTAN" uid="5207199" lat="35.0182722" lon="126.7864209"/>
 <node id="5181473758" visible="true" version="3" changeset="124040733" timestamp="2022-07-25T08:53:04Z" user="FUKUTAN" uid="5207199" lat="35.0181816" lon="126.7863507"/>
 <node id="5181473771" visible="true" version="2" changeset="99601411" timestamp="2021-02-19T14:39:38Z" user="mulgist" uid="12368943" lat="35.0197623" lon="126.7879824"/>
 <node id="5181473773" visible="true" version="2" changeset="99601411" timestamp="2021-02-19T14:39:38Z" user="mulgist" uid="12368943" lat="35.0194568" lon="126.7880436"/>
 <node id="5181473783" visible="true" version="2" changeset="99601411" timestamp="2021-02-19T14:39:38Z" user="mulgist" uid="12368943" lat="35.0192910" lon="126.7873858"/>
 <node id="5181473786" visible="true" version="1" changeset="53148353" timestamp="2017-10-22T10:43:52Z" user="FUKUTAN" uid="5207199" lat="35.0186036" lon="126.7860561"/>
 <node id="5181473787" visible="true" version="2" changeset="99601411" timestamp="2021-02-19T14:39:38Z" user="mulgist" uid="12368943" lat="35.0199424" lon="126.7878386"/>
 <node id="5181473788" visible="true" version="2" changeset="99601411" timestamp="2021-02-19T14:39:38Z" user="mulgist" uid="12368943" lat="35.0204106" lon="126.7883019"/>
 <node id="5181473789" visible="true" version="2" changeset="99601411" timestamp="2021-02-19T14:39:38Z" user="mulgist" uid="12368943" lat="35.0202823" lon="126.7882297"/>
 <node id="5181473809" visible="true" version="3" changeset="99630021" timestamp="2021-02-20T08:24:13Z" user="mulgist" uid="12368943" lat="35.0140726" lon="126.7927285"/>
 <node id="5181473994" visible="true" version="2" changeset="99601411" timestamp="2021-02-19T14:39:38Z" user="mulgist" uid="12368943" lat="35.0187476" lon="126.7874669"/>
 <node id="5181474001" visible="true" version="2" changeset="99601411" timestamp="2021-02-19T14:39:38Z" user="mulgist" uid="12368943" lat="35.0190213" lon="126.7870946"/>
 <node id="5181474003" visible="true" version="5" changeset="144332579" timestamp="2023-11-22T16:15:50Z" user="asdfqwer51" uid="3350410" lat="35.0217937" lon="126.7909779"/>
 <node id="5181474004" visible="true" version="3" changeset="144332579" timestamp="2023-11-22T16:15:50Z" user="asdfqwer51" uid="3350410" lat="35.0217910" lon="126.7907347"/>
 <node id="5181474005" visible="true" version="3" changeset="144332579" timestamp="2023-11-22T16:15:50Z" user="asdfqwer51" uid="3350410" lat="35.0215986" lon="126.7907310"/>
 <node id="5181474006" visible="true" version="3" changeset="144332579" timestamp="2023-11-22T16:15:50Z" user="asdfqwer51" uid="3350410" lat="35.0220314" lon="126.7907278"/>
 <node id="5181474010" visible="true" version="4" changeset="144333236" timestamp="2023-11-22T16:36:43Z" user="asdfqwer51" uid="3350410" lat="35.0223534" lon="126.7893135"/>
 <node id="5181474011" visible="true" version="4" changeset="144333236" timestamp="2023-11-22T16:36:43Z" user="asdfqwer51" uid="3350410" lat="35.0223638" lon="126.7899114"/>
 <node id="5181474012" visible="true" version="4" changeset="174046299" timestamp="2025-11-01T05:13:14Z" user="torisugari" uid="22158042" lat="35.0232203" lon="126.7941757">
  <tag k="bus" v="yes"/>
  <tag k="name" v="우정사업정보센터"/>
  <tag k="name:en" v="Korea Post"/>
  <tag k="operator" v="나주시"/>
  <tag k="public_transport" v="stop_position"/>
 </node>
 <node id="5181474017" visible="true" version="2" changeset="99219143" timestamp="2021-02-13T16:03:11Z" user="mulgist" uid="12368943" lat="35.0216611" lon="126.7895625"/>
 <node id="5181474018" visible="true" version="3" changeset="99219143" timestamp="2021-02-13T16:03:11Z" user="mulgist" uid="12368943" lat="35.0219800" lon="126.7895011"/>
 <node id="5181474019" visible="true" version="3" changeset="99219143" timestamp="2021-02-13T16:03:11Z" user="mulgist" uid="12368943" lat="35.0223015" lon="126.7896708"/>
 <node id="5181474020" visible="true" version="2" changeset="99219143" timestamp="2021-02-13T16:03:11Z" user="mulgist" uid="12368943" lat="35.0226484" lon="126.7897412"/>
 <node id="5181474021" visible="true" version="2" changeset="99219143" timestamp="2021-02-13T16:03:11Z" user="mulgist" uid="12368943" lat="35.0227865" lon="126.7896625"/>
 <node id="5181474022" visible="true" version="2" changeset="99219143" timestamp="2021-02-13T16:03:11Z" user="mulgist" uid="12368943" lat="35.0230962" lon="126.7896382"/>
 <node id="5181474023" visible="true" version="2" changeset="99219143" timestamp="2021-02-13T16:03:11Z" user="mulgist" uid="12368943" lat="35.0232910" lon="126.7897133"/>
 <node id="5181474024" visible="true" version="2" changeset="99219143" timestamp="2021-02-13T16:03:11Z" user="mulgist" uid="12368943" lat="35.0234877" lon="126.7897869"/>
 <node id="5181474025" visible="true" version="2" changeset="99219143" timestamp="2021-02-13T16:03:11Z" user="mulgist" uid="12368943" lat="35.0237608" lon="126.7897600"/>
 <node id="5181474026" visible="true" version="2" changeset="99219143" timestamp="2021-02-13T16:03:11Z" user="mulgist" uid="12368943" lat="35.0241061" lon="126.7896558"/>
 <node id="5181474027" visible="true" version="2" changeset="99219143" timestamp="2021-02-13T16:03:11Z" user="mulgist" uid="12368943" lat="35.0243914" lon="126.7896646"/>
 <node id="5181474044" visible="true" version="3" changeset="176319095" timestamp="2025-12-23T17:30:15Z" user="aaei924" uid="10626814" lat="35.0211971" lon="126.7797310"/>
 <node id="5181474046" visible="true" version="3" changeset="99630021" timestamp="2021-02-20T08:24:13Z" user="mulgist" uid="12368943" lat="35.0199461" lon="126.7917674"/>
 <node id="5181474047" visible="true" version="4" changeset="144332579" timestamp="2023-11-22T16:15:50Z" user="asdfqwer51" uid="3350410" lat="35.0198891" lon="126.7910081"/>
 <node id="5181474084" visible="true" version="3" changeset="124040733" timestamp="2022-07-25T08:53:04Z" user="FUKUTAN" uid="5207199" lat="35.0283978" lon="126.7815054"/>
 <node id="5181474085" visible="true" version="2" changeset="99630021" timestamp="2021-02-20T08:24:13Z" user="mulgist" uid="12368943" lat="35.0284805" lon="126.7817692"/>
 <node id="5181474086" visible="true" version="1" changeset="53148353" timestamp="2017-10-22T10:43:56Z" user="FUKUTAN" uid="5207199" lat="35.0285743" lon="126.7820564"/>
 <node id="5181474087" visible="true" version="3" changeset="144334816" timestamp="2023-11-22T17:12:52Z" user="asdfqwer51" uid="3350410" lat="35.0286349" lon="126.7822705"/>
 <node id="5181474088" visible="true" version="4" changeset="144334816" timestamp="2023-11-22T17:12:52Z" user="asdfqwer51" uid="3350410" lat="35.0286621" lon="126.7825554"/>
 <node id="5181474089" visible="true" version="3" changeset="144334816" timestamp="2023-11-22T17:12:52Z" user="asdfqwer51" uid="3350410" lat="35.0280253" lon="126.7843550"/>
 <node id="5181474090" visible="true" version="4" changeset="144334816" timestamp="2023-11-22T17:12:52Z" user="asdfqwer51" uid="3350410" lat="35.0280247" lon="126.7847029"/>
 <node id="5181474091" visible="true" version="4" changeset="144334816" timestamp="2023-11-22T17:12:52Z" user="asdfqwer51" uid="3350410" lat="35.0280433" lon="126.7853521"/>
 <node id="5181474092" visible="true" version="4" changeset="144334816" timestamp="2023-11-22T17:12:52Z" user="asdfqwer51" uid="3350410" lat="35.0280985" lon="126.7855937"/>
 <node id="5181474093" visible="true" version="4" changeset="144334816" timestamp="2023-11-22T17:12:52Z" user="asdfqwer51" uid="3350410" lat="35.0281438" lon="126.7858225"/>
 <node id="5181474094" visible="true" version="3" changeset="100138147" timestamp="2021-02-28T14:03:49Z" user="mulgist" uid="12368943" lat="35.0276341" lon="126.7871257"/>
 <node id="5181474095" visible="true" version="2" changeset="99219143" timestamp="2021-02-13T16:03:11Z" user="mulgist" uid="12368943" lat="35.0269985" lon="126.7878458"/>
 <node id="5291647154" visible="true" version="2" changeset="185405421" timestamp="2026-07-09T12:40:48Z" user="samdasooooooo" uid="14457606" lat="35.0253622" lon="126.7801147">
  <tag k="highway" v="traffic_signals"/>
  <tag k="traffic_signals" v="signal"/>
 </node>
 <node id="5291647155" visible="true" version="3" changeset="131233215" timestamp="2023-01-13T14:53:00Z" user="FUKUTAN" uid="5207199" lat="35.0269510" lon="126.7989020"/>
 <node id="5291647156" visible="true" version="6" changeset="176319095" timestamp="2025-12-23T17:30:15Z" user="aaei924" uid="10626814" lat="35.0211099" lon="126.7849540">
  <tag k="highway" v="traffic_signals"/>
  <tag k="traffic_signals" v="signal"/>
 </node>
 <node id="5291647158" visible="true" version="4" changeset="144332579" timestamp="2023-11-22T16:15:50Z" user="asdfqwer51" uid="3350410" lat="35.0235974" lon="126.7899079"/>
 <node id="5291647159" visible="true" version="4" changeset="144332579" timestamp="2023-11-22T16:15:50Z" user="asdfqwer51" uid="3350410" lat="35.0235894" lon="126.7893178"/>
 <node id="5291647160" visible="true" version="5" changeset="176319095" timestamp="2025-12-23T17:30:15Z" user="aaei924" uid="10626814" lat="35.0211401" lon="126.7882577">
  <tag k="highway" v="traffic_signals"/>
  <tag k="traffic_signals" v="signal"/>
 </node>
 <node id="5291647161" visible="true" version="7" changeset="176319095" timestamp="2025-12-23T17:30:15Z" user="aaei924" uid="10626814" lat="35.0211461" lon="126.7909840">
  <tag k="highway" v="traffic_signals"/>
  <tag k="traffic_signals" v="signal"/>
 </node>
 <node id="5291647162" visible="true" version="5" changeset="144332579" timestamp="2023-11-22T16:15:50Z" user="asdfqwer51" uid="3350410" lat="35.0223536" lon="126.7924919"/>
 <node id="5291647163" visible="true" version="4" changeset="144332579" timestamp="2023-11-22T16:15:50Z" user="asdfqwer51" uid="3350410" lat="35.0233615" lon="126.7924685"/>
 <node id="5291647164" visible="true" version="4" changeset="144332579" timestamp="2023-11-22T16:15:50Z" user="asdfqwer51" uid="3350410" lat="35.0235069" lon="126.7924454"/>
 <node id="5291647165" visible="true" version="4" changeset="144332579" timestamp="2023-11-22T16:15:50Z" user="asdfqwer51" uid="3350410" lat="35.0237162" lon="126.7923621"/>
 <node id="5291647166" visible="true" version="5" changeset="144333236" timestamp="2023-11-22T16:36:43Z" user="asdfqwer51" uid="3350410" lat="35.0240272" lon="126.7921743"/>
 <node id="5291647167" visible="true" version="4" changeset="144397454" timestamp="2023-11-24T08:19:48Z" user="asdfqwer51" uid="3350410" lat="35.0176744" lon="126.7942957">
  <tag k="highway" v="traffic_signals"/>
  <tag k="traffic_signals" v="signal"/>
 </node>
 <node id="5291647168" visible="true" version="5" changeset="144332579" timestamp="2023-11-22T16:15:50Z" user="asdfqwer51" uid="3350410" lat="35.0177031" lon="126.7936141"/>
 <node id="5291647170" visible="true" version="2" changeset="99601411" timestamp="2021-02-19T14:39:38Z" user="mulgist" uid="12368943" lat="35.0144895" lon="126.7842115"/>
 <node id="5291647183" visible="true" version="1" changeset="54730316" timestamp="2017-12-18T13:10:07Z" user="user_5292863" uid="5292863" lat="35.0143960" lon="126.7842888"/>
 <node id="5291647184" visible="true" version="1" changeset="54730316" timestamp="2017-12-18T13:10:07Z" user="user_5292863" uid="5292863" lat="35.0142890" lon="126.7844750"/>
 <node id="5291647196" visible="true" version="2" changeset="99601411" timestamp="2021-02-19T14:39:38Z" user="mulgist" uid="12368943" lat="35.0137701" lon="126.7902996"/>
 <node id="5291647197" visible="true" version="2" changeset="99601411" timestamp="2021-02-19T14:39:38Z" user="mulgist" uid="12368943" lat="35.0137866" lon="126.7916202"/>
 <node id="5291647198" visible="true" version="2" changeset="99601411" timestamp="2021-02-19T14:39:38Z" user="mulgist" uid="12368943" lat="35.0137640" lon="126.7917312"/>
 <node id="5291647200" visible="true" version="2" changeset="99601411" timestamp="2021-02-19T14:39:38Z" user="mulgist" uid="12368943" lat="35.0137998" lon="126.7945800"/>
 <node id="5291647201" visible="true" version="2" changeset="99601411" timestamp="2021-02-19T14:39:38Z" user="mulgist" uid="12368943" lat="35.0138079" lon="126.7952674"/>
 <node id="5291647202" visible="true" version="2" changeset="99601411" timestamp="2021-02-19T14:39:38Z" user="mulgist" uid="12368943" lat="35.0138632" lon="126.7953387"/>
 <node id="5291647203" visible="true" version="2" changeset="99601411" timestamp="2021-02-19T14:39:38Z" user="mulgist" uid="12368943" lat="35.0142569" lon="126.7953387"/>
 <node id="5291647204" visible="true" version="2" changeset="99601411" timestamp="2021-02-19T14:39:38Z" user="mulgist" uid="12368943" lat="35.0149267" lon="126.7952870"/>
 <node id="5291647205" visible="true" version="2" changeset="99601411" timestamp="2021-02-19T14:39:38Z" user="mulgist" uid="12368943" lat="35.0137501" lon="126.7889760"/>
 <node id="5291647206" visible="true" version="2" changeset="99601411" timestamp="2021-02-19T14:39:38Z" user="mulgist" uid="12368943" lat="35.0137728" lon="126.7891990"/>
 <node id="5291647207" visible="true" version="2" changeset="99601411" timestamp="2021-02-19T14:39:38Z" user="mulgist" uid="12368943" lat="35.0137723" lon="126.7893831"/>
 <node id="5291647208" visible="true" version="2" changeset="99601411" timestamp="2021-02-19T14:39:38Z" user="mulgist" uid="12368943" lat="35.0137429" lon="126.7895951"/>
 <node id="5291647213" visible="true" version="4" changeset="144325400" timestamp="2023-11-22T12:55:22Z" user="asdfqwer51" uid="3350410" lat="35.0113080" lon="126.7955124">
  <tag k="highway" v="traffic_signals"/>
  <tag k="traffic_signals" v="signal"/>
 </node>
 <node id="5291647321" visible="true" version="2" changeset="144325400" timestamp="2023-11-22T12:55:22Z" user="asdfqwer51" uid="3350410" lat="35.0094883" lon="126.7922177">
  <tag k="highway" v="traffic_signals"/>
  <tag k="traffic_signals" v="signal"/>
 </node>
 <node id="5307959702" visible="true" version="4" changeset="171918484" timestamp="2025-09-14T13:39:45Z" user="FUKUTAN" uid="5207199" lat="35.0286125" lon="126.7902485"/>
 <node id="5307959703" visible="true" version="4" changeset="171918484" timestamp="2025-09-14T13:39:45Z" user="FUKUTAN" uid="5207199" lat="35.0293675" lon="126.7893409"/>
 <node id="5307959704" visible="true" version="4" changeset="171918484" timestamp="2025-09-14T13:39:45Z" user="FUKUTAN" uid="5207199" lat="35.0293870" lon="126.7892794"/>
 <node id="5307959705" visible="true" version="4" changeset="171918484" timestamp="2025-09-14T13:39:45Z" user="FUKUTAN" uid="5207199" lat="35.0293698" lon="126.7892370"/>
 <node id="5307959707" visible="true" version="3" changeset="144334816" timestamp="2023-11-22T17:12:52Z" user="asdfqwer51" uid="3350410" lat="35.0289238" lon="126.7885310">
  <tag k="highway" v="traffic_signals"/>
  <tag k="traffic_signals" v="signal"/>
 </node>
 <node id="5307959718" visible="true" version="5" changeset="144334816" timestamp="2023-11-22T17:12:52Z" user="asdfqwer51" uid="3350410" lat="35.0265185" lon="126.7950713"/>
 <node id="5307959719" visible="true" version="6" changeset="144334816" timestamp="2023-11-22T17:12:52Z" user="asdfqwer51" uid="3350410" lat="35.0254264" lon="126.7957286">
  <tag k="bus" v="yes"/>
  <tag k="departures_board" v="realtime"/>
  <tag k="highway" v="bus_stop"/>
  <tag k="name" v="우정사업정보센터후문"/>
  <tag k="name:en" v="Korea Post Information Center Rear Entrance"/>
  <tag k="operator" v="나주시"/>
  <tag k="public_transport" v="platform"/>
  <tag k="ref" v="2845"/>
  <tag k="shelter" v="yes"/>
 </node>
 <node id="5307959873" visible="true" version="3" changeset="124040733" timestamp="2022-07-25T08:53:04Z" user="FUKUTAN" uid="5207199" lat="35.0180425" lon="126.7871840"/>
 <node id="5307959874" visible="true" version="3" changeset="185763392" timestamp="2026-07-15T06:20:29Z" user="야광멧돼지" uid="12393144" lat="35.0179299" lon="126.7884517"/>
 <node id="5307959915" visible="true" version="2" changeset="99601411" timestamp="2021-02-19T14:39:38Z" user="mulgist" uid="12368943" lat="35.0153657" lon="126.7858348"/>
 <node id="5307959916" visible="true" version="2" changeset="99601411" timestamp="2021-02-19T14:39:38Z" user="mulgist" uid="12368943" lat="35.0156336" lon="126.7857553"/>
 <node id="5307960024" visible="true" version="1" changeset="54975407" timestamp="2017-12-28T07:28:01Z" user="FUKUTAN" uid="5207199" lat="35.0095087" lon="126.7933803"/>
 <node id="5307960025" visible="true" version="1" changeset="54975407" timestamp="2017-12-28T07:28:01Z" user="FUKUTAN" uid="5207199" lat="35.0096382" lon="126.7939273"/>
 <node id="5307971346" visible="true" version="2" changeset="131233215" timestamp="2023-01-13T14:53:00Z" user="FUKUTAN" uid="5207199" lat="35.0271203" lon="126.7993332"/>
 <node id="5307971347" visible="true" version="3" changeset="144333236" timestamp="2023-11-22T16:36:43Z" user="asdfqwer51" uid="3350410" lat="35.0289791" lon="126.7956553"/>
 <node id="5307971348" visible="true" version="4" changeset="144333236" timestamp="2023-11-22T16:36:43Z" user="asdfqwer51" uid="3350410" lat="35.0293841" lon="126.7954718"/>
 <node id="5307971349" visible="true" version="4" changeset="144333236" timestamp="2023-11-22T16:36:43Z" user="asdfqwer51" uid="3350410" lat="35.0297279" lon="126.7963753"/>
 <node id="5307971350" visible="true" version="3" changeset="144333236" timestamp="2023-11-22T16:36:43Z" user="asdfqwer51" uid="3350410" lat="35.0293279" lon="126.7965978"/>
 <node id="5307971351" visible="true" version="3" changeset="144333236" timestamp="2023-11-22T16:36:43Z" user="asdfqwer51" uid="3350410" lat="35.0296923" lon="126.7935978"/>
 <node id="5307971352" visible="true" version="3" changeset="144333236" timestamp="2023-11-22T16:36:43Z" user="asdfqwer51" uid="3350410" lat="35.0292922" lon="126.7938199"/>
 <node id="5307971353" visible="true" version="3" changeset="144333236" timestamp="2023-11-22T16:36:43Z" user="asdfqwer51" uid="3350410" lat="35.0296317" lon="126.7947468"/>
 <node id="5307971354" visible="true" version="3" changeset="144333236" timestamp="2023-11-22T16:36:43Z" user="asdfqwer51" uid="3350410" lat="35.0300416" lon="126.7945252"/>
 <node id="5307971355" visible="true" version="3" changeset="144333236" timestamp="2023-11-22T16:36:43Z" user="asdfqwer51" uid="3350410" lat="35.0302166" lon="126.7949897"/>
 <node id="5307971356" visible="true" version="4" changeset="144333236" timestamp="2023-11-22T16:36:43Z" user="asdfqwer51" uid="3350410" lat="35.0298083" lon="126.7952132"/>
 <node id="5307971357" visible="true" version="4" changeset="144333236" timestamp="2023-11-22T16:36:43Z" user="asdfqwer51" uid="3350410" lat="35.0301534" lon="126.7961377"/>
 <node id="5307971358" visible="true" version="4" changeset="144333236" timestamp="2023-11-22T16:36:43Z" user="asdfqwer51" uid="3350410" lat="35.0305613" lon="126.7959106"/>
 <node id="5308098181" visible="true" version="3" changeset="144333236" timestamp="2023-11-22T16:36:43Z" user="asdfqwer51" uid="3350410" lat="35.0307266" lon="126.7857865"/>
 <node id="5308098182" visible="true" version="4" changeset="144333236" timestamp="2023-11-22T16:36:43Z" user="asdfqwer51" uid="3350410" lat="35.0306008" lon="126.7862975"/>
 <node id="5309416437" visible="true" version="2" changeset="97379800" timestamp="2021-01-12T14:19:08Z" user="야광멧돼지" uid="12393144" lat="35.0313404" lon="126.7967519"/>
 <node id="5309416438" visible="true" version="1" changeset="54997523" timestamp="2017-12-29T00:31:52Z" user="FUKUTAN" uid="5207199" lat="35.0304172" lon="126.7973246"/>
 <node id="5309416439" visible="true" version="1" changeset="54997523" timestamp="2017-12-29T00:31:52Z" user="FUKUTAN" uid="5207199" lat="35.0303129" lon="126.7973847"/>
 <node id="5309416440" visible="true" version="1" changeset="54997523" timestamp="2017-12-29T00:31:52Z" user="FUKUTAN" uid="5207199" lat="35.0301738" lon="126.7974555"/>
 <node id="5309416441" visible="true" version="1" changeset="54997523" timestamp="2017-12-29T00:31:52Z" user="FUKUTAN" uid="5207199" lat="35.0298579" lon="126.7977174"/>
 <node id="5309416442" visible="true" version="1" changeset="54997523" timestamp="2017-12-29T00:31:52Z" user="FUKUTAN" uid="5207199" lat="35.0291102" lon="126.7980112"/>
 <node id="5309416443" visible="true" version="1" changeset="54997523" timestamp="2017-12-29T00:31:52Z" user="FUKUTAN" uid="5207199" lat="35.0270873" lon="126.7990765"/>
 <node id="5309416444" visible="true" version="1" changeset="54997523" timestamp="2017-12-29T00:31:52Z" user="FUKUTAN" uid="5207199" lat="35.0271220" lon="126.7991791"/>
 <node id="5309416445" visible="true" version="1" changeset="54997523" timestamp="2017-12-29T00:31:52Z" user="FUKUTAN" uid="5207199" lat="35.0272814" lon="126.7990977"/>
 <node id="5309416446" visible="true" version="1" changeset="54997523" timestamp="2017-12-29T00:31:52Z" user="FUKUTAN" uid="5207199" lat="35.0273742" lon="126.7993207"/>
 <node id="5309416447" visible="true" version="1" changeset="54997523" timestamp="2017-12-29T00:31:52Z" user="FUKUTAN" uid="5207199" lat="35.0274843" lon="126.7998126"/>
 <node id="5309416448" visible="true" version="1" changeset="54997523" timestamp="2017-12-29T00:31:52Z" user="FUKUTAN" uid="5207199" lat="35.0274930" lon="126.7998799"/>
 <node id="5309416449" visible="true" version="1" changeset="54997523" timestamp="2017-12-29T00:31:52Z" user="FUKUTAN" uid="5207199" lat="35.0275249" lon="126.8002586"/>
 <node id="5309416450" visible="true" version="1" changeset="54997523" timestamp="2017-12-29T00:31:52Z" user="FUKUTAN" uid="5207199" lat="35.0273945" lon="126.8002727"/>
 <node id="5309416451" visible="true" version="1" changeset="54997523" timestamp="2017-12-29T00:31:52Z" user="FUKUTAN" uid="5207199" lat="35.0275655" lon="126.8012708"/>
 <node id="5309416452" visible="true" version="1" changeset="54997523" timestamp="2017-12-29T00:31:52Z" user="FUKUTAN" uid="5207199" lat="35.0279132" lon="126.8011434"/>
 <node id="5309416453" visible="true" version="1" changeset="54997523" timestamp="2017-12-29T00:31:52Z" user="FUKUTAN" uid="5207199" lat="35.0280900" lon="126.8011858"/>
 <node id="5309416454" visible="true" version="1" changeset="54997523" timestamp="2017-12-29T00:31:52Z" user="FUKUTAN" uid="5207199" lat="35.0282147" lon="126.8012177"/>
 <node id="5309416455" visible="true" version="1" changeset="54997523" timestamp="2017-12-29T00:31:52Z" user="FUKUTAN" uid="5207199" lat="35.0284146" lon="126.8011292"/>
 <node id="5309416456" visible="true" version="1" changeset="54997523" timestamp="2017-12-29T00:31:52Z" user="FUKUTAN" uid="5207199" lat="35.0283798" lon="126.8017733"/>
 <node id="5309416457" visible="true" version="1" changeset="54997523" timestamp="2017-12-29T00:31:52Z" user="FUKUTAN" uid="5207199" lat="35.0284523" lon="126.8021733"/>
 <node id="5309416458" visible="true" version="1" changeset="54997523" timestamp="2017-12-29T00:31:52Z" user="FUKUTAN" uid="5207199" lat="35.0286233" lon="126.8025555"/>
 <node id="5309416459" visible="true" version="1" changeset="54997523" timestamp="2017-12-29T00:31:52Z" user="FUKUTAN" uid="5207199" lat="35.0287711" lon="126.8027962"/>
 <node id="5309416460" visible="true" version="1" changeset="54997523" timestamp="2017-12-29T00:31:52Z" user="FUKUTAN" uid="5207199" lat="35.0289102" lon="126.8029448"/>
 <node id="5309416461" visible="true" version="1" changeset="54997523" timestamp="2017-12-29T00:31:52Z" user="FUKUTAN" uid="5207199" lat="35.0291102" lon="126.8030935"/>
 <node id="5309416462" visible="true" version="1" changeset="54997523" timestamp="2017-12-29T00:31:52Z" user="FUKUTAN" uid="5207199" lat="35.0292812" lon="126.8031713"/>
 <node id="5309416463" visible="true" version="1" changeset="54997523" timestamp="2017-12-29T00:31:52Z" user="FUKUTAN" uid="5207199" lat="35.0295101" lon="126.8032527"/>
 <node id="5309416464" visible="true" version="1" changeset="54997523" timestamp="2017-12-29T00:31:52Z" user="FUKUTAN" uid="5207199" lat="35.0297449" lon="126.8032775"/>
 <node id="5309416465" visible="true" version="1" changeset="54997523" timestamp="2017-12-29T00:31:52Z" user="FUKUTAN" uid="5207199" lat="35.0299100" lon="126.8032775"/>
 <node id="5309416466" visible="true" version="1" changeset="54997523" timestamp="2017-12-29T00:31:52Z" user="FUKUTAN" uid="5207199" lat="35.0301245" lon="126.8032598"/>
 <node id="5309416467" visible="true" version="1" changeset="54997523" timestamp="2017-12-29T00:31:52Z" user="FUKUTAN" uid="5207199" lat="35.0304288" lon="126.8031111"/>
 <node id="5309416468" visible="true" version="1" changeset="54997523" timestamp="2017-12-29T00:31:52Z" user="FUKUTAN" uid="5207199" lat="35.0307157" lon="126.8030014"/>
 <node id="5309416469" visible="true" version="1" changeset="54997523" timestamp="2017-12-29T00:31:52Z" user="FUKUTAN" uid="5207199" lat="35.0322372" lon="126.8023431"/>
 <node id="5309416470" visible="true" version="1" changeset="54997523" timestamp="2017-12-29T00:31:52Z" user="FUKUTAN" uid="5207199" lat="35.0323966" lon="126.8022157"/>
 <node id="5309416471" visible="true" version="1" changeset="54997523" timestamp="2017-12-29T00:31:52Z" user="FUKUTAN" uid="5207199" lat="35.0329646" lon="126.8017096"/>
 <node id="5309416472" visible="true" version="1" changeset="54997523" timestamp="2017-12-29T00:31:52Z" user="FUKUTAN" uid="5207199" lat="35.0342971" lon="126.8005924"/>
 <node id="5309416473" visible="true" version="1" changeset="54997523" timestamp="2017-12-29T00:31:52Z" user="FUKUTAN" uid="5207199" lat="35.0343271" lon="126.8000435"/>
 <node id="5309416474" visible="true" version="1" changeset="54997523" timestamp="2017-12-29T00:31:52Z" user="FUKUTAN" uid="5207199" lat="35.0348264" lon="126.8000639"/>
 <node id="5309416475" visible="true" version="1" changeset="54997523" timestamp="2017-12-29T00:31:52Z" user="FUKUTAN" uid="5207199" lat="35.0364075" lon="126.7983238"/>
 <node id="5309416476" visible="true" version="1" changeset="54997523" timestamp="2017-12-29T00:31:52Z" user="FUKUTAN" uid="5207199" lat="35.0356852" lon="126.7982832"/>
 <node id="5309416477" visible="true" version="1" changeset="54997523" timestamp="2017-12-29T00:31:52Z" user="FUKUTAN" uid="5207199" lat="35.0358084" lon="126.7963562"/>
 <node id="5309416478" visible="true" version="1" changeset="54997523" timestamp="2017-12-29T00:31:52Z" user="FUKUTAN" uid="5207199" lat="35.0357751" lon="126.7962789"/>
 <node id="5309416479" visible="true" version="1" changeset="54997523" timestamp="2017-12-29T00:31:52Z" user="FUKUTAN" uid="5207199" lat="35.0348164" lon="126.7951121"/>
 <node id="5309416480" visible="true" version="1" changeset="54997523" timestamp="2017-12-29T00:31:52Z" user="FUKUTAN" uid="5207199" lat="35.0348164" lon="126.7949942"/>
 <node id="5309416481" visible="true" version="1" changeset="54997523" timestamp="2017-12-29T00:31:52Z" user="FUKUTAN" uid="5207199" lat="35.0343836" lon="126.7950959"/>
 <node id="5309416482" visible="true" version="2" changeset="97379800" timestamp="2021-01-12T14:19:08Z" user="야광멧돼지" uid="12393144" lat="35.0331742" lon="126.7956031"/>
 <node id="5309416483" visible="true" version="2" changeset="97379800" timestamp="2021-01-12T14:19:08Z" user="야광멧돼지" uid="12393144" lat="35.0324997" lon="126.7961944"/>
 <node id="5309416484" visible="true" version="2" changeset="97379800" timestamp="2021-01-12T14:19:08Z" user="야광멧돼지" uid="12393144" lat="35.0324098" lon="126.7960715"/>
 <node id="5309416485" visible="true" version="2" changeset="97379800" timestamp="2021-01-12T14:19:08Z" user="야광멧돼지" uid="12393144" lat="35.0320665" lon="126.7962877"/>
 <node id="5309416486" visible="true" version="1" changeset="54997523" timestamp="2017-12-29T00:31:53Z" user="FUKUTAN" uid="5207199" lat="35.0319968" lon="126.7963358"/>
 <node id="5309416487" visible="true" version="2" changeset="97379800" timestamp="2021-01-12T14:19:08Z" user="야광멧돼지" uid="12393144" lat="35.0310755" lon="126.7901332"/>
 <node id="5309416488" visible="true" version="2" changeset="97379800" timestamp="2021-01-12T14:19:08Z" user="야광멧돼지" uid="12393144" lat="35.0310360" lon="126.7900930"/>
 <node id="5309416489" visible="true" version="2" changeset="97379800" timestamp="2021-01-12T14:19:08Z" user="야광멧돼지" uid="12393144" lat="35.0309987" lon="126.7900742"/>
 <node id="5309416490" visible="true" version="2" changeset="97379800" timestamp="2021-01-12T14:19:08Z" user="야광멧돼지" uid="12393144" lat="35.0309240" lon="126.7901171"/>
 <node id="5309416491" visible="true" version="2" changeset="97379800" timestamp="2021-01-12T14:19:08Z" user="야광멧돼지" uid="12393144" lat="35.0308625" lon="126.7901386"/>
 <node id="5309416492" visible="true" version="2" changeset="97379800" timestamp="2021-01-12T14:19:08Z" user="야광멧돼지" uid="12393144" lat="35.0308186" lon="126.7901386"/>
 <node id="5309416493" visible="true" version="2" changeset="97379800" timestamp="2021-01-12T14:19:08Z" user="야광멧돼지" uid="12393144" lat="35.0307812" lon="126.7901117"/>
 <node id="5309416494" visible="true" version="2" changeset="97379800" timestamp="2021-01-12T14:19:08Z" user="야광멧돼지" uid="12393144" lat="35.0307505" lon="126.7900930"/>
 <node id="5309416495" visible="true" version="2" changeset="97379800" timestamp="2021-01-12T14:19:08Z" user="야광멧돼지" uid="12393144" lat="35.0306583" lon="126.7900930"/>
 <node id="5309416496" visible="true" version="2" changeset="97379800" timestamp="2021-01-12T14:19:08Z" user="야광멧돼지" uid="12393144" lat="35.0306165" lon="126.7900500"/>
 <node id="5309416497" visible="true" version="2" changeset="97379800" timestamp="2021-01-12T14:19:08Z" user="야광멧돼지" uid="12393144" lat="35.0305770" lon="126.7900152"/>
 <node id="5309416498" visible="true" version="2" changeset="97379800" timestamp="2021-01-12T14:19:08Z" user="야광멧돼지" uid="12393144" lat="35.0305462" lon="126.7899884"/>
 <node id="5309416499" visible="true" version="2" changeset="97379800" timestamp="2021-01-12T14:19:08Z" user="야광멧돼지" uid="12393144" lat="35.0305089" lon="126.7899428"/>
 <node id="5309416500" visible="true" version="2" changeset="97379800" timestamp="2021-01-12T14:19:08Z" user="야광멧돼지" uid="12393144" lat="35.0304628" lon="126.7899240"/>
 <node id="5309416501" visible="true" version="2" changeset="97379800" timestamp="2021-01-12T14:19:08Z" user="야광멧돼지" uid="12393144" lat="35.0302761" lon="126.7898462"/>
 <node id="5309416502" visible="true" version="2" changeset="97379800" timestamp="2021-01-12T14:19:08Z" user="야광멧돼지" uid="12393144" lat="35.0302014" lon="126.7898140"/>
 <node id="5309416503" visible="true" version="2" changeset="97379800" timestamp="2021-01-12T14:19:08Z" user="야광멧돼지" uid="12393144" lat="35.0300587" lon="126.7898247"/>
 <node id="5309416504" visible="true" version="2" changeset="97379800" timestamp="2021-01-12T14:19:08Z" user="야광멧돼지" uid="12393144" lat="35.0299796" lon="126.7898301"/>
 <node id="5309416505" visible="true" version="2" changeset="97379800" timestamp="2021-01-12T14:19:08Z" user="야광멧돼지" uid="12393144" lat="35.0298588" lon="126.7899025"/>
 <node id="5309416506" visible="true" version="2" changeset="97379800" timestamp="2021-01-12T14:19:08Z" user="야광멧돼지" uid="12393144" lat="35.0298632" lon="126.7900286"/>
 <node id="5309416507" visible="true" version="2" changeset="97379800" timestamp="2021-01-12T14:19:08Z" user="야광멧돼지" uid="12393144" lat="35.0298368" lon="126.7902297"/>
 <node id="5309416508" visible="true" version="2" changeset="97379800" timestamp="2021-01-12T14:19:08Z" user="야광멧돼지" uid="12393144" lat="35.0297600" lon="126.7904095"/>
 <node id="5309416509" visible="true" version="2" changeset="97379800" timestamp="2021-01-12T14:19:08Z" user="야광멧돼지" uid="12393144" lat="35.0297336" lon="126.7905409"/>
 <node id="5309416510" visible="true" version="2" changeset="97379800" timestamp="2021-01-12T14:19:08Z" user="야광멧돼지" uid="12393144" lat="35.0297007" lon="126.7906965"/>
 <node id="5309416511" visible="true" version="2" changeset="97379800" timestamp="2021-01-12T14:19:08Z" user="야광멧돼지" uid="12393144" lat="35.0297841" lon="126.7908037"/>
 <node id="5309416512" visible="true" version="2" changeset="97379800" timestamp="2021-01-12T14:19:08Z" user="야광멧돼지" uid="12393144" lat="35.0298851" lon="126.7908225"/>
 <node id="5309416513" visible="true" version="2" changeset="97379800" timestamp="2021-01-12T14:19:08Z" user="야광멧돼지" uid="12393144" lat="35.0299466" lon="126.7908681"/>
 <node id="5309416514" visible="true" version="2" changeset="97379800" timestamp="2021-01-12T14:19:08Z" user="야광멧돼지" uid="12393144" lat="35.0301158" lon="126.7907742"/>
 <node id="5309416515" visible="true" version="2" changeset="97379800" timestamp="2021-01-12T14:19:08Z" user="야광멧돼지" uid="12393144" lat="35.0302563" lon="126.7906750"/>
 <node id="5309416516" visible="true" version="2" changeset="97379800" timestamp="2021-01-12T14:19:08Z" user="야광멧돼지" uid="12393144" lat="35.0303617" lon="126.7906267"/>
 <node id="5309416517" visible="true" version="2" changeset="97379800" timestamp="2021-01-12T14:19:08Z" user="야광멧돼지" uid="12393144" lat="35.0305111" lon="126.7905972"/>
 <node id="5309416518" visible="true" version="2" changeset="97379800" timestamp="2021-01-12T14:19:08Z" user="야광멧돼지" uid="12393144" lat="35.0306187" lon="126.7906214"/>
 <node id="5309416519" visible="true" version="2" changeset="97379800" timestamp="2021-01-12T14:19:08Z" user="야광멧돼지" uid="12393144" lat="35.0307066" lon="126.7906804"/>
 <node id="5309416520" visible="true" version="2" changeset="97379800" timestamp="2021-01-12T14:19:08Z" user="야광멧돼지" uid="12393144" lat="35.0308691" lon="126.7907099"/>
 <node id="5309416621" visible="true" version="2" changeset="97379800" timestamp="2021-01-12T14:19:08Z" user="야광멧돼지" uid="12393144" lat="35.0309328" lon="126.7906562"/>
 <node id="5309416622" visible="true" version="2" changeset="97379800" timestamp="2021-01-12T14:19:08Z" user="야광멧돼지" uid="12393144" lat="35.0309789" lon="126.7906535"/>
 <node id="5309416623" visible="true" version="2" changeset="97379800" timestamp="2021-01-12T14:19:08Z" user="야광멧돼지" uid="12393144" lat="35.0311305" lon="126.7906750"/>
 <node id="5309416624" visible="true" version="2" changeset="97379800" timestamp="2021-01-12T14:19:08Z" user="야광멧돼지" uid="12393144" lat="35.0311673" lon="126.7906154"/>
 <node id="5309416625" visible="true" version="3" changeset="144334816" timestamp="2023-11-22T17:12:52Z" user="asdfqwer51" uid="3350410" lat="35.0296823" lon="126.7878797"/>
 <node id="5309416626" visible="true" version="3" changeset="144334816" timestamp="2023-11-22T17:12:52Z" user="asdfqwer51" uid="3350410" lat="35.0296072" lon="126.7879443"/>
 <node id="5309416627" visible="true" version="3" changeset="144334816" timestamp="2023-11-22T17:12:52Z" user="asdfqwer51" uid="3350410" lat="35.0293637" lon="126.7889378"/>
 <node id="5309416628" visible="true" version="2" changeset="97379800" timestamp="2021-01-12T14:19:08Z" user="야광멧돼지" uid="12393144" lat="35.0296361" lon="126.7894452"/>
 <node id="5309416629" visible="true" version="1" changeset="54997523" timestamp="2017-12-29T00:31:53Z" user="FUKUTAN" uid="5207199" lat="35.0300484" lon="126.7895426"/>
 <node id="5309416630" visible="true" version="1" changeset="54997523" timestamp="2017-12-29T00:31:53Z" user="FUKUTAN" uid="5207199" lat="35.0301846" lon="126.7896289"/>
 <node id="5309416631" visible="true" version="1" changeset="54997523" timestamp="2017-12-29T00:31:53Z" user="FUKUTAN" uid="5207199" lat="35.0304798" lon="126.7897861"/>
 <node id="5309416632" visible="true" version="1" changeset="54997523" timestamp="2017-12-29T00:31:53Z" user="FUKUTAN" uid="5207199" lat="35.0305681" lon="126.7898939"/>
 <node id="5309416633" visible="true" version="1" changeset="54997523" timestamp="2017-12-29T00:31:53Z" user="FUKUTAN" uid="5207199" lat="35.0306479" lon="126.7900057"/>
 <node id="5309416634" visible="true" version="1" changeset="54997523" timestamp="2017-12-29T00:31:53Z" user="FUKUTAN" uid="5207199" lat="35.0308108" lon="126.7900524"/>
 <node id="5309416635" visible="true" version="2" changeset="97379800" timestamp="2021-01-12T14:19:08Z" user="야광멧돼지" uid="12393144" lat="35.0310300" lon="126.7899836"/>
 <node id="5309416636" visible="true" version="3" changeset="157777877" timestamp="2024-10-12T01:57:04Z" user="FUKUTAN" uid="5207199" lat="35.0310648" lon="126.7899644"/>
 <node id="5309416637" visible="true" version="1" changeset="54997523" timestamp="2017-12-29T00:31:53Z" user="FUKUTAN" uid="5207199" lat="35.0310121" lon="126.7898015"/>
 <node id="5309416638" visible="true" version="1" changeset="54997523" timestamp="2017-12-29T00:31:53Z" user="FUKUTAN" uid="5207199" lat="35.0309339" lon="126.7896936"/>
 <node id="5309416639" visible="true" version="1" changeset="54997523" timestamp="2017-12-29T00:31:53Z" user="FUKUTAN" uid="5207199" lat="35.0306513" lon="126.7891421"/>
 <node id="5309416640" visible="true" version="1" changeset="54997523" timestamp="2017-12-29T00:31:53Z" user="FUKUTAN" uid="5207199" lat="35.0305681" lon="126.7888494"/>
 <node id="5309416641" visible="true" version="1" changeset="54997523" timestamp="2017-12-29T00:31:53Z" user="FUKUTAN" uid="5207199" lat="35.0305328" lon="126.7887293"/>
 <node id="5309416642" visible="true" version="1" changeset="54997523" timestamp="2017-12-29T00:31:53Z" user="FUKUTAN" uid="5207199" lat="35.0304899" lon="126.7886522"/>
 <node id="5309416643" visible="true" version="2" changeset="97379800" timestamp="2021-01-12T14:19:08Z" user="야광멧돼지" uid="12393144" lat="35.0299660" lon="126.7878988"/>
 <node id="5309416644" visible="true" version="1" changeset="54997523" timestamp="2017-12-29T00:31:53Z" user="FUKUTAN" uid="5207199" lat="35.0309093" lon="126.7900135"/>
 <node id="5309416645" visible="true" version="3" changeset="144333236" timestamp="2023-11-22T16:36:43Z" user="asdfqwer51" uid="3350410" lat="35.0284638" lon="126.7942631"/>
 <node id="5309416646" visible="true" version="3" changeset="144333236" timestamp="2023-11-22T16:36:43Z" user="asdfqwer51" uid="3350410" lat="35.0288485" lon="126.7940649"/>
 <node id="5309416647" visible="true" version="3" changeset="144333236" timestamp="2023-11-22T16:36:43Z" user="asdfqwer51" uid="3350410" lat="35.0291698" lon="126.7949430"/>
 <node id="5309416648" visible="true" version="3" changeset="144333236" timestamp="2023-11-22T16:36:43Z" user="asdfqwer51" uid="3350410" lat="35.0291614" lon="126.7949979"/>
 <node id="5309416649" visible="true" version="3" changeset="144333236" timestamp="2023-11-22T16:36:43Z" user="asdfqwer51" uid="3350410" lat="35.0288087" lon="126.7951948"/>
 <node id="5309416650" visible="true" version="3" changeset="144333236" timestamp="2023-11-22T16:36:43Z" user="asdfqwer51" uid="3350410" lat="35.0280059" lon="126.7956596"/>
 <node id="5309416651" visible="true" version="3" changeset="144333236" timestamp="2023-11-22T16:36:43Z" user="asdfqwer51" uid="3350410" lat="35.0283974" lon="126.7954330"/>
 <node id="5309416652" visible="true" version="3" changeset="144333236" timestamp="2023-11-22T16:36:43Z" user="asdfqwer51" uid="3350410" lat="35.0276324" lon="126.7945728"/>
 <node id="5309416653" visible="true" version="3" changeset="144333236" timestamp="2023-11-22T16:36:43Z" user="asdfqwer51" uid="3350410" lat="35.0276953" lon="126.7943938"/>
 <node id="5309416654" visible="true" version="3" changeset="144333236" timestamp="2023-11-22T16:36:43Z" user="asdfqwer51" uid="3350410" lat="35.0277861" lon="126.7943024"/>
 <node id="5309416655" visible="true" version="3" changeset="144333236" timestamp="2023-11-22T16:36:43Z" user="asdfqwer51" uid="3350410" lat="35.0285749" lon="126.7958901"/>
 <node id="5309416656" visible="true" version="3" changeset="144333236" timestamp="2023-11-22T16:36:43Z" user="asdfqwer51" uid="3350410" lat="35.0290474" lon="126.7970994"/>
 <node id="5309416664" visible="true" version="2" changeset="141946090" timestamp="2023-09-30T10:57:45Z" user="FUKUTAN" uid="5207199" lat="35.0357428" lon="126.7982874"/>
 <node id="5309416677" visible="true" version="1" changeset="54997523" timestamp="2017-12-29T00:31:54Z" user="FUKUTAN" uid="5207199" lat="35.0348396" lon="126.8001722"/>
 <node id="5309416678" visible="true" version="1" changeset="54997523" timestamp="2017-12-29T00:31:54Z" user="FUKUTAN" uid="5207199" lat="35.0347123" lon="126.8001003"/>
 <node id="5309416679" visible="true" version="1" changeset="54997523" timestamp="2017-12-29T00:31:54Z" user="FUKUTAN" uid="5207199" lat="35.0295271" lon="126.7997747"/>
 <node id="5309416680" visible="true" version="1" changeset="54997523" timestamp="2017-12-29T00:31:54Z" user="FUKUTAN" uid="5207199" lat="35.0293573" lon="126.7997260"/>
 <node id="5309416681" visible="true" version="1" changeset="54997523" timestamp="2017-12-29T00:31:54Z" user="FUKUTAN" uid="5207199" lat="35.0292208" lon="126.7997138"/>
 <node id="5309416682" visible="true" version="1" changeset="54997523" timestamp="2017-12-29T00:31:54Z" user="FUKUTAN" uid="5207199" lat="35.0288779" lon="126.7996406"/>
 <node id="5309416683" visible="true" version="1" changeset="54997523" timestamp="2017-12-29T00:31:54Z" user="FUKUTAN" uid="5207199" lat="35.0287647" lon="126.7996406"/>
 <node id="5309416684" visible="true" version="1" changeset="54997523" timestamp="2017-12-29T00:31:54Z" user="FUKUTAN" uid="5207199" lat="35.0282554" lon="126.7997951"/>
 <node id="5309416685" visible="true" version="1" changeset="54997523" timestamp="2017-12-29T00:31:54Z" user="FUKUTAN" uid="5207199" lat="35.0278159" lon="126.7999252"/>
 <node id="5309416686" visible="true" version="1" changeset="54997523" timestamp="2017-12-29T00:31:54Z" user="FUKUTAN" uid="5207199" lat="35.0277527" lon="126.7999333"/>
 <node id="5309416687" visible="true" version="1" changeset="54997523" timestamp="2017-12-29T00:31:54Z" user="FUKUTAN" uid="5207199" lat="35.0276495" lon="126.7999252"/>
 <node id="5309416688" visible="true" version="1" changeset="54997523" timestamp="2017-12-29T00:31:54Z" user="FUKUTAN" uid="5207199" lat="35.0272524" lon="126.7999023"/>
 <node id="5309416689" visible="true" version="1" changeset="54997523" timestamp="2017-12-29T00:31:54Z" user="FUKUTAN" uid="5207199" lat="35.0300198" lon="126.7998099"/>
 <node id="5309416690" visible="true" version="1" changeset="54997523" timestamp="2017-12-29T00:31:54Z" user="FUKUTAN" uid="5207199" lat="35.0315538" lon="126.7999114"/>
 <node id="5309416873" visible="true" version="3" changeset="144397454" timestamp="2023-11-24T08:19:48Z" user="asdfqwer51" uid="3350410" lat="35.0277464" lon="126.7895278"/>
 <node id="5309416874" visible="true" version="2" changeset="99219143" timestamp="2021-02-13T16:03:11Z" user="mulgist" uid="12368943" lat="35.0266386" lon="126.7885460"/>
 <node id="5309416876" visible="true" version="1" changeset="54997523" timestamp="2017-12-29T00:31:56Z" user="FUKUTAN" uid="5207199" lat="35.0250128" lon="126.7899431"/>
 <node id="5309416877" visible="true" version="2" changeset="99219143" timestamp="2021-02-13T16:03:11Z" user="mulgist" uid="12368943" lat="35.0258663" lon="126.7908146"/>
 <node id="5309416878" visible="true" version="2" changeset="99219143" timestamp="2021-02-13T16:03:11Z" user="mulgist" uid="12368943" lat="35.0258972" lon="126.7900828"/>
 <node id="5309416879" visible="true" version="2" changeset="99219143" timestamp="2021-02-13T16:03:11Z" user="mulgist" uid="12368943" lat="35.0261577" lon="126.7897891"/>
 <node id="5309416880" visible="true" version="2" changeset="99219143" timestamp="2021-02-13T16:03:11Z" user="mulgist" uid="12368943" lat="35.0258309" lon="126.7905193"/>
 <node id="5309416881" visible="true" version="1" changeset="54997523" timestamp="2017-12-29T00:31:56Z" user="FUKUTAN" uid="5207199" lat="35.0257707" lon="126.7908291"/>
 <node id="5309416882" visible="true" version="1" changeset="54997523" timestamp="2017-12-29T00:31:56Z" user="FUKUTAN" uid="5207199" lat="35.0249870" lon="126.7898354"/>
 <node id="5309416883" visible="true" version="1" changeset="54997523" timestamp="2017-12-29T00:31:56Z" user="FUKUTAN" uid="5207199" lat="35.0250926" lon="126.7896683"/>
 <node id="5309416885" visible="true" version="2" changeset="99219143" timestamp="2021-02-13T16:03:11Z" user="mulgist" uid="12368943" lat="35.0261770" lon="126.7892459"/>
 <node id="5309416886" visible="true" version="2" changeset="99219143" timestamp="2021-02-13T16:03:11Z" user="mulgist" uid="12368943" lat="35.0263370" lon="126.7889565"/>
 <node id="5309416887" visible="true" version="2" changeset="99219143" timestamp="2021-02-13T16:03:11Z" user="mulgist" uid="12368943" lat="35.0263404" lon="126.7895914"/>
 <node id="5309416888" visible="true" version="2" changeset="99219143" timestamp="2021-02-13T16:03:11Z" user="mulgist" uid="12368943" lat="35.0262794" lon="126.7897341"/>
 <node id="5309434032" visible="true" version="3" changeset="176319095" timestamp="2025-12-23T17:30:15Z" user="aaei924" uid="10626814" lat="35.0211185" lon="126.7810121"/>
 <node id="5309434038" visible="true" version="2" changeset="99219143" timestamp="2021-02-13T16:03:11Z" user="mulgist" uid="12368943" lat="35.0216612" lon="126.7902510"/>
 <node id="5309434039" visible="true" version="2" changeset="99219143" timestamp="2021-02-13T16:03:11Z" user="mulgist" uid="12368943" lat="35.0216841" lon="126.7902070"/>
 <node id="5309434040" visible="true" version="2" changeset="99219143" timestamp="2021-02-13T16:03:11Z" user="mulgist" uid="12368943" lat="35.0217138" lon="126.7901695"/>
 <node id="5309434041" visible="true" version="2" changeset="99219143" timestamp="2021-02-13T16:03:11Z" user="mulgist" uid="12368943" lat="35.0217489" lon="126.7901398"/>
 <node id="5309434042" visible="true" version="2" changeset="99219143" timestamp="2021-02-13T16:03:11Z" user="mulgist" uid="12368943" lat="35.0217881" lon="126.7901193"/>
 <node id="5309434043" visible="true" version="2" changeset="99219143" timestamp="2021-02-13T16:03:11Z" user="mulgist" uid="12368943" lat="35.0218299" lon="126.7901086"/>
 <node id="5309434044" visible="true" version="2" changeset="99219143" timestamp="2021-02-13T16:03:11Z" user="mulgist" uid="12368943" lat="35.0218726" lon="126.7901082"/>
 <node id="5309434045" visible="true" version="2" changeset="99219143" timestamp="2021-02-13T16:03:11Z" user="mulgist" uid="12368943" lat="35.0219145" lon="126.7901181"/>
 <node id="5309434046" visible="true" version="2" changeset="99219143" timestamp="2021-02-13T16:03:11Z" user="mulgist" uid="12368943" lat="35.0219540" lon="126.7901380"/>
 <node id="5309434047" visible="true" version="2" changeset="99219143" timestamp="2021-02-13T16:03:11Z" user="mulgist" uid="12368943" lat="35.0219895" lon="126.7901670"/>
 <node id="5309434048" visible="true" version="2" changeset="99219143" timestamp="2021-02-13T16:03:11Z" user="mulgist" uid="12368943" lat="35.0220196" lon="126.7902039"/>
 <node id="5309434049" visible="true" version="2" changeset="99219143" timestamp="2021-02-13T16:03:11Z" user="mulgist" uid="12368943" lat="35.0220431" lon="126.7902475"/>
 <node id="5309434050" visible="true" version="2" changeset="99219143" timestamp="2021-02-13T16:03:11Z" user="mulgist" uid="12368943" lat="35.0220591" lon="126.7902958"/>
 <node id="5309434051" visible="true" version="2" changeset="99219143" timestamp="2021-02-13T16:03:11Z" user="mulgist" uid="12368943" lat="35.0220669" lon="126.7903471"/>
 <node id="5309434052" visible="true" version="2" changeset="99219143" timestamp="2021-02-13T16:03:11Z" user="mulgist" uid="12368943" lat="35.0220663" lon="126.7903992"/>
 <node id="5309434053" visible="true" version="2" changeset="99219143" timestamp="2021-02-13T16:03:11Z" user="mulgist" uid="12368943" lat="35.0220573" lon="126.7904502"/>
 <node id="5309434054" visible="true" version="2" changeset="99219143" timestamp="2021-02-13T16:03:11Z" user="mulgist" uid="12368943" lat="35.0220401" lon="126.7904979"/>
 <node id="5309434055" visible="true" version="2" changeset="99219143" timestamp="2021-02-13T16:03:11Z" user="mulgist" uid="12368943" lat="35.0219847" lon="126.7905765"/>
 <node id="5309434056" visible="true" version="2" changeset="99219143" timestamp="2021-02-13T16:03:11Z" user="mulgist" uid="12368943" lat="35.0219485" lon="126.7906043"/>
 <node id="5309434057" visible="true" version="2" changeset="99219143" timestamp="2021-02-13T16:03:11Z" user="mulgist" uid="12368943" lat="35.0219086" lon="126.7906227"/>
 <node id="5309434058" visible="true" version="2" changeset="99219143" timestamp="2021-02-13T16:03:11Z" user="mulgist" uid="12368943" lat="35.0218238" lon="126.7906293"/>
 <node id="5309434059" visible="true" version="2" changeset="99219143" timestamp="2021-02-13T16:03:11Z" user="mulgist" uid="12368943" lat="35.0217823" lon="126.7906172"/>
 <node id="5309434060" visible="true" version="2" changeset="99219143" timestamp="2021-02-13T16:03:11Z" user="mulgist" uid="12368943" lat="35.0217436" lon="126.7905952"/>
 <node id="5309434061" visible="true" version="2" changeset="99219143" timestamp="2021-02-13T16:03:11Z" user="mulgist" uid="12368943" lat="35.0217326" lon="126.7905868"/>
 <node id="5309434062" visible="true" version="2" changeset="99219143" timestamp="2021-02-13T16:03:11Z" user="mulgist" uid="12368943" lat="35.0217221" lon="126.7905776"/>
 <node id="5309434063" visible="true" version="2" changeset="99219143" timestamp="2021-02-13T16:03:11Z" user="mulgist" uid="12368943" lat="35.0217121" lon="126.7905676"/>
 <node id="5309434064" visible="true" version="2" changeset="99219143" timestamp="2021-02-13T16:03:11Z" user="mulgist" uid="12368943" lat="35.0217026" lon="126.7905569"/>
 <node id="5309434065" visible="true" version="2" changeset="99219143" timestamp="2021-02-13T16:03:11Z" user="mulgist" uid="12368943" lat="35.0216936" lon="126.7905455"/>
 <node id="5309434066" visible="true" version="2" changeset="99219143" timestamp="2021-02-13T16:03:11Z" user="mulgist" uid="12368943" lat="35.0216852" lon="126.7905335"/>
 <node id="5309434067" visible="true" version="2" changeset="99219143" timestamp="2021-02-13T16:03:11Z" user="mulgist" uid="12368943" lat="35.0216775" lon="126.7905209"/>
 <node id="5309434068" visible="true" version="2" changeset="99219143" timestamp="2021-02-13T16:03:11Z" user="mulgist" uid="12368943" lat="35.0216703" lon="126.7905077"/>
 <node id="5309434069" visible="true" version="2" changeset="99219143" timestamp="2021-02-13T16:03:11Z" user="mulgist" uid="12368943" lat="35.0216638" lon="126.7904940"/>
 <node id="5309434070" visible="true" version="2" changeset="99219143" timestamp="2021-02-13T16:03:11Z" user="mulgist" uid="12368943" lat="35.0216580" lon="126.7904799"/>
 <node id="5309434071" visible="true" version="2" changeset="99219143" timestamp="2021-02-13T16:03:11Z" user="mulgist" uid="12368943" lat="35.0216529" lon="126.7904654"/>
 <node id="5309434072" visible="true" version="2" changeset="99219143" timestamp="2021-02-13T16:03:11Z" user="mulgist" uid="12368943" lat="35.0216486" lon="126.7904505"/>
 <node id="5309434073" visible="true" version="2" changeset="99219143" timestamp="2021-02-13T16:03:11Z" user="mulgist" uid="12368943" lat="35.0216449" lon="126.7904354"/>
 <node id="5309434074" visible="true" version="2" changeset="99219143" timestamp="2021-02-13T16:03:11Z" user="mulgist" uid="12368943" lat="35.0216421" lon="126.7904200"/>
 <node id="5309434075" visible="true" version="2" changeset="99219143" timestamp="2021-02-13T16:03:11Z" user="mulgist" uid="12368943" lat="35.0216400" lon="126.7904044"/>
 <node id="5309434076" visible="true" version="2" changeset="99219143" timestamp="2021-02-13T16:03:11Z" user="mulgist" uid="12368943" lat="35.0216386" lon="126.7903887"/>
 <node id="5309434077" visible="true" version="2" changeset="99219143" timestamp="2021-02-13T16:03:11Z" user="mulgist" uid="12368943" lat="35.0216557" lon="126.7902653"/>
 <node id="5309434078" visible="true" version="2" changeset="99219143" timestamp="2021-02-13T16:03:11Z" user="mulgist" uid="12368943" lat="35.0216509" lon="126.7902800"/>
 <node id="5309434079" visible="true" version="2" changeset="99219143" timestamp="2021-02-13T16:03:11Z" user="mulgist" uid="12368943" lat="35.0216469" lon="126.7902950"/>
 <node id="5309434080" visible="true" version="2" changeset="99219143" timestamp="2021-02-13T16:03:11Z" user="mulgist" uid="12368943" lat="35.0216436" lon="126.7903102"/>
 <node id="5309434081" visible="true" version="2" changeset="99219143" timestamp="2021-02-13T16:03:11Z" user="mulgist" uid="12368943" lat="35.0216410" lon="126.7903257"/>
 <node id="5309434082" visible="true" version="2" changeset="99219143" timestamp="2021-02-13T16:03:11Z" user="mulgist" uid="12368943" lat="35.0216393" lon="126.7903414"/>
 <node id="5309434083" visible="true" version="2" changeset="99219143" timestamp="2021-02-13T16:03:11Z" user="mulgist" uid="12368943" lat="35.0216383" lon="126.7903571"/>
 <node id="5309434084" visible="true" version="2" changeset="99219143" timestamp="2021-02-13T16:03:11Z" user="mulgist" uid="12368943" lat="35.0216381" lon="126.7903729"/>
 <node id="5309434085" visible="true" version="2" changeset="99219143" timestamp="2021-02-13T16:03:11Z" user="mulgist" uid="12368943" lat="35.0218665" lon="126.7906312"/>
 <node id="5309434086" visible="true" version="2" changeset="99219143" timestamp="2021-02-13T16:03:11Z" user="mulgist" uid="12368943" lat="35.0220156" lon="126.7905406"/>
 <node id="5309434087" visible="true" version="3" changeset="144332579" timestamp="2023-11-22T16:15:50Z" user="asdfqwer51" uid="3350410" lat="35.0230820" lon="126.7923482"/>
 <node id="5309434088" visible="true" version="3" changeset="144332579" timestamp="2023-11-22T16:15:50Z" user="asdfqwer51" uid="3350410" lat="35.0231037" lon="126.7911357"/>
 <node id="5309434089" visible="true" version="3" changeset="144332579" timestamp="2023-11-22T16:15:50Z" user="asdfqwer51" uid="3350410" lat="35.0225324" lon="126.7911285"/>
 <node id="5309434090" visible="true" version="3" changeset="144332579" timestamp="2023-11-22T16:15:50Z" user="asdfqwer51" uid="3350410" lat="35.0224845" lon="126.7911996"/>
 <node id="5309434091" visible="true" version="3" changeset="144332579" timestamp="2023-11-22T16:15:50Z" user="asdfqwer51" uid="3350410" lat="35.0224577" lon="126.7922725"/>
 <node id="5309434092" visible="true" version="3" changeset="144332579" timestamp="2023-11-22T16:15:50Z" user="asdfqwer51" uid="3350410" lat="35.0225082" lon="126.7923409"/>
 <node id="5309434093" visible="true" version="2" changeset="100124997" timestamp="2021-02-28T07:30:07Z" user="mulgist" uid="12368943" lat="35.0232379" lon="126.7919064"/>
 <node id="5309434094" visible="true" version="2" changeset="100124997" timestamp="2021-02-28T07:30:07Z" user="mulgist" uid="12368943" lat="35.0232805" lon="126.7920223"/>
 <node id="5309434095" visible="true" version="2" changeset="100124997" timestamp="2021-02-28T07:30:07Z" user="mulgist" uid="12368943" lat="35.0232502" lon="126.7920481"/>
 <node id="5309434096" visible="true" version="2" changeset="100124997" timestamp="2021-02-28T07:30:07Z" user="mulgist" uid="12368943" lat="35.0232519" lon="126.7923231"/>
 <node id="5309434097" visible="true" version="2" changeset="100124997" timestamp="2021-02-28T07:30:07Z" user="mulgist" uid="12368943" lat="35.0235259" lon="126.7923212"/>
 <node id="5309434098" visible="true" version="2" changeset="100124997" timestamp="2021-02-28T07:30:07Z" user="mulgist" uid="12368943" lat="35.0238751" lon="126.7921082"/>
 <node id="5309434099" visible="true" version="2" changeset="100124997" timestamp="2021-02-28T07:30:07Z" user="mulgist" uid="12368943" lat="35.0235254" lon="126.7911260"/>
 <node id="5309434100" visible="true" version="2" changeset="100124997" timestamp="2021-02-28T07:30:07Z" user="mulgist" uid="12368943" lat="35.0232389" lon="126.7911283"/>
 <node id="5309434101" visible="true" version="2" changeset="100124997" timestamp="2021-02-28T07:30:07Z" user="mulgist" uid="12368943" lat="35.0232406" lon="126.7913222"/>
 <node id="5309434102" visible="true" version="2" changeset="100124997" timestamp="2021-02-28T07:30:07Z" user="mulgist" uid="12368943" lat="35.0233556" lon="126.7915003"/>
 <node id="5309434103" visible="true" version="2" changeset="100124997" timestamp="2021-02-28T07:30:07Z" user="mulgist" uid="12368943" lat="35.0232455" lon="126.7915800"/>
 <node id="5309434104" visible="true" version="2" changeset="100124997" timestamp="2021-02-28T07:30:07Z" user="mulgist" uid="12368943" lat="35.0233589" lon="126.7918374"/>
 <node id="5309434105" visible="true" version="2" changeset="99219143" timestamp="2021-02-13T16:03:11Z" user="mulgist" uid="12368943" lat="35.0222001" lon="126.7895724"/>
 <node id="5309434106" visible="true" version="2" changeset="99219143" timestamp="2021-02-13T16:03:11Z" user="mulgist" uid="12368943" lat="35.0220895" lon="126.7895252"/>
 <node id="5309434107" visible="true" version="2" changeset="99219143" timestamp="2021-02-13T16:03:11Z" user="mulgist" uid="12368943" lat="35.0218716" lon="126.7895339"/>
 <node id="5309434108" visible="true" version="4" changeset="144332579" timestamp="2023-11-22T16:15:50Z" user="asdfqwer51" uid="3350410" lat="35.0206940" lon="126.7937380"/>
 <node id="5309434109" visible="true" version="4" changeset="144332579" timestamp="2023-11-22T16:15:50Z" user="asdfqwer51" uid="3350410" lat="35.0206812" lon="126.7937627"/>
 <node id="5309434110" visible="true" version="3" changeset="144332579" timestamp="2023-11-22T16:15:50Z" user="asdfqwer51" uid="3350410" lat="35.0207841" lon="126.7940164"/>
 <node id="5309434111" visible="true" version="3" changeset="144332579" timestamp="2023-11-22T16:15:50Z" user="asdfqwer51" uid="3350410" lat="35.0208306" lon="126.7940157"/>
 <node id="5309434112" visible="true" version="3" changeset="144332579" timestamp="2023-11-22T16:15:50Z" user="asdfqwer51" uid="3350410" lat="35.0208744" lon="126.7939967"/>
 <node id="5309434113" visible="true" version="3" changeset="144332579" timestamp="2023-11-22T16:15:50Z" user="asdfqwer51" uid="3350410" lat="35.0206682" lon="126.7938044"/>
 <node id="5309434114" visible="true" version="3" changeset="144332579" timestamp="2023-11-22T16:15:50Z" user="asdfqwer51" uid="3350410" lat="35.0206647" lon="126.7938613"/>
 <node id="5309434115" visible="true" version="3" changeset="144332579" timestamp="2023-11-22T16:15:50Z" user="asdfqwer51" uid="3350410" lat="35.0206766" lon="126.7939165"/>
 <node id="5309434116" visible="true" version="3" changeset="144332579" timestamp="2023-11-22T16:15:50Z" user="asdfqwer51" uid="3350410" lat="35.0207025" lon="126.7939639"/>
 <node id="5309434117" visible="true" version="3" changeset="144332579" timestamp="2023-11-22T16:15:50Z" user="asdfqwer51" uid="3350410" lat="35.0207397" lon="126.7939985"/>
 <node id="5309434118" visible="true" version="3" changeset="144332579" timestamp="2023-11-22T16:15:50Z" user="asdfqwer51" uid="3350410" lat="35.0209108" lon="126.7939614"/>
 <node id="5309434119" visible="true" version="3" changeset="144332579" timestamp="2023-11-22T16:15:50Z" user="asdfqwer51" uid="3350410" lat="35.0209358" lon="126.7939135"/>
 <node id="5309434120" visible="true" version="3" changeset="144332579" timestamp="2023-11-22T16:15:50Z" user="asdfqwer51" uid="3350410" lat="35.0209468" lon="126.7938583"/>
 <node id="5309434121" visible="true" version="3" changeset="144332579" timestamp="2023-11-22T16:15:50Z" user="asdfqwer51" uid="3350410" lat="35.0209426" lon="126.7938018"/>
 <node id="5309434122" visible="true" version="3" changeset="144332579" timestamp="2023-11-22T16:15:50Z" user="asdfqwer51" uid="3350410" lat="35.0209235" lon="126.7937500"/>
 <node id="5309434123" visible="true" version="3" changeset="144332579" timestamp="2023-11-22T16:15:50Z" user="asdfqwer51" uid="3350410" lat="35.0208918" lon="126.7937085"/>
 <node id="5309434124" visible="true" version="3" changeset="144332579" timestamp="2023-11-22T16:15:50Z" user="asdfqwer51" uid="3350410" lat="35.0208507" lon="126.7936818"/>
 <node id="5309434125" visible="true" version="3" changeset="144332579" timestamp="2023-11-22T16:15:50Z" user="asdfqwer51" uid="3350410" lat="35.0208048" lon="126.7936728"/>
 <node id="5309434126" visible="true" version="3" changeset="144332579" timestamp="2023-11-22T16:15:50Z" user="asdfqwer51" uid="3350410" lat="35.0207590" lon="126.7936825"/>
 <node id="5309676689" visible="true" version="2" changeset="99601411" timestamp="2021-02-19T14:39:38Z" user="mulgist" uid="12368943" lat="35.0210450" lon="126.7887562"/>
 <node id="5309676690" visible="true" version="2" changeset="99601411" timestamp="2021-02-19T14:39:38Z" user="mulgist" uid="12368943" lat="35.0208792" lon="126.7890069"/>
 <node id="5309676692" visible="true" version="2" changeset="99601411" timestamp="2021-02-19T14:39:38Z" user="mulgist" uid="12368943" lat="35.0204382" lon="126.7886669"/>
 <node id="5309676693" visible="true" version="2" changeset="99601411" timestamp="2021-02-19T14:39:38Z" user="mulgist" uid="12368943" lat="35.0202881" lon="126.7887958"/>
 <node id="5309677722" visible="true" version="1" changeset="55000270" timestamp="2017-12-29T04:55:57Z" user="FUKUTAN" uid="5207199" lat="35.0111595" lon="126.7816065"/>
 <node id="5309677752" visible="true" version="2" changeset="100138147" timestamp="2021-02-28T14:03:49Z" user="mulgist" uid="12368943" lat="35.0270700" lon="126.7883226"/>
 <node id="5309677753" visible="true" version="2" changeset="99219143" timestamp="2021-02-13T16:03:11Z" user="mulgist" uid="12368943" lat="35.0266373" lon="126.7882589"/>
 <node id="5309677754" visible="true" version="2" changeset="99219143" timestamp="2021-02-13T16:03:11Z" user="mulgist" uid="12368943" lat="35.0264986" lon="126.7884318"/>
 <node id="5309677755" visible="true" version="2" changeset="99219143" timestamp="2021-02-13T16:03:11Z" user="mulgist" uid="12368943" lat="35.0263511" lon="126.7885793"/>
 <node id="5309677756" visible="true" version="2" changeset="99219143" timestamp="2021-02-13T16:03:11Z" user="mulgist" uid="12368943" lat="35.0262346" lon="126.7888500"/>
 <node id="5309677757" visible="true" version="2" changeset="99219143" timestamp="2021-02-13T16:03:11Z" user="mulgist" uid="12368943" lat="35.0261928" lon="126.7889985"/>
 <node id="5309677758" visible="true" version="2" changeset="99219143" timestamp="2021-02-13T16:03:11Z" user="mulgist" uid="12368943" lat="35.0261686" lon="126.7890731"/>
 <node id="5309677759" visible="true" version="2" changeset="99219143" timestamp="2021-02-13T16:03:11Z" user="mulgist" uid="12368943" lat="35.0261299" lon="126.7891491"/>
 <node id="5309677760" visible="true" version="2" changeset="99219143" timestamp="2021-02-13T16:03:11Z" user="mulgist" uid="12368943" lat="35.0260914" lon="126.7891982"/>
 <node id="5309677761" visible="true" version="2" changeset="99219143" timestamp="2021-02-13T16:03:11Z" user="mulgist" uid="12368943" lat="35.0257185" lon="126.7893744"/>
 <node id="5309677762" visible="true" version="2" changeset="99219143" timestamp="2021-02-13T16:03:11Z" user="mulgist" uid="12368943" lat="35.0254297" lon="126.7894967"/>
 <node id="5309677763" visible="true" version="2" changeset="99219143" timestamp="2021-02-13T16:03:11Z" user="mulgist" uid="12368943" lat="35.0250752" lon="126.7896571"/>
 <node id="5309677764" visible="true" version="2" changeset="99219143" timestamp="2021-02-13T16:03:11Z" user="mulgist" uid="12368943" lat="35.0249940" lon="126.7897065"/>
 <node id="5309677765" visible="true" version="2" changeset="99219143" timestamp="2021-02-13T16:03:11Z" user="mulgist" uid="12368943" lat="35.0249413" lon="126.7897343"/>
 <node id="5309677766" visible="true" version="2" changeset="99219143" timestamp="2021-02-13T16:03:11Z" user="mulgist" uid="12368943" lat="35.0249111" lon="126.7898381"/>
 <node id="5309677767" visible="true" version="2" changeset="99219143" timestamp="2021-02-13T16:03:11Z" user="mulgist" uid="12368943" lat="35.0249085" lon="126.7898938"/>
 <node id="5309677769" visible="true" version="1" changeset="55000270" timestamp="2017-12-29T04:55:57Z" user="FUKUTAN" uid="5207199" lat="35.0256947" lon="126.7909644"/>
 <node id="5309677770" visible="true" version="2" changeset="100138147" timestamp="2021-02-28T14:03:49Z" user="mulgist" uid="12368943" lat="35.0259561" lon="126.7912367"/>
 <node id="5309677771" visible="true" version="2" changeset="99219143" timestamp="2021-02-13T16:03:11Z" user="mulgist" uid="12368943" lat="35.0262693" lon="126.7915429"/>
 <node id="5309677772" visible="true" version="2" changeset="99219143" timestamp="2021-02-13T16:03:11Z" user="mulgist" uid="12368943" lat="35.0264608" lon="126.7917901"/>
 <node id="5309677773" visible="true" version="2" changeset="99219143" timestamp="2021-02-13T16:03:11Z" user="mulgist" uid="12368943" lat="35.0265827" lon="126.7918429"/>
 <node id="5309677774" visible="true" version="2" changeset="99219143" timestamp="2021-02-13T16:03:11Z" user="mulgist" uid="12368943" lat="35.0266908" lon="126.7918680"/>
 <node id="5309677775" visible="true" version="2" changeset="99219143" timestamp="2021-02-13T16:03:11Z" user="mulgist" uid="12368943" lat="35.0268281" lon="126.7921015"/>
 <node id="5309677776" visible="true" version="2" changeset="99219143" timestamp="2021-02-13T16:03:11Z" user="mulgist" uid="12368943" lat="35.0272782" lon="126.7926452"/>
 <node id="5309677777" visible="true" version="2" changeset="99219143" timestamp="2021-02-13T16:03:11Z" user="mulgist" uid="12368943" lat="35.0273076" lon="126.7934008"/>
 <node id="5309677779" visible="true" version="2" changeset="99219143" timestamp="2021-02-13T16:03:11Z" user="mulgist" uid="12368943" lat="35.0271292" lon="126.7941002"/>
 <node id="5309677780" visible="true" version="1" changeset="55000270" timestamp="2017-12-29T04:55:57Z" user="FUKUTAN" uid="5207199" lat="35.0269237" lon="126.7948628"/>
 <node id="5309677781" visible="true" version="1" changeset="55000270" timestamp="2017-12-29T04:55:57Z" user="FUKUTAN" uid="5207199" lat="35.0271190" lon="126.7953074"/>
 <node id="5309677782" visible="true" version="2" changeset="99219143" timestamp="2021-02-13T16:03:11Z" user="mulgist" uid="12368943" lat="35.0271072" lon="126.7922188"/>
 <node id="5309677783" visible="true" version="2" changeset="99219143" timestamp="2021-02-13T16:03:11Z" user="mulgist" uid="12368943" lat="35.0273560" lon="126.7924456"/>
 <node id="5309677784" visible="true" version="2" changeset="99219143" timestamp="2021-02-13T16:03:11Z" user="mulgist" uid="12368943" lat="35.0276230" lon="126.7929751"/>
 <node id="5309677785" visible="true" version="2" changeset="99219143" timestamp="2021-02-13T16:03:11Z" user="mulgist" uid="12368943" lat="35.0276792" lon="126.7942325"/>
 <node id="5309677787" visible="true" version="2" changeset="96646660" timestamp="2020-12-30T07:15:21Z" user="mulgist" uid="12368943" lat="35.0226014" lon="126.7953825"/>
 <node id="5309677788" visible="true" version="2" changeset="96646660" timestamp="2020-12-30T07:15:21Z" user="mulgist" uid="12368943" lat="35.0225347" lon="126.7953291"/>
 <node id="5309677789" visible="true" version="2" changeset="96646660" timestamp="2020-12-30T07:15:21Z" user="mulgist" uid="12368943" lat="35.0224117" lon="126.7953278"/>
 <node id="5309677790" visible="true" version="2" changeset="96646660" timestamp="2020-12-30T07:15:21Z" user="mulgist" uid="12368943" lat="35.0227412" lon="126.7954160"/>
 <node id="5309677791" visible="true" version="2" changeset="96646660" timestamp="2020-12-30T07:15:21Z" user="mulgist" uid="12368943" lat="35.0226698" lon="126.7948061"/>
 <node id="5309677792" visible="true" version="2" changeset="96646660" timestamp="2020-12-30T07:15:21Z" user="mulgist" uid="12368943" lat="35.0225270" lon="126.7948906"/>
 <node id="5309677793" visible="true" version="2" changeset="96646660" timestamp="2020-12-30T07:15:21Z" user="mulgist" uid="12368943" lat="35.0226478" lon="126.7953993"/>
 <node id="5309677794" visible="true" version="2" changeset="96646660" timestamp="2020-12-30T07:15:21Z" user="mulgist" uid="12368943" lat="35.0226500" lon="126.7957609"/>
 <node id="5309677795" visible="true" version="2" changeset="96646660" timestamp="2020-12-30T07:15:21Z" user="mulgist" uid="12368943" lat="35.0227972" lon="126.7957609"/>
 <node id="5309677796" visible="true" version="2" changeset="96646660" timestamp="2020-12-30T07:15:21Z" user="mulgist" uid="12368943" lat="35.0227983" lon="126.7954266"/>
 <node id="5309677797" visible="true" version="4" changeset="144333236" timestamp="2023-11-22T16:36:43Z" user="asdfqwer51" uid="3350410" lat="35.0222433" lon="126.7992272"/>
 <node id="5309677798" visible="true" version="4" changeset="144333236" timestamp="2023-11-22T16:36:43Z" user="asdfqwer51" uid="3350410" lat="35.0228492" lon="126.7990981"/>
 <node id="5309677799" visible="true" version="2" changeset="65610732" timestamp="2018-12-19T13:03:37Z" user="FUKUTAN" uid="5207199" lat="35.0232645" lon="126.7971175"/>
 <node id="5309677800" visible="true" version="4" changeset="124040733" timestamp="2022-07-25T08:53:04Z" user="FUKUTAN" uid="5207199" lat="35.0231290" lon="126.7963855"/>
 <node id="5309677801" visible="true" version="3" changeset="144333236" timestamp="2023-11-22T16:36:43Z" user="asdfqwer51" uid="3350410" lat="35.0235780" lon="126.8007984"/>
 <node id="5309677802" visible="true" version="4" changeset="144333236" timestamp="2023-11-22T16:36:43Z" user="asdfqwer51" uid="3350410" lat="35.0228428" lon="126.8010544"/>
 <node id="5309677820" visible="true" version="2" changeset="99601411" timestamp="2021-02-19T14:39:38Z" user="mulgist" uid="12368943" lat="35.0146486" lon="126.7845636"/>
 <node id="5309677822" visible="true" version="2" changeset="99601411" timestamp="2021-02-19T14:39:38Z" user="mulgist" uid="12368943" lat="35.0165477" lon="126.7858361"/>
 <node id="5309677824" visible="true" version="2" changeset="99601411" timestamp="2021-02-19T14:39:38Z" user="mulgist" uid="12368943" lat="35.0164750" lon="126.7858235"/>
 <node id="5309677825" visible="true" version="2" changeset="99601411" timestamp="2021-02-19T14:39:38Z" user="mulgist" uid="12368943" lat="35.0162326" lon="126.7857605"/>
 <node id="5309677870" visible="true" version="3" changeset="144334816" timestamp="2023-11-22T17:12:52Z" user="asdfqwer51" uid="3350410" lat="35.0280192" lon="126.7845258"/>
 <node id="5309677962" visible="true" version="3" changeset="144333236" timestamp="2023-11-22T16:36:43Z" user="asdfqwer51" uid="3350410" lat="35.0282868" lon="126.7937987"/>
 <node id="5309677963" visible="true" version="2" changeset="99219143" timestamp="2021-02-13T16:03:11Z" user="mulgist" uid="12368943" lat="35.0271516" lon="126.7945193"/>
 <node id="5309677964" visible="true" version="3" changeset="99219143" timestamp="2021-02-13T16:03:11Z" user="mulgist" uid="12368943" lat="35.0268775" lon="126.7946479"/>
 <node id="5312143165" visible="true" version="2" changeset="144326721" timestamp="2023-11-22T13:28:24Z" user="asdfqwer51" uid="3350410" lat="35.0204019" lon="126.7949698"/>
 <node id="5312143166" visible="true" version="2" changeset="144326721" timestamp="2023-11-22T13:28:24Z" user="asdfqwer51" uid="3350410" lat="35.0200933" lon="126.7949805"/>
 <node id="5312143167" visible="true" version="2" changeset="144326721" timestamp="2023-11-22T13:28:24Z" user="asdfqwer51" uid="3350410" lat="35.0200955" lon="126.7952769"/>
 <node id="5312143168" visible="true" version="2" changeset="144326721" timestamp="2023-11-22T13:28:24Z" user="asdfqwer51" uid="3350410" lat="35.0203910" lon="126.7952863"/>
 <node id="5312143169" visible="true" version="2" changeset="144326721" timestamp="2023-11-22T13:28:24Z" user="asdfqwer51" uid="3350410" lat="35.0204601" lon="126.7952219"/>
 <node id="5312143170" visible="true" version="2" changeset="144326721" timestamp="2023-11-22T13:28:24Z" user="asdfqwer51" uid="3350410" lat="35.0205337" lon="126.7952152"/>
 <node id="5312143172" visible="true" version="3" changeset="144326721" timestamp="2023-11-22T13:28:24Z" user="asdfqwer51" uid="3350410" lat="35.0207786" lon="126.7959459"/>
 <node id="5312143173" visible="true" version="2" changeset="144326721" timestamp="2023-11-22T13:28:24Z" user="asdfqwer51" uid="3350410" lat="35.0209148" lon="126.7959448"/>
 <node id="5312143174" visible="true" version="2" changeset="144326721" timestamp="2023-11-22T13:28:24Z" user="asdfqwer51" uid="3350410" lat="35.0209126" lon="126.7953976"/>
 <node id="5312143175" visible="true" version="2" changeset="144326721" timestamp="2023-11-22T13:28:24Z" user="asdfqwer51" uid="3350410" lat="35.0209039" lon="126.7953574"/>
 <node id="5312143176" visible="true" version="2" changeset="144326721" timestamp="2023-11-22T13:28:24Z" user="asdfqwer51" uid="3350410" lat="35.0208720" lon="126.7953091"/>
 <node id="5312143177" visible="true" version="2" changeset="144326721" timestamp="2023-11-22T13:28:24Z" user="asdfqwer51" uid="3350410" lat="35.0206238" lon="126.7950462"/>
 <node id="5312143178" visible="true" version="2" changeset="144326721" timestamp="2023-11-22T13:28:24Z" user="asdfqwer51" uid="3350410" lat="35.0205886" lon="126.7950422"/>
 <node id="5312143179" visible="true" version="2" changeset="144326721" timestamp="2023-11-22T13:28:24Z" user="asdfqwer51" uid="3350410" lat="35.0204799" lon="126.7950422"/>
 <node id="5312143180" visible="true" version="2" changeset="144326721" timestamp="2023-11-22T13:28:24Z" user="asdfqwer51" uid="3350410" lat="35.0206539" lon="126.7950641"/>
 <node id="5312143181" visible="true" version="2" changeset="144326721" timestamp="2023-11-22T13:28:24Z" user="asdfqwer51" uid="3350410" lat="35.0205625" lon="126.7952297"/>
 <node id="5312143182" visible="true" version="2" changeset="144326721" timestamp="2023-11-22T13:28:24Z" user="asdfqwer51" uid="3350410" lat="35.0208912" lon="126.7953346"/>
 <node id="5312163959" visible="true" version="5" changeset="144334816" timestamp="2023-11-22T17:12:52Z" user="asdfqwer51" uid="3350410" lat="35.0280473" lon="126.7860700"/>
 <node id="5312163976" visible="true" version="4" changeset="144333236" timestamp="2023-11-22T16:36:43Z" user="asdfqwer51" uid="3350410" lat="35.0237522" lon="126.8001852"/>
 <node id="5312163977" visible="true" version="3" changeset="144333236" timestamp="2023-11-22T16:36:43Z" user="asdfqwer51" uid="3350410" lat="35.0237415" lon="126.8002235"/>
 <node id="5312163978" visible="true" version="5" changeset="176319095" timestamp="2025-12-23T17:30:15Z" user="aaei924" uid="10626814" lat="35.0211496" lon="126.8008648"/>
 <node id="5312164057" visible="true" version="1" changeset="55037307" timestamp="2017-12-30T15:32:34Z" user="FUKUTAN" uid="5207199" lat="35.0274880" lon="126.8012105"/>
 <node id="5312199938" visible="true" version="1" changeset="55037900" timestamp="2017-12-30T15:59:02Z" user="FUKUTAN" uid="5207199" lat="35.0277011" lon="126.7868921"/>
 <node id="5312199939" visible="true" version="2" changeset="100138147" timestamp="2021-02-28T14:03:49Z" user="mulgist" uid="12368943" lat="35.0276759" lon="126.7870647"/>
 <node id="5312200003" visible="true" version="2" changeset="99630021" timestamp="2021-02-20T08:24:13Z" user="mulgist" uid="12368943" lat="35.0181919" lon="126.7926054"/>
 <node id="5312200004" visible="true" version="2" changeset="99630021" timestamp="2021-02-20T08:24:13Z" user="mulgist" uid="12368943" lat="35.0182110" lon="126.7924709"/>
 <node id="5312200005" visible="true" version="2" changeset="99630021" timestamp="2021-02-20T08:24:13Z" user="mulgist" uid="12368943" lat="35.0182624" lon="126.7923135"/>
 <node id="5312200006" visible="true" version="2" changeset="99630021" timestamp="2021-02-20T08:24:13Z" user="mulgist" uid="12368943" lat="35.0183758" lon="126.7922205"/>
 <node id="5312200007" visible="true" version="3" changeset="99630021" timestamp="2021-02-20T08:24:13Z" user="mulgist" uid="12368943" lat="35.0184936" lon="126.7920950"/>
 <node id="5312200008" visible="true" version="2" changeset="99601411" timestamp="2021-02-19T14:39:38Z" user="mulgist" uid="12368943" lat="35.0186518" lon="126.7920451"/>
 <node id="5312200009" visible="true" version="2" changeset="99601411" timestamp="2021-02-19T14:39:38Z" user="mulgist" uid="12368943" lat="35.0187259" lon="126.7920115"/>
 <node id="5312200010" visible="true" version="2" changeset="99601411" timestamp="2021-02-19T14:39:38Z" user="mulgist" uid="12368943" lat="35.0192494" lon="126.7913762"/>
 <node id="5312200011" visible="true" version="2" changeset="99601411" timestamp="2021-02-19T14:39:38Z" user="mulgist" uid="12368943" lat="35.0192582" lon="126.7912270"/>
 <node id="5312200012" visible="true" version="2" changeset="99601411" timestamp="2021-02-19T14:39:38Z" user="mulgist" uid="12368943" lat="35.0192655" lon="126.7911491"/>
 <node id="5312200013" visible="true" version="2" changeset="99601411" timestamp="2021-02-19T14:39:38Z" user="mulgist" uid="12368943" lat="35.0193075" lon="126.7910953"/>
 <node id="5312200014" visible="true" version="2" changeset="99601411" timestamp="2021-02-19T14:39:38Z" user="mulgist" uid="12368943" lat="35.0194045" lon="126.7910738"/>
 <node id="5312200015" visible="true" version="2" changeset="99601411" timestamp="2021-02-19T14:39:38Z" user="mulgist" uid="12368943" lat="35.0195613" lon="126.7910283"/>
 <node id="5312200016" visible="true" version="2" changeset="99601411" timestamp="2021-02-19T14:39:38Z" user="mulgist" uid="12368943" lat="35.0196396" lon="126.7909645"/>
 <node id="5312200017" visible="true" version="2" changeset="99601411" timestamp="2021-02-19T14:39:38Z" user="mulgist" uid="12368943" lat="35.0197044" lon="126.7909193"/>
 <node id="5312200019" visible="true" version="2" changeset="99601411" timestamp="2021-02-19T14:39:38Z" user="mulgist" uid="12368943" lat="35.0198155" lon="126.7907841"/>
 <node id="5312200021" visible="true" version="2" changeset="99601411" timestamp="2021-02-19T14:39:38Z" user="mulgist" uid="12368943" lat="35.0199047" lon="126.7907052"/>
 <node id="5312200024" visible="true" version="2" changeset="99601411" timestamp="2021-02-19T14:39:38Z" user="mulgist" uid="12368943" lat="35.0201837" lon="126.7907597"/>
 <node id="5312200025" visible="true" version="2" changeset="99601411" timestamp="2021-02-19T14:39:38Z" user="mulgist" uid="12368943" lat="35.0202647" lon="126.7907278"/>
 <node id="5312200026" visible="true" version="2" changeset="144332579" timestamp="2023-11-22T16:15:50Z" user="asdfqwer51" uid="3350410" lat="35.0202417" lon="126.7906077"/>
 <node id="5312200028" visible="true" version="2" changeset="99601411" timestamp="2021-02-19T14:39:38Z" user="mulgist" uid="12368943" lat="35.0204616" lon="126.7906891"/>
 <node id="5312200029" visible="true" version="1" changeset="55037900" timestamp="2017-12-30T15:59:04Z" user="FUKUTAN" uid="5207199" lat="35.0205317" lon="126.7907056"/>
 <node id="5312200030" visible="true" version="2" changeset="99601411" timestamp="2021-02-19T14:39:38Z" user="mulgist" uid="12368943" lat="35.0207703" lon="126.7908084"/>
 <node id="5312200031" visible="true" version="2" changeset="99601411" timestamp="2021-02-19T14:39:38Z" user="mulgist" uid="12368943" lat="35.0207722" lon="126.7908808"/>
 <node id="5354443485" visible="true" version="3" changeset="144332579" timestamp="2023-11-22T16:15:50Z" user="asdfqwer51" uid="3350410" lat="35.0205564" lon="126.7937124"/>
 <node id="5354443486" visible="true" version="3" changeset="144332579" timestamp="2023-11-22T16:15:50Z" user="asdfqwer51" uid="3350410" lat="35.0203911" lon="126.7934948"/>
 <node id="5354443487" visible="true" version="3" changeset="144332579" timestamp="2023-11-22T16:15:50Z" user="asdfqwer51" uid="3350410" lat="35.0203416" lon="126.7934924"/>
 <node id="5354443488" visible="true" version="3" changeset="144332579" timestamp="2023-11-22T16:15:50Z" user="asdfqwer51" uid="3350410" lat="35.0201556" lon="126.7937159"/>
 <node id="5354443489" visible="true" version="3" changeset="144332579" timestamp="2023-11-22T16:15:50Z" user="asdfqwer51" uid="3350410" lat="35.0201597" lon="126.7940610"/>
 <node id="5354443490" visible="true" version="3" changeset="144332579" timestamp="2023-11-22T16:15:50Z" user="asdfqwer51" uid="3350410" lat="35.0205525" lon="126.7940319"/>
 <node id="5354443491" visible="true" version="2" changeset="99630021" timestamp="2021-02-20T08:24:13Z" user="mulgist" uid="12368943" lat="35.0201787" lon="126.7924186"/>
 <node id="5354443492" visible="true" version="3" changeset="144332579" timestamp="2023-11-22T16:15:50Z" user="asdfqwer51" uid="3350410" lat="35.0206958" lon="126.7920579"/>
 <node id="5354443493" visible="true" version="3" changeset="144332579" timestamp="2023-11-22T16:15:50Z" user="asdfqwer51" uid="3350410" lat="35.0206956" lon="126.7922988"/>
 <node id="5354443494" visible="true" version="3" changeset="144332579" timestamp="2023-11-22T16:15:50Z" user="asdfqwer51" uid="3350410" lat="35.0210231" lon="126.7922993"/>
 <node id="5354443495" visible="true" version="3" changeset="144332579" timestamp="2023-11-22T16:15:50Z" user="asdfqwer51" uid="3350410" lat="35.0210234" lon="126.7920760"/>
 <node id="5354443496" visible="true" version="3" changeset="144332579" timestamp="2023-11-22T16:15:50Z" user="asdfqwer51" uid="3350410" lat="35.0208515" lon="126.7920757"/>
 <node id="5354443497" visible="true" version="3" changeset="144332579" timestamp="2023-11-22T16:15:50Z" user="asdfqwer51" uid="3350410" lat="35.0208515" lon="126.7920582"/>
 <node id="5354443504" visible="true" version="2" changeset="144332579" timestamp="2023-11-22T16:15:50Z" user="asdfqwer51" uid="3350410" lat="35.0178425" lon="126.7932814"/>
 <node id="5354443505" visible="true" version="1" changeset="55652821" timestamp="2018-01-22T12:03:58Z" user="FUKUTAN" uid="5207199" lat="35.0171949" lon="126.7942937"/>
 <node id="5354443507" visible="true" version="2" changeset="99219143" timestamp="2021-02-13T16:03:11Z" user="mulgist" uid="12368943" lat="35.0207645" lon="126.7898569"/>
 <node id="5354443508" visible="true" version="2" changeset="99219143" timestamp="2021-02-13T16:03:11Z" user="mulgist" uid="12368943" lat="35.0207954" lon="126.7898136"/>
 <node id="5354443509" visible="true" version="2" changeset="99219143" timestamp="2021-02-13T16:03:11Z" user="mulgist" uid="12368943" lat="35.0208524" lon="126.7897831"/>
 <node id="5354443510" visible="true" version="2" changeset="99219143" timestamp="2021-02-13T16:03:11Z" user="mulgist" uid="12368943" lat="35.0209314" lon="126.7897521"/>
 <node id="5354443511" visible="true" version="2" changeset="99219143" timestamp="2021-02-13T16:03:11Z" user="mulgist" uid="12368943" lat="35.0210065" lon="126.7897424"/>
 <node id="5354443512" visible="true" version="2" changeset="99219143" timestamp="2021-02-13T16:03:11Z" user="mulgist" uid="12368943" lat="35.0214410" lon="126.7898002"/>
 <node id="5354443513" visible="true" version="2" changeset="99219143" timestamp="2021-02-13T16:03:11Z" user="mulgist" uid="12368943" lat="35.0215105" lon="126.7898268"/>
 <node id="5354443514" visible="true" version="2" changeset="99219143" timestamp="2021-02-13T16:03:11Z" user="mulgist" uid="12368943" lat="35.0215376" lon="126.7898929"/>
 <node id="5354443515" visible="true" version="2" changeset="99219143" timestamp="2021-02-13T16:03:11Z" user="mulgist" uid="12368943" lat="35.0218790" lon="126.7898841"/>
 <node id="5354443516" visible="true" version="2" changeset="99219143" timestamp="2021-02-13T16:03:11Z" user="mulgist" uid="12368943" lat="35.0222011" lon="126.7896464"/>
 <node id="5354443517" visible="true" version="2" changeset="99219143" timestamp="2021-02-13T16:03:11Z" user="mulgist" uid="12368943" lat="35.0223056" lon="126.7897323"/>
 <node id="5354443518" visible="true" version="2" changeset="99219143" timestamp="2021-02-13T16:03:11Z" user="mulgist" uid="12368943" lat="35.0224488" lon="126.7898139"/>
 <node id="5354443519" visible="true" version="2" changeset="99219143" timestamp="2021-02-13T16:03:11Z" user="mulgist" uid="12368943" lat="35.0225376" lon="126.7898064"/>
 <node id="5354443520" visible="true" version="2" changeset="99219143" timestamp="2021-02-13T16:03:11Z" user="mulgist" uid="12368943" lat="35.0226086" lon="126.7898209"/>
 <node id="5354444821" visible="true" version="2" changeset="60015981" timestamp="2018-06-20T16:17:08Z" user="FUKUTAN" uid="5207199" lat="35.0229996" lon="126.7898833"/>
 <node id="5354444822" visible="true" version="2" changeset="99219143" timestamp="2021-02-13T16:03:11Z" user="mulgist" uid="12368943" lat="35.0216610" lon="126.7898970"/>
 <node id="5354444823" visible="true" version="2" changeset="99219143" timestamp="2021-02-13T16:03:11Z" user="mulgist" uid="12368943" lat="35.0216632" lon="126.7896553"/>
 <node id="5354444824" visible="true" version="2" changeset="99219143" timestamp="2021-02-13T16:03:11Z" user="mulgist" uid="12368943" lat="35.0217211" lon="126.7896217"/>
 <node id="5354444825" visible="true" version="2" changeset="99219143" timestamp="2021-02-13T16:03:11Z" user="mulgist" uid="12368943" lat="35.0218974" lon="126.7895674"/>
 <node id="5354444826" visible="true" version="2" changeset="99219143" timestamp="2021-02-13T16:03:11Z" user="mulgist" uid="12368943" lat="35.0219979" lon="126.7895538"/>
 <node id="5354444827" visible="true" version="2" changeset="99219143" timestamp="2021-02-13T16:03:11Z" user="mulgist" uid="12368943" lat="35.0220948" lon="126.7895622"/>
 <node id="5354444839" visible="true" version="2" changeset="99630021" timestamp="2021-02-20T08:24:13Z" user="mulgist" uid="12368943" lat="35.0205946" lon="126.7918594"/>
 <node id="5354444840" visible="true" version="2" changeset="99630021" timestamp="2021-02-20T08:24:13Z" user="mulgist" uid="12368943" lat="35.0205422" lon="126.7917901"/>
 <node id="5354444841" visible="true" version="2" changeset="99630021" timestamp="2021-02-20T08:24:13Z" user="mulgist" uid="12368943" lat="35.0203303" lon="126.7917886"/>
 <node id="5354444842" visible="true" version="2" changeset="99630021" timestamp="2021-02-20T08:24:13Z" user="mulgist" uid="12368943" lat="35.0203293" lon="126.7919869"/>
 <node id="5354444843" visible="true" version="2" changeset="99630021" timestamp="2021-02-20T08:24:13Z" user="mulgist" uid="12368943" lat="35.0203889" lon="126.7919873"/>
 <node id="5354444844" visible="true" version="2" changeset="99630021" timestamp="2021-02-20T08:24:13Z" user="mulgist" uid="12368943" lat="35.0203881" lon="126.7921527"/>
 <node id="5354444845" visible="true" version="2" changeset="99630021" timestamp="2021-02-20T08:24:13Z" user="mulgist" uid="12368943" lat="35.0203228" lon="126.7921522"/>
 <node id="5354444846" visible="true" version="2" changeset="99630021" timestamp="2021-02-20T08:24:13Z" user="mulgist" uid="12368943" lat="35.0203220" lon="126.7923178"/>
 <node id="5354444847" visible="true" version="2" changeset="99630021" timestamp="2021-02-20T08:24:13Z" user="mulgist" uid="12368943" lat="35.0205340" lon="126.7923193"/>
 <node id="5354444848" visible="true" version="2" changeset="99630021" timestamp="2021-02-20T08:24:13Z" user="mulgist" uid="12368943" lat="35.0205895" lon="126.7922631"/>
 <node id="5354444851" visible="true" version="2" changeset="144332579" timestamp="2023-11-22T16:15:50Z" user="asdfqwer51" uid="3350410" lat="35.0165039" lon="126.7937255"/>
 <node id="5354444852" visible="true" version="2" changeset="144332579" timestamp="2023-11-22T16:15:50Z" user="asdfqwer51" uid="3350410" lat="35.0170359" lon="126.7935777"/>
 <node id="5354444853" visible="true" version="2" changeset="144332579" timestamp="2023-11-22T16:15:50Z" user="asdfqwer51" uid="3350410" lat="35.0177845" lon="126.7931573"/>
 <node id="5354444854" visible="true" version="2" changeset="144332579" timestamp="2023-11-22T16:15:50Z" user="asdfqwer51" uid="3350410" lat="35.0172134" lon="126.7935434"/>
 <node id="5354444859" visible="true" version="2" changeset="144332579" timestamp="2023-11-22T16:15:50Z" user="asdfqwer51" uid="3350410" lat="35.0152147" lon="126.7953429"/>
 <node id="5354444860" visible="true" version="1" changeset="55652821" timestamp="2018-01-22T12:03:59Z" user="FUKUTAN" uid="5207199" lat="35.0147659" lon="126.7954882"/>
 <node id="5354444862" visible="true" version="2" changeset="60015981" timestamp="2018-06-20T16:17:08Z" user="FUKUTAN" uid="5207199" lat="35.0110931" lon="126.7954781"/>
 <node id="5668172365" visible="true" version="6" changeset="144333236" timestamp="2023-11-22T16:36:43Z" user="asdfqwer51" uid="3350410" lat="35.0217053" lon="126.7992467"/>
 <node id="5668172367" visible="true" version="2" changeset="131233215" timestamp="2023-01-13T14:53:00Z" user="FUKUTAN" uid="5207199" lat="35.0263158" lon="126.7931491"/>
 <node id="5705916294" visible="true" version="2" changeset="99219143" timestamp="2021-02-13T16:03:11Z" user="mulgist" uid="12368943" lat="35.0286380" lon="126.7974914"/>
 <node id="5705916295" visible="true" version="2" changeset="99219143" timestamp="2021-02-13T16:03:11Z" user="mulgist" uid="12368943" lat="35.0276365" lon="126.7947718"/>
 <node id="5705916296" visible="true" version="2" changeset="99219143" timestamp="2021-02-13T16:03:11Z" user="mulgist" uid="12368943" lat="35.0276038" lon="126.7946159"/>
 <node id="5705916297" visible="true" version="2" changeset="99219143" timestamp="2021-02-13T16:03:11Z" user="mulgist" uid="12368943" lat="35.0276160" lon="126.7945585"/>
 <node id="5705916298" visible="true" version="2" changeset="99219143" timestamp="2021-02-13T16:03:11Z" user="mulgist" uid="12368943" lat="35.0276431" lon="126.7944248"/>
 <node id="5705916299" visible="true" version="2" changeset="99219143" timestamp="2021-02-13T16:03:11Z" user="mulgist" uid="12368943" lat="35.0276871" lon="126.7943577"/>
 <node id="5705916300" visible="true" version="2" changeset="99219143" timestamp="2021-02-13T16:03:11Z" user="mulgist" uid="12368943" lat="35.0277662" lon="126.7942892"/>
 <node id="5705916301" visible="true" version="2" changeset="99219143" timestamp="2021-02-13T16:03:11Z" user="mulgist" uid="12368943" lat="35.0282480" lon="126.7940096"/>
 <node id="5705916302" visible="true" version="1" changeset="60015981" timestamp="2018-06-20T16:17:06Z" user="FUKUTAN" uid="5207199" lat="35.0282615" lon="126.7938980"/>
 <node id="5705916303" visible="true" version="1" changeset="60015981" timestamp="2018-06-20T16:17:06Z" user="FUKUTAN" uid="5207199" lat="35.0277619" lon="126.7926471"/>
 <node id="5705916304" visible="true" version="1" changeset="60015981" timestamp="2018-06-20T16:17:07Z" user="FUKUTAN" uid="5207199" lat="35.0277064" lon="126.7925208"/>
 <node id="5705916305" visible="true" version="1" changeset="60015981" timestamp="2018-06-20T16:17:07Z" user="FUKUTAN" uid="5207199" lat="35.0276181" lon="126.7923575"/>
 <node id="5705916306" visible="true" version="1" changeset="60015981" timestamp="2018-06-20T16:17:07Z" user="FUKUTAN" uid="5207199" lat="35.0275449" lon="126.7922404"/>
 <node id="5705916307" visible="true" version="2" changeset="99219143" timestamp="2021-02-13T16:03:11Z" user="mulgist" uid="12368943" lat="35.0274228" lon="126.7920613"/>
 <node id="5705916308" visible="true" version="2" changeset="99219143" timestamp="2021-02-13T16:03:11Z" user="mulgist" uid="12368943" lat="35.0269258" lon="126.7914649"/>
 <node id="5705916309" visible="true" version="2" changeset="99219143" timestamp="2021-02-13T16:03:11Z" user="mulgist" uid="12368943" lat="35.0269027" lon="126.7914489"/>
 <node id="5705916310" visible="true" version="2" changeset="99219143" timestamp="2021-02-13T16:03:11Z" user="mulgist" uid="12368943" lat="35.0268825" lon="126.7914386"/>
 <node id="5705916311" visible="true" version="2" changeset="99219143" timestamp="2021-02-13T16:03:11Z" user="mulgist" uid="12368943" lat="35.0268515" lon="126.7914346"/>
 <node id="5705916312" visible="true" version="2" changeset="99219143" timestamp="2021-02-13T16:03:11Z" user="mulgist" uid="12368943" lat="35.0268306" lon="126.7914392"/>
 <node id="5705916313" visible="true" version="2" changeset="99219143" timestamp="2021-02-13T16:03:11Z" user="mulgist" uid="12368943" lat="35.0267854" lon="126.7914604"/>
 <node id="5705916314" visible="true" version="2" changeset="99219143" timestamp="2021-02-13T16:03:11Z" user="mulgist" uid="12368943" lat="35.0267012" lon="126.7915584"/>
 <node id="5705916315" visible="true" version="1" changeset="60015981" timestamp="2018-06-20T16:17:07Z" user="FUKUTAN" uid="5207199" lat="35.0263591" lon="126.7919323"/>
 <node id="5705916316" visible="true" version="1" changeset="60015981" timestamp="2018-06-20T16:17:07Z" user="FUKUTAN" uid="5207199" lat="35.0269722" lon="126.7926625"/>
 <node id="5705916317" visible="true" version="1" changeset="60015981" timestamp="2018-06-20T16:17:07Z" user="FUKUTAN" uid="5207199" lat="35.0270101" lon="126.7927487"/>
 <node id="5705916318" visible="true" version="2" changeset="99219143" timestamp="2021-02-13T16:03:11Z" user="mulgist" uid="12368943" lat="35.0270555" lon="126.7928388"/>
 <node id="5705916319" visible="true" version="2" changeset="99219143" timestamp="2021-02-13T16:03:11Z" user="mulgist" uid="12368943" lat="35.0270959" lon="126.7929352"/>
 <node id="5705916320" visible="true" version="2" changeset="99219143" timestamp="2021-02-13T16:03:11Z" user="mulgist" uid="12368943" lat="35.0271231" lon="126.7930784"/>
 <node id="5705916921" visible="true" version="2" changeset="99219143" timestamp="2021-02-13T16:03:11Z" user="mulgist" uid="12368943" lat="35.0271262" lon="126.7932425"/>
 <node id="5705916922" visible="true" version="2" changeset="99219143" timestamp="2021-02-13T16:03:11Z" user="mulgist" uid="12368943" lat="35.0270972" lon="126.7934151"/>
 <node id="5705916923" visible="true" version="2" changeset="99219143" timestamp="2021-02-13T16:03:11Z" user="mulgist" uid="12368943" lat="35.0270480" lon="126.7935622"/>
 <node id="5705916924" visible="true" version="2" changeset="99219143" timestamp="2021-02-13T16:03:11Z" user="mulgist" uid="12368943" lat="35.0267124" lon="126.7944788"/>
 <node id="5705916925" visible="true" version="2" changeset="99219143" timestamp="2021-02-13T16:03:11Z" user="mulgist" uid="12368943" lat="35.0266665" lon="126.7946613"/>
 <node id="5705916926" visible="true" version="2" changeset="99219143" timestamp="2021-02-13T16:03:11Z" user="mulgist" uid="12368943" lat="35.0266973" lon="126.7951011"/>
 <node id="5705916927" visible="true" version="2" changeset="99219143" timestamp="2021-02-13T16:03:11Z" user="mulgist" uid="12368943" lat="35.0266713" lon="126.7952568"/>
 <node id="5705916928" visible="true" version="2" changeset="99219143" timestamp="2021-02-13T16:03:11Z" user="mulgist" uid="12368943" lat="35.0265979" lon="126.7954097"/>
 <node id="5705916929" visible="true" version="2" changeset="99219143" timestamp="2021-02-13T16:03:11Z" user="mulgist" uid="12368943" lat="35.0264544" lon="126.7955303"/>
 <node id="5705916930" visible="true" version="2" changeset="99219143" timestamp="2021-02-13T16:03:11Z" user="mulgist" uid="12368943" lat="35.0257764" lon="126.7959311"/>
 <node id="5705916931" visible="true" version="2" changeset="99219143" timestamp="2021-02-13T16:03:11Z" user="mulgist" uid="12368943" lat="35.0269628" lon="126.7986567"/>
 <node id="5705916932" visible="true" version="2" changeset="99219143" timestamp="2021-02-13T16:03:11Z" user="mulgist" uid="12368943" lat="35.0270625" lon="126.7986875"/>
 <node id="5705916933" visible="true" version="2" changeset="99219143" timestamp="2021-02-13T16:03:11Z" user="mulgist" uid="12368943" lat="35.0273602" lon="126.7985019"/>
 <node id="5705916934" visible="true" version="2" changeset="99219143" timestamp="2021-02-13T16:03:11Z" user="mulgist" uid="12368943" lat="35.0274914" lon="126.7984750"/>
 <node id="5705916936" visible="true" version="2" changeset="99219143" timestamp="2021-02-13T16:03:11Z" user="mulgist" uid="12368943" lat="35.0285068" lon="126.7979096"/>
 <node id="5705916937" visible="true" version="2" changeset="99219143" timestamp="2021-02-13T16:03:11Z" user="mulgist" uid="12368943" lat="35.0284671" lon="126.7978487"/>
 <node id="5705916938" visible="true" version="1" changeset="60015981" timestamp="2018-06-20T16:17:07Z" user="FUKUTAN" uid="5207199" lat="35.0112351" lon="126.7955022"/>
 <node id="5705916939" visible="true" version="1" changeset="60015981" timestamp="2018-06-20T16:17:07Z" user="FUKUTAN" uid="5207199" lat="35.0109803" lon="126.7954491"/>
 <node id="5705916940" visible="true" version="1" changeset="60015981" timestamp="2018-06-20T16:17:07Z" user="FUKUTAN" uid="5207199" lat="35.0107348" lon="126.7953437"/>
 <node id="5705916941" visible="true" version="1" changeset="60015981" timestamp="2018-06-20T16:17:07Z" user="FUKUTAN" uid="5207199" lat="35.0104464" lon="126.7951369"/>
 <node id="5705916949" visible="true" version="1" changeset="60015981" timestamp="2018-06-20T16:17:07Z" user="FUKUTAN" uid="5207199" lat="35.0234989" lon="126.7898859"/>
 <node id="5705916950" visible="true" version="3" changeset="144333236" timestamp="2023-11-22T16:36:43Z" user="asdfqwer51" uid="3350410" lat="35.0248355" lon="126.7933805"/>
 <node id="5705916951" visible="true" version="3" changeset="144333236" timestamp="2023-11-22T16:36:43Z" user="asdfqwer51" uid="3350410" lat="35.0255240" lon="126.7927031"/>
 <node id="5842274202" visible="true" version="3" changeset="99219143" timestamp="2021-02-13T16:03:11Z" user="mulgist" uid="12368943" lat="35.0263756" lon="126.7916812"/>
 <node id="6147535646" visible="true" version="3" changeset="144333236" timestamp="2023-11-22T16:36:43Z" user="asdfqwer51" uid="3350410" lat="35.0226930" lon="126.7986518"/>
 <node id="6147535647" visible="true" version="3" changeset="144333236" timestamp="2023-11-22T16:36:43Z" user="asdfqwer51" uid="3350410" lat="35.0226633" lon="126.7983101"/>
 <node id="6147535648" visible="true" version="3" changeset="144333236" timestamp="2023-11-22T16:36:43Z" user="asdfqwer51" uid="3350410" lat="35.0224637" lon="126.8004071"/>
 <node id="6147535649" visible="true" version="3" changeset="144333236" timestamp="2023-11-22T16:36:43Z" user="asdfqwer51" uid="3350410" lat="35.0231411" lon="126.8002429"/>
 <node id="6147535650" visible="true" version="3" changeset="144333236" timestamp="2023-11-22T16:36:43Z" user="asdfqwer51" uid="3350410" lat="35.0232946" lon="126.8001791"/>
 <node id="6147535651" visible="true" version="3" changeset="144333236" timestamp="2023-11-22T16:36:43Z" user="asdfqwer51" uid="3350410" lat="35.0234873" lon="126.8000790"/>
 <node id="6147535652" visible="true" version="3" changeset="144333236" timestamp="2023-11-22T16:36:43Z" user="asdfqwer51" uid="3350410" lat="35.0237373" lon="126.8000956"/>
 <node id="6147535653" visible="true" version="3" changeset="144333236" timestamp="2023-11-22T16:36:43Z" user="asdfqwer51" uid="3350410" lat="35.0234259" lon="126.8004308"/>
 <node id="6147535654" visible="true" version="3" changeset="144333236" timestamp="2023-11-22T16:36:43Z" user="asdfqwer51" uid="3350410" lat="35.0237233" lon="126.8002528"/>
 <node id="6147535655" visible="true" version="3" changeset="144333236" timestamp="2023-11-22T16:36:43Z" user="asdfqwer51" uid="3350410" lat="35.0235961" lon="126.8003483"/>
 <node id="6147535656" visible="true" version="3" changeset="144333236" timestamp="2023-11-22T16:36:43Z" user="asdfqwer51" uid="3350410" lat="35.0232617" lon="126.8004995"/>
 <node id="6147535657" visible="true" version="3" changeset="144333236" timestamp="2023-11-22T16:36:43Z" user="asdfqwer51" uid="3350410" lat="35.0231220" lon="126.8005502"/>
 <node id="6147535658" visible="true" version="3" changeset="144333236" timestamp="2023-11-22T16:36:43Z" user="asdfqwer51" uid="3350410" lat="35.0227659" lon="126.8006551"/>
 <node id="6147535659" visible="true" version="3" changeset="144333236" timestamp="2023-11-22T16:36:43Z" user="asdfqwer51" uid="3350410" lat="35.0225767" lon="126.8006923"/>
 <node id="6147535660" visible="true" version="3" changeset="144333236" timestamp="2023-11-22T16:36:43Z" user="asdfqwer51" uid="3350410" lat="35.0224187" lon="126.8007093"/>
 <node id="6147535661" visible="true" version="3" changeset="144333236" timestamp="2023-11-22T16:36:43Z" user="asdfqwer51" uid="3350410" lat="35.0218457" lon="126.8007304"/>
 <node id="6147535662" visible="true" version="3" changeset="144333236" timestamp="2023-11-22T16:36:43Z" user="asdfqwer51" uid="3350410" lat="35.0217505" lon="126.8006853"/>
 <node id="6147535663" visible="true" version="3" changeset="144333236" timestamp="2023-11-22T16:36:43Z" user="asdfqwer51" uid="3350410" lat="35.0227048" lon="126.7991490"/>
 <node id="6147535664" visible="true" version="3" changeset="144332579" timestamp="2023-11-22T16:15:50Z" user="asdfqwer51" uid="3350410" lat="35.0195560" lon="126.7911879"/>
 <node id="6147535665" visible="true" version="3" changeset="144332579" timestamp="2023-11-22T16:15:50Z" user="asdfqwer51" uid="3350410" lat="35.0197245" lon="126.7910692"/>
 <node id="6147535667" visible="true" version="2" changeset="144332579" timestamp="2023-11-22T16:15:50Z" user="asdfqwer51" uid="3350410" lat="35.0176862" lon="126.7937395"/>
 <node id="6147535669" visible="true" version="2" changeset="99630021" timestamp="2021-02-20T08:24:13Z" user="mulgist" uid="12368943" lat="35.0200328" lon="126.7917127"/>
 <node id="6147535670" visible="true" version="2" changeset="99630021" timestamp="2021-02-20T08:24:13Z" user="mulgist" uid="12368943" lat="35.0199817" lon="126.7917356"/>
 <node id="6147535671" visible="true" version="3" changeset="144333236" timestamp="2023-11-22T16:36:43Z" user="asdfqwer51" uid="3350410" lat="35.0222602" lon="126.7988548"/>
 <node id="6147535672" visible="true" version="3" changeset="144333236" timestamp="2023-11-22T16:36:43Z" user="asdfqwer51" uid="3350410" lat="35.0230456" lon="126.7993461"/>
 <node id="6147535673" visible="true" version="3" changeset="144333236" timestamp="2023-11-22T16:36:43Z" user="asdfqwer51" uid="3350410" lat="35.0228822" lon="126.7994045"/>
 <node id="6147536986" visible="true" version="2" changeset="99219143" timestamp="2021-02-13T16:03:11Z" user="mulgist" uid="12368943" lat="35.0221324" lon="126.8011557"/>
 <node id="6147537028" visible="true" version="4" changeset="144333236" timestamp="2023-11-22T16:36:43Z" user="asdfqwer51" uid="3350410" lat="35.0254061" lon="126.7969475"/>
 <node id="6147537029" visible="true" version="4" changeset="144333236" timestamp="2023-11-22T16:36:43Z" user="asdfqwer51" uid="3350410" lat="35.0245126" lon="126.7974533"/>
 <node id="6147537030" visible="true" version="4" changeset="144333236" timestamp="2023-11-22T16:36:43Z" user="asdfqwer51" uid="3350410" lat="35.0244685" lon="126.7975223"/>
 <node id="6147537031" visible="true" version="4" changeset="144333236" timestamp="2023-11-22T16:36:43Z" user="asdfqwer51" uid="3350410" lat="35.0250263" lon="126.7990240"/>
 <node id="6147537032" visible="true" version="3" changeset="144334816" timestamp="2023-11-22T17:12:52Z" user="asdfqwer51" uid="3350410" lat="35.0248246" lon="126.7957544"/>
 <node id="6147537033" visible="true" version="3" changeset="144334816" timestamp="2023-11-22T17:12:52Z" user="asdfqwer51" uid="3350410" lat="35.0243700" lon="126.7959605"/>
 <node id="6147537034" visible="true" version="3" changeset="144334816" timestamp="2023-11-22T17:12:52Z" user="asdfqwer51" uid="3350410" lat="35.0240624" lon="126.7960769"/>
 <node id="6147537035" visible="true" version="3" changeset="144333236" timestamp="2023-11-22T16:36:43Z" user="asdfqwer51" uid="3350410" lat="35.0234384" lon="126.7954610"/>
 <node id="6147537036" visible="true" version="1" changeset="65610732" timestamp="2018-12-19T13:03:33Z" user="FUKUTAN" uid="5207199" lat="35.0232994" lon="126.7972623"/>
 <node id="6147537037" visible="true" version="3" changeset="124040733" timestamp="2022-07-25T08:53:04Z" user="FUKUTAN" uid="5207199" lat="35.0232237" lon="126.7968910"/>
 <node id="6147537038" visible="true" version="2" changeset="144326721" timestamp="2023-11-22T13:28:24Z" user="asdfqwer51" uid="3350410" lat="35.0230415" lon="126.7942112"/>
 <node id="6147537039" visible="true" version="2" changeset="144326721" timestamp="2023-11-22T13:28:24Z" user="asdfqwer51" uid="3350410" lat="35.0233833" lon="126.7941336"/>
 <node id="6147537040" visible="true" version="3" changeset="144326721" timestamp="2023-11-22T13:28:24Z" user="asdfqwer51" uid="3350410" lat="35.0237268" lon="126.7940208"/>
 <node id="6147537041" visible="true" version="3" changeset="144326721" timestamp="2023-11-22T13:28:24Z" user="asdfqwer51" uid="3350410" lat="35.0242585" lon="126.7937784"/>
 <node id="6147537042" visible="true" version="3" changeset="144333236" timestamp="2023-11-22T16:36:43Z" user="asdfqwer51" uid="3350410" lat="35.0250143" lon="126.7932296"/>
 <node id="6147537043" visible="true" version="3" changeset="144332579" timestamp="2023-11-22T16:15:50Z" user="asdfqwer51" uid="3350410" lat="35.0234148" lon="126.7924586"/>
 <node id="6147537044" visible="true" version="1" changeset="65610732" timestamp="2018-12-19T13:03:33Z" user="FUKUTAN" uid="5207199" lat="35.0164753" lon="126.7945488"/>
 <node id="6147537045" visible="true" version="1" changeset="65610732" timestamp="2018-12-19T13:03:33Z" user="FUKUTAN" uid="5207199" lat="35.0168096" lon="126.7943805"/>
 <node id="6147537046" visible="true" version="1" changeset="65610732" timestamp="2018-12-19T13:03:33Z" user="FUKUTAN" uid="5207199" lat="35.0158212" lon="126.7950232"/>
 <node id="6147537084" visible="true" version="3" changeset="144333236" timestamp="2023-11-22T16:36:43Z" user="asdfqwer51" uid="3350410" lat="35.0230922" lon="126.8009829"/>
 <node id="6147537207" visible="true" version="4" changeset="144333236" timestamp="2023-11-22T16:36:43Z" user="asdfqwer51" uid="3350410" lat="35.0275140" lon="126.7920364"/>
 <node id="6147537208" visible="true" version="4" changeset="144333236" timestamp="2023-11-22T16:36:43Z" user="asdfqwer51" uid="3350410" lat="35.0278342" lon="126.7926347"/>
 <node id="6173261565" visible="true" version="2" changeset="176319095" timestamp="2025-12-23T17:30:15Z" user="aaei924" uid="10626814" lat="35.0211639" lon="126.7801126"/>
 <node id="6173263023" visible="true" version="2" changeset="100124997" timestamp="2021-02-28T07:30:07Z" user="mulgist" uid="12368943" lat="35.0238565" lon="126.7927987"/>
 <node id="6173263024" visible="true" version="2" changeset="100124997" timestamp="2021-02-28T07:30:07Z" user="mulgist" uid="12368943" lat="35.0238665" lon="126.7927266"/>
 <node id="6173263025" visible="true" version="2" changeset="100124997" timestamp="2021-02-28T07:30:07Z" user="mulgist" uid="12368943" lat="35.0238886" lon="126.7926447"/>
 <node id="6173263026" visible="true" version="2" changeset="100124997" timestamp="2021-02-28T07:30:07Z" user="mulgist" uid="12368943" lat="35.0239136" lon="126.7926129"/>
 <node id="6173263027" visible="true" version="2" changeset="100124997" timestamp="2021-02-28T07:30:07Z" user="mulgist" uid="12368943" lat="35.0240368" lon="126.7924894"/>
 <node id="6173263028" visible="true" version="2" changeset="100124997" timestamp="2021-02-28T07:30:07Z" user="mulgist" uid="12368943" lat="35.0243782" lon="126.7932976"/>
 <node id="6173263029" visible="true" version="2" changeset="100124997" timestamp="2021-02-28T07:30:07Z" user="mulgist" uid="12368943" lat="35.0240738" lon="126.7934945"/>
 <node id="6173263030" visible="true" version="2" changeset="100124997" timestamp="2021-02-28T07:30:07Z" user="mulgist" uid="12368943" lat="35.0239657" lon="126.7935495"/>
 <node id="6173263031" visible="true" version="2" changeset="100124997" timestamp="2021-02-28T07:30:07Z" user="mulgist" uid="12368943" lat="35.0237103" lon="126.7936644"/>
 <node id="6173263032" visible="true" version="2" changeset="100124997" timestamp="2021-02-28T07:30:07Z" user="mulgist" uid="12368943" lat="35.0235641" lon="126.7926496"/>
 <node id="6173263033" visible="true" version="2" changeset="100124997" timestamp="2021-02-28T07:30:07Z" user="mulgist" uid="12368943" lat="35.0237484" lon="126.7925958"/>
 <node id="6173263034" visible="true" version="2" changeset="100124997" timestamp="2021-02-28T07:30:07Z" user="mulgist" uid="12368943" lat="35.0237894" lon="126.7928244"/>
 <node id="6173263035" visible="true" version="1" changeset="65892810" timestamp="2018-12-30T17:32:39Z" user="FUKUTAN" uid="5207199" lat="35.0239694" lon="126.7927543">
  <tag k="amenity" v="cinema"/>
  <tag k="name" v="CGV나주"/>
 </node>
 <node id="6173263043" visible="true" version="3" changeset="171918484" timestamp="2025-09-14T13:39:45Z" user="FUKUTAN" uid="5207199" lat="35.0307515" lon="126.7853399"/>
 <node id="6173263044" visible="true" version="2" changeset="144333236" timestamp="2023-11-22T16:36:43Z" user="asdfqwer51" uid="3350410" lat="35.0307471" lon="126.7855891"/>
 <node id="6173263045" visible="true" version="2" changeset="144333236" timestamp="2023-11-22T16:36:43Z" user="asdfqwer51" uid="3350410" lat="35.0306620" lon="126.7861302"/>
 <node id="6173263046" visible="true" version="3" changeset="144333236" timestamp="2023-11-22T16:36:43Z" user="asdfqwer51" uid="3350410" lat="35.0305403" lon="126.7864484"/>
 <node id="6173263047" visible="true" version="3" changeset="144333236" timestamp="2023-11-22T16:36:43Z" user="asdfqwer51" uid="3350410" lat="35.0304124" lon="126.7867108"/>
 <node id="7071884031" visible="true" version="2" changeset="100124997" timestamp="2021-02-28T07:30:07Z" user="mulgist" uid="12368943" lat="35.0230279" lon="126.7938142"/>
 <node id="7071884032" visible="true" version="2" changeset="100124997" timestamp="2021-02-28T07:30:07Z" user="mulgist" uid="12368943" lat="35.0230320" lon="126.7926403"/>
 <node id="7071884033" visible="true" version="2" changeset="100124997" timestamp="2021-02-28T07:30:07Z" user="mulgist" uid="12368943" lat="35.0225758" lon="126.7926379"/>
 <node id="7071884034" visible="true" version="2" changeset="100124997" timestamp="2021-02-28T07:30:07Z" user="mulgist" uid="12368943" lat="35.0225064" lon="126.7927073"/>
 <node id="7071884035" visible="true" version="2" changeset="100124997" timestamp="2021-02-28T07:30:07Z" user="mulgist" uid="12368943" lat="35.0225040" lon="126.7938471"/>
 <node id="7071884036" visible="true" version="2" changeset="100124997" timestamp="2021-02-28T07:30:07Z" user="mulgist" uid="12368943" lat="35.0226391" lon="126.7938476"/>
 <node id="7071884037" visible="true" version="2" changeset="100124997" timestamp="2021-02-28T07:30:07Z" user="mulgist" uid="12368943" lat="35.0226392" lon="126.7938122"/>
 <node id="7071884038" visible="true" version="2" changeset="100124997" timestamp="2021-02-28T07:30:07Z" user="mulgist" uid="12368943" lat="35.0235599" lon="126.7928414"/>
 <node id="7071884039" visible="true" version="2" changeset="100124997" timestamp="2021-02-28T07:30:07Z" user="mulgist" uid="12368943" lat="35.0235346" lon="126.7926689"/>
 <node id="7071884040" visible="true" version="2" changeset="100124997" timestamp="2021-02-28T07:30:07Z" user="mulgist" uid="12368943" lat="35.0230817" lon="126.7926645"/>
 <node id="7071884041" visible="true" version="2" changeset="100124997" timestamp="2021-02-28T07:30:07Z" user="mulgist" uid="12368943" lat="35.0230721" lon="126.7937785"/>
 <node id="7071884042" visible="true" version="2" changeset="100124997" timestamp="2021-02-28T07:30:07Z" user="mulgist" uid="12368943" lat="35.0233563" lon="126.7937775"/>
 <node id="7071884043" visible="true" version="2" changeset="100124997" timestamp="2021-02-28T07:30:07Z" user="mulgist" uid="12368943" lat="35.0236795" lon="126.7936607"/>
 <node id="7071884044" visible="true" version="2" changeset="100124997" timestamp="2021-02-28T07:30:07Z" user="mulgist" uid="12368943" lat="35.0236454" lon="126.7934740"/>
 <node id="7071884045" visible="true" version="2" changeset="100124997" timestamp="2021-02-28T07:30:07Z" user="mulgist" uid="12368943" lat="35.0234121" lon="126.7935687"/>
 <node id="7071884046" visible="true" version="2" changeset="100124997" timestamp="2021-02-28T07:30:07Z" user="mulgist" uid="12368943" lat="35.0234085" lon="126.7935254"/>
 <node id="7071884047" visible="true" version="2" changeset="100124997" timestamp="2021-02-28T07:30:07Z" user="mulgist" uid="12368943" lat="35.0235969" lon="126.7934475"/>
 <node id="7071884048" visible="true" version="2" changeset="100124997" timestamp="2021-02-28T07:30:07Z" user="mulgist" uid="12368943" lat="35.0235425" lon="126.7929901"/>
 <node id="7071884049" visible="true" version="2" changeset="100124997" timestamp="2021-02-28T07:30:07Z" user="mulgist" uid="12368943" lat="35.0233853" lon="126.7929901"/>
 <node id="7071884050" visible="true" version="2" changeset="100124997" timestamp="2021-02-28T07:30:07Z" user="mulgist" uid="12368943" lat="35.0233889" lon="126.7928396"/>
 <node id="8021765555" visible="true" version="4" changeset="164103601" timestamp="2025-03-26T03:07:38Z" user="LuxuryCoop" uid="7245212" lat="35.0234240" lon="126.7899321"/>
 <node id="8021765556" visible="true" version="4" changeset="164103601" timestamp="2025-03-26T03:07:38Z" user="LuxuryCoop" uid="7245212" lat="35.0224160" lon="126.7899353"/>
 <node id="8021765557" visible="true" version="4" changeset="164103601" timestamp="2025-03-26T03:07:38Z" user="LuxuryCoop" uid="7245212" lat="35.0224179" lon="126.7908160"/>
 <node id="8021765558" visible="true" version="4" changeset="164103601" timestamp="2025-03-26T03:07:38Z" user="LuxuryCoop" uid="7245212" lat="35.0233792" lon="126.7908130"/>
 <node id="8251861429" visible="true" version="1" changeset="96263032" timestamp="2020-12-22T13:47:50Z" user="mulgist" uid="12368943" lat="35.0158710" lon="126.7949871"/>
 <node id="8254946978" visible="true" version="3" changeset="144332579" timestamp="2023-11-22T16:15:50Z" user="asdfqwer51" uid="3350410" lat="35.0173569" lon="126.7935312"/>
 <node id="8254947119" visible="true" version="1" changeset="96332427" timestamp="2020-12-23T14:29:14Z" user="mulgist" uid="12368943" lat="35.0142846" lon="126.7955300"/>
 <node id="8254947122" visible="true" version="1" changeset="96332427" timestamp="2020-12-23T14:29:14Z" user="mulgist" uid="12368943" lat="35.0138740" lon="126.7955311">
  <tag k="crossing" v="marked"/>
  <tag k="highway" v="crossing"/>
 </node>
 <node id="8257427196" visible="true" version="2" changeset="99630021" timestamp="2021-02-20T08:24:13Z" user="mulgist" uid="12368943" lat="35.0173363" lon="126.7928953"/>
 <node id="8257427199" visible="true" version="2" changeset="144332579" timestamp="2023-11-22T16:15:50Z" user="asdfqwer51" uid="3350410" lat="35.0174659" lon="126.7935294"/>
 <node id="8257427200" visible="true" version="2" changeset="144332579" timestamp="2023-11-22T16:15:50Z" user="asdfqwer51" uid="3350410" lat="35.0178686" lon="126.7930330"/>
 <node id="8267153370" visible="true" version="2" changeset="144326721" timestamp="2023-11-22T13:28:24Z" user="asdfqwer51" uid="3350410" lat="35.0206198" lon="126.7953014"/>
 <node id="8267153371" visible="true" version="2" changeset="144326721" timestamp="2023-11-22T13:28:24Z" user="asdfqwer51" uid="3350410" lat="35.0206198" lon="126.7960224"/>
 <node id="8267153372" visible="true" version="2" changeset="144326721" timestamp="2023-11-22T13:28:24Z" user="asdfqwer51" uid="3350410" lat="35.0208354" lon="126.7962699"/>
 <node id="8267153373" visible="true" version="2" changeset="144326721" timestamp="2023-11-22T13:28:24Z" user="asdfqwer51" uid="3350410" lat="35.0209269" lon="126.7961509"/>
 <node id="8267153374" visible="true" version="2" changeset="144326721" timestamp="2023-11-22T13:28:24Z" user="asdfqwer51" uid="3350410" lat="35.0207734" lon="126.7959844"/>
 <node id="8267153375" visible="true" version="1" changeset="96545122" timestamp="2020-12-28T15:20:53Z" user="mulgist" uid="12368943" lat="35.0200225" lon="126.7966327"/>
 <node id="8267153376" visible="true" version="1" changeset="96545122" timestamp="2020-12-28T15:20:53Z" user="mulgist" uid="12368943" lat="35.0190253" lon="126.7966166"/>
 <node id="8267153377" visible="true" version="1" changeset="96545122" timestamp="2020-12-28T15:20:53Z" user="mulgist" uid="12368943" lat="35.0190166" lon="126.7974157"/>
 <node id="8267153378" visible="true" version="1" changeset="96545122" timestamp="2020-12-28T15:20:53Z" user="mulgist" uid="12368943" lat="35.0200138" lon="126.7974320"/>
 <node id="8267153379" visible="true" version="1" changeset="96545122" timestamp="2020-12-28T15:20:53Z" user="mulgist" uid="12368943" lat="35.0202638" lon="126.7970315"/>
 <node id="8267153380" visible="true" version="1" changeset="96545122" timestamp="2020-12-28T15:20:53Z" user="mulgist" uid="12368943" lat="35.0202561" lon="126.7969544"/>
 <node id="8267153381" visible="true" version="1" changeset="96545122" timestamp="2020-12-28T15:20:53Z" user="mulgist" uid="12368943" lat="35.0202332" lon="126.7968330"/>
 <node id="8267153382" visible="true" version="1" changeset="96545122" timestamp="2020-12-28T15:20:53Z" user="mulgist" uid="12368943" lat="35.0201949" lon="126.7967303"/>
 <node id="8267153383" visible="true" version="1" changeset="96545122" timestamp="2020-12-28T15:20:53Z" user="mulgist" uid="12368943" lat="35.0201433" lon="126.7966485"/>
 <node id="8267153384" visible="true" version="1" changeset="96545122" timestamp="2020-12-28T15:20:53Z" user="mulgist" uid="12368943" lat="35.0200993" lon="126.7965925"/>
 <node id="8267153385" visible="true" version="1" changeset="96545122" timestamp="2020-12-28T15:20:53Z" user="mulgist" uid="12368943" lat="35.0200267" lon="126.7965505"/>
 <node id="8267153386" visible="true" version="1" changeset="96545122" timestamp="2020-12-28T15:20:53Z" user="mulgist" uid="12368943" lat="35.0189868" lon="126.7965494"/>
 <node id="8267153387" visible="true" version="1" changeset="96545122" timestamp="2020-12-28T15:20:53Z" user="mulgist" uid="12368943" lat="35.0189447" lon="126.7966031"/>
 <node id="8267153388" visible="true" version="1" changeset="96545122" timestamp="2020-12-28T15:20:53Z" user="mulgist" uid="12368943" lat="35.0188854" lon="126.7966615"/>
 <node id="8267153389" visible="true" version="1" changeset="96545122" timestamp="2020-12-28T15:20:53Z" user="mulgist" uid="12368943" lat="35.0188281" lon="126.7967736"/>
 <node id="8267153390" visible="true" version="1" changeset="96545122" timestamp="2020-12-28T15:20:53Z" user="mulgist" uid="12368943" lat="35.0187936" lon="126.7968460"/>
 <node id="8267153391" visible="true" version="1" changeset="96545122" timestamp="2020-12-28T15:20:53Z" user="mulgist" uid="12368943" lat="35.0187726" lon="126.7969417"/>
 <node id="8267153392" visible="true" version="1" changeset="96545122" timestamp="2020-12-28T15:20:53Z" user="mulgist" uid="12368943" lat="35.0187497" lon="126.7970538"/>
 <node id="8267153393" visible="true" version="1" changeset="96545122" timestamp="2020-12-28T15:20:53Z" user="mulgist" uid="12368943" lat="35.0187611" lon="126.7971518"/>
 <node id="8267153394" visible="true" version="1" changeset="96545122" timestamp="2020-12-28T15:20:53Z" user="mulgist" uid="12368943" lat="35.0187994" lon="126.7972639"/>
 <node id="8267153395" visible="true" version="1" changeset="96545122" timestamp="2020-12-28T15:20:53Z" user="mulgist" uid="12368943" lat="35.0188414" lon="126.7973573"/>
 <node id="8267153396" visible="true" version="1" changeset="96545122" timestamp="2020-12-28T15:20:53Z" user="mulgist" uid="12368943" lat="35.0189160" lon="126.7974344"/>
 <node id="8267153397" visible="true" version="1" changeset="96545122" timestamp="2020-12-28T15:20:53Z" user="mulgist" uid="12368943" lat="35.0190174" lon="126.7974787"/>
 <node id="8267153398" visible="true" version="1" changeset="96545122" timestamp="2020-12-28T15:20:53Z" user="mulgist" uid="12368943" lat="35.0191053" lon="126.7975114"/>
 <node id="8267153399" visible="true" version="2" changeset="96725193" timestamp="2020-12-31T10:49:44Z" user="mulgist" uid="12368943" lat="35.0200090" lon="126.7974974"/>
 <node id="8267153400" visible="true" version="2" changeset="96725193" timestamp="2020-12-31T10:49:44Z" user="mulgist" uid="12368943" lat="35.0200682" lon="126.7974577"/>
 <node id="8267153401" visible="true" version="2" changeset="96725193" timestamp="2020-12-31T10:49:44Z" user="mulgist" uid="12368943" lat="35.0201401" lon="126.7973837"/>
 <node id="8267153402" visible="true" version="1" changeset="96545122" timestamp="2020-12-28T15:20:53Z" user="mulgist" uid="12368943" lat="35.0201925" lon="126.7972990"/>
 <node id="8267153403" visible="true" version="1" changeset="96545122" timestamp="2020-12-28T15:20:53Z" user="mulgist" uid="12368943" lat="35.0202365" lon="126.7972172"/>
 <node id="8267153404" visible="true" version="1" changeset="96545122" timestamp="2020-12-28T15:20:53Z" user="mulgist" uid="12368943" lat="35.0202556" lon="126.7971448"/>
 <node id="8267153409" visible="true" version="1" changeset="96545122" timestamp="2020-12-28T15:20:53Z" user="mulgist" uid="12368943" lat="35.0201466" lon="126.7968981"/>
 <node id="8267153410" visible="true" version="1" changeset="96545122" timestamp="2020-12-28T15:20:53Z" user="mulgist" uid="12368943" lat="35.0200313" lon="126.7968965"/>
 <node id="8267153411" visible="true" version="1" changeset="96545122" timestamp="2020-12-28T15:20:53Z" user="mulgist" uid="12368943" lat="35.0200289" lon="126.7971597"/>
 <node id="8267153412" visible="true" version="1" changeset="96545122" timestamp="2020-12-28T15:20:53Z" user="mulgist" uid="12368943" lat="35.0201441" lon="126.7971613"/>
 <node id="8267175343" visible="true" version="1" changeset="96545122" timestamp="2020-12-28T15:20:53Z" user="mulgist" uid="12368943" lat="35.0178071" lon="126.7974485"/>
 <node id="8267175344" visible="true" version="1" changeset="96545122" timestamp="2020-12-28T15:20:53Z" user="mulgist" uid="12368943" lat="35.0183925" lon="126.7974433"/>
 <node id="8267175345" visible="true" version="1" changeset="96545122" timestamp="2020-12-28T15:20:53Z" user="mulgist" uid="12368943" lat="35.0186629" lon="126.7975521"/>
 <node id="8267175346" visible="true" version="1" changeset="96545122" timestamp="2020-12-28T15:20:53Z" user="mulgist" uid="12368943" lat="35.0206167" lon="126.7975569"/>
 <node id="8267175347" visible="true" version="1" changeset="96545122" timestamp="2020-12-28T15:20:53Z" user="mulgist" uid="12368943" lat="35.0206175" lon="126.7975325"/>
 <node id="8267175348" visible="true" version="1" changeset="96545122" timestamp="2020-12-28T15:20:53Z" user="mulgist" uid="12368943" lat="35.0208998" lon="126.7975274"/>
 <node id="8267175350" visible="true" version="1" changeset="96545122" timestamp="2020-12-28T15:20:53Z" user="mulgist" uid="12368943" lat="35.0188190" lon="126.7973113"/>
 <node id="8267175354" visible="true" version="1" changeset="96545122" timestamp="2020-12-28T15:20:53Z" user="mulgist" uid="12368943" lat="35.0186755" lon="126.7969364"/>
 <node id="8267175357" visible="true" version="1" changeset="96545122" timestamp="2020-12-28T15:20:53Z" user="mulgist" uid="12368943" lat="35.0186674" lon="126.7973122"/>
 <node id="8267175358" visible="true" version="1" changeset="96545122" timestamp="2020-12-28T15:20:53Z" user="mulgist" uid="12368943" lat="35.0186741" lon="126.7965300"/>
 <node id="8267175359" visible="true" version="1" changeset="96545122" timestamp="2020-12-28T15:20:53Z" user="mulgist" uid="12368943" lat="35.0186924" lon="126.7964914"/>
 <node id="8267175360" visible="true" version="1" changeset="96545122" timestamp="2020-12-28T15:20:53Z" user="mulgist" uid="12368943" lat="35.0187290" lon="126.7964609"/>
 <node id="8267175361" visible="true" version="1" changeset="96545122" timestamp="2020-12-28T15:20:53Z" user="mulgist" uid="12368943" lat="35.0202508" lon="126.7964538"/>
 <node id="8267175362" visible="true" version="1" changeset="96545122" timestamp="2020-12-28T15:20:53Z" user="mulgist" uid="12368943" lat="35.0203765" lon="126.7964507"/>
 <node id="8267175363" visible="true" version="1" changeset="96545122" timestamp="2020-12-28T15:20:53Z" user="mulgist" uid="12368943" lat="35.0203765" lon="126.7966448"/>
 <node id="8267175364" visible="true" version="1" changeset="96545122" timestamp="2020-12-28T15:20:53Z" user="mulgist" uid="12368943" lat="35.0203507" lon="126.7966855"/>
 <node id="8267175365" visible="true" version="1" changeset="96545122" timestamp="2020-12-28T15:20:53Z" user="mulgist" uid="12368943" lat="35.0203149" lon="126.7966977"/>
 <node id="8267175366" visible="true" version="1" changeset="96545122" timestamp="2020-12-28T15:20:53Z" user="mulgist" uid="12368943" lat="35.0202775" lon="126.7966865"/>
 <node id="8267175367" visible="true" version="1" changeset="96545122" timestamp="2020-12-28T15:20:53Z" user="mulgist" uid="12368943" lat="35.0202483" lon="126.7966469"/>
 <node id="8267175368" visible="true" version="1" changeset="96545122" timestamp="2020-12-28T15:20:53Z" user="mulgist" uid="12368943" lat="35.0202458" lon="126.7965798"/>
 <node id="8267175369" visible="true" version="1" changeset="96545122" timestamp="2020-12-28T15:20:53Z" user="mulgist" uid="12368943" lat="35.0206048" lon="126.7964495"/>
 <node id="8267175370" visible="true" version="1" changeset="96545122" timestamp="2020-12-28T15:20:53Z" user="mulgist" uid="12368943" lat="35.0206048" lon="126.7964033"/>
 <node id="8267175371" visible="true" version="1" changeset="96545122" timestamp="2020-12-28T15:20:53Z" user="mulgist" uid="12368943" lat="35.0206158" lon="126.7973805"/>
 <node id="8267175372" visible="true" version="1" changeset="96545122" timestamp="2020-12-28T15:20:53Z" user="mulgist" uid="12368943" lat="35.0207433" lon="126.7973758"/>
 <node id="8267175373" visible="true" version="1" changeset="96545122" timestamp="2020-12-28T15:20:53Z" user="mulgist" uid="12368943" lat="35.0208127" lon="126.7973404"/>
 <node id="8267175374" visible="true" version="1" changeset="96545122" timestamp="2020-12-28T15:20:53Z" user="mulgist" uid="12368943" lat="35.0208922" lon="126.7972911"/>
 <node id="8267175375" visible="true" version="1" changeset="96545122" timestamp="2020-12-28T15:20:53Z" user="mulgist" uid="12368943" lat="35.0209692" lon="126.7971910"/>
 <node id="8267175376" visible="true" version="1" changeset="96545122" timestamp="2020-12-28T15:20:53Z" user="mulgist" uid="12368943" lat="35.0210146" lon="126.7970554"/>
 <node id="8267175377" visible="true" version="1" changeset="96545122" timestamp="2020-12-28T15:20:53Z" user="mulgist" uid="12368943" lat="35.0210121" lon="126.7969152"/>
 <node id="8267175378" visible="true" version="1" changeset="96545122" timestamp="2020-12-28T15:20:53Z" user="mulgist" uid="12368943" lat="35.0209364" lon="126.7967827"/>
 <node id="8267175379" visible="true" version="1" changeset="96545122" timestamp="2020-12-28T15:20:53Z" user="mulgist" uid="12368943" lat="35.0208430" lon="126.7967165"/>
 <node id="8267175380" visible="true" version="1" changeset="96545122" timestamp="2020-12-28T15:20:53Z" user="mulgist" uid="12368943" lat="35.0207522" lon="126.7966888"/>
 <node id="8267175381" visible="true" version="1" changeset="96545122" timestamp="2020-12-28T15:20:53Z" user="mulgist" uid="12368943" lat="35.0206512" lon="126.7966918"/>
 <node id="8267175382" visible="true" version="1" changeset="96545122" timestamp="2020-12-28T15:20:53Z" user="mulgist" uid="12368943" lat="35.0206080" lon="126.7967196"/>
 <node id="8267175383" visible="true" version="1" changeset="96545122" timestamp="2020-12-28T15:20:53Z" user="mulgist" uid="12368943" lat="35.0205200" lon="126.7967750"/>
 <node id="8267175384" visible="true" version="1" changeset="96545122" timestamp="2020-12-28T15:20:53Z" user="mulgist" uid="12368943" lat="35.0204506" lon="126.7968598"/>
 <node id="8267175385" visible="true" version="1" changeset="96545122" timestamp="2020-12-28T15:20:53Z" user="mulgist" uid="12368943" lat="35.0204418" lon="126.7969553"/>
 <node id="8267175386" visible="true" version="1" changeset="96545122" timestamp="2020-12-28T15:20:53Z" user="mulgist" uid="12368943" lat="35.0204633" lon="126.7970539"/>
 <node id="8267175387" visible="true" version="2" changeset="176319095" timestamp="2025-12-23T17:30:15Z" user="aaei924" uid="10626814" lat="35.0210783" lon="126.7971076"/>
 <node id="8267175388" visible="true" version="1" changeset="96545122" timestamp="2020-12-28T15:20:53Z" user="mulgist" uid="12368943" lat="35.0209772" lon="126.7971669"/>
 <node id="8267175389" visible="true" version="1" changeset="96545122" timestamp="2020-12-28T15:20:53Z" user="mulgist" uid="12368943" lat="35.0206131" lon="126.7971571"/>
 <node id="8267175390" visible="true" version="1" changeset="96545122" timestamp="2020-12-28T15:20:53Z" user="mulgist" uid="12368943" lat="35.0206120" lon="126.7970585"/>
 <node id="8267175391" visible="true" version="1" changeset="96545122" timestamp="2020-12-28T15:20:53Z" user="mulgist" uid="12368943" lat="35.0202609" lon="126.7970720"/>
 <node id="8267175392" visible="true" version="1" changeset="96545122" timestamp="2020-12-28T15:20:53Z" user="mulgist" uid="12368943" lat="35.0204038" lon="126.7971216"/>
 <node id="8267175393" visible="true" version="1" changeset="96545122" timestamp="2020-12-28T15:20:53Z" user="mulgist" uid="12368943" lat="35.0203698" lon="126.7970878"/>
 <node id="8267175394" visible="true" version="2" changeset="96725193" timestamp="2020-12-31T10:49:44Z" user="mulgist" uid="12368943" lat="35.0203695" lon="126.7970731"/>
 <node id="8267175395" visible="true" version="1" changeset="96545122" timestamp="2020-12-28T15:20:53Z" user="mulgist" uid="12368943" lat="35.0210937" lon="126.7971807"/>
 <node id="8267210522" visible="true" version="1" changeset="96545919" timestamp="2020-12-28T15:35:40Z" user="mulgist" uid="12368943" lat="35.0178316" lon="126.7990368"/>
 <node id="8267210523" visible="true" version="1" changeset="96545919" timestamp="2020-12-28T15:35:40Z" user="mulgist" uid="12368943" lat="35.0178269" lon="126.8006324"/>
 <node id="8267210524" visible="true" version="1" changeset="96545919" timestamp="2020-12-28T15:35:40Z" user="mulgist" uid="12368943" lat="35.0178025" lon="126.7992275"/>
 <node id="8267210525" visible="true" version="2" changeset="176319095" timestamp="2025-12-23T17:30:15Z" user="aaei924" uid="10626814" lat="35.0209673" lon="126.8009349"/>
 <node id="8270210179" visible="true" version="1" changeset="96607455" timestamp="2020-12-29T14:14:53Z" user="mulgist" uid="12368943" lat="35.0248797" lon="126.7987808"/>
 <node id="8270210180" visible="true" version="1" changeset="96607455" timestamp="2020-12-29T14:14:53Z" user="mulgist" uid="12368943" lat="35.0250588" lon="126.7992646"/>
 <node id="8270210181" visible="true" version="1" changeset="96607455" timestamp="2020-12-29T14:14:53Z" user="mulgist" uid="12368943" lat="35.0250853" lon="126.7992769"/>
 <node id="8270210182" visible="true" version="1" changeset="96607455" timestamp="2020-12-29T14:14:53Z" user="mulgist" uid="12368943" lat="35.0252594" lon="126.7997421"/>
 <node id="8270210183" visible="true" version="1" changeset="96607455" timestamp="2020-12-29T14:14:53Z" user="mulgist" uid="12368943" lat="35.0246958" lon="126.7983213"/>
 <node id="8270210184" visible="true" version="1" changeset="96607455" timestamp="2020-12-29T14:14:53Z" user="mulgist" uid="12368943" lat="35.0246808" lon="126.7982887"/>
 <node id="8270210185" visible="true" version="1" changeset="96607455" timestamp="2020-12-29T14:14:53Z" user="mulgist" uid="12368943" lat="35.0246558" lon="126.7982705"/>
 <node id="8270210186" visible="true" version="1" changeset="96607455" timestamp="2020-12-29T14:14:53Z" user="mulgist" uid="12368943" lat="35.0246242" lon="126.7982705"/>
 <node id="8270210187" visible="true" version="1" changeset="96607455" timestamp="2020-12-29T14:14:53Z" user="mulgist" uid="12368943" lat="35.0239201" lon="126.7986831"/>
 <node id="8270210188" visible="true" version="1" changeset="96607455" timestamp="2020-12-29T14:14:53Z" user="mulgist" uid="12368943" lat="35.0239101" lon="126.7987177"/>
 <node id="8270210189" visible="true" version="1" changeset="96607455" timestamp="2020-12-29T14:14:53Z" user="mulgist" uid="12368943" lat="35.0239234" lon="126.7987583"/>
 <node id="8270210190" visible="true" version="1" changeset="96607455" timestamp="2020-12-29T14:14:53Z" user="mulgist" uid="12368943" lat="35.0240482" lon="126.7991405"/>
 <node id="8270210191" visible="true" version="1" changeset="96607455" timestamp="2020-12-29T14:14:53Z" user="mulgist" uid="12368943" lat="35.0241182" lon="126.7992523"/>
 <node id="8270210192" visible="true" version="1" changeset="96607455" timestamp="2020-12-29T14:14:53Z" user="mulgist" uid="12368943" lat="35.0243279" lon="126.7998702"/>
 <node id="8270210193" visible="true" version="1" changeset="96607455" timestamp="2020-12-29T14:14:53Z" user="mulgist" uid="12368943" lat="35.0243445" lon="126.7999658"/>
 <node id="8270210194" visible="true" version="1" changeset="96607455" timestamp="2020-12-29T14:14:53Z" user="mulgist" uid="12368943" lat="35.0243912" lon="126.8000918"/>
 <node id="8270210195" visible="true" version="1" changeset="96607455" timestamp="2020-12-29T14:14:53Z" user="mulgist" uid="12368943" lat="35.0244195" lon="126.8001202"/>
 <node id="8270210196" visible="true" version="1" changeset="96607455" timestamp="2020-12-29T14:14:53Z" user="mulgist" uid="12368943" lat="35.0244544" lon="126.8001243"/>
 <node id="8270210197" visible="true" version="1" changeset="96607455" timestamp="2020-12-29T14:14:53Z" user="mulgist" uid="12368943" lat="35.0245260" lon="126.8000796"/>
 <node id="8270210198" visible="true" version="1" changeset="96607455" timestamp="2020-12-29T14:14:53Z" user="mulgist" uid="12368943" lat="35.0247191" lon="126.7999678"/>
 <node id="8270210199" visible="true" version="1" changeset="96607455" timestamp="2020-12-29T14:14:53Z" user="mulgist" uid="12368943" lat="35.0248989" lon="126.7999190"/>
 <node id="8270210200" visible="true" version="1" changeset="96607455" timestamp="2020-12-29T14:14:53Z" user="mulgist" uid="12368943" lat="35.0252237" lon="126.7997361"/>
 <node id="8270210201" visible="true" version="1" changeset="96607455" timestamp="2020-12-29T14:14:53Z" user="mulgist" uid="12368943" lat="35.0252303" lon="126.7997157"/>
 <node id="8270210202" visible="true" version="1" changeset="96607455" timestamp="2020-12-29T14:14:53Z" user="mulgist" uid="12368943" lat="35.0252279" lon="126.7996887"/>
 <node id="8270210203" visible="true" version="1" changeset="96607455" timestamp="2020-12-29T14:14:53Z" user="mulgist" uid="12368943" lat="35.0250797" lon="126.7992950"/>
 <node id="8270210204" visible="true" version="1" changeset="96607455" timestamp="2020-12-29T14:14:53Z" user="mulgist" uid="12368943" lat="35.0250491" lon="126.7992752"/>
 <node id="8270210205" visible="true" version="2" changeset="144334816" timestamp="2023-11-22T17:12:52Z" user="asdfqwer51" uid="3350410" lat="35.0240253" lon="126.7990338"/>
 <node id="8270210206" visible="true" version="2" changeset="144334816" timestamp="2023-11-22T17:12:52Z" user="asdfqwer51" uid="3350410" lat="35.0238992" lon="126.7986850"/>
 <node id="8270210207" visible="true" version="2" changeset="144334816" timestamp="2023-11-22T17:12:52Z" user="asdfqwer51" uid="3350410" lat="35.0244130" lon="126.7984079"/>
 <node id="8270210208" visible="true" version="2" changeset="144334816" timestamp="2023-11-22T17:12:52Z" user="asdfqwer51" uid="3350410" lat="35.0245013" lon="126.7987509"/>
 <node id="8270210209" visible="true" version="2" changeset="144334816" timestamp="2023-11-22T17:12:52Z" user="asdfqwer51" uid="3350410" lat="35.0242719" lon="126.7988746"/>
 <node id="8270210210" visible="true" version="2" changeset="144334816" timestamp="2023-11-22T17:12:52Z" user="asdfqwer51" uid="3350410" lat="35.0243389" lon="126.7990599"/>
 <node id="8270210211" visible="true" version="2" changeset="144334816" timestamp="2023-11-22T17:12:52Z" user="asdfqwer51" uid="3350410" lat="35.0242124" lon="126.7991281"/>
 <node id="8270210212" visible="true" version="2" changeset="144334816" timestamp="2023-11-22T17:12:52Z" user="asdfqwer51" uid="3350410" lat="35.0241533" lon="126.7989648"/>
 <node id="8270210213" visible="true" version="2" changeset="144335329" timestamp="2023-11-22T17:21:04Z" user="asdfqwer51" uid="3350410" lat="35.0248529" lon="126.7992833"/>
 <node id="8270210214" visible="true" version="2" changeset="144335329" timestamp="2023-11-22T17:21:04Z" user="asdfqwer51" uid="3350410" lat="35.0248710" lon="126.7992728"/>
 <node id="8270210215" visible="true" version="2" changeset="144335329" timestamp="2023-11-22T17:21:04Z" user="asdfqwer51" uid="3350410" lat="35.0248455" lon="126.7992076"/>
 <node id="8270222818" visible="true" version="2" changeset="144335329" timestamp="2023-11-22T17:21:04Z" user="asdfqwer51" uid="3350410" lat="35.0249861" lon="126.7991877"/>
 <node id="8270222819" visible="true" version="2" changeset="144335329" timestamp="2023-11-22T17:21:04Z" user="asdfqwer51" uid="3350410" lat="35.0251752" lon="126.7996685"/>
 <node id="8270222820" visible="true" version="2" changeset="144335329" timestamp="2023-11-22T17:21:04Z" user="asdfqwer51" uid="3350410" lat="35.0249887" lon="126.7997774"/>
 <node id="8270222823" visible="true" version="2" changeset="144335329" timestamp="2023-11-22T17:21:04Z" user="asdfqwer51" uid="3350410" lat="35.0240906" lon="126.7991878"/>
 <node id="8270222824" visible="true" version="2" changeset="144335329" timestamp="2023-11-22T17:21:04Z" user="asdfqwer51" uid="3350410" lat="35.0243671" lon="126.7999219"/>
 <node id="8270222825" visible="true" version="2" changeset="144335329" timestamp="2023-11-22T17:21:04Z" user="asdfqwer51" uid="3350410" lat="35.0244177" lon="126.7998935"/>
 <node id="8270222826" visible="true" version="2" changeset="144335329" timestamp="2023-11-22T17:21:04Z" user="asdfqwer51" uid="3350410" lat="35.0244441" lon="126.7999635"/>
 <node id="8270222827" visible="true" version="2" changeset="144335329" timestamp="2023-11-22T17:21:04Z" user="asdfqwer51" uid="3350410" lat="35.0249057" lon="126.7996378"/>
 <node id="8270222828" visible="true" version="2" changeset="144335329" timestamp="2023-11-22T17:21:04Z" user="asdfqwer51" uid="3350410" lat="35.0247416" lon="126.7992005"/>
 <node id="8270222829" visible="true" version="2" changeset="144335329" timestamp="2023-11-22T17:21:04Z" user="asdfqwer51" uid="3350410" lat="35.0248348" lon="126.7991484"/>
 <node id="8270222830" visible="true" version="2" changeset="144335329" timestamp="2023-11-22T17:21:04Z" user="asdfqwer51" uid="3350410" lat="35.0246514" lon="126.7983061"/>
 <node id="8270222832" visible="true" version="2" changeset="144335329" timestamp="2023-11-22T17:21:04Z" user="asdfqwer51" uid="3350410" lat="35.0245074" lon="126.7983195"/>
 <node id="8270222833" visible="true" version="2" changeset="144335329" timestamp="2023-11-22T17:21:04Z" user="asdfqwer51" uid="3350410" lat="35.0245265" lon="126.7983702"/>
 <node id="8270222834" visible="true" version="3" changeset="144333236" timestamp="2023-11-22T16:36:43Z" user="asdfqwer51" uid="3350410" lat="35.0248831" lon="126.7986616"/>
 <node id="8270222835" visible="true" version="3" changeset="144334816" timestamp="2023-11-22T17:12:52Z" user="asdfqwer51" uid="3350410" lat="35.0241610" lon="126.7990476"/>
 <node id="8270222836" visible="true" version="3" changeset="144334816" timestamp="2023-11-22T17:12:52Z" user="asdfqwer51" uid="3350410" lat="35.0241518" lon="126.7990666"/>
 <node id="8270222837" visible="true" version="3" changeset="144334816" timestamp="2023-11-22T17:12:52Z" user="asdfqwer51" uid="3350410" lat="35.0241663" lon="126.7991433"/>
 <node id="8270222838" visible="true" version="3" changeset="144334816" timestamp="2023-11-22T17:12:52Z" user="asdfqwer51" uid="3350410" lat="35.0242668" lon="126.7994160"/>
 <node id="8270222839" visible="true" version="4" changeset="144334816" timestamp="2023-11-22T17:12:52Z" user="asdfqwer51" uid="3350410" lat="35.0240743" lon="126.7995259"/>
 <node id="8270222840" visible="true" version="3" changeset="144334816" timestamp="2023-11-22T17:12:52Z" user="asdfqwer51" uid="3350410" lat="35.0244329" lon="126.7998540"/>
 <node id="8270222841" visible="true" version="3" changeset="144334816" timestamp="2023-11-22T17:12:52Z" user="asdfqwer51" uid="3350410" lat="35.0247114" lon="126.7996966"/>
 <node id="8270222842" visible="true" version="3" changeset="144334816" timestamp="2023-11-22T17:12:52Z" user="asdfqwer51" uid="3350410" lat="35.0244151" lon="126.7989146"/>
 <node id="8270222843" visible="true" version="3" changeset="144334816" timestamp="2023-11-22T17:12:52Z" user="asdfqwer51" uid="3350410" lat="35.0245471" lon="126.7992629"/>
 <node id="8270222844" visible="true" version="3" changeset="144334816" timestamp="2023-11-22T17:12:52Z" user="asdfqwer51" uid="3350410" lat="35.0245760" lon="126.7997731"/>
 <node id="8270222845" visible="true" version="3" changeset="144334816" timestamp="2023-11-22T17:12:52Z" user="asdfqwer51" uid="3350410" lat="35.0244080" lon="126.7993315"/>
 <node id="8270222846" visible="true" version="3" changeset="144335329" timestamp="2023-11-22T17:21:04Z" user="asdfqwer51" uid="3350410" lat="35.0243775" lon="126.7990851"/>
 <node id="8270222847" visible="true" version="3" changeset="144334816" timestamp="2023-11-22T17:12:52Z" user="asdfqwer51" uid="3350410" lat="35.0248725" lon="126.7990791"/>
 <node id="8270222848" visible="true" version="3" changeset="144334816" timestamp="2023-11-22T17:12:52Z" user="asdfqwer51" uid="3350410" lat="35.0248052" lon="126.7988849"/>
 <node id="8270222849" visible="true" version="3" changeset="144334816" timestamp="2023-11-22T17:12:52Z" user="asdfqwer51" uid="3350410" lat="35.0247059" lon="126.7989362"/>
 <node id="8270222850" visible="true" version="3" changeset="144334816" timestamp="2023-11-22T17:12:52Z" user="asdfqwer51" uid="3350410" lat="35.0247733" lon="126.7991304"/>
 <node id="8270222851" visible="true" version="2" changeset="131233215" timestamp="2023-01-13T14:53:00Z" user="FUKUTAN" uid="5207199" lat="35.0248618" lon="126.7996895"/>
 <node id="8270222852" visible="true" version="3" changeset="144334816" timestamp="2023-11-22T17:12:52Z" user="asdfqwer51" uid="3350410" lat="35.0246666" lon="126.7991945"/>
 <node id="8270222853" visible="true" version="2" changeset="131233215" timestamp="2023-01-13T14:53:00Z" user="FUKUTAN" uid="5207199" lat="35.0245987" lon="126.7989814"/>
 <node id="8270222854" visible="true" version="3" changeset="144334816" timestamp="2023-11-22T17:12:52Z" user="asdfqwer51" uid="3350410" lat="35.0246526" lon="126.7987860"/>
 <node id="8270222855" visible="true" version="3" changeset="144334816" timestamp="2023-11-22T17:12:52Z" user="asdfqwer51" uid="3350410" lat="35.0245983" lon="126.7986302"/>
 <node id="8270222856" visible="true" version="3" changeset="144334816" timestamp="2023-11-22T17:12:52Z" user="asdfqwer51" uid="3350410" lat="35.0246906" lon="126.7985818"/>
 <node id="8270222857" visible="true" version="3" changeset="144334816" timestamp="2023-11-22T17:12:52Z" user="asdfqwer51" uid="3350410" lat="35.0246080" lon="126.7983470"/>
 <node id="8270222858" visible="true" version="3" changeset="144334816" timestamp="2023-11-22T17:12:52Z" user="asdfqwer51" uid="3350410" lat="35.0245157" lon="126.7983954"/>
 <node id="8270222899" visible="true" version="1" changeset="96607455" timestamp="2020-12-29T14:14:53Z" user="mulgist" uid="12368943" lat="35.0198098" lon="126.7982479"/>
 <node id="8270222900" visible="true" version="1" changeset="96607455" timestamp="2020-12-29T14:14:53Z" user="mulgist" uid="12368943" lat="35.0196838" lon="126.7979546"/>
 <node id="8270222901" visible="true" version="1" changeset="96607455" timestamp="2020-12-29T14:14:53Z" user="mulgist" uid="12368943" lat="35.0197052" lon="126.7978638"/>
 <node id="8270222902" visible="true" version="1" changeset="96607455" timestamp="2020-12-29T14:14:53Z" user="mulgist" uid="12368943" lat="35.0199642" lon="126.7976868"/>
 <node id="8270222903" visible="true" version="1" changeset="96607455" timestamp="2020-12-29T14:14:53Z" user="mulgist" uid="12368943" lat="35.0200106" lon="126.7977880"/>
 <node id="8270222904" visible="true" version="1" changeset="96607455" timestamp="2020-12-29T14:14:53Z" user="mulgist" uid="12368943" lat="35.0199153" lon="126.7978531"/>
 <node id="8270222905" visible="true" version="1" changeset="96607455" timestamp="2020-12-29T14:14:53Z" user="mulgist" uid="12368943" lat="35.0199353" lon="126.7978967"/>
 <node id="8270222906" visible="true" version="1" changeset="96607455" timestamp="2020-12-29T14:14:53Z" user="mulgist" uid="12368943" lat="35.0198776" lon="126.7979362"/>
 <node id="8270222907" visible="true" version="1" changeset="96607455" timestamp="2020-12-29T14:14:53Z" user="mulgist" uid="12368943" lat="35.0198580" lon="126.7978934"/>
 <node id="8270222908" visible="true" version="1" changeset="96607455" timestamp="2020-12-29T14:14:53Z" user="mulgist" uid="12368943" lat="35.0198393" lon="126.7979061"/>
 <node id="8270222909" visible="true" version="1" changeset="96607455" timestamp="2020-12-29T14:14:53Z" user="mulgist" uid="12368943" lat="35.0198285" lon="126.7978825"/>
 <node id="8270222910" visible="true" version="1" changeset="96607455" timestamp="2020-12-29T14:14:53Z" user="mulgist" uid="12368943" lat="35.0197889" lon="126.7979096"/>
 <node id="8270222911" visible="true" version="1" changeset="96607455" timestamp="2020-12-29T14:14:53Z" user="mulgist" uid="12368943" lat="35.0197719" lon="126.7979769"/>
 <node id="8270222912" visible="true" version="1" changeset="96607455" timestamp="2020-12-29T14:14:53Z" user="mulgist" uid="12368943" lat="35.0197931" lon="126.7980262"/>
 <node id="8270222913" visible="true" version="1" changeset="96607455" timestamp="2020-12-29T14:14:53Z" user="mulgist" uid="12368943" lat="35.0198180" lon="126.7980102"/>
 <node id="8270222914" visible="true" version="1" changeset="96607455" timestamp="2020-12-29T14:14:53Z" user="mulgist" uid="12368943" lat="35.0198299" lon="126.7980380"/>
 <node id="8270222915" visible="true" version="1" changeset="96607455" timestamp="2020-12-29T14:14:53Z" user="mulgist" uid="12368943" lat="35.0198660" lon="126.7980149"/>
 <node id="8270222916" visible="true" version="1" changeset="96607455" timestamp="2020-12-29T14:14:53Z" user="mulgist" uid="12368943" lat="35.0198947" lon="126.7980816"/>
 <node id="8270222917" visible="true" version="1" changeset="96607455" timestamp="2020-12-29T14:14:53Z" user="mulgist" uid="12368943" lat="35.0198570" lon="126.7981058"/>
 <node id="8270222918" visible="true" version="1" changeset="96607455" timestamp="2020-12-29T14:14:53Z" user="mulgist" uid="12368943" lat="35.0198947" lon="126.7981935"/>
 <node id="8270222919" visible="true" version="1" changeset="96607455" timestamp="2020-12-29T14:14:53Z" user="mulgist" uid="12368943" lat="35.0206147" lon="126.7982325"/>
 <node id="8270222920" visible="true" version="1" changeset="96607455" timestamp="2020-12-29T14:14:53Z" user="mulgist" uid="12368943" lat="35.0204887" lon="126.7979392"/>
 <node id="8270222921" visible="true" version="1" changeset="96607455" timestamp="2020-12-29T14:14:53Z" user="mulgist" uid="12368943" lat="35.0205101" lon="126.7978484"/>
 <node id="8270222922" visible="true" version="1" changeset="96607455" timestamp="2020-12-29T14:14:53Z" user="mulgist" uid="12368943" lat="35.0207691" lon="126.7976714"/>
 <node id="8270222923" visible="true" version="1" changeset="96607455" timestamp="2020-12-29T14:14:53Z" user="mulgist" uid="12368943" lat="35.0208155" lon="126.7977726"/>
 <node id="8270222924" visible="true" version="1" changeset="96607455" timestamp="2020-12-29T14:14:53Z" user="mulgist" uid="12368943" lat="35.0207202" lon="126.7978377"/>
 <node id="8270222925" visible="true" version="1" changeset="96607455" timestamp="2020-12-29T14:14:53Z" user="mulgist" uid="12368943" lat="35.0207402" lon="126.7978813"/>
 <node id="8270222926" visible="true" version="1" changeset="96607455" timestamp="2020-12-29T14:14:53Z" user="mulgist" uid="12368943" lat="35.0206825" lon="126.7979208"/>
 <node id="8270222927" visible="true" version="1" changeset="96607455" timestamp="2020-12-29T14:14:53Z" user="mulgist" uid="12368943" lat="35.0206629" lon="126.7978780"/>
 <node id="8270222928" visible="true" version="1" changeset="96607455" timestamp="2020-12-29T14:14:53Z" user="mulgist" uid="12368943" lat="35.0206442" lon="126.7978907"/>
 <node id="8270222929" visible="true" version="1" changeset="96607455" timestamp="2020-12-29T14:14:53Z" user="mulgist" uid="12368943" lat="35.0206334" lon="126.7978671"/>
 <node id="8270222930" visible="true" version="1" changeset="96607455" timestamp="2020-12-29T14:14:53Z" user="mulgist" uid="12368943" lat="35.0205938" lon="126.7978942"/>
 <node id="8270222931" visible="true" version="1" changeset="96607455" timestamp="2020-12-29T14:14:53Z" user="mulgist" uid="12368943" lat="35.0205768" lon="126.7979615"/>
 <node id="8270222932" visible="true" version="1" changeset="96607455" timestamp="2020-12-29T14:14:53Z" user="mulgist" uid="12368943" lat="35.0205980" lon="126.7980107"/>
 <node id="8270222933" visible="true" version="1" changeset="96607455" timestamp="2020-12-29T14:14:53Z" user="mulgist" uid="12368943" lat="35.0206229" lon="126.7979948"/>
 <node id="8270222934" visible="true" version="1" changeset="96607455" timestamp="2020-12-29T14:14:53Z" user="mulgist" uid="12368943" lat="35.0206349" lon="126.7980226"/>
 <node id="8270222935" visible="true" version="1" changeset="96607455" timestamp="2020-12-29T14:14:53Z" user="mulgist" uid="12368943" lat="35.0206709" lon="126.7979995"/>
 <node id="8270222936" visible="true" version="1" changeset="96607455" timestamp="2020-12-29T14:14:53Z" user="mulgist" uid="12368943" lat="35.0206996" lon="126.7980662"/>
 <node id="8270222937" visible="true" version="1" changeset="96607455" timestamp="2020-12-29T14:14:53Z" user="mulgist" uid="12368943" lat="35.0206619" lon="126.7980904"/>
 <node id="8270222938" visible="true" version="1" changeset="96607455" timestamp="2020-12-29T14:14:53Z" user="mulgist" uid="12368943" lat="35.0206996" lon="126.7981781"/>
 <node id="8270223035" visible="true" version="1" changeset="96607455" timestamp="2020-12-29T14:14:53Z" user="mulgist" uid="12368943" lat="35.0200934" lon="126.7995471"/>
 <node id="8270223036" visible="true" version="1" changeset="96607455" timestamp="2020-12-29T14:14:53Z" user="mulgist" uid="12368943" lat="35.0200937" lon="126.7994605"/>
 <node id="8270223037" visible="true" version="1" changeset="96607455" timestamp="2020-12-29T14:14:53Z" user="mulgist" uid="12368943" lat="35.0201245" lon="126.7994590"/>
 <node id="8270223038" visible="true" version="1" changeset="96607455" timestamp="2020-12-29T14:14:53Z" user="mulgist" uid="12368943" lat="35.0201248" lon="126.7993789"/>
 <node id="8270223039" visible="true" version="1" changeset="96607455" timestamp="2020-12-29T14:14:53Z" user="mulgist" uid="12368943" lat="35.0200946" lon="126.7993779"/>
 <node id="8270223040" visible="true" version="1" changeset="96607455" timestamp="2020-12-29T14:14:53Z" user="mulgist" uid="12368943" lat="35.0200952" lon="126.7991922"/>
 <node id="8270223041" visible="true" version="1" changeset="96607455" timestamp="2020-12-29T14:14:53Z" user="mulgist" uid="12368943" lat="35.0201256" lon="126.7991924"/>
 <node id="8270223042" visible="true" version="1" changeset="96607455" timestamp="2020-12-29T14:14:53Z" user="mulgist" uid="12368943" lat="35.0201258" lon="126.7991061"/>
 <node id="8270223043" visible="true" version="1" changeset="96607455" timestamp="2020-12-29T14:14:53Z" user="mulgist" uid="12368943" lat="35.0200948" lon="126.7991060"/>
 <node id="8270223044" visible="true" version="1" changeset="96607455" timestamp="2020-12-29T14:14:53Z" user="mulgist" uid="12368943" lat="35.0200936" lon="126.7990125"/>
 <node id="8270223045" visible="true" version="1" changeset="96607455" timestamp="2020-12-29T14:14:53Z" user="mulgist" uid="12368943" lat="35.0199976" lon="126.7990138"/>
 <node id="8270223046" visible="true" version="1" changeset="96607455" timestamp="2020-12-29T14:14:53Z" user="mulgist" uid="12368943" lat="35.0199960" lon="126.7995466"/>
 <node id="8270223047" visible="true" version="1" changeset="96607455" timestamp="2020-12-29T14:14:53Z" user="mulgist" uid="12368943" lat="35.0200868" lon="126.8001317"/>
 <node id="8270223048" visible="true" version="1" changeset="96607455" timestamp="2020-12-29T14:14:53Z" user="mulgist" uid="12368943" lat="35.0200883" lon="126.8000451"/>
 <node id="8270223049" visible="true" version="1" changeset="96607455" timestamp="2020-12-29T14:14:53Z" user="mulgist" uid="12368943" lat="35.0201191" lon="126.8000443"/>
 <node id="8270223050" visible="true" version="1" changeset="96607455" timestamp="2020-12-29T14:14:53Z" user="mulgist" uid="12368943" lat="35.0201206" lon="126.7999642"/>
 <node id="8270223051" visible="true" version="1" changeset="96607455" timestamp="2020-12-29T14:14:53Z" user="mulgist" uid="12368943" lat="35.0200904" lon="126.7999626"/>
 <node id="8270223052" visible="true" version="1" changeset="96607455" timestamp="2020-12-29T14:14:53Z" user="mulgist" uid="12368943" lat="35.0200935" lon="126.7997769"/>
 <node id="8270223053" visible="true" version="1" changeset="96607455" timestamp="2020-12-29T14:14:53Z" user="mulgist" uid="12368943" lat="35.0201239" lon="126.7997777"/>
 <node id="8270223054" visible="true" version="1" changeset="96607455" timestamp="2020-12-29T14:14:53Z" user="mulgist" uid="12368943" lat="35.0201253" lon="126.7996915"/>
 <node id="8270223055" visible="true" version="1" changeset="96607455" timestamp="2020-12-29T14:14:53Z" user="mulgist" uid="12368943" lat="35.0200943" lon="126.7996907"/>
 <node id="8270223056" visible="true" version="1" changeset="96607455" timestamp="2020-12-29T14:14:53Z" user="mulgist" uid="12368943" lat="35.0200944" lon="126.7995972"/>
 <node id="8270223057" visible="true" version="1" changeset="96607455" timestamp="2020-12-29T14:14:53Z" user="mulgist" uid="12368943" lat="35.0199983" lon="126.7995966"/>
 <node id="8270223058" visible="true" version="1" changeset="96607455" timestamp="2020-12-29T14:14:53Z" user="mulgist" uid="12368943" lat="35.0199894" lon="126.8001293"/>
 <node id="8270223071" visible="true" version="1" changeset="96607455" timestamp="2020-12-29T14:14:53Z" user="mulgist" uid="12368943" lat="35.0207395" lon="126.8001268"/>
 <node id="8270223072" visible="true" version="1" changeset="96607455" timestamp="2020-12-29T14:14:53Z" user="mulgist" uid="12368943" lat="35.0207390" lon="126.8000402"/>
 <node id="8270223073" visible="true" version="1" changeset="96607455" timestamp="2020-12-29T14:14:53Z" user="mulgist" uid="12368943" lat="35.0207698" lon="126.8000383"/>
 <node id="8270223074" visible="true" version="1" changeset="96607455" timestamp="2020-12-29T14:14:53Z" user="mulgist" uid="12368943" lat="35.0207692" lon="126.7999582"/>
 <node id="8270223075" visible="true" version="1" changeset="96607455" timestamp="2020-12-29T14:14:53Z" user="mulgist" uid="12368943" lat="35.0207390" lon="126.7999576"/>
 <node id="8270223076" visible="true" version="1" changeset="96607455" timestamp="2020-12-29T14:14:53Z" user="mulgist" uid="12368943" lat="35.0207377" lon="126.7997719"/>
 <node id="8270223077" visible="true" version="1" changeset="96607455" timestamp="2020-12-29T14:14:53Z" user="mulgist" uid="12368943" lat="35.0207681" lon="126.7997717"/>
 <node id="8270223078" visible="true" version="1" changeset="96607455" timestamp="2020-12-29T14:14:53Z" user="mulgist" uid="12368943" lat="35.0207674" lon="126.7996854"/>
 <node id="8270223079" visible="true" version="1" changeset="96607455" timestamp="2020-12-29T14:14:53Z" user="mulgist" uid="12368943" lat="35.0207364" lon="126.7996857"/>
 <node id="8270223080" visible="true" version="1" changeset="96607455" timestamp="2020-12-29T14:14:53Z" user="mulgist" uid="12368943" lat="35.0207343" lon="126.7995923"/>
 <node id="8270223081" visible="true" version="1" changeset="96607455" timestamp="2020-12-29T14:14:53Z" user="mulgist" uid="12368943" lat="35.0206382" lon="126.7995951"/>
 <node id="8270223082" visible="true" version="1" changeset="96607455" timestamp="2020-12-29T14:14:53Z" user="mulgist" uid="12368943" lat="35.0206421" lon="126.8001279"/>
 <node id="8270223095" visible="true" version="1" changeset="96607455" timestamp="2020-12-29T14:14:53Z" user="mulgist" uid="12368943" lat="35.0206741" lon="126.7988202"/>
 <node id="8270223096" visible="true" version="1" changeset="96607455" timestamp="2020-12-29T14:14:53Z" user="mulgist" uid="12368943" lat="35.0206736" lon="126.7987336"/>
 <node id="8270223097" visible="true" version="1" changeset="96607455" timestamp="2020-12-29T14:14:53Z" user="mulgist" uid="12368943" lat="35.0207043" lon="126.7987316"/>
 <node id="8270223098" visible="true" version="1" changeset="96607455" timestamp="2020-12-29T14:14:53Z" user="mulgist" uid="12368943" lat="35.0207038" lon="126.7986515"/>
 <node id="8270223099" visible="true" version="1" changeset="96607455" timestamp="2020-12-29T14:14:53Z" user="mulgist" uid="12368943" lat="35.0206736" lon="126.7986510"/>
 <node id="8270223100" visible="true" version="1" changeset="96607455" timestamp="2020-12-29T14:14:53Z" user="mulgist" uid="12368943" lat="35.0206723" lon="126.7984653"/>
 <node id="8270223101" visible="true" version="1" changeset="96607455" timestamp="2020-12-29T14:14:53Z" user="mulgist" uid="12368943" lat="35.0207027" lon="126.7984650"/>
 <node id="8270223102" visible="true" version="1" changeset="96607455" timestamp="2020-12-29T14:14:53Z" user="mulgist" uid="12368943" lat="35.0207020" lon="126.7983787"/>
 <node id="8270223103" visible="true" version="1" changeset="96607455" timestamp="2020-12-29T14:14:53Z" user="mulgist" uid="12368943" lat="35.0206710" lon="126.7983791"/>
 <node id="8270223104" visible="true" version="1" changeset="96607455" timestamp="2020-12-29T14:14:53Z" user="mulgist" uid="12368943" lat="35.0206689" lon="126.7982856"/>
 <node id="8270223105" visible="true" version="1" changeset="96607455" timestamp="2020-12-29T14:14:53Z" user="mulgist" uid="12368943" lat="35.0205728" lon="126.7982885"/>
 <node id="8270223106" visible="true" version="1" changeset="96607455" timestamp="2020-12-29T14:14:53Z" user="mulgist" uid="12368943" lat="35.0205767" lon="126.7988212"/>
 <node id="8270223151" visible="true" version="1" changeset="96607455" timestamp="2020-12-29T14:14:53Z" user="mulgist" uid="12368943" lat="35.0203413" lon="126.7980780"/>
 <node id="8270223152" visible="true" version="1" changeset="96607455" timestamp="2020-12-29T14:14:53Z" user="mulgist" uid="12368943" lat="35.0202006" lon="126.7980791"/>
 <node id="8270223153" visible="true" version="1" changeset="96607455" timestamp="2020-12-29T14:14:53Z" user="mulgist" uid="12368943" lat="35.0202019" lon="126.7983241"/>
 <node id="8270223154" visible="true" version="1" changeset="96607455" timestamp="2020-12-29T14:14:53Z" user="mulgist" uid="12368943" lat="35.0203425" lon="126.7983230"/>
 <node id="8270223155" visible="true" version="1" changeset="96607455" timestamp="2020-12-29T14:14:53Z" user="mulgist" uid="12368943" lat="35.0204514" lon="126.7992529"/>
 <node id="8270223156" visible="true" version="1" changeset="96607455" timestamp="2020-12-29T14:14:53Z" user="mulgist" uid="12368943" lat="35.0205250" lon="126.7993280"/>
 <node id="8270223157" visible="true" version="1" changeset="96607455" timestamp="2020-12-29T14:14:53Z" user="mulgist" uid="12368943" lat="35.0205557" lon="126.7994004"/>
 <node id="8270223158" visible="true" version="1" changeset="96607455" timestamp="2020-12-29T14:14:53Z" user="mulgist" uid="12368943" lat="35.0205590" lon="126.7994594"/>
 <node id="8270223159" visible="true" version="1" changeset="96607455" timestamp="2020-12-29T14:14:53Z" user="mulgist" uid="12368943" lat="35.0205261" lon="126.7995466"/>
 <node id="8270223160" visible="true" version="1" changeset="96607455" timestamp="2020-12-29T14:14:53Z" user="mulgist" uid="12368943" lat="35.0204734" lon="126.7995895"/>
 <node id="8270223161" visible="true" version="1" changeset="96607455" timestamp="2020-12-29T14:14:53Z" user="mulgist" uid="12368943" lat="35.0204097" lon="126.7996096"/>
 <node id="8270223162" visible="true" version="1" changeset="96607455" timestamp="2020-12-29T14:14:53Z" user="mulgist" uid="12368943" lat="35.0203503" lon="126.7995949"/>
 <node id="8270223163" visible="true" version="1" changeset="96607455" timestamp="2020-12-29T14:14:53Z" user="mulgist" uid="12368943" lat="35.0203174" lon="126.7995439"/>
 <node id="8270223164" visible="true" version="1" changeset="96607455" timestamp="2020-12-29T14:14:53Z" user="mulgist" uid="12368943" lat="35.0202943" lon="126.7994956"/>
 <node id="8270223165" visible="true" version="1" changeset="96607455" timestamp="2020-12-29T14:14:53Z" user="mulgist" uid="12368943" lat="35.0202801" lon="126.7994460"/>
 <node id="8270223166" visible="true" version="1" changeset="96607455" timestamp="2020-12-29T14:14:53Z" user="mulgist" uid="12368943" lat="35.0202779" lon="126.7993709"/>
 <node id="8270223167" visible="true" version="1" changeset="96607455" timestamp="2020-12-29T14:14:53Z" user="mulgist" uid="12368943" lat="35.0202987" lon="126.7992864"/>
 <node id="8270223168" visible="true" version="1" changeset="96607455" timestamp="2020-12-29T14:14:53Z" user="mulgist" uid="12368943" lat="35.0203613" lon="126.7992274"/>
 <node id="8270223169" visible="true" version="1" changeset="96607455" timestamp="2020-12-29T14:14:53Z" user="mulgist" uid="12368943" lat="35.0204075" lon="126.7992180"/>
 <node id="8270223170" visible="true" version="1" changeset="96607455" timestamp="2020-12-29T14:14:53Z" user="mulgist" uid="12368943" lat="35.0204640" lon="126.7992797"/>
 <node id="8270223171" visible="true" version="1" changeset="96607455" timestamp="2020-12-29T14:14:53Z" user="mulgist" uid="12368943" lat="35.0207768" lon="126.7992558"/>
 <node id="8270223172" visible="true" version="1" changeset="96607455" timestamp="2020-12-29T14:14:53Z" user="mulgist" uid="12368943" lat="35.0206801" lon="126.7992289"/>
 <node id="8270223173" visible="true" version="1" changeset="96607455" timestamp="2020-12-29T14:14:53Z" user="mulgist" uid="12368943" lat="35.0203561" lon="126.7990170"/>
 <node id="8270223174" visible="true" version="1" changeset="96607455" timestamp="2020-12-29T14:14:53Z" user="mulgist" uid="12368943" lat="35.0202375" lon="126.7989527"/>
 <node id="8270223175" visible="true" version="1" changeset="96607455" timestamp="2020-12-29T14:14:53Z" user="mulgist" uid="12368943" lat="35.0201343" lon="126.7989285"/>
 <node id="8270223176" visible="true" version="1" changeset="96607455" timestamp="2020-12-29T14:14:53Z" user="mulgist" uid="12368943" lat="35.0199937" lon="126.7989124"/>
 <node id="8270223177" visible="true" version="1" changeset="96607455" timestamp="2020-12-29T14:14:53Z" user="mulgist" uid="12368943" lat="35.0198256" lon="126.7989607"/>
 <node id="8270223178" visible="true" version="1" changeset="96607455" timestamp="2020-12-29T14:14:53Z" user="mulgist" uid="12368943" lat="35.0197179" lon="126.7990439"/>
 <node id="8270223179" visible="true" version="1" changeset="96607455" timestamp="2020-12-29T14:14:53Z" user="mulgist" uid="12368943" lat="35.0195927" lon="126.7991377"/>
 <node id="8270223180" visible="true" version="1" changeset="96607455" timestamp="2020-12-29T14:14:53Z" user="mulgist" uid="12368943" lat="35.0194763" lon="126.7991860"/>
 <node id="8270223181" visible="true" version="1" changeset="96607455" timestamp="2020-12-29T14:14:53Z" user="mulgist" uid="12368943" lat="35.0193116" lon="126.7992182"/>
 <node id="8270223182" visible="true" version="1" changeset="96607455" timestamp="2020-12-29T14:14:53Z" user="mulgist" uid="12368943" lat="35.0191252" lon="126.7991941"/>
 <node id="8270223183" visible="true" version="1" changeset="96607455" timestamp="2020-12-29T14:14:53Z" user="mulgist" uid="12368943" lat="35.0190176" lon="126.7991672"/>
 <node id="8270223184" visible="true" version="1" changeset="96607455" timestamp="2020-12-29T14:14:53Z" user="mulgist" uid="12368943" lat="35.0189056" lon="126.7990653"/>
 <node id="8270223185" visible="true" version="1" changeset="96607455" timestamp="2020-12-29T14:14:53Z" user="mulgist" uid="12368943" lat="35.0188573" lon="126.7990010"/>
 <node id="8270223186" visible="true" version="1" changeset="96607455" timestamp="2020-12-29T14:14:53Z" user="mulgist" uid="12368943" lat="35.0187386" lon="126.7988481"/>
 <node id="8270223187" visible="true" version="2" changeset="96725193" timestamp="2020-12-31T10:49:44Z" user="mulgist" uid="12368943" lat="35.0186439" lon="126.7987745">
  <tag k="highway" v="crossing"/>
 </node>
 <node id="8270223188" visible="true" version="1" changeset="96607455" timestamp="2020-12-29T14:14:53Z" user="mulgist" uid="12368943" lat="35.0184706" lon="126.7986603"/>
 <node id="8270223189" visible="true" version="1" changeset="96607455" timestamp="2020-12-29T14:14:53Z" user="mulgist" uid="12368943" lat="35.0183718" lon="126.7986281"/>
 <node id="8270223190" visible="true" version="1" changeset="96607455" timestamp="2020-12-29T14:14:53Z" user="mulgist" uid="12368943" lat="35.0182049" lon="126.7986120"/>
 <node id="8270223191" visible="true" version="1" changeset="96607455" timestamp="2020-12-29T14:14:53Z" user="mulgist" uid="12368943" lat="35.0176908" lon="126.7985608"/>
 <node id="8270223192" visible="true" version="1" changeset="96607455" timestamp="2020-12-29T14:14:53Z" user="mulgist" uid="12368943" lat="35.0207998" lon="126.7992557"/>
 <node id="8270223193" visible="true" version="1" changeset="96607455" timestamp="2020-12-29T14:14:53Z" user="mulgist" uid="12368943" lat="35.0208288" lon="126.7990246"/>
 <node id="8270223194" visible="true" version="1" changeset="96607455" timestamp="2020-12-29T14:14:53Z" user="mulgist" uid="12368943" lat="35.0208491" lon="126.7988123"/>
 <node id="8270223195" visible="true" version="1" changeset="96607455" timestamp="2020-12-29T14:14:53Z" user="mulgist" uid="12368943" lat="35.0208520" lon="126.7977965"/>
 <node id="8270223196" visible="true" version="1" changeset="96607455" timestamp="2020-12-29T14:14:53Z" user="mulgist" uid="12368943" lat="35.0208201" lon="126.7994352"/>
 <node id="8270223197" visible="true" version="1" changeset="96607455" timestamp="2020-12-29T14:14:53Z" user="mulgist" uid="12368943" lat="35.0208752" lon="126.7996227"/>
 <node id="8270223207" visible="true" version="1" changeset="96607455" timestamp="2020-12-29T14:14:53Z" user="mulgist" uid="12368943" lat="35.0202607" lon="126.8005394"/>
 <node id="8270223208" visible="true" version="1" changeset="96607455" timestamp="2020-12-29T14:14:53Z" user="mulgist" uid="12368943" lat="35.0202661" lon="126.7989682"/>
 <node id="8270223210" visible="true" version="1" changeset="96607455" timestamp="2020-12-29T14:14:53Z" user="mulgist" uid="12368943" lat="35.0202638" lon="126.7996404"/>
 <node id="8270223211" visible="true" version="1" changeset="96607455" timestamp="2020-12-29T14:14:53Z" user="mulgist" uid="12368943" lat="35.0203418" lon="126.7996758"/>
 <node id="8270223212" visible="true" version="1" changeset="96607455" timestamp="2020-12-29T14:14:53Z" user="mulgist" uid="12368943" lat="35.0204027" lon="126.7996971"/>
 <node id="8270223213" visible="true" version="1" changeset="96607455" timestamp="2020-12-29T14:14:53Z" user="mulgist" uid="12368943" lat="35.0204375" lon="126.7997643"/>
 <node id="8270223214" visible="true" version="1" changeset="96607455" timestamp="2020-12-29T14:14:53Z" user="mulgist" uid="12368943" lat="35.0204375" lon="126.7999802"/>
 <node id="8270223215" visible="true" version="1" changeset="96607455" timestamp="2020-12-29T14:14:53Z" user="mulgist" uid="12368943" lat="35.0200191" lon="126.7989153"/>
 <node id="8270223216" visible="true" version="1" changeset="96607455" timestamp="2020-12-29T14:14:53Z" user="mulgist" uid="12368943" lat="35.0200116" lon="126.7978486"/>
 <node id="8270223217" visible="true" version="1" changeset="96607455" timestamp="2020-12-29T14:14:53Z" user="mulgist" uid="12368943" lat="35.0200305" lon="126.7977743"/>
 <node id="8270223218" visible="true" version="1" changeset="96607455" timestamp="2020-12-29T14:14:53Z" user="mulgist" uid="12368943" lat="35.0200681" lon="126.7977619"/>
 <node id="8270223219" visible="true" version="1" changeset="96607455" timestamp="2020-12-29T14:14:53Z" user="mulgist" uid="12368943" lat="35.0201232" lon="126.7977637"/>
 <node id="8270223220" visible="true" version="1" changeset="96607455" timestamp="2020-12-29T14:14:53Z" user="mulgist" uid="12368943" lat="35.0201870" lon="126.7977707"/>
 <node id="8270223221" visible="true" version="1" changeset="96607455" timestamp="2020-12-29T14:14:53Z" user="mulgist" uid="12368943" lat="35.0202333" lon="126.7978168"/>
 <node id="8270223222" visible="true" version="1" changeset="96607455" timestamp="2020-12-29T14:14:53Z" user="mulgist" uid="12368943" lat="35.0202493" lon="126.7978751"/>
 <node id="8270223223" visible="true" version="1" changeset="96607455" timestamp="2020-12-29T14:14:53Z" user="mulgist" uid="12368943" lat="35.0192068" lon="126.7992046"/>
 <node id="8270223242" visible="true" version="1" changeset="96607455" timestamp="2020-12-29T14:14:53Z" user="mulgist" uid="12368943" lat="35.0182354" lon="126.7986150"/>
 <node id="8270223250" visible="true" version="1" changeset="96607455" timestamp="2020-12-29T14:14:53Z" user="mulgist" uid="12368943" lat="35.0183960" lon="126.7986360"/>
 <node id="8270223257" visible="true" version="1" changeset="96607455" timestamp="2020-12-29T14:14:53Z" user="mulgist" uid="12368943" lat="35.0179886" lon="126.7985905"/>
 <node id="8273056498" visible="true" version="1" changeset="96646660" timestamp="2020-12-30T07:15:21Z" user="mulgist" uid="12368943" lat="35.0213889" lon="126.7950295"/>
 <node id="8273056499" visible="true" version="1" changeset="96646660" timestamp="2020-12-30T07:15:21Z" user="mulgist" uid="12368943" lat="35.0213524" lon="126.7951775"/>
 <node id="8273056500" visible="true" version="1" changeset="96646660" timestamp="2020-12-30T07:15:21Z" user="mulgist" uid="12368943" lat="35.0214062" lon="126.7967491"/>
 <node id="8273056501" visible="true" version="2" changeset="124040733" timestamp="2022-07-25T08:53:04Z" user="FUKUTAN" uid="5207199" lat="35.0230110" lon="126.7954072"/>
 <node id="8273056502" visible="true" version="1" changeset="96646660" timestamp="2020-12-30T07:15:21Z" user="mulgist" uid="12368943" lat="35.0220954" lon="126.7955613"/>
 <node id="8273056503" visible="true" version="1" changeset="96646660" timestamp="2020-12-30T07:15:21Z" user="mulgist" uid="12368943" lat="35.0220669" lon="126.7949953"/>
 <node id="8273056504" visible="true" version="1" changeset="96646660" timestamp="2020-12-30T07:15:21Z" user="mulgist" uid="12368943" lat="35.0223524" lon="126.7949685"/>
 <node id="8273056505" visible="true" version="1" changeset="96646660" timestamp="2020-12-30T07:15:21Z" user="mulgist" uid="12368943" lat="35.0223590" lon="126.7956149"/>
 <node id="8273056506" visible="true" version="1" changeset="96646660" timestamp="2020-12-30T07:15:21Z" user="mulgist" uid="12368943" lat="35.0224403" lon="126.7957544"/>
 <node id="8273056507" visible="true" version="1" changeset="96646660" timestamp="2020-12-30T07:15:21Z" user="mulgist" uid="12368943" lat="35.0224535" lon="126.7963043"/>
 <node id="8273056508" visible="true" version="1" changeset="96646660" timestamp="2020-12-30T07:15:21Z" user="mulgist" uid="12368943" lat="35.0222338" lon="126.7962989"/>
 <node id="8273056509" visible="true" version="1" changeset="96646660" timestamp="2020-12-30T07:15:21Z" user="mulgist" uid="12368943" lat="35.0220756" lon="126.7963606"/>
 <node id="8273056510" visible="true" version="1" changeset="96646660" timestamp="2020-12-30T07:15:21Z" user="mulgist" uid="12368943" lat="35.0220295" lon="126.7964330"/>
 <node id="8273056511" visible="true" version="1" changeset="96646660" timestamp="2020-12-30T07:15:21Z" user="mulgist" uid="12368943" lat="35.0218824" lon="126.7964867"/>
 <node id="8273056512" visible="true" version="1" changeset="96646660" timestamp="2020-12-30T07:15:21Z" user="mulgist" uid="12368943" lat="35.0218230" lon="126.7964223"/>
 <node id="8273056513" visible="true" version="1" changeset="96646660" timestamp="2020-12-30T07:15:21Z" user="mulgist" uid="12368943" lat="35.0217022" lon="126.7964893"/>
 <node id="8273056514" visible="true" version="1" changeset="96646660" timestamp="2020-12-30T07:15:21Z" user="mulgist" uid="12368943" lat="35.0216319" lon="126.7954701"/>
 <node id="8273056515" visible="true" version="1" changeset="96646660" timestamp="2020-12-30T07:15:21Z" user="mulgist" uid="12368943" lat="35.0219197" lon="126.7956096"/>
 <node id="8273056516" visible="true" version="1" changeset="96646660" timestamp="2020-12-30T07:15:21Z" user="mulgist" uid="12368943" lat="35.0218911" lon="126.7956364"/>
 <node id="8273069817" visible="true" version="1" changeset="96646660" timestamp="2020-12-30T07:15:21Z" user="mulgist" uid="12368943" lat="35.0218626" lon="126.7956927"/>
 <node id="8273069818" visible="true" version="1" changeset="96646660" timestamp="2020-12-30T07:15:21Z" user="mulgist" uid="12368943" lat="35.0218362" lon="126.7957490"/>
 <node id="8273069819" visible="true" version="1" changeset="96646660" timestamp="2020-12-30T07:15:21Z" user="mulgist" uid="12368943" lat="35.0218230" lon="126.7957973"/>
 <node id="8273069820" visible="true" version="1" changeset="96646660" timestamp="2020-12-30T07:15:21Z" user="mulgist" uid="12368943" lat="35.0218187" lon="126.7958805"/>
 <node id="8273069821" visible="true" version="1" changeset="96646660" timestamp="2020-12-30T07:15:21Z" user="mulgist" uid="12368943" lat="35.0218406" lon="126.7958805"/>
 <node id="8273069822" visible="true" version="1" changeset="96646660" timestamp="2020-12-30T07:15:21Z" user="mulgist" uid="12368943" lat="35.0218450" lon="126.7959395"/>
 <node id="8273069823" visible="true" version="1" changeset="96646660" timestamp="2020-12-30T07:15:21Z" user="mulgist" uid="12368943" lat="35.0218560" lon="126.7960173"/>
 <node id="8273069824" visible="true" version="1" changeset="96646660" timestamp="2020-12-30T07:15:21Z" user="mulgist" uid="12368943" lat="35.0218867" lon="126.7960816"/>
 <node id="8273069825" visible="true" version="1" changeset="96646660" timestamp="2020-12-30T07:15:21Z" user="mulgist" uid="12368943" lat="35.0219263" lon="126.7961299"/>
 <node id="8273069826" visible="true" version="1" changeset="96646660" timestamp="2020-12-30T07:15:21Z" user="mulgist" uid="12368943" lat="35.0219658" lon="126.7961567"/>
 <node id="8273069827" visible="true" version="1" changeset="96646660" timestamp="2020-12-30T07:15:21Z" user="mulgist" uid="12368943" lat="35.0220229" lon="126.7961782"/>
 <node id="8273069828" visible="true" version="1" changeset="96646660" timestamp="2020-12-30T07:15:21Z" user="mulgist" uid="12368943" lat="35.0220932" lon="126.7961755"/>
 <node id="8273069829" visible="true" version="1" changeset="96646660" timestamp="2020-12-30T07:15:21Z" user="mulgist" uid="12368943" lat="35.0220969" lon="126.7961327"/>
 <node id="8273069830" visible="true" version="1" changeset="96646660" timestamp="2020-12-30T07:15:21Z" user="mulgist" uid="12368943" lat="35.0221489" lon="126.7961317"/>
 <node id="8273069831" visible="true" version="1" changeset="96646660" timestamp="2020-12-30T07:15:21Z" user="mulgist" uid="12368943" lat="35.0221943" lon="126.7961281"/>
 <node id="8273069832" visible="true" version="1" changeset="96646660" timestamp="2020-12-30T07:15:21Z" user="mulgist" uid="12368943" lat="35.0222426" lon="126.7961058"/>
 <node id="8273069833" visible="true" version="1" changeset="96646660" timestamp="2020-12-30T07:15:21Z" user="mulgist" uid="12368943" lat="35.0222756" lon="126.7960727"/>
 <node id="8273069834" visible="true" version="1" changeset="96646660" timestamp="2020-12-30T07:15:21Z" user="mulgist" uid="12368943" lat="35.0223041" lon="126.7960065"/>
 <node id="8273069835" visible="true" version="1" changeset="96646660" timestamp="2020-12-30T07:15:21Z" user="mulgist" uid="12368943" lat="35.0223151" lon="126.7959583"/>
 <node id="8273069836" visible="true" version="1" changeset="96646660" timestamp="2020-12-30T07:15:21Z" user="mulgist" uid="12368943" lat="35.0223326" lon="126.7959073"/>
 <node id="8273069837" visible="true" version="1" changeset="96646660" timestamp="2020-12-30T07:15:21Z" user="mulgist" uid="12368943" lat="35.0223085" lon="126.7959019"/>
 <node id="8273069838" visible="true" version="1" changeset="96646660" timestamp="2020-12-30T07:15:21Z" user="mulgist" uid="12368943" lat="35.0223085" lon="126.7958483"/>
 <node id="8273069839" visible="true" version="1" changeset="96646660" timestamp="2020-12-30T07:15:21Z" user="mulgist" uid="12368943" lat="35.0223005" lon="126.7957857"/>
 <node id="8273069840" visible="true" version="1" changeset="96646660" timestamp="2020-12-30T07:15:21Z" user="mulgist" uid="12368943" lat="35.0222881" lon="126.7957552"/>
 <node id="8273069841" visible="true" version="1" changeset="96646660" timestamp="2020-12-30T07:15:21Z" user="mulgist" uid="12368943" lat="35.0222646" lon="126.7957169"/>
 <node id="8273069842" visible="true" version="1" changeset="96646660" timestamp="2020-12-30T07:15:21Z" user="mulgist" uid="12368943" lat="35.0222338" lon="126.7956927"/>
 <node id="8273069843" visible="true" version="1" changeset="96646660" timestamp="2020-12-30T07:15:21Z" user="mulgist" uid="12368943" lat="35.0221811" lon="126.7956632"/>
 <node id="8273069844" visible="true" version="1" changeset="96646660" timestamp="2020-12-30T07:15:21Z" user="mulgist" uid="12368943" lat="35.0221372" lon="126.7956283"/>
 <node id="8273069845" visible="true" version="1" changeset="96646660" timestamp="2020-12-30T07:15:21Z" user="mulgist" uid="12368943" lat="35.0220973" lon="126.7956000"/>
 <node id="8273069846" visible="true" version="1" changeset="96646660" timestamp="2020-12-30T07:15:21Z" user="mulgist" uid="12368943" lat="35.0224640" lon="126.7953038"/>
 <node id="8273069847" visible="true" version="1" changeset="96646660" timestamp="2020-12-30T07:15:21Z" user="mulgist" uid="12368943" lat="35.0224497" lon="126.7948824"/>
 <node id="8273069848" visible="true" version="1" changeset="96646660" timestamp="2020-12-30T07:15:21Z" user="mulgist" uid="12368943" lat="35.0227442" lon="126.7947236"/>
 <node id="8273069849" visible="true" version="1" changeset="96646660" timestamp="2020-12-30T07:15:21Z" user="mulgist" uid="12368943" lat="35.0228168" lon="126.7953412"/>
 <node id="8273069850" visible="true" version="1" changeset="96646660" timestamp="2020-12-30T07:15:21Z" user="mulgist" uid="12368943" lat="35.0228723" lon="126.7953400"/>
 <node id="8273069851" visible="true" version="1" changeset="96646660" timestamp="2020-12-30T07:15:21Z" user="mulgist" uid="12368943" lat="35.0228723" lon="126.7958187"/>
 <node id="8273069852" visible="true" version="1" changeset="96646660" timestamp="2020-12-30T07:15:21Z" user="mulgist" uid="12368943" lat="35.0225855" lon="126.7958012"/>
 <node id="8273069853" visible="true" version="1" changeset="96646660" timestamp="2020-12-30T07:15:21Z" user="mulgist" uid="12368943" lat="35.0225845" lon="126.7954019"/>
 <node id="8273069854" visible="true" version="2" changeset="96780587" timestamp="2021-01-01T17:12:51Z" user="mulgist" uid="12368943" lat="35.0222577" lon="126.7967350"/>
 <node id="8273069855" visible="true" version="1" changeset="96646660" timestamp="2020-12-30T07:15:21Z" user="mulgist" uid="12368943" lat="35.0222597" lon="126.7974459"/>
 <node id="8273069856" visible="true" version="1" changeset="96646660" timestamp="2020-12-30T07:15:21Z" user="mulgist" uid="12368943" lat="35.0221851" lon="126.7974529"/>
 <node id="8273069857" visible="true" version="1" changeset="96646660" timestamp="2020-12-30T07:15:21Z" user="mulgist" uid="12368943" lat="35.0221851" lon="126.7973828"/>
 <node id="8273069858" visible="true" version="1" changeset="96646660" timestamp="2020-12-30T07:15:21Z" user="mulgist" uid="12368943" lat="35.0214240" lon="126.7973595"/>
 <node id="8273069859" visible="true" version="1" changeset="96646660" timestamp="2020-12-30T07:15:21Z" user="mulgist" uid="12368943" lat="35.0214183" lon="126.7971633"/>
 <node id="8273069860" visible="true" version="1" changeset="96646660" timestamp="2020-12-30T07:15:21Z" user="mulgist" uid="12368943" lat="35.0214412" lon="126.7970232"/>
 <node id="8273069861" visible="true" version="1" changeset="96646660" timestamp="2020-12-30T07:15:21Z" user="mulgist" uid="12368943" lat="35.0214374" lon="126.7969555"/>
 <node id="8273069862" visible="true" version="1" changeset="96646660" timestamp="2020-12-30T07:15:21Z" user="mulgist" uid="12368943" lat="35.0215722" lon="126.7968692"/>
 <node id="8273069863" visible="true" version="1" changeset="96646660" timestamp="2020-12-30T07:15:21Z" user="mulgist" uid="12368943" lat="35.0215791" lon="126.7973211"/>
 <node id="8273069864" visible="true" version="1" changeset="96646660" timestamp="2020-12-30T07:15:21Z" user="mulgist" uid="12368943" lat="35.0220126" lon="126.7973113"/>
 <node id="8273069865" visible="true" version="1" changeset="96646660" timestamp="2020-12-30T07:15:21Z" user="mulgist" uid="12368943" lat="35.0220058" lon="126.7968594"/>
 <node id="8273069866" visible="true" version="1" changeset="96646660" timestamp="2020-12-30T07:15:21Z" user="mulgist" uid="12368943" lat="35.0222117" lon="126.7973669"/>
 <node id="8273069867" visible="true" version="1" changeset="96646660" timestamp="2020-12-30T07:15:21Z" user="mulgist" uid="12368943" lat="35.0222131" lon="126.7970239"/>
 <node id="8273069868" visible="true" version="1" changeset="96646660" timestamp="2020-12-30T07:15:21Z" user="mulgist" uid="12368943" lat="35.0220650" lon="126.7970231"/>
 <node id="8273069869" visible="true" version="1" changeset="96646660" timestamp="2020-12-30T07:15:21Z" user="mulgist" uid="12368943" lat="35.0220636" lon="126.7973661"/>
 <node id="8273069870" visible="true" version="1" changeset="96646660" timestamp="2020-12-30T07:15:21Z" user="mulgist" uid="12368943" lat="35.0222721" lon="126.7974071"/>
 <node id="8273069871" visible="true" version="1" changeset="96646660" timestamp="2020-12-30T07:15:21Z" user="mulgist" uid="12368943" lat="35.0222217" lon="126.7974067"/>
 <node id="8273069872" visible="true" version="1" changeset="96646660" timestamp="2020-12-30T07:15:21Z" user="mulgist" uid="12368943" lat="35.0222235" lon="126.7971077"/>
 <node id="8273069873" visible="true" version="1" changeset="96646660" timestamp="2020-12-30T07:15:21Z" user="mulgist" uid="12368943" lat="35.0220884" lon="126.7971065"/>
 <node id="8273069874" visible="true" version="1" changeset="96646660" timestamp="2020-12-30T07:15:21Z" user="mulgist" uid="12368943" lat="35.0220874" lon="126.7972707"/>
 <node id="8273069875" visible="true" version="1" changeset="96646660" timestamp="2020-12-30T07:15:21Z" user="mulgist" uid="12368943" lat="35.0222217" lon="126.7972720"/>
 <node id="8273069876" visible="true" version="1" changeset="96646660" timestamp="2020-12-30T07:15:21Z" user="mulgist" uid="12368943" lat="35.0222224" lon="126.7968286"/>
 <node id="8273069877" visible="true" version="1" changeset="96646660" timestamp="2020-12-30T07:15:21Z" user="mulgist" uid="12368943" lat="35.0220707" lon="126.7968268"/>
 <node id="8273069878" visible="true" version="2" changeset="96780587" timestamp="2021-01-01T17:12:51Z" user="mulgist" uid="12368943" lat="35.0225311" lon="126.7967354"/>
 <node id="8273069879" visible="true" version="1" changeset="96646660" timestamp="2020-12-30T07:15:21Z" user="mulgist" uid="12368943" lat="35.0225289" lon="126.7973632"/>
 <node id="8273069880" visible="true" version="1" changeset="96646660" timestamp="2020-12-30T07:15:21Z" user="mulgist" uid="12368943" lat="35.0232404" lon="126.7973355"/>
 <node id="8273069881" visible="true" version="1" changeset="96646660" timestamp="2020-12-30T07:15:21Z" user="mulgist" uid="12368943" lat="35.0228553" lon="126.7968046"/>
 <node id="8273069882" visible="true" version="1" changeset="96646660" timestamp="2020-12-30T07:15:21Z" user="mulgist" uid="12368943" lat="35.0229194" lon="126.7971315"/>
 <node id="8273069883" visible="true" version="1" changeset="96646660" timestamp="2020-12-30T07:15:21Z" user="mulgist" uid="12368943" lat="35.0225479" lon="126.7971459"/>
 <node id="8273069884" visible="true" version="1" changeset="96646660" timestamp="2020-12-30T07:15:21Z" user="mulgist" uid="12368943" lat="35.0225463" lon="126.7968068"/>
 <node id="8273069885" visible="true" version="1" changeset="96646660" timestamp="2020-12-30T07:15:21Z" user="mulgist" uid="12368943" lat="35.0225551" lon="126.7974152"/>
 <node id="8273069886" visible="true" version="1" changeset="96646660" timestamp="2020-12-30T07:15:21Z" user="mulgist" uid="12368943" lat="35.0225551" lon="126.7971584"/>
 <node id="8273069887" visible="true" version="1" changeset="96646660" timestamp="2020-12-30T07:15:21Z" user="mulgist" uid="12368943" lat="35.0226297" lon="126.7970731"/>
 <node id="8273069888" visible="true" version="1" changeset="96646660" timestamp="2020-12-30T07:15:21Z" user="mulgist" uid="12368943" lat="35.0228276" lon="126.7970661"/>
 <node id="8273069889" visible="true" version="1" changeset="96646660" timestamp="2020-12-30T07:15:21Z" user="mulgist" uid="12368943" lat="35.0227941" lon="126.7969109"/>
 <node id="8273069890" visible="true" version="1" changeset="96646660" timestamp="2020-12-30T07:15:21Z" user="mulgist" uid="12368943" lat="35.0226268" lon="126.7969085"/>
 <node id="8273069891" visible="true" version="1" changeset="96646660" timestamp="2020-12-30T07:15:21Z" user="mulgist" uid="12368943" lat="35.0226126" lon="126.7971781"/>
 <node id="8273069892" visible="true" version="1" changeset="96646660" timestamp="2020-12-30T07:15:21Z" user="mulgist" uid="12368943" lat="35.0226159" lon="126.7973049"/>
 <node id="8273069893" visible="true" version="1" changeset="96646660" timestamp="2020-12-30T07:15:21Z" user="mulgist" uid="12368943" lat="35.0231711" lon="126.7972836"/>
 <node id="8273069894" visible="true" version="1" changeset="96646660" timestamp="2020-12-30T07:15:21Z" user="mulgist" uid="12368943" lat="35.0231950" lon="126.7972684"/>
 <node id="8273069895" visible="true" version="1" changeset="96646660" timestamp="2020-12-30T07:15:21Z" user="mulgist" uid="12368943" lat="35.0232065" lon="126.7972334"/>
 <node id="8273069896" visible="true" version="1" changeset="96646660" timestamp="2020-12-30T07:15:21Z" user="mulgist" uid="12368943" lat="35.0231150" lon="126.7967435"/>
 <node id="8273069897" visible="true" version="1" changeset="96646660" timestamp="2020-12-30T07:15:21Z" user="mulgist" uid="12368943" lat="35.0228629" lon="126.7968116"/>
 <node id="8273069898" visible="true" version="1" changeset="96646660" timestamp="2020-12-30T07:15:21Z" user="mulgist" uid="12368943" lat="35.0229363" lon="126.7971294"/>
 <node id="8273069899" visible="true" version="1" changeset="96646660" timestamp="2020-12-30T07:15:21Z" user="mulgist" uid="12368943" lat="35.0229072" lon="126.7971587"/>
 <node id="8273069900" visible="true" version="1" changeset="96646660" timestamp="2020-12-30T07:15:21Z" user="mulgist" uid="12368943" lat="35.0233265" lon="126.7973663"/>
 <node id="8273069901" visible="true" version="1" changeset="96646660" timestamp="2020-12-30T07:15:21Z" user="mulgist" uid="12368943" lat="35.0233302" lon="126.7945343"/>
 <node id="8273069902" visible="true" version="1" changeset="96646660" timestamp="2020-12-30T07:15:21Z" user="mulgist" uid="12368943" lat="35.0233762" lon="126.7947777"/>
 <node id="8273069903" visible="true" version="1" changeset="96646660" timestamp="2020-12-30T07:15:21Z" user="mulgist" uid="12368943" lat="35.0234557" lon="126.7948039"/>
 <node id="8273069904" visible="true" version="1" changeset="96646660" timestamp="2020-12-30T07:15:21Z" user="mulgist" uid="12368943" lat="35.0235011" lon="126.7950373"/>
 <node id="8273069905" visible="true" version="1" changeset="96646660" timestamp="2020-12-30T07:15:21Z" user="mulgist" uid="12368943" lat="35.0236342" lon="126.7950796"/>
 <node id="8273069906" visible="true" version="1" changeset="96646660" timestamp="2020-12-30T07:15:21Z" user="mulgist" uid="12368943" lat="35.0235295" lon="126.7944727"/>
 <node id="8273069907" visible="true" version="1" changeset="96646660" timestamp="2020-12-30T07:15:21Z" user="mulgist" uid="12368943" lat="35.0234620" lon="126.7968732"/>
 <node id="8273069908" visible="true" version="1" changeset="96646660" timestamp="2020-12-30T07:15:21Z" user="mulgist" uid="12368943" lat="35.0246591" lon="126.7939291"/>
 <node id="8273069909" visible="true" version="1" changeset="96646660" timestamp="2020-12-30T07:15:21Z" user="mulgist" uid="12368943" lat="35.0253161" lon="126.7954856"/>
 <node id="8273069911" visible="true" version="1" changeset="96646660" timestamp="2020-12-30T07:15:21Z" user="mulgist" uid="12368943" lat="35.0255843" lon="126.7960463"/>
 <node id="8273069912" visible="true" version="1" changeset="96646660" timestamp="2020-12-30T07:15:21Z" user="mulgist" uid="12368943" lat="35.0255027" lon="126.7959504"/>
 <node id="8273069913" visible="true" version="1" changeset="96646660" timestamp="2020-12-30T07:15:21Z" user="mulgist" uid="12368943" lat="35.0247216" lon="126.7941125"/>
 <node id="8273069914" visible="true" version="1" changeset="96646660" timestamp="2020-12-30T07:15:21Z" user="mulgist" uid="12368943" lat="35.0243723" lon="126.7943196"/>
 <node id="8273069915" visible="true" version="1" changeset="96646660" timestamp="2020-12-30T07:15:21Z" user="mulgist" uid="12368943" lat="35.0243970" lon="126.7943868"/>
 <node id="8273069916" visible="true" version="1" changeset="96646660" timestamp="2020-12-30T07:15:21Z" user="mulgist" uid="12368943" lat="35.0244680" lon="126.7943886"/>
 <node id="8273069917" visible="true" version="1" changeset="96646660" timestamp="2020-12-30T07:15:21Z" user="mulgist" uid="12368943" lat="35.0244955" lon="126.7944346"/>
 <node id="8273069918" visible="true" version="1" changeset="96646660" timestamp="2020-12-30T07:15:21Z" user="mulgist" uid="12368943" lat="35.0246868" lon="126.7949832"/>
 <node id="8273069919" visible="true" version="1" changeset="96646660" timestamp="2020-12-30T07:15:21Z" user="mulgist" uid="12368943" lat="35.0245897" lon="126.7954061"/>
 <node id="8273069920" visible="true" version="1" changeset="96646660" timestamp="2020-12-30T07:15:21Z" user="mulgist" uid="12368943" lat="35.0247810" lon="126.7954857"/>
 <node id="8273069921" visible="true" version="1" changeset="96646660" timestamp="2020-12-30T07:15:21Z" user="mulgist" uid="12368943" lat="35.0248694" lon="126.7956768"/>
 <node id="8273069922" visible="true" version="1" changeset="96646660" timestamp="2020-12-30T07:15:21Z" user="mulgist" uid="12368943" lat="35.0252658" lon="126.7953994"/>
 <node id="8273069923" visible="true" version="2" changeset="144334816" timestamp="2023-11-22T17:12:52Z" user="asdfqwer51" uid="3350410" lat="35.0250924" lon="126.7955944"/>
 <node id="8273069924" visible="true" version="1" changeset="96646660" timestamp="2020-12-30T07:15:21Z" user="mulgist" uid="12368943" lat="35.0245831" lon="126.7943930"/>
 <node id="8273069925" visible="true" version="1" changeset="96646660" timestamp="2020-12-30T07:15:21Z" user="mulgist" uid="12368943" lat="35.0245482" lon="126.7943544"/>
 <node id="8273069926" visible="true" version="1" changeset="96646660" timestamp="2020-12-30T07:15:21Z" user="mulgist" uid="12368943" lat="35.0245016" lon="126.7943422"/>
 <node id="8273069927" visible="true" version="1" changeset="96646660" timestamp="2020-12-30T07:15:21Z" user="mulgist" uid="12368943" lat="35.0243651" lon="126.7943625"/>
 <node id="8273069928" visible="true" version="1" changeset="96646660" timestamp="2020-12-30T07:15:21Z" user="mulgist" uid="12368943" lat="35.0250300" lon="126.7954544"/>
 <node id="8273069929" visible="true" version="1" changeset="96646660" timestamp="2020-12-30T07:15:21Z" user="mulgist" uid="12368943" lat="35.0251628" lon="126.7953563"/>
 <node id="8273069930" visible="true" version="1" changeset="96646660" timestamp="2020-12-30T07:15:21Z" user="mulgist" uid="12368943" lat="35.0247465" lon="126.7943596"/>
 <node id="8273069931" visible="true" version="1" changeset="96646660" timestamp="2020-12-30T07:15:21Z" user="mulgist" uid="12368943" lat="35.0246074" lon="126.7944507"/>
 <node id="8273069932" visible="true" version="1" changeset="96646660" timestamp="2020-12-30T07:15:21Z" user="mulgist" uid="12368943" lat="35.0249482" lon="126.7948426"/>
 <node id="8273069933" visible="true" version="1" changeset="96646660" timestamp="2020-12-30T07:15:21Z" user="mulgist" uid="12368943" lat="35.0246947" lon="126.7950097"/>
 <node id="8273069934" visible="true" version="1" changeset="96646660" timestamp="2020-12-30T07:15:21Z" user="mulgist" uid="12368943" lat="35.0246254" lon="126.7953086"/>
 <node id="8273069935" visible="true" version="1" changeset="96646660" timestamp="2020-12-30T07:15:21Z" user="mulgist" uid="12368943" lat="35.0248058" lon="126.7953625"/>
 <node id="8273069936" visible="true" version="1" changeset="96646660" timestamp="2020-12-30T07:15:21Z" user="mulgist" uid="12368943" lat="35.0248915" lon="126.7955474"/>
 <node id="8273069937" visible="true" version="1" changeset="96646660" timestamp="2020-12-30T07:15:21Z" user="mulgist" uid="12368943" lat="35.0246830" lon="126.7950602"/>
 <node id="8273069938" visible="true" version="1" changeset="96646660" timestamp="2020-12-30T07:15:21Z" user="mulgist" uid="12368943" lat="35.0246746" lon="126.7941886"/>
 <node id="8273069939" visible="true" version="2" changeset="144333236" timestamp="2023-11-22T16:36:43Z" user="asdfqwer51" uid="3350410" lat="35.0236834" lon="126.7955612"/>
 <node id="8273069940" visible="true" version="2" changeset="144333236" timestamp="2023-11-22T16:36:43Z" user="asdfqwer51" uid="3350410" lat="35.0237182" lon="126.7955222"/>
 <node id="8273069941" visible="true" version="2" changeset="144333236" timestamp="2023-11-22T16:36:43Z" user="asdfqwer51" uid="3350410" lat="35.0237254" lon="126.7954514"/>
 <node id="8273069942" visible="true" version="2" changeset="144333236" timestamp="2023-11-22T16:36:43Z" user="asdfqwer51" uid="3350410" lat="35.0236950" lon="126.7954054"/>
 <node id="8273069943" visible="true" version="2" changeset="144333236" timestamp="2023-11-22T16:36:43Z" user="asdfqwer51" uid="3350410" lat="35.0236559" lon="126.7953842"/>
 <node id="8273069944" visible="true" version="2" changeset="144333236" timestamp="2023-11-22T16:36:43Z" user="asdfqwer51" uid="3350410" lat="35.0236153" lon="126.7953948"/>
 <node id="8273069945" visible="true" version="2" changeset="144333236" timestamp="2023-11-22T16:36:43Z" user="asdfqwer51" uid="3350410" lat="35.0235791" lon="126.7954461"/>
 <node id="8273069946" visible="true" version="1" changeset="96646660" timestamp="2020-12-30T07:15:21Z" user="mulgist" uid="12368943" lat="35.0233637" lon="126.7953222"/>
 <node id="8273069947" visible="true" version="1" changeset="96646660" timestamp="2020-12-30T07:15:21Z" user="mulgist" uid="12368943" lat="35.0231913" lon="126.7952354"/>
 <node id="8273069948" visible="true" version="1" changeset="96646660" timestamp="2020-12-30T07:15:21Z" user="mulgist" uid="12368943" lat="35.0233832" lon="126.7952200"/>
 <node id="8273069949" visible="true" version="1" changeset="96646660" timestamp="2020-12-30T07:15:21Z" user="mulgist" uid="12368943" lat="35.0233180" lon="126.7953775"/>
 <node id="8273069950" visible="true" version="1" changeset="96646660" timestamp="2020-12-30T07:15:21Z" user="mulgist" uid="12368943" lat="35.0231890" lon="126.7953492"/>
 <node id="8273069951" visible="true" version="1" changeset="96646660" timestamp="2020-12-30T07:15:21Z" user="mulgist" uid="12368943" lat="35.0232303" lon="126.7951643"/>
 <node id="8273069952" visible="true" version="1" changeset="96646660" timestamp="2020-12-30T07:15:21Z" user="mulgist" uid="12368943" lat="35.0234739" lon="126.7963500"/>
 <node id="8273069953" visible="true" version="1" changeset="96646660" timestamp="2020-12-30T07:15:21Z" user="mulgist" uid="12368943" lat="35.0235433" lon="126.7968355"/>
 <node id="8273069954" visible="true" version="1" changeset="96646660" timestamp="2020-12-30T07:15:21Z" user="mulgist" uid="12368943" lat="35.0238841" lon="126.7967480"/>
 <node id="8273069955" visible="true" version="1" changeset="96646660" timestamp="2020-12-30T07:15:21Z" user="mulgist" uid="12368943" lat="35.0238119" lon="126.7962767"/>
 <node id="8273069956" visible="true" version="1" changeset="96646660" timestamp="2020-12-30T07:15:21Z" user="mulgist" uid="12368943" lat="35.0237995" lon="126.7966897"/>
 <node id="8273069957" visible="true" version="1" changeset="96646660" timestamp="2020-12-30T07:15:21Z" user="mulgist" uid="12368943" lat="35.0236003" lon="126.7967410"/>
 <node id="8273069958" visible="true" version="1" changeset="96646660" timestamp="2020-12-30T07:15:21Z" user="mulgist" uid="12368943" lat="35.0235525" lon="126.7964340"/>
 <node id="8273069959" visible="true" version="1" changeset="96646660" timestamp="2020-12-30T07:15:21Z" user="mulgist" uid="12368943" lat="35.0237534" lon="126.7963812"/>
 <node id="8273070006" visible="true" version="2" changeset="144326721" timestamp="2023-11-22T13:28:24Z" user="asdfqwer51" uid="3350410" lat="35.0199375" lon="126.7948691"/>
 <node id="8273070007" visible="true" version="2" changeset="144326721" timestamp="2023-11-22T13:28:24Z" user="asdfqwer51" uid="3350410" lat="35.0199423" lon="126.7952176"/>
 <node id="8273070017" visible="true" version="1" changeset="96646660" timestamp="2020-12-30T07:15:21Z" user="mulgist" uid="12368943" lat="35.0197428" lon="126.7945643"/>
 <node id="8273070018" visible="true" version="1" changeset="96646660" timestamp="2020-12-30T07:15:21Z" user="mulgist" uid="12368943" lat="35.0197411" lon="126.7963884"/>
 <node id="8273070019" visible="true" version="1" changeset="96646660" timestamp="2020-12-30T07:15:21Z" user="mulgist" uid="12368943" lat="35.0210172" lon="126.7945928"/>
 <node id="8273070020" visible="true" version="1" changeset="96646660" timestamp="2020-12-30T07:15:21Z" user="mulgist" uid="12368943" lat="35.0209673" lon="126.7945359"/>
 <node id="8273070021" visible="true" version="1" changeset="96646660" timestamp="2020-12-30T07:15:21Z" user="mulgist" uid="12368943" lat="35.0248106" lon="126.7949333"/>
 <node id="8273070022" visible="true" version="3" changeset="144333236" timestamp="2023-11-22T16:36:43Z" user="asdfqwer51" uid="3350410" lat="35.0266265" lon="126.7913652"/>
 <node id="8273070023" visible="true" version="3" changeset="144333236" timestamp="2023-11-22T16:36:43Z" user="asdfqwer51" uid="3350410" lat="35.0263175" lon="126.7917445"/>
 <node id="8277939247" visible="true" version="1" changeset="96725193" timestamp="2020-12-31T10:49:44Z" user="mulgist" uid="12368943" lat="35.0206181" lon="126.7976451"/>
 <node id="8277939248" visible="true" version="1" changeset="96725193" timestamp="2020-12-31T10:49:44Z" user="mulgist" uid="12368943" lat="35.0205765" lon="126.7977082"/>
 <node id="8277939249" visible="true" version="1" changeset="96725193" timestamp="2020-12-31T10:49:44Z" user="mulgist" uid="12368943" lat="35.0205265" lon="126.7977529"/>
 <node id="8277939250" visible="true" version="1" changeset="96725193" timestamp="2020-12-31T10:49:44Z" user="mulgist" uid="12368943" lat="35.0204849" lon="126.7978220"/>
 <node id="8277939251" visible="true" version="1" changeset="96725193" timestamp="2020-12-31T10:49:44Z" user="mulgist" uid="12368943" lat="35.0204500" lon="126.7979074"/>
 <node id="8277939252" visible="true" version="1" changeset="96725193" timestamp="2020-12-31T10:49:44Z" user="mulgist" uid="12368943" lat="35.0204400" lon="126.7979927"/>
 <node id="8277939253" visible="true" version="1" changeset="96725193" timestamp="2020-12-31T10:49:44Z" user="mulgist" uid="12368943" lat="35.0204400" lon="126.7980761"/>
 <node id="8277939254" visible="true" version="1" changeset="96725193" timestamp="2020-12-31T10:49:44Z" user="mulgist" uid="12368943" lat="35.0204533" lon="126.7982591"/>
 <node id="8277939255" visible="true" version="1" changeset="96725193" timestamp="2020-12-31T10:49:44Z" user="mulgist" uid="12368943" lat="35.0204550" lon="126.7983608"/>
 <node id="8277939256" visible="true" version="1" changeset="96725193" timestamp="2020-12-31T10:49:44Z" user="mulgist" uid="12368943" lat="35.0204583" lon="126.7989848"/>
 <node id="8277939257" visible="true" version="1" changeset="96725193" timestamp="2020-12-31T10:49:44Z" user="mulgist" uid="12368943" lat="35.0202545" lon="126.7988602"/>
 <node id="8277939258" visible="true" version="1" changeset="96725193" timestamp="2020-12-31T10:49:44Z" user="mulgist" uid="12368943" lat="35.0202578" lon="126.7987870"/>
 <node id="8277939259" visible="true" version="1" changeset="96725193" timestamp="2020-12-31T10:49:44Z" user="mulgist" uid="12368943" lat="35.0202412" lon="126.7987220"/>
 <node id="8277939260" visible="true" version="1" changeset="96725193" timestamp="2020-12-31T10:49:44Z" user="mulgist" uid="12368943" lat="35.0202012" lon="126.7986631"/>
 <node id="8277939261" visible="true" version="1" changeset="96725193" timestamp="2020-12-31T10:49:44Z" user="mulgist" uid="12368943" lat="35.0201613" lon="126.7986427"/>
 <node id="8277939262" visible="true" version="1" changeset="96725193" timestamp="2020-12-31T10:49:44Z" user="mulgist" uid="12368943" lat="35.0201213" lon="126.7986326"/>
 <node id="8277939263" visible="true" version="1" changeset="96725193" timestamp="2020-12-31T10:49:44Z" user="mulgist" uid="12368943" lat="35.0200747" lon="126.7986305"/>
 <node id="8277939264" visible="true" version="1" changeset="96725193" timestamp="2020-12-31T10:49:44Z" user="mulgist" uid="12368943" lat="35.0200597" lon="126.7986468"/>
 <node id="8277939265" visible="true" version="1" changeset="96725193" timestamp="2020-12-31T10:49:44Z" user="mulgist" uid="12368943" lat="35.0200597" lon="126.7987220"/>
 <node id="8277939266" visible="true" version="1" changeset="96725193" timestamp="2020-12-31T10:49:44Z" user="mulgist" uid="12368943" lat="35.0200597" lon="126.7988094"/>
 <node id="8277939267" visible="true" version="1" changeset="96725193" timestamp="2020-12-31T10:49:44Z" user="mulgist" uid="12368943" lat="35.0201013" lon="126.7988297"/>
 <node id="8277939268" visible="true" version="1" changeset="96725193" timestamp="2020-12-31T10:49:44Z" user="mulgist" uid="12368943" lat="35.0201729" lon="126.7988358"/>
 <node id="8277939269" visible="true" version="1" changeset="96725193" timestamp="2020-12-31T10:49:44Z" user="mulgist" uid="12368943" lat="35.0204693" lon="126.7977974"/>
 <node id="8277939270" visible="true" version="1" changeset="96725193" timestamp="2020-12-31T10:49:44Z" user="mulgist" uid="12368943" lat="35.0204386" lon="126.7977947"/>
 <node id="8277939271" visible="true" version="1" changeset="96725193" timestamp="2020-12-31T10:49:44Z" user="mulgist" uid="12368943" lat="35.0201882" lon="126.7977250"/>
 <node id="8277939272" visible="true" version="1" changeset="96725193" timestamp="2020-12-31T10:49:44Z" user="mulgist" uid="12368943" lat="35.0203980" lon="126.7977834"/>
 <node id="8277939273" visible="true" version="1" changeset="96725193" timestamp="2020-12-31T10:49:44Z" user="mulgist" uid="12368943" lat="35.0203749" lon="126.7978457"/>
 <node id="8277939274" visible="true" version="1" changeset="96725193" timestamp="2020-12-31T10:49:44Z" user="mulgist" uid="12368943" lat="35.0203529" lon="126.7979289"/>
 <node id="8277939275" visible="true" version="1" changeset="96725193" timestamp="2020-12-31T10:49:44Z" user="mulgist" uid="12368943" lat="35.0203507" lon="126.7984331"/>
 <node id="8277939276" visible="true" version="1" changeset="96725193" timestamp="2020-12-31T10:49:44Z" user="mulgist" uid="12368943" lat="35.0203507" lon="126.7984760"/>
 <node id="8277939277" visible="true" version="1" changeset="96725193" timestamp="2020-12-31T10:49:44Z" user="mulgist" uid="12368943" lat="35.0202456" lon="126.7987394"/>
 <node id="8277939278" visible="true" version="2" changeset="176319095" timestamp="2025-12-23T17:30:15Z" user="aaei924" uid="10626814" lat="35.0207920" lon="126.7990688"/>
 <node id="8277939279" visible="true" version="2" changeset="176319095" timestamp="2025-12-23T17:30:15Z" user="aaei924" uid="10626814" lat="35.0207847" lon="126.7991449"/>
 <node id="8277939280" visible="true" version="2" changeset="176319095" timestamp="2025-12-23T17:30:15Z" user="aaei924" uid="10626814" lat="35.0207978" lon="126.7991714"/>
 <node id="8277939281" visible="true" version="2" changeset="176319095" timestamp="2025-12-23T17:30:15Z" user="aaei924" uid="10626814" lat="35.0209731" lon="126.7991856"/>
 <node id="8277939282" visible="true" version="2" changeset="176319095" timestamp="2025-12-23T17:30:15Z" user="aaei924" uid="10626814" lat="35.0210268" lon="126.7991573"/>
 <node id="8277939283" visible="true" version="2" changeset="176319095" timestamp="2025-12-23T17:30:15Z" user="aaei924" uid="10626814" lat="35.0210370" lon="126.7991481"/>
 <node id="8277939284" visible="true" version="2" changeset="176319095" timestamp="2025-12-23T17:30:15Z" user="aaei924" uid="10626814" lat="35.0210354" lon="126.7993519"/>
 <node id="8277939285" visible="true" version="2" changeset="176319095" timestamp="2025-12-23T17:30:15Z" user="aaei924" uid="10626814" lat="35.0209934" lon="126.7993236"/>
 <node id="8277939286" visible="true" version="2" changeset="176319095" timestamp="2025-12-23T17:30:15Z" user="aaei924" uid="10626814" lat="35.0209485" lon="126.7993183"/>
 <node id="8277939287" visible="true" version="2" changeset="176319095" timestamp="2025-12-23T17:30:15Z" user="aaei924" uid="10626814" lat="35.0207992" lon="126.7993360"/>
 <node id="8277939288" visible="true" version="2" changeset="176319095" timestamp="2025-12-23T17:30:15Z" user="aaei924" uid="10626814" lat="35.0207862" lon="126.7993537"/>
 <node id="8277939289" visible="true" version="1" changeset="96725193" timestamp="2020-12-31T10:49:44Z" user="mulgist" uid="12368943" lat="35.0208281" lon="126.8007220"/>
 <node id="8277939290" visible="true" version="1" changeset="96725193" timestamp="2020-12-31T10:49:44Z" user="mulgist" uid="12368943" lat="35.0208248" lon="126.7996216"/>
 <node id="8277939291" visible="true" version="1" changeset="96725193" timestamp="2020-12-31T10:49:44Z" user="mulgist" uid="12368943" lat="35.0207532" lon="126.7993777"/>
 <node id="8277939292" visible="true" version="1" changeset="96725193" timestamp="2020-12-31T10:49:44Z" user="mulgist" uid="12368943" lat="35.0207365" lon="126.7993370"/>
 <node id="8277939293" visible="true" version="1" changeset="96725193" timestamp="2020-12-31T10:49:44Z" user="mulgist" uid="12368943" lat="35.0207032" lon="126.7993167"/>
 <node id="8277939294" visible="true" version="1" changeset="96725193" timestamp="2020-12-31T10:49:44Z" user="mulgist" uid="12368943" lat="35.0206433" lon="126.7992984"/>
 <node id="8277939295" visible="true" version="1" changeset="96725193" timestamp="2020-12-31T10:49:44Z" user="mulgist" uid="12368943" lat="35.0206083" lon="126.7992984"/>
 <node id="8277939296" visible="true" version="1" changeset="96725193" timestamp="2020-12-31T10:49:44Z" user="mulgist" uid="12368943" lat="35.0205850" lon="126.7994813"/>
 <node id="8277939297" visible="true" version="1" changeset="96725193" timestamp="2020-12-31T10:49:44Z" user="mulgist" uid="12368943" lat="35.0205767" lon="126.7995952"/>
 <node id="8277939298" visible="true" version="1" changeset="96725193" timestamp="2020-12-31T10:49:44Z" user="mulgist" uid="12368943" lat="35.0205750" lon="126.8007030"/>
 <node id="8277939299" visible="true" version="1" changeset="96725193" timestamp="2020-12-31T10:49:44Z" user="mulgist" uid="12368943" lat="35.0204918" lon="126.8005898"/>
 <node id="8277939300" visible="true" version="1" changeset="96725193" timestamp="2020-12-31T10:49:44Z" user="mulgist" uid="12368943" lat="35.0204935" lon="126.8003296"/>
 <node id="8277939301" visible="true" version="1" changeset="96725193" timestamp="2020-12-31T10:49:44Z" user="mulgist" uid="12368943" lat="35.0205168" lon="126.8003317"/>
 <node id="8277939302" visible="true" version="1" changeset="96725193" timestamp="2020-12-31T10:49:44Z" user="mulgist" uid="12368943" lat="35.0205800" lon="126.7995505"/>
 <node id="8277939303" visible="true" version="1" changeset="96725193" timestamp="2020-12-31T10:49:44Z" user="mulgist" uid="12368943" lat="35.0205051" lon="126.7992685"/>
 <node id="8277939304" visible="true" version="1" changeset="96725193" timestamp="2020-12-31T10:49:44Z" user="mulgist" uid="12368943" lat="35.0203237" lon="126.7991221"/>
 <node id="8277939305" visible="true" version="1" changeset="96725193" timestamp="2020-12-31T10:49:44Z" user="mulgist" uid="12368943" lat="35.0204834" lon="126.7992951"/>
 <node id="8277939306" visible="true" version="1" changeset="96725193" timestamp="2020-12-31T10:49:44Z" user="mulgist" uid="12368943" lat="35.0206002" lon="126.7993620"/>
 <node id="8277939307" visible="true" version="1" changeset="96725193" timestamp="2020-12-31T10:49:44Z" user="mulgist" uid="12368943" lat="35.0202346" lon="126.7990224"/>
 <node id="8277939308" visible="true" version="1" changeset="96725193" timestamp="2020-12-31T10:49:44Z" user="mulgist" uid="12368943" lat="35.0201224" lon="126.7989762"/>
 <node id="8277939309" visible="true" version="1" changeset="96725193" timestamp="2020-12-31T10:49:44Z" user="mulgist" uid="12368943" lat="35.0200050" lon="126.7989639"/>
 <node id="8277939310" visible="true" version="1" changeset="96725193" timestamp="2020-12-31T10:49:44Z" user="mulgist" uid="12368943" lat="35.0198822" lon="126.7990039"/>
 <node id="8277939311" visible="true" version="1" changeset="96725193" timestamp="2020-12-31T10:49:44Z" user="mulgist" uid="12368943" lat="35.0197863" lon="126.7990594"/>
 <node id="8277939312" visible="true" version="1" changeset="96725193" timestamp="2020-12-31T10:49:44Z" user="mulgist" uid="12368943" lat="35.0197283" lon="126.7991164"/>
 <node id="8277939313" visible="true" version="1" changeset="96725193" timestamp="2020-12-31T10:49:44Z" user="mulgist" uid="12368943" lat="35.0198141" lon="126.7992211"/>
 <node id="8277939314" visible="true" version="1" changeset="96725193" timestamp="2020-12-31T10:49:44Z" user="mulgist" uid="12368943" lat="35.0198658" lon="126.7992581"/>
 <node id="8277939315" visible="true" version="1" changeset="96725193" timestamp="2020-12-31T10:49:44Z" user="mulgist" uid="12368943" lat="35.0198721" lon="126.7993074"/>
 <node id="8277939316" visible="true" version="1" changeset="96725193" timestamp="2020-12-31T10:49:44Z" user="mulgist" uid="12368943" lat="35.0198733" lon="126.7993806"/>
 <node id="8278019817" visible="true" version="1" changeset="96725193" timestamp="2020-12-31T10:49:44Z" user="mulgist" uid="12368943" lat="35.0198872" lon="126.7994653"/>
 <node id="8278019818" visible="true" version="1" changeset="96725193" timestamp="2020-12-31T10:49:44Z" user="mulgist" uid="12368943" lat="35.0198948" lon="126.7995316"/>
 <node id="8278019819" visible="true" version="1" changeset="96725193" timestamp="2020-12-31T10:49:44Z" user="mulgist" uid="12368943" lat="35.0198670" lon="126.7996055"/>
 <node id="8278019820" visible="true" version="1" changeset="96725193" timestamp="2020-12-31T10:49:44Z" user="mulgist" uid="12368943" lat="35.0198153" lon="126.7996517"/>
 <node id="8278019821" visible="true" version="1" changeset="96725193" timestamp="2020-12-31T10:49:44Z" user="mulgist" uid="12368943" lat="35.0197434" lon="126.7996656"/>
 <node id="8278019822" visible="true" version="1" changeset="96725193" timestamp="2020-12-31T10:49:44Z" user="mulgist" uid="12368943" lat="35.0196917" lon="126.7996733"/>
 <node id="8278019823" visible="true" version="1" changeset="96725193" timestamp="2020-12-31T10:49:44Z" user="mulgist" uid="12368943" lat="35.0196740" lon="126.7996945"/>
 <node id="8278019824" visible="true" version="1" changeset="96725193" timestamp="2020-12-31T10:49:44Z" user="mulgist" uid="12368943" lat="35.0196728" lon="126.7997469"/>
 <node id="8278019825" visible="true" version="1" changeset="96725193" timestamp="2020-12-31T10:49:44Z" user="mulgist" uid="12368943" lat="35.0197056" lon="126.7997869"/>
 <node id="8278019826" visible="true" version="1" changeset="96725193" timestamp="2020-12-31T10:49:44Z" user="mulgist" uid="12368943" lat="35.0197459" lon="126.7998302"/>
 <node id="8278019827" visible="true" version="1" changeset="96725193" timestamp="2020-12-31T10:49:44Z" user="mulgist" uid="12368943" lat="35.0198241" lon="126.7998702"/>
 <node id="8278019828" visible="true" version="1" changeset="96725193" timestamp="2020-12-31T10:49:44Z" user="mulgist" uid="12368943" lat="35.0198721" lon="126.7999087"/>
 <node id="8278019829" visible="true" version="1" changeset="96725193" timestamp="2020-12-31T10:49:44Z" user="mulgist" uid="12368943" lat="35.0198860" lon="126.7999688"/>
 <node id="8278019830" visible="true" version="1" changeset="96725193" timestamp="2020-12-31T10:49:44Z" user="mulgist" uid="12368943" lat="35.0198847" lon="126.8000689"/>
 <node id="8278019831" visible="true" version="1" changeset="96725193" timestamp="2020-12-31T10:49:44Z" user="mulgist" uid="12368943" lat="35.0198696" lon="126.8000967"/>
 <node id="8278019832" visible="true" version="1" changeset="96725193" timestamp="2020-12-31T10:49:44Z" user="mulgist" uid="12368943" lat="35.0198771" lon="126.8001679"/>
 <node id="8278019833" visible="true" version="1" changeset="96725193" timestamp="2020-12-31T10:49:44Z" user="mulgist" uid="12368943" lat="35.0198658" lon="126.8002419"/>
 <node id="8278019834" visible="true" version="1" changeset="96725193" timestamp="2020-12-31T10:49:44Z" user="mulgist" uid="12368943" lat="35.0198355" lon="126.8003035"/>
 <node id="8278019835" visible="true" version="1" changeset="96725193" timestamp="2020-12-31T10:49:44Z" user="mulgist" uid="12368943" lat="35.0198027" lon="126.8003374"/>
 <node id="8278019836" visible="true" version="1" changeset="96725193" timestamp="2020-12-31T10:49:44Z" user="mulgist" uid="12368943" lat="35.0197648" lon="126.8003651"/>
 <node id="8278019837" visible="true" version="1" changeset="96725193" timestamp="2020-12-31T10:49:44Z" user="mulgist" uid="12368943" lat="35.0197396" lon="126.8003867"/>
 <node id="8278019838" visible="true" version="1" changeset="96725193" timestamp="2020-12-31T10:49:44Z" user="mulgist" uid="12368943" lat="35.0197270" lon="126.8004129"/>
 <node id="8278019839" visible="true" version="1" changeset="96725193" timestamp="2020-12-31T10:49:44Z" user="mulgist" uid="12368943" lat="35.0197131" lon="126.8004575"/>
 <node id="8278019840" visible="true" version="1" changeset="96725193" timestamp="2020-12-31T10:49:44Z" user="mulgist" uid="12368943" lat="35.0197245" lon="126.8004945"/>
 <node id="8278019841" visible="true" version="1" changeset="96725193" timestamp="2020-12-31T10:49:44Z" user="mulgist" uid="12368943" lat="35.0197724" lon="126.8005315"/>
 <node id="8278019842" visible="true" version="1" changeset="96725193" timestamp="2020-12-31T10:49:44Z" user="mulgist" uid="12368943" lat="35.0198241" lon="126.8005438"/>
 <node id="8278019843" visible="true" version="1" changeset="96725193" timestamp="2020-12-31T10:49:44Z" user="mulgist" uid="12368943" lat="35.0198607" lon="126.8005746"/>
 <node id="8278019844" visible="true" version="1" changeset="96725193" timestamp="2020-12-31T10:49:44Z" user="mulgist" uid="12368943" lat="35.0198948" lon="126.8006100"/>
 <node id="8278019845" visible="true" version="1" changeset="96725193" timestamp="2020-12-31T10:49:44Z" user="mulgist" uid="12368943" lat="35.0199276" lon="126.8006378"/>
 <node id="8278019846" visible="true" version="1" changeset="96725193" timestamp="2020-12-31T10:49:44Z" user="mulgist" uid="12368943" lat="35.0199364" lon="126.8006486"/>
 <node id="8278019847" visible="true" version="1" changeset="96725193" timestamp="2020-12-31T10:49:44Z" user="mulgist" uid="12368943" lat="35.0202658" lon="126.7990573">
  <tag k="highway" v="crossing"/>
 </node>
 <node id="8278019855" visible="true" version="1" changeset="96725193" timestamp="2020-12-31T10:49:44Z" user="mulgist" uid="12368943" lat="35.0199471" lon="126.7989765"/>
 <node id="8278019856" visible="true" version="1" changeset="96725193" timestamp="2020-12-31T10:49:44Z" user="mulgist" uid="12368943" lat="35.0199389" lon="126.8007297"/>
 <node id="8278019857" visible="true" version="1" changeset="96725193" timestamp="2020-12-31T10:49:44Z" user="mulgist" uid="12368943" lat="35.0199454" lon="126.7992387"/>
 <node id="8278019858" visible="true" version="1" changeset="96725193" timestamp="2020-12-31T10:49:44Z" user="mulgist" uid="12368943" lat="35.0199433" lon="126.7995793"/>
 <node id="8278019859" visible="true" version="1" changeset="96725193" timestamp="2020-12-31T10:49:44Z" user="mulgist" uid="12368943" lat="35.0198878" lon="126.7995501"/>
 <node id="8278019895" visible="true" version="1" changeset="96725193" timestamp="2020-12-31T10:49:44Z" user="mulgist" uid="12368943" lat="35.0178057" lon="126.7986841"/>
 <node id="8278019920" visible="true" version="1" changeset="96725193" timestamp="2020-12-31T10:49:44Z" user="mulgist" uid="12368943" lat="35.0177903" lon="126.8006073"/>
 <node id="8278019983" visible="true" version="1" changeset="96725193" timestamp="2020-12-31T10:49:44Z" user="mulgist" uid="12368943" lat="35.0195944" lon="126.7975544"/>
 <node id="8278019988" visible="true" version="1" changeset="96725193" timestamp="2020-12-31T10:49:44Z" user="mulgist" uid="12368943" lat="35.0199478" lon="126.8007732"/>
 <node id="8278019989" visible="true" version="1" changeset="96725193" timestamp="2020-12-31T10:49:44Z" user="mulgist" uid="12368943" lat="35.0201686" lon="126.8007685"/>
 <node id="8278019990" visible="true" version="1" changeset="96725193" timestamp="2020-12-31T10:49:44Z" user="mulgist" uid="12368943" lat="35.0201773" lon="126.7989988"/>
 <node id="8278019991" visible="true" version="1" changeset="96725193" timestamp="2020-12-31T10:49:44Z" user="mulgist" uid="12368943" lat="35.0205758" lon="126.8001938"/>
 <node id="8278019992" visible="true" version="1" changeset="96725193" timestamp="2020-12-31T10:49:44Z" user="mulgist" uid="12368943" lat="35.0205184" lon="126.8001937"/>
 <node id="8278019994" visible="true" version="1" changeset="96725193" timestamp="2020-12-31T10:49:44Z" user="mulgist" uid="12368943" lat="35.0215857" lon="126.7975208"/>
 <node id="8278019995" visible="true" version="1" changeset="96725193" timestamp="2020-12-31T10:49:44Z" user="mulgist" uid="12368943" lat="35.0208664" lon="126.7975280"/>
 <node id="8278019996" visible="true" version="1" changeset="96725193" timestamp="2020-12-31T10:49:44Z" user="mulgist" uid="12368943" lat="35.0208664" lon="126.7975515"/>
 <node id="8278019997" visible="true" version="2" changeset="176319095" timestamp="2025-12-23T17:30:15Z" user="aaei924" uid="10626814" lat="35.0210514" lon="126.7975562"/>
 <node id="8278019998" visible="true" version="1" changeset="96725193" timestamp="2020-12-31T10:49:44Z" user="mulgist" uid="12368943" lat="35.0206612" lon="126.7976291"/>
 <node id="8278019999" visible="true" version="1" changeset="96725193" timestamp="2020-12-31T10:49:44Z" user="mulgist" uid="12368943" lat="35.0208003" lon="126.7976415"/>
 <node id="8278020000" visible="true" version="1" changeset="96725193" timestamp="2020-12-31T10:49:44Z" user="mulgist" uid="12368943" lat="35.0208337" lon="126.7977159"/>
 <node id="8278020001" visible="true" version="1" changeset="96725193" timestamp="2020-12-31T10:49:44Z" user="mulgist" uid="12368943" lat="35.0208235" lon="126.7978327"/>
 <node id="8278020002" visible="true" version="1" changeset="96725193" timestamp="2020-12-31T10:49:44Z" user="mulgist" uid="12368943" lat="35.0207569" lon="126.7979530"/>
 <node id="8278020003" visible="true" version="1" changeset="96725193" timestamp="2020-12-31T10:49:44Z" user="mulgist" uid="12368943" lat="35.0207598" lon="126.7988651"/>
 <node id="8278020062" visible="true" version="1" changeset="96725193" timestamp="2020-12-31T10:49:44Z" user="mulgist" uid="12368943" lat="35.0177938" lon="126.7987359"/>
 <node id="8278020063" visible="true" version="1" changeset="96725193" timestamp="2020-12-31T10:49:44Z" user="mulgist" uid="12368943" lat="35.0177881" lon="126.7990931"/>
 <node id="8278020064" visible="true" version="1" changeset="96725193" timestamp="2020-12-31T10:49:44Z" user="mulgist" uid="12368943" lat="35.0177594" lon="126.7992146"/>
 <node id="8278020065" visible="true" version="1" changeset="96725193" timestamp="2020-12-31T10:49:44Z" user="mulgist" uid="12368943" lat="35.0177938" lon="126.8007138"/>
 <node id="8278020066" visible="true" version="1" changeset="96725193" timestamp="2020-12-31T10:49:44Z" user="mulgist" uid="12368943" lat="35.0178110" lon="126.8007652"/>
 <node id="8278020067" visible="true" version="1" changeset="96725193" timestamp="2020-12-31T10:49:44Z" user="mulgist" uid="12368943" lat="35.0178531" lon="126.8008002"/>
 <node id="8278020068" visible="true" version="1" changeset="96725193" timestamp="2020-12-31T10:49:44Z" user="mulgist" uid="12368943" lat="35.0184645" lon="126.8009450"/>
 <node id="8278020069" visible="true" version="1" changeset="96725193" timestamp="2020-12-31T10:49:44Z" user="mulgist" uid="12368943" lat="35.0186328" lon="126.8010127"/>
 <node id="8278020070" visible="true" version="1" changeset="96725193" timestamp="2020-12-31T10:49:44Z" user="mulgist" uid="12368943" lat="35.0203362" lon="126.8010243"/>
 <node id="8278020071" visible="true" version="1" changeset="96725193" timestamp="2020-12-31T10:49:44Z" user="mulgist" uid="12368943" lat="35.0204547" lon="126.8009823"/>
 <node id="8278020072" visible="true" version="2" changeset="176319095" timestamp="2025-12-23T17:30:15Z" user="aaei924" uid="10626814" lat="35.0209475" lon="126.8009808"/>
 <node id="8278020073" visible="true" version="2" changeset="176319095" timestamp="2025-12-23T17:30:15Z" user="aaei924" uid="10626814" lat="35.0209953" lon="126.8009552"/>
 <node id="8278020074" visible="true" version="2" changeset="176319095" timestamp="2025-12-23T17:30:15Z" user="aaei924" uid="10626814" lat="35.0210355" lon="126.8009131"/>
 <node id="8278020075" visible="true" version="2" changeset="176319095" timestamp="2025-12-23T17:30:15Z" user="aaei924" uid="10626814" lat="35.0210584" lon="126.8008548"/>
 <node id="8278020076" visible="true" version="2" changeset="176319095" timestamp="2025-12-23T17:30:15Z" user="aaei924" uid="10626814" lat="35.0210528" lon="126.7994083"/>
 <node id="8278020077" visible="true" version="2" changeset="176319095" timestamp="2025-12-23T17:30:15Z" user="aaei924" uid="10626814" lat="35.0210369" lon="126.7992441">
  <tag k="crossing" v="marked"/>
  <tag k="highway" v="crossing"/>
 </node>
 <node id="8278020078" visible="true" version="2" changeset="176319095" timestamp="2025-12-23T17:30:15Z" user="aaei924" uid="10626814" lat="35.0210596" lon="126.7991080"/>
 <node id="8278020079" visible="true" version="2" changeset="176319095" timestamp="2025-12-23T17:30:15Z" user="aaei924" uid="10626814" lat="35.0210688" lon="126.7990450"/>
 <node id="8278020080" visible="true" version="2" changeset="176319095" timestamp="2025-12-23T17:30:15Z" user="aaei924" uid="10626814" lat="35.0210613" lon="126.7986627"/>
 <node id="8278020081" visible="true" version="2" changeset="176319095" timestamp="2025-12-23T17:30:15Z" user="aaei924" uid="10626814" lat="35.0210787" lon="126.7985580"/>
 <node id="8278020082" visible="true" version="2" changeset="176319095" timestamp="2025-12-23T17:30:15Z" user="aaei924" uid="10626814" lat="35.0210824" lon="126.7979711"/>
 <node id="8278020083" visible="true" version="1" changeset="96725193" timestamp="2020-12-31T10:49:44Z" user="mulgist" uid="12368943" lat="35.0210786" lon="126.7953344"/>
 <node id="8278020084" visible="true" version="1" changeset="96725193" timestamp="2020-12-31T10:49:44Z" user="mulgist" uid="12368943" lat="35.0210544" lon="126.7952104"/>
 <node id="8278020085" visible="true" version="1" changeset="96725193" timestamp="2020-12-31T10:49:44Z" user="mulgist" uid="12368943" lat="35.0210394" lon="126.7945999"/>
 <node id="8278020086" visible="true" version="1" changeset="96725193" timestamp="2020-12-31T10:49:44Z" user="mulgist" uid="12368943" lat="35.0210277" lon="126.7945460"/>
 <node id="8278020087" visible="true" version="1" changeset="96725193" timestamp="2020-12-31T10:49:44Z" user="mulgist" uid="12368943" lat="35.0209969" lon="126.7945043"/>
 <node id="8278020088" visible="true" version="1" changeset="96725193" timestamp="2020-12-31T10:49:44Z" user="mulgist" uid="12368943" lat="35.0209519" lon="126.7944932"/>
 <node id="8278020089" visible="true" version="1" changeset="96725193" timestamp="2020-12-31T10:49:44Z" user="mulgist" uid="12368943" lat="35.0203292" lon="126.7944962"/>
 <node id="8278020090" visible="true" version="1" changeset="96725193" timestamp="2020-12-31T10:49:44Z" user="mulgist" uid="12368943" lat="35.0201902" lon="126.7944962"/>
 <node id="8278020091" visible="true" version="1" changeset="96725193" timestamp="2020-12-31T10:49:44Z" user="mulgist" uid="12368943" lat="35.0202464" lon="126.7944962">
  <tag k="crossing" v="marked"/>
  <tag k="highway" v="crossing"/>
 </node>
 <node id="8278020092" visible="true" version="1" changeset="96725193" timestamp="2020-12-31T10:49:44Z" user="mulgist" uid="12368943" lat="35.0193552" lon="126.7944891"/>
 <node id="8278020094" visible="true" version="2" changeset="144332579" timestamp="2023-11-22T16:15:50Z" user="asdfqwer51" uid="3350410" lat="35.0191483" lon="126.7941354"/>
 <node id="8278020095" visible="true" version="2" changeset="144332579" timestamp="2023-11-22T16:15:50Z" user="asdfqwer51" uid="3350410" lat="35.0191567" lon="126.7942869">
  <tag k="crossing" v="marked"/>
  <tag k="highway" v="crossing"/>
 </node>
 <node id="8278020096" visible="true" version="3" changeset="144332579" timestamp="2023-11-22T16:15:50Z" user="asdfqwer51" uid="3350410" lat="35.0178184" lon="126.7936111">
  <tag k="crossing" v="marked"/>
  <tag k="highway" v="crossing"/>
 </node>
 <node id="8278020159" visible="true" version="1" changeset="96725193" timestamp="2020-12-31T10:49:44Z" user="mulgist" uid="12368943" lat="35.0206170" lon="126.7961833"/>
 <node id="8278020160" visible="true" version="1" changeset="96725193" timestamp="2020-12-31T10:49:44Z" user="mulgist" uid="12368943" lat="35.0205242" lon="126.7960577"/>
 <node id="8278020161" visible="true" version="1" changeset="96725193" timestamp="2020-12-31T10:49:44Z" user="mulgist" uid="12368943" lat="35.0204547" lon="126.7959604"/>
 <node id="8278020162" visible="true" version="2" changeset="144326721" timestamp="2023-11-22T13:28:24Z" user="asdfqwer51" uid="3350410" lat="35.0203398" lon="126.7957308"/>
 <node id="8278020163" visible="true" version="2" changeset="144326721" timestamp="2023-11-22T13:28:24Z" user="asdfqwer51" uid="3350410" lat="35.0210335" lon="126.7945725"/>
 <node id="8278020164" visible="true" version="2" changeset="144326721" timestamp="2023-11-22T13:28:24Z" user="asdfqwer51" uid="3350410" lat="35.0207804" lon="126.7948432"/>
 <node id="8278020165" visible="true" version="2" changeset="144326721" timestamp="2023-11-22T13:28:24Z" user="asdfqwer51" uid="3350410" lat="35.0204383" lon="126.7953634"/>
 <node id="8278020166" visible="true" version="2" changeset="144326721" timestamp="2023-11-22T13:28:24Z" user="asdfqwer51" uid="3350410" lat="35.0204079" lon="126.7954183"/>
 <node id="8278020167" visible="true" version="2" changeset="144326721" timestamp="2023-11-22T13:28:24Z" user="asdfqwer51" uid="3350410" lat="35.0198928" lon="126.7962123"/>
 <node id="8278020169" visible="true" version="2" changeset="144326721" timestamp="2023-11-22T13:28:24Z" user="asdfqwer51" uid="3350410" lat="35.0199904" lon="126.7954410"/>
 <node id="8278020170" visible="true" version="2" changeset="144326721" timestamp="2023-11-22T13:28:24Z" user="asdfqwer51" uid="3350410" lat="35.0199817" lon="126.7954491"/>
 <node id="8278020171" visible="true" version="2" changeset="144326721" timestamp="2023-11-22T13:28:24Z" user="asdfqwer51" uid="3350410" lat="35.0199757" lon="126.7954602"/>
 <node id="8278020172" visible="true" version="2" changeset="144326721" timestamp="2023-11-22T13:28:24Z" user="asdfqwer51" uid="3350410" lat="35.0199730" lon="126.7954730"/>
 <node id="8278020173" visible="true" version="2" changeset="144326721" timestamp="2023-11-22T13:28:24Z" user="asdfqwer51" uid="3350410" lat="35.0200163" lon="126.7955154"/>
 <node id="8278020174" visible="true" version="2" changeset="144326721" timestamp="2023-11-22T13:28:24Z" user="asdfqwer51" uid="3350410" lat="35.0200260" lon="126.7955093"/>
 <node id="8278020175" visible="true" version="2" changeset="144326721" timestamp="2023-11-22T13:28:24Z" user="asdfqwer51" uid="3350410" lat="35.0200336" lon="126.7954996"/>
 <node id="8278020176" visible="true" version="2" changeset="144326721" timestamp="2023-11-22T13:28:24Z" user="asdfqwer51" uid="3350410" lat="35.0200382" lon="126.7954873"/>
 <node id="8278020177" visible="true" version="2" changeset="144326721" timestamp="2023-11-22T13:28:24Z" user="asdfqwer51" uid="3350410" lat="35.0199738" lon="126.7954863"/>
 <node id="8278020178" visible="true" version="2" changeset="144326721" timestamp="2023-11-22T13:28:24Z" user="asdfqwer51" uid="3350410" lat="35.0199780" lon="126.7954986"/>
 <node id="8278020179" visible="true" version="2" changeset="144326721" timestamp="2023-11-22T13:28:24Z" user="asdfqwer51" uid="3350410" lat="35.0199853" lon="126.7955085"/>
 <node id="8278020180" visible="true" version="2" changeset="144326721" timestamp="2023-11-22T13:28:24Z" user="asdfqwer51" uid="3350410" lat="35.0199948" lon="126.7955150"/>
 <node id="8278020181" visible="true" version="2" changeset="144326721" timestamp="2023-11-22T13:28:24Z" user="asdfqwer51" uid="3350410" lat="35.0200055" lon="126.7955174"/>
 <node id="8278020182" visible="true" version="2" changeset="144326721" timestamp="2023-11-22T13:28:24Z" user="asdfqwer51" uid="3350410" lat="35.0200393" lon="126.7954740"/>
 <node id="8278020183" visible="true" version="2" changeset="144326721" timestamp="2023-11-22T13:28:24Z" user="asdfqwer51" uid="3350410" lat="35.0200367" lon="126.7954609"/>
 <node id="8278020184" visible="true" version="2" changeset="144326721" timestamp="2023-11-22T13:28:24Z" user="asdfqwer51" uid="3350410" lat="35.0200308" lon="126.7954496"/>
 <node id="8278020185" visible="true" version="2" changeset="144326721" timestamp="2023-11-22T13:28:24Z" user="asdfqwer51" uid="3350410" lat="35.0200222" lon="126.7954412"/>
 <node id="8278020186" visible="true" version="2" changeset="144326721" timestamp="2023-11-22T13:28:24Z" user="asdfqwer51" uid="3350410" lat="35.0200118" lon="126.7954368"/>
 <node id="8278020187" visible="true" version="2" changeset="144326721" timestamp="2023-11-22T13:28:24Z" user="asdfqwer51" uid="3350410" lat="35.0200008" lon="126.7954367"/>
 <node id="8278020188" visible="true" version="2" changeset="144326721" timestamp="2023-11-22T13:28:24Z" user="asdfqwer51" uid="3350410" lat="35.0200103" lon="126.7955165"/>
 <node id="8278020189" visible="true" version="2" changeset="144326721" timestamp="2023-11-22T13:28:24Z" user="asdfqwer51" uid="3350410" lat="35.0200561" lon="126.7957330"/>
 <node id="8278020190" visible="true" version="2" changeset="144326721" timestamp="2023-11-22T13:28:24Z" user="asdfqwer51" uid="3350410" lat="35.0200775" lon="126.7957464"/>
 <node id="8278020191" visible="true" version="2" changeset="144326721" timestamp="2023-11-22T13:28:24Z" user="asdfqwer51" uid="3350410" lat="35.0200923" lon="126.7957996"/>
 <node id="8278020192" visible="true" version="2" changeset="144326721" timestamp="2023-11-22T13:28:24Z" user="asdfqwer51" uid="3350410" lat="35.0201635" lon="126.7959208"/>
 <node id="8281350591" visible="true" version="1" changeset="96780587" timestamp="2021-01-01T17:12:51Z" user="mulgist" uid="12368943" lat="35.0130339" lon="126.7955279"/>
 <node id="8281350611" visible="true" version="1" changeset="96780587" timestamp="2021-01-01T17:12:51Z" user="mulgist" uid="12368943" lat="35.0129203" lon="126.7955272"/>
 <node id="8281390443" visible="true" version="1" changeset="96780587" timestamp="2021-01-01T17:12:51Z" user="mulgist" uid="12368943" lat="35.0250323" lon="126.7962578"/>
 <node id="8281390444" visible="true" version="1" changeset="96780587" timestamp="2021-01-01T17:12:51Z" user="mulgist" uid="12368943" lat="35.0249715" lon="126.7960974"/>
 <node id="8281390445" visible="true" version="1" changeset="96780587" timestamp="2021-01-01T17:12:51Z" user="mulgist" uid="12368943" lat="35.0247624" lon="126.7962157"/>
 <node id="8281390446" visible="true" version="1" changeset="96780587" timestamp="2021-01-01T17:12:51Z" user="mulgist" uid="12368943" lat="35.0248233" lon="126.7963761"/>
 <node id="8281390447" visible="true" version="1" changeset="96780587" timestamp="2021-01-01T17:12:51Z" user="mulgist" uid="12368943" lat="35.0252785" lon="126.7956250"/>
 <node id="8281390448" visible="true" version="1" changeset="96780587" timestamp="2021-01-01T17:12:51Z" user="mulgist" uid="12368943" lat="35.0249309" lon="126.7958247"/>
 <node id="8281390449" visible="true" version="1" changeset="96780587" timestamp="2021-01-01T17:12:51Z" user="mulgist" uid="12368943" lat="35.0250919" lon="126.7962425"/>
 <node id="8281390450" visible="true" version="1" changeset="96780587" timestamp="2021-01-01T17:12:51Z" user="mulgist" uid="12368943" lat="35.0254395" lon="126.7960428"/>
 <node id="8281390451" visible="true" version="1" changeset="96780587" timestamp="2021-01-01T17:12:51Z" user="mulgist" uid="12368943" lat="35.0246082" lon="126.7940077"/>
 <node id="8281390452" visible="true" version="1" changeset="96780587" timestamp="2021-01-01T17:12:51Z" user="mulgist" uid="12368943" lat="35.0244158" lon="126.7941265"/>
 <node id="8281390453" visible="true" version="1" changeset="96780587" timestamp="2021-01-01T17:12:51Z" user="mulgist" uid="12368943" lat="35.0244613" lon="126.7942361"/>
 <node id="8281390454" visible="true" version="1" changeset="96780587" timestamp="2021-01-01T17:12:51Z" user="mulgist" uid="12368943" lat="35.0246536" lon="126.7941173"/>
 <node id="8281390455" visible="true" version="3" changeset="176319095" timestamp="2025-12-23T17:30:15Z" user="aaei924" uid="10626814" lat="35.0211329" lon="126.7962196"/>
 <node id="8281390459" visible="true" version="1" changeset="96780587" timestamp="2021-01-01T17:12:51Z" user="mulgist" uid="12368943" lat="35.0191907" lon="126.7963885"/>
 <node id="8281390480" visible="true" version="1" changeset="96780587" timestamp="2021-01-01T17:12:51Z" user="mulgist" uid="12368943" lat="35.0192829" lon="126.7942841"/>
 <node id="8315254266" visible="true" version="2" changeset="144333236" timestamp="2023-11-22T16:36:43Z" user="asdfqwer51" uid="3350410" lat="35.0300516" lon="126.7915049"/>
 <node id="8315254287" visible="true" version="1" changeset="97379800" timestamp="2021-01-12T14:19:08Z" user="야광멧돼지" uid="12393144" lat="35.0299600" lon="126.7912599"/>
 <node id="8315254340" visible="true" version="1" changeset="97379800" timestamp="2021-01-12T14:19:08Z" user="야광멧돼지" uid="12393144" lat="35.0326892" lon="126.7960491"/>
 <node id="8315254370" visible="true" version="2" changeset="144334816" timestamp="2023-11-22T17:12:52Z" user="asdfqwer51" uid="3350410" lat="35.0298963" lon="126.7883026"/>
 <node id="8315254371" visible="true" version="2" changeset="144334816" timestamp="2023-11-22T17:12:52Z" user="asdfqwer51" uid="3350410" lat="35.0288021" lon="126.7900714"/>
 <node id="8315254372" visible="true" version="1" changeset="97379800" timestamp="2021-01-12T14:19:08Z" user="야광멧돼지" uid="12393144" lat="35.0296068" lon="126.7914174"/>
 <node id="8315254373" visible="true" version="1" changeset="97379800" timestamp="2021-01-12T14:19:08Z" user="야광멧돼지" uid="12393144" lat="35.0297788" lon="126.7913372"/>
 <node id="8315254374" visible="true" version="1" changeset="97379800" timestamp="2021-01-12T14:19:08Z" user="야광멧돼지" uid="12393144" lat="35.0292307" lon="126.7903220"/>
 <node id="8315254375" visible="true" version="1" changeset="97379800" timestamp="2021-01-12T14:19:08Z" user="야광멧돼지" uid="12393144" lat="35.0292343" lon="126.7900716"/>
 <node id="8315254376" visible="true" version="2" changeset="144334816" timestamp="2023-11-22T17:12:52Z" user="asdfqwer51" uid="3350410" lat="35.0294398" lon="126.7890266"/>
 <node id="8315254377" visible="true" version="2" changeset="144334816" timestamp="2023-11-22T17:12:52Z" user="asdfqwer51" uid="3350410" lat="35.0294625" lon="126.7892804"/>
 <node id="8315254378" visible="true" version="2" changeset="144334816" timestamp="2023-11-22T17:12:52Z" user="asdfqwer51" uid="3350410" lat="35.0293595" lon="126.7891528"/>
 <node id="8315254379" visible="true" version="2" changeset="144334816" timestamp="2023-11-22T17:12:52Z" user="asdfqwer51" uid="3350410" lat="35.0289371" lon="126.7899316"/>
 <node id="8315254380" visible="true" version="4" changeset="144334816" timestamp="2023-11-22T17:12:52Z" user="asdfqwer51" uid="3350410" lat="35.0296464" lon="126.7876631"/>
 <node id="8315254422" visible="true" version="3" changeset="144333236" timestamp="2023-11-22T16:36:43Z" user="asdfqwer51" uid="3350410" lat="35.0287509" lon="126.7908809"/>
 <node id="8315254423" visible="true" version="3" changeset="144333236" timestamp="2023-11-22T16:36:43Z" user="asdfqwer51" uid="3350410" lat="35.0276845" lon="126.7921308"/>
 <node id="8315254424" visible="true" version="3" changeset="144333236" timestamp="2023-11-22T16:36:43Z" user="asdfqwer51" uid="3350410" lat="35.0280998" lon="126.7930526"/>
 <node id="8315254425" visible="true" version="3" changeset="144333236" timestamp="2023-11-22T16:36:43Z" user="asdfqwer51" uid="3350410" lat="35.0283829" lon="126.7937888"/>
 <node id="8315254426" visible="true" version="3" changeset="144333236" timestamp="2023-11-22T16:36:43Z" user="asdfqwer51" uid="3350410" lat="35.0284626" lon="126.7938200"/>
 <node id="8315254427" visible="true" version="3" changeset="144333236" timestamp="2023-11-22T16:36:43Z" user="asdfqwer51" uid="3350410" lat="35.0297253" lon="126.7931113"/>
 <node id="8315254428" visible="true" version="3" changeset="144333236" timestamp="2023-11-22T16:36:43Z" user="asdfqwer51" uid="3350410" lat="35.0292278" lon="126.7918535"/>
 <node id="8315254429" visible="true" version="1" changeset="97379800" timestamp="2021-01-12T14:19:08Z" user="야광멧돼지" uid="12393144" lat="35.0277558" lon="126.7915612"/>
 <node id="8315254430" visible="true" version="1" changeset="97379800" timestamp="2021-01-12T14:19:08Z" user="야광멧돼지" uid="12393144" lat="35.0274253" lon="126.7911430"/>
 <node id="8315254431" visible="true" version="1" changeset="97379800" timestamp="2021-01-12T14:19:08Z" user="야광멧돼지" uid="12393144" lat="35.0272021" lon="126.7914060"/>
 <node id="8315254432" visible="true" version="1" changeset="97379800" timestamp="2021-01-12T14:19:08Z" user="야광멧돼지" uid="12393144" lat="35.0272818" lon="126.7914566"/>
 <node id="8315254433" visible="true" version="1" changeset="97379800" timestamp="2021-01-12T14:19:08Z" user="야광멧돼지" uid="12393144" lat="35.0273400" lon="126.7915303"/>
 <node id="8315254434" visible="true" version="1" changeset="97379800" timestamp="2021-01-12T14:19:08Z" user="야광멧돼지" uid="12393144" lat="35.0274164" lon="126.7914403"/>
 <node id="8315254435" visible="true" version="1" changeset="97379800" timestamp="2021-01-12T14:19:08Z" user="야광멧돼지" uid="12393144" lat="35.0276295" lon="126.7917100"/>
 <node id="8315254436" visible="true" version="1" changeset="97379800" timestamp="2021-01-12T14:19:08Z" user="야광멧돼지" uid="12393144" lat="35.0274336" lon="126.7911145"/>
 <node id="8315254437" visible="true" version="1" changeset="97379800" timestamp="2021-01-12T14:19:08Z" user="야광멧돼지" uid="12393144" lat="35.0277940" lon="126.7915593"/>
 <node id="8315254438" visible="true" version="1" changeset="97379800" timestamp="2021-01-12T14:19:08Z" user="야광멧돼지" uid="12393144" lat="35.0275324" lon="126.7918755"/>
 <node id="8315254439" visible="true" version="1" changeset="97379800" timestamp="2021-01-12T14:19:08Z" user="야광멧돼지" uid="12393144" lat="35.0271719" lon="126.7914306"/>
 <node id="8420732174" visible="true" version="1" changeset="99219143" timestamp="2021-02-13T16:03:11Z" user="mulgist" uid="12368943" lat="35.0266819" lon="126.7948851"/>
 <node id="8420732175" visible="true" version="1" changeset="99219143" timestamp="2021-02-13T16:03:11Z" user="mulgist" uid="12368943" lat="35.0257722" lon="126.7960053"/>
 <node id="8420732176" visible="true" version="1" changeset="99219143" timestamp="2021-02-13T16:03:11Z" user="mulgist" uid="12368943" lat="35.0260083" lon="126.7959634"/>
 <node id="8420732177" visible="true" version="1" changeset="99219143" timestamp="2021-02-13T16:03:11Z" user="mulgist" uid="12368943" lat="35.0261075" lon="126.7961638"/>
 <node id="8420732178" visible="true" version="1" changeset="99219143" timestamp="2021-02-13T16:03:11Z" user="mulgist" uid="12368943" lat="35.0262931" lon="126.7962274"/>
 <node id="8420732179" visible="true" version="1" changeset="99219143" timestamp="2021-02-13T16:03:11Z" user="mulgist" uid="12368943" lat="35.0249156" lon="126.7898131"/>
 <node id="8420732180" visible="true" version="1" changeset="99219143" timestamp="2021-02-13T16:03:11Z" user="mulgist" uid="12368943" lat="35.0265126" lon="126.7918332"/>
 <node id="8420732181" visible="true" version="1" changeset="99219143" timestamp="2021-02-13T16:03:11Z" user="mulgist" uid="12368943" lat="35.0268537" lon="126.7918420"/>
 <node id="8420732182" visible="true" version="1" changeset="99219143" timestamp="2021-02-13T16:03:11Z" user="mulgist" uid="12368943" lat="35.0269028" lon="126.7919771"/>
 <node id="8420732183" visible="true" version="1" changeset="99219143" timestamp="2021-02-13T16:03:11Z" user="mulgist" uid="12368943" lat="35.0270203" lon="126.7923268"/>
 <node id="8420732184" visible="true" version="1" changeset="99219143" timestamp="2021-02-13T16:03:11Z" user="mulgist" uid="12368943" lat="35.0271000" lon="126.7924870"/>
 <node id="8420732185" visible="true" version="1" changeset="99219143" timestamp="2021-02-13T16:03:11Z" user="mulgist" uid="12368943" lat="35.0273258" lon="126.7927994"/>
 <node id="8420732186" visible="true" version="1" changeset="99219143" timestamp="2021-02-13T16:03:11Z" user="mulgist" uid="12368943" lat="35.0271708" lon="126.7945089"/>
 <node id="8420732187" visible="true" version="1" changeset="99219143" timestamp="2021-02-13T16:03:11Z" user="mulgist" uid="12368943" lat="35.0276490" lon="126.7957252"/>
 <node id="8420732188" visible="true" version="1" changeset="99219143" timestamp="2021-02-13T16:03:11Z" user="mulgist" uid="12368943" lat="35.0279549" lon="126.7955653"/>
 <node id="8420732189" visible="true" version="1" changeset="99219143" timestamp="2021-02-13T16:03:11Z" user="mulgist" uid="12368943" lat="35.0274460" lon="126.7958411"/>
 <node id="8420732190" visible="true" version="1" changeset="99219143" timestamp="2021-02-13T16:03:11Z" user="mulgist" uid="12368943" lat="35.0272891" lon="126.7954103"/>
 <node id="8420732191" visible="true" version="1" changeset="99219143" timestamp="2021-02-13T16:03:11Z" user="mulgist" uid="12368943" lat="35.0269634" lon="126.7955928"/>
 <node id="8420732192" visible="true" version="1" changeset="99219143" timestamp="2021-02-13T16:03:11Z" user="mulgist" uid="12368943" lat="35.0269043" lon="126.7956807"/>
 <node id="8420732193" visible="true" version="1" changeset="99219143" timestamp="2021-02-13T16:03:11Z" user="mulgist" uid="12368943" lat="35.0266261" lon="126.7956541"/>
 <node id="8420732194" visible="true" version="1" changeset="99219143" timestamp="2021-02-13T16:03:11Z" user="mulgist" uid="12368943" lat="35.0263069" lon="126.7961373"/>
 <node id="8420732195" visible="true" version="1" changeset="99219143" timestamp="2021-02-13T16:03:11Z" user="mulgist" uid="12368943" lat="35.0263444" lon="126.7959971"/>
 <node id="8420732196" visible="true" version="1" changeset="99219143" timestamp="2021-02-13T16:03:11Z" user="mulgist" uid="12368943" lat="35.0265121" lon="126.7957198"/>
 <node id="8420732197" visible="true" version="1" changeset="99219143" timestamp="2021-02-13T16:03:11Z" user="mulgist" uid="12368943" lat="35.0265934" lon="126.7956330"/>
 <node id="8420732198" visible="true" version="1" changeset="99219143" timestamp="2021-02-13T16:03:11Z" user="mulgist" uid="12368943" lat="35.0266443" lon="126.7956885"/>
 <node id="8420732199" visible="true" version="1" changeset="99219143" timestamp="2021-02-13T16:03:11Z" user="mulgist" uid="12368943" lat="35.0266005" lon="126.7959128"/>
 <node id="8420732200" visible="true" version="1" changeset="99219143" timestamp="2021-02-13T16:03:11Z" user="mulgist" uid="12368943" lat="35.0265772" lon="126.7961021"/>
 <node id="8420732201" visible="true" version="1" changeset="99219143" timestamp="2021-02-13T16:03:11Z" user="mulgist" uid="12368943" lat="35.0265605" lon="126.7963698"/>
 <node id="8420732202" visible="true" version="1" changeset="99219143" timestamp="2021-02-13T16:03:11Z" user="mulgist" uid="12368943" lat="35.0265564" lon="126.7965952"/>
 <node id="8420732203" visible="true" version="1" changeset="99219143" timestamp="2021-02-13T16:03:11Z" user="mulgist" uid="12368943" lat="35.0265346" lon="126.7967543"/>
 <node id="8420732204" visible="true" version="1" changeset="99219143" timestamp="2021-02-13T16:03:11Z" user="mulgist" uid="12368943" lat="35.0265045" lon="126.7968208"/>
 <node id="8420732205" visible="true" version="1" changeset="99219143" timestamp="2021-02-13T16:03:11Z" user="mulgist" uid="12368943" lat="35.0264730" lon="126.7967700"/>
 <node id="8420732206" visible="true" version="1" changeset="99219143" timestamp="2021-02-13T16:03:11Z" user="mulgist" uid="12368943" lat="35.0263884" lon="126.7965685"/>
 <node id="8420732207" visible="true" version="1" changeset="99219143" timestamp="2021-02-13T16:03:11Z" user="mulgist" uid="12368943" lat="35.0263314" lon="126.7964291"/>
 <node id="8420732208" visible="true" version="1" changeset="99219143" timestamp="2021-02-13T16:03:11Z" user="mulgist" uid="12368943" lat="35.0263002" lon="126.7963119"/>
 <node id="8420732209" visible="true" version="1" changeset="99219143" timestamp="2021-02-13T16:03:11Z" user="mulgist" uid="12368943" lat="35.0262091" lon="126.7970078"/>
 <node id="8420732210" visible="true" version="1" changeset="99219143" timestamp="2021-02-13T16:03:11Z" user="mulgist" uid="12368943" lat="35.0267093" lon="126.7954226"/>
 <node id="8420732211" visible="true" version="1" changeset="99219143" timestamp="2021-02-13T16:03:11Z" user="mulgist" uid="12368943" lat="35.0267639" lon="126.7952503"/>
 <node id="8420732212" visible="true" version="1" changeset="99219143" timestamp="2021-02-13T16:03:11Z" user="mulgist" uid="12368943" lat="35.0268137" lon="126.7950484"/>
 <node id="8420732213" visible="true" version="1" changeset="99219143" timestamp="2021-02-13T16:03:11Z" user="mulgist" uid="12368943" lat="35.0269315" lon="126.7942250"/>
 <node id="8420732214" visible="true" version="1" changeset="99219143" timestamp="2021-02-13T16:03:11Z" user="mulgist" uid="12368943" lat="35.0270061" lon="126.7939754"/>
 <node id="8420732215" visible="true" version="1" changeset="99219143" timestamp="2021-02-13T16:03:11Z" user="mulgist" uid="12368943" lat="35.0271599" lon="126.7935329"/>
 <node id="8420732216" visible="true" version="1" changeset="99219143" timestamp="2021-02-13T16:03:11Z" user="mulgist" uid="12368943" lat="35.0272247" lon="126.7931749"/>
 <node id="8420734017" visible="true" version="1" changeset="99219143" timestamp="2021-02-13T16:03:11Z" user="mulgist" uid="12368943" lat="35.0272132" lon="126.7929960"/>
 <node id="8420734018" visible="true" version="1" changeset="99219143" timestamp="2021-02-13T16:03:11Z" user="mulgist" uid="12368943" lat="35.0270548" lon="126.7926459"/>
 <node id="8420734019" visible="true" version="1" changeset="99219143" timestamp="2021-02-13T16:03:11Z" user="mulgist" uid="12368943" lat="35.0268498" lon="126.7923528"/>
 <node id="8420734020" visible="true" version="1" changeset="99219143" timestamp="2021-02-13T16:03:11Z" user="mulgist" uid="12368943" lat="35.0266966" lon="126.7922086"/>
 <node id="8420734021" visible="true" version="1" changeset="99219143" timestamp="2021-02-13T16:03:11Z" user="mulgist" uid="12368943" lat="35.0264563" lon="126.7919816"/>
 <node id="8420734022" visible="true" version="1" changeset="99219143" timestamp="2021-02-13T16:03:11Z" user="mulgist" uid="12368943" lat="35.0264018" lon="126.7919386"/>
 <node id="8420734023" visible="true" version="1" changeset="99219143" timestamp="2021-02-13T16:03:11Z" user="mulgist" uid="12368943" lat="35.0274470" lon="126.7952114"/>
 <node id="8420734024" visible="true" version="1" changeset="99219143" timestamp="2021-02-13T16:03:11Z" user="mulgist" uid="12368943" lat="35.0277502" lon="126.7950359"/>
 <node id="8420734025" visible="true" version="1" changeset="99219143" timestamp="2021-02-13T16:03:11Z" user="mulgist" uid="12368943" lat="35.0277493" lon="126.7956745"/>
 <node id="8420734026" visible="true" version="1" changeset="99219143" timestamp="2021-02-13T16:03:11Z" user="mulgist" uid="12368943" lat="35.0279802" lon="126.7963042"/>
 <node id="8420734027" visible="true" version="1" changeset="99219143" timestamp="2021-02-13T16:03:11Z" user="mulgist" uid="12368943" lat="35.0278410" lon="126.7959248"/>
 <node id="8420734028" visible="true" version="1" changeset="99219143" timestamp="2021-02-13T16:03:11Z" user="mulgist" uid="12368943" lat="35.0277934" lon="126.7960049"/>
 <node id="8420734029" visible="true" version="1" changeset="99219143" timestamp="2021-02-13T16:03:11Z" user="mulgist" uid="12368943" lat="35.0278576" lon="126.7959701"/>
 <node id="8420734030" visible="true" version="1" changeset="99219143" timestamp="2021-02-13T16:03:11Z" user="mulgist" uid="12368943" lat="35.0280583" lon="126.7958571"/>
 <node id="8420734031" visible="true" version="1" changeset="99219143" timestamp="2021-02-13T16:03:11Z" user="mulgist" uid="12368943" lat="35.0279003" lon="126.7963405"/>
 <node id="8420734032" visible="true" version="1" changeset="99219143" timestamp="2021-02-13T16:03:11Z" user="mulgist" uid="12368943" lat="35.0281713" lon="126.7961976"/>
 <node id="8420734033" visible="true" version="1" changeset="99219143" timestamp="2021-02-13T16:03:11Z" user="mulgist" uid="12368943" lat="35.0280524" lon="126.7962639"/>
 <node id="8420734034" visible="true" version="1" changeset="99219143" timestamp="2021-02-13T16:03:11Z" user="mulgist" uid="12368943" lat="35.0281546" lon="126.7965557"/>
 <node id="8420734035" visible="true" version="1" changeset="99219143" timestamp="2021-02-13T16:03:11Z" user="mulgist" uid="12368943" lat="35.0280418" lon="126.7966188"/>
 <node id="8420734036" visible="true" version="1" changeset="99219143" timestamp="2021-02-13T16:03:11Z" user="mulgist" uid="12368943" lat="35.0282825" lon="126.7964763"/>
 <node id="8420734037" visible="true" version="1" changeset="99219143" timestamp="2021-02-13T16:03:11Z" user="mulgist" uid="12368943" lat="35.0282246" lon="126.7965102"/>
 <node id="8420734038" visible="true" version="1" changeset="99219143" timestamp="2021-02-13T16:03:11Z" user="mulgist" uid="12368943" lat="35.0283314" lon="126.7968098"/>
 <node id="8420734039" visible="true" version="1" changeset="99219143" timestamp="2021-02-13T16:03:11Z" user="mulgist" uid="12368943" lat="35.0282285" lon="126.7968702"/>
 <node id="8420734040" visible="true" version="1" changeset="99219143" timestamp="2021-02-13T16:03:11Z" user="mulgist" uid="12368943" lat="35.0283473" lon="126.7971976"/>
 <node id="8420734041" visible="true" version="1" changeset="99219143" timestamp="2021-02-13T16:03:11Z" user="mulgist" uid="12368943" lat="35.0284381" lon="126.7971528"/>
 <node id="8420734042" visible="true" version="1" changeset="99219143" timestamp="2021-02-13T16:03:11Z" user="mulgist" uid="12368943" lat="35.0284624" lon="126.7972435"/>
 <node id="8420734043" visible="true" version="1" changeset="99219143" timestamp="2021-02-13T16:03:11Z" user="mulgist" uid="12368943" lat="35.0284548" lon="126.7973009"/>
 <node id="8420734044" visible="true" version="1" changeset="99219143" timestamp="2021-02-13T16:03:11Z" user="mulgist" uid="12368943" lat="35.0284184" lon="126.7973342"/>
 <node id="8420734045" visible="true" version="1" changeset="99219143" timestamp="2021-02-13T16:03:11Z" user="mulgist" uid="12368943" lat="35.0274511" lon="126.7980807"/>
 <node id="8420734046" visible="true" version="1" changeset="99219143" timestamp="2021-02-13T16:03:11Z" user="mulgist" uid="12368943" lat="35.0274333" lon="126.7981584"/>
 <node id="8420734047" visible="true" version="1" changeset="99219143" timestamp="2021-02-13T16:03:11Z" user="mulgist" uid="12368943" lat="35.0273256" lon="126.7981217"/>
 <node id="8420734048" visible="true" version="1" changeset="99219143" timestamp="2021-02-13T16:03:11Z" user="mulgist" uid="12368943" lat="35.0267672" lon="126.7974025"/>
 <node id="8420734049" visible="true" version="1" changeset="99219143" timestamp="2021-02-13T16:03:11Z" user="mulgist" uid="12368943" lat="35.0266841" lon="126.7972641"/>
 <node id="8420734050" visible="true" version="1" changeset="99219143" timestamp="2021-02-13T16:03:11Z" user="mulgist" uid="12368943" lat="35.0265835" lon="126.7970441"/>
 <node id="8420734051" visible="true" version="1" changeset="99219143" timestamp="2021-02-13T16:03:11Z" user="mulgist" uid="12368943" lat="35.0285213" lon="126.7971026"/>
 <node id="8420734052" visible="true" version="1" changeset="99219143" timestamp="2021-02-13T16:03:11Z" user="mulgist" uid="12368943" lat="35.0283948" lon="126.7967729"/>
 <node id="8420734053" visible="true" version="1" changeset="99219143" timestamp="2021-02-13T16:03:11Z" user="mulgist" uid="12368943" lat="35.0277285" lon="126.7981854"/>
 <node id="8420734054" visible="true" version="1" changeset="99219143" timestamp="2021-02-13T16:03:11Z" user="mulgist" uid="12368943" lat="35.0279567" lon="126.7981544"/>
 <node id="8420734055" visible="true" version="1" changeset="99219143" timestamp="2021-02-13T16:03:11Z" user="mulgist" uid="12368943" lat="35.0281903" lon="126.7980701"/>
 <node id="8420734056" visible="true" version="1" changeset="99219143" timestamp="2021-02-13T16:03:11Z" user="mulgist" uid="12368943" lat="35.0283874" lon="126.7979531"/>
 <node id="8420734057" visible="true" version="1" changeset="99219143" timestamp="2021-02-13T16:03:11Z" user="mulgist" uid="12368943" lat="35.0284422" lon="126.7979067"/>
 <node id="8420734058" visible="true" version="1" changeset="99219143" timestamp="2021-02-13T16:03:11Z" user="mulgist" uid="12368943" lat="35.0284444" lon="126.7978114"/>
 <node id="8420734059" visible="true" version="1" changeset="99219143" timestamp="2021-02-13T16:03:11Z" user="mulgist" uid="12368943" lat="35.0286426" lon="126.7974075"/>
 <node id="8420734060" visible="true" version="1" changeset="99219143" timestamp="2021-02-13T16:03:11Z" user="mulgist" uid="12368943" lat="35.0270546" lon="126.7921744"/>
 <node id="8420734061" visible="true" version="1" changeset="99219143" timestamp="2021-02-13T16:03:11Z" user="mulgist" uid="12368943" lat="35.0270222" lon="126.7919274"/>
 <node id="8420734062" visible="true" version="1" changeset="99219143" timestamp="2021-02-13T16:03:11Z" user="mulgist" uid="12368943" lat="35.0269750" lon="126.7917512"/>
 <node id="8420734063" visible="true" version="1" changeset="99219143" timestamp="2021-02-13T16:03:11Z" user="mulgist" uid="12368943" lat="35.0268538" lon="126.7914079"/>
 <node id="8420734064" visible="true" version="1" changeset="99219143" timestamp="2021-02-13T16:03:11Z" user="mulgist" uid="12368943" lat="35.0282705" lon="126.7939602"/>
 <node id="8420734068" visible="true" version="1" changeset="99219143" timestamp="2021-02-13T16:03:11Z" user="mulgist" uid="12368943" lat="35.0268955" lon="126.7920404"/>
 <node id="8420734069" visible="true" version="1" changeset="99219143" timestamp="2021-02-13T16:03:11Z" user="mulgist" uid="12368943" lat="35.0268547" lon="126.7920061"/>
 <node id="8420734070" visible="true" version="1" changeset="99219143" timestamp="2021-02-13T16:03:11Z" user="mulgist" uid="12368943" lat="35.0250380" lon="126.7896825"/>
 <node id="8420734071" visible="true" version="1" changeset="99219143" timestamp="2021-02-13T16:03:11Z" user="mulgist" uid="12368943" lat="35.0262777" lon="126.7887061"/>
 <node id="8420734072" visible="true" version="1" changeset="99219143" timestamp="2021-02-13T16:03:11Z" user="mulgist" uid="12368943" lat="35.0263545" lon="126.7889370"/>
 <node id="8420734073" visible="true" version="1" changeset="99219143" timestamp="2021-02-13T16:03:11Z" user="mulgist" uid="12368943" lat="35.0258034" lon="126.7908130"/>
 <node id="8420734074" visible="true" version="1" changeset="99219143" timestamp="2021-02-13T16:03:11Z" user="mulgist" uid="12368943" lat="35.0249908" lon="126.7897942"/>
 <node id="8420734075" visible="true" version="1" changeset="99219143" timestamp="2021-02-13T16:03:11Z" user="mulgist" uid="12368943" lat="35.0249473" lon="126.7900146"/>
 <node id="8420734076" visible="true" version="1" changeset="99219143" timestamp="2021-02-13T16:03:11Z" user="mulgist" uid="12368943" lat="35.0248883" lon="126.7900072"/>
 <node id="8420734077" visible="true" version="1" changeset="99219143" timestamp="2021-02-13T16:03:11Z" user="mulgist" uid="12368943" lat="35.0247740" lon="126.7899239"/>
 <node id="8420734078" visible="true" version="1" changeset="99219143" timestamp="2021-02-13T16:03:11Z" user="mulgist" uid="12368943" lat="35.0249915" lon="126.7900069"/>
 <node id="8420734079" visible="true" version="1" changeset="99219143" timestamp="2021-02-13T16:03:11Z" user="mulgist" uid="12368943" lat="35.0249584" lon="126.7899619"/>
 <node id="8420734080" visible="true" version="1" changeset="99219143" timestamp="2021-02-13T16:03:11Z" user="mulgist" uid="12368943" lat="35.0245570" lon="126.7897145"/>
 <node id="8420734081" visible="true" version="1" changeset="99219143" timestamp="2021-02-13T16:03:11Z" user="mulgist" uid="12368943" lat="35.0221858" lon="126.7895997"/>
 <node id="8420734082" visible="true" version="2" changeset="99601411" timestamp="2021-02-19T14:39:38Z" user="mulgist" uid="12368943" lat="35.0206067" lon="126.7895056"/>
 <node id="8420734083" visible="true" version="2" changeset="99601411" timestamp="2021-02-19T14:39:38Z" user="mulgist" uid="12368943" lat="35.0207061" lon="126.7897249"/>
 <node id="8420734084" visible="true" version="1" changeset="99219143" timestamp="2021-02-13T16:03:11Z" user="mulgist" uid="12368943" lat="35.0224750" lon="126.7897654"/>
 <node id="8420734085" visible="true" version="1" changeset="99219143" timestamp="2021-02-13T16:03:11Z" user="mulgist" uid="12368943" lat="35.0210550" lon="126.7895655"/>
 <node id="8420734087" visible="true" version="2" changeset="99601411" timestamp="2021-02-19T14:39:38Z" user="mulgist" uid="12368943" lat="35.0146918" lon="126.7892652"/>
 <node id="8420734088" visible="true" version="1" changeset="99219143" timestamp="2021-02-13T16:03:11Z" user="mulgist" uid="12368943" lat="35.0146275" lon="126.7892131"/>
 <node id="8420734089" visible="true" version="1" changeset="99219143" timestamp="2021-02-13T16:03:11Z" user="mulgist" uid="12368943" lat="35.0269851" lon="126.7945974"/>
 <node id="8420734090" visible="true" version="1" changeset="99219143" timestamp="2021-02-13T16:03:11Z" user="mulgist" uid="12368943" lat="35.0270313" lon="126.7945758"/>
 <node id="8422428648" visible="true" version="2" changeset="99833188" timestamp="2021-02-23T14:03:21Z" user="mulgist" uid="12368943" lat="35.0241551" lon="126.7921743"/>
 <node id="8422428649" visible="true" version="2" changeset="99833188" timestamp="2021-02-23T14:03:21Z" user="mulgist" uid="12368943" lat="35.0238853" lon="126.7915342"/>
 <node id="8422428650" visible="true" version="2" changeset="99833188" timestamp="2021-02-23T14:03:21Z" user="mulgist" uid="12368943" lat="35.0238580" lon="126.7914024"/>
 <node id="8422428651" visible="true" version="2" changeset="99833188" timestamp="2021-02-23T14:03:21Z" user="mulgist" uid="12368943" lat="35.0237772" lon="126.7904021"/>
 <node id="8422428652" visible="true" version="1" changeset="99246467" timestamp="2021-02-14T11:49:51Z" user="mulgist" uid="12368943" lat="35.0237340" lon="126.7902445"/>
 <node id="8422428653" visible="true" version="2" changeset="99833188" timestamp="2021-02-23T14:03:21Z" user="mulgist" uid="12368943" lat="35.0237859" lon="126.7908424"/>
 <node id="8422428654" visible="true" version="1" changeset="99246467" timestamp="2021-02-14T11:49:51Z" user="mulgist" uid="12368943" lat="35.0246769" lon="126.7932598"/>
 <node id="8422428655" visible="true" version="1" changeset="99246467" timestamp="2021-02-14T11:49:51Z" user="mulgist" uid="12368943" lat="35.0252432" lon="126.7928048"/>
 <node id="8422428656" visible="true" version="2" changeset="144397454" timestamp="2023-11-24T08:19:48Z" user="asdfqwer51" uid="3350410" lat="35.0262118" lon="126.7915823"/>
 <node id="8422428657" visible="true" version="1" changeset="99246467" timestamp="2021-02-14T11:49:51Z" user="mulgist" uid="12368943" lat="35.0246598" lon="126.7898302"/>
 <node id="8422428658" visible="true" version="1" changeset="99246467" timestamp="2021-02-14T11:49:51Z" user="mulgist" uid="12368943" lat="35.0245842" lon="126.7927315"/>
 <node id="8422428659" visible="true" version="1" changeset="99246467" timestamp="2021-02-14T11:49:51Z" user="mulgist" uid="12368943" lat="35.0246611" lon="126.7926834"/>
 <node id="8422428660" visible="true" version="1" changeset="99246467" timestamp="2021-02-14T11:49:51Z" user="mulgist" uid="12368943" lat="35.0247063" lon="126.7927915"/>
 <node id="8422428661" visible="true" version="1" changeset="99246467" timestamp="2021-02-14T11:49:51Z" user="mulgist" uid="12368943" lat="35.0247458" lon="126.7927669"/>
 <node id="8422428662" visible="true" version="1" changeset="99246467" timestamp="2021-02-14T11:49:51Z" user="mulgist" uid="12368943" lat="35.0247791" lon="126.7928463"/>
 <node id="8422428663" visible="true" version="1" changeset="99246467" timestamp="2021-02-14T11:49:51Z" user="mulgist" uid="12368943" lat="35.0247413" lon="126.7928699"/>
 <node id="8422428664" visible="true" version="1" changeset="99246467" timestamp="2021-02-14T11:49:51Z" user="mulgist" uid="12368943" lat="35.0247839" lon="126.7929715"/>
 <node id="8422428665" visible="true" version="1" changeset="99246467" timestamp="2021-02-14T11:49:51Z" user="mulgist" uid="12368943" lat="35.0247053" lon="126.7930206"/>
 <node id="8422428666" visible="true" version="1" changeset="99246467" timestamp="2021-02-14T11:49:51Z" user="mulgist" uid="12368943" lat="35.0249893" lon="126.7923766"/>
 <node id="8422428667" visible="true" version="1" changeset="99246467" timestamp="2021-02-14T11:49:51Z" user="mulgist" uid="12368943" lat="35.0250611" lon="126.7923179"/>
 <node id="8422428668" visible="true" version="1" changeset="99246467" timestamp="2021-02-14T11:49:51Z" user="mulgist" uid="12368943" lat="35.0251164" lon="126.7924188"/>
 <node id="8422428669" visible="true" version="1" changeset="99246467" timestamp="2021-02-14T11:49:51Z" user="mulgist" uid="12368943" lat="35.0251532" lon="126.7923887"/>
 <node id="8422428670" visible="true" version="1" changeset="99246467" timestamp="2021-02-14T11:49:51Z" user="mulgist" uid="12368943" lat="35.0251939" lon="126.7924629"/>
 <node id="8422428671" visible="true" version="1" changeset="99246467" timestamp="2021-02-14T11:49:51Z" user="mulgist" uid="12368943" lat="35.0251586" lon="126.7924917"/>
 <node id="8422428672" visible="true" version="1" changeset="99246467" timestamp="2021-02-14T11:49:51Z" user="mulgist" uid="12368943" lat="35.0252106" lon="126.7925865"/>
 <node id="8422428673" visible="true" version="1" changeset="99246467" timestamp="2021-02-14T11:49:51Z" user="mulgist" uid="12368943" lat="35.0251372" lon="126.7926465"/>
 <node id="8422428674" visible="true" version="1" changeset="99246467" timestamp="2021-02-14T11:49:51Z" user="mulgist" uid="12368943" lat="35.0253945" lon="126.7919219"/>
 <node id="8422428675" visible="true" version="1" changeset="99246467" timestamp="2021-02-14T11:49:51Z" user="mulgist" uid="12368943" lat="35.0254632" lon="126.7918579"/>
 <node id="8422428676" visible="true" version="1" changeset="99246467" timestamp="2021-02-14T11:49:51Z" user="mulgist" uid="12368943" lat="35.0255235" lon="126.7919544"/>
 <node id="8422428677" visible="true" version="1" changeset="99246467" timestamp="2021-02-14T11:49:51Z" user="mulgist" uid="12368943" lat="35.0255587" lon="126.7919216"/>
 <node id="8422428678" visible="true" version="1" changeset="99246467" timestamp="2021-02-14T11:49:51Z" user="mulgist" uid="12368943" lat="35.0256031" lon="126.7919926"/>
 <node id="8422428679" visible="true" version="1" changeset="99246467" timestamp="2021-02-14T11:49:51Z" user="mulgist" uid="12368943" lat="35.0255693" lon="126.7920240"/>
 <node id="8422428680" visible="true" version="1" changeset="99246467" timestamp="2021-02-14T11:49:51Z" user="mulgist" uid="12368943" lat="35.0256260" lon="126.7921147"/>
 <node id="8422428681" visible="true" version="1" changeset="99246467" timestamp="2021-02-14T11:49:51Z" user="mulgist" uid="12368943" lat="35.0255558" lon="126.7921801"/>
 <node id="8422428682" visible="true" version="1" changeset="99246467" timestamp="2021-02-14T11:49:51Z" user="mulgist" uid="12368943" lat="35.0257491" lon="126.7914653"/>
 <node id="8422428683" visible="true" version="1" changeset="99246467" timestamp="2021-02-14T11:49:51Z" user="mulgist" uid="12368943" lat="35.0258123" lon="126.7913933"/>
 <node id="8422428684" visible="true" version="1" changeset="99246467" timestamp="2021-02-14T11:49:51Z" user="mulgist" uid="12368943" lat="35.0258801" lon="126.7914820"/>
 <node id="8422428685" visible="true" version="1" changeset="99246467" timestamp="2021-02-14T11:49:51Z" user="mulgist" uid="12368943" lat="35.0259125" lon="126.7914451"/>
 <node id="8422428686" visible="true" version="1" changeset="99246467" timestamp="2021-02-14T11:49:51Z" user="mulgist" uid="12368943" lat="35.0259624" lon="126.7915104"/>
 <node id="8422428687" visible="true" version="1" changeset="99246467" timestamp="2021-02-14T11:49:51Z" user="mulgist" uid="12368943" lat="35.0259314" lon="126.7915457"/>
 <node id="8422428688" visible="true" version="1" changeset="99246467" timestamp="2021-02-14T11:49:51Z" user="mulgist" uid="12368943" lat="35.0259951" lon="126.7916291"/>
 <node id="8422428689" visible="true" version="1" changeset="99246467" timestamp="2021-02-14T11:49:51Z" user="mulgist" uid="12368943" lat="35.0259306" lon="126.7917027"/>
 <node id="8422428690" visible="true" version="1" changeset="99246467" timestamp="2021-02-14T11:49:51Z" user="mulgist" uid="12368943" lat="35.0242597" lon="126.7919902"/>
 <node id="8422428691" visible="true" version="1" changeset="99246467" timestamp="2021-02-14T11:49:51Z" user="mulgist" uid="12368943" lat="35.0243378" lon="126.7919412"/>
 <node id="8422428692" visible="true" version="1" changeset="99246467" timestamp="2021-02-14T11:49:51Z" user="mulgist" uid="12368943" lat="35.0245098" lon="126.7923517"/>
 <node id="8422428693" visible="true" version="1" changeset="99246467" timestamp="2021-02-14T11:49:51Z" user="mulgist" uid="12368943" lat="35.0245492" lon="126.7923270"/>
 <node id="8422428694" visible="true" version="1" changeset="99246467" timestamp="2021-02-14T11:49:51Z" user="mulgist" uid="12368943" lat="35.0245828" lon="126.7924070"/>
 <node id="8422428695" visible="true" version="1" changeset="99246467" timestamp="2021-02-14T11:49:51Z" user="mulgist" uid="12368943" lat="35.0245451" lon="126.7924306"/>
 <node id="8422428696" visible="true" version="1" changeset="99246467" timestamp="2021-02-14T11:49:51Z" user="mulgist" uid="12368943" lat="35.0245878" lon="126.7925322"/>
 <node id="8422428697" visible="true" version="1" changeset="99246467" timestamp="2021-02-14T11:49:51Z" user="mulgist" uid="12368943" lat="35.0245084" lon="126.7925820"/>
 <node id="8422428698" visible="true" version="1" changeset="99246467" timestamp="2021-02-14T11:49:51Z" user="mulgist" uid="12368943" lat="35.0244169" lon="126.7921304"/>
 <node id="8422428699" visible="true" version="1" changeset="99246467" timestamp="2021-02-14T11:49:51Z" user="mulgist" uid="12368943" lat="35.0243807" lon="126.7920432"/>
 <node id="8422428700" visible="true" version="1" changeset="99246467" timestamp="2021-02-14T11:49:51Z" user="mulgist" uid="12368943" lat="35.0244560" lon="126.7921059"/>
 <node id="8422428701" visible="true" version="1" changeset="99246467" timestamp="2021-02-14T11:49:51Z" user="mulgist" uid="12368943" lat="35.0244195" lon="126.7920189"/>
 <node id="8422428702" visible="true" version="1" changeset="99246467" timestamp="2021-02-14T11:49:51Z" user="mulgist" uid="12368943" lat="35.0239422" lon="126.7912330"/>
 <node id="8422428703" visible="true" version="1" changeset="99246467" timestamp="2021-02-14T11:49:51Z" user="mulgist" uid="12368943" lat="35.0240204" lon="126.7911841"/>
 <node id="8422428704" visible="true" version="1" changeset="99246467" timestamp="2021-02-14T11:49:51Z" user="mulgist" uid="12368943" lat="35.0240632" lon="126.7912860"/>
 <node id="8422428705" visible="true" version="1" changeset="99246467" timestamp="2021-02-14T11:49:51Z" user="mulgist" uid="12368943" lat="35.0241020" lon="126.7912617"/>
 <node id="8422428706" visible="true" version="1" changeset="99246467" timestamp="2021-02-14T11:49:51Z" user="mulgist" uid="12368943" lat="35.0241385" lon="126.7913487"/>
 <node id="8422428707" visible="true" version="1" changeset="99246467" timestamp="2021-02-14T11:49:51Z" user="mulgist" uid="12368943" lat="35.0240994" lon="126.7913732"/>
 <node id="8422428708" visible="true" version="1" changeset="99246467" timestamp="2021-02-14T11:49:51Z" user="mulgist" uid="12368943" lat="35.0241923" lon="126.7915945"/>
 <node id="8422428709" visible="true" version="1" changeset="99246467" timestamp="2021-02-14T11:49:51Z" user="mulgist" uid="12368943" lat="35.0242318" lon="126.7915698"/>
 <node id="8422428710" visible="true" version="1" changeset="99246467" timestamp="2021-02-14T11:49:51Z" user="mulgist" uid="12368943" lat="35.0242654" lon="126.7916498"/>
 <node id="8422428711" visible="true" version="1" changeset="99246467" timestamp="2021-02-14T11:49:51Z" user="mulgist" uid="12368943" lat="35.0242277" lon="126.7916734"/>
 <node id="8422428712" visible="true" version="1" changeset="99246467" timestamp="2021-02-14T11:49:51Z" user="mulgist" uid="12368943" lat="35.0242704" lon="126.7917751"/>
 <node id="8422428713" visible="true" version="1" changeset="99246467" timestamp="2021-02-14T11:49:51Z" user="mulgist" uid="12368943" lat="35.0241909" lon="126.7918249"/>
 <node id="8422428714" visible="true" version="1" changeset="99246467" timestamp="2021-02-14T11:49:51Z" user="mulgist" uid="12368943" lat="35.0240472" lon="126.7905479"/>
 <node id="8422428715" visible="true" version="1" changeset="99246467" timestamp="2021-02-14T11:49:51Z" user="mulgist" uid="12368943" lat="35.0238913" lon="126.7902799"/>
 <node id="8422428716" visible="true" version="1" changeset="99246467" timestamp="2021-02-14T11:49:51Z" user="mulgist" uid="12368943" lat="35.0239441" lon="126.7902341"/>
 <node id="8422493417" visible="true" version="1" changeset="99246467" timestamp="2021-02-14T11:49:51Z" user="mulgist" uid="12368943" lat="35.0239033" lon="126.7901640"/>
 <node id="8422493418" visible="true" version="1" changeset="99246467" timestamp="2021-02-14T11:49:51Z" user="mulgist" uid="12368943" lat="35.0241283" lon="126.7899688"/>
 <node id="8422493419" visible="true" version="1" changeset="99246467" timestamp="2021-02-14T11:49:51Z" user="mulgist" uid="12368943" lat="35.0241813" lon="126.7900600"/>
 <node id="8422493420" visible="true" version="1" changeset="99246467" timestamp="2021-02-14T11:49:51Z" user="mulgist" uid="12368943" lat="35.0241094" lon="126.7901224"/>
 <node id="8422493421" visible="true" version="1" changeset="99246467" timestamp="2021-02-14T11:49:51Z" user="mulgist" uid="12368943" lat="35.0241350" lon="126.7901663"/>
 <node id="8422493422" visible="true" version="1" changeset="99246467" timestamp="2021-02-14T11:49:51Z" user="mulgist" uid="12368943" lat="35.0240736" lon="126.7902196"/>
 <node id="8422493423" visible="true" version="1" changeset="99246467" timestamp="2021-02-14T11:49:51Z" user="mulgist" uid="12368943" lat="35.0240493" lon="126.7901779"/>
 <node id="8422493424" visible="true" version="1" changeset="99246467" timestamp="2021-02-14T11:49:51Z" user="mulgist" uid="12368943" lat="35.0239788" lon="126.7902391"/>
 <node id="8422493425" visible="true" version="1" changeset="99246467" timestamp="2021-02-14T11:49:51Z" user="mulgist" uid="12368943" lat="35.0240282" lon="126.7903239"/>
 <node id="8422493426" visible="true" version="1" changeset="99246467" timestamp="2021-02-14T11:49:51Z" user="mulgist" uid="12368943" lat="35.0240615" lon="126.7902949"/>
 <node id="8422493427" visible="true" version="1" changeset="99246467" timestamp="2021-02-14T11:49:51Z" user="mulgist" uid="12368943" lat="35.0241006" lon="126.7903622"/>
 <node id="8422493428" visible="true" version="1" changeset="99246467" timestamp="2021-02-14T11:49:51Z" user="mulgist" uid="12368943" lat="35.0240656" lon="126.7903926"/>
 <node id="8422493429" visible="true" version="1" changeset="99246467" timestamp="2021-02-14T11:49:51Z" user="mulgist" uid="12368943" lat="35.0241195" lon="126.7904852"/>
 <node id="8422493430" visible="true" version="1" changeset="99246467" timestamp="2021-02-14T11:49:51Z" user="mulgist" uid="12368943" lat="35.0245525" lon="126.7906297"/>
 <node id="8422493431" visible="true" version="1" changeset="99246467" timestamp="2021-02-14T11:49:51Z" user="mulgist" uid="12368943" lat="35.0243966" lon="126.7903617"/>
 <node id="8422493432" visible="true" version="1" changeset="99246467" timestamp="2021-02-14T11:49:51Z" user="mulgist" uid="12368943" lat="35.0244493" lon="126.7903159"/>
 <node id="8422493433" visible="true" version="1" changeset="99246467" timestamp="2021-02-14T11:49:51Z" user="mulgist" uid="12368943" lat="35.0244085" lon="126.7902458"/>
 <node id="8422493434" visible="true" version="1" changeset="99246467" timestamp="2021-02-14T11:49:51Z" user="mulgist" uid="12368943" lat="35.0246335" lon="126.7900506"/>
 <node id="8422493435" visible="true" version="1" changeset="99246467" timestamp="2021-02-14T11:49:51Z" user="mulgist" uid="12368943" lat="35.0246866" lon="126.7901418"/>
 <node id="8422493436" visible="true" version="1" changeset="99246467" timestamp="2021-02-14T11:49:51Z" user="mulgist" uid="12368943" lat="35.0246147" lon="126.7902042"/>
 <node id="8422493437" visible="true" version="1" changeset="99246467" timestamp="2021-02-14T11:49:51Z" user="mulgist" uid="12368943" lat="35.0246402" lon="126.7902481"/>
 <node id="8422493438" visible="true" version="1" changeset="99246467" timestamp="2021-02-14T11:49:51Z" user="mulgist" uid="12368943" lat="35.0245789" lon="126.7903014"/>
 <node id="8422493439" visible="true" version="1" changeset="99246467" timestamp="2021-02-14T11:49:51Z" user="mulgist" uid="12368943" lat="35.0245546" lon="126.7902597"/>
 <node id="8422493440" visible="true" version="1" changeset="99246467" timestamp="2021-02-14T11:49:51Z" user="mulgist" uid="12368943" lat="35.0244841" lon="126.7903209"/>
 <node id="8422493441" visible="true" version="1" changeset="99246467" timestamp="2021-02-14T11:49:51Z" user="mulgist" uid="12368943" lat="35.0245334" lon="126.7904056"/>
 <node id="8422493442" visible="true" version="1" changeset="99246467" timestamp="2021-02-14T11:49:51Z" user="mulgist" uid="12368943" lat="35.0245668" lon="126.7903767"/>
 <node id="8422493443" visible="true" version="1" changeset="99246467" timestamp="2021-02-14T11:49:51Z" user="mulgist" uid="12368943" lat="35.0246059" lon="126.7904440"/>
 <node id="8422493444" visible="true" version="1" changeset="99246467" timestamp="2021-02-14T11:49:51Z" user="mulgist" uid="12368943" lat="35.0245709" lon="126.7904744"/>
 <node id="8422493445" visible="true" version="1" changeset="99246467" timestamp="2021-02-14T11:49:51Z" user="mulgist" uid="12368943" lat="35.0246247" lon="126.7905670"/>
 <node id="8422493446" visible="true" version="1" changeset="99246467" timestamp="2021-02-14T11:49:51Z" user="mulgist" uid="12368943" lat="35.0248063" lon="126.7915480"/>
 <node id="8422493447" visible="true" version="1" changeset="99246467" timestamp="2021-02-14T11:49:51Z" user="mulgist" uid="12368943" lat="35.0248763" lon="126.7914831"/>
 <node id="8422493448" visible="true" version="1" changeset="99246467" timestamp="2021-02-14T11:49:51Z" user="mulgist" uid="12368943" lat="35.0249331" lon="126.7915743"/>
 <node id="8422493449" visible="true" version="1" changeset="99246467" timestamp="2021-02-14T11:49:51Z" user="mulgist" uid="12368943" lat="35.0249678" lon="126.7915420"/>
 <node id="8422493450" visible="true" version="1" changeset="99246467" timestamp="2021-02-14T11:49:51Z" user="mulgist" uid="12368943" lat="35.0250162" lon="126.7916199"/>
 <node id="8422493451" visible="true" version="1" changeset="99246467" timestamp="2021-02-14T11:49:51Z" user="mulgist" uid="12368943" lat="35.0249812" lon="126.7916524"/>
 <node id="8422493452" visible="true" version="1" changeset="99246467" timestamp="2021-02-14T11:49:51Z" user="mulgist" uid="12368943" lat="35.0251044" lon="126.7918504"/>
 <node id="8422493453" visible="true" version="1" changeset="99246467" timestamp="2021-02-14T11:49:51Z" user="mulgist" uid="12368943" lat="35.0251397" lon="126.7918177"/>
 <node id="8422493454" visible="true" version="1" changeset="99246467" timestamp="2021-02-14T11:49:51Z" user="mulgist" uid="12368943" lat="35.0251842" lon="126.7918893"/>
 <node id="8422493455" visible="true" version="1" changeset="99246467" timestamp="2021-02-14T11:49:51Z" user="mulgist" uid="12368943" lat="35.0251505" lon="126.7919206"/>
 <node id="8422493456" visible="true" version="1" changeset="99246467" timestamp="2021-02-14T11:49:51Z" user="mulgist" uid="12368943" lat="35.0252071" lon="126.7920115"/>
 <node id="8422493457" visible="true" version="1" changeset="99246467" timestamp="2021-02-14T11:49:51Z" user="mulgist" uid="12368943" lat="35.0251360" lon="126.7920775"/>
 <node id="8422493458" visible="true" version="1" changeset="99246467" timestamp="2021-02-14T11:49:51Z" user="mulgist" uid="12368943" lat="35.0244548" lon="126.7909389"/>
 <node id="8422493459" visible="true" version="1" changeset="99246467" timestamp="2021-02-14T11:49:51Z" user="mulgist" uid="12368943" lat="35.0245264" lon="126.7908767"/>
 <node id="8422493460" visible="true" version="1" changeset="99246467" timestamp="2021-02-14T11:49:51Z" user="mulgist" uid="12368943" lat="35.0245808" lon="126.7909701"/>
 <node id="8422493461" visible="true" version="1" changeset="99246467" timestamp="2021-02-14T11:49:51Z" user="mulgist" uid="12368943" lat="35.0246163" lon="126.7909393"/>
 <node id="8422493462" visible="true" version="1" changeset="99246467" timestamp="2021-02-14T11:49:51Z" user="mulgist" uid="12368943" lat="35.0246627" lon="126.7910190"/>
 <node id="8422493463" visible="true" version="1" changeset="99246467" timestamp="2021-02-14T11:49:51Z" user="mulgist" uid="12368943" lat="35.0246268" lon="126.7910501"/>
 <node id="8422493464" visible="true" version="1" changeset="99246467" timestamp="2021-02-14T11:49:51Z" user="mulgist" uid="12368943" lat="35.0247447" lon="126.7912529"/>
 <node id="8422493465" visible="true" version="1" changeset="99246467" timestamp="2021-02-14T11:49:51Z" user="mulgist" uid="12368943" lat="35.0247808" lon="126.7912216"/>
 <node id="8422493466" visible="true" version="1" changeset="99246467" timestamp="2021-02-14T11:49:51Z" user="mulgist" uid="12368943" lat="35.0248235" lon="126.7912949"/>
 <node id="8422493467" visible="true" version="1" changeset="99246467" timestamp="2021-02-14T11:49:51Z" user="mulgist" uid="12368943" lat="35.0247889" lon="126.7913249"/>
 <node id="8422493468" visible="true" version="1" changeset="99246467" timestamp="2021-02-14T11:49:51Z" user="mulgist" uid="12368943" lat="35.0248431" lon="126.7914180"/>
 <node id="8422493469" visible="true" version="1" changeset="99246467" timestamp="2021-02-14T11:49:51Z" user="mulgist" uid="12368943" lat="35.0247703" lon="126.7914811"/>
 <node id="8422493470" visible="true" version="1" changeset="99246467" timestamp="2021-02-14T11:49:51Z" user="mulgist" uid="12368943" lat="35.0253092" lon="126.7909583"/>
 <node id="8422493471" visible="true" version="1" changeset="99246467" timestamp="2021-02-14T11:49:51Z" user="mulgist" uid="12368943" lat="35.0253707" lon="126.7908818"/>
 <node id="8422493472" visible="true" version="1" changeset="99246467" timestamp="2021-02-14T11:49:51Z" user="mulgist" uid="12368943" lat="35.0254376" lon="126.7909621"/>
 <node id="8422493473" visible="true" version="1" changeset="99246467" timestamp="2021-02-14T11:49:51Z" user="mulgist" uid="12368943" lat="35.0254682" lon="126.7909241"/>
 <node id="8422493474" visible="true" version="1" changeset="99246467" timestamp="2021-02-14T11:49:51Z" user="mulgist" uid="12368943" lat="35.0255253" lon="126.7909926"/>
 <node id="8422493475" visible="true" version="1" changeset="99246467" timestamp="2021-02-14T11:49:51Z" user="mulgist" uid="12368943" lat="35.0254945" lon="126.7910309"/>
 <node id="8422493476" visible="true" version="1" changeset="99246467" timestamp="2021-02-14T11:49:51Z" user="mulgist" uid="12368943" lat="35.0256397" lon="126.7912052"/>
 <node id="8422493477" visible="true" version="1" changeset="99246467" timestamp="2021-02-14T11:49:51Z" user="mulgist" uid="12368943" lat="35.0256708" lon="126.7911666"/>
 <node id="8422493478" visible="true" version="1" changeset="99246467" timestamp="2021-02-14T11:49:51Z" user="mulgist" uid="12368943" lat="35.0257233" lon="126.7912297"/>
 <node id="8422493479" visible="true" version="1" changeset="99246467" timestamp="2021-02-14T11:49:51Z" user="mulgist" uid="12368943" lat="35.0256936" lon="126.7912666"/>
 <node id="8422493480" visible="true" version="1" changeset="99246467" timestamp="2021-02-14T11:49:51Z" user="mulgist" uid="12368943" lat="35.0257604" lon="126.7913466"/>
 <node id="8422493481" visible="true" version="1" changeset="99246467" timestamp="2021-02-14T11:49:51Z" user="mulgist" uid="12368943" lat="35.0256978" lon="126.7914244"/>
 <node id="8422493482" visible="true" version="1" changeset="99246467" timestamp="2021-02-14T11:49:51Z" user="mulgist" uid="12368943" lat="35.0248592" lon="126.7904467"/>
 <node id="8422493483" visible="true" version="1" changeset="99246467" timestamp="2021-02-14T11:49:51Z" user="mulgist" uid="12368943" lat="35.0249194" lon="126.7903685"/>
 <node id="8422493484" visible="true" version="1" changeset="99246467" timestamp="2021-02-14T11:49:51Z" user="mulgist" uid="12368943" lat="35.0249877" lon="126.7904470"/>
 <node id="8422493485" visible="true" version="1" changeset="99246467" timestamp="2021-02-14T11:49:51Z" user="mulgist" uid="12368943" lat="35.0250176" lon="126.7904082"/>
 <node id="8422493486" visible="true" version="1" changeset="99246467" timestamp="2021-02-14T11:49:51Z" user="mulgist" uid="12368943" lat="35.0250759" lon="126.7904752"/>
 <node id="8422493487" visible="true" version="1" changeset="99246467" timestamp="2021-02-14T11:49:51Z" user="mulgist" uid="12368943" lat="35.0250458" lon="126.7905143"/>
 <node id="8422493488" visible="true" version="1" changeset="99246467" timestamp="2021-02-14T11:49:51Z" user="mulgist" uid="12368943" lat="35.0251941" lon="126.7906847"/>
 <node id="8422493489" visible="true" version="1" changeset="99246467" timestamp="2021-02-14T11:49:51Z" user="mulgist" uid="12368943" lat="35.0252245" lon="126.7906453"/>
 <node id="8422493490" visible="true" version="1" changeset="99246467" timestamp="2021-02-14T11:49:51Z" user="mulgist" uid="12368943" lat="35.0252781" lon="126.7907069"/>
 <node id="8422493491" visible="true" version="1" changeset="99246467" timestamp="2021-02-14T11:49:51Z" user="mulgist" uid="12368943" lat="35.0252491" lon="126.7907446"/>
 <node id="8422493492" visible="true" version="1" changeset="99246467" timestamp="2021-02-14T11:49:51Z" user="mulgist" uid="12368943" lat="35.0253173" lon="126.7908228"/>
 <node id="8422493493" visible="true" version="1" changeset="99246467" timestamp="2021-02-14T11:49:51Z" user="mulgist" uid="12368943" lat="35.0252561" lon="126.7909023"/>
 <node id="8422493494" visible="true" version="1" changeset="99246467" timestamp="2021-02-14T11:49:51Z" user="mulgist" uid="12368943" lat="35.0241457" lon="126.7893118"/>
 <node id="8422493495" visible="true" version="1" changeset="99246467" timestamp="2021-02-14T11:49:51Z" user="mulgist" uid="12368943" lat="35.0238893" lon="126.7890712"/>
 <node id="8422493496" visible="true" version="1" changeset="99246467" timestamp="2021-02-14T11:49:51Z" user="mulgist" uid="12368943" lat="35.0239307" lon="126.7890055"/>
 <node id="8422493497" visible="true" version="1" changeset="99246467" timestamp="2021-02-14T11:49:51Z" user="mulgist" uid="12368943" lat="35.0238793" lon="126.7889572"/>
 <node id="8422493498" visible="true" version="1" changeset="99246467" timestamp="2021-02-14T11:49:51Z" user="mulgist" uid="12368943" lat="35.0240670" lon="126.7886591"/>
 <node id="8422493499" visible="true" version="1" changeset="99246467" timestamp="2021-02-14T11:49:51Z" user="mulgist" uid="12368943" lat="35.0241412" lon="126.7887281"/>
 <node id="8422493500" visible="true" version="1" changeset="99246467" timestamp="2021-02-14T11:49:51Z" user="mulgist" uid="12368943" lat="35.0240848" lon="126.7888242"/>
 <node id="8422493501" visible="true" version="1" changeset="99246467" timestamp="2021-02-14T11:49:51Z" user="mulgist" uid="12368943" lat="35.0241344" lon="126.7888688"/>
 <node id="8422493502" visible="true" version="1" changeset="99246467" timestamp="2021-02-14T11:49:51Z" user="mulgist" uid="12368943" lat="35.0240882" lon="126.7889479"/>
 <node id="8422493503" visible="true" version="1" changeset="99246467" timestamp="2021-02-14T11:49:51Z" user="mulgist" uid="12368943" lat="35.0240423" lon="126.7889026"/>
 <node id="8422493504" visible="true" version="1" changeset="99246467" timestamp="2021-02-14T11:49:51Z" user="mulgist" uid="12368943" lat="35.0239802" lon="126.7890035"/>
 <node id="8422493505" visible="true" version="1" changeset="99246467" timestamp="2021-02-14T11:49:51Z" user="mulgist" uid="12368943" lat="35.0240604" lon="126.7890850"/>
 <node id="8422493506" visible="true" version="1" changeset="99246467" timestamp="2021-02-14T11:49:51Z" user="mulgist" uid="12368943" lat="35.0240923" lon="126.7890344"/>
 <node id="8422493507" visible="true" version="1" changeset="99246467" timestamp="2021-02-14T11:49:51Z" user="mulgist" uid="12368943" lat="35.0241578" lon="126.7890958"/>
 <node id="8422493508" visible="true" version="1" changeset="99246467" timestamp="2021-02-14T11:49:51Z" user="mulgist" uid="12368943" lat="35.0241271" lon="126.7891446"/>
 <node id="8422493509" visible="true" version="1" changeset="99246467" timestamp="2021-02-14T11:49:51Z" user="mulgist" uid="12368943" lat="35.0242049" lon="126.7892177"/>
 <node id="8422493510" visible="true" version="1" changeset="99246467" timestamp="2021-02-14T11:49:51Z" user="mulgist" uid="12368943" lat="35.0247509" lon="126.7893107"/>
 <node id="8422493511" visible="true" version="1" changeset="99246467" timestamp="2021-02-14T11:49:51Z" user="mulgist" uid="12368943" lat="35.0244945" lon="126.7890701"/>
 <node id="8422493512" visible="true" version="1" changeset="99246467" timestamp="2021-02-14T11:49:51Z" user="mulgist" uid="12368943" lat="35.0245359" lon="126.7890043"/>
 <node id="8422493513" visible="true" version="1" changeset="99246467" timestamp="2021-02-14T11:49:51Z" user="mulgist" uid="12368943" lat="35.0244845" lon="126.7889560"/>
 <node id="8422493514" visible="true" version="1" changeset="99246467" timestamp="2021-02-14T11:49:51Z" user="mulgist" uid="12368943" lat="35.0246722" lon="126.7886580"/>
 <node id="8422493515" visible="true" version="1" changeset="99246467" timestamp="2021-02-14T11:49:51Z" user="mulgist" uid="12368943" lat="35.0247464" lon="126.7887270"/>
 <node id="8422493516" visible="true" version="1" changeset="99246467" timestamp="2021-02-14T11:49:51Z" user="mulgist" uid="12368943" lat="35.0246900" lon="126.7888231"/>
 <node id="8422493517" visible="true" version="1" changeset="99246467" timestamp="2021-02-14T11:49:51Z" user="mulgist" uid="12368943" lat="35.0247396" lon="126.7888677"/>
 <node id="8422493518" visible="true" version="1" changeset="99246467" timestamp="2021-02-14T11:49:51Z" user="mulgist" uid="12368943" lat="35.0246934" lon="126.7889467"/>
 <node id="8422493519" visible="true" version="1" changeset="99246467" timestamp="2021-02-14T11:49:51Z" user="mulgist" uid="12368943" lat="35.0246475" lon="126.7889015"/>
 <node id="8422493520" visible="true" version="1" changeset="99246467" timestamp="2021-02-14T11:49:51Z" user="mulgist" uid="12368943" lat="35.0245854" lon="126.7890024"/>
 <node id="8422493521" visible="true" version="1" changeset="99246467" timestamp="2021-02-14T11:49:51Z" user="mulgist" uid="12368943" lat="35.0246656" lon="126.7890839"/>
 <node id="8422493522" visible="true" version="1" changeset="99246467" timestamp="2021-02-14T11:49:51Z" user="mulgist" uid="12368943" lat="35.0246975" lon="126.7890332"/>
 <node id="8422493523" visible="true" version="1" changeset="99246467" timestamp="2021-02-14T11:49:51Z" user="mulgist" uid="12368943" lat="35.0247630" lon="126.7890947"/>
 <node id="8422493524" visible="true" version="1" changeset="99246467" timestamp="2021-02-14T11:49:51Z" user="mulgist" uid="12368943" lat="35.0247323" lon="126.7891435"/>
 <node id="8422493525" visible="true" version="1" changeset="99246467" timestamp="2021-02-14T11:49:51Z" user="mulgist" uid="12368943" lat="35.0248102" lon="126.7892165"/>
 <node id="8422493526" visible="true" version="1" changeset="99246467" timestamp="2021-02-14T11:49:51Z" user="mulgist" uid="12368943" lat="35.0253712" lon="126.7892917"/>
 <node id="8422493527" visible="true" version="1" changeset="99246467" timestamp="2021-02-14T11:49:51Z" user="mulgist" uid="12368943" lat="35.0251149" lon="126.7890511"/>
 <node id="8422493528" visible="true" version="1" changeset="99246467" timestamp="2021-02-14T11:49:51Z" user="mulgist" uid="12368943" lat="35.0251563" lon="126.7889853"/>
 <node id="8422493529" visible="true" version="1" changeset="99246467" timestamp="2021-02-14T11:49:51Z" user="mulgist" uid="12368943" lat="35.0251048" lon="126.7889371"/>
 <node id="8422493530" visible="true" version="1" changeset="99246467" timestamp="2021-02-14T11:49:51Z" user="mulgist" uid="12368943" lat="35.0252926" lon="126.7886390"/>
 <node id="8422493531" visible="true" version="1" changeset="99246467" timestamp="2021-02-14T11:49:51Z" user="mulgist" uid="12368943" lat="35.0253668" lon="126.7887080"/>
 <node id="8422493532" visible="true" version="1" changeset="99246467" timestamp="2021-02-14T11:49:51Z" user="mulgist" uid="12368943" lat="35.0253104" lon="126.7888041"/>
 <node id="8422493533" visible="true" version="1" changeset="99246467" timestamp="2021-02-14T11:49:51Z" user="mulgist" uid="12368943" lat="35.0253600" lon="126.7888487"/>
 <node id="8422493534" visible="true" version="1" changeset="99246467" timestamp="2021-02-14T11:49:51Z" user="mulgist" uid="12368943" lat="35.0253137" lon="126.7889278"/>
 <node id="8422493535" visible="true" version="1" changeset="99246467" timestamp="2021-02-14T11:49:51Z" user="mulgist" uid="12368943" lat="35.0252679" lon="126.7888825"/>
 <node id="8422493536" visible="true" version="1" changeset="99246467" timestamp="2021-02-14T11:49:51Z" user="mulgist" uid="12368943" lat="35.0252058" lon="126.7889834"/>
 <node id="8422493537" visible="true" version="1" changeset="99246467" timestamp="2021-02-14T11:49:51Z" user="mulgist" uid="12368943" lat="35.0252859" lon="126.7890649"/>
 <node id="8422493538" visible="true" version="1" changeset="99246467" timestamp="2021-02-14T11:49:51Z" user="mulgist" uid="12368943" lat="35.0253179" lon="126.7890143"/>
 <node id="8422493539" visible="true" version="1" changeset="99246467" timestamp="2021-02-14T11:49:51Z" user="mulgist" uid="12368943" lat="35.0253833" lon="126.7890757"/>
 <node id="8422493540" visible="true" version="1" changeset="99246467" timestamp="2021-02-14T11:49:51Z" user="mulgist" uid="12368943" lat="35.0253527" lon="126.7891245"/>
 <node id="8422493541" visible="true" version="1" changeset="99246467" timestamp="2021-02-14T11:49:51Z" user="mulgist" uid="12368943" lat="35.0254305" lon="126.7891976"/>
 <node id="8422493542" visible="true" version="1" changeset="99246467" timestamp="2021-02-14T11:49:51Z" user="mulgist" uid="12368943" lat="35.0254086" lon="126.7893272"/>
 <node id="8422493667" visible="true" version="1" changeset="99246467" timestamp="2021-02-14T11:49:51Z" user="mulgist" uid="12368943" lat="35.0261344" lon="126.7874768"/>
 <node id="8422493668" visible="true" version="1" changeset="99246467" timestamp="2021-02-14T11:49:51Z" user="mulgist" uid="12368943" lat="35.0251203" lon="126.7863502"/>
 <node id="8422493669" visible="true" version="3" changeset="164103601" timestamp="2025-03-26T03:07:38Z" user="LuxuryCoop" uid="7245212" lat="35.0234257" lon="126.7907562"/>
 <node id="8422493670" visible="true" version="3" changeset="164103601" timestamp="2025-03-26T03:07:38Z" user="LuxuryCoop" uid="7245212" lat="35.0234009" lon="126.7884240"/>
 <node id="8422493671" visible="true" version="3" changeset="164103601" timestamp="2025-03-26T03:07:38Z" user="LuxuryCoop" uid="7245212" lat="35.0224132" lon="126.7884349"/>
 <node id="8422493672" visible="true" version="3" changeset="164103601" timestamp="2025-03-26T03:07:38Z" user="LuxuryCoop" uid="7245212" lat="35.0224198" lon="126.7893156"/>
 <node id="8422493673" visible="true" version="3" changeset="164103601" timestamp="2025-03-26T03:07:38Z" user="LuxuryCoop" uid="7245212" lat="35.0234540" lon="126.7893042"/>
 <node id="8422493674" visible="true" version="3" changeset="164103601" timestamp="2025-03-26T03:07:38Z" user="LuxuryCoop" uid="7245212" lat="35.0234479" lon="126.7884801"/>
 <node id="8436597952" visible="true" version="1" changeset="99562383" timestamp="2021-02-19T05:10:29Z" user="mulgist" uid="12368943" lat="35.0247477" lon="126.7896932"/>
 <node id="8436597953" visible="true" version="1" changeset="99562383" timestamp="2021-02-19T05:10:29Z" user="mulgist" uid="12368943" lat="35.0242708" lon="126.7895083"/>
 <node id="8436597954" visible="true" version="1" changeset="99562383" timestamp="2021-02-19T05:10:29Z" user="mulgist" uid="12368943" lat="35.0236080" lon="126.7897240"/>
 <node id="8436597955" visible="true" version="1" changeset="99562383" timestamp="2021-02-19T05:10:29Z" user="mulgist" uid="12368943" lat="35.0231917" lon="126.7896069"/>
 <node id="8436597956" visible="true" version="1" changeset="99562383" timestamp="2021-02-19T05:10:29Z" user="mulgist" uid="12368943" lat="35.0231917" lon="126.7894159"/>
 <node id="8436597957" visible="true" version="1" changeset="99562383" timestamp="2021-02-19T05:10:29Z" user="mulgist" uid="12368943" lat="35.0224536" lon="126.7893974"/>
 <node id="8436597958" visible="true" version="1" changeset="99562383" timestamp="2021-02-19T05:10:29Z" user="mulgist" uid="12368943" lat="35.0222997" lon="126.7895268"/>
 <node id="8436597959" visible="true" version="1" changeset="99562383" timestamp="2021-02-19T05:10:29Z" user="mulgist" uid="12368943" lat="35.0220777" lon="126.7894097"/>
 <node id="8436597960" visible="true" version="1" changeset="99562383" timestamp="2021-02-19T05:10:29Z" user="mulgist" uid="12368943" lat="35.0209692" lon="126.7894559"/>
 <node id="8438285690" visible="true" version="2" changeset="144333236" timestamp="2023-11-22T16:36:43Z" user="asdfqwer51" uid="3350410" lat="35.0223465" lon="126.7883563"/>
 <node id="8438285691" visible="true" version="1" changeset="99601411" timestamp="2021-02-19T14:39:38Z" user="mulgist" uid="12368943" lat="35.0222040" lon="126.7903938"/>
 <node id="8438285692" visible="true" version="1" changeset="99601411" timestamp="2021-02-19T14:39:38Z" user="mulgist" uid="12368943" lat="35.0223160" lon="126.7903951"/>
 <node id="8438285693" visible="true" version="1" changeset="99601411" timestamp="2021-02-19T14:39:38Z" user="mulgist" uid="12368943" lat="35.0223138" lon="126.7900257"/>
 <node id="8438285694" visible="true" version="1" changeset="99601411" timestamp="2021-02-19T14:39:38Z" user="mulgist" uid="12368943" lat="35.0222056" lon="126.7900243"/>
 <node id="8438285695" visible="true" version="1" changeset="99601411" timestamp="2021-02-19T14:39:38Z" user="mulgist" uid="12368943" lat="35.0222046" lon="126.7900055"/>
 <node id="8438285696" visible="true" version="1" changeset="99601411" timestamp="2021-02-19T14:39:38Z" user="mulgist" uid="12368943" lat="35.0221941" lon="126.7899955"/>
 <node id="8438285697" visible="true" version="1" changeset="99601411" timestamp="2021-02-19T14:39:38Z" user="mulgist" uid="12368943" lat="35.0221837" lon="126.7899921"/>
 <node id="8438285698" visible="true" version="1" changeset="99601411" timestamp="2021-02-19T14:39:38Z" user="mulgist" uid="12368943" lat="35.0221617" lon="126.7899915"/>
 <node id="8438285699" visible="true" version="1" changeset="99601411" timestamp="2021-02-19T14:39:38Z" user="mulgist" uid="12368943" lat="35.0221425" lon="126.7899955"/>
 <node id="8438285700" visible="true" version="1" changeset="99601411" timestamp="2021-02-19T14:39:38Z" user="mulgist" uid="12368943" lat="35.0221222" lon="126.7900096"/>
 <node id="8438285701" visible="true" version="1" changeset="99601411" timestamp="2021-02-19T14:39:38Z" user="mulgist" uid="12368943" lat="35.0220980" lon="126.7900377"/>
 <node id="8438285702" visible="true" version="1" changeset="99601411" timestamp="2021-02-19T14:39:38Z" user="mulgist" uid="12368943" lat="35.0220914" lon="126.7900545"/>
 <node id="8438285703" visible="true" version="1" changeset="99601411" timestamp="2021-02-19T14:39:38Z" user="mulgist" uid="12368943" lat="35.0220909" lon="126.7900726"/>
 <node id="8438285704" visible="true" version="1" changeset="99601411" timestamp="2021-02-19T14:39:38Z" user="mulgist" uid="12368943" lat="35.0220909" lon="126.7900954"/>
 <node id="8438285705" visible="true" version="1" changeset="99601411" timestamp="2021-02-19T14:39:38Z" user="mulgist" uid="12368943" lat="35.0220958" lon="126.7901128"/>
 <node id="8438285706" visible="true" version="1" changeset="99601411" timestamp="2021-02-19T14:39:38Z" user="mulgist" uid="12368943" lat="35.0221002" lon="126.7901303"/>
 <node id="8438285707" visible="true" version="1" changeset="99601411" timestamp="2021-02-19T14:39:38Z" user="mulgist" uid="12368943" lat="35.0221079" lon="126.7901450"/>
 <node id="8438285708" visible="true" version="1" changeset="99601411" timestamp="2021-02-19T14:39:38Z" user="mulgist" uid="12368943" lat="35.0221194" lon="126.7901591"/>
 <node id="8438285709" visible="true" version="1" changeset="99601411" timestamp="2021-02-19T14:39:38Z" user="mulgist" uid="12368943" lat="35.0221315" lon="126.7901705"/>
 <node id="8438285710" visible="true" version="1" changeset="99601411" timestamp="2021-02-19T14:39:38Z" user="mulgist" uid="12368943" lat="35.0221409" lon="126.7901759"/>
 <node id="8438285711" visible="true" version="1" changeset="99601411" timestamp="2021-02-19T14:39:38Z" user="mulgist" uid="12368943" lat="35.0221502" lon="126.7901772"/>
 <node id="8438285712" visible="true" version="1" changeset="99601411" timestamp="2021-02-19T14:39:38Z" user="mulgist" uid="12368943" lat="35.0221623" lon="126.7901785"/>
 <node id="8438285713" visible="true" version="1" changeset="99601411" timestamp="2021-02-19T14:39:38Z" user="mulgist" uid="12368943" lat="35.0222029" lon="126.7901819"/>
 <node id="8438285714" visible="true" version="1" changeset="99601411" timestamp="2021-02-19T14:39:38Z" user="mulgist" uid="12368943" lat="35.0221087" lon="126.7900226"/>
 <node id="8438285715" visible="true" version="2" changeset="144332579" timestamp="2023-11-22T16:15:50Z" user="asdfqwer51" uid="3350410" lat="35.0220744" lon="126.7904563"/>
 <node id="8438285716" visible="true" version="2" changeset="144332579" timestamp="2023-11-22T16:15:50Z" user="asdfqwer51" uid="3350410" lat="35.0220769" lon="126.7907779"/>
 <node id="8438286317" visible="true" version="2" changeset="144332579" timestamp="2023-11-22T16:15:50Z" user="asdfqwer51" uid="3350410" lat="35.0222072" lon="126.7907764"/>
 <node id="8438286318" visible="true" version="2" changeset="144332579" timestamp="2023-11-22T16:15:50Z" user="asdfqwer51" uid="3350410" lat="35.0222075" lon="126.7908065"/>
 <node id="8438286319" visible="true" version="2" changeset="144332579" timestamp="2023-11-22T16:15:50Z" user="asdfqwer51" uid="3350410" lat="35.0222888" lon="126.7908055"/>
 <node id="8438286320" visible="true" version="2" changeset="144332579" timestamp="2023-11-22T16:15:50Z" user="asdfqwer51" uid="3350410" lat="35.0222877" lon="126.7906696"/>
 <node id="8438286321" visible="true" version="2" changeset="144332579" timestamp="2023-11-22T16:15:50Z" user="asdfqwer51" uid="3350410" lat="35.0223063" lon="126.7906693"/>
 <node id="8438286322" visible="true" version="2" changeset="144332579" timestamp="2023-11-22T16:15:50Z" user="asdfqwer51" uid="3350410" lat="35.0223053" lon="126.7905388"/>
 <node id="8438286323" visible="true" version="2" changeset="144332579" timestamp="2023-11-22T16:15:50Z" user="asdfqwer51" uid="3350410" lat="35.0222875" lon="126.7905390"/>
 <node id="8438286324" visible="true" version="2" changeset="144332579" timestamp="2023-11-22T16:15:50Z" user="asdfqwer51" uid="3350410" lat="35.0222869" lon="126.7904538"/>
 <node id="8438286325" visible="true" version="1" changeset="99601411" timestamp="2021-02-19T14:39:38Z" user="mulgist" uid="12368943" lat="35.0228349" lon="126.7894070"/>
 <node id="8438286326" visible="true" version="1" changeset="99601411" timestamp="2021-02-19T14:39:38Z" user="mulgist" uid="12368943" lat="35.0228273" lon="126.7898558"/>
 <node id="8438286327" visible="true" version="1" changeset="99601411" timestamp="2021-02-19T14:39:38Z" user="mulgist" uid="12368943" lat="35.0228298" lon="126.7897087"/>
 <node id="8438286328" visible="true" version="1" changeset="99601411" timestamp="2021-02-19T14:39:38Z" user="mulgist" uid="12368943" lat="35.0228315" lon="126.7896094"/>
 <node id="8438286329" visible="true" version="4" changeset="176319095" timestamp="2025-12-23T17:30:15Z" user="aaei924" uid="10626814" lat="35.0211185" lon="126.7890908">
  <tag k="bus" v="yes"/>
  <tag k="name" v="호수공원"/>
  <tag k="name:en" v="Lake Park"/>
  <tag k="operator" v="나주시"/>
  <tag k="public_transport" v="stop_position"/>
 </node>
 <node id="8438286330" visible="true" version="1" changeset="99601411" timestamp="2021-02-19T14:39:38Z" user="mulgist" uid="12368943" lat="35.0210718" lon="126.7887460"/>
 <node id="8438286331" visible="true" version="1" changeset="99601411" timestamp="2021-02-19T14:39:38Z" user="mulgist" uid="12368943" lat="35.0209863" lon="126.7905018"/>
 <node id="8438286332" visible="true" version="1" changeset="99601411" timestamp="2021-02-19T14:39:38Z" user="mulgist" uid="12368943" lat="35.0208150" lon="126.7889573"/>
 <node id="8438286333" visible="true" version="1" changeset="99601411" timestamp="2021-02-19T14:39:38Z" user="mulgist" uid="12368943" lat="35.0207705" lon="126.7892497"/>
 <node id="8438286334" visible="true" version="3" changeset="185763392" timestamp="2026-07-15T06:20:29Z" user="야광멧돼지" uid="12393144" lat="35.0205200" lon="126.7897518"/>
 <node id="8438286335" visible="true" version="1" changeset="99601411" timestamp="2021-02-19T14:39:38Z" user="mulgist" uid="12368943" lat="35.0203430" lon="126.7907036"/>
 <node id="8438286336" visible="true" version="3" changeset="185763392" timestamp="2026-07-15T06:20:29Z" user="야광멧돼지" uid="12393144" lat="35.0191864" lon="126.7909742"/>
 <node id="8438286337" visible="true" version="1" changeset="99601411" timestamp="2021-02-19T14:39:38Z" user="mulgist" uid="12368943" lat="35.0210994" lon="126.7904844"/>
 <node id="8438286338" visible="true" version="1" changeset="99601411" timestamp="2021-02-19T14:39:38Z" user="mulgist" uid="12368943" lat="35.0210275" lon="126.7904875"/>
 <node id="8438286339" visible="true" version="1" changeset="99601411" timestamp="2021-02-19T14:39:38Z" user="mulgist" uid="12368943" lat="35.0209228" lon="126.7905491"/>
 <node id="8438286340" visible="true" version="1" changeset="99601411" timestamp="2021-02-19T14:39:38Z" user="mulgist" uid="12368943" lat="35.0208193" lon="126.7906662"/>
 <node id="8438286341" visible="true" version="1" changeset="99601411" timestamp="2021-02-19T14:39:38Z" user="mulgist" uid="12368943" lat="35.0207512" lon="126.7909250"/>
 <node id="8438286342" visible="true" version="1" changeset="99601411" timestamp="2021-02-19T14:39:38Z" user="mulgist" uid="12368943" lat="35.0209143" lon="126.7905586"/>
 <node id="8438286343" visible="true" version="1" changeset="99601411" timestamp="2021-02-19T14:39:38Z" user="mulgist" uid="12368943" lat="35.0210880" lon="126.7908140"/>
 <node id="8438286344" visible="true" version="1" changeset="99601411" timestamp="2021-02-19T14:39:38Z" user="mulgist" uid="12368943" lat="35.0210666" lon="126.7908603"/>
 <node id="8438286345" visible="true" version="1" changeset="99601411" timestamp="2021-02-19T14:39:38Z" user="mulgist" uid="12368943" lat="35.0210627" lon="126.7904859"/>
 <node id="8438286346" visible="true" version="1" changeset="99601411" timestamp="2021-02-19T14:39:38Z" user="mulgist" uid="12368943" lat="35.0210628" lon="126.7906939"/>
 <node id="8438286347" visible="true" version="1" changeset="99601411" timestamp="2021-02-19T14:39:38Z" user="mulgist" uid="12368943" lat="35.0210298" lon="126.7907284"/>
 <node id="8438286348" visible="true" version="1" changeset="99601411" timestamp="2021-02-19T14:39:38Z" user="mulgist" uid="12368943" lat="35.0209806" lon="126.7907928"/>
 <node id="8438286349" visible="true" version="1" changeset="99601411" timestamp="2021-02-19T14:39:38Z" user="mulgist" uid="12368943" lat="35.0209190" lon="126.7908603"/>
 <node id="8438286350" visible="true" version="1" changeset="99601411" timestamp="2021-02-19T14:39:38Z" user="mulgist" uid="12368943" lat="35.0207620" lon="126.7908592"/>
 <node id="8438286351" visible="true" version="2" changeset="185763392" timestamp="2026-07-15T06:20:29Z" user="야광멧돼지" uid="12393144" lat="35.0187320" lon="126.7893320"/>
 <node id="8438286352" visible="true" version="2" changeset="185763392" timestamp="2026-07-15T06:20:29Z" user="야광멧돼지" uid="12393144" lat="35.0185910" lon="126.7892866"/>
 <node id="8438286353" visible="true" version="2" changeset="185763392" timestamp="2026-07-15T06:20:29Z" user="야광멧돼지" uid="12393144" lat="35.0185149" lon="126.7891910"/>
 <node id="8438286354" visible="true" version="2" changeset="185763392" timestamp="2026-07-15T06:20:29Z" user="야광멧돼지" uid="12393144" lat="35.0183901" lon="126.7891250"/>
 <node id="8438286356" visible="true" version="1" changeset="99601411" timestamp="2021-02-19T14:39:38Z" user="mulgist" uid="12368943" lat="35.0154460" lon="126.7876078"/>
 <node id="8438286357" visible="true" version="1" changeset="99601411" timestamp="2021-02-19T14:39:38Z" user="mulgist" uid="12368943" lat="35.0155411" lon="126.7879214"/>
 <node id="8438286358" visible="true" version="1" changeset="99601411" timestamp="2021-02-19T14:39:38Z" user="mulgist" uid="12368943" lat="35.0155307" lon="126.7859279"/>
 <node id="8438286359" visible="true" version="2" changeset="144398789" timestamp="2023-11-24T08:57:10Z" user="asdfqwer51" uid="3350410" lat="35.0210287" lon="126.7884837"/>
 <node id="8438286360" visible="true" version="1" changeset="99601411" timestamp="2021-02-19T14:39:38Z" user="mulgist" uid="12368943" lat="35.0210300" lon="126.7893913"/>
 <node id="8438286361" visible="true" version="1" changeset="99601411" timestamp="2021-02-19T14:39:38Z" user="mulgist" uid="12368943" lat="35.0210717" lon="126.7907450"/>
 <node id="8438286362" visible="true" version="1" changeset="99601411" timestamp="2021-02-19T14:39:38Z" user="mulgist" uid="12368943" lat="35.0195613" lon="126.7910890"/>
 <node id="8438286428" visible="true" version="2" changeset="124040733" timestamp="2022-07-25T08:53:04Z" user="FUKUTAN" uid="5207199" lat="35.0112371" lon="126.7815051"/>
 <node id="8438286434" visible="true" version="1" changeset="99601411" timestamp="2021-02-19T14:39:38Z" user="mulgist" uid="12368943" lat="35.0203179" lon="126.7890743"/>
 <node id="8438286435" visible="true" version="1" changeset="99601411" timestamp="2021-02-19T14:39:38Z" user="mulgist" uid="12368943" lat="35.0202630" lon="126.7889201"/>
 <node id="8438286436" visible="true" version="1" changeset="99601411" timestamp="2021-02-19T14:39:38Z" user="mulgist" uid="12368943" lat="35.0201740" lon="126.7887900"/>
 <node id="8438286437" visible="true" version="1" changeset="99601411" timestamp="2021-02-19T14:39:38Z" user="mulgist" uid="12368943" lat="35.0200565" lon="126.7888061"/>
 <node id="8438286438" visible="true" version="1" changeset="99601411" timestamp="2021-02-19T14:39:38Z" user="mulgist" uid="12368943" lat="35.0199775" lon="126.7889268"/>
 <node id="8438286439" visible="true" version="1" changeset="99601411" timestamp="2021-02-19T14:39:38Z" user="mulgist" uid="12368943" lat="35.0200093" lon="126.7890394"/>
 <node id="8438286440" visible="true" version="1" changeset="99601411" timestamp="2021-02-19T14:39:38Z" user="mulgist" uid="12368943" lat="35.0201016" lon="126.7891145"/>
 <node id="8438286441" visible="true" version="1" changeset="99601411" timestamp="2021-02-19T14:39:38Z" user="mulgist" uid="12368943" lat="35.0201587" lon="126.7891601"/>
 <node id="8438286442" visible="true" version="1" changeset="99601411" timestamp="2021-02-19T14:39:38Z" user="mulgist" uid="12368943" lat="35.0201472" lon="126.7891884"/>
 <node id="8438286443" visible="true" version="1" changeset="99601411" timestamp="2021-02-19T14:39:38Z" user="mulgist" uid="12368943" lat="35.0202141" lon="126.7888486"/>
 <node id="8438286444" visible="true" version="1" changeset="99601411" timestamp="2021-02-19T14:39:38Z" user="mulgist" uid="12368943" lat="35.0189077" lon="126.7877792"/>
 <node id="8438286445" visible="true" version="1" changeset="99601411" timestamp="2021-02-19T14:39:38Z" user="mulgist" uid="12368943" lat="35.0190107" lon="126.7879932"/>
 <node id="8438286446" visible="true" version="1" changeset="99601411" timestamp="2021-02-19T14:39:38Z" user="mulgist" uid="12368943" lat="35.0192321" lon="126.7873234"/>
 <node id="8438286452" visible="true" version="1" changeset="99601411" timestamp="2021-02-19T14:39:38Z" user="mulgist" uid="12368943" lat="35.0167526" lon="126.7858889"/>
 <node id="8438286454" visible="true" version="1" changeset="99601411" timestamp="2021-02-19T14:39:38Z" user="mulgist" uid="12368943" lat="35.0144612" lon="126.7841953"/>
 <node id="8438286455" visible="true" version="1" changeset="99601411" timestamp="2021-02-19T14:39:38Z" user="mulgist" uid="12368943" lat="35.0152108" lon="126.7845998"/>
 <node id="8438286456" visible="true" version="1" changeset="99601411" timestamp="2021-02-19T14:39:38Z" user="mulgist" uid="12368943" lat="35.0151983" lon="126.7844776"/>
 <node id="8438286457" visible="true" version="1" changeset="99601411" timestamp="2021-02-19T14:39:38Z" user="mulgist" uid="12368943" lat="35.0152286" lon="126.7843698"/>
 <node id="8438286458" visible="true" version="1" changeset="99601411" timestamp="2021-02-19T14:39:38Z" user="mulgist" uid="12368943" lat="35.0154292" lon="126.7848890"/>
 <node id="8438286459" visible="true" version="1" changeset="99601411" timestamp="2021-02-19T14:39:38Z" user="mulgist" uid="12368943" lat="35.0155559" lon="126.7849047"/>
 <node id="8438286460" visible="true" version="1" changeset="99601411" timestamp="2021-02-19T14:39:38Z" user="mulgist" uid="12368943" lat="35.0156758" lon="126.7848632"/>
 <node id="8438286461" visible="true" version="1" changeset="99601411" timestamp="2021-02-19T14:39:38Z" user="mulgist" uid="12368943" lat="35.0157441" lon="126.7848031"/>
 <node id="8438286462" visible="true" version="1" changeset="99601411" timestamp="2021-02-19T14:39:38Z" user="mulgist" uid="12368943" lat="35.0157840" lon="126.7847470"/>
 <node id="8438286463" visible="true" version="1" changeset="99601411" timestamp="2021-02-19T14:39:38Z" user="mulgist" uid="12368943" lat="35.0164076" lon="126.7851188"/>
 <node id="8438286464" visible="true" version="1" changeset="99601411" timestamp="2021-02-19T14:39:38Z" user="mulgist" uid="12368943" lat="35.0163914" lon="126.7852803"/>
 <node id="8438286465" visible="true" version="1" changeset="99601411" timestamp="2021-02-19T14:39:38Z" user="mulgist" uid="12368943" lat="35.0164365" lon="126.7854180"/>
 <node id="8438286466" visible="true" version="1" changeset="99601411" timestamp="2021-02-19T14:39:38Z" user="mulgist" uid="12368943" lat="35.0165041" lon="126.7855377"/>
 <node id="8438286467" visible="true" version="1" changeset="99601411" timestamp="2021-02-19T14:39:38Z" user="mulgist" uid="12368943" lat="35.0165828" lon="126.7856036"/>
 <node id="8438286468" visible="true" version="1" changeset="99601411" timestamp="2021-02-19T14:39:38Z" user="mulgist" uid="12368943" lat="35.0168928" lon="126.7855832"/>
 <node id="8438286469" visible="true" version="1" changeset="99601411" timestamp="2021-02-19T14:39:38Z" user="mulgist" uid="12368943" lat="35.0169960" lon="126.7854412"/>
 <node id="8438286470" visible="true" version="1" changeset="99601411" timestamp="2021-02-19T14:39:38Z" user="mulgist" uid="12368943" lat="35.0169510" lon="126.7855223"/>
 <node id="8438286471" visible="true" version="1" changeset="99601411" timestamp="2021-02-19T14:39:38Z" user="mulgist" uid="12368943" lat="35.0166122" lon="126.7862411"/>
 <node id="8440076342" visible="true" version="2" changeset="144332579" timestamp="2023-11-22T16:15:50Z" user="asdfqwer51" uid="3350410" lat="35.0151022" lon="126.7953787"/>
 <node id="8440076343" visible="true" version="1" changeset="99630021" timestamp="2021-02-20T08:24:13Z" user="mulgist" uid="12368943" lat="35.0145807" lon="126.7944213"/>
 <node id="8440076349" visible="true" version="2" changeset="144332579" timestamp="2023-11-22T16:15:50Z" user="asdfqwer51" uid="3350410" lat="35.0174960" lon="126.7942923">
  <tag k="crossing" v="marked"/>
  <tag k="highway" v="crossing"/>
 </node>
 <node id="8440076376" visible="true" version="2" changeset="144332579" timestamp="2023-11-22T16:15:50Z" user="asdfqwer51" uid="3350410" lat="35.0157019" lon="126.7951111">
  <tag k="crossing" v="marked"/>
  <tag k="highway" v="crossing"/>
 </node>
 <node id="8440076379" visible="true" version="2" changeset="144332579" timestamp="2023-11-22T16:15:50Z" user="asdfqwer51" uid="3350410" lat="35.0159941" lon="126.7948979">
  <tag k="crossing" v="marked"/>
  <tag k="highway" v="crossing"/>
 </node>
 <node id="8440076401" visible="true" version="2" changeset="144332579" timestamp="2023-11-22T16:15:50Z" user="asdfqwer51" uid="3350410" lat="35.0202791" lon="126.7940664"/>
 <node id="8440076402" visible="true" version="2" changeset="144332579" timestamp="2023-11-22T16:15:50Z" user="asdfqwer51" uid="3350410" lat="35.0203742" lon="126.7940399"/>
 <node id="8440076403" visible="true" version="2" changeset="144332579" timestamp="2023-11-22T16:15:50Z" user="asdfqwer51" uid="3350410" lat="35.0204737" lon="126.7936036"/>
 <node id="8440076404" visible="true" version="1" changeset="99630021" timestamp="2021-02-20T08:24:13Z" user="mulgist" uid="12368943" lat="35.0189829" lon="126.7922094"/>
 <node id="8440076405" visible="true" version="1" changeset="99630021" timestamp="2021-02-20T08:24:13Z" user="mulgist" uid="12368943" lat="35.0195814" lon="126.7929296"/>
 <node id="8440076406" visible="true" version="1" changeset="99630021" timestamp="2021-02-20T08:24:13Z" user="mulgist" uid="12368943" lat="35.0196466" lon="126.7929261"/>
 <node id="8440076407" visible="true" version="1" changeset="99630021" timestamp="2021-02-20T08:24:13Z" user="mulgist" uid="12368943" lat="35.0200596" lon="126.7924235"/>
 <node id="8440076408" visible="true" version="1" changeset="99630021" timestamp="2021-02-20T08:24:13Z" user="mulgist" uid="12368943" lat="35.0200582" lon="126.7923793"/>
 <node id="8440076409" visible="true" version="1" changeset="99630021" timestamp="2021-02-20T08:24:13Z" user="mulgist" uid="12368943" lat="35.0194539" lon="126.7916360"/>
 <node id="8440076410" visible="true" version="1" changeset="99630021" timestamp="2021-02-20T08:24:13Z" user="mulgist" uid="12368943" lat="35.0193785" lon="126.7916219"/>
 <node id="8440076411" visible="true" version="1" changeset="99630021" timestamp="2021-02-20T08:24:13Z" user="mulgist" uid="12368943" lat="35.0189901" lon="126.7920926"/>
 <node id="8440076412" visible="true" version="1" changeset="99630021" timestamp="2021-02-20T08:24:13Z" user="mulgist" uid="12368943" lat="35.0193589" lon="126.7916456"/>
 <node id="8440076413" visible="true" version="2" changeset="144332579" timestamp="2023-11-22T16:15:50Z" user="asdfqwer51" uid="3350410" lat="35.0191890" lon="126.7914495"/>
 <node id="8440076414" visible="true" version="2" changeset="144332579" timestamp="2023-11-22T16:15:50Z" user="asdfqwer51" uid="3350410" lat="35.0192647" lon="126.7915577">
  <tag k="crossing" v="marked"/>
  <tag k="highway" v="crossing"/>
 </node>
 <node id="8440076416" visible="true" version="2" changeset="144332579" timestamp="2023-11-22T16:15:50Z" user="asdfqwer51" uid="3350410" lat="35.0189076" lon="126.7919886">
  <tag k="crossing" v="marked"/>
  <tag k="highway" v="crossing"/>
 </node>
 <node id="8440089517" visible="true" version="1" changeset="99630021" timestamp="2021-02-20T08:24:13Z" user="mulgist" uid="12368943" lat="35.0194075" lon="126.7916273"/>
 <node id="8440089518" visible="true" version="1" changeset="99630021" timestamp="2021-02-20T08:24:13Z" user="mulgist" uid="12368943" lat="35.0195261" lon="126.7914748"/>
 <node id="8440089519" visible="true" version="1" changeset="99630021" timestamp="2021-02-20T08:24:13Z" user="mulgist" uid="12368943" lat="35.0194668" lon="126.7915511">
  <tag k="crossing" v="marked"/>
  <tag k="highway" v="crossing"/>
 </node>
 <node id="8440089520" visible="true" version="1" changeset="99630021" timestamp="2021-02-20T08:24:13Z" user="mulgist" uid="12368943" lat="35.0195399" lon="126.7914380"/>
 <node id="8440089521" visible="true" version="1" changeset="99630021" timestamp="2021-02-20T08:24:13Z" user="mulgist" uid="12368943" lat="35.0196194" lon="126.7913364"/>
 <node id="8440089522" visible="true" version="1" changeset="99630021" timestamp="2021-02-20T08:24:13Z" user="mulgist" uid="12368943" lat="35.0197595" lon="126.7912193"/>
 <node id="8440089523" visible="true" version="1" changeset="99630021" timestamp="2021-02-20T08:24:13Z" user="mulgist" uid="12368943" lat="35.0198781" lon="126.7911592"/>
 <node id="8440089524" visible="true" version="1" changeset="99630021" timestamp="2021-02-20T08:24:13Z" user="mulgist" uid="12368943" lat="35.0200080" lon="126.7911284"/>
 <node id="8440089525" visible="true" version="1" changeset="99630021" timestamp="2021-02-20T08:24:13Z" user="mulgist" uid="12368943" lat="35.0201682" lon="126.7911191"/>
 <node id="8440089526" visible="true" version="2" changeset="144332579" timestamp="2023-11-22T16:15:50Z" user="asdfqwer51" uid="3350410" lat="35.0205051" lon="126.7911199"/>
 <node id="8440089527" visible="true" version="2" changeset="144332579" timestamp="2023-11-22T16:15:50Z" user="asdfqwer51" uid="3350410" lat="35.0205863" lon="126.7911765"/>
 <node id="8440089528" visible="true" version="2" changeset="144332579" timestamp="2023-11-22T16:15:50Z" user="asdfqwer51" uid="3350410" lat="35.0205834" lon="126.7915406"/>
 <node id="8440089529" visible="true" version="2" changeset="144332579" timestamp="2023-11-22T16:15:50Z" user="asdfqwer51" uid="3350410" lat="35.0205244" lon="126.7915957"/>
 <node id="8440089530" visible="true" version="2" changeset="144332579" timestamp="2023-11-22T16:15:50Z" user="asdfqwer51" uid="3350410" lat="35.0200237" lon="126.7915976"/>
 <node id="8440089531" visible="true" version="2" changeset="144332579" timestamp="2023-11-22T16:15:50Z" user="asdfqwer51" uid="3350410" lat="35.0199778" lon="126.7916112"/>
 <node id="8440089532" visible="true" version="2" changeset="144332579" timestamp="2023-11-22T16:15:50Z" user="asdfqwer51" uid="3350410" lat="35.0198725" lon="126.7916774"/>
 <node id="8440089533" visible="true" version="2" changeset="144332579" timestamp="2023-11-22T16:15:50Z" user="asdfqwer51" uid="3350410" lat="35.0197937" lon="126.7917709"/>
 <node id="8440089534" visible="true" version="2" changeset="144332579" timestamp="2023-11-22T16:15:50Z" user="asdfqwer51" uid="3350410" lat="35.0197290" lon="126.7917676"/>
 <node id="8440089535" visible="true" version="1" changeset="99630021" timestamp="2021-02-20T08:24:13Z" user="mulgist" uid="12368943" lat="35.0195413" lon="126.7915551"/>
 <node id="8440089537" visible="true" version="2" changeset="144332579" timestamp="2023-11-22T16:15:50Z" user="asdfqwer51" uid="3350410" lat="35.0205083" lon="126.7909212"/>
 <node id="8440089538" visible="true" version="2" changeset="144332579" timestamp="2023-11-22T16:15:50Z" user="asdfqwer51" uid="3350410" lat="35.0204991" lon="126.7909821">
  <tag k="crossing" v="marked"/>
  <tag k="highway" v="crossing"/>
 </node>
 <node id="8440089539" visible="true" version="1" changeset="99630021" timestamp="2021-02-20T08:24:13Z" user="mulgist" uid="12368943" lat="35.0199109" lon="126.7918971"/>
 <node id="8440089540" visible="true" version="1" changeset="99630021" timestamp="2021-02-20T08:24:13Z" user="mulgist" uid="12368943" lat="35.0199059" lon="126.7920050"/>
 <node id="8440089541" visible="true" version="1" changeset="99630021" timestamp="2021-02-20T08:24:13Z" user="mulgist" uid="12368943" lat="35.0201607" lon="126.7923084"/>
 <node id="8440089542" visible="true" version="1" changeset="99630021" timestamp="2021-02-20T08:24:13Z" user="mulgist" uid="12368943" lat="35.0202099" lon="126.7923362"/>
 <node id="8440089543" visible="true" version="1" changeset="99630021" timestamp="2021-02-20T08:24:13Z" user="mulgist" uid="12368943" lat="35.0205379" lon="126.7923362"/>
 <node id="8440089544" visible="true" version="1" changeset="99630021" timestamp="2021-02-20T08:24:13Z" user="mulgist" uid="12368943" lat="35.0205997" lon="126.7922715"/>
 <node id="8440089545" visible="true" version="1" changeset="99630021" timestamp="2021-02-20T08:24:13Z" user="mulgist" uid="12368943" lat="35.0206023" lon="126.7918263"/>
 <node id="8440089546" visible="true" version="1" changeset="99630021" timestamp="2021-02-20T08:24:13Z" user="mulgist" uid="12368943" lat="35.0205177" lon="126.7917662"/>
 <node id="8440089547" visible="true" version="1" changeset="99630021" timestamp="2021-02-20T08:24:13Z" user="mulgist" uid="12368943" lat="35.0200560" lon="126.7917662"/>
 <node id="8440089549" visible="true" version="1" changeset="99630021" timestamp="2021-02-20T08:24:13Z" user="mulgist" uid="12368943" lat="35.0205690" lon="126.7918026"/>
 <node id="8440089550" visible="true" version="2" changeset="144332579" timestamp="2023-11-22T16:15:50Z" user="asdfqwer51" uid="3350410" lat="35.0205218" lon="126.7916756">
  <tag k="crossing" v="marked"/>
  <tag k="highway" v="crossing"/>
 </node>
 <node id="8440089551" visible="true" version="2" changeset="144332579" timestamp="2023-11-22T16:15:50Z" user="asdfqwer51" uid="3350410" lat="35.0201773" lon="126.7924419"/>
 <node id="8440089552" visible="true" version="2" changeset="144332579" timestamp="2023-11-22T16:15:50Z" user="asdfqwer51" uid="3350410" lat="35.0196588" lon="126.7930704"/>
 <node id="8440089553" visible="true" version="2" changeset="144332579" timestamp="2023-11-22T16:15:50Z" user="asdfqwer51" uid="3350410" lat="35.0196474" lon="126.7934586"/>
 <node id="8440089554" visible="true" version="2" changeset="144332579" timestamp="2023-11-22T16:15:50Z" user="asdfqwer51" uid="3350410" lat="35.0201215" lon="126.7935025"/>
 <node id="8440089555" visible="true" version="2" changeset="144332579" timestamp="2023-11-22T16:15:50Z" user="asdfqwer51" uid="3350410" lat="35.0205689" lon="126.7929888"/>
 <node id="8440089556" visible="true" version="2" changeset="144332579" timestamp="2023-11-22T16:15:50Z" user="asdfqwer51" uid="3350410" lat="35.0205689" lon="126.7925020"/>
 <node id="8440089557" visible="true" version="2" changeset="144332579" timestamp="2023-11-22T16:15:50Z" user="asdfqwer51" uid="3350410" lat="35.0205122" lon="126.7924434"/>
 <node id="8440089558" visible="true" version="1" changeset="99630021" timestamp="2021-02-20T08:24:13Z" user="mulgist" uid="12368943" lat="35.0205639" lon="126.7923090"/>
 <node id="8440089559" visible="true" version="2" changeset="144332579" timestamp="2023-11-22T16:15:50Z" user="asdfqwer51" uid="3350410" lat="35.0205438" lon="126.7924761"/>
 <node id="8440089560" visible="true" version="1" changeset="99630021" timestamp="2021-02-20T08:24:13Z" user="mulgist" uid="12368943" lat="35.0205638" lon="126.7924153">
  <tag k="crossing" v="marked"/>
  <tag k="highway" v="crossing"/>
 </node>
 <node id="8440089561" visible="true" version="2" changeset="144332579" timestamp="2023-11-22T16:15:50Z" user="asdfqwer51" uid="3350410" lat="35.0206770" lon="126.7925082"/>
 <node id="8440089562" visible="true" version="1" changeset="99630021" timestamp="2021-02-20T08:24:13Z" user="mulgist" uid="12368943" lat="35.0206341" lon="126.7925488">
  <tag k="crossing" v="marked"/>
  <tag k="highway" v="crossing"/>
 </node>
 <node id="8440089563" visible="true" version="1" changeset="99630021" timestamp="2021-02-20T08:24:13Z" user="mulgist" uid="12368943" lat="35.0210497" lon="126.7908952"/>
 <node id="8440089564" visible="true" version="1" changeset="99630021" timestamp="2021-02-20T08:24:13Z" user="mulgist" uid="12368943" lat="35.0210483" lon="126.7910739"/>
 <node id="8440089565" visible="true" version="1" changeset="99630021" timestamp="2021-02-20T08:24:13Z" user="mulgist" uid="12368943" lat="35.0210490" lon="126.7909842">
  <tag k="crossing" v="marked"/>
  <tag k="highway" v="crossing"/>
 </node>
 <node id="8440089566" visible="true" version="2" changeset="144332579" timestamp="2023-11-22T16:15:50Z" user="asdfqwer51" uid="3350410" lat="35.0208127" lon="126.7910296"/>
 <node id="8440089567" visible="true" version="2" changeset="144332579" timestamp="2023-11-22T16:15:50Z" user="asdfqwer51" uid="3350410" lat="35.0207344" lon="126.7910898"/>
 <node id="8440089568" visible="true" version="2" changeset="144332579" timestamp="2023-11-22T16:15:50Z" user="asdfqwer51" uid="3350410" lat="35.0207025" lon="126.7911668"/>
 <node id="8440089569" visible="true" version="2" changeset="144332579" timestamp="2023-11-22T16:15:50Z" user="asdfqwer51" uid="3350410" lat="35.0206869" lon="126.7913572"/>
 <node id="8440089570" visible="true" version="2" changeset="144332579" timestamp="2023-11-22T16:15:50Z" user="asdfqwer51" uid="3350410" lat="35.0206735" lon="126.7930547"/>
 <node id="8440089571" visible="true" version="2" changeset="144332579" timestamp="2023-11-22T16:15:50Z" user="asdfqwer51" uid="3350410" lat="35.0201468" lon="126.7936856"/>
 <node id="8440089572" visible="true" version="2" changeset="144332579" timestamp="2023-11-22T16:15:50Z" user="asdfqwer51" uid="3350410" lat="35.0178701" lon="126.7936670"/>
 <node id="8440089573" visible="true" version="2" changeset="144332579" timestamp="2023-11-22T16:15:50Z" user="asdfqwer51" uid="3350410" lat="35.0177895" lon="126.7936529"/>
 <node id="8440089574" visible="true" version="2" changeset="144332579" timestamp="2023-11-22T16:15:50Z" user="asdfqwer51" uid="3350410" lat="35.0177485" lon="126.7937076"/>
 <node id="8440089575" visible="true" version="2" changeset="144332579" timestamp="2023-11-22T16:15:50Z" user="asdfqwer51" uid="3350410" lat="35.0177675" lon="126.7940400"/>
 <node id="8440089576" visible="true" version="3" changeset="144332579" timestamp="2023-11-22T16:15:50Z" user="asdfqwer51" uid="3350410" lat="35.0203229" lon="126.7932574"/>
 <node id="8440089577" visible="true" version="3" changeset="144332579" timestamp="2023-11-22T16:15:50Z" user="asdfqwer51" uid="3350410" lat="35.0204066" lon="126.7933915"/>
 <node id="8440089578" visible="true" version="3" changeset="144332579" timestamp="2023-11-22T16:15:50Z" user="asdfqwer51" uid="3350410" lat="35.0203626" lon="126.7933272">
  <tag k="crossing" v="marked"/>
  <tag k="highway" v="crossing"/>
 </node>
 <node id="8440089579" visible="true" version="3" changeset="144332579" timestamp="2023-11-22T16:15:50Z" user="asdfqwer51" uid="3350410" lat="35.0199309" lon="126.7927625"/>
 <node id="8440089580" visible="true" version="2" changeset="100536009" timestamp="2021-03-06T13:32:44Z" user="mulgist" uid="12368943" lat="35.0198481" lon="126.7926769"/>
 <node id="8440089581" visible="true" version="2" changeset="100536009" timestamp="2021-03-06T13:32:44Z" user="mulgist" uid="12368943" lat="35.0198992" lon="126.7927362">
  <tag k="crossing" v="marked"/>
  <tag k="highway" v="crossing"/>
 </node>
 <node id="8440089609" visible="true" version="1" changeset="99630021" timestamp="2021-02-20T08:24:13Z" user="mulgist" uid="12368943" lat="35.0196541" lon="126.7929169"/>
 <node id="8440089610" visible="true" version="2" changeset="144332579" timestamp="2023-11-22T16:15:50Z" user="asdfqwer51" uid="3350410" lat="35.0197217" lon="126.7929941"/>
 <node id="8440089611" visible="true" version="1" changeset="99630021" timestamp="2021-02-20T08:24:13Z" user="mulgist" uid="12368943" lat="35.0200371" lon="126.7924510"/>
 <node id="8440089612" visible="true" version="2" changeset="144332579" timestamp="2023-11-22T16:15:50Z" user="asdfqwer51" uid="3350410" lat="35.0201086" lon="126.7925252"/>
 <node id="8440089613" visible="true" version="1" changeset="99630021" timestamp="2021-02-20T08:24:13Z" user="mulgist" uid="12368943" lat="35.0200879" lon="126.7925182">
  <tag k="crossing" v="marked"/>
  <tag k="highway" v="crossing"/>
 </node>
 <node id="8440089614" visible="true" version="1" changeset="99630021" timestamp="2021-02-20T08:24:13Z" user="mulgist" uid="12368943" lat="35.0196894" lon="126.7929668">
  <tag k="crossing" v="marked"/>
  <tag k="highway" v="crossing"/>
 </node>
 <node id="8440089615" visible="true" version="2" changeset="144332579" timestamp="2023-11-22T16:15:50Z" user="asdfqwer51" uid="3350410" lat="35.0197040" lon="126.7935284"/>
 <node id="8440089616" visible="true" version="2" changeset="144332579" timestamp="2023-11-22T16:15:50Z" user="asdfqwer51" uid="3350410" lat="35.0196086" lon="126.7935279">
  <tag k="crossing" v="marked"/>
  <tag k="highway" v="crossing"/>
 </node>
 <node id="8440089617" visible="true" version="2" changeset="144332579" timestamp="2023-11-22T16:15:50Z" user="asdfqwer51" uid="3350410" lat="35.0197044" lon="126.7936798"/>
 <node id="8440089618" visible="true" version="2" changeset="144332579" timestamp="2023-11-22T16:15:50Z" user="asdfqwer51" uid="3350410" lat="35.0197060" lon="126.7936178">
  <tag k="crossing" v="marked"/>
  <tag k="highway" v="crossing"/>
 </node>
 <node id="8440089623" visible="true" version="2" changeset="144332579" timestamp="2023-11-22T16:15:50Z" user="asdfqwer51" uid="3350410" lat="35.0186221" lon="126.7936732"/>
 <node id="8440089624" visible="true" version="2" changeset="144332579" timestamp="2023-11-22T16:15:50Z" user="asdfqwer51" uid="3350410" lat="35.0186437" lon="126.7936084">
  <tag k="crossing" v="marked"/>
  <tag k="highway" v="crossing"/>
 </node>
 <node id="8440089627" visible="true" version="2" changeset="144332579" timestamp="2023-11-22T16:15:50Z" user="asdfqwer51" uid="3350410" lat="35.0176573" lon="126.7940414">
  <tag k="crossing" v="marked"/>
  <tag k="highway" v="crossing"/>
 </node>
 <node id="8440089628" visible="true" version="2" changeset="144332579" timestamp="2023-11-22T16:15:50Z" user="asdfqwer51" uid="3350410" lat="35.0197641" lon="126.7917811"/>
 <node id="8440089629" visible="true" version="1" changeset="99630021" timestamp="2021-02-20T08:24:13Z" user="mulgist" uid="12368943" lat="35.0199076" lon="126.7919684"/>
 <node id="8440089630" visible="true" version="1" changeset="99630021" timestamp="2021-02-20T08:24:13Z" user="mulgist" uid="12368943" lat="35.0198487" lon="126.7918863">
  <tag k="crossing" v="marked"/>
  <tag k="highway" v="crossing"/>
 </node>
 <node id="8440089631" visible="true" version="2" changeset="144332579" timestamp="2023-11-22T16:15:50Z" user="asdfqwer51" uid="3350410" lat="35.0206818" lon="126.7917785"/>
 <node id="8440089632" visible="true" version="1" changeset="99630021" timestamp="2021-02-20T08:24:13Z" user="mulgist" uid="12368943" lat="35.0205974" lon="126.7918228"/>
 <node id="8440089633" visible="true" version="1" changeset="99630021" timestamp="2021-02-20T08:24:13Z" user="mulgist" uid="12368943" lat="35.0206334" lon="126.7918216">
  <tag k="crossing" v="marked"/>
  <tag k="highway" v="crossing"/>
 </node>
 <node id="8440089634" visible="true" version="1" changeset="99630021" timestamp="2021-02-20T08:24:13Z" user="mulgist" uid="12368943" lat="35.0206394" lon="126.7911277">
  <tag k="crossing" v="marked"/>
  <tag k="highway" v="crossing"/>
 </node>
 <node id="8440089637" visible="true" version="2" changeset="144332579" timestamp="2023-11-22T16:15:50Z" user="asdfqwer51" uid="3350410" lat="35.0194539" lon="126.7913058">
  <tag k="crossing" v="marked"/>
  <tag k="highway" v="crossing"/>
 </node>
 <node id="8440089640" visible="true" version="2" changeset="144332579" timestamp="2023-11-22T16:15:50Z" user="asdfqwer51" uid="3350410" lat="35.0187276" lon="126.7922179">
  <tag k="crossing" v="marked"/>
  <tag k="highway" v="crossing"/>
 </node>
 <node id="8440089643" visible="true" version="2" changeset="144332579" timestamp="2023-11-22T16:15:50Z" user="asdfqwer51" uid="3350410" lat="35.0181078" lon="126.7929529">
  <tag k="crossing" v="marked"/>
  <tag k="highway" v="crossing"/>
 </node>
 <node id="8449596892" visible="true" version="1" changeset="99833188" timestamp="2021-02-23T14:03:21Z" user="mulgist" uid="12368943" lat="35.0237942" lon="126.7905089"/>
 <node id="8449596893" visible="true" version="1" changeset="99833188" timestamp="2021-02-23T14:03:21Z" user="mulgist" uid="12368943" lat="35.0237942" lon="126.7908078"/>
 <node id="8449596894" visible="true" version="1" changeset="99833188" timestamp="2021-02-23T14:03:21Z" user="mulgist" uid="12368943" lat="35.0238150" lon="126.7908440"/>
 <node id="8449596895" visible="true" version="1" changeset="99833188" timestamp="2021-02-23T14:03:21Z" user="mulgist" uid="12368943" lat="35.0240118" lon="126.7908471"/>
 <node id="8449596896" visible="true" version="1" changeset="99833188" timestamp="2021-02-23T14:03:21Z" user="mulgist" uid="12368943" lat="35.0240137" lon="126.7907331"/>
 <node id="8449596897" visible="true" version="1" changeset="99833188" timestamp="2021-02-23T14:03:21Z" user="mulgist" uid="12368943" lat="35.0238831" lon="126.7907261"/>
 <node id="8449596898" visible="true" version="1" changeset="99833188" timestamp="2021-02-23T14:03:21Z" user="mulgist" uid="12368943" lat="35.0238818" lon="126.7905112"/>
 <node id="8449596899" visible="true" version="1" changeset="99833188" timestamp="2021-02-23T14:03:21Z" user="mulgist" uid="12368943" lat="35.0238623" lon="126.7913731"/>
 <node id="8449596900" visible="true" version="1" changeset="99833188" timestamp="2021-02-23T14:03:21Z" user="mulgist" uid="12368943" lat="35.0239247" lon="126.7915233"/>
 <node id="8449596901" visible="true" version="1" changeset="99833188" timestamp="2021-02-23T14:03:21Z" user="mulgist" uid="12368943" lat="35.0239020" lon="126.7915403"/>
 <node id="8449596902" visible="true" version="1" changeset="99833188" timestamp="2021-02-23T14:03:21Z" user="mulgist" uid="12368943" lat="35.0240547" lon="126.7918861"/>
 <node id="8449596903" visible="true" version="1" changeset="99833188" timestamp="2021-02-23T14:03:21Z" user="mulgist" uid="12368943" lat="35.0241322" lon="126.7918438"/>
 <node id="8449596904" visible="true" version="1" changeset="99833188" timestamp="2021-02-23T14:03:21Z" user="mulgist" uid="12368943" lat="35.0239241" lon="126.7913346"/>
 <node id="8449596905" visible="true" version="1" changeset="99833188" timestamp="2021-02-23T14:03:21Z" user="mulgist" uid="12368943" lat="35.0241215" lon="126.7920571"/>
 <node id="8449596906" visible="true" version="1" changeset="99833188" timestamp="2021-02-23T14:03:21Z" user="mulgist" uid="12368943" lat="35.0242445" lon="126.7923475"/>
 <node id="8449596907" visible="true" version="1" changeset="99833188" timestamp="2021-02-23T14:03:21Z" user="mulgist" uid="12368943" lat="35.0242508" lon="126.7923907"/>
 <node id="8449596908" visible="true" version="1" changeset="99833188" timestamp="2021-02-23T14:03:21Z" user="mulgist" uid="12368943" lat="35.0243171" lon="126.7925185"/>
 <node id="8449596909" visible="true" version="1" changeset="99833188" timestamp="2021-02-23T14:03:21Z" user="mulgist" uid="12368943" lat="35.0243902" lon="126.7924715"/>
 <node id="8449596910" visible="true" version="1" changeset="99833188" timestamp="2021-02-23T14:03:21Z" user="mulgist" uid="12368943" lat="35.0241941" lon="126.7920109"/>
 <node id="8449650032" visible="true" version="1" changeset="99833188" timestamp="2021-02-23T14:03:21Z" user="mulgist" uid="12368943" lat="35.0202656" lon="126.7991052"/>
 <node id="8449650033" visible="true" version="1" changeset="99833188" timestamp="2021-02-23T14:03:21Z" user="mulgist" uid="12368943" lat="35.0208477" lon="126.7995290"/>
 <node id="8449650034" visible="true" version="1" changeset="99833188" timestamp="2021-02-23T14:03:21Z" user="mulgist" uid="12368943" lat="35.0208752" lon="126.8006118"/>
 <node id="8449650035" visible="true" version="1" changeset="99833188" timestamp="2021-02-23T14:03:21Z" user="mulgist" uid="12368943" lat="35.0208752" lon="126.8002868"/>
 <node id="8449650036" visible="true" version="1" changeset="99833188" timestamp="2021-02-23T14:03:21Z" user="mulgist" uid="12368943" lat="35.0208390" lon="126.7989185"/>
 <node id="8449650037" visible="true" version="1" changeset="99833188" timestamp="2021-02-23T14:03:21Z" user="mulgist" uid="12368943" lat="35.0200179" lon="126.7987478"/>
 <node id="8449650120" visible="true" version="1" changeset="99833188" timestamp="2021-02-23T14:03:21Z" user="mulgist" uid="12368943" lat="35.0237428" lon="126.7880423"/>
 <node id="8449650121" visible="true" version="1" changeset="99833188" timestamp="2021-02-23T14:03:21Z" user="mulgist" uid="12368943" lat="35.0238097" lon="126.7877330"/>
 <node id="8449650122" visible="true" version="1" changeset="99833188" timestamp="2021-02-23T14:03:21Z" user="mulgist" uid="12368943" lat="35.0238141" lon="126.7875553"/>
 <node id="8449650123" visible="true" version="2" changeset="144332579" timestamp="2023-11-22T16:15:50Z" user="asdfqwer51" uid="3350410" lat="35.0178232" lon="126.7940906"/>
 <node id="8449650124" visible="true" version="2" changeset="144332579" timestamp="2023-11-22T16:15:50Z" user="asdfqwer51" uid="3350410" lat="35.0182120" lon="126.7940853"/>
 <node id="8449650125" visible="true" version="2" changeset="144332579" timestamp="2023-11-22T16:15:50Z" user="asdfqwer51" uid="3350410" lat="35.0183042" lon="126.7941282"/>
 <node id="8449650126" visible="true" version="2" changeset="144332579" timestamp="2023-11-22T16:15:50Z" user="asdfqwer51" uid="3350410" lat="35.0202787" lon="126.7941416"/>
 <node id="8449650127" visible="true" version="2" changeset="144332579" timestamp="2023-11-22T16:15:50Z" user="asdfqwer51" uid="3350410" lat="35.0204303" lon="126.7940772"/>
 <node id="8449650128" visible="true" version="2" changeset="144332579" timestamp="2023-11-22T16:15:50Z" user="asdfqwer51" uid="3350410" lat="35.0209238" lon="126.7941201"/>
 <node id="8449650129" visible="true" version="2" changeset="144332579" timestamp="2023-11-22T16:15:50Z" user="asdfqwer51" uid="3350410" lat="35.0209787" lon="126.7940933"/>
 <node id="8449650130" visible="true" version="2" changeset="144332579" timestamp="2023-11-22T16:15:50Z" user="asdfqwer51" uid="3350410" lat="35.0210095" lon="126.7940531"/>
 <node id="8449650131" visible="true" version="2" changeset="144332579" timestamp="2023-11-22T16:15:50Z" user="asdfqwer51" uid="3350410" lat="35.0210249" lon="126.7939834"/>
 <node id="8449650132" visible="true" version="2" changeset="144332579" timestamp="2023-11-22T16:15:50Z" user="asdfqwer51" uid="3350410" lat="35.0210402" lon="126.7934156"/>
 <node id="8449650133" visible="true" version="2" changeset="144332579" timestamp="2023-11-22T16:15:50Z" user="asdfqwer51" uid="3350410" lat="35.0210798" lon="126.7932466"/>
 <node id="8449650134" visible="true" version="2" changeset="144332579" timestamp="2023-11-22T16:15:50Z" user="asdfqwer51" uid="3350410" lat="35.0210864" lon="126.7919565"/>
 <node id="8449650135" visible="true" version="2" changeset="144332579" timestamp="2023-11-22T16:15:50Z" user="asdfqwer51" uid="3350410" lat="35.0210578" lon="126.7918036"/>
 <node id="8449650136" visible="true" version="3" changeset="144332579" timestamp="2023-11-22T16:15:50Z" user="asdfqwer51" uid="3350410" lat="35.0210819" lon="126.7911664"/>
 <node id="8449650137" visible="true" version="2" changeset="144332579" timestamp="2023-11-22T16:15:50Z" user="asdfqwer51" uid="3350410" lat="35.0210776" lon="126.7910967"/>
 <node id="8449650138" visible="true" version="2" changeset="144332579" timestamp="2023-11-22T16:15:50Z" user="asdfqwer51" uid="3350410" lat="35.0210666" lon="126.7910672"/>
 <node id="8449650139" visible="true" version="1" changeset="99833188" timestamp="2021-02-23T14:03:21Z" user="mulgist" uid="12368943" lat="35.0209436" lon="126.7944932"/>
 <node id="8449650140" visible="true" version="1" changeset="99833188" timestamp="2021-02-23T14:03:21Z" user="mulgist" uid="12368943" lat="35.0209458" lon="126.7942831">
  <tag k="crossing" v="marked"/>
  <tag k="highway" v="crossing"/>
 </node>
 <node id="8449650141" visible="true" version="2" changeset="144332579" timestamp="2023-11-22T16:15:50Z" user="asdfqwer51" uid="3350410" lat="35.0195933" lon="126.7936811"/>
 <node id="8449650142" visible="true" version="2" changeset="144332579" timestamp="2023-11-22T16:15:50Z" user="asdfqwer51" uid="3350410" lat="35.0195947" lon="126.7941209"/>
 <node id="8449650143" visible="true" version="2" changeset="144332579" timestamp="2023-11-22T16:15:50Z" user="asdfqwer51" uid="3350410" lat="35.0209448" lon="126.7938307"/>
 <node id="8449650144" visible="true" version="2" changeset="144332579" timestamp="2023-11-22T16:15:50Z" user="asdfqwer51" uid="3350410" lat="35.0210301" lon="126.7937905"/>
 <node id="8449650145" visible="true" version="2" changeset="144332579" timestamp="2023-11-22T16:15:50Z" user="asdfqwer51" uid="3350410" lat="35.0207250" lon="126.7941029"/>
 <node id="8449650146" visible="true" version="2" changeset="144332579" timestamp="2023-11-22T16:15:50Z" user="asdfqwer51" uid="3350410" lat="35.0209930" lon="126.7940747"/>
 <node id="8465307381" visible="true" version="1" changeset="100124997" timestamp="2021-02-28T07:30:07Z" user="mulgist" uid="12368943" lat="35.0238642" lon="126.7924495"/>
 <node id="8465307382" visible="true" version="1" changeset="100124997" timestamp="2021-02-28T07:30:07Z" user="mulgist" uid="12368943" lat="35.0238684" lon="126.7926386"/>
 <node id="8465307383" visible="true" version="1" changeset="100124997" timestamp="2021-02-28T07:30:07Z" user="mulgist" uid="12368943" lat="35.0242499" lon="126.7936420"/>
 <node id="8465307384" visible="true" version="1" changeset="100124997" timestamp="2021-02-28T07:30:07Z" user="mulgist" uid="12368943" lat="35.0237156" lon="126.7936830"/>
 <node id="8465307385" visible="true" version="1" changeset="100124997" timestamp="2021-02-28T07:30:07Z" user="mulgist" uid="12368943" lat="35.0241856" lon="126.7934741"/>
 <node id="8465307386" visible="true" version="1" changeset="100124997" timestamp="2021-02-28T07:30:07Z" user="mulgist" uid="12368943" lat="35.0244083" lon="126.7933273"/>
 <node id="8465307387" visible="true" version="1" changeset="100124997" timestamp="2021-02-28T07:30:07Z" user="mulgist" uid="12368943" lat="35.0233023" lon="126.7913665"/>
 <node id="8465307388" visible="true" version="2" changeset="144333236" timestamp="2023-11-22T16:36:43Z" user="asdfqwer51" uid="3350410" lat="35.0223699" lon="126.7908898"/>
 <node id="8465307389" visible="true" version="3" changeset="144332579" timestamp="2023-11-22T16:15:50Z" user="asdfqwer51" uid="3350410" lat="35.0218079" lon="126.7915876"/>
 <node id="8465307390" visible="true" version="2" changeset="144332579" timestamp="2023-11-22T16:15:50Z" user="asdfqwer51" uid="3350410" lat="35.0218345" lon="126.7934591"/>
 <node id="8465307391" visible="true" version="2" changeset="144332579" timestamp="2023-11-22T16:15:50Z" user="asdfqwer51" uid="3350410" lat="35.0230554" lon="126.7925888"/>
 <node id="8465307392" visible="true" version="2" changeset="144332579" timestamp="2023-11-22T16:15:50Z" user="asdfqwer51" uid="3350410" lat="35.0230369" lon="126.7940120"/>
 <node id="8465307393" visible="true" version="1" changeset="100124997" timestamp="2021-02-28T07:30:07Z" user="mulgist" uid="12368943" lat="35.0239503" lon="126.7924033"/>
 <node id="8465307394" visible="true" version="1" changeset="100124997" timestamp="2021-02-28T07:30:07Z" user="mulgist" uid="12368943" lat="35.0240230" lon="126.7924150"/>
 <node id="8465307395" visible="true" version="1" changeset="100124997" timestamp="2021-02-28T07:30:07Z" user="mulgist" uid="12368943" lat="35.0240784" lon="126.7924640"/>
 <node id="8465307396" visible="true" version="1" changeset="100124997" timestamp="2021-02-28T07:30:07Z" user="mulgist" uid="12368943" lat="35.0244513" lon="126.7934190"/>
 <node id="8465307397" visible="true" version="1" changeset="100124997" timestamp="2021-02-28T07:30:07Z" user="mulgist" uid="12368943" lat="35.0244627" lon="126.7935054"/>
 <node id="8465307398" visible="true" version="1" changeset="100124997" timestamp="2021-02-28T07:30:07Z" user="mulgist" uid="12368943" lat="35.0244245" lon="126.7935498"/>
 <node id="8465307399" visible="true" version="1" changeset="100124997" timestamp="2021-02-28T07:30:07Z" user="mulgist" uid="12368943" lat="35.0242256" lon="126.7936549"/>
 <node id="8465307400" visible="true" version="1" changeset="100124997" timestamp="2021-02-28T07:30:07Z" user="mulgist" uid="12368943" lat="35.0239044" lon="126.7937926"/>
 <node id="8465307401" visible="true" version="1" changeset="100124997" timestamp="2021-02-28T07:30:07Z" user="mulgist" uid="12368943" lat="35.0238203" lon="126.7938837"/>
 <node id="8465307403" visible="true" version="2" changeset="144332579" timestamp="2023-11-22T16:15:50Z" user="asdfqwer51" uid="3350410" lat="35.0228270" lon="126.7940136"/>
 <node id="8465307404" visible="true" version="2" changeset="144332579" timestamp="2023-11-22T16:15:50Z" user="asdfqwer51" uid="3350410" lat="35.0225286" lon="126.7940307"/>
 <node id="8465307405" visible="true" version="2" changeset="144332579" timestamp="2023-11-22T16:15:50Z" user="asdfqwer51" uid="3350410" lat="35.0224655" lon="126.7940344"/>
 <node id="8465307406" visible="true" version="1" changeset="100124997" timestamp="2021-02-28T07:30:07Z" user="mulgist" uid="12368943" lat="35.0224475" lon="126.7940028"/>
 <node id="8465307407" visible="true" version="2" changeset="144332579" timestamp="2023-11-22T16:15:50Z" user="asdfqwer51" uid="3350410" lat="35.0224369" lon="126.7927088"/>
 <node id="8465307408" visible="true" version="2" changeset="144332579" timestamp="2023-11-22T16:15:50Z" user="asdfqwer51" uid="3350410" lat="35.0224694" lon="126.7926192"/>
 <node id="8465307409" visible="true" version="2" changeset="144332579" timestamp="2023-11-22T16:15:50Z" user="asdfqwer51" uid="3350410" lat="35.0225041" lon="126.7925856"/>
 <node id="8465307410" visible="true" version="2" changeset="144332579" timestamp="2023-11-22T16:15:50Z" user="asdfqwer51" uid="3350410" lat="35.0235602" lon="126.7924251"/>
 <node id="8465307411" visible="true" version="1" changeset="100124997" timestamp="2021-02-28T07:30:07Z" user="mulgist" uid="12368943" lat="35.0235988" lon="126.7926394"/>
 <node id="8465307412" visible="true" version="1" changeset="100124997" timestamp="2021-02-28T07:30:07Z" user="mulgist" uid="12368943" lat="35.0235659" lon="126.7925991"/>
 <node id="8465307413" visible="true" version="1" changeset="100124997" timestamp="2021-02-28T07:30:07Z" user="mulgist" uid="12368943" lat="35.0236287" lon="126.7925692"/>
 <node id="8465307414" visible="true" version="1" changeset="100124997" timestamp="2021-02-28T07:30:07Z" user="mulgist" uid="12368943" lat="35.0235920" lon="126.7925856">
  <tag k="crossing" v="marked"/>
  <tag k="highway" v="crossing"/>
 </node>
 <node id="8465307415" visible="true" version="1" changeset="100124997" timestamp="2021-02-28T07:30:07Z" user="mulgist" uid="12368943" lat="35.0235158" lon="126.7926041"/>
 <node id="8465307416" visible="true" version="1" changeset="100124997" timestamp="2021-02-28T07:30:07Z" user="mulgist" uid="12368943" lat="35.0234609" lon="126.7926018"/>
 <node id="8465313217" visible="true" version="2" changeset="144332579" timestamp="2023-11-22T16:15:50Z" user="asdfqwer51" uid="3350410" lat="35.0235385" lon="126.7924369"/>
 <node id="8465313218" visible="true" version="1" changeset="100124997" timestamp="2021-02-28T07:30:07Z" user="mulgist" uid="12368943" lat="35.0234901" lon="126.7926685"/>
 <node id="8465313219" visible="true" version="1" changeset="100124997" timestamp="2021-02-28T07:30:07Z" user="mulgist" uid="12368943" lat="35.0234889" lon="126.7926029">
  <tag k="crossing" v="marked"/>
  <tag k="highway" v="crossing"/>
 </node>
 <node id="8465313220" visible="true" version="2" changeset="144332579" timestamp="2023-11-22T16:15:50Z" user="asdfqwer51" uid="3350410" lat="35.0234659" lon="126.7924501"/>
 <node id="8465313221" visible="true" version="2" changeset="144332579" timestamp="2023-11-22T16:15:50Z" user="asdfqwer51" uid="3350410" lat="35.0231602" lon="126.7924759"/>
 <node id="8465313222" visible="true" version="2" changeset="144332579" timestamp="2023-11-22T16:15:50Z" user="asdfqwer51" uid="3350410" lat="35.0231636" lon="126.7914894"/>
 <node id="8465313223" visible="true" version="1" changeset="100124997" timestamp="2021-02-28T07:30:07Z" user="mulgist" uid="12368943" lat="35.0232584" lon="126.7914610"/>
 <node id="8465313224" visible="true" version="2" changeset="144332579" timestamp="2023-11-22T16:15:50Z" user="asdfqwer51" uid="3350410" lat="35.0232468" lon="126.7913520"/>
 <node id="8465313225" visible="true" version="2" changeset="144332579" timestamp="2023-11-22T16:15:50Z" user="asdfqwer51" uid="3350410" lat="35.0233018" lon="126.7914735"/>
 <node id="8465313226" visible="true" version="2" changeset="144332579" timestamp="2023-11-22T16:15:50Z" user="asdfqwer51" uid="3350410" lat="35.0231942" lon="126.7915606"/>
 <node id="8465313227" visible="true" version="2" changeset="144332579" timestamp="2023-11-22T16:15:50Z" user="asdfqwer51" uid="3350410" lat="35.0232370" lon="126.7916545"/>
 <node id="8465313228" visible="true" version="2" changeset="144332579" timestamp="2023-11-22T16:15:50Z" user="asdfqwer51" uid="3350410" lat="35.0232359" lon="126.7918356"/>
 <node id="8465313229" visible="true" version="2" changeset="144332579" timestamp="2023-11-22T16:15:50Z" user="asdfqwer51" uid="3350410" lat="35.0231195" lon="126.7918329"/>
 <node id="8465313230" visible="true" version="2" changeset="144332579" timestamp="2023-11-22T16:15:50Z" user="asdfqwer51" uid="3350410" lat="35.0231272" lon="126.7913555"/>
 <node id="8465313231" visible="true" version="2" changeset="144332579" timestamp="2023-11-22T16:15:50Z" user="asdfqwer51" uid="3350410" lat="35.0225192" lon="126.7923706"/>
 <node id="8465313232" visible="true" version="2" changeset="144332579" timestamp="2023-11-22T16:15:50Z" user="asdfqwer51" uid="3350410" lat="35.0224621" lon="126.7923538"/>
 <node id="8465313233" visible="true" version="2" changeset="144332579" timestamp="2023-11-22T16:15:50Z" user="asdfqwer51" uid="3350410" lat="35.0224425" lon="126.7923310"/>
 <node id="8465313234" visible="true" version="2" changeset="144332579" timestamp="2023-11-22T16:15:50Z" user="asdfqwer51" uid="3350410" lat="35.0224362" lon="126.7911819"/>
 <node id="8465313235" visible="true" version="2" changeset="144332579" timestamp="2023-11-22T16:15:50Z" user="asdfqwer51" uid="3350410" lat="35.0224721" lon="126.7911044"/>
 <node id="8465313236" visible="true" version="2" changeset="144332579" timestamp="2023-11-22T16:15:50Z" user="asdfqwer51" uid="3350410" lat="35.0234318" lon="126.7910883"/>
 <node id="8465313237" visible="true" version="1" changeset="100124997" timestamp="2021-02-28T07:30:07Z" user="mulgist" uid="12368943" lat="35.0235555" lon="126.7911221"/>
 <node id="8465313238" visible="true" version="1" changeset="100124997" timestamp="2021-02-28T07:30:07Z" user="mulgist" uid="12368943" lat="35.0239047" lon="126.7921167"/>
 <node id="8465313239" visible="true" version="1" changeset="100124997" timestamp="2021-02-28T07:30:07Z" user="mulgist" uid="12368943" lat="35.0239062" lon="126.7921733"/>
 <node id="8465313240" visible="true" version="1" changeset="100124997" timestamp="2021-02-28T07:30:07Z" user="mulgist" uid="12368943" lat="35.0238569" lon="126.7922264"/>
 <node id="8465313241" visible="true" version="1" changeset="100124997" timestamp="2021-02-28T07:30:07Z" user="mulgist" uid="12368943" lat="35.0237236" lon="126.7922918"/>
 <node id="8465313242" visible="true" version="1" changeset="100124997" timestamp="2021-02-28T07:30:07Z" user="mulgist" uid="12368943" lat="35.0235772" lon="126.7923131"/>
 <node id="8465313243" visible="true" version="1" changeset="100124997" timestamp="2021-02-28T07:30:07Z" user="mulgist" uid="12368943" lat="35.0235250" lon="126.7923502"/>
 <node id="8465313244" visible="true" version="2" changeset="144332579" timestamp="2023-11-22T16:15:50Z" user="asdfqwer51" uid="3350410" lat="35.0230187" lon="126.7923787"/>
 <node id="8465313245" visible="true" version="2" changeset="144332579" timestamp="2023-11-22T16:15:50Z" user="asdfqwer51" uid="3350410" lat="35.0230751" lon="126.7923614"/>
 <node id="8465313246" visible="true" version="2" changeset="144332579" timestamp="2023-11-22T16:15:50Z" user="asdfqwer51" uid="3350410" lat="35.0232118" lon="126.7923451"/>
 <node id="8465313247" visible="true" version="2" changeset="144332579" timestamp="2023-11-22T16:15:50Z" user="asdfqwer51" uid="3350410" lat="35.0231606" lon="126.7923552">
  <tag k="crossing" v="marked"/>
  <tag k="highway" v="crossing"/>
 </node>
 <node id="8465313248" visible="true" version="1" changeset="100124997" timestamp="2021-02-28T07:30:07Z" user="mulgist" uid="12368943" lat="35.0226122" lon="126.7908890"/>
 <node id="8465313249" visible="true" version="1" changeset="100124997" timestamp="2021-02-28T07:30:07Z" user="mulgist" uid="12368943" lat="35.0227623" lon="126.7908567"/>
 <node id="8465313250" visible="true" version="1" changeset="100124997" timestamp="2021-02-28T07:30:07Z" user="mulgist" uid="12368943" lat="35.0232057" lon="126.7908505"/>
 <node id="8465313251" visible="true" version="2" changeset="144332579" timestamp="2023-11-22T16:15:50Z" user="asdfqwer51" uid="3350410" lat="35.0232864" lon="126.7908659"/>
 <node id="8465313252" visible="true" version="2" changeset="144332579" timestamp="2023-11-22T16:15:50Z" user="asdfqwer51" uid="3350410" lat="35.0233962" lon="126.7908690"/>
 <node id="8465313253" visible="true" version="2" changeset="144332579" timestamp="2023-11-22T16:15:50Z" user="asdfqwer51" uid="3350410" lat="35.0234757" lon="126.7908444"/>
 <node id="8465313254" visible="true" version="2" changeset="144332579" timestamp="2023-11-22T16:15:50Z" user="asdfqwer51" uid="3350410" lat="35.0234971" lon="126.7908124"/>
 <node id="8465313255" visible="true" version="2" changeset="144332579" timestamp="2023-11-22T16:15:50Z" user="asdfqwer51" uid="3350410" lat="35.0235261" lon="126.7907724"/>
 <node id="8465313256" visible="true" version="2" changeset="144332579" timestamp="2023-11-22T16:15:50Z" user="asdfqwer51" uid="3350410" lat="35.0234996" lon="126.7884858"/>
 <node id="8465313257" visible="true" version="2" changeset="144332579" timestamp="2023-11-22T16:15:50Z" user="asdfqwer51" uid="3350410" lat="35.0234858" lon="126.7884272"/>
 <node id="8465313258" visible="true" version="3" changeset="144333236" timestamp="2023-11-22T16:36:43Z" user="asdfqwer51" uid="3350410" lat="35.0234392" lon="126.7883641"/>
 <node id="8465313259" visible="true" version="2" changeset="144332579" timestamp="2023-11-22T16:15:50Z" user="asdfqwer51" uid="3350410" lat="35.0235086" lon="126.7893106"/>
 <node id="8465313260" visible="true" version="2" changeset="144332579" timestamp="2023-11-22T16:15:50Z" user="asdfqwer51" uid="3350410" lat="35.0235146" lon="126.7899215"/>
 <node id="8465313261" visible="true" version="2" changeset="144332579" timestamp="2023-11-22T16:15:50Z" user="asdfqwer51" uid="3350410" lat="35.0225027" lon="126.7908849"/>
 <node id="8465313262" visible="true" version="2" changeset="144332579" timestamp="2023-11-22T16:15:50Z" user="asdfqwer51" uid="3350410" lat="35.0225077" lon="126.7910889"/>
 <node id="8465313263" visible="true" version="2" changeset="144332579" timestamp="2023-11-22T16:15:50Z" user="asdfqwer51" uid="3350410" lat="35.0225050" lon="126.7909779">
  <tag k="crossing" v="marked"/>
  <tag k="highway" v="crossing"/>
 </node>
 <node id="8465313265" visible="true" version="2" changeset="144332579" timestamp="2023-11-22T16:15:50Z" user="asdfqwer51" uid="3350410" lat="35.0234719" lon="126.7910940"/>
 <node id="8465313266" visible="true" version="2" changeset="144332579" timestamp="2023-11-22T16:15:50Z" user="asdfqwer51" uid="3350410" lat="35.0234736" lon="126.7909779">
  <tag k="crossing" v="marked"/>
  <tag k="highway" v="crossing"/>
 </node>
 <node id="8465313267" visible="true" version="1" changeset="100124997" timestamp="2021-02-28T07:30:07Z" user="mulgist" uid="12368943" lat="35.0240100" lon="126.7924129"/>
 <node id="8465313268" visible="true" version="2" changeset="144332579" timestamp="2023-11-22T16:15:50Z" user="asdfqwer51" uid="3350410" lat="35.0239360" lon="126.7922379">
  <tag k="crossing" v="marked"/>
  <tag k="highway" v="crossing"/>
 </node>
 <node id="8465313269" visible="true" version="2" changeset="144326721" timestamp="2023-11-22T13:28:24Z" user="asdfqwer51" uid="3350410" lat="35.0224633" lon="126.7924865">
  <tag k="crossing" v="marked"/>
  <tag k="highway" v="crossing"/>
 </node>
 <node id="8465313270" visible="true" version="2" changeset="144332579" timestamp="2023-11-22T16:15:50Z" user="asdfqwer51" uid="3350410" lat="35.0219087" lon="126.7916429"/>
 <node id="8465313271" visible="true" version="2" changeset="144332579" timestamp="2023-11-22T16:15:50Z" user="asdfqwer51" uid="3350410" lat="35.0218625" lon="126.7916724"/>
 <node id="8465313272" visible="true" version="2" changeset="144332579" timestamp="2023-11-22T16:15:50Z" user="asdfqwer51" uid="3350410" lat="35.0218406" lon="126.7917287"/>
 <node id="8465313273" visible="true" version="2" changeset="144332579" timestamp="2023-11-22T16:15:50Z" user="asdfqwer51" uid="3350410" lat="35.0218353" lon="126.7932946"/>
 <node id="8465313275" visible="true" version="2" changeset="144332579" timestamp="2023-11-22T16:15:50Z" user="asdfqwer51" uid="3350410" lat="35.0218858" lon="126.7933691"/>
 <node id="8465313278" visible="true" version="2" changeset="144332579" timestamp="2023-11-22T16:15:50Z" user="asdfqwer51" uid="3350410" lat="35.0222274" lon="126.7933544"/>
 <node id="8465313279" visible="true" version="2" changeset="144332579" timestamp="2023-11-22T16:15:50Z" user="asdfqwer51" uid="3350410" lat="35.0222505" lon="126.7933180"/>
 <node id="8465313280" visible="true" version="2" changeset="144332579" timestamp="2023-11-22T16:15:50Z" user="asdfqwer51" uid="3350410" lat="35.0222568" lon="126.7917193"/>
 <node id="8465313281" visible="true" version="2" changeset="144332579" timestamp="2023-11-22T16:15:50Z" user="asdfqwer51" uid="3350410" lat="35.0222041" lon="126.7916402"/>
 <node id="8465313283" visible="true" version="2" changeset="144332579" timestamp="2023-11-22T16:15:50Z" user="asdfqwer51" uid="3350410" lat="35.0224460" lon="126.7933094"/>
 <node id="8465313284" visible="true" version="3" changeset="144332579" timestamp="2023-11-22T16:15:50Z" user="asdfqwer51" uid="3350410" lat="35.0223516" lon="126.7933208">
  <tag k="crossing" v="marked"/>
  <tag k="highway" v="crossing"/>
 </node>
 <node id="8465313286" visible="true" version="2" changeset="144332579" timestamp="2023-11-22T16:15:50Z" user="asdfqwer51" uid="3350410" lat="35.0222578" lon="126.7927037"/>
 <node id="8465313287" visible="true" version="3" changeset="144332579" timestamp="2023-11-22T16:15:50Z" user="asdfqwer51" uid="3350410" lat="35.0223562" lon="126.7927094">
  <tag k="crossing" v="marked"/>
  <tag k="highway" v="crossing"/>
 </node>
 <node id="8465313288" visible="true" version="2" changeset="144332579" timestamp="2023-11-22T16:15:50Z" user="asdfqwer51" uid="3350410" lat="35.0224279" lon="126.7922638"/>
 <node id="8465313289" visible="true" version="2" changeset="144332579" timestamp="2023-11-22T16:15:50Z" user="asdfqwer51" uid="3350410" lat="35.0222675" lon="126.7922587"/>
 <node id="8465313290" visible="true" version="3" changeset="144332579" timestamp="2023-11-22T16:15:50Z" user="asdfqwer51" uid="3350410" lat="35.0223464" lon="126.7922632">
  <tag k="crossing" v="marked"/>
  <tag k="highway" v="crossing"/>
 </node>
 <node id="8465313291" visible="true" version="2" changeset="144332579" timestamp="2023-11-22T16:15:50Z" user="asdfqwer51" uid="3350410" lat="35.0224360" lon="126.7917383"/>
 <node id="8465313292" visible="true" version="3" changeset="144332579" timestamp="2023-11-22T16:15:50Z" user="asdfqwer51" uid="3350410" lat="35.0223510" lon="126.7917421">
  <tag k="crossing" v="marked"/>
  <tag k="highway" v="crossing"/>
 </node>
 <node id="8465313293" visible="true" version="2" changeset="144332579" timestamp="2023-11-22T16:15:50Z" user="asdfqwer51" uid="3350410" lat="35.0222329" lon="126.7915452"/>
 <node id="8465313294" visible="true" version="3" changeset="144332579" timestamp="2023-11-22T16:15:50Z" user="asdfqwer51" uid="3350410" lat="35.0222334" lon="126.7915987">
  <tag k="crossing" v="marked"/>
  <tag k="highway" v="crossing"/>
 </node>
 <node id="8465313295" visible="true" version="2" changeset="144332579" timestamp="2023-11-22T16:15:50Z" user="asdfqwer51" uid="3350410" lat="35.0222855" lon="126.7914773"/>
 <node id="8465313296" visible="true" version="2" changeset="144332579" timestamp="2023-11-22T16:15:50Z" user="asdfqwer51" uid="3350410" lat="35.0222979" lon="126.7911877"/>
 <node id="8465313297" visible="true" version="2" changeset="144332579" timestamp="2023-11-22T16:15:50Z" user="asdfqwer51" uid="3350410" lat="35.0222807" lon="126.7911188"/>
 <node id="8465313298" visible="true" version="2" changeset="144332579" timestamp="2023-11-22T16:15:50Z" user="asdfqwer51" uid="3350410" lat="35.0222358" lon="126.7910931"/>
 <node id="8465313299" visible="true" version="2" changeset="144332579" timestamp="2023-11-22T16:15:50Z" user="asdfqwer51" uid="3350410" lat="35.0214702" lon="126.7910780"/>
 <node id="8465313300" visible="true" version="2" changeset="144332579" timestamp="2023-11-22T16:15:50Z" user="asdfqwer51" uid="3350410" lat="35.0214300" lon="126.7910943"/>
 <node id="8465313301" visible="true" version="2" changeset="144332579" timestamp="2023-11-22T16:15:50Z" user="asdfqwer51" uid="3350410" lat="35.0213832" lon="126.7912578"/>
 <node id="8465313302" visible="true" version="2" changeset="144332579" timestamp="2023-11-22T16:15:50Z" user="asdfqwer51" uid="3350410" lat="35.0213775" lon="126.7915823"/>
 <node id="8465313303" visible="true" version="2" changeset="144332579" timestamp="2023-11-22T16:15:50Z" user="asdfqwer51" uid="3350410" lat="35.0213383" lon="126.7917142"/>
 <node id="8465313304" visible="true" version="2" changeset="144332579" timestamp="2023-11-22T16:15:50Z" user="asdfqwer51" uid="3350410" lat="35.0213191" lon="126.7931169"/>
 <node id="8465313305" visible="true" version="2" changeset="144332579" timestamp="2023-11-22T16:15:50Z" user="asdfqwer51" uid="3350410" lat="35.0213488" lon="126.7933492"/>
 <node id="8465313306" visible="true" version="2" changeset="144332579" timestamp="2023-11-22T16:15:50Z" user="asdfqwer51" uid="3350410" lat="35.0213430" lon="126.7939742"/>
 <node id="8465313307" visible="true" version="2" changeset="144332579" timestamp="2023-11-22T16:15:50Z" user="asdfqwer51" uid="3350410" lat="35.0214215" lon="126.7940695"/>
 <node id="8465313308" visible="true" version="2" changeset="144332579" timestamp="2023-11-22T16:15:50Z" user="asdfqwer51" uid="3350410" lat="35.0214949" lon="126.7940858"/>
 <node id="8465313309" visible="true" version="2" changeset="144332579" timestamp="2023-11-22T16:15:50Z" user="asdfqwer51" uid="3350410" lat="35.0221455" lon="126.7941085"/>
 <node id="8465313310" visible="true" version="2" changeset="144332579" timestamp="2023-11-22T16:15:50Z" user="asdfqwer51" uid="3350410" lat="35.0222038" lon="126.7940723"/>
 <node id="8465313311" visible="true" version="2" changeset="144332579" timestamp="2023-11-22T16:15:50Z" user="asdfqwer51" uid="3350410" lat="35.0222354" lon="126.7940314"/>
 <node id="8465313312" visible="true" version="2" changeset="144332579" timestamp="2023-11-22T16:15:50Z" user="asdfqwer51" uid="3350410" lat="35.0222411" lon="126.7939707"/>
 <node id="8465313313" visible="true" version="2" changeset="144332579" timestamp="2023-11-22T16:15:50Z" user="asdfqwer51" uid="3350410" lat="35.0222454" lon="126.7935294"/>
 <node id="8465313314" visible="true" version="2" changeset="144332579" timestamp="2023-11-22T16:15:50Z" user="asdfqwer51" uid="3350410" lat="35.0222567" lon="126.7934508">
  <tag k="crossing" v="marked"/>
  <tag k="highway" v="crossing"/>
 </node>
 <node id="8465313315" visible="true" version="2" changeset="144332579" timestamp="2023-11-22T16:15:50Z" user="asdfqwer51" uid="3350410" lat="35.0224375" lon="126.7911344"/>
 <node id="8465313316" visible="true" version="2" changeset="144332579" timestamp="2023-11-22T16:15:50Z" user="asdfqwer51" uid="3350410" lat="35.0223586" lon="126.7911341">
  <tag k="crossing" v="marked"/>
  <tag k="highway" v="crossing"/>
 </node>
 <node id="8465313317" visible="true" version="2" changeset="144332579" timestamp="2023-11-22T16:15:50Z" user="asdfqwer51" uid="3350410" lat="35.0221313" lon="126.7910910"/>
 <node id="8465313318" visible="true" version="2" changeset="144332579" timestamp="2023-11-22T16:15:50Z" user="asdfqwer51" uid="3350410" lat="35.0221683" lon="126.7908858"/>
 <node id="8465313319" visible="true" version="2" changeset="144332579" timestamp="2023-11-22T16:15:50Z" user="asdfqwer51" uid="3350410" lat="35.0221697" lon="126.7909864">
  <tag k="crossing" v="marked"/>
  <tag k="highway" v="crossing"/>
 </node>
 <node id="8465313320" visible="true" version="2" changeset="144332579" timestamp="2023-11-22T16:15:50Z" user="asdfqwer51" uid="3350410" lat="35.0218644" lon="126.7908791"/>
 <node id="8465313321" visible="true" version="2" changeset="144332579" timestamp="2023-11-22T16:15:50Z" user="asdfqwer51" uid="3350410" lat="35.0217503" lon="126.7908760"/>
 <node id="8465313322" visible="true" version="2" changeset="144332579" timestamp="2023-11-22T16:15:50Z" user="asdfqwer51" uid="3350410" lat="35.0217925" lon="126.7908729">
  <tag k="crossing" v="marked"/>
  <tag k="highway" v="crossing"/>
 </node>
 <node id="8465313323" visible="true" version="2" changeset="144332579" timestamp="2023-11-22T16:15:50Z" user="asdfqwer51" uid="3350410" lat="35.0220316" lon="126.7908118"/>
 <node id="8465313326" visible="true" version="2" changeset="144332579" timestamp="2023-11-22T16:15:50Z" user="asdfqwer51" uid="3350410" lat="35.0220104" lon="126.7906471"/>
 <node id="8465313327" visible="true" version="2" changeset="144332579" timestamp="2023-11-22T16:15:50Z" user="asdfqwer51" uid="3350410" lat="35.0215722" lon="126.7906480"/>
 <node id="8465313328" visible="true" version="2" changeset="144332579" timestamp="2023-11-22T16:15:50Z" user="asdfqwer51" uid="3350410" lat="35.0215724" lon="126.7908129"/>
 <node id="8465313338" visible="true" version="2" changeset="144332579" timestamp="2023-11-22T16:15:50Z" user="asdfqwer51" uid="3350410" lat="35.0213782" lon="126.7915411"/>
 <node id="8465313339" visible="true" version="2" changeset="144332579" timestamp="2023-11-22T16:15:50Z" user="asdfqwer51" uid="3350410" lat="35.0213474" lon="126.7934997"/>
 <node id="8465313340" visible="true" version="2" changeset="144332579" timestamp="2023-11-22T16:15:50Z" user="asdfqwer51" uid="3350410" lat="35.0217080" lon="126.7934967"/>
 <node id="8465313341" visible="true" version="2" changeset="144332579" timestamp="2023-11-22T16:15:50Z" user="asdfqwer51" uid="3350410" lat="35.0217446" lon="126.7935291"/>
 <node id="8465313342" visible="true" version="2" changeset="144332579" timestamp="2023-11-22T16:15:50Z" user="asdfqwer51" uid="3350410" lat="35.0222019" lon="126.7935306"/>
 <node id="8465313343" visible="true" version="2" changeset="144332579" timestamp="2023-11-22T16:15:50Z" user="asdfqwer51" uid="3350410" lat="35.0222451" lon="126.7935615"/>
 <node id="8465313344" visible="true" version="2" changeset="144332579" timestamp="2023-11-22T16:15:50Z" user="asdfqwer51" uid="3350410" lat="35.0217137" lon="126.7934305"/>
 <node id="8465313345" visible="true" version="2" changeset="144332579" timestamp="2023-11-22T16:15:50Z" user="asdfqwer51" uid="3350410" lat="35.0217566" lon="126.7915411"/>
 <node id="8465313346" visible="true" version="2" changeset="144332579" timestamp="2023-11-22T16:15:50Z" user="asdfqwer51" uid="3350410" lat="35.0213525" lon="126.7940103"/>
 <node id="8465313347" visible="true" version="2" changeset="144332579" timestamp="2023-11-22T16:15:50Z" user="asdfqwer51" uid="3350410" lat="35.0210164" lon="126.7940219"/>
 <node id="8465313348" visible="true" version="4" changeset="176319095" timestamp="2025-12-23T17:30:15Z" user="aaei924" uid="10626814" lat="35.0211335" lon="126.7940184">
  <tag k="crossing" v="marked"/>
  <tag k="highway" v="crossing"/>
 </node>
 <node id="8465313349" visible="true" version="2" changeset="144332579" timestamp="2023-11-22T16:15:50Z" user="asdfqwer51" uid="3350410" lat="35.0213918" lon="126.7911632"/>
 <node id="8465313350" visible="true" version="4" changeset="176319095" timestamp="2025-12-23T17:30:15Z" user="aaei924" uid="10626814" lat="35.0211402" lon="126.7911740">
  <tag k="crossing" v="marked"/>
  <tag k="highway" v="crossing"/>
 </node>
 <node id="8465313351" visible="true" version="2" changeset="144332579" timestamp="2023-11-22T16:15:50Z" user="asdfqwer51" uid="3350410" lat="35.0218357" lon="126.7915137"/>
 <node id="8465313352" visible="true" version="2" changeset="144332579" timestamp="2023-11-22T16:15:50Z" user="asdfqwer51" uid="3350410" lat="35.0218434" lon="126.7911248"/>
 <node id="8465313353" visible="true" version="2" changeset="144332579" timestamp="2023-11-22T16:15:50Z" user="asdfqwer51" uid="3350410" lat="35.0222443" lon="126.7911234"/>
 <node id="8465313354" visible="true" version="2" changeset="144332579" timestamp="2023-11-22T16:15:50Z" user="asdfqwer51" uid="3350410" lat="35.0222816" lon="126.7911744"/>
 <node id="8465313355" visible="true" version="2" changeset="144332579" timestamp="2023-11-22T16:15:50Z" user="asdfqwer51" uid="3350410" lat="35.0222718" lon="126.7914641"/>
 <node id="8465313356" visible="true" version="2" changeset="144332579" timestamp="2023-11-22T16:15:50Z" user="asdfqwer51" uid="3350410" lat="35.0222366" lon="126.7915124"/>
 <node id="8465313357" visible="true" version="2" changeset="144332579" timestamp="2023-11-22T16:15:50Z" user="asdfqwer51" uid="3350410" lat="35.0214331" lon="126.7912059"/>
 <node id="8465313358" visible="true" version="2" changeset="144332579" timestamp="2023-11-22T16:15:50Z" user="asdfqwer51" uid="3350410" lat="35.0214254" lon="126.7915071"/>
 <node id="8465313359" visible="true" version="2" changeset="144332579" timestamp="2023-11-22T16:15:50Z" user="asdfqwer51" uid="3350410" lat="35.0216702" lon="126.7915176"/>
 <node id="8465313360" visible="true" version="2" changeset="144332579" timestamp="2023-11-22T16:15:50Z" user="asdfqwer51" uid="3350410" lat="35.0216731" lon="126.7914160"/>
 <node id="8465313361" visible="true" version="2" changeset="144332579" timestamp="2023-11-22T16:15:50Z" user="asdfqwer51" uid="3350410" lat="35.0217715" lon="126.7914266"/>
 <node id="8465313362" visible="true" version="2" changeset="144332579" timestamp="2023-11-22T16:15:50Z" user="asdfqwer51" uid="3350410" lat="35.0217734" lon="126.7913250"/>
 <node id="8465313363" visible="true" version="2" changeset="144332579" timestamp="2023-11-22T16:15:50Z" user="asdfqwer51" uid="3350410" lat="35.0218174" lon="126.7913250"/>
 <node id="8465313364" visible="true" version="2" changeset="144332579" timestamp="2023-11-22T16:15:50Z" user="asdfqwer51" uid="3350410" lat="35.0218212" lon="126.7911253"/>
 <node id="8465313365" visible="true" version="2" changeset="144332579" timestamp="2023-11-22T16:15:50Z" user="asdfqwer51" uid="3350410" lat="35.0215029" lon="126.7911242"/>
 <node id="8465313366" visible="true" version="2" changeset="144332579" timestamp="2023-11-22T16:15:50Z" user="asdfqwer51" uid="3350410" lat="35.0214732" lon="126.7911394"/>
 <node id="8465313367" visible="true" version="2" changeset="144332579" timestamp="2023-11-22T16:15:50Z" user="asdfqwer51" uid="3350410" lat="35.0214465" lon="126.7911744"/>
 <node id="8465313368" visible="true" version="2" changeset="144332579" timestamp="2023-11-22T16:15:50Z" user="asdfqwer51" uid="3350410" lat="35.0218811" lon="126.7924993"/>
 <node id="8465313369" visible="true" version="2" changeset="144332579" timestamp="2023-11-22T16:15:50Z" user="asdfqwer51" uid="3350410" lat="35.0218833" lon="126.7924189"/>
 <node id="8465313370" visible="true" version="2" changeset="144332579" timestamp="2023-11-22T16:15:50Z" user="asdfqwer51" uid="3350410" lat="35.0218569" lon="126.7924135"/>
 <node id="8465313371" visible="true" version="2" changeset="144332579" timestamp="2023-11-22T16:15:50Z" user="asdfqwer51" uid="3350410" lat="35.0218767" lon="126.7917859"/>
 <node id="8465313372" visible="true" version="2" changeset="144332579" timestamp="2023-11-22T16:15:50Z" user="asdfqwer51" uid="3350410" lat="35.0219305" lon="126.7917067"/>
 <node id="8465313373" visible="true" version="2" changeset="144332579" timestamp="2023-11-22T16:15:50Z" user="asdfqwer51" uid="3350410" lat="35.0222161" lon="126.7917148"/>
 <node id="8465313374" visible="true" version="2" changeset="144332579" timestamp="2023-11-22T16:15:50Z" user="asdfqwer51" uid="3350410" lat="35.0222644" lon="126.7917657"/>
 <node id="8465313375" visible="true" version="2" changeset="144332579" timestamp="2023-11-22T16:15:50Z" user="asdfqwer51" uid="3350410" lat="35.0222501" lon="126.7925047"/>
 <node id="8465313376" visible="true" version="2" changeset="144332579" timestamp="2023-11-22T16:15:50Z" user="asdfqwer51" uid="3350410" lat="35.0218520" lon="126.7925748"/>
 <node id="8465313377" visible="true" version="2" changeset="144332579" timestamp="2023-11-22T16:15:50Z" user="asdfqwer51" uid="3350410" lat="35.0218487" lon="126.7928994"/>
 <node id="8465313378" visible="true" version="2" changeset="144332579" timestamp="2023-11-22T16:15:50Z" user="asdfqwer51" uid="3350410" lat="35.0222089" lon="126.7928927"/>
 <node id="8465313379" visible="true" version="2" changeset="144332579" timestamp="2023-11-22T16:15:50Z" user="asdfqwer51" uid="3350410" lat="35.0222441" lon="126.7928578"/>
 <node id="8465313380" visible="true" version="2" changeset="144332579" timestamp="2023-11-22T16:15:50Z" user="asdfqwer51" uid="3350410" lat="35.0222496" lon="126.7925172"/>
 <node id="8465313381" visible="true" version="2" changeset="144332579" timestamp="2023-11-22T16:15:50Z" user="asdfqwer51" uid="3350410" lat="35.0220826" lon="126.7925172"/>
 <node id="8465313382" visible="true" version="2" changeset="144332579" timestamp="2023-11-22T16:15:50Z" user="asdfqwer51" uid="3350410" lat="35.0220793" lon="126.7926486"/>
 <node id="8465313383" visible="true" version="2" changeset="144332579" timestamp="2023-11-22T16:15:50Z" user="asdfqwer51" uid="3350410" lat="35.0220113" lon="126.7926459"/>
 <node id="8465313384" visible="true" version="2" changeset="144332579" timestamp="2023-11-22T16:15:50Z" user="asdfqwer51" uid="3350410" lat="35.0220135" lon="126.7925748"/>
 <node id="8465313385" visible="true" version="2" changeset="144332579" timestamp="2023-11-22T16:15:50Z" user="asdfqwer51" uid="3350410" lat="35.0222476" lon="126.7929218"/>
 <node id="8465313386" visible="true" version="2" changeset="144332579" timestamp="2023-11-22T16:15:50Z" user="asdfqwer51" uid="3350410" lat="35.0218304" lon="126.7929154"/>
 <node id="8465313387" visible="true" version="2" changeset="144332579" timestamp="2023-11-22T16:15:50Z" user="asdfqwer51" uid="3350410" lat="35.0218481" lon="126.7929648"/>
 <node id="8465313388" visible="true" version="2" changeset="144332579" timestamp="2023-11-22T16:15:50Z" user="asdfqwer51" uid="3350410" lat="35.0218443" lon="126.7932652"/>
 <node id="8465313389" visible="true" version="2" changeset="144332579" timestamp="2023-11-22T16:15:50Z" user="asdfqwer51" uid="3350410" lat="35.0219024" lon="126.7933315"/>
 <node id="8465313390" visible="true" version="2" changeset="144332579" timestamp="2023-11-22T16:15:50Z" user="asdfqwer51" uid="3350410" lat="35.0221787" lon="126.7933315"/>
 <node id="8465313391" visible="true" version="2" changeset="144332579" timestamp="2023-11-22T16:15:50Z" user="asdfqwer51" uid="3350410" lat="35.0222367" lon="126.7932883"/>
 <node id="8465313392" visible="true" version="2" changeset="144332579" timestamp="2023-11-22T16:15:50Z" user="asdfqwer51" uid="3350410" lat="35.0222405" lon="126.7929556"/>
 <node id="8465313393" visible="true" version="2" changeset="144332579" timestamp="2023-11-22T16:15:50Z" user="asdfqwer51" uid="3350410" lat="35.0222203" lon="126.7929325"/>
 <node id="8465313394" visible="true" version="2" changeset="144332579" timestamp="2023-11-22T16:15:50Z" user="asdfqwer51" uid="3350410" lat="35.0218910" lon="126.7929232"/>
 <node id="8465313395" visible="true" version="3" changeset="144332579" timestamp="2023-11-22T16:15:50Z" user="asdfqwer51" uid="3350410" lat="35.0217728" lon="126.7925354"/>
 <node id="8465313396" visible="true" version="1" changeset="100124997" timestamp="2021-02-28T07:30:07Z" user="mulgist" uid="12368943" lat="35.0220855" lon="126.7925584"/>
 <node id="8465313397" visible="true" version="2" changeset="144332579" timestamp="2023-11-22T16:15:50Z" user="asdfqwer51" uid="3350410" lat="35.0220453" lon="126.7926473"/>
 <node id="8465313398" visible="true" version="2" changeset="144332579" timestamp="2023-11-22T16:15:50Z" user="asdfqwer51" uid="3350410" lat="35.0218432" lon="126.7939036"/>
 <node id="8465313399" visible="true" version="2" changeset="144332579" timestamp="2023-11-22T16:15:50Z" user="asdfqwer51" uid="3350410" lat="35.0218421" lon="126.7937105"/>
 <node id="8465313400" visible="true" version="2" changeset="144332579" timestamp="2023-11-22T16:15:50Z" user="asdfqwer51" uid="3350410" lat="35.0218729" lon="126.7937078"/>
 <node id="8465313401" visible="true" version="2" changeset="144332579" timestamp="2023-11-22T16:15:50Z" user="asdfqwer51" uid="3350410" lat="35.0218773" lon="126.7935550"/>
 <node id="8465313402" visible="true" version="2" changeset="144332579" timestamp="2023-11-22T16:15:50Z" user="asdfqwer51" uid="3350410" lat="35.0221914" lon="126.7935442"/>
 <node id="8465313403" visible="true" version="2" changeset="144332579" timestamp="2023-11-22T16:15:50Z" user="asdfqwer51" uid="3350410" lat="35.0222276" lon="126.7935885"/>
 <node id="8465313404" visible="true" version="2" changeset="144332579" timestamp="2023-11-22T16:15:50Z" user="asdfqwer51" uid="3350410" lat="35.0222232" lon="126.7939023"/>
 <node id="8465313405" visible="true" version="2" changeset="144332579" timestamp="2023-11-22T16:15:50Z" user="asdfqwer51" uid="3350410" lat="35.0213757" lon="126.7939058"/>
 <node id="8465313406" visible="true" version="2" changeset="144332579" timestamp="2023-11-22T16:15:50Z" user="asdfqwer51" uid="3350410" lat="35.0213801" lon="126.7935638"/>
 <node id="8465313407" visible="true" version="2" changeset="144332579" timestamp="2023-11-22T16:15:50Z" user="asdfqwer51" uid="3350410" lat="35.0218309" lon="126.7935531"/>
 <node id="8465313408" visible="true" version="2" changeset="144332579" timestamp="2023-11-22T16:15:50Z" user="asdfqwer51" uid="3350410" lat="35.0218298" lon="126.7939005"/>
 <node id="8465313409" visible="true" version="2" changeset="144332579" timestamp="2023-11-22T16:15:50Z" user="asdfqwer51" uid="3350410" lat="35.0218146" lon="126.7934362"/>
 <node id="8465313410" visible="true" version="2" changeset="144332579" timestamp="2023-11-22T16:15:50Z" user="asdfqwer51" uid="3350410" lat="35.0218134" lon="126.7935535"/>
 <node id="8465313411" visible="true" version="2" changeset="144332579" timestamp="2023-11-22T16:15:50Z" user="asdfqwer51" uid="3350410" lat="35.0218618" lon="126.7937088"/>
 <node id="8465313412" visible="true" version="2" changeset="144332579" timestamp="2023-11-22T16:15:50Z" user="asdfqwer51" uid="3350410" lat="35.0218650" lon="126.7934585"/>
 <node id="8465313413" visible="true" version="2" changeset="144332579" timestamp="2023-11-22T16:15:50Z" user="asdfqwer51" uid="3350410" lat="35.0218814" lon="126.7935295"/>
 <node id="8465313414" visible="true" version="2" changeset="144332579" timestamp="2023-11-22T16:15:50Z" user="asdfqwer51" uid="3350410" lat="35.0218002" lon="126.7935293"/>
 <node id="8465313415" visible="true" version="2" changeset="144332579" timestamp="2023-11-22T16:15:50Z" user="asdfqwer51" uid="3350410" lat="35.0218137" lon="126.7935293">
  <tag k="crossing" v="marked"/>
  <tag k="highway" v="crossing"/>
 </node>
 <node id="8465313416" visible="true" version="2" changeset="144332579" timestamp="2023-11-22T16:15:50Z" user="asdfqwer51" uid="3350410" lat="35.0218641" lon="126.7935295">
  <tag k="crossing" v="marked"/>
  <tag k="highway" v="crossing"/>
 </node>
 <node id="8465313417" visible="true" version="2" changeset="144332579" timestamp="2023-11-22T16:15:50Z" user="asdfqwer51" uid="3350410" lat="35.0218178" lon="126.7925463">
  <tag k="crossing" v="marked"/>
  <tag k="highway" v="crossing"/>
 </node>
 <node id="8467255503" visible="true" version="1" changeset="100138147" timestamp="2021-02-28T14:03:49Z" user="mulgist" uid="12368943" lat="35.0237444" lon="126.7908238"/>
 <node id="8467255504" visible="true" version="1" changeset="100138147" timestamp="2021-02-28T14:03:49Z" user="mulgist" uid="12368943" lat="35.0237377" lon="126.7903685"/>
 <node id="8467255505" visible="true" version="1" changeset="100138147" timestamp="2021-02-28T14:03:49Z" user="mulgist" uid="12368943" lat="35.0237028" lon="126.7902506"/>
 <node id="8467255506" visible="true" version="1" changeset="100138147" timestamp="2021-02-28T14:03:49Z" user="mulgist" uid="12368943" lat="35.0236828" lon="126.7889182"/>
 <node id="8467255507" visible="true" version="1" changeset="100138147" timestamp="2021-02-28T14:03:49Z" user="mulgist" uid="12368943" lat="35.0236961" lon="126.7888023"/>
 <node id="8467255508" visible="true" version="1" changeset="100138147" timestamp="2021-02-28T14:03:49Z" user="mulgist" uid="12368943" lat="35.0237011" lon="126.7884426"/>
 <node id="8467255509" visible="true" version="2" changeset="144332579" timestamp="2023-11-22T16:15:50Z" user="asdfqwer51" uid="3350410" lat="35.0236678" lon="126.7893164"/>
 <node id="8467255510" visible="true" version="2" changeset="144333236" timestamp="2023-11-22T16:36:43Z" user="asdfqwer51" uid="3350410" lat="35.0236748" lon="126.7898993"/>
 <node id="8467255511" visible="true" version="1" changeset="100138147" timestamp="2021-02-28T14:03:49Z" user="mulgist" uid="12368943" lat="35.0237727" lon="126.7911481"/>
 <node id="8467255512" visible="true" version="1" changeset="100138147" timestamp="2021-02-28T14:03:49Z" user="mulgist" uid="12368943" lat="35.0238459" lon="126.7914185"/>
 <node id="8467255513" visible="true" version="1" changeset="100138147" timestamp="2021-02-28T14:03:49Z" user="mulgist" uid="12368943" lat="35.0238692" lon="126.7915608"/>
 <node id="8467255514" visible="true" version="1" changeset="100138147" timestamp="2021-02-28T14:03:49Z" user="mulgist" uid="12368943" lat="35.0246085" lon="126.7932592"/>
 <node id="8467255515" visible="true" version="1" changeset="100138147" timestamp="2021-02-28T14:03:49Z" user="mulgist" uid="12368943" lat="35.0246684" lon="126.7933120"/>
 <node id="8467255516" visible="true" version="1" changeset="100138147" timestamp="2021-02-28T14:03:49Z" user="mulgist" uid="12368943" lat="35.0247350" lon="126.7932754"/>
 <node id="8467256317" visible="true" version="1" changeset="100138147" timestamp="2021-02-28T14:03:49Z" user="mulgist" uid="12368943" lat="35.0251283" lon="126.7929278"/>
 <node id="8467256318" visible="true" version="1" changeset="100138147" timestamp="2021-02-28T14:03:49Z" user="mulgist" uid="12368943" lat="35.0252281" lon="126.7928729"/>
 <node id="8467256319" visible="true" version="1" changeset="100138147" timestamp="2021-02-28T14:03:49Z" user="mulgist" uid="12368943" lat="35.0261341" lon="126.7918383"/>
 <node id="8467256320" visible="true" version="2" changeset="144397454" timestamp="2023-11-24T08:19:48Z" user="asdfqwer51" uid="3350410" lat="35.0266717" lon="126.7910964"/>
 <node id="8467256321" visible="true" version="2" changeset="144397454" timestamp="2023-11-24T08:19:48Z" user="asdfqwer51" uid="3350410" lat="35.0267916" lon="126.7908747"/>
 <node id="8467256322" visible="true" version="1" changeset="100138147" timestamp="2021-02-28T14:03:49Z" user="mulgist" uid="12368943" lat="35.0274886" lon="126.7901507"/>
 <node id="8467256323" visible="true" version="1" changeset="100138147" timestamp="2021-02-28T14:03:49Z" user="mulgist" uid="12368943" lat="35.0275302" lon="126.7900612"/>
 <node id="8467256324" visible="true" version="1" changeset="100138147" timestamp="2021-02-28T14:03:49Z" user="mulgist" uid="12368943" lat="35.0278246" lon="126.7897339"/>
 <node id="8467256325" visible="true" version="2" changeset="144397454" timestamp="2023-11-24T08:19:48Z" user="asdfqwer51" uid="3350410" lat="35.0265522" lon="126.7912606"/>
 <node id="8467256326" visible="true" version="2" changeset="144397454" timestamp="2023-11-24T08:19:48Z" user="asdfqwer51" uid="3350410" lat="35.0262278" lon="126.7916644"/>
 <node id="8467256327" visible="true" version="1" changeset="100138147" timestamp="2021-02-28T14:03:49Z" user="mulgist" uid="12368943" lat="35.0278586" lon="126.7896710"/>
 <node id="8467256328" visible="true" version="1" changeset="100138147" timestamp="2021-02-28T14:03:49Z" user="mulgist" uid="12368943" lat="35.0278586" lon="126.7895940"/>
 <node id="8467256329" visible="true" version="1" changeset="100138147" timestamp="2021-02-28T14:03:49Z" user="mulgist" uid="12368943" lat="35.0278413" lon="126.7895566"/>
 <node id="8467256343" visible="true" version="1" changeset="100138147" timestamp="2021-02-28T14:03:49Z" user="mulgist" uid="12368943" lat="35.0269460" lon="126.7884704"/>
 <node id="8467256344" visible="true" version="2" changeset="144397454" timestamp="2023-11-24T08:19:48Z" user="asdfqwer51" uid="3350410" lat="35.0266834" lon="126.7907559"/>
 <node id="8467256345" visible="true" version="2" changeset="144397454" timestamp="2023-11-24T08:19:48Z" user="asdfqwer51" uid="3350410" lat="35.0267490" lon="126.7906296"/>
 <node id="8467256346" visible="true" version="2" changeset="144397454" timestamp="2023-11-24T08:19:48Z" user="asdfqwer51" uid="3350410" lat="35.0267868" lon="126.7904724"/>
 <node id="8467256347" visible="true" version="2" changeset="144397454" timestamp="2023-11-24T08:19:48Z" user="asdfqwer51" uid="3350410" lat="35.0267893" lon="126.7903492"/>
 <node id="8467256348" visible="true" version="2" changeset="144397454" timestamp="2023-11-24T08:19:48Z" user="asdfqwer51" uid="3350410" lat="35.0267742" lon="126.7902229"/>
 <node id="8467256349" visible="true" version="2" changeset="144397454" timestamp="2023-11-24T08:19:48Z" user="asdfqwer51" uid="3350410" lat="35.0267465" lon="126.7901212"/>
 <node id="8467256350" visible="true" version="2" changeset="144397454" timestamp="2023-11-24T08:19:48Z" user="asdfqwer51" uid="3350410" lat="35.0266274" lon="126.7908217"/>
 <node id="8467256351" visible="true" version="2" changeset="144397454" timestamp="2023-11-24T08:19:48Z" user="asdfqwer51" uid="3350410" lat="35.0265409" lon="126.7908928"/>
 <node id="8467256352" visible="true" version="2" changeset="144397454" timestamp="2023-11-24T08:19:48Z" user="asdfqwer51" uid="3350410" lat="35.0264643" lon="126.7909254"/>
 <node id="8467256353" visible="true" version="2" changeset="144397454" timestamp="2023-11-24T08:19:48Z" user="asdfqwer51" uid="3350410" lat="35.0263827" lon="126.7909477"/>
 <node id="8467256354" visible="true" version="2" changeset="144397454" timestamp="2023-11-24T08:19:48Z" user="asdfqwer51" uid="3350410" lat="35.0262995" lon="126.7909640"/>
 <node id="8467256355" visible="true" version="2" changeset="144397454" timestamp="2023-11-24T08:19:48Z" user="asdfqwer51" uid="3350410" lat="35.0262079" lon="126.7909437"/>
 <node id="8467256356" visible="true" version="2" changeset="144397454" timestamp="2023-11-24T08:19:48Z" user="asdfqwer51" uid="3350410" lat="35.0261347" lon="126.7908867"/>
 <node id="8467256357" visible="true" version="2" changeset="144397454" timestamp="2023-11-24T08:19:48Z" user="asdfqwer51" uid="3350410" lat="35.0260781" lon="126.7908054"/>
 <node id="8467256358" visible="true" version="2" changeset="144397454" timestamp="2023-11-24T08:19:48Z" user="asdfqwer51" uid="3350410" lat="35.0260198" lon="126.7906347"/>
 <node id="8467256359" visible="true" version="2" changeset="144397454" timestamp="2023-11-24T08:19:48Z" user="asdfqwer51" uid="3350410" lat="35.0259882" lon="126.7905148"/>
 <node id="8467256360" visible="true" version="2" changeset="144397454" timestamp="2023-11-24T08:19:48Z" user="asdfqwer51" uid="3350410" lat="35.0260082" lon="126.7903664"/>
 <node id="8467256361" visible="true" version="2" changeset="144397454" timestamp="2023-11-24T08:19:48Z" user="asdfqwer51" uid="3350410" lat="35.0260515" lon="126.7902424"/>
 <node id="8467256362" visible="true" version="2" changeset="144397454" timestamp="2023-11-24T08:19:48Z" user="asdfqwer51" uid="3350410" lat="35.0261430" lon="126.7901326"/>
 <node id="8467256363" visible="true" version="2" changeset="144397454" timestamp="2023-11-24T08:19:48Z" user="asdfqwer51" uid="3350410" lat="35.0262412" lon="126.7900737"/>
 <node id="8467256364" visible="true" version="2" changeset="144397454" timestamp="2023-11-24T08:19:48Z" user="asdfqwer51" uid="3350410" lat="35.0263394" lon="126.7900655"/>
 <node id="8467256365" visible="true" version="2" changeset="144397454" timestamp="2023-11-24T08:19:48Z" user="asdfqwer51" uid="3350410" lat="35.0264277" lon="126.7900879"/>
 <node id="8467256366" visible="true" version="2" changeset="144397454" timestamp="2023-11-24T08:19:48Z" user="asdfqwer51" uid="3350410" lat="35.0264942" lon="126.7901428"/>
 <node id="8467256367" visible="true" version="2" changeset="144397454" timestamp="2023-11-24T08:19:48Z" user="asdfqwer51" uid="3350410" lat="35.0265442" lon="126.7902098"/>
 <node id="8467256368" visible="true" version="2" changeset="144397454" timestamp="2023-11-24T08:19:48Z" user="asdfqwer51" uid="3350410" lat="35.0265658" lon="126.7902932"/>
 <node id="8467256369" visible="true" version="2" changeset="144397454" timestamp="2023-11-24T08:19:48Z" user="asdfqwer51" uid="3350410" lat="35.0265708" lon="126.7903908"/>
 <node id="8467256370" visible="true" version="2" changeset="144397454" timestamp="2023-11-24T08:19:48Z" user="asdfqwer51" uid="3350410" lat="35.0265475" lon="126.7904761"/>
 <node id="8467256371" visible="true" version="2" changeset="144397454" timestamp="2023-11-24T08:19:48Z" user="asdfqwer51" uid="3350410" lat="35.0264709" lon="126.7905392"/>
 <node id="8467256372" visible="true" version="2" changeset="144397454" timestamp="2023-11-24T08:19:48Z" user="asdfqwer51" uid="3350410" lat="35.0263677" lon="126.7905513"/>
 <node id="8467256373" visible="true" version="2" changeset="144397454" timestamp="2023-11-24T08:19:48Z" user="asdfqwer51" uid="3350410" lat="35.0262878" lon="126.7905188"/>
 <node id="8467256374" visible="true" version="2" changeset="144397454" timestamp="2023-11-24T08:19:48Z" user="asdfqwer51" uid="3350410" lat="35.0262512" lon="126.7904233"/>
 <node id="8467256375" visible="true" version="2" changeset="144397454" timestamp="2023-11-24T08:19:48Z" user="asdfqwer51" uid="3350410" lat="35.0262862" lon="126.7903074"/>
 <node id="8467256376" visible="true" version="2" changeset="144397454" timestamp="2023-11-24T08:19:48Z" user="asdfqwer51" uid="3350410" lat="35.0263577" lon="126.7902627"/>
 <node id="8467256377" visible="true" version="2" changeset="144397454" timestamp="2023-11-24T08:19:48Z" user="asdfqwer51" uid="3350410" lat="35.0264243" lon="126.7902912"/>
 <node id="8467256378" visible="true" version="2" changeset="144397454" timestamp="2023-11-24T08:19:48Z" user="asdfqwer51" uid="3350410" lat="35.0264360" lon="126.7903399"/>
 <node id="8467256379" visible="true" version="2" changeset="144397454" timestamp="2023-11-24T08:19:48Z" user="asdfqwer51" uid="3350410" lat="35.0264227" lon="126.7903948"/>
 <node id="8467256380" visible="true" version="2" changeset="144397454" timestamp="2023-11-24T08:19:48Z" user="asdfqwer51" uid="3350410" lat="35.0263811" lon="126.7904253"/>
 <node id="8467256381" visible="true" version="2" changeset="144397454" timestamp="2023-11-24T08:19:48Z" user="asdfqwer51" uid="3350410" lat="35.0263444" lon="126.7904111"/>
 <node id="8467256382" visible="true" version="2" changeset="144397454" timestamp="2023-11-24T08:19:48Z" user="asdfqwer51" uid="3350410" lat="35.0263311" lon="126.7903745"/>
 <node id="8467256383" visible="true" version="2" changeset="144397454" timestamp="2023-11-24T08:19:48Z" user="asdfqwer51" uid="3350410" lat="35.0263478" lon="126.7903298"/>
 <node id="8467256384" visible="true" version="1" changeset="100138147" timestamp="2021-02-28T14:03:49Z" user="mulgist" uid="12368943" lat="35.0262001" lon="126.7910418"/>
 <node id="8467256385" visible="true" version="1" changeset="100138147" timestamp="2021-02-28T14:03:49Z" user="mulgist" uid="12368943" lat="35.0260272" lon="126.7911814"/>
 <node id="8467256386" visible="true" version="1" changeset="100138147" timestamp="2021-02-28T14:03:49Z" user="mulgist" uid="12368943" lat="35.0260845" lon="126.7911345"/>
 <node id="8467256387" visible="true" version="2" changeset="144397454" timestamp="2023-11-24T08:19:48Z" user="asdfqwer51" uid="3350410" lat="35.0268045" lon="126.7900562"/>
 <node id="8467256388" visible="true" version="2" changeset="144397454" timestamp="2023-11-24T08:19:48Z" user="asdfqwer51" uid="3350410" lat="35.0269846" lon="126.7898175"/>
 <node id="8467256389" visible="true" version="2" changeset="144397454" timestamp="2023-11-24T08:19:48Z" user="asdfqwer51" uid="3350410" lat="35.0270922" lon="126.7897933"/>
 <node id="8467256390" visible="true" version="2" changeset="144397454" timestamp="2023-11-24T08:19:48Z" user="asdfqwer51" uid="3350410" lat="35.0272372" lon="126.7898094"/>
 <node id="8467256391" visible="true" version="2" changeset="144397454" timestamp="2023-11-24T08:19:48Z" user="asdfqwer51" uid="3350410" lat="35.0273113" lon="126.7897933"/>
 <node id="8467256392" visible="true" version="2" changeset="144397454" timestamp="2023-11-24T08:19:48Z" user="asdfqwer51" uid="3350410" lat="35.0275398" lon="126.7896592"/>
 <node id="8467256393" visible="true" version="2" changeset="144397454" timestamp="2023-11-24T08:19:48Z" user="asdfqwer51" uid="3350410" lat="35.0275969" lon="126.7897182"/>
 <node id="8467256394" visible="true" version="2" changeset="144397454" timestamp="2023-11-24T08:19:48Z" user="asdfqwer51" uid="3350410" lat="35.0277598" lon="126.7898059"/>
 <node id="8467256395" visible="true" version="1" changeset="100138147" timestamp="2021-02-28T14:03:49Z" user="mulgist" uid="12368943" lat="35.0277633" lon="126.7894620"/>
 <node id="8467256396" visible="true" version="1" changeset="100138147" timestamp="2021-02-28T14:03:49Z" user="mulgist" uid="12368943" lat="35.0276970" lon="126.7895053"/>
 <node id="8467256397" visible="true" version="1" changeset="100138147" timestamp="2021-02-28T14:03:49Z" user="mulgist" uid="12368943" lat="35.0276070" lon="126.7894517"/>
 <node id="8467256398" visible="true" version="1" changeset="100138147" timestamp="2021-02-28T14:03:49Z" user="mulgist" uid="12368943" lat="35.0275411" lon="126.7893953"/>
 <node id="8467256399" visible="true" version="1" changeset="100138147" timestamp="2021-02-28T14:03:49Z" user="mulgist" uid="12368943" lat="35.0274489" lon="126.7893310"/>
 <node id="8467256400" visible="true" version="1" changeset="100138147" timestamp="2021-02-28T14:03:49Z" user="mulgist" uid="12368943" lat="35.0273566" lon="126.7892773"/>
 <node id="8467256401" visible="true" version="1" changeset="100138147" timestamp="2021-02-28T14:03:49Z" user="mulgist" uid="12368943" lat="35.0272885" lon="126.7891969"/>
 <node id="8467256402" visible="true" version="1" changeset="100138147" timestamp="2021-02-28T14:03:49Z" user="mulgist" uid="12368943" lat="35.0272468" lon="126.7890574"/>
 <node id="8467256403" visible="true" version="1" changeset="100138147" timestamp="2021-02-28T14:03:49Z" user="mulgist" uid="12368943" lat="35.0271743" lon="126.7889474"/>
 <node id="8467256404" visible="true" version="1" changeset="100138147" timestamp="2021-02-28T14:03:49Z" user="mulgist" uid="12368943" lat="35.0270930" lon="126.7888669"/>
 <node id="8467256405" visible="true" version="1" changeset="100138147" timestamp="2021-02-28T14:03:49Z" user="mulgist" uid="12368943" lat="35.0269986" lon="126.7888187"/>
 <node id="8467256406" visible="true" version="1" changeset="100138147" timestamp="2021-02-28T14:03:49Z" user="mulgist" uid="12368943" lat="35.0268404" lon="126.7888160"/>
 <node id="8467256407" visible="true" version="1" changeset="100138147" timestamp="2021-02-28T14:03:49Z" user="mulgist" uid="12368943" lat="35.0267394" lon="126.7888455"/>
 <node id="8467256408" visible="true" version="1" changeset="100138147" timestamp="2021-02-28T14:03:49Z" user="mulgist" uid="12368943" lat="35.0266713" lon="126.7888857"/>
 <node id="8467256409" visible="true" version="1" changeset="100138147" timestamp="2021-02-28T14:03:49Z" user="mulgist" uid="12368943" lat="35.0266054" lon="126.7888535"/>
 <node id="8467256410" visible="true" version="1" changeset="100138147" timestamp="2021-02-28T14:03:49Z" user="mulgist" uid="12368943" lat="35.0265373" lon="126.7888133"/>
 <node id="8467256411" visible="true" version="1" changeset="100138147" timestamp="2021-02-28T14:03:49Z" user="mulgist" uid="12368943" lat="35.0262262" lon="126.7888798"/>
 <node id="8467256413" visible="true" version="1" changeset="100138147" timestamp="2021-02-28T14:03:49Z" user="mulgist" uid="12368943" lat="35.0264956" lon="126.7887945"/>
 <node id="8467256415" visible="true" version="1" changeset="100138147" timestamp="2021-02-28T14:03:49Z" user="mulgist" uid="12368943" lat="35.0267863" lon="126.7890648"/>
 <node id="8467256416" visible="true" version="2" changeset="144397454" timestamp="2023-11-24T08:19:48Z" user="asdfqwer51" uid="3350410" lat="35.0270194" lon="126.7898096"/>
 <node id="8467256417" visible="true" version="1" changeset="100138147" timestamp="2021-02-28T14:03:49Z" user="mulgist" uid="12368943" lat="35.0270007" lon="126.7898169"/>
 <node id="8467256418" visible="true" version="1" changeset="100138147" timestamp="2021-02-28T14:03:49Z" user="mulgist" uid="12368943" lat="35.0269297" lon="126.7897284"/>
 <node id="8467256419" visible="true" version="1" changeset="100138147" timestamp="2021-02-28T14:03:49Z" user="mulgist" uid="12368943" lat="35.0268370" lon="126.7896293"/>
 <node id="8467256420" visible="true" version="1" changeset="100138147" timestamp="2021-02-28T14:03:49Z" user="mulgist" uid="12368943" lat="35.0267645" lon="126.7895727"/>
 <node id="8467256421" visible="true" version="1" changeset="100138147" timestamp="2021-02-28T14:03:49Z" user="mulgist" uid="12368943" lat="35.0267022" lon="126.7894647"/>
 <node id="8467256422" visible="true" version="1" changeset="100138147" timestamp="2021-02-28T14:03:49Z" user="mulgist" uid="12368943" lat="35.0266906" lon="126.7893745"/>
 <node id="8467256423" visible="true" version="1" changeset="100138147" timestamp="2021-02-28T14:03:49Z" user="mulgist" uid="12368943" lat="35.0266950" lon="126.7892542"/>
 <node id="8467256424" visible="true" version="1" changeset="100138147" timestamp="2021-02-28T14:03:49Z" user="mulgist" uid="12368943" lat="35.0267240" lon="126.7891639"/>
 <node id="8467256425" visible="true" version="1" changeset="100138147" timestamp="2021-02-28T14:03:49Z" user="mulgist" uid="12368943" lat="35.0267558" lon="126.7891002"/>
 <node id="8467256426" visible="true" version="1" changeset="100138147" timestamp="2021-02-28T14:03:49Z" user="mulgist" uid="12368943" lat="35.0268442" lon="126.7890383"/>
 <node id="8467256427" visible="true" version="1" changeset="100138147" timestamp="2021-02-28T14:03:49Z" user="mulgist" uid="12368943" lat="35.0268993" lon="126.7890276"/>
 <node id="8467256428" visible="true" version="1" changeset="100138147" timestamp="2021-02-28T14:03:49Z" user="mulgist" uid="12368943" lat="35.0269660" lon="126.7890276"/>
 <node id="8467256429" visible="true" version="1" changeset="100138147" timestamp="2021-02-28T14:03:49Z" user="mulgist" uid="12368943" lat="35.0270196" lon="126.7890471"/>
 <node id="8467256430" visible="true" version="1" changeset="100138147" timestamp="2021-02-28T14:03:49Z" user="mulgist" uid="12368943" lat="35.0270587" lon="126.7890896"/>
 <node id="8467256431" visible="true" version="1" changeset="100138147" timestamp="2021-02-28T14:03:49Z" user="mulgist" uid="12368943" lat="35.0270978" lon="126.7891604"/>
 <node id="8467256432" visible="true" version="1" changeset="100138147" timestamp="2021-02-28T14:03:49Z" user="mulgist" uid="12368943" lat="35.0271109" lon="126.7892188"/>
 <node id="8467256433" visible="true" version="1" changeset="100138147" timestamp="2021-02-28T14:03:49Z" user="mulgist" uid="12368943" lat="35.0271036" lon="126.7893072"/>
 <node id="8467256434" visible="true" version="1" changeset="100138147" timestamp="2021-02-28T14:03:49Z" user="mulgist" uid="12368943" lat="35.0270616" lon="126.7893656"/>
 <node id="8467256435" visible="true" version="1" changeset="100138147" timestamp="2021-02-28T14:03:49Z" user="mulgist" uid="12368943" lat="35.0270152" lon="126.7894046"/>
 <node id="8467256436" visible="true" version="1" changeset="100138147" timestamp="2021-02-28T14:03:49Z" user="mulgist" uid="12368943" lat="35.0269616" lon="126.7894063"/>
 <node id="8467256437" visible="true" version="1" changeset="100138147" timestamp="2021-02-28T14:03:49Z" user="mulgist" uid="12368943" lat="35.0269196" lon="126.7894010"/>
 <node id="8467256438" visible="true" version="1" changeset="100138147" timestamp="2021-02-28T14:03:49Z" user="mulgist" uid="12368943" lat="35.0268964" lon="126.7893409"/>
 <node id="8467256439" visible="true" version="1" changeset="100138147" timestamp="2021-02-28T14:03:49Z" user="mulgist" uid="12368943" lat="35.0268964" lon="126.7892772"/>
 <node id="8467256440" visible="true" version="1" changeset="100138147" timestamp="2021-02-28T14:03:49Z" user="mulgist" uid="12368943" lat="35.0269254" lon="126.7892170"/>
 <node id="8467256441" visible="true" version="1" changeset="100138147" timestamp="2021-02-28T14:03:49Z" user="mulgist" uid="12368943" lat="35.0269660" lon="126.7892028"/>
 <node id="8467256442" visible="true" version="1" changeset="100138147" timestamp="2021-02-28T14:03:49Z" user="mulgist" uid="12368943" lat="35.0270080" lon="126.7892223"/>
 <node id="8467256443" visible="true" version="1" changeset="100138147" timestamp="2021-02-28T14:03:49Z" user="mulgist" uid="12368943" lat="35.0269776" lon="126.7892966"/>
 <node id="8467256444" visible="true" version="2" changeset="144397454" timestamp="2023-11-24T08:19:48Z" user="asdfqwer51" uid="3350410" lat="35.0263818" lon="126.7903546"/>
 <node id="8467256446" visible="true" version="2" changeset="144397454" timestamp="2023-11-24T08:19:48Z" user="asdfqwer51" uid="3350410" lat="35.0268251" lon="126.7903080"/>
 <node id="8467256447" visible="true" version="2" changeset="144397454" timestamp="2023-11-24T08:19:48Z" user="asdfqwer51" uid="3350410" lat="35.0268923" lon="126.7902501"/>
 <node id="8467256448" visible="true" version="2" changeset="144397454" timestamp="2023-11-24T08:19:48Z" user="asdfqwer51" uid="3350410" lat="35.0270033" lon="126.7901838"/>
 <node id="8467256449" visible="true" version="2" changeset="144397454" timestamp="2023-11-24T08:19:48Z" user="asdfqwer51" uid="3350410" lat="35.0271181" lon="126.7901298"/>
 <node id="8467256450" visible="true" version="2" changeset="144397454" timestamp="2023-11-24T08:19:48Z" user="asdfqwer51" uid="3350410" lat="35.0271767" lon="126.7900789"/>
 <node id="8467256451" visible="true" version="2" changeset="144397454" timestamp="2023-11-24T08:19:48Z" user="asdfqwer51" uid="3350410" lat="35.0272112" lon="126.7899948"/>
 <node id="8467256452" visible="true" version="2" changeset="144397454" timestamp="2023-11-24T08:19:48Z" user="asdfqwer51" uid="3350410" lat="35.0272415" lon="126.7898783"/>
 <node id="8467256453" visible="true" version="1" changeset="100138147" timestamp="2021-02-28T14:03:49Z" user="mulgist" uid="12368943" lat="35.0273549" lon="126.7903130"/>
 <node id="8467256454" visible="true" version="2" changeset="144397454" timestamp="2023-11-24T08:19:48Z" user="asdfqwer51" uid="3350410" lat="35.0268906" lon="126.7899421"/>
 <node id="8467256455" visible="true" version="2" changeset="144397454" timestamp="2023-11-24T08:19:48Z" user="asdfqwer51" uid="3350410" lat="35.0268097" lon="126.7899601"/>
 <node id="8467256456" visible="true" version="2" changeset="144397454" timestamp="2023-11-24T08:19:48Z" user="asdfqwer51" uid="3350410" lat="35.0267352" lon="126.7899578"/>
 <node id="8467256457" visible="true" version="2" changeset="144397454" timestamp="2023-11-24T08:19:48Z" user="asdfqwer51" uid="3350410" lat="35.0266568" lon="126.7899531"/>
 <node id="8467256458" visible="true" version="2" changeset="144397454" timestamp="2023-11-24T08:19:48Z" user="asdfqwer51" uid="3350410" lat="35.0265535" lon="126.7899134"/>
 <node id="8467256459" visible="true" version="2" changeset="144397454" timestamp="2023-11-24T08:19:48Z" user="asdfqwer51" uid="3350410" lat="35.0264694" lon="126.7898551"/>
 <node id="8467256460" visible="true" version="2" changeset="144397454" timestamp="2023-11-24T08:19:48Z" user="asdfqwer51" uid="3350410" lat="35.0263757" lon="126.7898270"/>
 <node id="8467256461" visible="true" version="2" changeset="144397454" timestamp="2023-11-24T08:19:48Z" user="asdfqwer51" uid="3350410" lat="35.0262782" lon="126.7898107"/>
 <node id="8467256462" visible="true" version="2" changeset="144397454" timestamp="2023-11-24T08:19:48Z" user="asdfqwer51" uid="3350410" lat="35.0261921" lon="126.7898387"/>
 <node id="8467256463" visible="true" version="2" changeset="144397454" timestamp="2023-11-24T08:19:48Z" user="asdfqwer51" uid="3350410" lat="35.0261137" lon="126.7898714"/>
 <node id="8467256464" visible="true" version="2" changeset="144397454" timestamp="2023-11-24T08:19:48Z" user="asdfqwer51" uid="3350410" lat="35.0260047" lon="126.7899601"/>
 <node id="8467256465" visible="true" version="2" changeset="144397454" timestamp="2023-11-24T08:19:48Z" user="asdfqwer51" uid="3350410" lat="35.0259359" lon="126.7900465"/>
 <node id="8467256466" visible="true" version="2" changeset="144397454" timestamp="2023-11-24T08:19:48Z" user="asdfqwer51" uid="3350410" lat="35.0258824" lon="126.7901539"/>
 <node id="8467256467" visible="true" version="2" changeset="144397454" timestamp="2023-11-24T08:19:48Z" user="asdfqwer51" uid="3350410" lat="35.0258594" lon="126.7902450"/>
 <node id="8467256468" visible="true" version="2" changeset="144397454" timestamp="2023-11-24T08:19:48Z" user="asdfqwer51" uid="3350410" lat="35.0258460" lon="126.7903898"/>
 <node id="8467256469" visible="true" version="2" changeset="144397454" timestamp="2023-11-24T08:19:48Z" user="asdfqwer51" uid="3350410" lat="35.0258594" lon="126.7905135"/>
 <node id="8467256470" visible="true" version="2" changeset="144397454" timestamp="2023-11-24T08:19:48Z" user="asdfqwer51" uid="3350410" lat="35.0258938" lon="126.7906279"/>
 <node id="8467256471" visible="true" version="2" changeset="144397454" timestamp="2023-11-24T08:19:48Z" user="asdfqwer51" uid="3350410" lat="35.0259588" lon="126.7907260"/>
 <node id="8467256472" visible="true" version="2" changeset="144397454" timestamp="2023-11-24T08:19:48Z" user="asdfqwer51" uid="3350410" lat="35.0260525" lon="126.7908404"/>
 <node id="8467256473" visible="true" version="2" changeset="144397454" timestamp="2023-11-24T08:19:48Z" user="asdfqwer51" uid="3350410" lat="35.0260927" lon="126.7908825"/>
 <node id="8467256474" visible="true" version="2" changeset="144397454" timestamp="2023-11-24T08:19:48Z" user="asdfqwer51" uid="3350410" lat="35.0275606" lon="126.7896806"/>
 <node id="8467256475" visible="true" version="1" changeset="100138147" timestamp="2021-02-28T14:03:49Z" user="mulgist" uid="12368943" lat="35.0276331" lon="126.7896441"/>
 <node id="8467256476" visible="true" version="1" changeset="100138147" timestamp="2021-02-28T14:03:49Z" user="mulgist" uid="12368943" lat="35.0276693" lon="126.7895768"/>
 <node id="8467256477" visible="true" version="1" changeset="100138147" timestamp="2021-02-28T14:03:49Z" user="mulgist" uid="12368943" lat="35.0276651" lon="126.7894863"/>
 <node id="8491434612" visible="true" version="2" changeset="144332579" timestamp="2023-11-22T16:15:50Z" user="asdfqwer51" uid="3350410" lat="35.0214045" lon="126.7931760"/>
 <node id="8491434613" visible="true" version="2" changeset="144332579" timestamp="2023-11-22T16:15:50Z" user="asdfqwer51" uid="3350410" lat="35.0214023" lon="126.7934429"/>
 <node id="8491434614" visible="true" version="2" changeset="144332579" timestamp="2023-11-22T16:15:50Z" user="asdfqwer51" uid="3350410" lat="35.0216934" lon="126.7934469"/>
 <node id="8491434615" visible="true" version="2" changeset="144332579" timestamp="2023-11-22T16:15:50Z" user="asdfqwer51" uid="3350410" lat="35.0216988" lon="126.7931791"/>
 <node id="8491434616" visible="true" version="2" changeset="144332579" timestamp="2023-11-22T16:15:50Z" user="asdfqwer51" uid="3350410" lat="35.0213703" lon="126.7928505"/>
 <node id="8491474117" visible="true" version="2" changeset="144332579" timestamp="2023-11-22T16:15:50Z" user="asdfqwer51" uid="3350410" lat="35.0213684" lon="126.7931576"/>
 <node id="8491474118" visible="true" version="2" changeset="144332579" timestamp="2023-11-22T16:15:50Z" user="asdfqwer51" uid="3350410" lat="35.0216944" lon="126.7931587"/>
 <node id="8491474119" visible="true" version="2" changeset="144332579" timestamp="2023-11-22T16:15:50Z" user="asdfqwer51" uid="3350410" lat="35.0216982" lon="126.7928587"/>
 <node id="8491474120" visible="true" version="2" changeset="144332579" timestamp="2023-11-22T16:15:50Z" user="asdfqwer51" uid="3350410" lat="35.0213772" lon="126.7928387"/>
 <node id="8491474121" visible="true" version="2" changeset="144332579" timestamp="2023-11-22T16:15:50Z" user="asdfqwer51" uid="3350410" lat="35.0213815" lon="126.7925458"/>
 <node id="8491474122" visible="true" version="2" changeset="144332579" timestamp="2023-11-22T16:15:50Z" user="asdfqwer51" uid="3350410" lat="35.0216803" lon="126.7925485"/>
 <node id="8491474123" visible="true" version="2" changeset="144332579" timestamp="2023-11-22T16:15:50Z" user="asdfqwer51" uid="3350410" lat="35.0216794" lon="126.7926127"/>
 <node id="8491474124" visible="true" version="2" changeset="144332579" timestamp="2023-11-22T16:15:50Z" user="asdfqwer51" uid="3350410" lat="35.0217036" lon="126.7926138"/>
 <node id="8491474125" visible="true" version="2" changeset="144332579" timestamp="2023-11-22T16:15:50Z" user="asdfqwer51" uid="3350410" lat="35.0217006" lon="126.7927927"/>
 <node id="8491474126" visible="true" version="2" changeset="144332579" timestamp="2023-11-22T16:15:50Z" user="asdfqwer51" uid="3350410" lat="35.0216235" lon="126.7927918"/>
 <node id="8491474127" visible="true" version="2" changeset="144332579" timestamp="2023-11-22T16:15:50Z" user="asdfqwer51" uid="3350410" lat="35.0216228" lon="126.7928413"/>
 <node id="8491474128" visible="true" version="2" changeset="144332579" timestamp="2023-11-22T16:15:50Z" user="asdfqwer51" uid="3350410" lat="35.0213813" lon="126.7925315"/>
 <node id="8491474129" visible="true" version="2" changeset="144332579" timestamp="2023-11-22T16:15:50Z" user="asdfqwer51" uid="3350410" lat="35.0213881" lon="126.7922356"/>
 <node id="8491474130" visible="true" version="2" changeset="144332579" timestamp="2023-11-22T16:15:50Z" user="asdfqwer51" uid="3350410" lat="35.0216336" lon="126.7922301"/>
 <node id="8491474131" visible="true" version="2" changeset="144332579" timestamp="2023-11-22T16:15:50Z" user="asdfqwer51" uid="3350410" lat="35.0216319" lon="126.7922760"/>
 <node id="8491474132" visible="true" version="2" changeset="144332579" timestamp="2023-11-22T16:15:50Z" user="asdfqwer51" uid="3350410" lat="35.0217110" lon="126.7922812"/>
 <node id="8491474133" visible="true" version="2" changeset="144332579" timestamp="2023-11-22T16:15:50Z" user="asdfqwer51" uid="3350410" lat="35.0217064" lon="126.7924682"/>
 <node id="8491474134" visible="true" version="2" changeset="144332579" timestamp="2023-11-22T16:15:50Z" user="asdfqwer51" uid="3350410" lat="35.0216809" lon="126.7925354"/>
 <node id="8491474135" visible="true" version="2" changeset="144332579" timestamp="2023-11-22T16:15:50Z" user="asdfqwer51" uid="3350410" lat="35.0216832" lon="126.7924672"/>
 <node id="8491474136" visible="true" version="2" changeset="144332579" timestamp="2023-11-22T16:15:50Z" user="asdfqwer51" uid="3350410" lat="35.0213891" lon="126.7919299"/>
 <node id="8491474137" visible="true" version="2" changeset="144332579" timestamp="2023-11-22T16:15:50Z" user="asdfqwer51" uid="3350410" lat="35.0213858" lon="126.7922142"/>
 <node id="8491474138" visible="true" version="2" changeset="144332579" timestamp="2023-11-22T16:15:50Z" user="asdfqwer51" uid="3350410" lat="35.0217164" lon="126.7922155"/>
 <node id="8491474139" visible="true" version="2" changeset="144332579" timestamp="2023-11-22T16:15:50Z" user="asdfqwer51" uid="3350410" lat="35.0217219" lon="126.7919312"/>
 <node id="8491474140" visible="true" version="2" changeset="144332579" timestamp="2023-11-22T16:15:50Z" user="asdfqwer51" uid="3350410" lat="35.0213927" lon="126.7919047"/>
 <node id="8491474141" visible="true" version="2" changeset="144332579" timestamp="2023-11-22T16:15:50Z" user="asdfqwer51" uid="3350410" lat="35.0213960" lon="126.7917143"/>
 <node id="8491474142" visible="true" version="2" changeset="144332579" timestamp="2023-11-22T16:15:50Z" user="asdfqwer51" uid="3350410" lat="35.0214202" lon="126.7917089"/>
 <node id="8491474143" visible="true" version="2" changeset="144332579" timestamp="2023-11-22T16:15:50Z" user="asdfqwer51" uid="3350410" lat="35.0214202" lon="126.7916392"/>
 <node id="8491474144" visible="true" version="2" changeset="144332579" timestamp="2023-11-22T16:15:50Z" user="asdfqwer51" uid="3350410" lat="35.0217277" lon="126.7916338"/>
 <node id="8491474145" visible="true" version="2" changeset="144332579" timestamp="2023-11-22T16:15:50Z" user="asdfqwer51" uid="3350410" lat="35.0217211" lon="126.7919114"/>
 <node id="8491474146" visible="true" version="2" changeset="144332579" timestamp="2023-11-22T16:15:50Z" user="asdfqwer51" uid="3350410" lat="35.0204866" lon="126.7933472"/>
 <node id="8491474147" visible="true" version="2" changeset="144332579" timestamp="2023-11-22T16:15:50Z" user="asdfqwer51" uid="3350410" lat="35.0206605" lon="126.7935667"/>
 <node id="8491474148" visible="true" version="2" changeset="144332579" timestamp="2023-11-22T16:15:50Z" user="asdfqwer51" uid="3350410" lat="35.0209996" lon="126.7935897"/>
 <node id="8491474149" visible="true" version="2" changeset="144332579" timestamp="2023-11-22T16:15:50Z" user="asdfqwer51" uid="3350410" lat="35.0210089" lon="126.7930588"/>
 <node id="8491474150" visible="true" version="2" changeset="144332579" timestamp="2023-11-22T16:15:50Z" user="asdfqwer51" uid="3350410" lat="35.0206910" lon="126.7930694"/>
 <node id="8491474151" visible="true" version="2" changeset="144332579" timestamp="2023-11-22T16:15:50Z" user="asdfqwer51" uid="3350410" lat="35.0207210" lon="126.7937049"/>
 <node id="8491474152" visible="true" version="2" changeset="144332579" timestamp="2023-11-22T16:15:50Z" user="asdfqwer51" uid="3350410" lat="35.0197444" lon="126.7940594"/>
 <node id="8491474153" visible="true" version="2" changeset="144332579" timestamp="2023-11-22T16:15:50Z" user="asdfqwer51" uid="3350410" lat="35.0197450" lon="126.7939091"/>
 <node id="8491474154" visible="true" version="2" changeset="144332579" timestamp="2023-11-22T16:15:50Z" user="asdfqwer51" uid="3350410" lat="35.0198653" lon="126.7939097"/>
 <node id="8491474155" visible="true" version="2" changeset="144332579" timestamp="2023-11-22T16:15:50Z" user="asdfqwer51" uid="3350410" lat="35.0198657" lon="126.7937978"/>
 <node id="8491474156" visible="true" version="2" changeset="144332579" timestamp="2023-11-22T16:15:50Z" user="asdfqwer51" uid="3350410" lat="35.0201280" lon="126.7938006"/>
 <node id="8491474157" visible="true" version="2" changeset="144332579" timestamp="2023-11-22T16:15:50Z" user="asdfqwer51" uid="3350410" lat="35.0201284" lon="126.7940629"/>
 <node id="8491474164" visible="true" version="2" changeset="144332579" timestamp="2023-11-22T16:15:50Z" user="asdfqwer51" uid="3350410" lat="35.0199600" lon="126.7936841"/>
 <node id="8491474168" visible="true" version="2" changeset="144332579" timestamp="2023-11-22T16:15:50Z" user="asdfqwer51" uid="3350410" lat="35.0206977" lon="126.7924259"/>
 <node id="8491474169" visible="true" version="2" changeset="144332579" timestamp="2023-11-22T16:15:50Z" user="asdfqwer51" uid="3350410" lat="35.0206970" lon="126.7930381"/>
 <node id="8491474170" visible="true" version="2" changeset="144332579" timestamp="2023-11-22T16:15:50Z" user="asdfqwer51" uid="3350410" lat="35.0210358" lon="126.7930358"/>
 <node id="8491474171" visible="true" version="2" changeset="144332579" timestamp="2023-11-22T16:15:50Z" user="asdfqwer51" uid="3350410" lat="35.0210398" lon="126.7924237"/>
 <node id="8491474172" visible="true" version="2" changeset="144332579" timestamp="2023-11-22T16:15:50Z" user="asdfqwer51" uid="3350410" lat="35.0207137" lon="126.7914037"/>
 <node id="8491474173" visible="true" version="2" changeset="144332579" timestamp="2023-11-22T16:15:50Z" user="asdfqwer51" uid="3350410" lat="35.0207069" lon="126.7917382"/>
 <node id="8491474174" visible="true" version="2" changeset="144332579" timestamp="2023-11-22T16:15:50Z" user="asdfqwer51" uid="3350410" lat="35.0210100" lon="126.7917386"/>
 <node id="8491474175" visible="true" version="2" changeset="144332579" timestamp="2023-11-22T16:15:50Z" user="asdfqwer51" uid="3350410" lat="35.0210158" lon="126.7914026"/>
 <node id="8491474176" visible="true" version="2" changeset="144332579" timestamp="2023-11-22T16:15:50Z" user="asdfqwer51" uid="3350410" lat="35.0207200" lon="126.7913878"/>
 <node id="8491474177" visible="true" version="2" changeset="144332579" timestamp="2023-11-22T16:15:50Z" user="asdfqwer51" uid="3350410" lat="35.0207208" lon="126.7911540"/>
 <node id="8491474178" visible="true" version="2" changeset="144332579" timestamp="2023-11-22T16:15:50Z" user="asdfqwer51" uid="3350410" lat="35.0207724" lon="126.7910859"/>
 <node id="8491474179" visible="true" version="2" changeset="144332579" timestamp="2023-11-22T16:15:50Z" user="asdfqwer51" uid="3350410" lat="35.0209971" lon="126.7910778"/>
 <node id="8491474180" visible="true" version="2" changeset="144332579" timestamp="2023-11-22T16:15:50Z" user="asdfqwer51" uid="3350410" lat="35.0210471" lon="126.7911276"/>
 <node id="8491474181" visible="true" version="2" changeset="144332579" timestamp="2023-11-22T16:15:50Z" user="asdfqwer51" uid="3350410" lat="35.0210437" lon="126.7913868"/>
 <node id="8512587332" visible="true" version="2" changeset="144332579" timestamp="2023-11-22T16:15:50Z" user="asdfqwer51" uid="3350410" lat="35.0198987" lon="126.7928234"/>
 <node id="8512587333" visible="true" version="2" changeset="144332579" timestamp="2023-11-22T16:15:50Z" user="asdfqwer51" uid="3350410" lat="35.0197142" lon="126.7930336"/>
 <node id="8512587334" visible="true" version="2" changeset="144332579" timestamp="2023-11-22T16:15:50Z" user="asdfqwer51" uid="3350410" lat="35.0196797" lon="126.7930978"/>
 <node id="8512587335" visible="true" version="2" changeset="144332579" timestamp="2023-11-22T16:15:50Z" user="asdfqwer51" uid="3350410" lat="35.0196692" lon="126.7934446"/>
 <node id="8512587336" visible="true" version="2" changeset="144332579" timestamp="2023-11-22T16:15:50Z" user="asdfqwer51" uid="3350410" lat="35.0196989" lon="126.7934901"/>
 <node id="8512587337" visible="true" version="2" changeset="144332579" timestamp="2023-11-22T16:15:50Z" user="asdfqwer51" uid="3350410" lat="35.0200668" lon="126.7934841"/>
 <node id="8512587338" visible="true" version="2" changeset="144332579" timestamp="2023-11-22T16:15:50Z" user="asdfqwer51" uid="3350410" lat="35.0202603" lon="126.7932605"/>
 <node id="8512587339" visible="true" version="2" changeset="144332579" timestamp="2023-11-22T16:15:50Z" user="asdfqwer51" uid="3350410" lat="35.0199922" lon="126.7927024"/>
 <node id="8512587340" visible="true" version="2" changeset="144332579" timestamp="2023-11-22T16:15:50Z" user="asdfqwer51" uid="3350410" lat="35.0203426" lon="126.7931624"/>
 <node id="8512587341" visible="true" version="2" changeset="144332579" timestamp="2023-11-22T16:15:50Z" user="asdfqwer51" uid="3350410" lat="35.0204733" lon="126.7930175"/>
 <node id="8512587342" visible="true" version="2" changeset="144332579" timestamp="2023-11-22T16:15:50Z" user="asdfqwer51" uid="3350410" lat="35.0203250" lon="126.7928284"/>
 <node id="8512587343" visible="true" version="2" changeset="144332579" timestamp="2023-11-22T16:15:50Z" user="asdfqwer51" uid="3350410" lat="35.0205348" lon="126.7928284"/>
 <node id="8512587344" visible="true" version="2" changeset="144332579" timestamp="2023-11-22T16:15:50Z" user="asdfqwer51" uid="3350410" lat="35.0205370" lon="126.7925294"/>
 <node id="8512587345" visible="true" version="2" changeset="144332579" timestamp="2023-11-22T16:15:50Z" user="asdfqwer51" uid="3350410" lat="35.0204997" lon="126.7924851"/>
 <node id="8512587346" visible="true" version="2" changeset="144332579" timestamp="2023-11-22T16:15:50Z" user="asdfqwer51" uid="3350410" lat="35.0201899" lon="126.7924811"/>
 <node id="8512587347" visible="true" version="1" changeset="100942064" timestamp="2021-03-13T06:03:15Z" user="mulgist" uid="12368943" lat="35.0199341" lon="126.7919114"/>
 <node id="8512587348" visible="true" version="1" changeset="100942064" timestamp="2021-03-13T06:03:15Z" user="mulgist" uid="12368943" lat="35.0199309" lon="126.7919918"/>
 <node id="8512587349" visible="true" version="1" changeset="100942064" timestamp="2021-03-13T06:03:15Z" user="mulgist" uid="12368943" lat="35.0201747" lon="126.7922856"/>
 <node id="8512587350" visible="true" version="1" changeset="100942064" timestamp="2021-03-13T06:03:15Z" user="mulgist" uid="12368943" lat="35.0202186" lon="126.7923151"/>
 <node id="8512587351" visible="true" version="1" changeset="100942064" timestamp="2021-03-13T06:03:15Z" user="mulgist" uid="12368943" lat="35.0203065" lon="126.7923151"/>
 <node id="8512587352" visible="true" version="1" changeset="100942064" timestamp="2021-03-13T06:03:15Z" user="mulgist" uid="12368943" lat="35.0203131" lon="126.7917893"/>
 <node id="8512587353" visible="true" version="1" changeset="100942064" timestamp="2021-03-13T06:03:15Z" user="mulgist" uid="12368943" lat="35.0200550" lon="126.7917867"/>
 <node id="8512587354" visible="true" version="1" changeset="100942064" timestamp="2021-03-13T06:03:15Z" user="mulgist" uid="12368943" lat="35.0191825" lon="126.7918595"/>
 <node id="8515603868" visible="true" version="1" changeset="100975184" timestamp="2021-03-14T01:47:50Z" user="LuxuryCoop_Import" uid="12611025" lat="35.0231154" lon="126.7988051">
  <tag k="addr:housenumber" v="21"/>
  <tag k="addr:street" v="도민길"/>
  <tag k="amenity" v="restaurant"/>
  <tag k="internet_access" v="wlan"/>
  <tag k="name" v="봉황순두부"/>
  <tag k="reservation" v="yes"/>
  <tag k="source" v="공공데이터포털"/>
  <tag k="source:date" v="2020-11-17 16:08"/>
  <tag k="takeaway" v="yes"/>
 </node>
 <node id="8515603881" visible="true" version="1" changeset="100975184" timestamp="2021-03-14T01:47:50Z" user="LuxuryCoop_Import" uid="12611025" lat="35.0261482" lon="126.7966493">
  <tag k="addr:housenumber" v="159"/>
  <tag k="addr:street" v="우정로"/>
  <tag k="amenity" v="restaurant"/>
  <tag k="capacity" v="7"/>
  <tag k="cuisine" v="korean"/>
  <tag k="internet_access" v="wlan"/>
  <tag k="name" v="빛가람대게"/>
  <tag k="phone" v="+82 61 332 9908"/>
  <tag k="reservation" v="yes"/>
  <tag k="source" v="공공데이터포털"/>
  <tag k="source:date" v="2020-11-16 9:37"/>
  <tag k="takeaway" v="yes"/>
 </node>
 <node id="8515603890" visible="true" version="1" changeset="100975184" timestamp="2021-03-14T01:47:50Z" user="LuxuryCoop_Import" uid="12611025" lat="35.0203799" lon="126.7914172">
  <tag k="addr:door" v="우성드림시티상가101"/>
  <tag k="addr:housenumber" v="46"/>
  <tag k="addr:street" v="배멧1길"/>
  <tag k="amenity" v="restaurant"/>
  <tag k="capacity" v="13"/>
  <tag k="cuisine" v="korean"/>
  <tag k="internet_access" v="wlan"/>
  <tag k="name" v="무등산염소탕"/>
  <tag k="phone" v="+82 61 336 9989"/>
  <tag k="reservation" v="yes"/>
  <tag k="source" v="공공데이터포털"/>
  <tag k="source:date" v="2020-11-19 15:38"/>
  <tag k="takeaway" v="yes"/>
 </node>
 <node id="8515603892" visible="true" version="1" changeset="100975184" timestamp="2021-03-14T01:47:50Z" user="LuxuryCoop_Import" uid="12611025" lat="35.0235478" lon="126.7998672">
  <tag k="addr:housenumber" v="24-54"/>
  <tag k="addr:street" v="도민길"/>
  <tag k="amenity" v="restaurant"/>
  <tag k="capacity" v="3"/>
  <tag k="cuisine" v="korean"/>
  <tag k="internet_access" v="wlan"/>
  <tag k="name" v="송정골"/>
  <tag k="phone" v="+82 61 337 0780"/>
  <tag k="reservation" v="yes"/>
  <tag k="source" v="공공데이터포털"/>
  <tag k="source:date" v="2020-11-13 14:21"/>
  <tag k="takeaway" v="yes"/>
 </node>
 <node id="8515603894" visible="true" version="1" changeset="100975184" timestamp="2021-03-14T01:47:50Z" user="LuxuryCoop_Import" uid="12611025" lat="35.0203794" lon="126.7913481">
  <tag k="addr:housenumber" v="46"/>
  <tag k="addr:street" v="배멧1길"/>
  <tag k="amenity" v="restaurant"/>
  <tag k="cuisine" v="korean"/>
  <tag k="internet_access" v="wlan"/>
  <tag k="name" v="미풍해장국나주혁신본점"/>
  <tag k="phone" v="+82 61 335 6333"/>
  <tag k="reservation" v="yes"/>
  <tag k="source" v="공공데이터포털"/>
  <tag k="source:date" v="2020-11-19 15:28"/>
  <tag k="takeaway" v="yes"/>
 </node>
 <node id="8515603895" visible="true" version="1" changeset="100975184" timestamp="2021-03-14T01:47:50Z" user="LuxuryCoop_Import" uid="12611025" lat="35.0223940" lon="126.7988176">
  <tag k="addr:housenumber" v="3-10"/>
  <tag k="addr:street" v="도민길"/>
  <tag k="amenity" v="restaurant"/>
  <tag k="internet_access" v="wlan"/>
  <tag k="name" v="북한강"/>
  <tag k="phone" v="+82 61 337 8989"/>
  <tag k="reservation" v="yes"/>
  <tag k="source" v="공공데이터포털"/>
  <tag k="source:date" v="2020-11-13 13:30"/>
  <tag k="takeaway" v="yes"/>
 </node>
 <node id="8515603900" visible="true" version="1" changeset="100975184" timestamp="2021-03-14T01:47:50Z" user="LuxuryCoop_Import" uid="12611025" lat="35.0231793" lon="126.7995662">
  <tag k="addr:housenumber" v="24-30"/>
  <tag k="addr:street" v="도민길"/>
  <tag k="amenity" v="restaurant"/>
  <tag k="cuisine" v="fish"/>
  <tag k="internet_access" v="wlan"/>
  <tag k="name" v="황금어장"/>
  <tag k="phone" v="+82 61 333 3332"/>
  <tag k="reservation" v="yes"/>
  <tag k="source" v="공공데이터포털"/>
  <tag k="source:date" v="2020-11-23 11:12"/>
  <tag k="takeaway" v="yes"/>
 </node>
 <node id="8515703315" visible="true" version="3" changeset="164103601" timestamp="2025-03-26T03:07:38Z" user="LuxuryCoop" uid="7245212" lat="35.0228949" lon="126.7891609">
  <tag k="addr:housenumber" v="7"/>
  <tag k="addr:street" v="상야2길"/>
  <tag k="amenity" v="restaurant"/>
  <tag k="cuisine" v="fish"/>
  <tag k="internet_access" v="wlan"/>
  <tag k="name" v="참치라이더"/>
  <tag k="phone" v="+82 61 336 5040"/>
  <tag k="reservation" v="yes"/>
  <tag k="takeaway" v="yes"/>
 </node>
 <node id="8515709560" visible="true" version="1" changeset="100975184" timestamp="2021-03-14T01:47:51Z" user="LuxuryCoop_Import" uid="12611025" lat="35.0238873" lon="126.7930456">
  <tag k="addr:housenumber" v="16-16"/>
  <tag k="addr:street" v="상야4길"/>
  <tag k="amenity" v="restaurant"/>
  <tag k="internet_access" v="wlan"/>
  <tag k="level" v="1"/>
  <tag k="name" v="그집쭈꾸미나주혁신점"/>
  <tag k="reservation" v="yes"/>
  <tag k="source" v="공공데이터포털"/>
  <tag k="source:date" v="2020-11-19 15:19"/>
  <tag k="takeaway" v="yes"/>
 </node>
 <node id="8515709581" visible="true" version="1" changeset="100975184" timestamp="2021-03-14T01:47:51Z" user="LuxuryCoop_Import" uid="12611025" lat="35.0220379" lon="126.7920996">
  <tag k="addr:door" v="131.132"/>
  <tag k="addr:housenumber" v="21"/>
  <tag k="addr:street" v="상야4길"/>
  <tag k="amenity" v="restaurant"/>
  <tag k="internet_access" v="wlan"/>
  <tag k="name" v="뚝배기생태탕"/>
  <tag k="phone" v="+82 61 334 0811"/>
  <tag k="reservation" v="yes"/>
  <tag k="source" v="공공데이터포털"/>
  <tag k="source:date" v="2020-11-13 16:06"/>
  <tag k="takeaway" v="yes"/>
 </node>
 <node id="8515709582" visible="true" version="1" changeset="100975184" timestamp="2021-03-14T01:47:51Z" user="LuxuryCoop_Import" uid="12611025" lat="35.0218118" lon="126.7986196">
  <tag k="addr:housenumber" v="3-26"/>
  <tag k="addr:street" v="도민길"/>
  <tag k="amenity" v="restaurant"/>
  <tag k="cuisine" v="blowfish"/>
  <tag k="internet_access" v="wlan"/>
  <tag k="name" v="강남생복집"/>
  <tag k="reservation" v="yes"/>
  <tag k="source" v="공공데이터포털"/>
  <tag k="source:date" v="2020-10-21 12:58"/>
  <tag k="takeaway" v="yes"/>
 </node>
 <node id="8515709583" visible="true" version="1" changeset="100975184" timestamp="2021-03-14T01:47:51Z" user="LuxuryCoop_Import" uid="12611025" lat="35.0227076" lon="126.7932390">
  <tag k="addr:door" v="203"/>
  <tag k="addr:housenumber" v="11"/>
  <tag k="addr:street" v="상야4길"/>
  <tag k="amenity" v="restaurant"/>
  <tag k="internet_access" v="wlan"/>
  <tag k="name" v="진차이나"/>
  <tag k="phone" v="+82 61 332 8877"/>
  <tag k="reservation" v="yes"/>
  <tag k="source" v="공공데이터포털"/>
  <tag k="source:date" v="2020-11-23 16:20"/>
  <tag k="takeaway" v="yes"/>
 </node>
 <node id="8515709592" visible="true" version="1" changeset="100975184" timestamp="2021-03-14T01:47:51Z" user="LuxuryCoop_Import" uid="12611025" lat="35.0231875" lon="126.7976974">
  <tag k="addr:housenumber" v="34"/>
  <tag k="addr:street" v="정보화길"/>
  <tag k="amenity" v="restaurant"/>
  <tag k="cuisine" v="korean"/>
  <tag k="internet_access" v="wlan"/>
  <tag k="name" v="옥희네밥상"/>
  <tag k="phone" v="+82 61 337 6412"/>
  <tag k="reservation" v="yes"/>
  <tag k="source" v="공공데이터포털"/>
  <tag k="source:date" v="2020-10-28 18:27"/>
  <tag k="takeaway" v="yes"/>
 </node>
 <node id="8515709594" visible="true" version="1" changeset="100975184" timestamp="2021-03-14T01:47:51Z" user="LuxuryCoop_Import" uid="12611025" lat="35.0231569" lon="126.7977200">
  <tag k="addr:housenumber" v="34"/>
  <tag k="addr:street" v="정보화길"/>
  <tag k="amenity" v="restaurant"/>
  <tag k="internet_access" v="wlan"/>
  <tag k="name" v="김장열의짜장나라"/>
  <tag k="phone" v="+82 61 337 8584"/>
  <tag k="reservation" v="yes"/>
  <tag k="source" v="공공데이터포털"/>
  <tag k="source:date" v="2020-10-21 13:03"/>
  <tag k="takeaway" v="yes"/>
 </node>
 <node id="8515709875" visible="true" version="1" changeset="100975184" timestamp="2021-03-14T01:47:48Z" user="LuxuryCoop_Import" uid="12611025" lat="35.0265395" lon="126.7974855">
  <tag k="addr:housenumber" v="169"/>
  <tag k="addr:street" v="우정로"/>
  <tag k="amenity" v="restaurant"/>
  <tag k="cuisine" v="blowfish"/>
  <tag k="internet_access" v="wlan"/>
  <tag k="name" v="장군복어촌"/>
  <tag k="phone" v="+82 61 333 2800"/>
  <tag k="reservation" v="yes"/>
  <tag k="source" v="공공데이터포털"/>
  <tag k="source:date" v="2020-11-13 14:55"/>
  <tag k="takeaway" v="yes"/>
 </node>
 <node id="8515709883" visible="true" version="1" changeset="100975184" timestamp="2021-03-14T01:47:48Z" user="LuxuryCoop_Import" uid="12611025" lat="35.0214751" lon="126.7984001">
  <tag k="addr:housenumber" v="791"/>
  <tag k="addr:street" v="빛가람로"/>
  <tag k="addr:subdistrict" v="빛가람동"/>
  <tag k="amenity" v="restaurant"/>
  <tag k="capacity" v="7"/>
  <tag k="cuisine" v="korean"/>
  <tag k="internet_access" v="wlan"/>
  <tag k="name" v="코다리소풍"/>
  <tag k="phone" v="+82 61 331 5533"/>
  <tag k="reservation" v="yes"/>
  <tag k="source" v="공공데이터포털"/>
  <tag k="source:date" v="2020-10-30 10:19"/>
  <tag k="takeaway" v="yes"/>
 </node>
 <node id="8515709884" visible="true" version="1" changeset="100975184" timestamp="2021-03-14T01:47:48Z" user="LuxuryCoop_Import" uid="12611025" lat="35.0207777" lon="126.7933338">
  <tag k="addr:door" v="206"/>
  <tag k="addr:housenumber" v="746"/>
  <tag k="addr:street" v="빛가람로"/>
  <tag k="amenity" v="restaurant"/>
  <tag k="capacity" v="8"/>
  <tag k="cuisine" v="korean"/>
  <tag k="internet_access" v="wlan"/>
  <tag k="name" v="빛가람미촌"/>
  <tag k="phone" v="+82 61 333 2322"/>
  <tag k="reservation" v="yes"/>
  <tag k="source" v="공공데이터포털"/>
  <tag k="source:date" v="2020-11-25 14:51"/>
  <tag k="takeaway" v="yes"/>
 </node>
 <node id="8515709887" visible="true" version="1" changeset="100975184" timestamp="2021-03-14T01:47:48Z" user="LuxuryCoop_Import" uid="12611025" lat="35.0261634" lon="126.7966358">
  <tag k="addr:housenumber" v="165"/>
  <tag k="addr:street" v="우정로"/>
  <tag k="amenity" v="restaurant"/>
  <tag k="cuisine" v="coffee_shop"/>
  <tag k="internet_access" v="wlan"/>
  <tag k="name" v="커피혁신"/>
  <tag k="reservation" v="yes"/>
  <tag k="source" v="공공데이터포털"/>
  <tag k="source:date" v="2020-11-19 15:14"/>
  <tag k="takeaway" v="yes"/>
 </node>
 <node id="8515709904" visible="true" version="1" changeset="100975184" timestamp="2021-03-14T01:47:48Z" user="LuxuryCoop_Import" uid="12611025" lat="35.0220382" lon="126.7931564">
  <tag k="addr:housenumber" v="11"/>
  <tag k="addr:street" v="상야4길"/>
  <tag k="amenity" v="restaurant"/>
  <tag k="cuisine" v="korean"/>
  <tag k="internet_access" v="wlan"/>
  <tag k="name" v="차돌박이와우렁쌈밥"/>
  <tag k="phone" v="+82 61 337 5294"/>
  <tag k="reservation" v="yes"/>
  <tag k="source" v="공공데이터포털"/>
  <tag k="source:date" v="2020-11-19 15:13"/>
  <tag k="takeaway" v="yes"/>
 </node>
 <node id="8515709911" visible="true" version="1" changeset="100975184" timestamp="2021-03-14T01:47:48Z" user="LuxuryCoop_Import" uid="12611025" lat="35.0214592" lon="126.7986861">
  <tag k="addr:housenumber" v="793"/>
  <tag k="addr:street" v="빛가람로"/>
  <tag k="amenity" v="restaurant"/>
  <tag k="cuisine" v="korean"/>
  <tag k="internet_access" v="wlan"/>
  <tag k="name" v="맛있는밥상"/>
  <tag k="phone" v="+82 61 334 5550"/>
  <tag k="reservation" v="yes"/>
  <tag k="source" v="공공데이터포털"/>
  <tag k="source:date" v="2020-10-30 12:10"/>
  <tag k="takeaway" v="yes"/>
 </node>
 <node id="8515711830" visible="true" version="1" changeset="100975184" timestamp="2021-03-14T01:47:50Z" user="LuxuryCoop_Import" uid="12611025" lat="35.0227123" lon="126.7932097">
  <tag k="addr:door" v="124.125"/>
  <tag k="addr:housenumber" v="10"/>
  <tag k="addr:street" v="상야4길"/>
  <tag k="amenity" v="restaurant"/>
  <tag k="internet_access" v="wlan"/>
  <tag k="name" v="옛날순대국밥"/>
  <tag k="reservation" v="yes"/>
  <tag k="source" v="공공데이터포털"/>
  <tag k="source:date" v="2020-12-29 15:24"/>
  <tag k="takeaway" v="yes"/>
 </node>
 <node id="8515711921" visible="true" version="1" changeset="100975184" timestamp="2021-03-14T01:47:51Z" user="LuxuryCoop_Import" uid="12611025" lat="35.0231617" lon="126.7976947">
  <tag k="addr:housenumber" v="34"/>
  <tag k="addr:street" v="정보화길"/>
  <tag k="amenity" v="restaurant"/>
  <tag k="cuisine" v="korean"/>
  <tag k="internet_access" v="wlan"/>
  <tag k="name" v="이가네"/>
  <tag k="phone" v="+82 61 337 7798"/>
  <tag k="reservation" v="yes"/>
  <tag k="source" v="공공데이터포털"/>
  <tag k="source:date" v="2020-10-30 10:17"/>
  <tag k="takeaway" v="yes"/>
 </node>
 <node id="8530419078" visible="true" version="3" changeset="164103601" timestamp="2025-03-26T03:07:38Z" user="LuxuryCoop" uid="7245212" lat="35.0225915" lon="126.7886411"/>
 <node id="8530419079" visible="true" version="3" changeset="164103601" timestamp="2025-03-26T03:07:38Z" user="LuxuryCoop" uid="7245212" lat="35.0225950" lon="126.7891090"/>
 <node id="8530419080" visible="true" version="3" changeset="164103601" timestamp="2025-03-26T03:07:38Z" user="LuxuryCoop" uid="7245212" lat="35.0233227" lon="126.7891010"/>
 <node id="8530419081" visible="true" version="3" changeset="164103601" timestamp="2025-03-26T03:07:38Z" user="LuxuryCoop" uid="7245212" lat="35.0233193" lon="126.7886330"/>
 <node id="9352295750" visible="true" version="3" changeset="144398789" timestamp="2023-11-24T08:57:10Z" user="asdfqwer51" uid="3350410" lat="35.0213295" lon="126.7901000">
  <tag k="bus" v="yes"/>
  <tag k="departures_board" v="realtime"/>
  <tag k="highway" v="bus_stop"/>
  <tag k="name" v="빛가람행정복지센터"/>
  <tag k="name:en" v="Bitgaram Administration Welfare Center"/>
  <tag k="name:ko" v="빛가람행정복지센터"/>
  <tag k="operator" v="나주시"/>
  <tag k="phone" v="+82 62 613 5700"/>
  <tag k="public_transport" v="platform"/>
  <tag k="ref" v="2873(나주),6450(광주)"/>
  <tag k="shelter" v="yes"/>
 </node>
 <node id="9352295753" visible="true" version="3" changeset="144334816" timestamp="2023-11-22T17:12:52Z" user="asdfqwer51" uid="3350410" lat="35.0254402" lon="126.7930527">
  <tag k="bus" v="yes"/>
  <tag k="departures_board" v="realtime"/>
  <tag k="highway" v="bus_stop"/>
  <tag k="name" v="한빛1교"/>
  <tag k="name:en" v="Hanbit 1 Bridge"/>
  <tag k="operator" v="나주시"/>
  <tag k="phone" v="+82 62 613 5700"/>
  <tag k="public_transport" v="platform"/>
  <tag k="ref" v="2866"/>
  <tag k="shelter" v="yes"/>
 </node>
 <node id="9352295754" visible="true" version="4" changeset="144334816" timestamp="2023-11-22T17:12:52Z" user="asdfqwer51" uid="3350410" lat="35.0226841" lon="126.7941083">
  <tag k="bus" v="yes"/>
  <tag k="departures_board" v="realtime"/>
  <tag k="highway" v="bus_stop"/>
  <tag k="name" v="국립전파연구원"/>
  <tag k="name:en" v="National Radio Research Agency"/>
  <tag k="operator" v="나주시"/>
  <tag k="phone" v="+82 62 613 5700"/>
  <tag k="public_transport" v="platform"/>
  <tag k="ref" v="2917"/>
  <tag k="shelter" v="yes"/>
 </node>
 <node id="9352295755" visible="true" version="4" changeset="144334816" timestamp="2023-11-22T17:12:52Z" user="asdfqwer51" uid="3350410" lat="35.0232446" lon="126.7943249">
  <tag k="bus" v="yes"/>
  <tag k="departures_board" v="realtime"/>
  <tag k="highway" v="bus_stop"/>
  <tag k="name" v="우정사업정보센터"/>
  <tag k="name:en" v="Korea Post"/>
  <tag k="operator" v="나주시"/>
  <tag k="phone" v="+82 62 613 5700"/>
  <tag k="public_transport" v="platform"/>
  <tag k="ref" v="2918"/>
  <tag k="shelter" v="yes"/>
 </node>
 <node id="9355272319" visible="true" version="2" changeset="132610737" timestamp="2023-02-16T05:19:26Z" user="KSMEB" uid="3737374" lat="35.0237176" lon="126.7904435">
  <tag k="bus" v="yes"/>
  <tag k="departures_board" v="realtime"/>
  <tag k="highway" v="bus_stop"/>
  <tag k="name" v="중흥S클래스센트럴2차"/>
  <tag k="name:en" v="Jungheung S Class Central Apartment Complex 2"/>
  <tag k="operator" v="나주시"/>
  <tag k="public_transport" v="platform"/>
  <tag k="ref" v="3126"/>
  <tag k="shelter" v="yes"/>
 </node>
 <node id="9355272320" visible="true" version="2" changeset="132610737" timestamp="2023-02-16T05:19:26Z" user="KSMEB" uid="3737374" lat="35.0235466" lon="126.7905510">
  <tag k="bus" v="yes"/>
  <tag k="departures_board" v="realtime"/>
  <tag k="highway" v="bus_stop"/>
  <tag k="name" v="중흥S클래스센트럴2차"/>
  <tag k="name:en" v="Jungheung S Class Central Apartment Complex 2"/>
  <tag k="operator" v="나주시"/>
  <tag k="public_transport" v="platform"/>
  <tag k="ref" v="3127"/>
  <tag k="shelter" v="yes"/>
 </node>
 <node id="9355272335" visible="true" version="3" changeset="144334816" timestamp="2023-11-22T17:12:52Z" user="asdfqwer51" uid="3350410" lat="35.0258127" lon="126.7960972">
  <tag k="bus" v="yes"/>
  <tag k="departures_board" v="realtime"/>
  <tag k="highway" v="bus_stop"/>
  <tag k="name" v="우정사업정보센터후문"/>
  <tag k="name:en" v="Korea Post Information Center Rear Entrance"/>
  <tag k="operator" v="나주시"/>
  <tag k="public_transport" v="platform"/>
  <tag k="ref" v="2846"/>
  <tag k="shelter" v="yes"/>
 </node>
 <node id="9355272348" visible="true" version="3" changeset="144398789" timestamp="2023-11-24T08:57:10Z" user="asdfqwer51" uid="3350410" lat="35.0210811" lon="126.7890672">
  <tag k="bus" v="yes"/>
  <tag k="departures_board" v="realtime"/>
  <tag k="highway" v="bus_stop"/>
  <tag k="name" v="호수공원"/>
  <tag k="name:en" v="Lake Park"/>
  <tag k="name:ko" v="호수공원"/>
  <tag k="operator" v="나주시"/>
  <tag k="public_transport" v="platform"/>
  <tag k="ref" v="2874(나주),6444(광주)"/>
  <tag k="shelter" v="yes"/>
 </node>
 <node id="9355272375" visible="true" version="2" changeset="132610737" timestamp="2023-02-16T05:19:26Z" user="KSMEB" uid="3737374" lat="35.0205387" lon="126.7941378">
  <tag k="bus" v="yes"/>
  <tag k="departures_board" v="realtime"/>
  <tag k="highway" v="bus_stop"/>
  <tag k="name" v="전파진흥원"/>
  <tag k="name:en" v="Korea Communications Agency"/>
  <tag k="operator" v="나주시"/>
  <tag k="public_transport" v="platform"/>
  <tag k="ref" v="2875"/>
  <tag k="shelter" v="yes"/>
 </node>
 <node id="9355272376" visible="true" version="2" changeset="132610737" timestamp="2023-02-16T05:19:26Z" user="KSMEB" uid="3737374" lat="35.0206623" lon="126.7944544">
  <tag k="bus" v="yes"/>
  <tag k="departures_board" v="realtime"/>
  <tag k="highway" v="bus_stop"/>
  <tag k="name" v="전파진흥원"/>
  <tag k="name:en" v="Korea Communications Agency"/>
  <tag k="operator" v="나주시"/>
  <tag k="public_transport" v="platform"/>
  <tag k="ref" v="2876"/>
  <tag k="shelter" v="yes"/>
 </node>
 <node id="9905166605" visible="true" version="2" changeset="185763392" timestamp="2026-07-15T06:20:29Z" user="야광멧돼지" uid="12393144" lat="35.0200216" lon="126.7898724"/>
 <node id="9905166606" visible="true" version="1" changeset="123960556" timestamp="2022-07-23T03:06:23Z" user="FUKUTAN" uid="5207199" lat="35.0205168" lon="126.7895645"/>
 <node id="9905166607" visible="true" version="1" changeset="123960556" timestamp="2022-07-23T03:06:23Z" user="FUKUTAN" uid="5207199" lat="35.0202526" lon="126.7894372"/>
 <node id="9905166608" visible="true" version="1" changeset="123960556" timestamp="2022-07-23T03:06:23Z" user="FUKUTAN" uid="5207199" lat="35.0199788" lon="126.7892241"/>
 <node id="9905166609" visible="true" version="1" changeset="123960556" timestamp="2022-07-23T03:06:23Z" user="FUKUTAN" uid="5207199" lat="35.0195745" lon="126.7887075"/>
 <node id="9905166610" visible="true" version="1" changeset="123960556" timestamp="2022-07-23T03:06:23Z" user="FUKUTAN" uid="5207199" lat="35.0207784" lon="126.7896227"/>
 <node id="9905166611" visible="true" version="1" changeset="123960556" timestamp="2022-07-23T03:06:23Z" user="FUKUTAN" uid="5207199" lat="35.0205508" lon="126.7896480"/>
 <node id="9905166612" visible="true" version="1" changeset="123960556" timestamp="2022-07-23T03:06:23Z" user="FUKUTAN" uid="5207199" lat="35.0204015" lon="126.7896185"/>
 <node id="9905166613" visible="true" version="1" changeset="123960556" timestamp="2022-07-23T03:06:23Z" user="FUKUTAN" uid="5207199" lat="35.0198022" lon="126.7895348"/>
 <node id="9905166614" visible="true" version="1" changeset="123960556" timestamp="2022-07-23T03:06:23Z" user="FUKUTAN" uid="5207199" lat="35.0191644" lon="126.7891508"/>
 <node id="9905166615" visible="true" version="1" changeset="123960556" timestamp="2022-07-23T03:06:23Z" user="FUKUTAN" uid="5207199" lat="35.0187705" lon="126.7885483"/>
 <node id="9905166616" visible="true" version="1" changeset="123960556" timestamp="2022-07-23T03:06:23Z" user="FUKUTAN" uid="5207199" lat="35.0177838" lon="126.7873855"/>
 <node id="9905228717" visible="true" version="1" changeset="123960556" timestamp="2022-07-23T03:06:23Z" user="FUKUTAN" uid="5207199" lat="35.0174969" lon="126.7869932"/>
 <node id="9905228718" visible="true" version="1" changeset="123960556" timestamp="2022-07-23T03:06:23Z" user="FUKUTAN" uid="5207199" lat="35.0171450" lon="126.7869372"/>
 <node id="9905228719" visible="true" version="1" changeset="123960556" timestamp="2022-07-23T03:06:23Z" user="FUKUTAN" uid="5207199" lat="35.0158064" lon="126.7867177"/>
 <node id="9905228720" visible="true" version="1" changeset="123960556" timestamp="2022-07-23T03:06:23Z" user="FUKUTAN" uid="5207199" lat="35.0153972" lon="126.7866617"/>
 <node id="9905228721" visible="true" version="1" changeset="123960556" timestamp="2022-07-23T03:06:23Z" user="FUKUTAN" uid="5207199" lat="35.0152174" lon="126.7865449"/>
 <node id="9905228722" visible="true" version="1" changeset="123960556" timestamp="2022-07-23T03:06:23Z" user="FUKUTAN" uid="5207199" lat="35.0205754" lon="126.7895777"/>
 <node id="9905228723" visible="true" version="1" changeset="123960556" timestamp="2022-07-23T03:06:23Z" user="FUKUTAN" uid="5207199" lat="35.0207545" lon="126.7895869"/>
 <node id="9905228724" visible="true" version="1" changeset="123960556" timestamp="2022-07-23T03:06:23Z" user="FUKUTAN" uid="5207199" lat="35.0208756" lon="126.7895792"/>
 <node id="9905228725" visible="true" version="1" changeset="123960556" timestamp="2022-07-23T03:06:23Z" user="FUKUTAN" uid="5207199" lat="35.0210195" lon="126.7895500"/>
 <node id="9905228726" visible="true" version="1" changeset="123960556" timestamp="2022-07-23T03:06:23Z" user="FUKUTAN" uid="5207199" lat="35.0210538" lon="126.7895377"/>
 <node id="9905228727" visible="true" version="1" changeset="123960556" timestamp="2022-07-23T03:06:23Z" user="FUKUTAN" uid="5207199" lat="35.0210547" lon="126.7895994"/>
 <node id="9905228728" visible="true" version="1" changeset="123960556" timestamp="2022-07-23T03:06:23Z" user="FUKUTAN" uid="5207199" lat="35.0208327" lon="126.7896409"/>
 <node id="9905228729" visible="true" version="1" changeset="123960556" timestamp="2022-07-23T03:06:23Z" user="FUKUTAN" uid="5207199" lat="35.0207772" lon="126.7896501"/>
 <node id="9905228730" visible="true" version="1" changeset="123960556" timestamp="2022-07-23T03:06:23Z" user="FUKUTAN" uid="5207199" lat="35.0207318" lon="126.7896686"/>
 <node id="9905228731" visible="true" version="1" changeset="123960556" timestamp="2022-07-23T03:06:23Z" user="FUKUTAN" uid="5207199" lat="35.0214762" lon="126.7896100"/>
 <node id="9905228732" visible="true" version="1" changeset="123960556" timestamp="2022-07-23T03:06:23Z" user="FUKUTAN" uid="5207199" lat="35.0216931" lon="126.7896100"/>
 <node id="9905228733" visible="true" version="1" changeset="123960556" timestamp="2022-07-23T03:06:23Z" user="FUKUTAN" uid="5207199" lat="35.0217638" lon="126.7895839"/>
 <node id="9905228734" visible="true" version="1" changeset="123960556" timestamp="2022-07-23T03:06:23Z" user="FUKUTAN" uid="5207199" lat="35.0218761" lon="126.7895484"/>
 <node id="9905228735" visible="true" version="1" changeset="123960556" timestamp="2022-07-23T03:06:23Z" user="FUKUTAN" uid="5207199" lat="35.0219606" lon="126.7895361"/>
 <node id="9905228736" visible="true" version="1" changeset="123960556" timestamp="2022-07-23T03:06:23Z" user="FUKUTAN" uid="5207199" lat="35.0219972" lon="126.7895346"/>
 <node id="9905228737" visible="true" version="1" changeset="123960556" timestamp="2022-07-23T03:06:23Z" user="FUKUTAN" uid="5207199" lat="35.0220880" lon="126.7895453"/>
 <node id="9905228738" visible="true" version="1" changeset="123960556" timestamp="2022-07-23T03:06:23Z" user="FUKUTAN" uid="5207199" lat="35.0221662" lon="126.7895746"/>
 <node id="9905228739" visible="true" version="1" changeset="123960556" timestamp="2022-07-23T03:06:23Z" user="FUKUTAN" uid="5207199" lat="35.0222386" lon="126.7896097"/>
 <node id="9905228740" visible="true" version="1" changeset="123960556" timestamp="2022-07-23T03:06:23Z" user="FUKUTAN" uid="5207199" lat="35.0223340" lon="126.7897210"/>
 <node id="9905228741" visible="true" version="1" changeset="123960556" timestamp="2022-07-23T03:06:23Z" user="FUKUTAN" uid="5207199" lat="35.0224009" lon="126.7897610"/>
 <node id="9905228742" visible="true" version="1" changeset="123960556" timestamp="2022-07-23T03:06:23Z" user="FUKUTAN" uid="5207199" lat="35.0224539" lon="126.7897826"/>
 <node id="9905228743" visible="true" version="1" changeset="123960556" timestamp="2022-07-23T03:06:23Z" user="FUKUTAN" uid="5207199" lat="35.0224930" lon="126.7897918"/>
 <node id="9905228744" visible="true" version="1" changeset="123960556" timestamp="2022-07-23T03:06:23Z" user="FUKUTAN" uid="5207199" lat="35.0226671" lon="126.7897656"/>
 <node id="9905228745" visible="true" version="1" changeset="123960556" timestamp="2022-07-23T03:06:23Z" user="FUKUTAN" uid="5207199" lat="35.0227592" lon="126.7897271"/>
 <node id="9905228746" visible="true" version="1" changeset="123960556" timestamp="2022-07-23T03:06:23Z" user="FUKUTAN" uid="5207199" lat="35.0227819" lon="126.7897133"/>
 <node id="9905228747" visible="true" version="1" changeset="123960556" timestamp="2022-07-23T03:06:23Z" user="FUKUTAN" uid="5207199" lat="35.0229030" lon="126.7896732"/>
 <node id="9905228748" visible="true" version="1" changeset="123960556" timestamp="2022-07-23T03:06:23Z" user="FUKUTAN" uid="5207199" lat="35.0228904" lon="126.7895977"/>
 <node id="9905228749" visible="true" version="1" changeset="123960556" timestamp="2022-07-23T03:06:23Z" user="FUKUTAN" uid="5207199" lat="35.0227049" lon="126.7896501"/>
 <node id="9905228750" visible="true" version="1" changeset="123960556" timestamp="2022-07-23T03:06:23Z" user="FUKUTAN" uid="5207199" lat="35.0225939" lon="126.7897225"/>
 <node id="9905228751" visible="true" version="1" changeset="123960556" timestamp="2022-07-23T03:06:23Z" user="FUKUTAN" uid="5207199" lat="35.0225334" lon="126.7897425"/>
 <node id="9905228752" visible="true" version="1" changeset="123960556" timestamp="2022-07-23T03:06:23Z" user="FUKUTAN" uid="5207199" lat="35.0224829" lon="126.7897410"/>
 <node id="9905228753" visible="true" version="1" changeset="123960556" timestamp="2022-07-23T03:06:23Z" user="FUKUTAN" uid="5207199" lat="35.0223378" lon="126.7896732"/>
 <node id="9905228754" visible="true" version="1" changeset="123960556" timestamp="2022-07-23T03:06:23Z" user="FUKUTAN" uid="5207199" lat="35.0222621" lon="126.7895885"/>
 <node id="9905228755" visible="true" version="1" changeset="123960556" timestamp="2022-07-23T03:06:23Z" user="FUKUTAN" uid="5207199" lat="35.0221599" lon="126.7895222"/>
 <node id="9905228756" visible="true" version="1" changeset="123960556" timestamp="2022-07-23T03:06:23Z" user="FUKUTAN" uid="5207199" lat="35.0220388" lon="126.7894760"/>
 <node id="9905228757" visible="true" version="1" changeset="123960556" timestamp="2022-07-23T03:06:23Z" user="FUKUTAN" uid="5207199" lat="35.0219619" lon="126.7894822"/>
 <node id="9905228758" visible="true" version="1" changeset="123960556" timestamp="2022-07-23T03:06:23Z" user="FUKUTAN" uid="5207199" lat="35.0218609" lon="126.7894991"/>
 <node id="9905228759" visible="true" version="1" changeset="123960556" timestamp="2022-07-23T03:06:23Z" user="FUKUTAN" uid="5207199" lat="35.0217663" lon="126.7895145"/>
 <node id="9905228760" visible="true" version="1" changeset="123960556" timestamp="2022-07-23T03:06:23Z" user="FUKUTAN" uid="5207199" lat="35.0216162" lon="126.7895299"/>
 <node id="9905228761" visible="true" version="1" changeset="123960556" timestamp="2022-07-23T03:06:23Z" user="FUKUTAN" uid="5207199" lat="35.0214736" lon="126.7895284"/>
 <node id="9905228762" visible="true" version="1" changeset="123960556" timestamp="2022-07-23T03:06:23Z" user="FUKUTAN" uid="5207199" lat="35.0230451" lon="126.7895886"/>
 <node id="9905228763" visible="true" version="1" changeset="123960556" timestamp="2022-07-23T03:06:23Z" user="FUKUTAN" uid="5207199" lat="35.0231084" lon="126.7895947"/>
 <node id="9905228764" visible="true" version="1" changeset="123960556" timestamp="2022-07-23T03:06:23Z" user="FUKUTAN" uid="5207199" lat="35.0232349" lon="126.7896597"/>
 <node id="9905228765" visible="true" version="1" changeset="123960556" timestamp="2022-07-23T03:06:23Z" user="FUKUTAN" uid="5207199" lat="35.0234530" lon="126.7897451"/>
 <node id="9905228766" visible="true" version="1" changeset="123960556" timestamp="2022-07-23T03:06:23Z" user="FUKUTAN" uid="5207199" lat="35.0237127" lon="126.7897349"/>
 <node id="9905228767" visible="true" version="1" changeset="123960556" timestamp="2022-07-23T03:06:23Z" user="FUKUTAN" uid="5207199" lat="35.0238492" lon="126.7897004"/>
 <node id="9905228768" visible="true" version="1" changeset="123960556" timestamp="2022-07-23T03:06:23Z" user="FUKUTAN" uid="5207199" lat="35.0241388" lon="126.7896008"/>
 <node id="9905228769" visible="true" version="1" changeset="123960556" timestamp="2022-07-23T03:06:23Z" user="FUKUTAN" uid="5207199" lat="35.0242603" lon="126.7895682"/>
 <node id="9905228770" visible="true" version="1" changeset="123960556" timestamp="2022-07-23T03:06:23Z" user="FUKUTAN" uid="5207199" lat="35.0243452" lon="126.7895906"/>
 <node id="9905228771" visible="true" version="1" changeset="123960556" timestamp="2022-07-23T03:06:23Z" user="FUKUTAN" uid="5207199" lat="35.0247198" lon="126.7897390"/>
 <node id="9905228772" visible="true" version="1" changeset="123960556" timestamp="2022-07-23T03:06:23Z" user="FUKUTAN" uid="5207199" lat="35.0247630" lon="126.7897837"/>
 <node id="9905228773" visible="true" version="1" changeset="123960556" timestamp="2022-07-23T03:06:23Z" user="FUKUTAN" uid="5207199" lat="35.0247913" lon="126.7898305"/>
 <node id="9905228774" visible="true" version="1" changeset="123960556" timestamp="2022-07-23T03:06:23Z" user="FUKUTAN" uid="5207199" lat="35.0248213" lon="126.7898854"/>
 <node id="9905228775" visible="true" version="1" changeset="123960556" timestamp="2022-07-23T03:06:23Z" user="FUKUTAN" uid="5207199" lat="35.0248479" lon="126.7899321"/>
 <node id="9905228776" visible="true" version="1" changeset="123960556" timestamp="2022-07-23T03:06:23Z" user="FUKUTAN" uid="5207199" lat="35.0248829" lon="126.7899504"/>
 <node id="9905228777" visible="true" version="1" changeset="123960556" timestamp="2022-07-23T03:06:23Z" user="FUKUTAN" uid="5207199" lat="35.0249112" lon="126.7899585"/>
 <node id="9905228778" visible="true" version="1" changeset="123960556" timestamp="2022-07-23T03:06:23Z" user="FUKUTAN" uid="5207199" lat="35.0250083" lon="126.7899244"/>
 <node id="9905228779" visible="true" version="1" changeset="123960556" timestamp="2022-07-23T03:06:23Z" user="FUKUTAN" uid="5207199" lat="35.0250482" lon="126.7899846"/>
 <node id="9905228780" visible="true" version="1" changeset="123960556" timestamp="2022-07-23T03:06:23Z" user="FUKUTAN" uid="5207199" lat="35.0249378" lon="126.7900459"/>
 <node id="9905228781" visible="true" version="1" changeset="123960556" timestamp="2022-07-23T03:06:23Z" user="FUKUTAN" uid="5207199" lat="35.0249079" lon="126.7900358"/>
 <node id="9905228782" visible="true" version="1" changeset="123960556" timestamp="2022-07-23T03:06:23Z" user="FUKUTAN" uid="5207199" lat="35.0248213" lon="126.7899890"/>
 <node id="9905228783" visible="true" version="1" changeset="123960556" timestamp="2022-07-23T03:06:23Z" user="FUKUTAN" uid="5207199" lat="35.0247503" lon="126.7899376"/>
 <node id="9905228784" visible="true" version="1" changeset="123960556" timestamp="2022-07-23T03:06:23Z" user="FUKUTAN" uid="5207199" lat="35.0245416" lon="126.7897471"/>
 <node id="9905228785" visible="true" version="1" changeset="123960556" timestamp="2022-07-23T03:06:23Z" user="FUKUTAN" uid="5207199" lat="35.0244484" lon="126.7897105"/>
 <node id="9905228786" visible="true" version="1" changeset="123960556" timestamp="2022-07-23T03:06:23Z" user="FUKUTAN" uid="5207199" lat="35.0242653" lon="126.7896963"/>
 <node id="9905228787" visible="true" version="1" changeset="123960556" timestamp="2022-07-23T03:06:23Z" user="FUKUTAN" uid="5207199" lat="35.0240989" lon="126.7896821"/>
 <node id="9905228788" visible="true" version="1" changeset="123960556" timestamp="2022-07-23T03:06:23Z" user="FUKUTAN" uid="5207199" lat="35.0240190" lon="126.7897044"/>
 <node id="9905228789" visible="true" version="1" changeset="123960556" timestamp="2022-07-23T03:06:23Z" user="FUKUTAN" uid="5207199" lat="35.0238708" lon="126.7897593"/>
 <node id="9905228790" visible="true" version="1" changeset="123960556" timestamp="2022-07-23T03:06:23Z" user="FUKUTAN" uid="5207199" lat="35.0237643" lon="126.7897878"/>
 <node id="9905228791" visible="true" version="1" changeset="123960556" timestamp="2022-07-23T03:06:23Z" user="FUKUTAN" uid="5207199" lat="35.0236228" lon="126.7898061"/>
 <node id="9905228792" visible="true" version="1" changeset="123960556" timestamp="2022-07-23T03:06:23Z" user="FUKUTAN" uid="5207199" lat="35.0234846" lon="126.7898020"/>
 <node id="9905228793" visible="true" version="1" changeset="123960556" timestamp="2022-07-23T03:06:23Z" user="FUKUTAN" uid="5207199" lat="35.0232632" lon="126.7897614"/>
 <node id="9905228794" visible="true" version="1" changeset="123960556" timestamp="2022-07-23T03:06:23Z" user="FUKUTAN" uid="5207199" lat="35.0231300" lon="126.7896922"/>
 <node id="9905228795" visible="true" version="1" changeset="123960556" timestamp="2022-07-23T03:06:23Z" user="FUKUTAN" uid="5207199" lat="35.0230668" lon="126.7896739"/>
 <node id="9905228796" visible="true" version="1" changeset="123960556" timestamp="2022-07-23T03:06:23Z" user="FUKUTAN" uid="5207199" lat="35.0230002" lon="126.7896699"/>
 <node id="9905228797" visible="true" version="1" changeset="123960556" timestamp="2022-07-23T03:06:23Z" user="FUKUTAN" uid="5207199" lat="35.0229414" lon="126.7896321"/>
 <node id="9909142489" visible="true" version="4" changeset="171918484" timestamp="2025-09-14T13:39:45Z" user="FUKUTAN" uid="5207199" lat="35.0307107" lon="126.7849463">
  <tag k="highway" v="traffic_signals"/>
  <tag k="traffic_signals" v="signal"/>
 </node>
 <node id="9909142502" visible="true" version="1" changeset="124040733" timestamp="2022-07-25T08:53:04Z" user="FUKUTAN" uid="5207199" lat="35.0290965" lon="126.7813592"/>
 <node id="9909151240" visible="true" version="1" changeset="124040733" timestamp="2022-07-25T08:53:04Z" user="FUKUTAN" uid="5207199" lat="35.0186749" lon="126.7874661"/>
 <node id="9909151241" visible="true" version="1" changeset="124040733" timestamp="2022-07-25T08:53:04Z" user="FUKUTAN" uid="5207199" lat="35.0181005" lon="126.7872633"/>
 <node id="9909151242" visible="true" version="1" changeset="124040733" timestamp="2022-07-25T08:53:04Z" user="FUKUTAN" uid="5207199" lat="35.0182069" lon="126.7873934"/>
 <node id="9909151243" visible="true" version="1" changeset="124040733" timestamp="2022-07-25T08:53:04Z" user="FUKUTAN" uid="5207199" lat="35.0182618" lon="126.7874332"/>
 <node id="9909151245" visible="true" version="1" changeset="124040733" timestamp="2022-07-25T08:53:04Z" user="FUKUTAN" uid="5207199" lat="35.0177059" lon="126.7864067"/>
 <node id="9909151246" visible="true" version="1" changeset="124040733" timestamp="2022-07-25T08:53:04Z" user="FUKUTAN" uid="5207199" lat="35.0176919" lon="126.7863973"/>
 <node id="9909151247" visible="true" version="1" changeset="124040733" timestamp="2022-07-25T08:53:04Z" user="FUKUTAN" uid="5207199" lat="35.0176669" lon="126.7863825"/>
 <node id="9909151249" visible="true" version="1" changeset="124040733" timestamp="2022-07-25T08:53:04Z" user="FUKUTAN" uid="5207199" lat="35.0250173" lon="126.7816869"/>
 <node id="9909151256" visible="true" version="1" changeset="124040733" timestamp="2022-07-25T08:53:04Z" user="FUKUTAN" uid="5207199" lat="35.0251613" lon="126.7810320"/>
 <node id="9909151263" visible="true" version="2" changeset="144333236" timestamp="2023-11-22T16:36:43Z" user="asdfqwer51" uid="3350410" lat="35.0302250" lon="126.7823866">
  <tag k="highway" v="traffic_signals"/>
  <tag k="traffic_signals" v="signal"/>
 </node>
 <node id="9909151264" visible="true" version="1" changeset="124040733" timestamp="2022-07-25T08:53:04Z" user="FUKUTAN" uid="5207199" lat="35.0303720" lon="126.7828538"/>
 <node id="9909151265" visible="true" version="2" changeset="144333236" timestamp="2023-11-22T16:36:43Z" user="asdfqwer51" uid="3350410" lat="35.0301693" lon="126.7822808"/>
 <node id="9909151266" visible="true" version="2" changeset="144333236" timestamp="2023-11-22T16:36:43Z" user="asdfqwer51" uid="3350410" lat="35.0300962" lon="126.7821450"/>
 <node id="9909151267" visible="true" version="1" changeset="124040733" timestamp="2022-07-25T08:53:04Z" user="FUKUTAN" uid="5207199" lat="35.0298802" lon="126.7818669"/>
 <node id="9909151268" visible="true" version="1" changeset="124040733" timestamp="2022-07-25T08:53:04Z" user="FUKUTAN" uid="5207199" lat="35.0283799" lon="126.7814415"/>
 <node id="9909151269" visible="true" version="1" changeset="124040733" timestamp="2022-07-25T08:53:04Z" user="FUKUTAN" uid="5207199" lat="35.0284098" lon="126.7812769"/>
 <node id="9909151270" visible="true" version="1" changeset="124040733" timestamp="2022-07-25T08:53:04Z" user="FUKUTAN" uid="5207199" lat="35.0289258" lon="126.7814354"/>
 <node id="9909151271" visible="true" version="1" changeset="124040733" timestamp="2022-07-25T08:53:04Z" user="FUKUTAN" uid="5207199" lat="35.0291172" lon="126.7815310"/>
 <node id="9909151272" visible="true" version="1" changeset="124040733" timestamp="2022-07-25T08:53:04Z" user="FUKUTAN" uid="5207199" lat="35.0292820" lon="126.7816021"/>
 <node id="9909151273" visible="true" version="1" changeset="124040733" timestamp="2022-07-25T08:53:04Z" user="FUKUTAN" uid="5207199" lat="35.0294335" lon="126.7816753"/>
 <node id="9909151274" visible="true" version="1" changeset="124040733" timestamp="2022-07-25T08:53:04Z" user="FUKUTAN" uid="5207199" lat="35.0295267" lon="126.7817444"/>
 <node id="9909151275" visible="true" version="1" changeset="124040733" timestamp="2022-07-25T08:53:04Z" user="FUKUTAN" uid="5207199" lat="35.0297081" lon="126.7819050"/>
 <node id="9909151276" visible="true" version="1" changeset="124040733" timestamp="2022-07-25T08:53:04Z" user="FUKUTAN" uid="5207199" lat="35.0298629" lon="126.7820717"/>
 <node id="9909151277" visible="true" version="1" changeset="124040733" timestamp="2022-07-25T08:53:04Z" user="FUKUTAN" uid="5207199" lat="35.0299928" lon="126.7822770"/>
 <node id="9909151278" visible="true" version="2" changeset="144334816" timestamp="2023-11-22T17:12:52Z" user="asdfqwer51" uid="3350410" lat="35.0300837" lon="126.7825190"/>
 <node id="9909151279" visible="true" version="2" changeset="144334816" timestamp="2023-11-22T17:12:52Z" user="asdfqwer51" uid="3350410" lat="35.0301771" lon="126.7827831"/>
 <node id="9909151280" visible="true" version="2" changeset="144334816" timestamp="2023-11-22T17:12:52Z" user="asdfqwer51" uid="3350410" lat="35.0302300" lon="126.7829821"/>
 <node id="9909151281" visible="true" version="2" changeset="144334816" timestamp="2023-11-22T17:12:52Z" user="asdfqwer51" uid="3350410" lat="35.0302574" lon="126.7831817"/>
 <node id="9909151282" visible="true" version="2" changeset="144334816" timestamp="2023-11-22T17:12:52Z" user="asdfqwer51" uid="3350410" lat="35.0302757" lon="126.7834313"/>
 <node id="9909151283" visible="true" version="2" changeset="144334816" timestamp="2023-11-22T17:12:52Z" user="asdfqwer51" uid="3350410" lat="35.0303054" lon="126.7835937"/>
 <node id="9909151284" visible="true" version="2" changeset="144334816" timestamp="2023-11-22T17:12:52Z" user="asdfqwer51" uid="3350410" lat="35.0303618" lon="126.7838013"/>
 <node id="9909151285" visible="true" version="1" changeset="124040733" timestamp="2022-07-25T08:53:04Z" user="FUKUTAN" uid="5207199" lat="35.0304372" lon="126.7840475"/>
 <node id="9909151286" visible="true" version="1" changeset="124040733" timestamp="2022-07-25T08:53:04Z" user="FUKUTAN" uid="5207199" lat="35.0306136" lon="126.7852692"/>
 <node id="9909151287" visible="true" version="3" changeset="171918484" timestamp="2025-09-14T13:39:45Z" user="FUKUTAN" uid="5207199" lat="35.0307471" lon="126.7852546"/>
 <node id="9909151294" visible="true" version="1" changeset="124040733" timestamp="2022-07-25T08:53:04Z" user="FUKUTAN" uid="5207199" lat="35.0226072" lon="126.7942705"/>
 <node id="9909151338" visible="true" version="1" changeset="124040733" timestamp="2022-07-25T08:53:04Z" user="FUKUTAN" uid="5207199" lat="35.0149929" lon="126.7888679"/>
 <node id="9909151526" visible="true" version="1" changeset="124040733" timestamp="2022-07-25T08:53:04Z" user="FUKUTAN" uid="5207199" lat="35.0094733" lon="126.7882598">
  <tag k="highway" v="crossing"/>
 </node>
 <node id="10549091031" visible="true" version="2" changeset="144333236" timestamp="2023-11-22T16:36:43Z" user="asdfqwer51" uid="3350410" lat="35.0301513" lon="126.7870638"/>
 <node id="10549091032" visible="true" version="2" changeset="144333236" timestamp="2023-11-22T16:36:43Z" user="asdfqwer51" uid="3350410" lat="35.0302553" lon="126.7869347"/>
 <node id="10549091051" visible="true" version="2" changeset="144334816" timestamp="2023-11-22T17:12:52Z" user="asdfqwer51" uid="3350410" lat="35.0286266" lon="126.7827386"/>
 <node id="10549091052" visible="true" version="2" changeset="144334816" timestamp="2023-11-22T17:12:52Z" user="asdfqwer51" uid="3350410" lat="35.0286492" lon="126.7826618"/>
 <node id="10549091053" visible="true" version="2" changeset="144334816" timestamp="2023-11-22T17:12:52Z" user="asdfqwer51" uid="3350410" lat="35.0286565" lon="126.7824311"/>
 <node id="10549091054" visible="true" version="2" changeset="144334816" timestamp="2023-11-22T17:12:52Z" user="asdfqwer51" uid="3350410" lat="35.0280388" lon="126.7851425"/>
 <node id="10549091055" visible="true" version="1" changeset="131233215" timestamp="2023-01-13T14:53:00Z" user="FUKUTAN" uid="5207199" lat="35.0270779" lon="126.7992239"/>
 <node id="10549091056" visible="true" version="2" changeset="144326721" timestamp="2023-11-22T13:28:24Z" user="asdfqwer51" uid="3350410" lat="35.0244340" lon="126.7936712"/>
 <node id="10549091057" visible="true" version="2" changeset="144326721" timestamp="2023-11-22T13:28:24Z" user="asdfqwer51" uid="3350410" lat="35.0241012" lon="126.7938568"/>
 <node id="10549091058" visible="true" version="1" changeset="131233215" timestamp="2023-01-13T14:53:00Z" user="FUKUTAN" uid="5207199" lat="35.0250946" lon="126.7938542"/>
 <node id="10549091059" visible="true" version="1" changeset="131233215" timestamp="2023-01-13T14:53:00Z" user="FUKUTAN" uid="5207199" lat="35.0253256" lon="126.7936489"/>
 <node id="10549091060" visible="true" version="1" changeset="131233215" timestamp="2023-01-13T14:53:00Z" user="FUKUTAN" uid="5207199" lat="35.0254682" lon="126.7935164"/>
 <node id="10549091061" visible="true" version="1" changeset="131233215" timestamp="2023-01-13T14:53:00Z" user="FUKUTAN" uid="5207199" lat="35.0256070" lon="126.7933793"/>
 <node id="10549091062" visible="true" version="1" changeset="131233215" timestamp="2023-01-13T14:53:00Z" user="FUKUTAN" uid="5207199" lat="35.0258441" lon="126.7931174"/>
 <node id="10549091063" visible="true" version="1" changeset="131233215" timestamp="2023-01-13T14:53:00Z" user="FUKUTAN" uid="5207199" lat="35.0260663" lon="126.7928491"/>
 <node id="10549091064" visible="true" version="1" changeset="131233215" timestamp="2023-01-13T14:53:00Z" user="FUKUTAN" uid="5207199" lat="35.0262415" lon="126.7926322"/>
 <node id="10549091065" visible="true" version="1" changeset="131233215" timestamp="2023-01-13T14:53:00Z" user="FUKUTAN" uid="5207199" lat="35.0264698" lon="126.7923456"/>
 <node id="10549091066" visible="true" version="1" changeset="131233215" timestamp="2023-01-13T14:53:00Z" user="FUKUTAN" uid="5207199" lat="35.0268445" lon="126.7928016"/>
 <node id="10549091067" visible="true" version="1" changeset="131233215" timestamp="2023-01-13T14:53:00Z" user="FUKUTAN" uid="5207199" lat="35.0268748" lon="126.7928494"/>
 <node id="10549091068" visible="true" version="1" changeset="131233215" timestamp="2023-01-13T14:53:00Z" user="FUKUTAN" uid="5207199" lat="35.0269051" lon="126.7929310"/>
 <node id="10549091069" visible="true" version="1" changeset="131233215" timestamp="2023-01-13T14:53:00Z" user="FUKUTAN" uid="5207199" lat="35.0269303" lon="126.7930173"/>
 <node id="10549091070" visible="true" version="1" changeset="131233215" timestamp="2023-01-13T14:53:00Z" user="FUKUTAN" uid="5207199" lat="35.0269429" lon="126.7931205"/>
 <node id="10549091071" visible="true" version="1" changeset="131233215" timestamp="2023-01-13T14:53:00Z" user="FUKUTAN" uid="5207199" lat="35.0269429" lon="126.7932330"/>
 <node id="10549091072" visible="true" version="1" changeset="131233215" timestamp="2023-01-13T14:53:00Z" user="FUKUTAN" uid="5207199" lat="35.0269341" lon="126.7933084"/>
 <node id="10549091073" visible="true" version="1" changeset="131233215" timestamp="2023-01-13T14:53:00Z" user="FUKUTAN" uid="5207199" lat="35.0269089" lon="126.7933916"/>
 <node id="10549091074" visible="true" version="1" changeset="131233215" timestamp="2023-01-13T14:53:00Z" user="FUKUTAN" uid="5207199" lat="35.0268622" lon="126.7934933"/>
 <node id="10549091075" visible="true" version="1" changeset="131233215" timestamp="2023-01-13T14:53:00Z" user="FUKUTAN" uid="5207199" lat="35.0267562" lon="126.7936751"/>
 <node id="10549091076" visible="true" version="1" changeset="131233215" timestamp="2023-01-13T14:53:00Z" user="FUKUTAN" uid="5207199" lat="35.0266629" lon="126.7939231"/>
 <node id="10549091077" visible="true" version="1" changeset="131233215" timestamp="2023-01-13T14:53:00Z" user="FUKUTAN" uid="5207199" lat="35.0265544" lon="126.7942019"/>
 <node id="10549091078" visible="true" version="1" changeset="131233215" timestamp="2023-01-13T14:53:00Z" user="FUKUTAN" uid="5207199" lat="35.0265228" lon="126.7942743"/>
 <node id="10549091079" visible="true" version="1" changeset="131233215" timestamp="2023-01-13T14:53:00Z" user="FUKUTAN" uid="5207199" lat="35.0264774" lon="126.7943575"/>
 <node id="10549091080" visible="true" version="1" changeset="131233215" timestamp="2023-01-13T14:53:00Z" user="FUKUTAN" uid="5207199" lat="35.0264169" lon="126.7944392"/>
 <node id="10549091081" visible="true" version="1" changeset="131233215" timestamp="2023-01-13T14:53:00Z" user="FUKUTAN" uid="5207199" lat="35.0262819" lon="126.7945979"/>
 <node id="10549091082" visible="true" version="1" changeset="131233215" timestamp="2023-01-13T14:53:00Z" user="FUKUTAN" uid="5207199" lat="35.0261835" lon="126.7946965"/>
 <node id="10549091083" visible="true" version="1" changeset="131233215" timestamp="2023-01-13T14:53:00Z" user="FUKUTAN" uid="5207199" lat="35.0261204" lon="126.7947504"/>
 <node id="10549091084" visible="true" version="1" changeset="131233215" timestamp="2023-01-13T14:53:00Z" user="FUKUTAN" uid="5207199" lat="35.0260308" lon="126.7948120"/>
 <node id="10549091085" visible="true" version="1" changeset="131233215" timestamp="2023-01-13T14:53:00Z" user="FUKUTAN" uid="5207199" lat="35.0254770" lon="126.7951725"/>
 <node id="10549091086" visible="true" version="1" changeset="131233215" timestamp="2023-01-13T14:53:00Z" user="FUKUTAN" uid="5207199" lat="35.0252931" lon="126.7947581"/>
 <node id="10549091087" visible="true" version="1" changeset="131233215" timestamp="2023-01-13T14:53:00Z" user="FUKUTAN" uid="5207199" lat="35.0255296" lon="126.7945786"/>
 <node id="10549091088" visible="true" version="1" changeset="131233215" timestamp="2023-01-13T14:53:00Z" user="FUKUTAN" uid="5207199" lat="35.0257097" lon="126.7944257"/>
 <node id="10549091089" visible="true" version="1" changeset="131233215" timestamp="2023-01-13T14:53:00Z" user="FUKUTAN" uid="5207199" lat="35.0259755" lon="126.7941736"/>
 <node id="10549091090" visible="true" version="1" changeset="131233215" timestamp="2023-01-13T14:53:00Z" user="FUKUTAN" uid="5207199" lat="35.0261556" lon="126.7939832"/>
 <node id="10549091091" visible="true" version="1" changeset="131233215" timestamp="2023-01-13T14:53:00Z" user="FUKUTAN" uid="5207199" lat="35.0264587" lon="126.7936345"/>
 <node id="10549091092" visible="true" version="1" changeset="131233215" timestamp="2023-01-13T14:53:00Z" user="FUKUTAN" uid="5207199" lat="35.0266498" lon="126.7934038"/>
 <node id="10549091093" visible="true" version="1" changeset="131233215" timestamp="2023-01-13T14:53:00Z" user="FUKUTAN" uid="5207199" lat="35.0268232" lon="126.7935601"/>
 <node id="10549091094" visible="true" version="1" changeset="131233215" timestamp="2023-01-13T14:53:00Z" user="FUKUTAN" uid="5207199" lat="35.0266454" lon="126.7945840"/>
 <node id="10549091095" visible="true" version="1" changeset="131233215" timestamp="2023-01-13T14:53:00Z" user="FUKUTAN" uid="5207199" lat="35.0264016" lon="126.7945330"/>
 <node id="10549091096" visible="true" version="1" changeset="131233215" timestamp="2023-01-13T14:53:00Z" user="FUKUTAN" uid="5207199" lat="35.0263653" lon="126.7944997"/>
 <node id="10549091097" visible="true" version="1" changeset="131233215" timestamp="2023-01-13T14:53:00Z" user="FUKUTAN" uid="5207199" lat="35.0260897" lon="126.7940529"/>
 <node id="10549091098" visible="true" version="1" changeset="131233215" timestamp="2023-01-13T14:53:00Z" user="FUKUTAN" uid="5207199" lat="35.0263228" lon="126.7944389"/>
 <node id="10549091099" visible="true" version="1" changeset="131233215" timestamp="2023-01-13T14:53:00Z" user="FUKUTAN" uid="5207199" lat="35.0252492" lon="126.7942232"/>
 <node id="10549091100" visible="true" version="1" changeset="131233215" timestamp="2023-01-13T14:53:00Z" user="FUKUTAN" uid="5207199" lat="35.0253289" lon="126.7941648"/>
 <node id="10549091101" visible="true" version="1" changeset="131233215" timestamp="2023-01-13T14:53:00Z" user="FUKUTAN" uid="5207199" lat="35.0254057" lon="126.7941028"/>
 <node id="10549091102" visible="true" version="1" changeset="131233215" timestamp="2023-01-13T14:53:00Z" user="FUKUTAN" uid="5207199" lat="35.0255086" lon="126.7940196"/>
 <node id="10549091103" visible="true" version="1" changeset="131233215" timestamp="2023-01-13T14:53:00Z" user="FUKUTAN" uid="5207199" lat="35.0255868" lon="126.7939524"/>
 <node id="10549091104" visible="true" version="1" changeset="131233215" timestamp="2023-01-13T14:53:00Z" user="FUKUTAN" uid="5207199" lat="35.0257607" lon="126.7937861"/>
 <node id="10549091105" visible="true" version="1" changeset="131233215" timestamp="2023-01-13T14:53:00Z" user="FUKUTAN" uid="5207199" lat="35.0259143" lon="126.7936250"/>
 <node id="10549091106" visible="true" version="1" changeset="131233215" timestamp="2023-01-13T14:53:00Z" user="FUKUTAN" uid="5207199" lat="35.0267178" lon="126.7926474"/>
 <node id="10549091107" visible="true" version="1" changeset="131233215" timestamp="2023-01-13T14:53:00Z" user="FUKUTAN" uid="5207199" lat="35.0261016" lon="126.7934078"/>
 <node id="10666258588" visible="true" version="2" changeset="144334816" timestamp="2023-11-22T17:12:52Z" user="asdfqwer51" uid="3350410" lat="35.0284852" lon="126.7892819">
  <tag k="bus" v="yes"/>
  <tag k="departures_board" v="realtime"/>
  <tag k="highway" v="bus_stop"/>
  <tag k="name" v="산포농협.하나로마트"/>
  <tag k="name:en" v="Sanpo Nonghyup Hanaro Mart"/>
  <tag k="operator" v="나주시"/>
  <tag k="public_transport" v="platform"/>
  <tag k="ref" v="6087"/>
  <tag k="shelter" v="yes"/>
 </node>
 <node id="10666258589" visible="true" version="2" changeset="144334816" timestamp="2023-11-22T17:12:52Z" user="asdfqwer51" uid="3350410" lat="35.0283045" lon="126.7891048">
  <tag k="bus" v="yes"/>
  <tag k="departures_board" v="realtime"/>
  <tag k="highway" v="bus_stop"/>
  <tag k="name" v="산포농협.하나로마트"/>
  <tag k="name:en" v="Sanpo Nonghyup Hanaro Mart"/>
  <tag k="name:ko" v="산포농협.하나로마트"/>
  <tag k="operator" v="나주시"/>
  <tag k="public_transport" v="platform"/>
  <tag k="ref" v="6088"/>
  <tag k="shelter" v="yes"/>
 </node>
 <node id="10666258590" visible="true" version="2" changeset="144334816" timestamp="2023-11-22T17:12:52Z" user="asdfqwer51" uid="3350410" lat="35.0250547" lon="126.7930181">
  <tag k="bus" v="yes"/>
  <tag k="departures_board" v="realtime"/>
  <tag k="highway" v="bus_stop"/>
  <tag k="name" v="한빛1교"/>
  <tag k="name:en" v="Hanbit 1 Bridge"/>
  <tag k="operator" v="나주시"/>
  <tag k="public_transport" v="platform"/>
  <tag k="ref" v="2865"/>
  <tag k="shelter" v="yes"/>
 </node>
 <node id="10666258592" visible="true" version="2" changeset="144335329" timestamp="2023-11-22T17:21:04Z" user="asdfqwer51" uid="3350410" lat="35.0248678" lon="126.7987392">
  <tag k="bus" v="yes"/>
  <tag k="departures_board" v="realtime"/>
  <tag k="highway" v="bus_stop"/>
  <tag k="name" v="빛가람종합병원후문"/>
  <tag k="name:en" v="Bitgaram Hospital Rear Entrance"/>
  <tag k="name:ko" v="빛가람종합병원후문"/>
  <tag k="operator" v="나주시"/>
  <tag k="public_transport" v="platform"/>
  <tag k="ref" v="6086"/>
  <tag k="shelter" v="yes"/>
 </node>
 <node id="10666258595" visible="true" version="3" changeset="174046299" timestamp="2025-11-01T05:13:14Z" user="torisugari" uid="22158042" lat="35.0213662" lon="126.7969119">
  <tag k="bus" v="yes"/>
  <tag k="departures_board" v="realtime"/>
  <tag k="highway" v="bus_stop"/>
  <tag k="name" v="실감미디어센터"/>
  <tag k="name:en" v="KEPCO KDN"/>
  <tag k="operator" v="나주시"/>
  <tag k="public_transport" v="platform"/>
  <tag k="ref" v="Immersive Media Center"/>
  <tag k="shelter" v="yes"/>
 </node>
 <node id="10666258596" visible="true" version="2" changeset="144335329" timestamp="2023-11-22T17:21:04Z" user="asdfqwer51" uid="3350410" lat="35.0210413" lon="126.7976264">
  <tag k="bus" v="yes"/>
  <tag k="departures_board" v="realtime"/>
  <tag k="highway" v="bus_stop"/>
  <tag k="name" v="실감미디어센터"/>
  <tag k="name:en" v="Immersive Media Center"/>
  <tag k="operator" v="나주시"/>
  <tag k="public_transport" v="platform"/>
  <tag k="ref" v="2878"/>
  <tag k="shelter" v="yes"/>
 </node>
 <node id="10729284605" visible="true" version="3" changeset="144398789" timestamp="2023-11-24T08:57:10Z" user="asdfqwer51" uid="3350410" lat="35.0305523" lon="126.7945092"/>
 <node id="10729284606" visible="true" version="2" changeset="144333236" timestamp="2023-11-22T16:36:43Z" user="asdfqwer51" uid="3350410" lat="35.0296082" lon="126.7950398"/>
 <node id="10729284607" visible="true" version="2" changeset="144333236" timestamp="2023-11-22T16:36:43Z" user="asdfqwer51" uid="3350410" lat="35.0292025" lon="126.7952627"/>
 <node id="10729284608" visible="true" version="2" changeset="144333236" timestamp="2023-11-22T16:36:43Z" user="asdfqwer51" uid="3350410" lat="35.0288947" lon="126.7954271"/>
 <node id="10729284609" visible="true" version="2" changeset="144333236" timestamp="2023-11-22T16:36:43Z" user="asdfqwer51" uid="3350410" lat="35.0280902" lon="126.7958826"/>
 <node id="10729284610" visible="true" version="2" changeset="144333236" timestamp="2023-11-22T16:36:43Z" user="asdfqwer51" uid="3350410" lat="35.0301277" lon="126.7947538">
  <tag k="highway" v="crossing"/>
 </node>
 <node id="10729284611" visible="true" version="2" changeset="144333236" timestamp="2023-11-22T16:36:43Z" user="asdfqwer51" uid="3350410" lat="35.0302447" lon="126.7970608"/>
 <node id="10729284612" visible="true" version="2" changeset="144333236" timestamp="2023-11-22T16:36:43Z" user="asdfqwer51" uid="3350410" lat="35.0300497" lon="126.7965292"/>
 <node id="10729284613" visible="true" version="2" changeset="144333236" timestamp="2023-11-22T16:36:43Z" user="asdfqwer51" uid="3350410" lat="35.0295998" lon="126.7953327"/>
 <node id="10729284614" visible="true" version="2" changeset="144333236" timestamp="2023-11-22T16:36:43Z" user="asdfqwer51" uid="3350410" lat="35.0295253" lon="126.7952253"/>
 <node id="10729284615" visible="true" version="2" changeset="144333236" timestamp="2023-11-22T16:36:43Z" user="asdfqwer51" uid="3350410" lat="35.0294623" lon="126.7951200"/>
 <node id="10729284616" visible="true" version="2" changeset="144333236" timestamp="2023-11-22T16:36:43Z" user="asdfqwer51" uid="3350410" lat="35.0294469" lon="126.7950291"/>
 <node id="10729284617" visible="true" version="2" changeset="144333236" timestamp="2023-11-22T16:36:43Z" user="asdfqwer51" uid="3350410" lat="35.0294316" lon="126.7949124"/>
 <node id="10729284618" visible="true" version="2" changeset="144333236" timestamp="2023-11-22T16:36:43Z" user="asdfqwer51" uid="3350410" lat="35.0294105" lon="126.7948213"/>
 <node id="10729284619" visible="true" version="2" changeset="144333236" timestamp="2023-11-22T16:36:43Z" user="asdfqwer51" uid="3350410" lat="35.0293685" lon="126.7947233"/>
 <node id="10729284620" visible="true" version="2" changeset="144333236" timestamp="2023-11-22T16:36:43Z" user="asdfqwer51" uid="3350410" lat="35.0289597" lon="126.7936740"/>
 <node id="10729284621" visible="true" version="2" changeset="144333236" timestamp="2023-11-22T16:36:43Z" user="asdfqwer51" uid="3350410" lat="35.0292270" lon="126.7938290"/>
 <node id="10729284622" visible="true" version="2" changeset="144333236" timestamp="2023-11-22T16:36:43Z" user="asdfqwer51" uid="3350410" lat="35.0288943" lon="126.7939994"/>
 <node id="10729284623" visible="true" version="2" changeset="144333236" timestamp="2023-11-22T16:36:43Z" user="asdfqwer51" uid="3350410" lat="35.0290620" lon="126.7939135"/>
 <node id="10729284624" visible="true" version="2" changeset="144333236" timestamp="2023-11-22T16:36:43Z" user="asdfqwer51" uid="3350410" lat="35.0300645" lon="126.7962130"/>
 <node id="10729284625" visible="true" version="2" changeset="144333236" timestamp="2023-11-22T16:36:43Z" user="asdfqwer51" uid="3350410" lat="35.0298006" lon="126.7963531"/>
 <node id="10729284626" visible="true" version="2" changeset="144333236" timestamp="2023-11-22T16:36:43Z" user="asdfqwer51" uid="3350410" lat="35.0299551" lon="126.7962776"/>
 <node id="10729284627" visible="true" version="2" changeset="144333236" timestamp="2023-11-22T16:36:43Z" user="asdfqwer51" uid="3350410" lat="35.0293334" lon="126.7954639"/>
 <node id="10729284628" visible="true" version="2" changeset="144333236" timestamp="2023-11-22T16:36:43Z" user="asdfqwer51" uid="3350410" lat="35.0272150" lon="126.7916455"/>
 <node id="10729284629" visible="true" version="2" changeset="144333236" timestamp="2023-11-22T16:36:43Z" user="asdfqwer51" uid="3350410" lat="35.0273995" lon="126.7918805"/>
 <node id="10729284630" visible="true" version="2" changeset="144333236" timestamp="2023-11-22T16:36:43Z" user="asdfqwer51" uid="3350410" lat="35.0275978" lon="126.7921622"/>
 <node id="10729284631" visible="true" version="2" changeset="144333236" timestamp="2023-11-22T16:36:43Z" user="asdfqwer51" uid="3350410" lat="35.0277651" lon="126.7924678"/>
 <node id="10729284632" visible="true" version="2" changeset="144397454" timestamp="2023-11-24T08:19:48Z" user="asdfqwer51" uid="3350410" lat="35.0273505" lon="126.7910717"/>
 <node id="10729284633" visible="true" version="3" changeset="144397454" timestamp="2023-11-24T08:19:48Z" user="asdfqwer51" uid="3350410" lat="35.0270414" lon="126.7914312"/>
 <node id="10729284634" visible="true" version="1" changeset="133576767" timestamp="2023-03-12T08:09:37Z" user="FUKUTAN" uid="5207199" lat="35.0294672" lon="126.7929491"/>
 <node id="10729284635" visible="true" version="1" changeset="133576767" timestamp="2023-03-12T08:09:37Z" user="FUKUTAN" uid="5207199" lat="35.0295867" lon="126.7928803"/>
 <node id="10729284636" visible="true" version="1" changeset="133576767" timestamp="2023-03-12T08:09:37Z" user="FUKUTAN" uid="5207199" lat="35.0293282" lon="126.7930293"/>
 <node id="10729284637" visible="true" version="1" changeset="133576767" timestamp="2023-03-12T08:09:37Z" user="FUKUTAN" uid="5207199" lat="35.0294199" lon="126.7932666"/>
 <node id="10729284638" visible="true" version="1" changeset="133576767" timestamp="2023-03-12T08:09:37Z" user="FUKUTAN" uid="5207199" lat="35.0296784" lon="126.7931176"/>
 <node id="10729284639" visible="true" version="1" changeset="133576767" timestamp="2023-03-12T08:09:37Z" user="FUKUTAN" uid="5207199" lat="35.0295169" lon="126.7926932"/>
 <node id="10729284640" visible="true" version="1" changeset="133576767" timestamp="2023-03-12T08:09:37Z" user="FUKUTAN" uid="5207199" lat="35.0292605" lon="126.7920226"/>
 <node id="10729284641" visible="true" version="1" changeset="133576767" timestamp="2023-03-12T08:09:37Z" user="FUKUTAN" uid="5207199" lat="35.0292083" lon="126.7919005"/>
 <node id="10729284642" visible="true" version="1" changeset="133576767" timestamp="2023-03-12T08:09:37Z" user="FUKUTAN" uid="5207199" lat="35.0291532" lon="126.7917978"/>
 <node id="10729284643" visible="true" version="1" changeset="133576767" timestamp="2023-03-12T08:09:37Z" user="FUKUTAN" uid="5207199" lat="35.0290069" lon="126.7915465"/>
 <node id="10729284644" visible="true" version="1" changeset="133576767" timestamp="2023-03-12T08:09:37Z" user="FUKUTAN" uid="5207199" lat="35.0289431" lon="126.7914209"/>
 <node id="10729284645" visible="true" version="1" changeset="133576767" timestamp="2023-03-12T08:09:37Z" user="FUKUTAN" uid="5207199" lat="35.0288823" lon="126.7913023"/>
 <node id="10729284646" visible="true" version="1" changeset="133576767" timestamp="2023-03-12T08:09:37Z" user="FUKUTAN" uid="5207199" lat="35.0288431" lon="126.7912068"/>
 <node id="10729284647" visible="true" version="2" changeset="144333236" timestamp="2023-11-22T16:36:43Z" user="asdfqwer51" uid="3350410" lat="35.0279578" lon="126.7926818"/>
 <node id="10729284648" visible="true" version="2" changeset="144333236" timestamp="2023-11-22T16:36:43Z" user="asdfqwer51" uid="3350410" lat="35.0277984" lon="126.7923351"/>
 <node id="10729284649" visible="true" version="2" changeset="144333236" timestamp="2023-11-22T16:36:43Z" user="asdfqwer51" uid="3350410" lat="35.0278850" lon="126.7925198"/>
 <node id="10729284650" visible="true" version="2" changeset="144333236" timestamp="2023-11-22T16:36:43Z" user="asdfqwer51" uid="3350410" lat="35.0290181" lon="126.7913936"/>
 <node id="10729284651" visible="true" version="2" changeset="144333236" timestamp="2023-11-22T16:36:43Z" user="asdfqwer51" uid="3350410" lat="35.0288228" lon="126.7909924"/>
 <node id="11217166592" visible="true" version="2" changeset="144332579" timestamp="2023-11-22T16:15:50Z" user="asdfqwer51" uid="3350410" lat="35.0236689" lon="126.7912502"/>
 <node id="11217166593" visible="true" version="1" changeset="141712425" timestamp="2023-09-25T05:17:57Z" user="FUKUTAN" uid="5207199" lat="35.0237563" lon="126.7909597"/>
 <node id="11217166594" visible="true" version="1" changeset="141712425" timestamp="2023-09-25T05:17:57Z" user="FUKUTAN" uid="5207199" lat="35.0238356" lon="126.7909503"/>
 <node id="11217166595" visible="true" version="1" changeset="141712425" timestamp="2023-09-25T05:17:57Z" user="FUKUTAN" uid="5207199" lat="35.0239805" lon="126.7909381"/>
 <node id="11217166596" visible="true" version="1" changeset="141712425" timestamp="2023-09-25T05:17:57Z" user="FUKUTAN" uid="5207199" lat="35.0240638" lon="126.7909218"/>
 <node id="11217166597" visible="true" version="1" changeset="141712425" timestamp="2023-09-25T05:17:57Z" user="FUKUTAN" uid="5207199" lat="35.0241455" lon="126.7909035"/>
 <node id="11217166598" visible="true" version="1" changeset="141712425" timestamp="2023-09-25T05:17:57Z" user="FUKUTAN" uid="5207199" lat="35.0242221" lon="126.7908710"/>
 <node id="11217166599" visible="true" version="1" changeset="141712425" timestamp="2023-09-25T05:17:57Z" user="FUKUTAN" uid="5207199" lat="35.0244870" lon="126.7907449"/>
 <node id="11217166600" visible="true" version="1" changeset="141712425" timestamp="2023-09-25T05:17:57Z" user="FUKUTAN" uid="5207199" lat="35.0247185" lon="126.7906248"/>
 <node id="11217166601" visible="true" version="1" changeset="141712425" timestamp="2023-09-25T05:17:57Z" user="FUKUTAN" uid="5207199" lat="35.0247818" lon="126.7906086"/>
 <node id="11217166602" visible="true" version="1" changeset="141712425" timestamp="2023-09-25T05:17:57Z" user="FUKUTAN" uid="5207199" lat="35.0248252" lon="126.7905984"/>
 <node id="11217166603" visible="true" version="1" changeset="141712425" timestamp="2023-09-25T05:17:57Z" user="FUKUTAN" uid="5207199" lat="35.0248651" lon="126.7905984"/>
 <node id="11217166604" visible="true" version="1" changeset="141712425" timestamp="2023-09-25T05:17:57Z" user="FUKUTAN" uid="5207199" lat="35.0248901" lon="126.7906126"/>
 <node id="11217166605" visible="true" version="1" changeset="141712425" timestamp="2023-09-25T05:17:57Z" user="FUKUTAN" uid="5207199" lat="35.0249451" lon="126.7906737"/>
 <node id="11217166606" visible="true" version="1" changeset="141712425" timestamp="2023-09-25T05:17:57Z" user="FUKUTAN" uid="5207199" lat="35.0258147" lon="126.7917356"/>
 <node id="11217166607" visible="true" version="1" changeset="141712425" timestamp="2023-09-25T05:17:57Z" user="FUKUTAN" uid="5207199" lat="35.0240488" lon="126.7907713"/>
 <node id="11217166608" visible="true" version="1" changeset="141712425" timestamp="2023-09-25T05:17:57Z" user="FUKUTAN" uid="5207199" lat="35.0240255" lon="126.7906737"/>
 <node id="11217166609" visible="true" version="1" changeset="141712425" timestamp="2023-09-25T05:17:57Z" user="FUKUTAN" uid="5207199" lat="35.0239839" lon="126.7905842"/>
 <node id="11217166610" visible="true" version="1" changeset="141712425" timestamp="2023-09-25T05:17:57Z" user="FUKUTAN" uid="5207199" lat="35.0238456" lon="126.7903421"/>
 <node id="11217166611" visible="true" version="1" changeset="141712425" timestamp="2023-09-25T05:17:57Z" user="FUKUTAN" uid="5207199" lat="35.0238264" lon="126.7903016"/>
 <node id="11217166612" visible="true" version="1" changeset="141712425" timestamp="2023-09-25T05:17:57Z" user="FUKUTAN" uid="5207199" lat="35.0238140" lon="126.7902670"/>
 <node id="11217166613" visible="true" version="1" changeset="141712425" timestamp="2023-09-25T05:17:57Z" user="FUKUTAN" uid="5207199" lat="35.0238090" lon="126.7902263"/>
 <node id="11217166614" visible="true" version="1" changeset="141712425" timestamp="2023-09-25T05:17:57Z" user="FUKUTAN" uid="5207199" lat="35.0238098" lon="126.7901867"/>
 <node id="11217166615" visible="true" version="1" changeset="141712425" timestamp="2023-09-25T05:17:57Z" user="FUKUTAN" uid="5207199" lat="35.0238165" lon="126.7901480"/>
 <node id="11217166616" visible="true" version="1" changeset="141712425" timestamp="2023-09-25T05:17:57Z" user="FUKUTAN" uid="5207199" lat="35.0238231" lon="126.7901297"/>
 <node id="11217166617" visible="true" version="1" changeset="141712425" timestamp="2023-09-25T05:17:57Z" user="FUKUTAN" uid="5207199" lat="35.0238464" lon="126.7900982"/>
 <node id="11217166618" visible="true" version="1" changeset="141712425" timestamp="2023-09-25T05:17:57Z" user="FUKUTAN" uid="5207199" lat="35.0240438" lon="126.7899273"/>
 <node id="11364492800" visible="true" version="2" changeset="176319095" timestamp="2025-12-23T17:30:15Z" user="aaei924" uid="10626814" lat="35.0219448" lon="126.7762739"/>
 <node id="11368479662" visible="true" version="1" changeset="144324593" timestamp="2023-11-22T12:33:34Z" user="asdfqwer51" uid="3350410" lat="35.0105190" lon="126.7825758"/>
 <node id="11368479664" visible="true" version="1" changeset="144324593" timestamp="2023-11-22T12:33:34Z" user="asdfqwer51" uid="3350410" lat="35.0101821" lon="126.7833249">
  <tag k="highway" v="traffic_signals"/>
  <tag k="traffic_signals" v="signal"/>
 </node>
 <node id="11368479666" visible="true" version="1" changeset="144324593" timestamp="2023-11-22T12:33:34Z" user="asdfqwer51" uid="3350410" lat="35.0099862" lon="126.7836894"/>
 <node id="11368479668" visible="true" version="1" changeset="144324593" timestamp="2023-11-22T12:33:34Z" user="asdfqwer51" uid="3350410" lat="35.0098930" lon="126.7839692"/>
 <node id="11368511170" visible="true" version="1" changeset="144324593" timestamp="2023-11-22T12:33:34Z" user="asdfqwer51" uid="3350410" lat="35.0097831" lon="126.7843187"/>
 <node id="11368511172" visible="true" version="1" changeset="144324593" timestamp="2023-11-22T12:33:34Z" user="asdfqwer51" uid="3350410" lat="35.0096981" lon="126.7846389"/>
 <node id="11368511174" visible="true" version="1" changeset="144324593" timestamp="2023-11-22T12:33:34Z" user="asdfqwer51" uid="3350410" lat="35.0096455" lon="126.7848725"/>
 <node id="11368511177" visible="true" version="1" changeset="144324593" timestamp="2023-11-22T12:33:34Z" user="asdfqwer51" uid="3350410" lat="35.0095696" lon="126.7853330"/>
 <node id="11368511179" visible="true" version="2" changeset="144397454" timestamp="2023-11-24T08:19:48Z" user="asdfqwer51" uid="3350410" lat="35.0095264" lon="126.7857267">
  <tag k="highway" v="traffic_signals"/>
  <tag k="traffic_signals" v="signal"/>
 </node>
 <node id="11368511181" visible="true" version="1" changeset="144324593" timestamp="2023-11-22T12:33:34Z" user="asdfqwer51" uid="3350410" lat="35.0095166" lon="126.7858748"/>
 <node id="11368511183" visible="true" version="1" changeset="144324593" timestamp="2023-11-22T12:33:34Z" user="asdfqwer51" uid="3350410" lat="35.0094639" lon="126.7870805">
  <tag k="highway" v="traffic_signals"/>
  <tag k="traffic_signals" v="signal"/>
 </node>
 <node id="11368586010" visible="true" version="1" changeset="144326721" timestamp="2023-11-22T13:28:24Z" user="asdfqwer51" uid="3350410" lat="35.0192723" lon="126.7942842"/>
 <node id="11368586043" visible="true" version="1" changeset="144326721" timestamp="2023-11-22T13:28:24Z" user="asdfqwer51" uid="3350410" lat="35.0202270" lon="126.7948645"/>
 <node id="11368586044" visible="true" version="1" changeset="144326721" timestamp="2023-11-22T13:28:24Z" user="asdfqwer51" uid="3350410" lat="35.0201844" lon="126.7945815"/>
 <node id="11368586045" visible="true" version="1" changeset="144326721" timestamp="2023-11-22T13:28:24Z" user="asdfqwer51" uid="3350410" lat="35.0201842" lon="126.7948338"/>
 <node id="11368586046" visible="true" version="1" changeset="144326721" timestamp="2023-11-22T13:28:24Z" user="asdfqwer51" uid="3350410" lat="35.0200146" lon="126.7948336"/>
 <node id="11368586047" visible="true" version="1" changeset="144326721" timestamp="2023-11-22T13:28:24Z" user="asdfqwer51" uid="3350410" lat="35.0200143" lon="126.7953111"/>
 <node id="11368586048" visible="true" version="1" changeset="144326721" timestamp="2023-11-22T13:28:24Z" user="asdfqwer51" uid="3350410" lat="35.0197740" lon="126.7953109"/>
 <node id="11368586049" visible="true" version="1" changeset="144326721" timestamp="2023-11-22T13:28:24Z" user="asdfqwer51" uid="3350410" lat="35.0197744" lon="126.7945811"/>
 <node id="11368586050" visible="true" version="1" changeset="144326721" timestamp="2023-11-22T13:28:24Z" user="asdfqwer51" uid="3350410" lat="35.0200035" lon="126.7952165"/>
 <node id="11368586051" visible="true" version="1" changeset="144326721" timestamp="2023-11-22T13:28:24Z" user="asdfqwer51" uid="3350410" lat="35.0198151" lon="126.7952200"/>
 <node id="11368586052" visible="true" version="1" changeset="144326721" timestamp="2023-11-22T13:28:24Z" user="asdfqwer51" uid="3350410" lat="35.0197890" lon="126.7951899"/>
 <node id="11368893161" visible="true" version="1" changeset="144332579" timestamp="2023-11-22T16:15:50Z" user="asdfqwer51" uid="3350410" lat="35.0220314" lon="126.7907043"/>
 <node id="11368893162" visible="true" version="1" changeset="144332579" timestamp="2023-11-22T16:15:50Z" user="asdfqwer51" uid="3350410" lat="35.0220105" lon="126.7906926"/>
 <node id="11368893163" visible="true" version="2" changeset="144333236" timestamp="2023-11-22T16:36:43Z" user="asdfqwer51" uid="3350410" lat="35.0236102" lon="126.7910746"/>
 <node id="11368893164" visible="true" version="1" changeset="144332579" timestamp="2023-11-22T16:15:50Z" user="asdfqwer51" uid="3350410" lat="35.0231253" lon="126.7914731"/>
 <node id="11368893165" visible="true" version="1" changeset="144332579" timestamp="2023-11-22T16:15:50Z" user="asdfqwer51" uid="3350410" lat="35.0218581" lon="126.7925544"/>
 <node id="11368893166" visible="true" version="1" changeset="144332579" timestamp="2023-11-22T16:15:50Z" user="asdfqwer51" uid="3350410" lat="35.0222350" lon="126.7916195"/>
 <node id="11368911172" visible="true" version="1" changeset="144332579" timestamp="2023-11-22T16:15:50Z" user="asdfqwer51" uid="3350410" lat="35.0175369" lon="126.7935303"/>
 <node id="11368911176" visible="true" version="1" changeset="144332579" timestamp="2023-11-22T16:15:50Z" user="asdfqwer51" uid="3350410" lat="35.0200952" lon="126.7936092"/>
 <node id="11368911177" visible="true" version="1" changeset="144332579" timestamp="2023-11-22T16:15:50Z" user="asdfqwer51" uid="3350410" lat="35.0201281" lon="126.7935868"/>
 <node id="11368911178" visible="true" version="1" changeset="144332579" timestamp="2023-11-22T16:15:50Z" user="asdfqwer51" uid="3350410" lat="35.0200829" lon="126.7935297"/>
 <node id="11368927803" visible="true" version="1" changeset="144333236" timestamp="2023-11-22T16:36:43Z" user="asdfqwer51" uid="3350410" lat="35.0236142" lon="126.7956060"/>
 <node id="11368927804" visible="true" version="1" changeset="144333236" timestamp="2023-11-22T16:36:43Z" user="asdfqwer51" uid="3350410" lat="35.0235895" lon="126.7955323"/>
 <node id="11368927816" visible="true" version="1" changeset="144333236" timestamp="2023-11-22T16:36:43Z" user="asdfqwer51" uid="3350410" lat="35.0293972" lon="126.7914618"/>
 <node id="11368927817" visible="true" version="1" changeset="144333236" timestamp="2023-11-22T16:36:43Z" user="asdfqwer51" uid="3350410" lat="35.0302711" lon="126.7970496"/>
 <node id="11368927818" visible="true" version="1" changeset="144333236" timestamp="2023-11-22T16:36:43Z" user="asdfqwer51" uid="3350410" lat="35.0286102" lon="126.7972659"/>
 <node id="11368927819" visible="true" version="1" changeset="144333236" timestamp="2023-11-22T16:36:43Z" user="asdfqwer51" uid="3350410" lat="35.0288841" lon="126.7966816"/>
 <node id="11369025919" visible="true" version="1" changeset="144334816" timestamp="2023-11-22T17:12:52Z" user="asdfqwer51" uid="3350410" lat="35.0289113" lon="126.7812990"/>
 <node id="11369028986" visible="true" version="1" changeset="144334816" timestamp="2023-11-22T17:12:52Z" user="asdfqwer51" uid="3350410" lat="35.0305704" lon="126.7849699">
  <tag k="highway" v="crossing"/>
 </node>
 <node id="11369029023" visible="true" version="1" changeset="144334816" timestamp="2023-11-22T17:12:52Z" user="asdfqwer51" uid="3350410" lat="35.0288668" lon="126.7902236"/>
 <node id="11369029024" visible="true" version="1" changeset="144334816" timestamp="2023-11-22T17:12:52Z" user="asdfqwer51" uid="3350410" lat="35.0288968" lon="126.7902835"/>
 <node id="11369029025" visible="true" version="1" changeset="144334816" timestamp="2023-11-22T17:12:52Z" user="asdfqwer51" uid="3350410" lat="35.0290081" lon="126.7904512"/>
 <node id="11369029026" visible="true" version="1" changeset="144334816" timestamp="2023-11-22T17:12:52Z" user="asdfqwer51" uid="3350410" lat="35.0291912" lon="126.7907002"/>
 <node id="11369029031" visible="true" version="1" changeset="144334816" timestamp="2023-11-22T17:12:52Z" user="asdfqwer51" uid="3350410" lat="35.0289189" lon="126.7888812"/>
 <node id="11369029032" visible="true" version="1" changeset="144334816" timestamp="2023-11-22T17:12:52Z" user="asdfqwer51" uid="3350410" lat="35.0285553" lon="126.7893217"/>
 <node id="11369029033" visible="true" version="1" changeset="144334816" timestamp="2023-11-22T17:12:52Z" user="asdfqwer51" uid="3350410" lat="35.0288386" lon="126.7896705"/>
 <node id="11369029034" visible="true" version="1" changeset="144334816" timestamp="2023-11-22T17:12:52Z" user="asdfqwer51" uid="3350410" lat="35.0292022" lon="126.7892301"/>
 <node id="11369029035" visible="true" version="2" changeset="171918484" timestamp="2025-09-14T13:39:45Z" user="FUKUTAN" uid="5207199" lat="35.0289164" lon="126.7887182"/>
 <node id="11369029036" visible="true" version="1" changeset="144334816" timestamp="2023-11-22T17:12:52Z" user="asdfqwer51" uid="3350410" lat="35.0255482" lon="126.7956844"/>
 <node id="11369029037" visible="true" version="1" changeset="144334816" timestamp="2023-11-22T17:12:52Z" user="asdfqwer51" uid="3350410" lat="35.0244755" lon="126.7986796"/>
 <node id="11369029038" visible="true" version="1" changeset="144334816" timestamp="2023-11-22T17:12:52Z" user="asdfqwer51" uid="3350410" lat="35.0245054" lon="126.7986634"/>
 <node id="11369029039" visible="true" version="1" changeset="144334816" timestamp="2023-11-22T17:12:52Z" user="asdfqwer51" uid="3350410" lat="35.0243162" lon="126.7990906"/>
 <node id="11369029847" visible="true" version="1" changeset="144335329" timestamp="2023-11-22T17:21:04Z" user="asdfqwer51" uid="3350410" lat="35.0248229" lon="126.7991048"/>
 <node id="11369029848" visible="true" version="1" changeset="144335329" timestamp="2023-11-22T17:21:04Z" user="asdfqwer51" uid="3350410" lat="35.0248503" lon="126.7991896"/>
 <node id="11369029849" visible="true" version="1" changeset="144335329" timestamp="2023-11-22T17:21:04Z" user="asdfqwer51" uid="3350410" lat="35.0249704" lon="126.7991224"/>
 <node id="11369029850" visible="true" version="1" changeset="144335329" timestamp="2023-11-22T17:21:04Z" user="asdfqwer51" uid="3350410" lat="35.0248552" lon="126.7988150"/>
 <node id="11369029851" visible="true" version="1" changeset="144335329" timestamp="2023-11-22T17:21:04Z" user="asdfqwer51" uid="3350410" lat="35.0248148" lon="126.7988375"/>
 <node id="11369029852" visible="true" version="1" changeset="144335329" timestamp="2023-11-22T17:21:04Z" user="asdfqwer51" uid="3350410" lat="35.0247270" lon="126.7986032"/>
 <node id="11369029853" visible="true" version="1" changeset="144335329" timestamp="2023-11-22T17:21:04Z" user="asdfqwer51" uid="3350410" lat="35.0247566" lon="126.7985866"/>
 <node id="11369029854" visible="true" version="1" changeset="144335329" timestamp="2023-11-22T17:21:04Z" user="asdfqwer51" uid="3350410" lat="35.0246104" lon="126.7983291"/>
 <node id="11369029855" visible="true" version="1" changeset="144335329" timestamp="2023-11-22T17:21:04Z" user="asdfqwer51" uid="3350410" lat="35.0245895" lon="126.7982735"/>
 <node id="11369029856" visible="true" version="1" changeset="144335329" timestamp="2023-11-22T17:21:04Z" user="asdfqwer51" uid="3350410" lat="35.0244816" lon="126.7983954"/>
 <node id="11369029857" visible="true" version="1" changeset="144335329" timestamp="2023-11-22T17:21:04Z" user="asdfqwer51" uid="3350410" lat="35.0246172" lon="126.7987555"/>
 <node id="11369029858" visible="true" version="1" changeset="144335329" timestamp="2023-11-22T17:21:04Z" user="asdfqwer51" uid="3350410" lat="35.0243169" lon="126.7989241"/>
 <node id="11369029859" visible="true" version="1" changeset="144335329" timestamp="2023-11-22T17:21:04Z" user="asdfqwer51" uid="3350410" lat="35.0242073" lon="126.7991806"/>
 <node id="11369029860" visible="true" version="1" changeset="144335329" timestamp="2023-11-22T17:21:04Z" user="asdfqwer51" uid="3350410" lat="35.0241892" lon="126.7991324"/>
 <node id="11369029861" visible="true" version="1" changeset="144335329" timestamp="2023-11-22T17:21:04Z" user="asdfqwer51" uid="3350410" lat="35.0247667" lon="126.7997826"/>
 <node id="11369029862" visible="true" version="1" changeset="144335329" timestamp="2023-11-22T17:21:04Z" user="asdfqwer51" uid="3350410" lat="35.0247460" lon="126.7997273"/>
 <node id="11369029863" visible="true" version="1" changeset="144335329" timestamp="2023-11-22T17:21:04Z" user="asdfqwer51" uid="3350410" lat="35.0252229" lon="126.7996755"/>
 <node id="11369029864" visible="true" version="1" changeset="144335329" timestamp="2023-11-22T17:21:04Z" user="asdfqwer51" uid="3350410" lat="35.0251164" lon="126.7995182"/>
 <node id="11369029865" visible="true" version="1" changeset="144335329" timestamp="2023-11-22T17:21:04Z" user="asdfqwer51" uid="3350410" lat="35.0251398" lon="126.7995046"/>
 <node id="11369029866" visible="true" version="1" changeset="144335329" timestamp="2023-11-22T17:21:04Z" user="asdfqwer51" uid="3350410" lat="35.0251127" lon="126.7994355"/>
 <node id="11369029867" visible="true" version="1" changeset="144335329" timestamp="2023-11-22T17:21:04Z" user="asdfqwer51" uid="3350410" lat="35.0250885" lon="126.7994496"/>
 <node id="11369029868" visible="true" version="1" changeset="144335329" timestamp="2023-11-22T17:21:04Z" user="asdfqwer51" uid="3350410" lat="35.0249810" lon="126.7991906"/>
 <node id="11369050669" visible="true" version="1" changeset="144335329" timestamp="2023-11-22T17:21:04Z" user="asdfqwer51" uid="3350410" lat="35.0249613" lon="126.7991401"/>
 <node id="11369050670" visible="true" version="1" changeset="144335329" timestamp="2023-11-22T17:21:04Z" user="asdfqwer51" uid="3350410" lat="35.0249752" lon="126.7995959"/>
 <node id="11369050671" visible="true" version="1" changeset="144335329" timestamp="2023-11-22T17:21:04Z" user="asdfqwer51" uid="3350410" lat="35.0249284" lon="126.7996233"/>
 <node id="11372883784" visible="true" version="1" changeset="144397454" timestamp="2023-11-24T08:19:48Z" user="asdfqwer51" uid="3350410" lat="35.0267972" lon="126.7908644"/>
 <node id="11372883785" visible="true" version="1" changeset="144397454" timestamp="2023-11-24T08:19:48Z" user="asdfqwer51" uid="3350410" lat="35.0266559" lon="126.7910756"/>
 <node id="11372883786" visible="true" version="1" changeset="144397454" timestamp="2023-11-24T08:19:48Z" user="asdfqwer51" uid="3350410" lat="35.0268968" lon="126.7907159"/>
 <node id="11372883787" visible="true" version="1" changeset="144397454" timestamp="2023-11-24T08:19:48Z" user="asdfqwer51" uid="3350410" lat="35.0274389" lon="126.7900829"/>
 <node id="11372883788" visible="true" version="1" changeset="144397454" timestamp="2023-11-24T08:19:48Z" user="asdfqwer51" uid="3350410" lat="35.0274849" lon="126.7899532"/>
 <node id="11372918360" visible="true" version="2" changeset="174046299" timestamp="2025-11-01T05:13:14Z" user="torisugari" uid="22158042" lat="35.0290602" lon="126.7906050">
  <tag k="bus" v="yes"/>
  <tag k="highway" v="bus_stop"/>
  <tag k="name" v="매성고"/>
  <tag k="name:en" v="Maeseong High School"/>
  <tag k="name:ko" v="매성고"/>
  <tag k="operator" v="나주시"/>
  <tag k="public_transport" v="platform"/>
  <tag k="ref" v="6634"/>
 </node>
 <node id="11372918361" visible="true" version="2" changeset="174046299" timestamp="2025-11-01T05:13:14Z" user="torisugari" uid="22158042" lat="35.0283959" lon="126.7902625">
  <tag k="bus" v="yes"/>
  <tag k="highway" v="bus_stop"/>
  <tag k="name" v="매성고"/>
  <tag k="name:en" v="Maeseong High School"/>
  <tag k="name:ko" v="매성고"/>
  <tag k="operator" v="나주시"/>
  <tag k="public_transport" v="platform"/>
 </node>
 <node id="12245217822" visible="true" version="1" changeset="157777877" timestamp="2024-10-12T01:57:04Z" user="FUKUTAN" uid="5207199" lat="35.0310426" lon="126.7898758"/>
 <node id="12492158462" visible="true" version="1" changeset="161234937" timestamp="2025-01-11T11:12:22Z" user="FUKUTAN" uid="5207199" lat="35.0285222" lon="126.7818969"/>
 <node id="12492158464" visible="true" version="1" changeset="161234937" timestamp="2025-01-11T11:12:22Z" user="FUKUTAN" uid="5207199" lat="35.0286384" lon="126.7813471"/>
 <node id="12686124838" visible="true" version="4" changeset="165710589" timestamp="2025-05-02T09:42:06Z" user="chiho_kang" uid="10604125" lat="35.0233366" lon="126.7903697">
  <tag k="addr:door" v="116"/>
  <tag k="branch" v="나주혁신도시 중흥점"/>
  <tag k="brand" v="크린토피아"/>
  <tag k="brand:en" v="Cleantopia"/>
  <tag k="contact:instagram" v="cleantopia_official"/>
  <tag k="level" v="1"/>
  <tag k="name" v="크린토피아"/>
  <tag k="name:en" v="Cleantopia"/>
  <tag k="name:ko" v="크린토피아"/>
  <tag k="opening_hours" v="Mo-Su 9:30-20:00"/>
  <tag k="operator" v="크린토피아"/>
  <tag k="payment:american_express" v="yes"/>
  <tag k="payment:cash" v="yes"/>
  <tag k="payment:diners_club" v="yes"/>
  <tag k="payment:discover_card" v="yes"/>
  <tag k="payment:jcb" v="yes"/>
  <tag k="payment:maestro" v="no"/>
  <tag k="payment:mastercard" v="yes"/>
  <tag k="payment:telephone_cards" v="no"/>
  <tag k="payment:unionpay" v="yes"/>
  <tag k="payment:visa" v="yes"/>
  <tag k="phone" v="+82 61 333 2599"/>
  <tag k="self_service" v="yes"/>
  <tag k="shop" v="laundry"/>
  <tag k="website" v="https://www.cleantopia.com/"/>
 </node>
 <node id="12686144247" visible="true" version="2" changeset="163971755" timestamp="2025-03-23T05:18:51Z" user="chiho_kang" uid="10604125" lat="35.0239734" lon="126.7915854">
  <tag k="addr:city" v="나주시"/>
  <tag k="addr:housename" v="상가동"/>
  <tag k="addr:housenumber" v="103"/>
  <tag k="addr:postcode" v="58217"/>
  <tag k="addr:province" v="전라남도"/>
  <tag k="addr:street" v="우정로"/>
  <tag k="addr:subdistrict" v="빛가람동"/>
  <tag k="name" v="중앙퍼크로세탁"/>
  <tag k="shop" v="laundry"/>
 </node>
 <node id="12686155117" visible="true" version="2" changeset="163971755" timestamp="2025-03-23T05:18:51Z" user="chiho_kang" uid="10604125" lat="35.0226756" lon="126.7912550">
  <tag k="addr:city" v="나주시"/>
  <tag k="addr:housenumber" v="22"/>
  <tag k="addr:postcode" v="58217"/>
  <tag k="addr:province" v="전라남도"/>
  <tag k="addr:street" v="상야4길"/>
  <tag k="addr:subdistrict" v="빛가람동"/>
  <tag k="addr:unit" v="315호"/>
  <tag k="name" v="쏘이살롱"/>
  <tag k="opening_hours" v="10:00 - 20:00"/>
  <tag k="phone" v="0507-1373-3115"/>
  <tag k="shop" v="hairdresser"/>
 </node>
 <node id="12686160420" visible="true" version="2" changeset="163971755" timestamp="2025-03-23T05:18:51Z" user="chiho_kang" uid="10604125" lat="35.0229056" lon="126.7911797">
  <tag k="addr:city" v="나주시"/>
  <tag k="addr:housenumber" v="22"/>
  <tag k="addr:postcode" v="58217"/>
  <tag k="addr:province" v="전라남도"/>
  <tag k="addr:street" v="상야4길"/>
  <tag k="addr:subdistrict" v="빛가람동"/>
  <tag k="addr:unit" v="134호"/>
  <tag k="name" v="햄썸맨즈"/>
  <tag k="opening_hours" v="09:00 - 21:00"/>
  <tag k="phone" v="061-336-7060"/>
  <tag k="shop" v="hairdresser"/>
 </node>
 <node id="12686167605" visible="true" version="3" changeset="165710589" timestamp="2025-05-02T09:42:06Z" user="chiho_kang" uid="10604125" lat="35.0239347" lon="126.7907951">
  <tag k="addr:city" v="나주시"/>
  <tag k="addr:door" v="106"/>
  <tag k="addr:housenumber" v="101"/>
  <tag k="addr:postcode" v="58217"/>
  <tag k="addr:province" v="전라남도"/>
  <tag k="addr:street" v="우정로"/>
  <tag k="addr:subdistrict" v="빛가람동"/>
  <tag k="name" v="매직크리닝"/>
  <tag k="opening_hours" v="08:30 - 21:30"/>
  <tag k="shop" v="laundry"/>
 </node>
 <node id="12700990031" visible="true" version="1" changeset="164103601" timestamp="2025-03-26T03:07:38Z" user="LuxuryCoop" uid="7245212" lat="35.0226629" lon="126.7902292"/>
 <node id="12700990032" visible="true" version="1" changeset="164103601" timestamp="2025-03-26T03:07:38Z" user="LuxuryCoop" uid="7245212" lat="35.0226636" lon="126.7905749"/>
 <node id="12700990033" visible="true" version="1" changeset="164103601" timestamp="2025-03-26T03:07:38Z" user="LuxuryCoop" uid="7245212" lat="35.0231827" lon="126.7905733"/>
 <node id="12700990034" visible="true" version="1" changeset="164103601" timestamp="2025-03-26T03:07:38Z" user="LuxuryCoop" uid="7245212" lat="35.0231820" lon="126.7902276"/>
 <node id="12700990035" visible="true" version="1" changeset="164103601" timestamp="2025-03-26T03:07:38Z" user="LuxuryCoop" uid="7245212" lat="35.0229423" lon="126.7903913"/>
 <node id="12700990036" visible="true" version="1" changeset="164103601" timestamp="2025-03-26T03:07:38Z" user="LuxuryCoop" uid="7245212" lat="35.0229421" lon="126.7903265"/>
 <node id="12700990037" visible="true" version="1" changeset="164103601" timestamp="2025-03-26T03:07:38Z" user="LuxuryCoop" uid="7245212" lat="35.0228728" lon="126.7903268"/>
 <node id="12700990038" visible="true" version="1" changeset="164103601" timestamp="2025-03-26T03:07:38Z" user="LuxuryCoop" uid="7245212" lat="35.0228730" lon="126.7903916"/>
 <node id="12700990039" visible="true" version="1" changeset="164103601" timestamp="2025-03-26T03:07:38Z" user="LuxuryCoop" uid="7245212" lat="35.0229425" lon="126.7904674"/>
 <node id="12700990040" visible="true" version="1" changeset="164103601" timestamp="2025-03-26T03:07:38Z" user="LuxuryCoop" uid="7245212" lat="35.0229424" lon="126.7904026"/>
 <node id="12700990041" visible="true" version="1" changeset="164103601" timestamp="2025-03-26T03:07:38Z" user="LuxuryCoop" uid="7245212" lat="35.0228730" lon="126.7904029"/>
 <node id="12700990042" visible="true" version="1" changeset="164103601" timestamp="2025-03-26T03:07:38Z" user="LuxuryCoop" uid="7245212" lat="35.0228732" lon="126.7904677"/>
 <node id="12700990043" visible="true" version="1" changeset="164103601" timestamp="2025-03-26T03:07:38Z" user="LuxuryCoop" uid="7245212" lat="35.0229561" lon="126.7904753"/>
 <node id="12700990044" visible="true" version="1" changeset="164103601" timestamp="2025-03-26T03:07:38Z" user="LuxuryCoop" uid="7245212" lat="35.0229557" lon="126.7903201"/>
 <node id="12700990045" visible="true" version="1" changeset="164103601" timestamp="2025-03-26T03:07:38Z" user="LuxuryCoop" uid="7245212" lat="35.0228456" lon="126.7903205"/>
 <node id="12700990046" visible="true" version="1" changeset="164103601" timestamp="2025-03-26T03:07:38Z" user="LuxuryCoop" uid="7245212" lat="35.0228459" lon="126.7904757"/>
 <node id="12700990047" visible="true" version="1" changeset="164103601" timestamp="2025-03-26T03:07:38Z" user="LuxuryCoop" uid="7245212" lat="35.0225485" lon="126.7901615"/>
 <node id="12700990048" visible="true" version="1" changeset="164103601" timestamp="2025-03-26T03:07:38Z" user="LuxuryCoop" uid="7245212" lat="35.0225495" lon="126.7906014"/>
 <node id="12700990049" visible="true" version="1" changeset="164103601" timestamp="2025-03-26T03:07:38Z" user="LuxuryCoop" uid="7245212" lat="35.0232817" lon="126.7905991"/>
 <node id="12700990050" visible="true" version="1" changeset="164103601" timestamp="2025-03-26T03:07:38Z" user="LuxuryCoop" uid="7245212" lat="35.0232808" lon="126.7901592"/>
 <node id="12700990051" visible="true" version="1" changeset="164103601" timestamp="2025-03-26T03:07:38Z" user="LuxuryCoop" uid="7245212" lat="35.0229658" lon="126.7891049"/>
 <node id="12700990052" visible="true" version="1" changeset="164103601" timestamp="2025-03-26T03:07:38Z" user="LuxuryCoop" uid="7245212" lat="35.0231986" lon="126.7891024"/>
 <node id="12700990053" visible="true" version="1" changeset="164103601" timestamp="2025-03-26T03:07:38Z" user="LuxuryCoop" uid="7245212" lat="35.0231952" lon="126.7886344"/>
 <node id="12700990054" visible="true" version="1" changeset="164103601" timestamp="2025-03-26T03:07:38Z" user="LuxuryCoop" uid="7245212" lat="35.0229623" lon="126.7886370"/>
 <node id="13127817101" visible="true" version="1" changeset="171629645" timestamp="2025-09-08T11:26:54Z" user="FUKUTAN" uid="5207199" lat="35.0277301" lon="126.8025734"/>
 <node id="13142587634" visible="true" version="1" changeset="171918325" timestamp="2025-09-14T13:36:20Z" user="FUKUTAN" uid="5207199" lat="35.0247819" lon="126.7893650"/>
 <node id="13142587635" visible="true" version="1" changeset="171918325" timestamp="2025-09-14T13:36:20Z" user="FUKUTAN" uid="5207199" lat="35.0247874" lon="126.7892993"/>
 <node id="13142587636" visible="true" version="1" changeset="171918325" timestamp="2025-09-14T13:36:20Z" user="FUKUTAN" uid="5207199" lat="35.0228780" lon="126.8010443"/>
 <node id="13142587637" visible="true" version="1" changeset="171918325" timestamp="2025-09-14T13:36:20Z" user="FUKUTAN" uid="5207199" lat="35.0225105" lon="126.7988812"/>
 <node id="13142587638" visible="true" version="1" changeset="171918325" timestamp="2025-09-14T13:36:20Z" user="FUKUTAN" uid="5207199" lat="35.0224532" lon="126.7984773"/>
 <node id="13142587639" visible="true" version="1" changeset="171918325" timestamp="2025-09-14T13:36:20Z" user="FUKUTAN" uid="5207199" lat="35.0224417" lon="126.7977003"/>
 <node id="13142587640" visible="true" version="1" changeset="171918325" timestamp="2025-09-14T13:36:20Z" user="FUKUTAN" uid="5207199" lat="35.0225614" lon="126.7991806">
  <tag k="highway" v="crossing"/>
 </node>
 <node id="13142587641" visible="true" version="1" changeset="171918325" timestamp="2025-09-14T13:36:20Z" user="FUKUTAN" uid="5207199" lat="35.0228099" lon="126.8006437">
  <tag k="highway" v="crossing"/>
 </node>
 <node id="13142587642" visible="true" version="1" changeset="171918325" timestamp="2025-09-14T13:36:20Z" user="FUKUTAN" uid="5207199" lat="35.0224451" lon="126.8011330"/>
 <node id="13142587643" visible="true" version="1" changeset="171918325" timestamp="2025-09-14T13:36:20Z" user="FUKUTAN" uid="5207199" lat="35.0224425" lon="126.7974120"/>
 <node id="13142587644" visible="true" version="1" changeset="171918325" timestamp="2025-09-14T13:36:20Z" user="FUKUTAN" uid="5207199" lat="35.0215500" lon="126.7975211"/>
 <node id="13142587645" visible="true" version="1" changeset="171918325" timestamp="2025-09-14T13:36:20Z" user="FUKUTAN" uid="5207199" lat="35.0218184" lon="126.7975177"/>
 <node id="13142587646" visible="true" version="1" changeset="171918325" timestamp="2025-09-14T13:36:20Z" user="FUKUTAN" uid="5207199" lat="35.0219350" lon="126.7975061"/>
 <node id="13142587647" visible="true" version="1" changeset="171918325" timestamp="2025-09-14T13:36:20Z" user="FUKUTAN" uid="5207199" lat="35.0220039" lon="126.7974990"/>
 <node id="13142587648" visible="true" version="1" changeset="171918325" timestamp="2025-09-14T13:36:20Z" user="FUKUTAN" uid="5207199" lat="35.0221071" lon="126.7974967"/>
 <node id="13142587649" visible="true" version="1" changeset="171918325" timestamp="2025-09-14T13:36:20Z" user="FUKUTAN" uid="5207199" lat="35.0224423" lon="126.7974944"/>
 <node id="13142587650" visible="true" version="1" changeset="171918325" timestamp="2025-09-14T13:36:20Z" user="FUKUTAN" uid="5207199" lat="35.0227095" lon="126.7974897"/>
 <node id="13142587651" visible="true" version="1" changeset="171918325" timestamp="2025-09-14T13:36:20Z" user="FUKUTAN" uid="5207199" lat="35.0228911" lon="126.7974804"/>
 <node id="13142587652" visible="true" version="1" changeset="171918325" timestamp="2025-09-14T13:36:20Z" user="FUKUTAN" uid="5207199" lat="35.0232353" lon="126.7974453"/>
 <node id="13142587653" visible="true" version="1" changeset="171918325" timestamp="2025-09-14T13:36:20Z" user="FUKUTAN" uid="5207199" lat="35.0233445" lon="126.7974352"/>
 <node id="13142595937" visible="true" version="1" changeset="171918484" timestamp="2025-09-14T13:39:45Z" user="FUKUTAN" uid="5207199" lat="35.0293343" lon="126.7891903"/>
 <node id="13142595938" visible="true" version="1" changeset="171918484" timestamp="2025-09-14T13:39:45Z" user="FUKUTAN" uid="5207199" lat="35.0289132" lon="126.7896893"/>
 <node id="13142595939" visible="true" version="1" changeset="171918484" timestamp="2025-09-14T13:39:45Z" user="FUKUTAN" uid="5207199" lat="35.0293874" lon="126.7893052"/>
 <node id="13142595944" visible="true" version="1" changeset="171918484" timestamp="2025-09-14T13:39:45Z" user="FUKUTAN" uid="5207199" lat="35.0289641" lon="126.7813162"/>
 <node id="13273395543" visible="true" version="1" changeset="174046299" timestamp="2025-11-01T05:13:14Z" user="torisugari" uid="22158042" lat="35.0289665" lon="126.7907069">
  <tag k="bus" v="yes"/>
  <tag k="name" v="매성고"/>
  <tag k="name:en" v="Maeseong High School"/>
  <tag k="operator" v="나주시"/>
  <tag k="public_transport" v="stop_position"/>
 </node>
 <node id="13273395544" visible="true" version="1" changeset="174046299" timestamp="2025-11-01T05:13:14Z" user="torisugari" uid="22158042" lat="35.0285081" lon="126.7901231">
  <tag k="bus" v="yes"/>
  <tag k="name" v="매성고"/>
  <tag k="name:en" v="Maeseong High School"/>
  <tag k="operator" v="나주시"/>
  <tag k="public_transport" v="stop_position"/>
 </node>
 <node id="13273395545" visible="true" version="1" changeset="174046299" timestamp="2025-11-01T05:13:14Z" user="torisugari" uid="22158042" lat="35.0251232" lon="126.7931319">
  <tag k="bus" v="yes"/>
  <tag k="name" v="한빛1교"/>
  <tag k="name:en" v="Hanbit 1 Bridge"/>
  <tag k="operator" v="나주시"/>
  <tag k="public_transport" v="stop_position"/>
 </node>
 <node id="13273395546" visible="true" version="1" changeset="174046299" timestamp="2025-11-01T05:13:14Z" user="torisugari" uid="22158042" lat="35.0253379" lon="126.7929106">
  <tag k="bus" v="yes"/>
  <tag k="name" v="한빛1교"/>
  <tag k="name:en" v="Hanbit 1 Bridge"/>
  <tag k="operator" v="나주시"/>
  <tag k="public_transport" v="stop_position"/>
 </node>
 <node id="13273395547" visible="true" version="1" changeset="174046299" timestamp="2025-11-01T05:13:14Z" user="torisugari" uid="22158042" lat="35.0226965" lon="126.7942596">
  <tag k="bus" v="yes"/>
  <tag k="name" v="국립전파연구원"/>
  <tag k="name:en" v="National Radio Research Agency"/>
  <tag k="operator" v="나주시"/>
  <tag k="public_transport" v="stop_position"/>
 </node>
 <node id="13273395548" visible="true" version="1" changeset="174046299" timestamp="2025-11-01T05:13:14Z" user="torisugari" uid="22158042" lat="35.0205379" lon="126.7942797">
  <tag k="bus" v="yes"/>
  <tag k="name" v="전파진흥원"/>
  <tag k="name:en" v="Korea Communications Agency"/>
  <tag k="operator" v="나주시"/>
  <tag k="public_transport" v="stop_position"/>
 </node>
 <node id="13273395549" visible="true" version="1" changeset="174046299" timestamp="2025-11-01T05:13:14Z" user="torisugari" uid="22158042" lat="35.0206633" lon="126.7942807">
  <tag k="bus" v="yes"/>
  <tag k="name" v="전파진흥원"/>
  <tag k="name:en" v="Korea Communications Agency"/>
  <tag k="operator" v="나주시"/>
  <tag k="public_transport" v="stop_position"/>
 </node>
 <node id="13273395550" visible="true" version="1" changeset="174046299" timestamp="2025-11-01T05:13:14Z" user="torisugari" uid="22158042" lat="35.0236808" lon="126.8007413">
  <tag k="bus" v="yes"/>
  <tag k="name" v="빛가람종합병원"/>
  <tag k="name:en" v="Bitgaram Hospital"/>
  <tag k="operator" v="나주시"/>
  <tag k="public_transport" v="stop_position"/>
 </node>
 <node id="13273395551" visible="true" version="1" changeset="174046299" timestamp="2025-11-01T05:13:14Z" user="torisugari" uid="22158042" lat="35.0233655" lon="126.8008869">
  <tag k="bus" v="yes"/>
  <tag k="name" v="빛가람종합병원"/>
  <tag k="name:en" v="Bitgaram Hospital"/>
  <tag k="operator" v="나주시"/>
  <tag k="public_transport" v="stop_position"/>
 </node>
 <node id="13273395552" visible="true" version="2" changeset="176319095" timestamp="2025-12-23T17:30:15Z" user="aaei924" uid="10626814" lat="35.0211356" lon="126.7976263">
  <tag k="bus" v="yes"/>
  <tag k="name" v="실감미디어센터"/>
  <tag k="name:en" v="Immersive Media Center"/>
  <tag k="operator" v="나주시"/>
  <tag k="public_transport" v="stop_position"/>
 </node>
 <node id="13273395553" visible="true" version="2" changeset="176319095" timestamp="2025-12-23T17:30:15Z" user="aaei924" uid="10626814" lat="35.0212625" lon="126.7969155">
  <tag k="bus" v="yes"/>
  <tag k="name" v="실감미디어센터"/>
  <tag k="name:en" v="KEPCO KDN"/>
  <tag k="operator" v="나주시"/>
  <tag k="public_transport" v="stop_position"/>
 </node>
 <node id="13273395554" visible="true" version="4" changeset="176319095" timestamp="2025-12-23T17:30:15Z" user="aaei924" uid="10626814" lat="35.0212406" lon="126.7826803">
  <tag k="bus" v="yes"/>
  <tag k="name" v="한전KDN"/>
  <tag k="name:en" v="KEPCO KDN"/>
  <tag k="operator" v="나주시"/>
  <tag k="public_transport" v="stop_position"/>
 </node>
 <node id="13273395555" visible="true" version="2" changeset="176319095" timestamp="2025-12-23T17:30:15Z" user="aaei924" uid="10626814" lat="35.0211277" lon="126.7899175"/>
 <node id="13273395556" visible="true" version="2" changeset="176319095" timestamp="2025-12-23T17:30:15Z" user="aaei924" uid="10626814" lat="35.0211187" lon="126.7821358">
  <tag k="bus" v="yes"/>
  <tag k="name" v="문화예술위원회"/>
  <tag k="name:en" v="Arts Council Korea"/>
  <tag k="operator" v="나주시"/>
  <tag k="public_transport" v="stop_position"/>
 </node>
 <node id="13273395557" visible="true" version="2" changeset="176319095" timestamp="2025-12-23T17:30:15Z" user="aaei924" uid="10626814" lat="35.0212548" lon="126.7792714">
  <tag k="bus" v="yes"/>
  <tag k="name" v="전력거래소(KPX)"/>
  <tag k="name:en" v="Korea Power Exchange (KPX)"/>
  <tag k="operator" v="나주시"/>
  <tag k="public_transport" v="stop_position"/>
 </node>
 <node id="13273395558" visible="true" version="2" changeset="176319095" timestamp="2025-12-23T17:30:15Z" user="aaei924" uid="10626814" lat="35.0216197" lon="126.7780622">
  <tag k="bus" v="yes"/>
  <tag k="name" v="한국농촌경제연구원"/>
  <tag k="name:en" v="Korea Rural Economic Institute"/>
  <tag k="operator" v="나주시"/>
  <tag k="public_transport" v="stop_position"/>
 </node>
 <node id="13375536134" visible="true" version="1" changeset="175910622" timestamp="2025-12-14T08:55:57Z" user="FUKUTAN" uid="5207199" lat="35.0279793" lon="126.7930081"/>
 <node id="13375536135" visible="true" version="2" changeset="185391201" timestamp="2026-07-09T07:54:27Z" user="samdasooooooo" uid="14457606" lat="35.0285021" lon="126.7927250"/>
 <node id="13398101028" visible="true" version="1" changeset="176319095" timestamp="2025-12-23T17:30:15Z" user="aaei924" uid="10626814" lat="35.0212603" lon="126.7992436"/>
 <node id="13398101029" visible="true" version="1" changeset="176319095" timestamp="2025-12-23T17:30:15Z" user="aaei924" uid="10626814" lat="35.0228512" lon="126.8054815"/>
 <node id="13398101030" visible="true" version="1" changeset="176319095" timestamp="2025-12-23T17:30:15Z" user="aaei924" uid="10626814" lat="35.0224878" lon="126.8045343"/>
 <node id="13398101031" visible="true" version="1" changeset="176319095" timestamp="2025-12-23T17:30:15Z" user="aaei924" uid="10626814" lat="35.0223244" lon="126.8042106"/>
 <node id="13398101032" visible="true" version="1" changeset="176319095" timestamp="2025-12-23T17:30:15Z" user="aaei924" uid="10626814" lat="35.0218605" lon="126.8034066">
  <tag k="highway" v="traffic_signals"/>
  <tag k="traffic_signals" v="signal"/>
 </node>
 <node id="13398101033" visible="true" version="1" changeset="176319095" timestamp="2025-12-23T17:30:15Z" user="aaei924" uid="10626814" lat="35.0217772" lon="126.8032313"/>
 <node id="13398101034" visible="true" version="1" changeset="176319095" timestamp="2025-12-23T17:30:15Z" user="aaei924" uid="10626814" lat="35.0216055" lon="126.8027883"/>
 <node id="13398101035" visible="true" version="1" changeset="176319095" timestamp="2025-12-23T17:30:15Z" user="aaei924" uid="10626814" lat="35.0215266" lon="126.8025030"/>
 <node id="13398101036" visible="true" version="1" changeset="176319095" timestamp="2025-12-23T17:30:15Z" user="aaei924" uid="10626814" lat="35.0214436" lon="126.8021514"/>
 <node id="13398101037" visible="true" version="1" changeset="176319095" timestamp="2025-12-23T17:30:15Z" user="aaei924" uid="10626814" lat="35.0213687" lon="126.8018185"/>
 <node id="13398101038" visible="true" version="1" changeset="176319095" timestamp="2025-12-23T17:30:15Z" user="aaei924" uid="10626814" lat="35.0213071" lon="126.8014124"/>
 <node id="13398101039" visible="true" version="1" changeset="176319095" timestamp="2025-12-23T17:30:15Z" user="aaei924" uid="10626814" lat="35.0212714" lon="126.8011558">
  <tag k="highway" v="traffic_signals"/>
  <tag k="traffic_signals" v="signal"/>
 </node>
 <node id="13398101040" visible="true" version="1" changeset="176319095" timestamp="2025-12-23T17:30:15Z" user="aaei924" uid="10626814" lat="35.0212645" lon="126.7942902">
  <tag k="highway" v="traffic_signals"/>
  <tag k="traffic_signals" v="signal"/>
 </node>
 <node id="13398101041" visible="true" version="1" changeset="176319095" timestamp="2025-12-23T17:30:15Z" user="aaei924" uid="10626814" lat="35.0212544" lon="126.7940139"/>
 <node id="13398101042" visible="true" version="1" changeset="176319095" timestamp="2025-12-23T17:30:15Z" user="aaei924" uid="10626814" lat="35.0212523" lon="126.7911692"/>
 <node id="13398101043" visible="true" version="1" changeset="176319095" timestamp="2025-12-23T17:30:15Z" user="aaei924" uid="10626814" lat="35.0212552" lon="126.7909830">
  <tag k="highway" v="traffic_signals"/>
  <tag k="traffic_signals" v="signal"/>
 </node>
 <node id="13398101044" visible="true" version="1" changeset="176319095" timestamp="2025-12-23T17:30:15Z" user="aaei924" uid="10626814" lat="35.0212385" lon="126.7814802"/>
 <node id="13398101045" visible="true" version="1" changeset="176319095" timestamp="2025-12-23T17:30:15Z" user="aaei924" uid="10626814" lat="35.0211095" lon="126.7826679"/>
 <node id="13398101046" visible="true" version="1" changeset="176319095" timestamp="2025-12-23T17:30:15Z" user="aaei924" uid="10626814" lat="35.0212446" lon="126.7849529">
  <tag k="highway" v="traffic_signals"/>
  <tag k="traffic_signals" v="signal"/>
 </node>
 <node id="13398101047" visible="true" version="1" changeset="176319095" timestamp="2025-12-23T17:30:15Z" user="aaei924" uid="10626814" lat="35.0212504" lon="126.7882560">
  <tag k="highway" v="traffic_signals"/>
  <tag k="traffic_signals" v="signal"/>
 </node>
 <node id="13398101048" visible="true" version="1" changeset="176319095" timestamp="2025-12-23T17:30:15Z" user="aaei924" uid="10626814" lat="35.0212444" lon="126.7893393"/>
 <node id="13398101049" visible="true" version="1" changeset="176319095" timestamp="2025-12-23T17:30:15Z" user="aaei924" uid="10626814" lat="35.0212505" lon="126.7899008"/>
 <node id="13398101050" visible="true" version="1" changeset="176319095" timestamp="2025-12-23T17:30:15Z" user="aaei924" uid="10626814" lat="35.0212564" lon="126.7806951"/>
 <node id="13398101051" visible="true" version="1" changeset="176319095" timestamp="2025-12-23T17:30:15Z" user="aaei924" uid="10626814" lat="35.0212813" lon="126.7802785"/>
 <node id="13398101052" visible="true" version="1" changeset="176319095" timestamp="2025-12-23T17:30:15Z" user="aaei924" uid="10626814" lat="35.0213210" lon="126.7798199"/>
 <node id="13398101053" visible="true" version="1" changeset="176319095" timestamp="2025-12-23T17:30:15Z" user="aaei924" uid="10626814" lat="35.0213734" lon="126.7794313"/>
 <node id="13398101054" visible="true" version="1" changeset="176319095" timestamp="2025-12-23T17:30:15Z" user="aaei924" uid="10626814" lat="35.0214662" lon="126.7788102">
  <tag k="highway" v="traffic_signals"/>
  <tag k="traffic_signals" v="signal"/>
 </node>
 <node id="13398101055" visible="true" version="1" changeset="176319095" timestamp="2025-12-23T17:30:15Z" user="aaei924" uid="10626814" lat="35.0216088" lon="126.7774110"/>
 <node id="13398101056" visible="true" version="1" changeset="176319095" timestamp="2025-12-23T17:30:15Z" user="aaei924" uid="10626814" lat="35.0217457" lon="126.7774328"/>
 <node id="13407992868" visible="true" version="1" changeset="176418660" timestamp="2025-12-26T04:55:40Z" user="Pan_Nug" uid="17280926" lat="35.0295535" lon="126.7931896"/>
 <node id="13655369663" visible="true" version="1" changeset="180016244" timestamp="2026-03-17T16:13:21Z" user="야광멧돼지" uid="12393144" lat="35.0221083" lon="126.7889045"/>
 <node id="13655369664" visible="true" version="1" changeset="180016244" timestamp="2026-03-17T16:13:21Z" user="야광멧돼지" uid="12393144" lat="35.0217533" lon="126.7889013"/>
 <node id="13655369665" visible="true" version="1" changeset="180016244" timestamp="2026-03-17T16:13:21Z" user="야광멧돼지" uid="12393144" lat="35.0217557" lon="126.7884851"/>
 <node id="13655369666" visible="true" version="1" changeset="180016244" timestamp="2026-03-17T16:13:21Z" user="야광멧돼지" uid="12393144" lat="35.0213859" lon="126.7884819"/>
 <node id="13655369667" visible="true" version="1" changeset="180016244" timestamp="2026-03-17T16:13:21Z" user="야광멧돼지" uid="12393144" lat="35.0213835" lon="126.7889016"/>
 <node id="13655369668" visible="true" version="1" changeset="180016244" timestamp="2026-03-17T16:13:21Z" user="야광멧돼지" uid="12393144" lat="35.0214817" lon="126.7889025"/>
 <node id="13655369669" visible="true" version="1" changeset="180016244" timestamp="2026-03-17T16:13:21Z" user="야광멧돼지" uid="12393144" lat="35.0215169" lon="126.7889374"/>
 <node id="13655369670" visible="true" version="1" changeset="180016244" timestamp="2026-03-17T16:13:21Z" user="야광멧돼지" uid="12393144" lat="35.0215366" lon="126.7889803"/>
 <node id="13655369671" visible="true" version="1" changeset="180016244" timestamp="2026-03-17T16:13:21Z" user="야광멧돼지" uid="12393144" lat="35.0215347" lon="126.7893050"/>
 <node id="13655369672" visible="true" version="1" changeset="180016244" timestamp="2026-03-17T16:13:21Z" user="야광멧돼지" uid="12393144" lat="35.0221059" lon="126.7893102"/>
 <node id="13895216072" visible="true" version="2" changeset="183726681" timestamp="2026-06-06T08:12:23Z" user="mueschel" uid="616774" lat="35.0229500" lon="126.7976200">
  <tag k="check_date" v="2025-10-24"/>
  <tag k="count" v="1"/>
  <tag k="man_made" v="surveillance"/>
  <tag k="operator" v="나주시청"/>
  <tag k="operator:phone" v="+82 61 339 4705"/>
  <tag k="surveillance" v="public"/>
  <tag k="surveillance:purpose" v="다목적"/>
  <tag k="surveillance:type" v="camera"/>
 </node>
 <node id="13895216745" visible="true" version="2" changeset="183726681" timestamp="2026-06-06T08:12:23Z" user="mueschel" uid="616774" lat="35.0210900" lon="126.7976300">
  <tag k="check_date" v="2025-10-24"/>
  <tag k="count" v="1"/>
  <tag k="man_made" v="surveillance"/>
  <tag k="operator" v="나주시청"/>
  <tag k="operator:phone" v="+82 61 339 4705"/>
  <tag k="surveillance" v="public"/>
  <tag k="surveillance:purpose" v="다목적"/>
  <tag k="surveillance:type" v="camera"/>
 </node>
 <node id="13895216787" visible="true" version="2" changeset="183726681" timestamp="2026-06-06T08:12:23Z" user="mueschel" uid="616774" lat="35.0254500" lon="126.7969600">
  <tag k="check_date" v="2025-10-24"/>
  <tag k="count" v="1"/>
  <tag k="man_made" v="surveillance"/>
  <tag k="operator" v="나주시청"/>
  <tag k="operator:phone" v="+82 61 339 4705"/>
  <tag k="surveillance" v="public"/>
  <tag k="surveillance:purpose" v="다목적"/>
  <tag k="surveillance:type" v="camera"/>
 </node>
 <node id="13895216789" visible="true" version="2" changeset="183726681" timestamp="2026-06-06T08:12:23Z" user="mueschel" uid="616774" lat="35.0278500" lon="126.7925300">
  <tag k="check_date" v="2025-10-24"/>
  <tag k="count" v="1"/>
  <tag k="man_made" v="surveillance"/>
  <tag k="operator" v="나주시청"/>
  <tag k="operator:phone" v="+82 61 339 4705"/>
  <tag k="surveillance" v="public"/>
  <tag k="surveillance:purpose" v="다목적"/>
  <tag k="surveillance:type" v="camera"/>
 </node>
 <node id="13895216812" visible="true" version="2" changeset="183726681" timestamp="2026-06-06T08:12:23Z" user="mueschel" uid="616774" lat="35.0201200" lon="126.7925000">
  <tag k="check_date" v="2025-10-24"/>
  <tag k="count" v="1"/>
  <tag k="man_made" v="surveillance"/>
  <tag k="operator" v="나주시청"/>
  <tag k="operator:phone" v="+82 61 339 4705"/>
  <tag k="surveillance" v="public"/>
  <tag k="surveillance:purpose" v="다목적"/>
  <tag k="surveillance:type" v="camera"/>
 </node>
 <node id="13895216835" visible="true" version="2" changeset="183726681" timestamp="2026-06-06T08:12:23Z" user="mueschel" uid="616774" lat="35.0227900" lon="126.7943600">
  <tag k="check_date" v="2025-10-24"/>
  <tag k="count" v="1"/>
  <tag k="man_made" v="surveillance"/>
  <tag k="operator" v="나주시청"/>
  <tag k="operator:phone" v="+82 61 339 4705"/>
  <tag k="surveillance" v="public"/>
  <tag k="surveillance:purpose" v="다목적"/>
  <tag k="surveillance:type" v="camera"/>
 </node>
 <node id="13895216869" visible="true" version="2" changeset="183726681" timestamp="2026-06-06T08:12:23Z" user="mueschel" uid="616774" lat="35.0287200" lon="126.7902300">
  <tag k="check_date" v="2025-10-24"/>
  <tag k="count" v="1"/>
  <tag k="man_made" v="surveillance"/>
  <tag k="operator" v="나주시청"/>
  <tag k="operator:phone" v="+82 61 339 4705"/>
  <tag k="surveillance" v="public"/>
  <tag k="surveillance:purpose" v="다목적"/>
  <tag k="surveillance:type" v="camera"/>
 </node>
 <node id="13895216892" visible="true" version="2" changeset="183726681" timestamp="2026-06-06T08:12:23Z" user="mueschel" uid="616774" lat="35.0217500" lon="126.7978100">
  <tag k="check_date" v="2025-10-24"/>
  <tag k="count" v="1"/>
  <tag k="man_made" v="surveillance"/>
  <tag k="operator" v="나주시청"/>
  <tag k="operator:phone" v="+82 61 339 4705"/>
  <tag k="surveillance" v="public"/>
  <tag k="surveillance:purpose" v="다목적"/>
  <tag k="surveillance:type" v="camera"/>
 </node>
 <node id="13895216940" visible="true" version="2" changeset="183726685" timestamp="2026-06-06T08:12:25Z" user="mueschel" uid="616774" lat="35.0283500" lon="126.7938700">
  <tag k="check_date" v="2025-10-24"/>
  <tag k="count" v="1"/>
  <tag k="man_made" v="surveillance"/>
  <tag k="operator" v="나주시청"/>
  <tag k="operator:phone" v="+82 61 339 4705"/>
  <tag k="surveillance" v="public"/>
  <tag k="surveillance:purpose" v="다목적"/>
  <tag k="surveillance:type" v="camera"/>
 </node>
 <node id="13895216959" visible="true" version="2" changeset="183726685" timestamp="2026-06-06T08:12:25Z" user="mueschel" uid="616774" lat="35.0206300" lon="126.7915900">
  <tag k="check_date" v="2025-10-24"/>
  <tag k="count" v="1"/>
  <tag k="man_made" v="surveillance"/>
  <tag k="operator" v="나주시청"/>
  <tag k="operator:phone" v="+82 61 339 4705"/>
  <tag k="surveillance" v="public"/>
  <tag k="surveillance:purpose" v="다목적"/>
  <tag k="surveillance:type" v="camera"/>
 </node>
 <node id="13895216969" visible="true" version="2" changeset="183726685" timestamp="2026-06-06T08:12:25Z" user="mueschel" uid="616774" lat="35.0298700" lon="126.7929900">
  <tag k="check_date" v="2025-10-24"/>
  <tag k="count" v="1"/>
  <tag k="man_made" v="surveillance"/>
  <tag k="operator" v="나주시청"/>
  <tag k="operator:phone" v="+82 61 339 4705"/>
  <tag k="surveillance" v="public"/>
  <tag k="surveillance:purpose" v="다목적"/>
  <tag k="surveillance:type" v="camera"/>
 </node>
 <node id="13895216995" visible="true" version="2" changeset="183726685" timestamp="2026-06-06T08:12:25Z" user="mueschel" uid="616774" lat="35.0293400" lon="126.7952100">
  <tag k="check_date" v="2025-10-24"/>
  <tag k="count" v="1"/>
  <tag k="man_made" v="surveillance"/>
  <tag k="operator" v="나주시청"/>
  <tag k="operator:phone" v="+82 61 339 4705"/>
  <tag k="surveillance" v="public"/>
  <tag k="surveillance:purpose" v="다목적"/>
  <tag k="surveillance:type" v="camera"/>
 </node>
 <node id="13895217011" visible="true" version="2" changeset="183726685" timestamp="2026-06-06T08:12:25Z" user="mueschel" uid="616774" lat="35.0212500" lon="126.7899300">
  <tag k="check_date" v="2025-10-24"/>
  <tag k="count" v="1"/>
  <tag k="man_made" v="surveillance"/>
  <tag k="operator" v="나주시청"/>
  <tag k="operator:phone" v="+82 61 339 4705"/>
  <tag k="surveillance" v="public"/>
  <tag k="surveillance:purpose" v="다목적"/>
  <tag k="surveillance:type" v="camera"/>
 </node>
 <node id="13895217032" visible="true" version="2" changeset="183726685" timestamp="2026-06-06T08:12:25Z" user="mueschel" uid="616774" lat="35.0261000" lon="126.7984700">
  <tag k="check_date" v="2025-10-24"/>
  <tag k="count" v="1"/>
  <tag k="man_made" v="surveillance"/>
  <tag k="operator" v="나주시청"/>
  <tag k="operator:phone" v="+82 61 339 4705"/>
  <tag k="surveillance" v="public"/>
  <tag k="surveillance:purpose" v="다목적"/>
  <tag k="surveillance:type" v="camera"/>
 </node>
 <node id="13895217059" visible="true" version="2" changeset="183726685" timestamp="2026-06-06T08:12:25Z" user="mueschel" uid="616774" lat="35.0280700" lon="126.7894900">
  <tag k="check_date" v="2025-10-24"/>
  <tag k="count" v="1"/>
  <tag k="man_made" v="surveillance"/>
  <tag k="operator" v="나주시청"/>
  <tag k="operator:phone" v="+82 61 339 4705"/>
  <tag k="surveillance" v="public"/>
  <tag k="surveillance:purpose" v="다목적"/>
  <tag k="surveillance:type" v="camera"/>
 </node>
 <node id="13895217071" visible="true" version="2" changeset="183726685" timestamp="2026-06-06T08:12:25Z" user="mueschel" uid="616774" lat="35.0211200" lon="126.7909000">
  <tag k="check_date" v="2025-10-24"/>
  <tag k="count" v="1"/>
  <tag k="man_made" v="surveillance"/>
  <tag k="operator" v="나주시청"/>
  <tag k="operator:phone" v="+82 61 339 4705"/>
  <tag k="surveillance" v="public"/>
  <tag k="surveillance:purpose" v="다목적"/>
  <tag k="surveillance:type" v="camera"/>
 </node>
 <node id="13895217074" visible="true" version="2" changeset="183726685" timestamp="2026-06-06T08:12:25Z" user="mueschel" uid="616774" lat="35.0212500" lon="126.7991400">
  <tag k="check_date" v="2025-10-24"/>
  <tag k="count" v="1"/>
  <tag k="man_made" v="surveillance"/>
  <tag k="operator" v="나주시청"/>
  <tag k="operator:phone" v="+82 61 339 4705"/>
  <tag k="surveillance" v="public"/>
  <tag k="surveillance:purpose" v="다목적"/>
  <tag k="surveillance:type" v="camera"/>
 </node>
 <node id="13895217087" visible="true" version="2" changeset="183726685" timestamp="2026-06-06T08:12:25Z" user="mueschel" uid="616774" lat="35.0217100" lon="126.7934200">
  <tag k="check_date" v="2025-10-24"/>
  <tag k="count" v="1"/>
  <tag k="man_made" v="surveillance"/>
  <tag k="operator" v="나주시청"/>
  <tag k="operator:phone" v="+82 61 339 4705"/>
  <tag k="surveillance" v="public"/>
  <tag k="surveillance:purpose" v="다목적"/>
  <tag k="surveillance:type" v="camera"/>
 </node>
 <node id="13895217113" visible="true" version="2" changeset="183726685" timestamp="2026-06-06T08:12:25Z" user="mueschel" uid="616774" lat="35.0207000" lon="126.7898600">
  <tag k="check_date" v="2025-10-24"/>
  <tag k="count" v="1"/>
  <tag k="man_made" v="surveillance"/>
  <tag k="operator" v="나주시청"/>
  <tag k="operator:phone" v="+82 61 339 4705"/>
  <tag k="surveillance" v="public"/>
  <tag k="surveillance:purpose" v="다목적"/>
  <tag k="surveillance:type" v="camera"/>
 </node>
 <node id="13895217115" visible="true" version="2" changeset="183726685" timestamp="2026-06-06T08:12:25Z" user="mueschel" uid="616774" lat="35.0247900" lon="126.7981300">
  <tag k="check_date" v="2025-10-24"/>
  <tag k="count" v="1"/>
  <tag k="man_made" v="surveillance"/>
  <tag k="operator" v="나주시청"/>
  <tag k="operator:phone" v="+82 61 339 4705"/>
  <tag k="surveillance" v="public"/>
  <tag k="surveillance:purpose" v="다목적"/>
  <tag k="surveillance:type" v="camera"/>
 </node>
 <node id="13895217227" visible="true" version="2" changeset="183726685" timestamp="2026-06-06T08:12:25Z" user="mueschel" uid="616774" lat="35.0268900" lon="126.7911900">
  <tag k="check_date" v="2025-10-24"/>
  <tag k="count" v="1"/>
  <tag k="man_made" v="surveillance"/>
  <tag k="operator" v="나주시청"/>
  <tag k="operator:phone" v="+82 61 339 4705"/>
  <tag k="surveillance" v="public"/>
  <tag k="surveillance:purpose" v="다목적"/>
  <tag k="surveillance:type" v="camera"/>
 </node>
 <node id="13895217229" visible="true" version="2" changeset="183726685" timestamp="2026-06-06T08:12:25Z" user="mueschel" uid="616774" lat="35.0258700" lon="126.7962900">
  <tag k="check_date" v="2025-10-24"/>
  <tag k="count" v="1"/>
  <tag k="man_made" v="surveillance"/>
  <tag k="operator" v="나주시청"/>
  <tag k="operator:phone" v="+82 61 339 4705"/>
  <tag k="surveillance" v="public"/>
  <tag k="surveillance:purpose" v="다목적"/>
  <tag k="surveillance:type" v="camera"/>
 </node>
 <node id="13895217252" visible="true" version="2" changeset="183726685" timestamp="2026-06-06T08:12:25Z" user="mueschel" uid="616774" lat="35.0236600" lon="126.7910900">
  <tag k="check_date" v="2025-10-24"/>
  <tag k="count" v="1"/>
  <tag k="man_made" v="surveillance"/>
  <tag k="operator" v="나주시청"/>
  <tag k="operator:phone" v="+82 61 339 4705"/>
  <tag k="surveillance" v="public"/>
  <tag k="surveillance:purpose" v="다목적"/>
  <tag k="surveillance:type" v="camera"/>
 </node>
 <node id="13895217315" visible="true" version="2" changeset="183726685" timestamp="2026-06-06T08:12:25Z" user="mueschel" uid="616774" lat="35.0286000" lon="126.7978800">
  <tag k="check_date" v="2025-10-24"/>
  <tag k="count" v="1"/>
  <tag k="man_made" v="surveillance"/>
  <tag k="operator" v="나주시청"/>
  <tag k="operator:phone" v="+82 61 339 4705"/>
  <tag k="surveillance" v="public"/>
  <tag k="surveillance:purpose" v="다목적"/>
  <tag k="surveillance:type" v="camera"/>
 </node>
 <node id="13895217350" visible="true" version="2" changeset="183726685" timestamp="2026-06-06T08:12:25Z" user="mueschel" uid="616774" lat="35.0212700" lon="126.7965600">
  <tag k="check_date" v="2025-10-24"/>
  <tag k="count" v="1"/>
  <tag k="man_made" v="surveillance"/>
  <tag k="operator" v="나주시청"/>
  <tag k="operator:phone" v="+82 61 339 4705"/>
  <tag k="surveillance" v="public"/>
  <tag k="surveillance:purpose" v="다목적"/>
  <tag k="surveillance:type" v="camera"/>
 </node>
 <node id="13895217352" visible="true" version="2" changeset="183726685" timestamp="2026-06-06T08:12:25Z" user="mueschel" uid="616774" lat="35.0223800" lon="126.7909000">
  <tag k="check_date" v="2025-10-24"/>
  <tag k="count" v="1"/>
  <tag k="man_made" v="surveillance"/>
  <tag k="operator" v="나주시청"/>
  <tag k="operator:phone" v="+82 61 339 4705"/>
  <tag k="surveillance" v="public"/>
  <tag k="surveillance:purpose" v="다목적"/>
  <tag k="surveillance:type" v="camera"/>
 </node>
 <node id="13895217370" visible="true" version="2" changeset="183726685" timestamp="2026-06-06T08:12:25Z" user="mueschel" uid="616774" lat="35.0231400" lon="126.7970900">
  <tag k="check_date" v="2025-10-24"/>
  <tag k="count" v="1"/>
  <tag k="man_made" v="surveillance"/>
  <tag k="operator" v="나주시청"/>
  <tag k="operator:phone" v="+82 61 339 4705"/>
  <tag k="surveillance" v="public"/>
  <tag k="surveillance:purpose" v="다목적"/>
  <tag k="surveillance:type" v="camera"/>
 </node>
 <node id="13895217382" visible="true" version="2" changeset="183726685" timestamp="2026-06-06T08:12:25Z" user="mueschel" uid="616774" lat="35.0246800" lon="126.7936200">
  <tag k="check_date" v="2025-10-24"/>
  <tag k="count" v="1"/>
  <tag k="man_made" v="surveillance"/>
  <tag k="operator" v="나주시청"/>
  <tag k="operator:phone" v="+82 61 339 4705"/>
  <tag k="surveillance" v="public"/>
  <tag k="surveillance:purpose" v="다목적"/>
  <tag k="surveillance:type" v="camera"/>
 </node>
 <node id="13895217385" visible="true" version="2" changeset="183726685" timestamp="2026-06-06T08:12:25Z" user="mueschel" uid="616774" lat="35.0279700" lon="126.7954500">
  <tag k="check_date" v="2025-10-24"/>
  <tag k="count" v="1"/>
  <tag k="man_made" v="surveillance"/>
  <tag k="operator" v="나주시청"/>
  <tag k="operator:phone" v="+82 61 339 4705"/>
  <tag k="surveillance" v="public"/>
  <tag k="surveillance:purpose" v="다목적"/>
  <tag k="surveillance:type" v="camera"/>
 </node>
 <node id="13895217397" visible="true" version="2" changeset="183726685" timestamp="2026-06-06T08:12:25Z" user="mueschel" uid="616774" lat="35.0279600" lon="126.7895800">
  <tag k="check_date" v="2025-10-24"/>
  <tag k="count" v="1"/>
  <tag k="man_made" v="surveillance"/>
  <tag k="operator" v="나주시청"/>
  <tag k="operator:phone" v="+82 61 339 4705"/>
  <tag k="surveillance" v="public"/>
  <tag k="surveillance:purpose" v="다목적"/>
  <tag k="surveillance:type" v="camera"/>
 </node>
 <node id="13895217407" visible="true" version="2" changeset="183726685" timestamp="2026-06-06T08:12:25Z" user="mueschel" uid="616774" lat="35.0218220" lon="126.7903710">
  <tag k="check_date" v="2025-10-24"/>
  <tag k="count" v="1"/>
  <tag k="man_made" v="surveillance"/>
  <tag k="operator" v="나주시청"/>
  <tag k="operator:phone" v="+82 61 339 4705"/>
  <tag k="surveillance" v="public"/>
  <tag k="surveillance:purpose" v="다목적"/>
  <tag k="surveillance:type" v="camera"/>
 </node>
 <node id="13895217479" visible="true" version="2" changeset="183726685" timestamp="2026-06-06T08:12:25Z" user="mueschel" uid="616774" lat="35.0234640" lon="126.7908560">
  <tag k="check_date" v="2025-10-24"/>
  <tag k="count" v="1"/>
  <tag k="man_made" v="surveillance"/>
  <tag k="operator" v="나주시청"/>
  <tag k="operator:phone" v="+82 61 339 8869"/>
  <tag k="surveillance" v="public"/>
  <tag k="surveillance:purpose" v="교통단속"/>
  <tag k="surveillance:type" v="camera"/>
 </node>
 <node id="13895217542" visible="true" version="2" changeset="183726685" timestamp="2026-06-06T08:12:25Z" user="mueschel" uid="616774" lat="35.0236500" lon="126.7987400">
  <tag k="check_date" v="2025-10-24"/>
  <tag k="count" v="1"/>
  <tag k="man_made" v="surveillance"/>
  <tag k="operator" v="나주시청"/>
  <tag k="operator:phone" v="+82 61 339 4705"/>
  <tag k="surveillance" v="public"/>
  <tag k="surveillance:purpose" v="다목적"/>
  <tag k="surveillance:type" v="camera"/>
 </node>
 <node id="13895217574" visible="true" version="2" changeset="183726685" timestamp="2026-06-06T08:12:25Z" user="mueschel" uid="616774" lat="35.0295100" lon="126.7973900">
  <tag k="check_date" v="2025-10-24"/>
  <tag k="count" v="1"/>
  <tag k="man_made" v="surveillance"/>
  <tag k="operator" v="나주시청"/>
  <tag k="operator:phone" v="+82 61 339 4705"/>
  <tag k="surveillance" v="public"/>
  <tag k="surveillance:purpose" v="다목적"/>
  <tag k="surveillance:type" v="camera"/>
 </node>
 <node id="13895217588" visible="true" version="2" changeset="183726685" timestamp="2026-06-06T08:12:25Z" user="mueschel" uid="616774" lat="35.0269000" lon="126.7990300">
  <tag k="check_date" v="2025-10-24"/>
  <tag k="count" v="1"/>
  <tag k="man_made" v="surveillance"/>
  <tag k="operator" v="나주시청"/>
  <tag k="operator:phone" v="+82 61 339 4705"/>
  <tag k="surveillance" v="public"/>
  <tag k="surveillance:purpose" v="다목적"/>
  <tag k="surveillance:type" v="camera"/>
 </node>
 <node id="13895217594" visible="true" version="2" changeset="183726685" timestamp="2026-06-06T08:12:25Z" user="mueschel" uid="616774" lat="35.0259570" lon="126.7913490">
  <tag k="check_date" v="2025-10-24"/>
  <tag k="count" v="1"/>
  <tag k="man_made" v="surveillance"/>
  <tag k="operator" v="나주시청"/>
  <tag k="operator:phone" v="+82 61 339 4705"/>
  <tag k="surveillance" v="public"/>
  <tag k="surveillance:purpose" v="다목적"/>
  <tag k="surveillance:type" v="camera"/>
 </node>
 <node id="13895217598" visible="true" version="2" changeset="183726685" timestamp="2026-06-06T08:12:25Z" user="mueschel" uid="616774" lat="35.0211100" lon="126.7891400">
  <tag k="check_date" v="2025-10-24"/>
  <tag k="count" v="1"/>
  <tag k="man_made" v="surveillance"/>
  <tag k="operator" v="나주시청"/>
  <tag k="operator:phone" v="+82 61 339 4705"/>
  <tag k="surveillance" v="public"/>
  <tag k="surveillance:purpose" v="다목적"/>
  <tag k="surveillance:type" v="camera"/>
 </node>
 <node id="13895217665" visible="true" version="2" changeset="183726685" timestamp="2026-06-06T08:12:25Z" user="mueschel" uid="616774" lat="35.0249500" lon="126.7896200">
  <tag k="check_date" v="2025-10-24"/>
  <tag k="count" v="1"/>
  <tag k="man_made" v="surveillance"/>
  <tag k="operator" v="나주시청"/>
  <tag k="operator:phone" v="+82 61 339 4705"/>
  <tag k="surveillance" v="public"/>
  <tag k="surveillance:purpose" v="다목적"/>
  <tag k="surveillance:type" v="camera"/>
 </node>
 <node id="13895217682" visible="true" version="2" changeset="183726685" timestamp="2026-06-06T08:12:25Z" user="mueschel" uid="616774" lat="35.0213560" lon="126.7908620">
  <tag k="check_date" v="2025-10-24"/>
  <tag k="count" v="1"/>
  <tag k="man_made" v="surveillance"/>
  <tag k="operator" v="나주시청"/>
  <tag k="operator:phone" v="+82 61 339 8869"/>
  <tag k="surveillance" v="public"/>
  <tag k="surveillance:purpose" v="교통단속"/>
  <tag k="surveillance:type" v="camera"/>
 </node>
 <node id="13895217689" visible="true" version="2" changeset="183726685" timestamp="2026-06-06T08:12:25Z" user="mueschel" uid="616774" lat="35.0267720" lon="126.7911170">
  <tag k="check_date" v="2025-10-24"/>
  <tag k="count" v="1"/>
  <tag k="man_made" v="surveillance"/>
  <tag k="operator" v="나주시청"/>
  <tag k="operator:phone" v="+82 61 339 8869"/>
  <tag k="surveillance" v="public"/>
  <tag k="surveillance:purpose" v="교통단속"/>
  <tag k="surveillance:type" v="camera"/>
 </node>
 <node id="13999545006" visible="true" version="1" changeset="185391201" timestamp="2026-07-09T07:54:27Z" user="samdasooooooo" uid="14457606" lat="35.0286549" lon="126.7934715"/>
 <node id="13999545007" visible="true" version="1" changeset="185391201" timestamp="2026-07-09T07:54:27Z" user="samdasooooooo" uid="14457606" lat="35.0283659" lon="126.7936319"/>
 <node id="13999545008" visible="true" version="1" changeset="185391201" timestamp="2026-07-09T07:54:27Z" user="samdasooooooo" uid="14457606" lat="35.0284074" lon="126.7937653"/>
 <node id="13999545009" visible="true" version="1" changeset="185391201" timestamp="2026-07-09T07:54:27Z" user="samdasooooooo" uid="14457606" lat="35.0284371" lon="126.7937915"/>
 <node id="13999545010" visible="true" version="1" changeset="185391201" timestamp="2026-07-09T07:54:27Z" user="samdasooooooo" uid="14457606" lat="35.0284599" lon="126.7937991"/>
 <node id="13999545011" visible="true" version="1" changeset="185391201" timestamp="2026-07-09T07:54:27Z" user="samdasooooooo" uid="14457606" lat="35.0287213" lon="126.7936547"/>
 <node id="13999545012" visible="true" version="1" changeset="185391201" timestamp="2026-07-09T07:54:27Z" user="samdasooooooo" uid="14457606" lat="35.0284164" lon="126.7928618"/>
 <node id="13999545013" visible="true" version="1" changeset="185391201" timestamp="2026-07-09T07:54:27Z" user="samdasooooooo" uid="14457606" lat="35.0281094" lon="126.7930189"/>
 <node id="13999545014" visible="true" version="1" changeset="185391201" timestamp="2026-07-09T07:54:27Z" user="samdasooooooo" uid="14457606" lat="35.0284620" lon="126.7928356"/>
 <node id="13999545015" visible="true" version="1" changeset="185391201" timestamp="2026-07-09T07:54:27Z" user="samdasooooooo" uid="14457606" lat="35.0287642" lon="126.7936310"/>
 <node id="13999545016" visible="true" version="1" changeset="185391201" timestamp="2026-07-09T07:54:27Z" user="samdasooooooo" uid="14457606" lat="35.0290623" lon="126.7926845"/>
 <node id="13999545017" visible="true" version="1" changeset="185391201" timestamp="2026-07-09T07:54:27Z" user="samdasooooooo" uid="14457606" lat="35.0291042" lon="126.7927978"/>
 <node id="13999545018" visible="true" version="1" changeset="185391201" timestamp="2026-07-09T07:54:27Z" user="samdasooooooo" uid="14457606" lat="35.0292101" lon="126.7927393"/>
 <node id="13999545019" visible="true" version="1" changeset="185391201" timestamp="2026-07-09T07:54:27Z" user="samdasooooooo" uid="14457606" lat="35.0292464" lon="126.7928372"/>
 <node id="13999545020" visible="true" version="1" changeset="185391201" timestamp="2026-07-09T07:54:27Z" user="samdasooooooo" uid="14457606" lat="35.0291403" lon="126.7928957"/>
 <node id="13999545021" visible="true" version="1" changeset="185391201" timestamp="2026-07-09T07:54:27Z" user="samdasooooooo" uid="14457606" lat="35.0291655" lon="126.7929639"/>
 <node id="13999545022" visible="true" version="1" changeset="185391201" timestamp="2026-07-09T07:54:27Z" user="samdasooooooo" uid="14457606" lat="35.0292140" lon="126.7929372"/>
 <node id="13999545023" visible="true" version="1" changeset="185391201" timestamp="2026-07-09T07:54:27Z" user="samdasooooooo" uid="14457606" lat="35.0292756" lon="126.7931038"/>
 <node id="13999545024" visible="true" version="1" changeset="185391201" timestamp="2026-07-09T07:54:27Z" user="samdasooooooo" uid="14457606" lat="35.0292397" lon="126.7931236"/>
 <node id="13999545025" visible="true" version="1" changeset="185391201" timestamp="2026-07-09T07:54:27Z" user="samdasooooooo" uid="14457606" lat="35.0292982" lon="126.7932817"/>
 <node id="13999545026" visible="true" version="1" changeset="185391201" timestamp="2026-07-09T07:54:27Z" user="samdasooooooo" uid="14457606" lat="35.0291852" lon="126.7933440"/>
 <node id="13999545027" visible="true" version="1" changeset="185391201" timestamp="2026-07-09T07:54:27Z" user="samdasooooooo" uid="14457606" lat="35.0290369" lon="126.7929429"/>
 <node id="13999545028" visible="true" version="1" changeset="185391201" timestamp="2026-07-09T07:54:27Z" user="samdasooooooo" uid="14457606" lat="35.0288514" lon="126.7930452"/>
 <node id="13999545029" visible="true" version="1" changeset="185391201" timestamp="2026-07-09T07:54:27Z" user="samdasooooooo" uid="14457606" lat="35.0288743" lon="126.7931071"/>
 <node id="13999545030" visible="true" version="1" changeset="185391201" timestamp="2026-07-09T07:54:27Z" user="samdasooooooo" uid="14457606" lat="35.0289006" lon="126.7930926"/>
 <node id="13999545031" visible="true" version="1" changeset="185391201" timestamp="2026-07-09T07:54:27Z" user="samdasooooooo" uid="14457606" lat="35.0289704" lon="126.7932811"/>
 <node id="13999545032" visible="true" version="1" changeset="185391201" timestamp="2026-07-09T07:54:27Z" user="samdasooooooo" uid="14457606" lat="35.0289252" lon="126.7933061"/>
 <node id="13999545033" visible="true" version="1" changeset="185391201" timestamp="2026-07-09T07:54:27Z" user="samdasooooooo" uid="14457606" lat="35.0289829" lon="126.7934619"/>
 <node id="13999545034" visible="true" version="1" changeset="185391201" timestamp="2026-07-09T07:54:27Z" user="samdasooooooo" uid="14457606" lat="35.0288726" lon="126.7935228"/>
 <node id="13999545035" visible="true" version="1" changeset="185391201" timestamp="2026-07-09T07:54:27Z" user="samdasooooooo" uid="14457606" lat="35.0286594" lon="126.7929472"/>
 <node id="13999545036" visible="true" version="1" changeset="185391201" timestamp="2026-07-09T07:54:27Z" user="samdasooooooo" uid="14457606" lat="35.0287771" lon="126.7928821"/>
 <node id="13999545037" visible="true" version="1" changeset="185391201" timestamp="2026-07-09T07:54:27Z" user="samdasooooooo" uid="14457606" lat="35.0287648" lon="126.7928488"/>
 <node id="13999545038" visible="true" version="1" changeset="185391201" timestamp="2026-07-09T07:54:27Z" user="samdasooooooo" uid="14457606" lat="35.0285778" lon="126.7926474"/>
 <node id="13999545039" visible="true" version="1" changeset="185391201" timestamp="2026-07-09T07:54:27Z" user="samdasooooooo" uid="14457606" lat="35.0286823" lon="126.7929345"/>
 <node id="13999545040" visible="true" version="1" changeset="185391201" timestamp="2026-07-09T07:54:27Z" user="samdasooooooo" uid="14457606" lat="35.0287280" lon="126.7928665"/>
 <node id="13999545041" visible="true" version="1" changeset="185391201" timestamp="2026-07-09T07:54:27Z" user="samdasooooooo" uid="14457606" lat="35.0286243" lon="126.7925927"/>
 <node id="13999545042" visible="true" version="1" changeset="185391201" timestamp="2026-07-09T07:54:27Z" user="samdasooooooo" uid="14457606" lat="35.0285205" lon="126.7920360"/>
 <node id="13999545043" visible="true" version="1" changeset="185391201" timestamp="2026-07-09T07:54:27Z" user="samdasooooooo" uid="14457606" lat="35.0285551" lon="126.7920940"/>
 <node id="13999545044" visible="true" version="1" changeset="185391201" timestamp="2026-07-09T07:54:27Z" user="samdasooooooo" uid="14457606" lat="35.0284923" lon="126.7921572"/>
 <node id="13999545045" visible="true" version="1" changeset="185391201" timestamp="2026-07-09T07:54:27Z" user="samdasooooooo" uid="14457606" lat="35.0285421" lon="126.7923017"/>
 <node id="13999545046" visible="true" version="1" changeset="185391201" timestamp="2026-07-09T07:54:27Z" user="samdasooooooo" uid="14457606" lat="35.0285529" lon="126.7922926"/>
 <node id="13999545047" visible="true" version="1" changeset="185391201" timestamp="2026-07-09T07:54:27Z" user="samdasooooooo" uid="14457606" lat="35.0285856" lon="126.7923877"/>
 <node id="13999545048" visible="true" version="1" changeset="185391201" timestamp="2026-07-09T07:54:27Z" user="samdasooooooo" uid="14457606" lat="35.0286446" lon="126.7925676"/>
 <node id="13999545049" visible="true" version="1" changeset="185391201" timestamp="2026-07-09T07:54:27Z" user="samdasooooooo" uid="14457606" lat="35.0285282" lon="126.7927136"/>
 <node id="13999545050" visible="true" version="1" changeset="185391201" timestamp="2026-07-09T07:54:27Z" user="samdasooooooo" uid="14457606" lat="35.0283344" lon="126.7922000"/>
 <node id="13999545051" visible="true" version="1" changeset="185391201" timestamp="2026-07-09T07:54:27Z" user="samdasooooooo" uid="14457606" lat="35.0285772" lon="126.7923940"/>
 <node id="13999545052" visible="true" version="1" changeset="185391201" timestamp="2026-07-09T07:54:27Z" user="samdasooooooo" uid="14457606" lat="35.0286284" lon="126.7913398"/>
 <node id="13999545053" visible="true" version="1" changeset="185391201" timestamp="2026-07-09T07:54:27Z" user="samdasooooooo" uid="14457606" lat="35.0287402" lon="126.7912745"/>
 <node id="13999545054" visible="true" version="1" changeset="185391201" timestamp="2026-07-09T07:54:27Z" user="samdasooooooo" uid="14457606" lat="35.0288081" lon="126.7914593"/>
 <node id="13999545055" visible="true" version="1" changeset="185391201" timestamp="2026-07-09T07:54:27Z" user="samdasooooooo" uid="14457606" lat="35.0288584" lon="126.7914340"/>
 <node id="13999545056" visible="true" version="1" changeset="185391201" timestamp="2026-07-09T07:54:27Z" user="samdasooooooo" uid="14457606" lat="35.0289259" lon="126.7916076"/>
 <node id="13999545057" visible="true" version="1" changeset="185391201" timestamp="2026-07-09T07:54:27Z" user="samdasooooooo" uid="14457606" lat="35.0288780" lon="126.7916334"/>
 <node id="13999545058" visible="true" version="1" changeset="185391201" timestamp="2026-07-09T07:54:27Z" user="samdasooooooo" uid="14457606" lat="35.0289083" lon="126.7917071"/>
 <node id="13999545059" visible="true" version="1" changeset="185391201" timestamp="2026-07-09T07:54:27Z" user="samdasooooooo" uid="14457606" lat="35.0289223" lon="126.7916973"/>
 <node id="13999545060" visible="true" version="1" changeset="185391201" timestamp="2026-07-09T07:54:27Z" user="samdasooooooo" uid="14457606" lat="35.0289998" lon="126.7918421"/>
 <node id="13999545061" visible="true" version="1" changeset="185391201" timestamp="2026-07-09T07:54:27Z" user="samdasooooooo" uid="14457606" lat="35.0285935" lon="126.7921661"/>
 <node id="13999545062" visible="true" version="1" changeset="185391201" timestamp="2026-07-09T07:54:27Z" user="samdasooooooo" uid="14457606" lat="35.0282838" lon="126.7916022"/>
 <node id="13999545063" visible="true" version="1" changeset="185391201" timestamp="2026-07-09T07:54:27Z" user="samdasooooooo" uid="14457606" lat="35.0283804" lon="126.7915212"/>
 <node id="13999545064" visible="true" version="1" changeset="185391201" timestamp="2026-07-09T07:54:27Z" user="samdasooooooo" uid="14457606" lat="35.0284659" lon="126.7916885"/>
 <node id="13999545065" visible="true" version="1" changeset="185391201" timestamp="2026-07-09T07:54:27Z" user="samdasooooooo" uid="14457606" lat="35.0285026" lon="126.7916646"/>
 <node id="13999545066" visible="true" version="1" changeset="185391201" timestamp="2026-07-09T07:54:27Z" user="samdasooooooo" uid="14457606" lat="35.0285853" lon="126.7918153"/>
 <node id="13999545067" visible="true" version="1" changeset="185391201" timestamp="2026-07-09T07:54:27Z" user="samdasooooooo" uid="14457606" lat="35.0285689" lon="126.7918295"/>
 <node id="13999545068" visible="true" version="1" changeset="185391201" timestamp="2026-07-09T07:54:27Z" user="samdasooooooo" uid="14457606" lat="35.0285996" lon="126.7918782"/>
 <node id="13999545069" visible="true" version="1" changeset="185391201" timestamp="2026-07-09T07:54:27Z" user="samdasooooooo" uid="14457606" lat="35.0287258" lon="126.7917724"/>
 <node id="13999545070" visible="true" version="1" changeset="185391201" timestamp="2026-07-09T07:54:27Z" user="samdasooooooo" uid="14457606" lat="35.0287482" lon="126.7918007"/>
 <node id="13999545071" visible="true" version="1" changeset="185391201" timestamp="2026-07-09T07:54:27Z" user="samdasooooooo" uid="14457606" lat="35.0287869" lon="126.7917612"/>
 <node id="13999545072" visible="true" version="1" changeset="185391201" timestamp="2026-07-09T07:54:27Z" user="samdasooooooo" uid="14457606" lat="35.0280577" lon="126.7919320"/>
 <node id="13999545073" visible="true" version="1" changeset="185391201" timestamp="2026-07-09T07:54:27Z" user="samdasooooooo" uid="14457606" lat="35.0277960" lon="126.7920807"/>
 <node id="13999545074" visible="true" version="1" changeset="185391201" timestamp="2026-07-09T07:54:27Z" user="samdasooooooo" uid="14457606" lat="35.0278667" lon="126.7922663"/>
 <node id="13999545075" visible="true" version="1" changeset="185391201" timestamp="2026-07-09T07:54:27Z" user="samdasooooooo" uid="14457606" lat="35.0281294" lon="126.7921168"/>
 <node id="13999545076" visible="true" version="1" changeset="185391201" timestamp="2026-07-09T07:54:27Z" user="samdasooooooo" uid="14457606" lat="35.0283602" lon="126.7918280"/>
 <node id="13999545077" visible="true" version="1" changeset="185391201" timestamp="2026-07-09T07:54:27Z" user="samdasooooooo" uid="14457606" lat="35.0283337" lon="126.7918104"/>
 <node id="13999545078" visible="true" version="1" changeset="185391201" timestamp="2026-07-09T07:54:27Z" user="samdasooooooo" uid="14457606" lat="35.0283061" lon="126.7918231"/>
 <node id="13999545079" visible="true" version="1" changeset="185391201" timestamp="2026-07-09T07:54:27Z" user="samdasooooooo" uid="14457606" lat="35.0282836" lon="126.7918871"/>
 <node id="13999545080" visible="true" version="1" changeset="185391201" timestamp="2026-07-09T07:54:27Z" user="samdasooooooo" uid="14457606" lat="35.0282894" lon="126.7919180"/>
 <node id="13999545081" visible="true" version="1" changeset="185391201" timestamp="2026-07-09T07:54:27Z" user="samdasooooooo" uid="14457606" lat="35.0282692" lon="126.7919672"/>
 <node id="13999545082" visible="true" version="1" changeset="185391201" timestamp="2026-07-09T07:54:27Z" user="samdasooooooo" uid="14457606" lat="35.0282635" lon="126.7920256"/>
 <node id="13999545083" visible="true" version="1" changeset="185391201" timestamp="2026-07-09T07:54:27Z" user="samdasooooooo" uid="14457606" lat="35.0282848" lon="126.7920987"/>
 <node id="13999545084" visible="true" version="1" changeset="185391201" timestamp="2026-07-09T07:54:27Z" user="samdasooooooo" uid="14457606" lat="35.0282888" lon="126.7921079"/>
 <node id="13999545085" visible="true" version="1" changeset="185391201" timestamp="2026-07-09T07:54:27Z" user="samdasooooooo" uid="14457606" lat="35.0284471" lon="126.7919813"/>
 <node id="13999545086" visible="true" version="1" changeset="185391201" timestamp="2026-07-09T07:54:27Z" user="samdasooooooo" uid="14457606" lat="35.0278301" lon="126.7922872"/>
 <node id="13999545087" visible="true" version="1" changeset="185391201" timestamp="2026-07-09T07:54:27Z" user="samdasooooooo" uid="14457606" lat="35.0280661" lon="126.7929057"/>
 <node id="13999545088" visible="true" version="1" changeset="185391201" timestamp="2026-07-09T07:54:27Z" user="samdasooooooo" uid="14457606" lat="35.0283655" lon="126.7927353"/>
 <node id="13999545089" visible="true" version="1" changeset="185391201" timestamp="2026-07-09T07:54:27Z" user="samdasooooooo" uid="14457606" lat="35.0281057" lon="126.7919138"/>
 <node id="13999545090" visible="true" version="1" changeset="185391201" timestamp="2026-07-09T07:54:27Z" user="samdasooooooo" uid="14457606" lat="35.0284120" lon="126.7927070"/>
 <node id="14000139926" visible="true" version="1" changeset="185405421" timestamp="2026-07-09T12:40:48Z" user="samdasooooooo" uid="14457606" lat="35.0284570" lon="126.7831945"/>
 <node id="14000139932" visible="true" version="1" changeset="185405421" timestamp="2026-07-09T12:40:48Z" user="samdasooooooo" uid="14457606" lat="35.0280336" lon="126.7843327"/>
 <node id="14000139937" visible="true" version="1" changeset="185405421" timestamp="2026-07-09T12:40:48Z" user="samdasooooooo" uid="14457606" lat="35.0281383" lon="126.7857947"/>
 <node id="14000139944" visible="true" version="1" changeset="185405421" timestamp="2026-07-09T12:40:48Z" user="samdasooooooo" uid="14457606" lat="35.0287743" lon="126.7813889"/>
 <node id="14016780149" visible="true" version="1" changeset="185763392" timestamp="2026-07-15T06:20:29Z" user="야광멧돼지" uid="12393144" lat="35.0179279" lon="126.7886815"/>
 <node id="14016780150" visible="true" version="1" changeset="185763392" timestamp="2026-07-15T06:20:29Z" user="야광멧돼지" uid="12393144" lat="35.0180307" lon="126.7887769"/>
 <node id="14016780151" visible="true" version="1" changeset="185763392" timestamp="2026-07-15T06:20:29Z" user="야광멧돼지" uid="12393144" lat="35.0180965" lon="126.7888870"/>
 <node id="14016780152" visible="true" version="1" changeset="185763392" timestamp="2026-07-15T06:20:29Z" user="야광멧돼지" uid="12393144" lat="35.0182051" lon="126.7891558"/>
 <node id="14016780153" visible="true" version="1" changeset="185763392" timestamp="2026-07-15T06:20:29Z" user="야광멧돼지" uid="12393144" lat="35.0182621" lon="126.7891704"/>
 <node id="14016780154" visible="true" version="1" changeset="185763392" timestamp="2026-07-15T06:20:29Z" user="야광멧돼지" uid="12393144" lat="35.0186942" lon="126.7892527"/>
 <node id="14016780155" visible="true" version="1" changeset="185763392" timestamp="2026-07-15T06:20:29Z" user="야광멧돼지" uid="12393144" lat="35.0187481" lon="126.7895097"/>
 <node id="14016780156" visible="true" version="1" changeset="185763392" timestamp="2026-07-15T06:20:29Z" user="야광멧돼지" uid="12393144" lat="35.0187899" lon="126.7901220"/>
 <node id="14016780157" visible="true" version="1" changeset="185763392" timestamp="2026-07-15T06:20:29Z" user="야광멧돼지" uid="12393144" lat="35.0189689" lon="126.7901517"/>
 <node id="14016780158" visible="true" version="1" changeset="185763392" timestamp="2026-07-15T06:20:29Z" user="야광멧돼지" uid="12393144" lat="35.0193211" lon="126.7899149"/>
 <node id="14016780159" visible="true" version="1" changeset="185763392" timestamp="2026-07-15T06:20:29Z" user="야광멧돼지" uid="12393144" lat="35.0202080" lon="126.7898350"/>
 <node id="14016780160" visible="true" version="1" changeset="185763392" timestamp="2026-07-15T06:20:29Z" user="야광멧돼지" uid="12393144" lat="35.0200806" lon="126.7898989"/>
 <node id="14016780161" visible="true" version="1" changeset="185763392" timestamp="2026-07-15T06:20:29Z" user="야광멧돼지" uid="12393144" lat="35.0199991" lon="126.7900922"/>
 <way id="256676879" visible="true" version="35" changeset="174046299" timestamp="2025-11-01T05:13:14Z" user="torisugari" uid="22158042">
  <nd ref="2668227973"/>
  <nd ref="8449650140"/>
  <nd ref="13273395549"/>
  <nd ref="13273395548"/>
  <nd ref="5180189925"/>
  <nd ref="8281390480"/>
  <nd ref="11368586010"/>
  <nd ref="8278020095"/>
  <nd ref="5291647167"/>
  <nd ref="8440076349"/>
  <nd ref="5354443505"/>
  <nd ref="3317874411"/>
  <nd ref="6147537045"/>
  <nd ref="3317874413"/>
  <nd ref="6147537044"/>
  <nd ref="8440076379"/>
  <nd ref="8251861429"/>
  <nd ref="6147537046"/>
  <nd ref="8440076376"/>
  <nd ref="3317874412"/>
  <nd ref="3317874403"/>
  <nd ref="5354444859"/>
  <nd ref="8440076342"/>
  <nd ref="5354444860"/>
  <nd ref="3317874404"/>
  <nd ref="8254947119"/>
  <nd ref="8254947122"/>
  <nd ref="3317874405"/>
  <nd ref="8281350591"/>
  <nd ref="8281350611"/>
  <nd ref="5291647213"/>
  <nd ref="5705916938"/>
  <nd ref="5354444862"/>
  <nd ref="5705916939"/>
  <nd ref="3317874401"/>
  <nd ref="5705916940"/>
  <nd ref="3317874397"/>
  <nd ref="5705916941"/>
  <nd ref="5180185987"/>
  <nd ref="5180185988"/>
  <nd ref="3317874408"/>
  <nd ref="5180185989"/>
  <nd ref="5307960025"/>
  <nd ref="3413882908"/>
  <nd ref="5307960024"/>
  <nd ref="5180185990"/>
  <nd ref="5291647321"/>
  <nd ref="4974385193"/>
  <nd ref="4628676584"/>
  <nd ref="9909151526"/>
  <nd ref="11368511183"/>
  <nd ref="11368511181"/>
  <nd ref="11368511179"/>
  <nd ref="11368511177"/>
  <nd ref="11368511174"/>
  <nd ref="11368511172"/>
  <nd ref="11368511170"/>
  <nd ref="11368479668"/>
  <nd ref="11368479666"/>
  <nd ref="11368479664"/>
  <nd ref="11368479662"/>
  <nd ref="4666430917"/>
  <nd ref="3317874416"/>
  <nd ref="5309677722"/>
  <nd ref="8438286428"/>
  <tag k="highway" v="tertiary"/>
  <tag k="name" v="그린로"/>
  <tag k="name:en" v="Green-ro"/>
  <tag k="name:ko" v="그린로"/>
 </way>
 <way id="261192358" visible="true" version="27" changeset="174046299" timestamp="2025-11-01T05:13:14Z" user="torisugari" uid="22158042">
  <nd ref="11369025919"/>
  <nd ref="13142595944"/>
  <nd ref="9909142502"/>
  <nd ref="5180190124"/>
  <nd ref="5180185979"/>
  <nd ref="5181473561"/>
  <nd ref="2623136095"/>
  <nd ref="9909151267"/>
  <nd ref="5180185980"/>
  <nd ref="9909151266"/>
  <nd ref="9909151265"/>
  <nd ref="9909151263"/>
  <nd ref="2623136120"/>
  <nd ref="9909151264"/>
  <nd ref="2623136096"/>
  <nd ref="9909142489"/>
  <nd ref="9909151287"/>
  <nd ref="6173263043"/>
  <nd ref="2623136114"/>
  <nd ref="6173263044"/>
  <nd ref="5308098181"/>
  <nd ref="4976382975"/>
  <nd ref="6173263045"/>
  <nd ref="5308098182"/>
  <nd ref="6173263046"/>
  <nd ref="2623136098"/>
  <nd ref="6173263047"/>
  <nd ref="2623136111"/>
  <nd ref="10549091032"/>
  <nd ref="10549091031"/>
  <nd ref="8315254380"/>
  <nd ref="5307959707"/>
  <nd ref="2623136117"/>
  <tag k="highway" v="tertiary"/>
  <tag k="name" v="한빛로"/>
  <tag k="name:en" v="Hanbit-ro"/>
  <tag k="name:ko" v="한빛로"/>
 </way>
 <way id="325120126" visible="true" version="14" changeset="176313032" timestamp="2025-12-23T15:05:33Z" user="aaei924" uid="10626814">
  <nd ref="2668227974"/>
  <nd ref="8273056501"/>
  <nd ref="5181473565"/>
  <nd ref="5309677800"/>
  <nd ref="6147537037"/>
  <nd ref="5309677799"/>
  <nd ref="6147537036"/>
  <nd ref="8273069900"/>
  <nd ref="13142587653"/>
  <nd ref="3317878855"/>
  <nd ref="3317872748"/>
  <nd ref="8270222839"/>
  <nd ref="3071505245"/>
  <tag k="highway" v="tertiary"/>
  <tag k="name" v="정보화길"/>
  <tag k="name:en" v="Jeongbohwa-gil"/>
  <tag k="name:ko" v="정보화길"/>
 </way>
 <way id="334275373" visible="true" version="7" changeset="144332579" timestamp="2023-11-22T16:15:50Z" user="asdfqwer51" uid="3350410">
  <nd ref="3413883174"/>
  <nd ref="8440089634"/>
  <nd ref="3413883172"/>
  <nd ref="8440089633"/>
  <nd ref="3413883171"/>
  <nd ref="8440089562"/>
  <nd ref="3413883170"/>
  <nd ref="8440089578"/>
  <nd ref="11368911177"/>
  <nd ref="11368911176"/>
  <nd ref="3413883159"/>
  <nd ref="8440089618"/>
  <nd ref="3413883148"/>
  <nd ref="8440089624"/>
  <nd ref="3413883128"/>
  <nd ref="8278020096"/>
  <nd ref="5291647168"/>
  <tag k="highway" v="residential"/>
  <tag k="name" v="배멧2길"/>
  <tag k="name:en" v="Baemet 2-gil"/>
  <tag k="name:ko" v="배멧2길"/>
 </way>
 <way id="334275378" visible="true" version="7" changeset="171918325" timestamp="2025-09-14T13:36:20Z" user="FUKUTAN" uid="5207199">
  <nd ref="3413883234"/>
  <nd ref="6147535654"/>
  <nd ref="5312163977"/>
  <nd ref="5312163976"/>
  <nd ref="6147535652"/>
  <nd ref="3413883232"/>
  <nd ref="3413883231"/>
  <nd ref="3413883230"/>
  <nd ref="3413883229"/>
  <nd ref="3413883228"/>
  <nd ref="5180185959"/>
  <nd ref="3413883225"/>
  <nd ref="13142587639"/>
  <nd ref="3413883194"/>
  <nd ref="3413883189"/>
  <nd ref="3413883188"/>
  <nd ref="3413883187"/>
  <nd ref="5668172365"/>
  <nd ref="3413883186"/>
  <nd ref="3413883185"/>
  <nd ref="3413883184"/>
  <nd ref="3413883183"/>
  <nd ref="6147535662"/>
  <nd ref="3413883196"/>
  <nd ref="6147535661"/>
  <nd ref="5180185962"/>
  <nd ref="6147535660"/>
  <nd ref="6147535659"/>
  <nd ref="6147535658"/>
  <nd ref="13142587641"/>
  <nd ref="3413883224"/>
  <nd ref="6147535657"/>
  <nd ref="6147535656"/>
  <nd ref="6147535653"/>
  <nd ref="6147535655"/>
  <nd ref="3413883234"/>
  <tag k="highway" v="residential"/>
  <tag k="name" v="도민길"/>
  <tag k="name:en" v="Domin-gil"/>
  <tag k="name:ko" v="도민길"/>
 </way>
 <way id="334275380" visible="true" version="3" changeset="176313032" timestamp="2025-12-23T15:05:33Z" user="aaei924" uid="10626814">
  <nd ref="3413883215"/>
  <nd ref="3413883185"/>
  <tag k="highway" v="residential"/>
  <tag k="name" v="도민길"/>
  <tag k="name:en" v="Domin-gil"/>
  <tag k="name:ko" v="도민길"/>
 </way>
 <way id="334275387" visible="true" version="3" changeset="176313032" timestamp="2025-12-23T15:05:33Z" user="aaei924" uid="10626814">
  <nd ref="3413883201"/>
  <nd ref="3413883188"/>
  <tag k="highway" v="residential"/>
  <tag k="name" v="도민길"/>
  <tag k="name:en" v="Domin-gil"/>
  <tag k="name:ko" v="도민길"/>
 </way>
 <way id="334275400" visible="true" version="5" changeset="144326721" timestamp="2023-11-22T13:28:24Z" user="asdfqwer51" uid="3350410">
  <nd ref="5180189925"/>
  <nd ref="8278020091"/>
  <nd ref="5180189970"/>
  <nd ref="3413883161"/>
  <nd ref="11368586043"/>
  <nd ref="8273070006"/>
  <nd ref="5180185975"/>
  <tag k="highway" v="service"/>
  <tag k="service" v="parking_aisle"/>
 </way>
 <way id="334275404" visible="true" version="3" changeset="176313032" timestamp="2025-12-23T15:05:33Z" user="aaei924" uid="10626814">
  <nd ref="3413883231"/>
  <nd ref="3413883223"/>
  <tag k="highway" v="residential"/>
  <tag k="name" v="도민길"/>
  <tag k="name:en" v="Domin-gil"/>
  <tag k="name:ko" v="도민길"/>
 </way>
 <way id="334275407" visible="true" version="4" changeset="99630021" timestamp="2021-02-20T08:24:13Z" user="mulgist" uid="12368943">
  <nd ref="3413883172"/>
  <nd ref="8440089550"/>
  <nd ref="3413883154"/>
  <nd ref="6147535669"/>
  <nd ref="6147535670"/>
  <nd ref="5181474046"/>
  <nd ref="8440089630"/>
  <nd ref="3413883149"/>
  <tag k="highway" v="residential"/>
 </way>
 <way id="334275410" visible="true" version="9" changeset="175910622" timestamp="2025-12-14T08:55:57Z" user="FUKUTAN" uid="5207199">
  <nd ref="3413883250"/>
  <nd ref="10729284633"/>
  <nd ref="10729284628"/>
  <nd ref="10729284629"/>
  <nd ref="6147537207"/>
  <nd ref="10729284630"/>
  <nd ref="5180185967"/>
  <nd ref="10729284631"/>
  <nd ref="6147537208"/>
  <nd ref="3413883257"/>
  <nd ref="13375536134"/>
  <nd ref="5309677962"/>
  <nd ref="3413883261"/>
  <nd ref="5309416645"/>
  <nd ref="5309416649"/>
  <nd ref="10729284608"/>
  <nd ref="5307971347"/>
  <nd ref="5307971350"/>
  <nd ref="5180185965"/>
  <nd ref="3071505244"/>
  <tag k="highway" v="residential"/>
  <tag k="name" v="쌍산1길"/>
  <tag k="name:en" v="Ssangsan 1-gil"/>
  <tag k="name:ko" v="쌍산1길"/>
 </way>
 <way id="334275413" visible="true" version="3" changeset="99630021" timestamp="2021-02-20T08:24:13Z" user="mulgist" uid="12368943">
  <nd ref="5354443491"/>
  <nd ref="3413883149"/>
  <nd ref="8440089519"/>
  <nd ref="3413883146"/>
  <tag k="highway" v="residential"/>
 </way>
 <way id="334275425" visible="true" version="8" changeset="176319095" timestamp="2025-12-23T17:30:15Z" user="aaei924" uid="10626814">
  <nd ref="3317872748"/>
  <nd ref="3413883229"/>
  <nd ref="5309677798"/>
  <nd ref="6147535663"/>
  <nd ref="13142587640"/>
  <nd ref="3413883220"/>
  <nd ref="5309677797"/>
  <nd ref="5180185961"/>
  <nd ref="5668172365"/>
  <nd ref="13398101028"/>
  <tag k="highway" v="residential"/>
  <tag k="name" v="도민길"/>
  <tag k="name:en" v="Domin-gil"/>
  <tag k="name:ko" v="도민길"/>
 </way>
 <way id="334275433" visible="true" version="4" changeset="100124997" timestamp="2021-02-28T07:30:07Z" user="mulgist" uid="12368943">
  <nd ref="3413883214"/>
  <nd ref="8465313316"/>
  <nd ref="3413883213"/>
  <nd ref="8465313292"/>
  <nd ref="8465313290"/>
  <nd ref="5291647162"/>
  <nd ref="8465313287"/>
  <nd ref="8465313284"/>
  <nd ref="3413883212"/>
  <nd ref="3413883209"/>
  <tag k="highway" v="residential"/>
  <tag k="name" v="상야4길"/>
  <tag k="name:en" v="Sangya 4-gil"/>
  <tag k="name:ko" v="상야4길"/>
 </way>
 <way id="334275439" visible="true" version="2" changeset="100124997" timestamp="2021-02-28T07:30:07Z" user="mulgist" uid="12368943">
  <nd ref="3413883213"/>
  <nd ref="8465313294"/>
  <nd ref="8465307389"/>
  <nd ref="3413883191"/>
  <nd ref="8465313395"/>
  <nd ref="3413883195"/>
  <nd ref="8465313409"/>
  <nd ref="8465307390"/>
  <nd ref="8465313412"/>
  <nd ref="8465313314"/>
  <nd ref="3413883212"/>
  <tag k="highway" v="residential"/>
 </way>
 <way id="334275440" visible="true" version="5" changeset="99630021" timestamp="2021-02-20T08:24:13Z" user="mulgist" uid="12368943">
  <nd ref="3413883171"/>
  <nd ref="8440089560"/>
  <nd ref="5354443491"/>
  <nd ref="8440089613"/>
  <nd ref="8440089581"/>
  <nd ref="8440089614"/>
  <nd ref="3413883147"/>
  <nd ref="8440089616"/>
  <nd ref="3413883148"/>
  <tag k="highway" v="residential"/>
 </way>
 <way id="334275444" visible="true" version="4" changeset="176313032" timestamp="2025-12-23T15:05:33Z" user="aaei924" uid="10626814">
  <nd ref="3413883230"/>
  <nd ref="6147535672"/>
  <nd ref="6147535673"/>
  <nd ref="3413883222"/>
  <nd ref="3413883223"/>
  <nd ref="3413883226"/>
  <nd ref="6147535649"/>
  <nd ref="6147535650"/>
  <nd ref="6147535651"/>
  <nd ref="3413883232"/>
  <tag k="highway" v="residential"/>
  <tag k="name" v="도민길"/>
  <tag k="name:en" v="Domin-gil"/>
  <tag k="name:ko" v="도민길"/>
 </way>
 <way id="334275447" visible="true" version="4" changeset="176313032" timestamp="2025-12-23T15:05:33Z" user="aaei924" uid="10626814">
  <nd ref="3413883189"/>
  <nd ref="3413883200"/>
  <nd ref="3413883201"/>
  <nd ref="6147535671"/>
  <nd ref="3413883203"/>
  <nd ref="3413883187"/>
  <tag k="highway" v="residential"/>
  <tag k="name" v="도민길"/>
  <tag k="name:en" v="Domin-gil"/>
  <tag k="name:ko" v="도민길"/>
 </way>
 <way id="334275448" visible="true" version="5" changeset="176313032" timestamp="2025-12-23T15:05:33Z" user="aaei924" uid="10626814">
  <nd ref="5180185959"/>
  <nd ref="3413883218"/>
  <nd ref="6147535647"/>
  <nd ref="3413883219"/>
  <nd ref="6147535646"/>
  <nd ref="3413883221"/>
  <nd ref="3413883228"/>
  <tag k="highway" v="residential"/>
  <tag k="name" v="도민길"/>
  <tag k="name:en" v="Domin-gil"/>
  <tag k="name:ko" v="도민길"/>
 </way>
 <way id="334275455" visible="true" version="4" changeset="176313032" timestamp="2025-12-23T15:05:33Z" user="aaei924" uid="10626814">
  <nd ref="3413883186"/>
  <nd ref="3413883207"/>
  <nd ref="3413883215"/>
  <nd ref="3413883217"/>
  <nd ref="6147535648"/>
  <nd ref="3413883204"/>
  <nd ref="3413883184"/>
  <tag k="highway" v="residential"/>
  <tag k="name" v="도민길"/>
  <tag k="name:en" v="Domin-gil"/>
  <tag k="name:ko" v="도민길"/>
 </way>
 <way id="334275805" visible="true" version="5" changeset="123960556" timestamp="2022-07-23T03:06:23Z" user="FUKUTAN" uid="5207199">
  <nd ref="3413889904"/>
  <nd ref="5309416883"/>
  <nd ref="3413889909"/>
  <nd ref="3413889910"/>
  <nd ref="5309416885"/>
  <nd ref="3413889912"/>
  <nd ref="5309416886"/>
  <nd ref="8420734072"/>
  <nd ref="3413889916"/>
  <nd ref="3413889919"/>
  <nd ref="5309416887"/>
  <nd ref="5309416888"/>
  <nd ref="5309416879"/>
  <nd ref="4974413482"/>
  <nd ref="3413889921"/>
  <nd ref="5309416878"/>
  <nd ref="3413889915"/>
  <nd ref="4974413443"/>
  <nd ref="5309416880"/>
  <nd ref="5309416877"/>
  <nd ref="8420734073"/>
  <nd ref="5309416881"/>
  <nd ref="3413889911"/>
  <nd ref="3413889908"/>
  <nd ref="3413889906"/>
  <nd ref="9905228779"/>
  <nd ref="5309416876"/>
  <nd ref="9905228778"/>
  <nd ref="5309416882"/>
  <nd ref="8420734074"/>
  <nd ref="3413889904"/>
  <tag k="natural" v="water"/>
  <tag k="water" v="reservoir"/>
 </way>
 <way id="334275806" visible="true" version="3" changeset="99219143" timestamp="2021-02-13T16:03:11Z" user="mulgist" uid="12368943">
  <nd ref="3413889950"/>
  <nd ref="3413889948"/>
  <nd ref="3413889945"/>
  <nd ref="3413889943"/>
  <nd ref="3413889940"/>
  <nd ref="5309677781"/>
  <nd ref="3413889937"/>
  <nd ref="3413889932"/>
  <nd ref="5309677780"/>
  <nd ref="3413889927"/>
  <nd ref="3413889925"/>
  <nd ref="3413889924"/>
  <nd ref="3413889926"/>
  <nd ref="3413889930"/>
  <nd ref="3413889935"/>
  <nd ref="3413889941"/>
  <nd ref="3413889944"/>
  <nd ref="3413889947"/>
  <nd ref="3413889950"/>
  <tag k="name" v="매화제"/>
  <tag k="natural" v="water"/>
  <tag k="water" v="reservoir"/>
 </way>
 <way id="334275809" visible="true" version="10" changeset="185763392" timestamp="2026-07-15T06:20:29Z" user="야광멧돼지" uid="12393144">
  <nd ref="3413889807"/>
  <nd ref="3413887588"/>
  <nd ref="3413887587"/>
  <nd ref="3413889793"/>
  <nd ref="3413889795"/>
  <nd ref="3413889796"/>
  <nd ref="3413887590"/>
  <nd ref="3413889794"/>
  <nd ref="3413887592"/>
  <nd ref="3413887589"/>
  <nd ref="3413889800"/>
  <nd ref="8420734088"/>
  <nd ref="8420734087"/>
  <nd ref="5181473629"/>
  <nd ref="3413889817"/>
  <nd ref="3413889834"/>
  <nd ref="9909151338"/>
  <nd ref="3413889831"/>
  <nd ref="3413889828"/>
  <nd ref="3413889849"/>
  <nd ref="8438286357"/>
  <nd ref="8438286356"/>
  <nd ref="3413889851"/>
  <nd ref="3413889854"/>
  <nd ref="3413889856"/>
  <nd ref="3413889858"/>
  <nd ref="3413889862"/>
  <nd ref="5181473544"/>
  <nd ref="3413889864"/>
  <nd ref="3413889865"/>
  <nd ref="3413889866"/>
  <nd ref="3413889868"/>
  <nd ref="5307959874"/>
  <nd ref="14016780149"/>
  <nd ref="5181473700"/>
  <nd ref="14016780150"/>
  <nd ref="3413889870"/>
  <nd ref="14016780151"/>
  <nd ref="14016780152"/>
  <nd ref="14016780153"/>
  <nd ref="8438286354"/>
  <nd ref="8438286353"/>
  <nd ref="8438286352"/>
  <nd ref="14016780154"/>
  <nd ref="8438286351"/>
  <nd ref="3413889882"/>
  <nd ref="14016780155"/>
  <nd ref="14016780156"/>
  <nd ref="14016780157"/>
  <nd ref="3413889880"/>
  <nd ref="3413889899"/>
  <nd ref="14016780158"/>
  <nd ref="5180189924"/>
  <nd ref="5180189923"/>
  <nd ref="5180189922"/>
  <nd ref="5180189921"/>
  <nd ref="9905166605"/>
  <nd ref="3413889901"/>
  <nd ref="5181473612"/>
  <nd ref="9905166606"/>
  <nd ref="9905166607"/>
  <nd ref="3413889900"/>
  <nd ref="9905166608"/>
  <nd ref="3413889897"/>
  <nd ref="9905166609"/>
  <nd ref="3413889894"/>
  <nd ref="5180186020"/>
  <nd ref="3413889892"/>
  <nd ref="8438286445"/>
  <nd ref="3413889890"/>
  <nd ref="8438286444"/>
  <nd ref="3413889889"/>
  <nd ref="3413889887"/>
  <nd ref="3413889885"/>
  <nd ref="3413889884"/>
  <nd ref="3413889879"/>
  <nd ref="3413889876"/>
  <nd ref="3413889867"/>
  <nd ref="3413889863"/>
  <nd ref="3413889861"/>
  <nd ref="3413889860"/>
  <nd ref="8438286471"/>
  <nd ref="3413889859"/>
  <nd ref="3413889857"/>
  <nd ref="3413889824"/>
  <nd ref="3413889819"/>
  <nd ref="3413889810"/>
  <nd ref="8438286358"/>
  <nd ref="3413889807"/>
  <tag k="natural" v="water"/>
  <tag k="water" v="lake"/>
 </way>
 <way id="334275811" visible="true" version="6" changeset="99219143" timestamp="2021-02-13T16:03:11Z" user="mulgist" uid="12368943">
  <nd ref="3413889932"/>
  <nd ref="3413889928"/>
  <nd ref="3413889929"/>
  <nd ref="5309677779"/>
  <nd ref="3413889934"/>
  <nd ref="3413889938"/>
  <nd ref="5309677777"/>
  <nd ref="3413889939"/>
  <nd ref="3413889936"/>
  <nd ref="8420732185"/>
  <nd ref="5309677776"/>
  <nd ref="8420732184"/>
  <nd ref="8420732183"/>
  <nd ref="3413889933"/>
  <nd ref="5309677775"/>
  <nd ref="8420732182"/>
  <nd ref="8420732181"/>
  <nd ref="3413889923"/>
  <nd ref="3413889918"/>
  <nd ref="8420734073"/>
  <tag k="waterway" v="ditch"/>
 </way>
 <way id="472430127" visible="true" version="6" changeset="96646660" timestamp="2020-12-30T07:15:21Z" user="mulgist" uid="12368943">
  <nd ref="4666430922"/>
  <nd ref="4666430923"/>
  <nd ref="4666430924"/>
  <nd ref="4666430925"/>
  <nd ref="8273069908"/>
 </way>
 <way id="508048299" visible="true" version="13" changeset="144332579" timestamp="2023-11-22T16:15:50Z" user="asdfqwer51" uid="3350410">
  <nd ref="3413883041"/>
  <nd ref="8438286457"/>
  <nd ref="8438286456"/>
  <nd ref="8438286455"/>
  <nd ref="4974385216"/>
  <nd ref="8438286458"/>
  <nd ref="8438286459"/>
  <nd ref="8438286460"/>
  <nd ref="8438286461"/>
  <nd ref="8438286462"/>
  <nd ref="8438286463"/>
  <nd ref="8438286464"/>
  <nd ref="8438286465"/>
  <nd ref="8438286466"/>
  <nd ref="8438286467"/>
  <nd ref="4974385217"/>
  <nd ref="8438286468"/>
  <nd ref="8438286470"/>
  <nd ref="8438286469"/>
  <nd ref="4974385218"/>
  <nd ref="5181473786"/>
  <nd ref="4974385219"/>
  <nd ref="5181473787"/>
  <nd ref="4974385220"/>
  <nd ref="5181473789"/>
  <nd ref="5181473788"/>
  <nd ref="4974386221"/>
  <nd ref="4974386222"/>
  <nd ref="8438286359"/>
  <nd ref="5309676689"/>
  <nd ref="5181473635"/>
  <nd ref="9905228726"/>
  <nd ref="9905228727"/>
  <nd ref="8438286361"/>
  <nd ref="4974386223"/>
  <nd ref="5312200031"/>
  <nd ref="4974386224"/>
  <nd ref="8438286362"/>
  <nd ref="4974386225"/>
  <nd ref="4974386226"/>
  <nd ref="8257427200"/>
  <nd ref="5354444853"/>
  <nd ref="4974386227"/>
  <nd ref="11368911172"/>
  <nd ref="8257427199"/>
  <nd ref="8254946978"/>
  <nd ref="5354444854"/>
  <nd ref="5354444852"/>
  <nd ref="3413883117"/>
  <nd ref="5354444851"/>
  <nd ref="5181473111"/>
  <nd ref="5181473110"/>
  <nd ref="5181473726"/>
  <nd ref="5181473109"/>
  <nd ref="5181473751"/>
  <nd ref="4974386230"/>
  <nd ref="5291647204"/>
  <nd ref="4974386231"/>
  <nd ref="5291647203"/>
  <nd ref="5291647202"/>
  <nd ref="5291647201"/>
  <nd ref="5291647200"/>
  <nd ref="4974386232"/>
  <nd ref="5180190341"/>
  <nd ref="5291647198"/>
  <nd ref="5291647197"/>
  <nd ref="5291647196"/>
  <nd ref="5180189972"/>
  <nd ref="5291647208"/>
  <nd ref="5291647207"/>
  <nd ref="5291647206"/>
  <nd ref="5291647205"/>
  <nd ref="4974386233"/>
  <nd ref="5180189973"/>
  <nd ref="2662277293"/>
  <nd ref="4666430908"/>
  <nd ref="4981242795"/>
  <nd ref="5291647184"/>
  <nd ref="5291647183"/>
  <nd ref="5291647170"/>
  <nd ref="5181473682"/>
  <nd ref="3413883041"/>
  <tag k="leisure" v="park"/>
  <tag k="name" v="빛가람호수공원"/>
 </way>
 <way id="508052676" visible="true" version="8" changeset="171918325" timestamp="2025-09-14T13:36:20Z" user="FUKUTAN" uid="5207199">
  <nd ref="4974413427"/>
  <nd ref="8422493667"/>
  <nd ref="4974413428"/>
  <nd ref="8422493668"/>
  <nd ref="4974413429"/>
  <nd ref="5181473563"/>
  <nd ref="4974413430"/>
  <nd ref="8449650122"/>
  <nd ref="8449650121"/>
  <nd ref="8449650120"/>
  <nd ref="4974413431"/>
  <nd ref="4974413432"/>
  <nd ref="13142587634"/>
  <nd ref="4974413433"/>
  <nd ref="8422493542"/>
  <nd ref="4974413434"/>
  <nd ref="4974413435"/>
  <nd ref="4974413427"/>
  <tag k="addr:city" v="나주시"/>
  <tag k="addr:housenumber" v="77"/>
  <tag k="addr:postcode" v="58217"/>
  <tag k="addr:province" v="전라남도"/>
  <tag k="addr:street" v="우정로"/>
  <tag k="addr:subdistrict" v="빛가람동"/>
  <tag k="landuse" v="residential"/>
  <tag k="name" v="빛가람 중흥S클래스 센트럴 1차"/>
  <tag k="name:en" v="Bitgaram Jungheung S-Class Central 1"/>
  <tag k="name:ko" v="빛가람 중흥S클래스 센트럴 1차"/>
  <tag k="operator" v="중흥건설(주)"/>
  <tag k="residential" v="apartments"/>
 </way>
 <way id="508052677" visible="true" version="7" changeset="163971755" timestamp="2025-03-23T05:18:51Z" user="chiho_kang" uid="10604125">
  <nd ref="4974413436"/>
  <nd ref="5181473108"/>
  <nd ref="4974413437"/>
  <nd ref="8422428657"/>
  <nd ref="9905228783"/>
  <nd ref="4974413439"/>
  <nd ref="8422428656"/>
  <nd ref="8422428655"/>
  <nd ref="5181473107"/>
  <nd ref="5181473564"/>
  <nd ref="8422428654"/>
  <nd ref="4974413441"/>
  <nd ref="8422428648"/>
  <nd ref="8422428649"/>
  <nd ref="8422428650"/>
  <nd ref="4974413442"/>
  <nd ref="8422428653"/>
  <nd ref="8422428651"/>
  <nd ref="8422428652"/>
  <nd ref="4974413436"/>
  <tag k="addr:city" v="나주시"/>
  <tag k="addr:housenumber" v="101"/>
  <tag k="addr:postcode" v="58217"/>
  <tag k="addr:province" v="전라남도"/>
  <tag k="addr:street" v="우정로"/>
  <tag k="addr:subdistrict" v="빛가람동"/>
  <tag k="landuse" v="residential"/>
  <tag k="name" v="빛가람 중흥S클래스 센트럴 2차"/>
  <tag k="name:en" v="Bitgaram Jungheung S-Class Central 2"/>
  <tag k="name:ko" v="빛가람 중흥S클래스 센트럴 2차"/>
  <tag k="operator" v="중흥건설(주)"/>
  <tag k="residential" v="apartments"/>
 </way>
 <way id="508052679" visible="true" version="3" changeset="163971755" timestamp="2025-03-23T05:18:51Z" user="chiho_kang" uid="10604125">
  <nd ref="4974413459"/>
  <nd ref="4974413460"/>
  <nd ref="4974413461"/>
  <nd ref="4974413462"/>
  <nd ref="4974413463"/>
  <nd ref="4974413464"/>
  <nd ref="4974413465"/>
  <nd ref="4974413466"/>
  <nd ref="4974413467"/>
  <nd ref="4974413468"/>
  <nd ref="4974413469"/>
  <nd ref="4974413470"/>
  <nd ref="4974413471"/>
  <nd ref="4974413472"/>
  <nd ref="4974413473"/>
  <nd ref="4974413474"/>
  <nd ref="4974413459"/>
  <tag k="addr:city" v="나주시"/>
  <tag k="addr:housenumber" v="1"/>
  <tag k="addr:postcode" v="58323"/>
  <tag k="addr:province" v="전라남도"/>
  <tag k="addr:street" v="정보화길"/>
  <tag k="addr:subdistrict" v="빛가람동"/>
  <tag k="building" v="public"/>
 </way>
 <way id="508052680" visible="true" version="4" changeset="144397454" timestamp="2023-11-24T08:19:48Z" user="asdfqwer51" uid="3350410">
  <nd ref="4974413475"/>
  <nd ref="5309416873"/>
  <nd ref="4974413476"/>
  <nd ref="5309416874"/>
  <nd ref="4974413477"/>
  <nd ref="3413889916"/>
  <nd ref="3413889919"/>
  <nd ref="5309416887"/>
  <nd ref="5309416888"/>
  <nd ref="5309416879"/>
  <nd ref="4974413482"/>
  <nd ref="3413889921"/>
  <nd ref="5309416878"/>
  <nd ref="3413889915"/>
  <nd ref="4974413443"/>
  <nd ref="5309416880"/>
  <nd ref="5309416877"/>
  <nd ref="4974413481"/>
  <nd ref="11372883785"/>
  <nd ref="11372883786"/>
  <nd ref="11372883787"/>
  <nd ref="11372883788"/>
  <nd ref="4974413475"/>
  <tag k="leisure" v="park"/>
  <tag k="name" v="두물머리공원"/>
 </way>
 <way id="508052682" visible="true" version="3" changeset="100124997" timestamp="2021-02-28T07:30:07Z" user="mulgist" uid="12368943">
  <nd ref="8465307388"/>
  <nd ref="5181474011"/>
  <tag k="highway" v="footway"/>
 </way>
 <way id="508303717" visible="true" version="6" changeset="163971755" timestamp="2025-03-23T05:18:51Z" user="chiho_kang" uid="10604125">
  <nd ref="4976382998"/>
  <nd ref="4976382999"/>
  <nd ref="4976383000"/>
  <nd ref="8273056498"/>
  <nd ref="8273056499"/>
  <nd ref="4976383001"/>
  <nd ref="8273056500"/>
  <nd ref="8273069854"/>
  <nd ref="8273069878"/>
  <nd ref="4976383002"/>
  <nd ref="4976382998"/>
  <tag k="addr:city" v="나주시"/>
  <tag k="addr:housenumber" v="767"/>
  <tag k="addr:postcode" v="58323"/>
  <tag k="addr:province" v="전라남도"/>
  <tag k="addr:street" v="빛가람로"/>
  <tag k="addr:subdistrict" v="빛가람동"/>
  <tag k="landuse" v="commercial"/>
  <tag k="name" v="국립전파연구원"/>
  <tag k="operator" v="대한민국정부 과학기술정보통신부"/>
  <tag k="operator:type" v="government"/>
 </way>
 <way id="534052715" visible="true" version="6" changeset="144333236" timestamp="2023-11-22T16:36:43Z" user="asdfqwer51" uid="3350410">
  <nd ref="3413883261"/>
  <nd ref="10729284620"/>
  <nd ref="5180185966"/>
  <nd ref="5307971351"/>
  <nd ref="5307971354"/>
  <nd ref="10729284610"/>
  <nd ref="5307971355"/>
  <nd ref="5307971358"/>
  <nd ref="3413883272"/>
  <nd ref="10729284612"/>
  <nd ref="5180185965"/>
  <tag k="highway" v="residential"/>
  <tag k="name" v="쌍산2길"/>
  <tag k="name:en" v="Ssangsan 2-gil"/>
  <tag k="name:ko" v="쌍산2길"/>
 </way>
 <way id="534052716" visible="true" version="2" changeset="75057121" timestamp="2019-09-29T09:29:43Z" user="octel" uid="238290">
  <nd ref="5180185969"/>
  <nd ref="5180190130"/>
  <nd ref="5180185970"/>
  <nd ref="3317872748"/>
  <tag k="highway" v="residential"/>
  <tag k="name" v="도민길"/>
  <tag k="name:en" v="Domin-gil"/>
  <tag k="name:ko" v="도민길"/>
 </way>
 <way id="534052738" visible="true" version="1" changeset="53130301" timestamp="2017-10-21T14:59:49Z" user="FUKUTAN" uid="5207199">
  <nd ref="5180185975"/>
  <nd ref="5180189969"/>
  <nd ref="5180189970"/>
  <tag k="highway" v="service"/>
  <tag k="service" v="parking_aisle"/>
 </way>
 <way id="534052744" visible="true" version="5" changeset="131233215" timestamp="2023-01-13T14:53:00Z" user="FUKUTAN" uid="5207199">
  <nd ref="5180190125"/>
  <nd ref="5180190126"/>
  <nd ref="6147537030"/>
  <nd ref="5180190127"/>
  <nd ref="6147537029"/>
  <nd ref="5180190128"/>
  <nd ref="6147537028"/>
  <nd ref="5180190129"/>
  <nd ref="5180190130"/>
  <nd ref="5180190131"/>
  <nd ref="5180190132"/>
  <nd ref="5180190133"/>
  <nd ref="5180190134"/>
  <nd ref="5180190135"/>
  <nd ref="5180190136"/>
  <nd ref="5180190137"/>
  <nd ref="6147537031"/>
  <nd ref="8270222834"/>
  <nd ref="5180185970"/>
  <nd ref="5180190125"/>
  <tag k="highway" v="residential"/>
  <tag k="name" v="도민길"/>
  <tag k="name:en" v="Domin-gil"/>
  <tag k="name:ko" v="도민길"/>
 </way>
 <way id="534052760" visible="true" version="7" changeset="99601411" timestamp="2021-02-19T14:39:38Z" user="mulgist" uid="12368943">
  <nd ref="8420734082"/>
  <nd ref="5181473639"/>
  <nd ref="5309676693"/>
  <nd ref="5181473771"/>
  <nd ref="5181473783"/>
  <nd ref="8438286446"/>
  <nd ref="5180190203"/>
  <nd ref="5181474001"/>
  <nd ref="5180190204"/>
  <nd ref="5181473753"/>
  <nd ref="5181473758"/>
  <nd ref="5180190206"/>
  <nd ref="5180190207"/>
  <nd ref="5180190208"/>
  <tag k="highway" v="path"/>
 </way>
 <way id="534225863" visible="true" version="5" changeset="144333236" timestamp="2023-11-22T16:36:43Z" user="asdfqwer51" uid="3350410">
  <nd ref="5181473565"/>
  <nd ref="5181473566"/>
  <nd ref="6147537035"/>
  <nd ref="5181473567"/>
  <nd ref="11368927804"/>
  <nd ref="5181473568"/>
  <nd ref="11368927803"/>
  <nd ref="5181473569"/>
  <nd ref="5181473570"/>
  <nd ref="6147537034"/>
  <nd ref="5181473571"/>
  <nd ref="6147537033"/>
  <nd ref="5181473574"/>
  <nd ref="5181473572"/>
  <nd ref="6147537032"/>
  <nd ref="8273069923"/>
  <nd ref="8273069909"/>
  <nd ref="5181473573"/>
  <tag k="highway" v="residential"/>
 </way>
 <way id="534225864" visible="true" version="5" changeset="163971755" timestamp="2025-03-23T05:18:51Z" user="chiho_kang" uid="10604125">
  <nd ref="5181473585"/>
  <nd ref="5181473578"/>
  <nd ref="8267210522"/>
  <nd ref="8267210524"/>
  <nd ref="8267210523"/>
  <nd ref="5181473579"/>
  <nd ref="5181473580"/>
  <nd ref="5181473581"/>
  <nd ref="8267210525"/>
  <nd ref="5181473582"/>
  <nd ref="5181473585"/>
  <tag k="addr:city" v="나주시"/>
  <tag k="addr:housenumber" v="800"/>
  <tag k="addr:postcode" v="58324"/>
  <tag k="addr:province" v="전라남도"/>
  <tag k="addr:street" v="빛가람로"/>
  <tag k="addr:subdistrict" v="빛가람동"/>
  <tag k="landuse" v="residential"/>
  <tag k="name" v="빛가람 사랑으로 부영3단지 아파트"/>
  <tag k="operator" v="(주)부영주택"/>
  <tag k="residential" v="apartments"/>
 </way>
 <way id="534225865" visible="true" version="5" changeset="96780587" timestamp="2021-01-01T17:12:51Z" user="mulgist" uid="12368943">
  <nd ref="5181473578"/>
  <nd ref="5181473583"/>
  <nd ref="8281390459"/>
  <nd ref="8273070018"/>
  <nd ref="5181473584"/>
  <nd ref="8267175395"/>
  <nd ref="5181473585"/>
  <nd ref="5181473578"/>
  <tag k="leisure" v="park"/>
  <tag k="name" v="빛가람혁신도시 체육공원"/>
 </way>
 <way id="534225867" visible="true" version="5" changeset="185763392" timestamp="2026-07-15T06:20:29Z" user="야광멧돼지" uid="12393144">
  <nd ref="5181473597"/>
  <nd ref="5181473598"/>
  <nd ref="8438286336"/>
  <nd ref="5181473599"/>
  <nd ref="5181473600"/>
  <nd ref="5181473601"/>
  <nd ref="5181473602"/>
  <nd ref="5181473603"/>
  <nd ref="5181473604"/>
  <nd ref="5181473605"/>
  <nd ref="5312200026"/>
  <nd ref="5181473606"/>
  <nd ref="5181473607"/>
  <nd ref="5181473608"/>
  <nd ref="5181473609"/>
  <nd ref="5181473610"/>
  <nd ref="5181473611"/>
  <nd ref="8438286334"/>
  <nd ref="14016780159"/>
  <nd ref="14016780160"/>
  <nd ref="5181473613"/>
  <nd ref="14016780161"/>
  <nd ref="5181473614"/>
  <nd ref="5181473615"/>
  <nd ref="5181473616"/>
  <nd ref="5181473617"/>
  <nd ref="5181473618"/>
  <nd ref="5181473619"/>
  <nd ref="5181473620"/>
  <nd ref="5181473621"/>
  <nd ref="5181473622"/>
  <nd ref="5181473623"/>
  <nd ref="5181473597"/>
  <tag k="addr:city" v="나주시"/>
  <tag k="addr:housenumber" v="45"/>
  <tag k="addr:postcode" v="58325"/>
  <tag k="addr:province" v="전라남도"/>
  <tag k="addr:street" v="배멧1길"/>
  <tag k="addr:subdistrict" v="빛가람동"/>
  <tag k="leisure" v="miniature_golf"/>
  <tag k="name" v="파크골프장"/>
  <tag k="operator" v="빛가람호수공원"/>
 </way>
 <way id="534225868" visible="true" version="15" changeset="176319095" timestamp="2025-12-23T17:30:15Z" user="aaei924" uid="10626814">
  <nd ref="2668227973"/>
  <nd ref="8281390455"/>
  <nd ref="13273395552"/>
  <nd ref="3413883178"/>
  <nd ref="5312163978"/>
  <nd ref="2623137542"/>
  <tag k="highway" v="secondary"/>
  <tag k="name" v="빛가람로"/>
  <tag k="name:en" v="Bitgaram-ro"/>
  <tag k="name:ko" v="빛가람로"/>
  <tag k="oneway" v="yes"/>
 </way>
 <way id="534225869" visible="true" version="7" changeset="176319095" timestamp="2025-12-23T17:30:15Z" user="aaei924" uid="10626814">
  <nd ref="5181473632"/>
  <nd ref="13273395555"/>
  <tag k="bridge" v="yes"/>
  <tag k="highway" v="secondary"/>
  <tag k="layer" v="1"/>
  <tag k="name" v="빛가람로"/>
  <tag k="name:en" v="Bitgaram-ro"/>
  <tag k="name:ko" v="빛가람로"/>
  <tag k="oneway" v="yes"/>
 </way>
 <way id="534225870" visible="true" version="8" changeset="124040733" timestamp="2022-07-25T08:53:04Z" user="FUKUTAN" uid="5207199">
  <nd ref="5181473634"/>
  <nd ref="8438286360"/>
  <nd ref="5181473636"/>
  <nd ref="5181473637"/>
  <nd ref="5181473638"/>
  <nd ref="5181473639"/>
  <nd ref="5181473640"/>
  <nd ref="5181473641"/>
  <nd ref="8438286442"/>
  <nd ref="5181473642"/>
  <nd ref="5181473643"/>
  <nd ref="5181473644"/>
  <nd ref="5181473645"/>
  <nd ref="5181473646"/>
  <nd ref="5181473773"/>
  <nd ref="5181473647"/>
  <nd ref="5181473648"/>
  <nd ref="5181473649"/>
  <nd ref="5181473650"/>
  <nd ref="5181473651"/>
  <nd ref="5181473652"/>
  <nd ref="5181473994"/>
  <nd ref="9909151240"/>
  <nd ref="5181473653"/>
  <nd ref="5181473654"/>
  <nd ref="9909151243"/>
  <nd ref="9909151242"/>
  <nd ref="5181473752"/>
  <nd ref="9909151241"/>
  <nd ref="5307959873"/>
  <nd ref="5181473657"/>
  <nd ref="5181473658"/>
  <nd ref="5181473659"/>
  <nd ref="5181473660"/>
  <nd ref="9909151245"/>
  <nd ref="9909151246"/>
  <nd ref="9909151247"/>
  <nd ref="5181473661"/>
  <nd ref="5181473662"/>
  <nd ref="5181473663"/>
  <nd ref="5181473664"/>
  <nd ref="5181473665"/>
  <nd ref="5181473666"/>
  <nd ref="5181473667"/>
  <nd ref="5181473668"/>
  <nd ref="5181473669"/>
  <nd ref="8438286452"/>
  <nd ref="5181473670"/>
  <nd ref="5309677822"/>
  <nd ref="5309677824"/>
  <nd ref="5309677825"/>
  <nd ref="5181473674"/>
  <nd ref="5307959916"/>
  <nd ref="5307959915"/>
  <nd ref="5181473676"/>
  <nd ref="5181473677"/>
  <nd ref="5181473678"/>
  <nd ref="5181473679"/>
  <nd ref="5181473680"/>
  <nd ref="5309677820"/>
  <nd ref="5181473681"/>
  <nd ref="8438286454"/>
  <tag k="highway" v="path"/>
 </way>
 <way id="534225872" visible="true" version="6" changeset="144332579" timestamp="2023-11-22T16:15:50Z" user="asdfqwer51" uid="3350410">
  <nd ref="5180190339"/>
  <nd ref="5181473701"/>
  <nd ref="5181473809"/>
  <nd ref="5181473703"/>
  <nd ref="5181473704"/>
  <nd ref="5181473705"/>
  <nd ref="5181473706"/>
  <nd ref="5181473707"/>
  <nd ref="5181473708"/>
  <nd ref="5181473709"/>
  <nd ref="5181473710"/>
  <nd ref="5181473711"/>
  <nd ref="5181473712"/>
  <nd ref="5181473713"/>
  <nd ref="5181473714"/>
  <nd ref="5181473715"/>
  <nd ref="5181473716"/>
  <nd ref="5181473717"/>
  <nd ref="5181473718"/>
  <nd ref="5181473719"/>
  <nd ref="5181473720"/>
  <nd ref="5181473721"/>
  <nd ref="5181473722"/>
  <nd ref="5181473723"/>
  <nd ref="5181473724"/>
  <nd ref="5181473725"/>
  <nd ref="8440076343"/>
  <nd ref="5181473727"/>
  <nd ref="5181473728"/>
  <nd ref="5181473729"/>
  <nd ref="5181473730"/>
  <nd ref="5181473731"/>
  <nd ref="5181473732"/>
  <nd ref="5181473733"/>
  <nd ref="5181473734"/>
  <nd ref="5181473735"/>
  <nd ref="5181473736"/>
  <nd ref="5181473737"/>
  <nd ref="5181473738"/>
  <nd ref="5181473739"/>
  <nd ref="5181473741"/>
  <nd ref="5181473742"/>
  <nd ref="8257427196"/>
  <nd ref="5181473744"/>
  <nd ref="5181473748"/>
  <nd ref="5181473750"/>
  <nd ref="5181473749"/>
  <nd ref="5312200003"/>
  <nd ref="5312200004"/>
  <nd ref="5312200005"/>
  <nd ref="5312200006"/>
  <nd ref="5312200007"/>
  <nd ref="5312200008"/>
  <nd ref="5312200009"/>
  <nd ref="8440076413"/>
  <nd ref="5312200010"/>
  <nd ref="5312200011"/>
  <nd ref="5312200012"/>
  <nd ref="5312200013"/>
  <nd ref="5312200014"/>
  <nd ref="5312200015"/>
  <nd ref="5312200016"/>
  <nd ref="5312200017"/>
  <nd ref="5312200019"/>
  <nd ref="5312200021"/>
  <nd ref="5312200024"/>
  <nd ref="5312200025"/>
  <nd ref="8438286335"/>
  <nd ref="5312200028"/>
  <nd ref="5312200029"/>
  <nd ref="5312200030"/>
  <tag k="highway" v="path"/>
 </way>
 <way id="534225894" visible="true" version="2" changeset="100124997" timestamp="2021-02-28T07:30:07Z" user="mulgist" uid="12368943">
  <nd ref="5181474003"/>
  <nd ref="8465313322"/>
  <nd ref="5181474004"/>
  <tag k="highway" v="service"/>
  <tag k="service" v="parking_aisle"/>
 </way>
 <way id="534225895" visible="true" version="2" changeset="99219143" timestamp="2021-02-13T16:03:11Z" user="mulgist" uid="12368943">
  <nd ref="5181474005"/>
  <nd ref="5181474004"/>
  <nd ref="5181474006"/>
  <tag k="highway" v="service"/>
  <tag k="service" v="parking_aisle"/>
 </way>
 <way id="534225896" visible="true" version="2" changeset="100138147" timestamp="2021-02-28T14:03:49Z" user="mulgist" uid="12368943">
  <nd ref="5181474011"/>
  <nd ref="5181474010"/>
  <tag k="bridge" v="yes"/>
  <tag k="highway" v="footway"/>
  <tag k="layer" v="1"/>
 </way>
 <way id="534225897" visible="true" version="3" changeset="100124997" timestamp="2021-02-28T07:30:07Z" user="mulgist" uid="12368943">
  <nd ref="5181474010"/>
  <nd ref="8438285690"/>
  <tag k="highway" v="footway"/>
 </way>
 <way id="534225912" visible="true" version="13" changeset="185405421" timestamp="2026-07-09T12:40:48Z" user="samdasooooooo" uid="14457606">
  <nd ref="9909151287"/>
  <nd ref="9909151286"/>
  <nd ref="11369028986"/>
  <nd ref="9909151285"/>
  <nd ref="9909151284"/>
  <nd ref="9909151283"/>
  <nd ref="9909151282"/>
  <nd ref="9909151281"/>
  <nd ref="9909151280"/>
  <nd ref="9909151279"/>
  <nd ref="9909151278"/>
  <nd ref="9909151277"/>
  <nd ref="9909151276"/>
  <nd ref="9909151275"/>
  <nd ref="9909151274"/>
  <nd ref="9909151273"/>
  <nd ref="9909151272"/>
  <nd ref="9909151271"/>
  <nd ref="9909151270"/>
  <nd ref="14000139944"/>
  <nd ref="12492158464"/>
  <nd ref="9909151269"/>
  <nd ref="9909151268"/>
  <nd ref="5181474084"/>
  <nd ref="5181474085"/>
  <nd ref="12492158462"/>
  <nd ref="5181474086"/>
  <nd ref="5181474087"/>
  <nd ref="10549091053"/>
  <nd ref="5181474088"/>
  <nd ref="10549091052"/>
  <nd ref="10549091051"/>
  <nd ref="14000139926"/>
  <nd ref="14000139932"/>
  <nd ref="5181474089"/>
  <nd ref="5309677870"/>
  <nd ref="5181474090"/>
  <nd ref="10549091054"/>
  <nd ref="5181474091"/>
  <nd ref="5181474092"/>
  <nd ref="14000139937"/>
  <nd ref="5181474093"/>
  <nd ref="5312163959"/>
  <nd ref="5312199938"/>
  <nd ref="5312199939"/>
  <nd ref="5181474094"/>
  <nd ref="5181474095"/>
  <nd ref="5309677753"/>
  <nd ref="5309677754"/>
  <nd ref="5309677755"/>
  <nd ref="8420734071"/>
  <nd ref="5309677756"/>
  <nd ref="8467256411"/>
  <nd ref="5309677757"/>
  <nd ref="5309677758"/>
  <nd ref="5309677759"/>
  <nd ref="5309677760"/>
  <nd ref="5309677761"/>
  <nd ref="5309677762"/>
  <nd ref="5309677763"/>
  <nd ref="8420734070"/>
  <nd ref="5309677764"/>
  <nd ref="5309677765"/>
  <tag k="highway" v="path"/>
 </way>
 <way id="539433845" visible="true" version="14" changeset="176319095" timestamp="2025-12-23T17:30:15Z" user="aaei924" uid="10626814">
  <nd ref="1438911865"/>
  <nd ref="13398101055"/>
  <nd ref="2623130327"/>
  <nd ref="13273395557"/>
  <nd ref="5181474044"/>
  <nd ref="6173261565"/>
  <nd ref="3317878852"/>
  <nd ref="5309434032"/>
  <nd ref="13273395556"/>
  <nd ref="13398101045"/>
  <nd ref="5291647156"/>
  <nd ref="5291647160"/>
  <nd ref="8438286329"/>
  <nd ref="5181473632"/>
  <tag k="highway" v="secondary"/>
  <tag k="name" v="빛가람로"/>
  <tag k="name:en" v="Bitgaram-ro"/>
  <tag k="name:ko" v="빛가람로"/>
  <tag k="oneway" v="yes"/>
 </way>
 <way id="547664344" visible="true" version="4" changeset="176313032" timestamp="2025-12-23T15:05:33Z" user="aaei924" uid="10626814">
  <nd ref="5291647154"/>
  <nd ref="9909151256"/>
  <nd ref="2623137229"/>
  <nd ref="9909151249"/>
  <nd ref="4976382996"/>
  <nd ref="3413883236"/>
  <nd ref="5180189963"/>
  <nd ref="4974413453"/>
  <nd ref="2623136273"/>
  <nd ref="5180189968"/>
  <nd ref="2623137225"/>
  <nd ref="5291647159"/>
  <tag k="highway" v="tertiary"/>
  <tag k="name" v="우정로"/>
  <tag k="name:en" v="Ujeong-ro"/>
  <tag k="name:ko" v="우정로"/>
 </way>
 <way id="547664345" visible="true" version="8" changeset="171629645" timestamp="2025-09-08T11:26:54Z" user="FUKUTAN" uid="5207199">
  <nd ref="5291647155"/>
  <nd ref="10549091055"/>
  <nd ref="5307971346"/>
  <nd ref="1438911981"/>
  <nd ref="5309416688"/>
  <nd ref="1438911983"/>
  <nd ref="1438911984"/>
  <nd ref="1438911986"/>
  <nd ref="5312164057"/>
  <nd ref="1438911988"/>
  <nd ref="1438911989"/>
  <nd ref="1438911991"/>
  <nd ref="13127817101"/>
  <nd ref="1438911994"/>
  <tag k="highway" v="tertiary"/>
  <tag k="ref" v="25"/>
 </way>
 <way id="547664347" visible="true" version="9" changeset="176313032" timestamp="2025-12-23T15:05:33Z" user="aaei924" uid="10626814">
  <nd ref="5291647158"/>
  <nd ref="2623137223"/>
  <nd ref="11368893163"/>
  <nd ref="11217166592"/>
  <nd ref="5291647166"/>
  <nd ref="2668227971"/>
  <nd ref="5181473573"/>
  <nd ref="11369029036"/>
  <tag k="highway" v="tertiary"/>
  <tag k="name" v="우정로"/>
  <tag k="name:en" v="Ujeong-ro"/>
  <tag k="name:ko" v="우정로"/>
 </way>
 <way id="547664349" visible="true" version="3" changeset="176313032" timestamp="2025-12-23T15:05:33Z" user="aaei924" uid="10626814">
  <nd ref="5291647159"/>
  <nd ref="5291647158"/>
  <tag k="bridge" v="yes"/>
  <tag k="highway" v="tertiary"/>
  <tag k="layer" v="1"/>
  <tag k="name" v="우정로"/>
  <tag k="name:en" v="Ujeong-ro"/>
  <tag k="name:ko" v="우정로"/>
 </way>
 <way id="547664351" visible="true" version="6" changeset="176319095" timestamp="2025-12-23T17:30:15Z" user="aaei924" uid="10626814">
  <nd ref="5291647161"/>
  <nd ref="13398101043"/>
  <nd ref="5181474003"/>
  <nd ref="8465313319"/>
  <nd ref="3413883214"/>
  <nd ref="8465313263"/>
  <nd ref="8465313266"/>
  <nd ref="2623137223"/>
  <tag k="highway" v="tertiary"/>
  <tag k="name" v="상야3길"/>
  <tag k="name:en" v="Sangya 3-gil"/>
  <tag k="name:ko" v="상야3길"/>
 </way>
 <way id="547664352" visible="true" version="4" changeset="100124997" timestamp="2021-02-28T07:30:07Z" user="mulgist" uid="12368943">
  <nd ref="5291647162"/>
  <nd ref="8465313269"/>
  <nd ref="8465313221"/>
  <nd ref="5291647163"/>
  <nd ref="6147537043"/>
  <nd ref="8465313220"/>
  <nd ref="5291647164"/>
  <nd ref="8465313217"/>
  <nd ref="8465307410"/>
  <nd ref="5291647165"/>
  <nd ref="8465313268"/>
  <nd ref="5291647166"/>
  <tag k="highway" v="residential"/>
  <tag k="name" v="상야4길"/>
  <tag k="name:en" v="Sangya 4-gil"/>
  <tag k="name:ko" v="상야4길"/>
 </way>
 <way id="547664353" visible="true" version="8" changeset="176313032" timestamp="2025-12-23T15:05:33Z" user="aaei924" uid="10626814">
  <nd ref="5291647167"/>
  <nd ref="8440089627"/>
  <nd ref="6147535667"/>
  <nd ref="5291647168"/>
  <nd ref="2662276079"/>
  <nd ref="5354443504"/>
  <nd ref="5180190185"/>
  <nd ref="8440089643"/>
  <nd ref="8440089640"/>
  <nd ref="3413883134"/>
  <nd ref="8440076416"/>
  <nd ref="8440076414"/>
  <nd ref="3413883146"/>
  <nd ref="8440089637"/>
  <nd ref="6147535664"/>
  <nd ref="5180190195"/>
  <nd ref="6147535665"/>
  <nd ref="2662276081"/>
  <nd ref="5181474047"/>
  <nd ref="5180189932"/>
  <nd ref="8440089538"/>
  <nd ref="3413883174"/>
  <nd ref="8440089565"/>
  <nd ref="5291647161"/>
  <tag k="highway" v="tertiary"/>
  <tag k="name" v="배멧1길"/>
  <tag k="name:en" v="Baemet 1-gil"/>
  <tag k="name:ko" v="배멧1길"/>
 </way>
 <way id="549492169" visible="true" version="3" changeset="171918484" timestamp="2025-09-14T13:39:45Z" user="FUKUTAN" uid="5207199">
  <nd ref="5307959702"/>
  <nd ref="5307959703"/>
  <nd ref="13142595939"/>
  <nd ref="5307959704"/>
  <nd ref="5307959705"/>
  <nd ref="13142595937"/>
  <nd ref="11369029035"/>
  <nd ref="5307959707"/>
  <tag k="highway" v="residential"/>
 </way>
 <way id="549492173" visible="true" version="2" changeset="144334816" timestamp="2023-11-22T17:12:52Z" user="asdfqwer51" uid="3350410">
  <nd ref="5307959718"/>
  <nd ref="11369029036"/>
  <tag k="highway" v="residential"/>
 </way>
 <way id="549493782" visible="true" version="4" changeset="133576767" timestamp="2023-03-12T08:09:37Z" user="FUKUTAN" uid="5207199">
  <nd ref="5307971347"/>
  <nd ref="10729284627"/>
  <nd ref="5307971348"/>
  <nd ref="5307971349"/>
  <nd ref="5307971350"/>
  <tag k="highway" v="residential"/>
  <tag k="name" v="쌍산1길"/>
  <tag k="name:en" v="Ssangsan 1-gil"/>
  <tag k="name:ko" v="쌍산1길"/>
 </way>
 <way id="549493784" visible="true" version="2" changeset="75057121" timestamp="2019-09-29T09:29:43Z" user="octel" uid="238290">
  <nd ref="5307971351"/>
  <nd ref="5307971352"/>
  <nd ref="5307971353"/>
  <nd ref="5307971354"/>
  <tag k="highway" v="residential"/>
  <tag k="name" v="쌍산2길"/>
  <tag k="name:en" v="Ssangsan 2-gil"/>
  <tag k="name:ko" v="쌍산2길"/>
 </way>
 <way id="549493786" visible="true" version="2" changeset="75057121" timestamp="2019-09-29T09:29:43Z" user="octel" uid="238290">
  <nd ref="5307971355"/>
  <nd ref="5307971356"/>
  <nd ref="5307971357"/>
  <nd ref="5307971358"/>
  <tag k="highway" v="residential"/>
  <tag k="name" v="쌍산2길"/>
  <tag k="name:en" v="Ssangsan 2-gil"/>
  <tag k="name:ko" v="쌍산2길"/>
 </way>
 <way id="549647574" visible="true" version="6" changeset="169845314" timestamp="2025-08-02T05:20:22Z" user="morago" uid="11113946">
  <nd ref="5309416437"/>
  <nd ref="5309416438"/>
  <nd ref="5309416439"/>
  <nd ref="5309416440"/>
  <nd ref="5309416441"/>
  <nd ref="5309416442"/>
  <nd ref="5309416443"/>
  <nd ref="5309416444"/>
  <nd ref="5309416445"/>
  <nd ref="5309416446"/>
  <nd ref="5309416447"/>
  <nd ref="5309416448"/>
  <nd ref="5309416449"/>
  <nd ref="5309416450"/>
  <nd ref="5309416451"/>
  <nd ref="5309416452"/>
  <nd ref="5309416453"/>
  <nd ref="5309416454"/>
  <nd ref="5309416455"/>
  <nd ref="5309416456"/>
  <nd ref="5309416457"/>
  <nd ref="5309416458"/>
  <nd ref="5309416459"/>
  <nd ref="5309416460"/>
  <nd ref="5309416461"/>
  <nd ref="5309416462"/>
  <nd ref="5309416463"/>
  <nd ref="5309416464"/>
  <nd ref="5309416465"/>
  <nd ref="5309416466"/>
  <nd ref="5309416467"/>
  <nd ref="5309416468"/>
  <nd ref="5309416469"/>
  <nd ref="5309416470"/>
  <nd ref="5309416471"/>
  <nd ref="5309416472"/>
  <nd ref="5309416473"/>
  <nd ref="5309416474"/>
  <nd ref="5309416475"/>
  <nd ref="5309416664"/>
  <nd ref="5309416476"/>
  <nd ref="5309416477"/>
  <nd ref="5309416478"/>
  <nd ref="5309416479"/>
  <nd ref="5309416480"/>
  <nd ref="5309416481"/>
  <nd ref="5309416482"/>
  <nd ref="8315254340"/>
  <nd ref="5309416483"/>
  <nd ref="5309416484"/>
  <nd ref="5309416485"/>
  <nd ref="5309416486"/>
  <nd ref="5309416437"/>
  <tag k="crop" v="rice"/>
  <tag k="landuse" v="farmland"/>
 </way>
 <way id="549647575" visible="true" version="2" changeset="144334816" timestamp="2023-11-22T17:12:52Z" user="asdfqwer51" uid="3350410">
  <nd ref="5309416487"/>
  <nd ref="5309416488"/>
  <nd ref="5309416489"/>
  <nd ref="5309416490"/>
  <nd ref="5309416491"/>
  <nd ref="5309416492"/>
  <nd ref="5309416493"/>
  <nd ref="5309416494"/>
  <nd ref="5309416495"/>
  <nd ref="5309416496"/>
  <nd ref="5309416497"/>
  <nd ref="5309416498"/>
  <nd ref="5309416499"/>
  <nd ref="5309416500"/>
  <nd ref="5309416501"/>
  <nd ref="5309416502"/>
  <nd ref="5309416503"/>
  <nd ref="5309416504"/>
  <nd ref="5309416505"/>
  <nd ref="5309416506"/>
  <nd ref="5309416507"/>
  <nd ref="5309416508"/>
  <nd ref="5309416509"/>
  <nd ref="5309416510"/>
  <nd ref="5309416511"/>
  <nd ref="5309416512"/>
  <nd ref="5309416513"/>
  <nd ref="5309416514"/>
  <nd ref="5309416515"/>
  <nd ref="5309416516"/>
  <nd ref="5309416517"/>
  <nd ref="5309416518"/>
  <nd ref="5309416519"/>
  <nd ref="5309416520"/>
  <nd ref="5309416621"/>
  <nd ref="5309416622"/>
  <nd ref="5309416623"/>
  <nd ref="5309416624"/>
  <nd ref="5309416487"/>
  <tag k="name" v="제성저수지"/>
  <tag k="name:en" v="Jeseong Reservoir"/>
  <tag k="name:ko" v="제성저수지"/>
  <tag k="natural" v="water"/>
  <tag k="water" v="reservoir"/>
 </way>
 <way id="549647576" visible="true" version="4" changeset="157777877" timestamp="2024-10-12T01:57:04Z" user="FUKUTAN" uid="5207199">
  <nd ref="5309416625"/>
  <nd ref="5309416626"/>
  <nd ref="8315254370"/>
  <nd ref="5309416627"/>
  <nd ref="8315254376"/>
  <nd ref="8315254378"/>
  <nd ref="8315254377"/>
  <nd ref="8315254379"/>
  <nd ref="8315254371"/>
  <nd ref="11369029023"/>
  <nd ref="11369029024"/>
  <nd ref="11369029025"/>
  <nd ref="11369029026"/>
  <nd ref="8315254372"/>
  <nd ref="8315254373"/>
  <nd ref="8315254374"/>
  <nd ref="8315254375"/>
  <nd ref="5309416628"/>
  <nd ref="5309416629"/>
  <nd ref="5309416630"/>
  <nd ref="5309416631"/>
  <nd ref="5309416632"/>
  <nd ref="5309416633"/>
  <nd ref="5309416634"/>
  <nd ref="5309416644"/>
  <nd ref="5309416635"/>
  <nd ref="5309416636"/>
  <nd ref="12245217822"/>
  <nd ref="5309416637"/>
  <nd ref="5309416638"/>
  <nd ref="5309416639"/>
  <nd ref="5309416640"/>
  <nd ref="5309416641"/>
  <nd ref="5309416642"/>
  <nd ref="5309416643"/>
  <nd ref="5309416625"/>
  <tag k="leisure" v="park"/>
 </way>
 <way id="549647577" visible="true" version="2" changeset="75057121" timestamp="2019-09-29T09:29:43Z" user="octel" uid="238290">
  <nd ref="5309416645"/>
  <nd ref="5309416646"/>
  <nd ref="5309416647"/>
  <nd ref="5309416648"/>
  <nd ref="5309416649"/>
  <tag k="highway" v="residential"/>
  <tag k="name" v="쌍산1길"/>
  <tag k="name:en" v="Ssangsan 1-gil"/>
  <tag k="name:ko" v="쌍산1길"/>
 </way>
 <way id="549647578" visible="true" version="2" changeset="75057121" timestamp="2019-09-29T09:29:43Z" user="octel" uid="238290">
  <nd ref="5309416651"/>
  <nd ref="3413883258"/>
  <tag k="highway" v="residential"/>
  <tag k="name" v="쌍산3길"/>
  <tag k="name:en" v="Ssangsan 3-gil"/>
  <tag k="name:ko" v="쌍산3길"/>
 </way>
 <way id="549647579" visible="true" version="3" changeset="144333236" timestamp="2023-11-22T16:36:43Z" user="asdfqwer51" uid="3350410">
  <nd ref="5309416656"/>
  <nd ref="11368927819"/>
  <nd ref="5309416655"/>
  <tag k="highway" v="residential"/>
  <tag k="name" v="쌍산3길"/>
  <tag k="name:en" v="Ssangsan 3-gil"/>
  <tag k="name:ko" v="쌍산3길"/>
 </way>
 <way id="549647583" visible="true" version="1" changeset="54997523" timestamp="2017-12-29T00:31:58Z" user="FUKUTAN" uid="5207199">
  <nd ref="5309416677"/>
  <nd ref="5309416678"/>
  <nd ref="2631866015"/>
  <nd ref="5309416690"/>
  <nd ref="5309416689"/>
  <nd ref="5309416679"/>
  <nd ref="5309416680"/>
  <nd ref="5309416681"/>
  <nd ref="5309416682"/>
  <nd ref="5309416683"/>
  <nd ref="5309416684"/>
  <nd ref="5309416685"/>
  <nd ref="5309416686"/>
  <nd ref="5309416687"/>
  <nd ref="5309416688"/>
  <tag k="highway" v="service"/>
 </way>
 <way id="549649367" visible="true" version="6" changeset="163971755" timestamp="2025-03-23T05:18:51Z" user="chiho_kang" uid="10604125">
  <nd ref="5309434038"/>
  <nd ref="5309434039"/>
  <nd ref="5309434040"/>
  <nd ref="5309434041"/>
  <nd ref="5309434042"/>
  <nd ref="5309434043"/>
  <nd ref="5309434044"/>
  <nd ref="5309434045"/>
  <nd ref="5309434046"/>
  <nd ref="5309434047"/>
  <nd ref="5309434048"/>
  <nd ref="5309434049"/>
  <nd ref="5309434050"/>
  <nd ref="5309434051"/>
  <nd ref="5309434052"/>
  <nd ref="5309434053"/>
  <nd ref="5309434054"/>
  <nd ref="5309434086"/>
  <nd ref="5309434055"/>
  <nd ref="5309434056"/>
  <nd ref="5309434057"/>
  <nd ref="5309434085"/>
  <nd ref="5309434058"/>
  <nd ref="5309434059"/>
  <nd ref="5309434060"/>
  <nd ref="5309434061"/>
  <nd ref="5309434062"/>
  <nd ref="5309434063"/>
  <nd ref="5309434064"/>
  <nd ref="5309434065"/>
  <nd ref="5309434066"/>
  <nd ref="5309434067"/>
  <nd ref="5309434068"/>
  <nd ref="5309434069"/>
  <nd ref="5309434070"/>
  <nd ref="5309434071"/>
  <nd ref="5309434072"/>
  <nd ref="5309434073"/>
  <nd ref="5309434074"/>
  <nd ref="5309434075"/>
  <nd ref="5309434076"/>
  <nd ref="5309434084"/>
  <nd ref="5309434083"/>
  <nd ref="5309434082"/>
  <nd ref="5309434081"/>
  <nd ref="5309434080"/>
  <nd ref="5309434079"/>
  <nd ref="5309434078"/>
  <nd ref="5309434077"/>
  <nd ref="5309434038"/>
  <tag k="addr:city" v="나주시"/>
  <tag k="addr:housenumber" v="719"/>
  <tag k="addr:postcode" v="58217"/>
  <tag k="addr:province" v="전라남도"/>
  <tag k="addr:street" v="빛가람로"/>
  <tag k="addr:subdistrict" v="빛가람동"/>
  <tag k="amenity" v="townhall"/>
  <tag k="building" v="public"/>
  <tag k="government" v="administrative"/>
  <tag k="name" v="빛가람동행정복지센터"/>
  <tag k="name:en" v="Bitgaram-dong Administration Welfare Center"/>
  <tag k="name:ko" v="빛가람동행정복지센터"/>
  <tag k="office" v="government"/>
  <tag k="website" v="https://www.naju.go.kr/"/>
 </way>
 <way id="549649368" visible="true" version="3" changeset="163971755" timestamp="2025-03-23T05:18:51Z" user="chiho_kang" uid="10604125">
  <nd ref="5309434087"/>
  <nd ref="5309434088"/>
  <nd ref="5309434089"/>
  <nd ref="5309434090"/>
  <nd ref="5309434091"/>
  <nd ref="5309434092"/>
  <nd ref="5309434087"/>
  <tag k="addr:city" v="나주시"/>
  <tag k="addr:housenumber" v="22"/>
  <tag k="addr:postcode" v="58217"/>
  <tag k="addr:province" v="전라남도"/>
  <tag k="addr:street" v="상야4길"/>
  <tag k="addr:subdistrict" v="빛가람동"/>
  <tag k="building" v="commercial"/>
  <tag k="building:levels" v="6"/>
  <tag k="name" v="대양스퀘어가든"/>
 </way>
 <way id="549649369" visible="true" version="3" changeset="163971755" timestamp="2025-03-23T05:18:51Z" user="chiho_kang" uid="10604125">
  <nd ref="5309434093"/>
  <nd ref="5309434094"/>
  <nd ref="5309434095"/>
  <nd ref="5309434096"/>
  <nd ref="5309434097"/>
  <nd ref="5309434098"/>
  <nd ref="5309434099"/>
  <nd ref="5309434100"/>
  <nd ref="5309434101"/>
  <nd ref="8465307387"/>
  <nd ref="5309434102"/>
  <nd ref="5309434103"/>
  <nd ref="5309434104"/>
  <nd ref="5309434093"/>
  <tag k="addr:city" v="나주시"/>
  <tag k="addr:housenumber" v="106"/>
  <tag k="addr:postcode" v="58217"/>
  <tag k="addr:province" v="전라남도"/>
  <tag k="addr:street" v="우정로"/>
  <tag k="addr:subdistrict" v="빛가람동"/>
  <tag k="building" v="commercial"/>
  <tag k="building:levels" v="8"/>
  <tag k="name" v="토담스타타워"/>
 </way>
 <way id="549649370" visible="true" version="2" changeset="99630021" timestamp="2021-02-20T08:24:13Z" user="mulgist" uid="12368943">
  <nd ref="8440089577"/>
  <nd ref="5309434108"/>
  <tag k="highway" v="footway"/>
 </way>
 <way id="549649371" visible="true" version="4" changeset="100536009" timestamp="2021-03-06T13:32:44Z" user="mulgist" uid="12368943">
  <nd ref="5309434118"/>
  <nd ref="5309434119"/>
  <nd ref="5309434120"/>
  <nd ref="8449650143"/>
  <nd ref="5309434121"/>
  <nd ref="5309434122"/>
  <nd ref="5309434123"/>
  <nd ref="5309434124"/>
  <nd ref="5309434125"/>
  <nd ref="5309434126"/>
  <nd ref="8491474151"/>
  <nd ref="5309434108"/>
  <nd ref="5309434109"/>
  <nd ref="5309434113"/>
  <nd ref="5309434114"/>
  <nd ref="5309434115"/>
  <nd ref="5309434116"/>
  <nd ref="5309434117"/>
  <nd ref="5309434110"/>
  <nd ref="5309434111"/>
  <nd ref="5309434112"/>
  <nd ref="5309434118"/>
  <tag k="highway" v="footway"/>
 </way>
 <way id="549672773" visible="true" version="2" changeset="99601411" timestamp="2021-02-19T14:39:38Z" user="mulgist" uid="12368943">
  <nd ref="8438286330"/>
  <nd ref="5309676690"/>
  <nd ref="8438286332"/>
  <nd ref="5309676692"/>
  <nd ref="5309676693"/>
  <tag k="highway" v="path"/>
 </way>
 <way id="549672792" visible="true" version="6" changeset="174046299" timestamp="2025-11-01T05:13:14Z" user="torisugari" uid="22158042">
  <nd ref="2623136117"/>
  <nd ref="13273395544"/>
  <nd ref="5307959702"/>
  <nd ref="4974413486"/>
  <nd ref="13273395543"/>
  <nd ref="5181473562"/>
  <nd ref="2623136266"/>
  <nd ref="11368927816"/>
  <nd ref="2623136269"/>
  <nd ref="10729284605"/>
  <nd ref="2623136268"/>
  <tag k="highway" v="tertiary"/>
  <tag k="name" v="전력로"/>
  <tag k="name:en" v="Jeollyeok-ro"/>
  <tag k="name:ko" v="전력로"/>
 </way>
 <way id="549672793" visible="true" version="2" changeset="96646660" timestamp="2020-12-30T07:15:21Z" user="mulgist" uid="12368943">
  <nd ref="8273056501"/>
  <nd ref="5309677796"/>
  <nd ref="5309677790"/>
  <nd ref="5309677793"/>
  <nd ref="5309677787"/>
  <nd ref="5309677788"/>
  <nd ref="5309677789"/>
  <tag k="highway" v="service"/>
  <tag k="service" v="parking_aisle"/>
 </way>
 <way id="549672794" visible="true" version="1" changeset="55000270" timestamp="2017-12-29T04:56:03Z" user="FUKUTAN" uid="5207199">
  <nd ref="5309677790"/>
  <nd ref="5309677791"/>
  <nd ref="5309677792"/>
  <nd ref="5309677788"/>
  <tag k="highway" v="service"/>
  <tag k="service" v="parking_aisle"/>
 </way>
 <way id="549672795" visible="true" version="1" changeset="55000270" timestamp="2017-12-29T04:56:03Z" user="FUKUTAN" uid="5207199">
  <nd ref="5309677793"/>
  <nd ref="5309677794"/>
  <nd ref="5309677795"/>
  <nd ref="5309677796"/>
  <tag k="highway" v="service"/>
  <tag k="service" v="parking_aisle"/>
 </way>
 <way id="549672814" visible="true" version="3" changeset="99219143" timestamp="2021-02-13T16:03:11Z" user="mulgist" uid="12368943">
  <nd ref="5309677962"/>
  <nd ref="5309677785"/>
  <nd ref="8420732186"/>
  <nd ref="5309677963"/>
  <nd ref="8420734090"/>
  <tag k="highway" v="path"/>
 </way>
 <way id="549929002" visible="true" version="3" changeset="101803460" timestamp="2021-03-26T16:17:35Z" user="sebastic" uid="665748">
  <nd ref="5312143179"/>
  <nd ref="5312143165"/>
  <nd ref="5312143166"/>
  <nd ref="5312143167"/>
  <nd ref="5312143168"/>
  <nd ref="5312143169"/>
  <nd ref="5312143170"/>
  <nd ref="5312143181"/>
  <nd ref="8267153370"/>
 </way>
 <way id="554857653" visible="true" version="4" changeset="163971755" timestamp="2025-03-23T05:18:51Z" user="chiho_kang" uid="10604125">
  <nd ref="5354443485"/>
  <nd ref="8440076403"/>
  <nd ref="5354443486"/>
  <nd ref="5354443487"/>
  <nd ref="5354443488"/>
  <nd ref="5354443489"/>
  <nd ref="8440076401"/>
  <nd ref="8440076402"/>
  <nd ref="5354443490"/>
  <nd ref="5354443485"/>
  <tag k="addr:city" v="나주시"/>
  <tag k="addr:housenumber" v="379"/>
  <tag k="addr:postcode" v="58325"/>
  <tag k="addr:province" v="전라남도"/>
  <tag k="addr:street" v="그린로"/>
  <tag k="addr:subdistrict" v="빛가람동"/>
  <tag k="building" v="residential"/>
  <tag k="building:levels" v="12"/>
  <tag k="name" v="포레루체오피스텔"/>
 </way>
 <way id="554857656" visible="true" version="3" changeset="163971755" timestamp="2025-03-23T05:18:51Z" user="chiho_kang" uid="10604125">
  <nd ref="5354443492"/>
  <nd ref="5354443493"/>
  <nd ref="5354443494"/>
  <nd ref="5354443495"/>
  <nd ref="5354443496"/>
  <nd ref="5354443497"/>
  <nd ref="5354443492"/>
  <tag k="addr:city" v="나주시"/>
  <tag k="addr:housenumber" v="736"/>
  <tag k="addr:postcode" v="58325"/>
  <tag k="addr:province" v="전라남도"/>
  <tag k="addr:street" v="빛가람로"/>
  <tag k="addr:subdistrict" v="빛가람동"/>
  <tag k="building" v="commercial"/>
  <tag k="building:levels" v="7"/>
  <tag k="name" v="센트럴빌딩"/>
 </way>
 <way id="554857660" visible="true" version="3" changeset="99601411" timestamp="2021-02-19T14:39:38Z" user="mulgist" uid="12368943">
  <nd ref="5354443507"/>
  <nd ref="5354443508"/>
  <nd ref="5354443509"/>
  <nd ref="5354443510"/>
  <nd ref="5354443511"/>
  <nd ref="5354443512"/>
  <nd ref="5354443513"/>
  <nd ref="5354443514"/>
  <nd ref="5354444822"/>
  <nd ref="5354443515"/>
  <nd ref="5354443516"/>
  <nd ref="5354443517"/>
  <nd ref="5354443518"/>
  <nd ref="5354443519"/>
  <nd ref="5354443520"/>
  <nd ref="8438286326"/>
  <nd ref="5354444821"/>
  <nd ref="5705916949"/>
  <tag k="highway" v="path"/>
 </way>
 <way id="554857663" visible="true" version="2" changeset="99219143" timestamp="2021-02-13T16:03:11Z" user="mulgist" uid="12368943">
  <nd ref="5354444822"/>
  <nd ref="5354444823"/>
  <nd ref="5354444824"/>
  <nd ref="5354444825"/>
  <nd ref="5354444826"/>
  <nd ref="5354444827"/>
  <nd ref="8420734081"/>
  <nd ref="5354443516"/>
  <tag k="footway" v="sidewalk"/>
  <tag k="highway" v="footway"/>
 </way>
 <way id="554857668" visible="true" version="3" changeset="163971755" timestamp="2025-03-23T05:18:51Z" user="chiho_kang" uid="10604125">
  <nd ref="5354444839"/>
  <nd ref="5354444840"/>
  <nd ref="5354444841"/>
  <nd ref="5354444842"/>
  <nd ref="5354444843"/>
  <nd ref="5354444844"/>
  <nd ref="5354444845"/>
  <nd ref="5354444846"/>
  <nd ref="5354444847"/>
  <nd ref="5354444848"/>
  <nd ref="5354444839"/>
  <tag k="addr:city" v="나주시"/>
  <tag k="addr:housenumber" v="41"/>
  <tag k="addr:postcode" v="58325"/>
  <tag k="addr:province" v="전라남도"/>
  <tag k="addr:street" v="배멧2길"/>
  <tag k="addr:subdistrict" v="빛가람동"/>
  <tag k="building" v="commercial"/>
  <tag k="building:levels" v="5"/>
  <tag k="name" v="프라임타워"/>
 </way>
 <way id="594386006" visible="true" version="2" changeset="131233215" timestamp="2023-01-13T14:53:00Z" user="FUKUTAN" uid="5207199">
  <nd ref="2668227970"/>
  <nd ref="10549091063"/>
  <nd ref="5668172367"/>
  <tag k="highway" v="residential"/>
 </way>
 <way id="599907788" visible="true" version="3" changeset="144333236" timestamp="2023-11-22T16:36:43Z" user="asdfqwer51" uid="3350410">
  <nd ref="5705916294"/>
  <nd ref="5705916295"/>
  <nd ref="5705916296"/>
  <nd ref="5705916297"/>
  <nd ref="5705916298"/>
  <nd ref="5705916299"/>
  <nd ref="5705916300"/>
  <nd ref="5705916301"/>
  <nd ref="8420734064"/>
  <nd ref="5705916302"/>
  <nd ref="5705916303"/>
  <nd ref="5705916304"/>
  <nd ref="5705916305"/>
  <nd ref="5705916306"/>
  <nd ref="5705916307"/>
  <nd ref="5705916308"/>
  <nd ref="5705916309"/>
  <nd ref="5705916310"/>
  <nd ref="5705916311"/>
  <nd ref="5705916312"/>
  <nd ref="5705916313"/>
  <nd ref="5705916314"/>
  <nd ref="5309677772"/>
  <nd ref="5705916315"/>
  <nd ref="5705916316"/>
  <nd ref="5705916317"/>
  <nd ref="5705916318"/>
  <nd ref="5705916319"/>
  <nd ref="5705916320"/>
  <nd ref="5705916921"/>
  <nd ref="5705916922"/>
  <nd ref="5705916923"/>
  <nd ref="5705916924"/>
  <nd ref="5705916925"/>
  <nd ref="8420732174"/>
  <nd ref="5705916926"/>
  <nd ref="5705916927"/>
  <nd ref="5705916928"/>
  <nd ref="5705916929"/>
  <nd ref="5705916930"/>
  <nd ref="5705916931"/>
  <nd ref="5705916932"/>
  <nd ref="5705916933"/>
  <nd ref="5705916934"/>
  <nd ref="5705916936"/>
  <nd ref="5705916937"/>
  <nd ref="5705916294"/>
  <tag k="addr:housenumber" v="19"/>
  <tag k="addr:postcode" v="58323"/>
  <tag k="addr:street" v="쌍산1길"/>
  <tag k="leisure" v="park"/>
 </way>
 <way id="659348994" visible="true" version="3" changeset="163971755" timestamp="2025-03-23T05:18:51Z" user="chiho_kang" uid="10604125">
  <nd ref="6173263023"/>
  <nd ref="6173263024"/>
  <nd ref="6173263025"/>
  <nd ref="6173263026"/>
  <nd ref="6173263027"/>
  <nd ref="6173263028"/>
  <nd ref="6173263029"/>
  <nd ref="6173263030"/>
  <nd ref="6173263031"/>
  <nd ref="6173263032"/>
  <nd ref="8465307411"/>
  <nd ref="6173263033"/>
  <nd ref="6173263034"/>
  <nd ref="6173263023"/>
  <tag k="addr:city" v="나주시"/>
  <tag k="addr:housenumber" v="16-16"/>
  <tag k="addr:postcode" v="58217"/>
  <tag k="addr:province" v="전라남도"/>
  <tag k="addr:street" v="상야4길"/>
  <tag k="addr:subdistrict" v="빛가람동"/>
  <tag k="building" v="commercial"/>
  <tag k="building:levels" v="4"/>
  <tag k="name" v="T.C.C복합타워"/>
 </way>
 <way id="729505216" visible="true" version="1" changeset="75057121" timestamp="2019-09-29T09:29:43Z" user="octel" uid="238290">
  <nd ref="2623136269"/>
  <nd ref="5180185966"/>
  <tag k="highway" v="residential"/>
  <tag k="noname" v="yes"/>
 </way>
 <way id="729505217" visible="true" version="2" changeset="144333236" timestamp="2023-11-22T16:36:43Z" user="asdfqwer51" uid="3350410">
  <nd ref="3413883261"/>
  <nd ref="3413883258"/>
  <nd ref="5309416654"/>
  <nd ref="5309416653"/>
  <nd ref="3413883256"/>
  <nd ref="5309416652"/>
  <nd ref="3413883259"/>
  <nd ref="5309416650"/>
  <nd ref="10729284609"/>
  <nd ref="3413883260"/>
  <nd ref="11368927818"/>
  <nd ref="5180185964"/>
  <nd ref="5309416656"/>
  <nd ref="5180185965"/>
  <tag k="highway" v="residential"/>
  <tag k="name" v="쌍산3길"/>
  <tag k="name:en" v="Ssangsan 3-gil"/>
  <tag k="name:ko" v="쌍산3길"/>
 </way>
 <way id="729505220" visible="true" version="1" changeset="75057121" timestamp="2019-09-29T09:29:43Z" user="octel" uid="238290">
  <nd ref="3413883260"/>
  <nd ref="5309416655"/>
  <nd ref="5307971347"/>
  <tag k="highway" v="residential"/>
  <tag k="name" v="쌍산3길"/>
  <tag k="name:en" v="Ssangsan 3-gil"/>
  <tag k="name:ko" v="쌍산3길"/>
 </way>
 <way id="729505221" visible="true" version="2" changeset="144333236" timestamp="2023-11-22T16:36:43Z" user="asdfqwer51" uid="3350410">
  <nd ref="5309416650"/>
  <nd ref="5309416651"/>
  <nd ref="5309416649"/>
  <tag k="highway" v="residential"/>
  <tag k="name" v="쌍산3길"/>
  <tag k="name:en" v="Ssangsan 3-gil"/>
  <tag k="name:ko" v="쌍산3길"/>
 </way>
 <way id="757276603" visible="true" version="3" changeset="163971755" timestamp="2025-03-23T05:18:51Z" user="chiho_kang" uid="10604125">
  <nd ref="7071884031"/>
  <nd ref="7071884032"/>
  <nd ref="7071884033"/>
  <nd ref="7071884034"/>
  <nd ref="7071884035"/>
  <nd ref="7071884036"/>
  <nd ref="7071884037"/>
  <nd ref="7071884031"/>
  <tag k="addr:city" v="나주시"/>
  <tag k="addr:housenumber" v="10"/>
  <tag k="addr:postcode" v="58217"/>
  <tag k="addr:province" v="전라남도"/>
  <tag k="addr:street" v="상야4길"/>
  <tag k="addr:subdistrict" v="빛가람동"/>
  <tag k="building" v="commercial"/>
  <tag k="building:levels" v="3"/>
  <tag k="name" v="패션페이스"/>
 </way>
 <way id="757276604" visible="true" version="3" changeset="163971755" timestamp="2025-03-23T05:18:51Z" user="chiho_kang" uid="10604125">
  <nd ref="7071884038"/>
  <nd ref="7071884039"/>
  <nd ref="8465313218"/>
  <nd ref="7071884040"/>
  <nd ref="7071884041"/>
  <nd ref="7071884042"/>
  <nd ref="7071884043"/>
  <nd ref="7071884044"/>
  <nd ref="7071884045"/>
  <nd ref="7071884046"/>
  <nd ref="7071884047"/>
  <nd ref="7071884048"/>
  <nd ref="7071884049"/>
  <nd ref="7071884050"/>
  <nd ref="7071884038"/>
  <tag k="addr:city" v="나주시"/>
  <tag k="addr:housenumber" v="16-10"/>
  <tag k="addr:postcode" v="58217"/>
  <tag k="addr:province" v="전라남도"/>
  <tag k="addr:street" v="상야4길"/>
  <tag k="addr:subdistrict" v="빛가람동"/>
  <tag k="building" v="commercial"/>
  <tag k="building:levels" v="4"/>
  <tag k="name" v="드림페이스"/>
 </way>
 <way id="860647817" visible="true" version="4" changeset="164103601" timestamp="2025-03-26T03:07:38Z" user="LuxuryCoop" uid="7245212">
  <nd ref="8021765557"/>
  <nd ref="8021765558"/>
  <nd ref="8422493669"/>
  <nd ref="8021765555"/>
  <nd ref="8021765556"/>
  <nd ref="8021765557"/>
 </way>
 <way id="889260202" visible="true" version="2" changeset="101803460" timestamp="2021-03-26T16:17:35Z" user="sebastic" uid="665748">
  <nd ref="8267153370"/>
  <nd ref="8267153371"/>
 </way>
 <way id="889260203" visible="true" version="1" changeset="96545122" timestamp="2020-12-28T15:20:53Z" user="mulgist" uid="12368943">
  <nd ref="5312143172"/>
  <nd ref="5312143173"/>
  <nd ref="5312143174"/>
  <nd ref="5312143175"/>
  <nd ref="5312143182"/>
  <nd ref="5312143176"/>
  <nd ref="5312143180"/>
  <nd ref="5312143177"/>
  <nd ref="5312143178"/>
  <nd ref="5312143179"/>
 </way>
 <way id="889260204" visible="true" version="1" changeset="96545122" timestamp="2020-12-28T15:20:53Z" user="mulgist" uid="12368943">
  <nd ref="8267153371"/>
  <nd ref="8267153372"/>
  <nd ref="8267153373"/>
  <nd ref="8267153374"/>
  <nd ref="5312143172"/>
 </way>
 <way id="889260205" visible="true" version="1" changeset="96545122" timestamp="2020-12-28T15:20:53Z" user="mulgist" uid="12368943">
  <nd ref="8267153375"/>
  <nd ref="8267153376"/>
  <nd ref="8267153377"/>
  <nd ref="8267153378"/>
  <nd ref="8267153375"/>
  <tag k="leisure" v="pitch"/>
  <tag k="sport" v="soccer"/>
 </way>
 <way id="889260206" visible="true" version="1" changeset="96545122" timestamp="2020-12-28T15:20:53Z" user="mulgist" uid="12368943">
  <nd ref="8267153379"/>
  <nd ref="8267153380"/>
  <nd ref="8267153381"/>
  <nd ref="8267153382"/>
  <nd ref="8267153383"/>
  <nd ref="8267153384"/>
  <nd ref="8267153385"/>
  <nd ref="8267153386"/>
  <nd ref="8267153387"/>
  <nd ref="8267153388"/>
  <nd ref="8267153389"/>
  <nd ref="8267153390"/>
  <nd ref="8267153391"/>
  <nd ref="8267153392"/>
  <nd ref="8267153393"/>
  <nd ref="8267153394"/>
  <nd ref="8267175350"/>
  <nd ref="8267153395"/>
  <nd ref="8267153396"/>
  <nd ref="8267153397"/>
  <nd ref="8267153398"/>
  <nd ref="8267153399"/>
  <nd ref="8267153400"/>
  <nd ref="8267153401"/>
  <nd ref="8267153402"/>
  <nd ref="8267153403"/>
  <nd ref="8267153404"/>
  <nd ref="8267175391"/>
  <nd ref="8267153379"/>
  <tag k="area" v="yes"/>
  <tag k="leisure" v="track"/>
  <tag k="sport" v="running"/>
 </way>
 <way id="889260208" visible="true" version="1" changeset="96545122" timestamp="2020-12-28T15:20:53Z" user="mulgist" uid="12368943">
  <nd ref="8267153409"/>
  <nd ref="8267153410"/>
  <nd ref="8267153411"/>
  <nd ref="8267153412"/>
  <nd ref="8267153409"/>
  <tag k="leisure" v="pitch"/>
  <tag k="sport" v="badminton"/>
 </way>
 <way id="889260217" visible="true" version="2" changeset="96725193" timestamp="2020-12-31T10:49:44Z" user="mulgist" uid="12368943">
  <nd ref="8267175343"/>
  <nd ref="8267175344"/>
  <nd ref="8267175345"/>
  <nd ref="8278019983"/>
  <nd ref="8267175346"/>
  <nd ref="8267175347"/>
  <nd ref="8278019995"/>
  <nd ref="8267175348"/>
  <tag k="highway" v="path"/>
 </way>
 <way id="889260222" visible="true" version="1" changeset="96545122" timestamp="2020-12-28T15:20:53Z" user="mulgist" uid="12368943">
  <nd ref="8267175345"/>
  <nd ref="8267175357"/>
  <nd ref="8267175354"/>
  <nd ref="8267175358"/>
  <nd ref="8267175359"/>
  <nd ref="8267175360"/>
  <nd ref="8267175361"/>
  <nd ref="8267175362"/>
  <nd ref="8267175363"/>
  <nd ref="8267175364"/>
  <nd ref="8267175365"/>
  <nd ref="8267175366"/>
  <nd ref="8267175367"/>
  <nd ref="8267175368"/>
  <nd ref="8267175361"/>
  <tag k="highway" v="path"/>
 </way>
 <way id="889260223" visible="true" version="1" changeset="96545122" timestamp="2020-12-28T15:20:53Z" user="mulgist" uid="12368943">
  <nd ref="8267175362"/>
  <nd ref="8267175369"/>
  <nd ref="8267175370"/>
  <tag k="highway" v="path"/>
 </way>
 <way id="889260224" visible="true" version="1" changeset="96545122" timestamp="2020-12-28T15:20:53Z" user="mulgist" uid="12368943">
  <nd ref="8267175369"/>
  <nd ref="8267175382"/>
  <nd ref="8267175390"/>
  <nd ref="8267175389"/>
  <nd ref="8267175371"/>
  <nd ref="8267175347"/>
  <tag k="highway" v="path"/>
 </way>
 <way id="889260225" visible="true" version="1" changeset="96545122" timestamp="2020-12-28T15:20:53Z" user="mulgist" uid="12368943">
  <nd ref="8267175371"/>
  <nd ref="8267175372"/>
  <nd ref="8267175373"/>
  <nd ref="8267175374"/>
  <nd ref="8267175375"/>
  <nd ref="8267175388"/>
  <nd ref="8267175376"/>
  <nd ref="8267175377"/>
  <nd ref="8267175378"/>
  <nd ref="8267175379"/>
  <nd ref="8267175380"/>
  <nd ref="8267175381"/>
  <nd ref="8267175382"/>
  <nd ref="8267175383"/>
  <nd ref="8267175384"/>
  <nd ref="8267175385"/>
  <nd ref="8267175386"/>
  <tag k="highway" v="path"/>
 </way>
 <way id="889260226" visible="true" version="1" changeset="96545122" timestamp="2020-12-28T15:20:53Z" user="mulgist" uid="12368943">
  <nd ref="8267175387"/>
  <nd ref="8267175388"/>
  <nd ref="8267175389"/>
  <tag k="highway" v="path"/>
 </way>
 <way id="889260227" visible="true" version="1" changeset="96545122" timestamp="2020-12-28T15:20:53Z" user="mulgist" uid="12368943">
  <nd ref="8267175390"/>
  <nd ref="8267175386"/>
  <nd ref="8267175394"/>
  <nd ref="8267175391"/>
  <tag k="highway" v="path"/>
 </way>
 <way id="889260228" visible="true" version="1" changeset="96545122" timestamp="2020-12-28T15:20:53Z" user="mulgist" uid="12368943">
  <nd ref="8267175389"/>
  <nd ref="8267175392"/>
  <nd ref="8267175393"/>
  <nd ref="8267175394"/>
  <nd ref="8267175363"/>
  <tag k="highway" v="path"/>
 </way>
 <way id="889572182" visible="true" version="2" changeset="100124997" timestamp="2021-02-28T07:30:07Z" user="mulgist" uid="12368943">
  <nd ref="8270210179"/>
  <nd ref="8270210180"/>
  <nd ref="8270210181"/>
  <nd ref="8270210182"/>
  <tag k="highway" v="footway"/>
 </way>
 <way id="889572183" visible="true" version="4" changeset="163971755" timestamp="2025-03-23T05:18:51Z" user="chiho_kang" uid="10604125">
  <nd ref="8270210183"/>
  <nd ref="8270210184"/>
  <nd ref="8270210185"/>
  <nd ref="8270210186"/>
  <nd ref="8270210187"/>
  <nd ref="8270210188"/>
  <nd ref="8270210189"/>
  <nd ref="8270210190"/>
  <nd ref="8270210191"/>
  <nd ref="8270210192"/>
  <nd ref="8270210193"/>
  <nd ref="8270210194"/>
  <nd ref="8270210195"/>
  <nd ref="8270210196"/>
  <nd ref="8270210197"/>
  <nd ref="8270210198"/>
  <nd ref="8270210199"/>
  <nd ref="8270210200"/>
  <nd ref="8270210201"/>
  <nd ref="8270210202"/>
  <nd ref="11369029863"/>
  <nd ref="8270210203"/>
  <nd ref="8270210204"/>
  <nd ref="8270210183"/>
  <tag k="addr:city" v="나주시"/>
  <tag k="addr:housenumber" v="49"/>
  <tag k="addr:postcode" v="58323"/>
  <tag k="addr:province" v="전라남도"/>
  <tag k="addr:street" v="정보화길"/>
  <tag k="addr:subdistrict" v="빛가람동"/>
  <tag k="amenity" v="hospital"/>
  <tag k="emergency" v="yes"/>
  <tag k="healthcare" v="hospital"/>
  <tag k="name" v="빛가람종합병원"/>
  <tag k="name:en" v="Bigaram Hospital"/>
  <tag k="name:ko" v="빛가람종합병원"/>
  <tag k="operator" v="빛가람종합병원"/>
 </way>
 <way id="889572184" visible="true" version="4" changeset="163971755" timestamp="2025-03-23T05:18:51Z" user="chiho_kang" uid="10604125">
  <nd ref="8270210205"/>
  <nd ref="8270210206"/>
  <nd ref="8270210207"/>
  <nd ref="11369029038"/>
  <nd ref="11369029037"/>
  <nd ref="8270210208"/>
  <nd ref="8270210209"/>
  <nd ref="8270210210"/>
  <nd ref="8270210211"/>
  <nd ref="8270210212"/>
  <nd ref="8270210205"/>
  <tag k="addr:city" v="나주시"/>
  <tag k="addr:housenumber" v="49"/>
  <tag k="addr:postcode" v="58323"/>
  <tag k="addr:province" v="전라남도"/>
  <tag k="addr:street" v="정보화길"/>
  <tag k="addr:subdistrict" v="빛가람동"/>
  <tag k="building" v="hospital"/>
  <tag k="building:levels" v="6"/>
 </way>
 <way id="889572185" visible="true" version="4" changeset="163971755" timestamp="2025-03-23T05:18:51Z" user="chiho_kang" uid="10604125">
  <nd ref="8270210213"/>
  <nd ref="8270210214"/>
  <nd ref="8270210215"/>
  <nd ref="11369050669"/>
  <nd ref="11369029868"/>
  <nd ref="8270222818"/>
  <nd ref="11369029867"/>
  <nd ref="11369029866"/>
  <nd ref="11369029865"/>
  <nd ref="11369029864"/>
  <nd ref="8270222819"/>
  <nd ref="8270222820"/>
  <nd ref="11369050671"/>
  <nd ref="11369050670"/>
  <nd ref="8270210213"/>
  <tag k="addr:city" v="나주시"/>
  <tag k="addr:housenumber" v="49"/>
  <tag k="addr:postcode" v="58323"/>
  <tag k="addr:province" v="전라남도"/>
  <tag k="addr:street" v="정보화길"/>
  <tag k="addr:subdistrict" v="빛가람동"/>
  <tag k="building" v="yes"/>
  <tag k="name" v="장례식장"/>
  <tag k="name:en" v="Funeral Hall"/>
  <tag k="operator" v="빛가람종합병원"/>
  <tag k="shop" v="funeral_directors"/>
 </way>
 <way id="889572186" visible="true" version="3" changeset="144335329" timestamp="2023-11-22T17:21:04Z" user="asdfqwer51" uid="3350410">
  <nd ref="8270222823"/>
  <nd ref="8270222824"/>
  <nd ref="8270222825"/>
  <nd ref="8270222826"/>
  <nd ref="11369029861"/>
  <nd ref="11369029862"/>
  <nd ref="8270222827"/>
  <nd ref="8270222828"/>
  <nd ref="8270222829"/>
  <nd ref="11369029848"/>
  <nd ref="11369029849"/>
  <nd ref="11369029850"/>
  <nd ref="11369029851"/>
  <nd ref="11369029852"/>
  <nd ref="11369029853"/>
  <nd ref="8270222830"/>
  <nd ref="11369029854"/>
  <nd ref="11369029855"/>
  <nd ref="8270222832"/>
  <nd ref="8270222833"/>
  <nd ref="11369029856"/>
  <nd ref="11369029857"/>
  <nd ref="11369029858"/>
  <nd ref="8270222846"/>
  <nd ref="11369029859"/>
  <nd ref="11369029860"/>
  <nd ref="8270222823"/>
  <tag k="amenity" v="parking"/>
  <tag k="operator" v="빛가람종합병원"/>
 </way>
 <way id="889572187" visible="true" version="1" changeset="96607455" timestamp="2020-12-29T14:14:53Z" user="mulgist" uid="12368943">
  <nd ref="8270222834"/>
  <nd ref="8270222854"/>
  <nd ref="8270222842"/>
  <nd ref="8270222835"/>
  <nd ref="8270222836"/>
  <nd ref="8270222837"/>
  <nd ref="8270222838"/>
  <nd ref="8270222839"/>
  <tag k="highway" v="service"/>
  <tag k="layer" v="-1"/>
  <tag k="service" v="driveway"/>
 </way>
 <way id="889572188" visible="true" version="1" changeset="96607455" timestamp="2020-12-29T14:14:53Z" user="mulgist" uid="12368943">
  <nd ref="8270222838"/>
  <nd ref="8270222840"/>
  <nd ref="8270222844"/>
  <nd ref="8270222841"/>
  <nd ref="8270222843"/>
  <nd ref="8270222842"/>
  <tag k="highway" v="service"/>
  <tag k="service" v="parking_aisle"/>
 </way>
 <way id="889572189" visible="true" version="1" changeset="96607455" timestamp="2020-12-29T14:14:53Z" user="mulgist" uid="12368943">
  <nd ref="8270222838"/>
  <nd ref="8270222845"/>
  <nd ref="8270222843"/>
  <tag k="highway" v="service"/>
  <tag k="service" v="parking_aisle"/>
 </way>
 <way id="889572190" visible="true" version="2" changeset="144334816" timestamp="2023-11-22T17:12:52Z" user="asdfqwer51" uid="3350410">
  <nd ref="8270222844"/>
  <nd ref="8270222845"/>
  <nd ref="11369029039"/>
  <tag k="highway" v="service"/>
  <tag k="service" v="parking_aisle"/>
 </way>
 <way id="889572191" visible="true" version="3" changeset="144335329" timestamp="2023-11-22T17:21:04Z" user="asdfqwer51" uid="3350410">
  <nd ref="8270222847"/>
  <nd ref="8270222848"/>
  <nd ref="8270222849"/>
  <nd ref="8270222850"/>
  <nd ref="11369029847"/>
  <nd ref="8270222847"/>
  <tag k="highway" v="service"/>
  <tag k="service" v="parking_aisle"/>
 </way>
 <way id="889572192" visible="true" version="1" changeset="96607455" timestamp="2020-12-29T14:14:53Z" user="mulgist" uid="12368943">
  <nd ref="8270222851"/>
  <nd ref="8270222852"/>
  <nd ref="8270222853"/>
  <tag k="highway" v="service"/>
  <tag k="service" v="parking_aisle"/>
 </way>
 <way id="889572193" visible="true" version="2" changeset="131233215" timestamp="2023-01-13T14:53:00Z" user="FUKUTAN" uid="5207199">
  <nd ref="8270222856"/>
  <nd ref="8270222857"/>
  <nd ref="8270222858"/>
  <nd ref="8270222855"/>
  <nd ref="8270222856"/>
  <tag k="highway" v="service"/>
  <tag k="service" v="parking_aisle"/>
 </way>
 <way id="889572196" visible="true" version="2" changeset="163971755" timestamp="2025-03-23T05:18:51Z" user="chiho_kang" uid="10604125">
  <nd ref="8270222899"/>
  <nd ref="8270222900"/>
  <nd ref="8270222901"/>
  <nd ref="8270222902"/>
  <nd ref="8270222903"/>
  <nd ref="8270222904"/>
  <nd ref="8270222905"/>
  <nd ref="8270222906"/>
  <nd ref="8270222907"/>
  <nd ref="8270222908"/>
  <nd ref="8270222909"/>
  <nd ref="8270222910"/>
  <nd ref="8270222911"/>
  <nd ref="8270222912"/>
  <nd ref="8270222913"/>
  <nd ref="8270222914"/>
  <nd ref="8270222915"/>
  <nd ref="8270222916"/>
  <nd ref="8270222917"/>
  <nd ref="8270222918"/>
  <nd ref="8270222899"/>
  <tag k="addr:city" v="나주시"/>
  <tag k="addr:housenumber" v="800"/>
  <tag k="addr:postcode" v="58324"/>
  <tag k="addr:province" v="전라남도"/>
  <tag k="addr:street" v="빛가람로"/>
  <tag k="addr:subdistrict" v="빛가람동"/>
  <tag k="building" v="apartments"/>
  <tag k="building:levels" v="23"/>
  <tag k="name" v="305동"/>
  <tag k="note" v="빛가람 사랑으로 부영3단지 아파트"/>
 </way>
 <way id="889572197" visible="true" version="2" changeset="163971755" timestamp="2025-03-23T05:18:51Z" user="chiho_kang" uid="10604125">
  <nd ref="8270222919"/>
  <nd ref="8270222920"/>
  <nd ref="8270222921"/>
  <nd ref="8270222922"/>
  <nd ref="8270222923"/>
  <nd ref="8270222924"/>
  <nd ref="8270222925"/>
  <nd ref="8270222926"/>
  <nd ref="8270222927"/>
  <nd ref="8270222928"/>
  <nd ref="8270222929"/>
  <nd ref="8270222930"/>
  <nd ref="8270222931"/>
  <nd ref="8270222932"/>
  <nd ref="8270222933"/>
  <nd ref="8270222934"/>
  <nd ref="8270222935"/>
  <nd ref="8270222936"/>
  <nd ref="8270222937"/>
  <nd ref="8270222938"/>
  <nd ref="8270222919"/>
  <tag k="addr:city" v="나주시"/>
  <tag k="addr:housenumber" v="800"/>
  <tag k="addr:postcode" v="58324"/>
  <tag k="addr:province" v="전라남도"/>
  <tag k="addr:street" v="빛가람로"/>
  <tag k="addr:subdistrict" v="빛가람동"/>
  <tag k="building" v="apartments"/>
  <tag k="building:levels" v="23"/>
  <tag k="name" v="301동"/>
  <tag k="note" v="빛가람 사랑으로 부영3단지 아파트"/>
 </way>
 <way id="889572206" visible="true" version="2" changeset="163971755" timestamp="2025-03-23T05:18:51Z" user="chiho_kang" uid="10604125">
  <nd ref="8270223035"/>
  <nd ref="8270223036"/>
  <nd ref="8270223037"/>
  <nd ref="8270223038"/>
  <nd ref="8270223039"/>
  <nd ref="8270223040"/>
  <nd ref="8270223041"/>
  <nd ref="8270223042"/>
  <nd ref="8270223043"/>
  <nd ref="8270223044"/>
  <nd ref="8270223045"/>
  <nd ref="8270223046"/>
  <nd ref="8270223035"/>
  <tag k="addr:city" v="나주시"/>
  <tag k="addr:housenumber" v="800"/>
  <tag k="addr:postcode" v="58324"/>
  <tag k="addr:province" v="전라남도"/>
  <tag k="addr:street" v="빛가람로"/>
  <tag k="addr:subdistrict" v="빛가람동"/>
  <tag k="building" v="apartments"/>
  <tag k="building:levels" v="20"/>
  <tag k="name" v="307동"/>
  <tag k="note" v="빛가람 사랑으로 부영3단지 아파트"/>
 </way>
 <way id="889572207" visible="true" version="2" changeset="163971755" timestamp="2025-03-23T05:18:51Z" user="chiho_kang" uid="10604125">
  <nd ref="8270223047"/>
  <nd ref="8270223048"/>
  <nd ref="8270223049"/>
  <nd ref="8270223050"/>
  <nd ref="8270223051"/>
  <nd ref="8270223052"/>
  <nd ref="8270223053"/>
  <nd ref="8270223054"/>
  <nd ref="8270223055"/>
  <nd ref="8270223056"/>
  <nd ref="8270223057"/>
  <nd ref="8270223058"/>
  <nd ref="8270223047"/>
  <tag k="addr:city" v="나주시"/>
  <tag k="addr:housenumber" v="800"/>
  <tag k="addr:postcode" v="58324"/>
  <tag k="addr:province" v="전라남도"/>
  <tag k="addr:street" v="빛가람로"/>
  <tag k="addr:subdistrict" v="빛가람동"/>
  <tag k="building" v="apartments"/>
  <tag k="building:levels" v="18"/>
  <tag k="name" v="308동"/>
  <tag k="note" v="빛가람 사랑으로 부영3단지 아파트"/>
 </way>
 <way id="889572209" visible="true" version="2" changeset="163971755" timestamp="2025-03-23T05:18:51Z" user="chiho_kang" uid="10604125">
  <nd ref="8270223071"/>
  <nd ref="8270223072"/>
  <nd ref="8270223073"/>
  <nd ref="8270223074"/>
  <nd ref="8270223075"/>
  <nd ref="8270223076"/>
  <nd ref="8270223077"/>
  <nd ref="8270223078"/>
  <nd ref="8270223079"/>
  <nd ref="8270223080"/>
  <nd ref="8270223081"/>
  <nd ref="8270223082"/>
  <nd ref="8270223071"/>
  <tag k="addr:city" v="나주시"/>
  <tag k="addr:housenumber" v="800"/>
  <tag k="addr:postcode" v="58324"/>
  <tag k="addr:province" v="전라남도"/>
  <tag k="addr:street" v="빛가람로"/>
  <tag k="addr:subdistrict" v="빛가람동"/>
  <tag k="building" v="apartments"/>
  <tag k="building:levels" v="20"/>
  <tag k="name" v="303동"/>
  <tag k="note" v="빛가람 사랑으로 부영3단지 아파트"/>
 </way>
 <way id="889572211" visible="true" version="2" changeset="163971755" timestamp="2025-03-23T05:18:51Z" user="chiho_kang" uid="10604125">
  <nd ref="8270223095"/>
  <nd ref="8270223096"/>
  <nd ref="8270223097"/>
  <nd ref="8270223098"/>
  <nd ref="8270223099"/>
  <nd ref="8270223100"/>
  <nd ref="8270223101"/>
  <nd ref="8270223102"/>
  <nd ref="8270223103"/>
  <nd ref="8270223104"/>
  <nd ref="8270223105"/>
  <nd ref="8270223106"/>
  <nd ref="8270223095"/>
  <tag k="addr:city" v="나주시"/>
  <tag k="addr:housenumber" v="800"/>
  <tag k="addr:postcode" v="58324"/>
  <tag k="addr:province" v="전라남도"/>
  <tag k="addr:street" v="빛가람로"/>
  <tag k="addr:subdistrict" v="빛가람동"/>
  <tag k="building" v="apartments"/>
  <tag k="building:levels" v="20"/>
  <tag k="name" v="302동"/>
  <tag k="note" v="빛가람 사랑으로 부영3단지 아파트"/>
 </way>
 <way id="889572219" visible="true" version="1" changeset="96607455" timestamp="2020-12-29T14:14:53Z" user="mulgist" uid="12368943">
  <nd ref="8270223151"/>
  <nd ref="8270223152"/>
  <nd ref="8270223153"/>
  <nd ref="8270223154"/>
  <nd ref="8270223151"/>
  <tag k="leisure" v="pitch"/>
  <tag k="note" v="빛가람 사랑으로 부영3단지 아파트"/>
  <tag k="sport" v="badminton"/>
 </way>
 <way id="889572220" visible="true" version="2" changeset="96725193" timestamp="2020-12-31T10:49:44Z" user="mulgist" uid="12368943">
  <nd ref="8270223155"/>
  <nd ref="8270223170"/>
  <nd ref="8277939305"/>
  <nd ref="8270223156"/>
  <nd ref="8270223157"/>
  <nd ref="8270223158"/>
  <nd ref="8270223159"/>
  <nd ref="8270223160"/>
  <nd ref="8270223161"/>
  <nd ref="8270223162"/>
  <nd ref="8270223163"/>
  <nd ref="8270223164"/>
  <nd ref="8270223165"/>
  <nd ref="8270223166"/>
  <nd ref="8270223167"/>
  <nd ref="8270223168"/>
  <nd ref="8270223169"/>
  <nd ref="8270223155"/>
  <tag k="leisure" v="playground"/>
  <tag k="note" v="빛가람 사랑으로 부영3단지 아파트"/>
 </way>
 <way id="889572221" visible="true" version="2" changeset="96725193" timestamp="2020-12-31T10:49:44Z" user="mulgist" uid="12368943">
  <nd ref="3413883178"/>
  <nd ref="8278020077"/>
  <nd ref="8270223192"/>
  <nd ref="8270223171"/>
  <nd ref="8270223172"/>
  <nd ref="8270223173"/>
  <nd ref="8270223208"/>
  <nd ref="8270223174"/>
  <nd ref="8270223175"/>
  <nd ref="8270223215"/>
  <nd ref="8270223176"/>
  <nd ref="8270223177"/>
  <nd ref="8270223178"/>
  <nd ref="8270223179"/>
  <nd ref="8270223180"/>
  <nd ref="8270223181"/>
  <nd ref="8270223223"/>
  <nd ref="8270223182"/>
  <nd ref="8270223183"/>
  <nd ref="8270223184"/>
  <nd ref="8270223185"/>
  <nd ref="8270223186"/>
  <nd ref="8270223187"/>
  <nd ref="8270223188"/>
  <nd ref="8270223250"/>
  <nd ref="8270223189"/>
  <nd ref="8270223242"/>
  <nd ref="8270223190"/>
  <nd ref="8270223257"/>
  <nd ref="8270223191"/>
  <tag k="highway" v="residential"/>
 </way>
 <way id="889572222" visible="true" version="2" changeset="99833188" timestamp="2021-02-23T14:03:21Z" user="mulgist" uid="12368943">
  <nd ref="8449650036"/>
  <nd ref="8270223194"/>
  <nd ref="8270223195"/>
  <tag k="highway" v="service"/>
  <tag k="service" v="parking_aisle"/>
 </way>
 <way id="889572223" visible="true" version="3" changeset="99833188" timestamp="2021-02-23T14:03:21Z" user="mulgist" uid="12368943">
  <nd ref="8449650033"/>
  <nd ref="8270223197"/>
  <nd ref="8449650035"/>
  <nd ref="8449650034"/>
  <tag k="highway" v="service"/>
  <tag k="service" v="parking_aisle"/>
 </way>
 <way id="889572225" visible="true" version="2" changeset="99833188" timestamp="2021-02-23T14:03:21Z" user="mulgist" uid="12368943">
  <nd ref="8270223210"/>
  <nd ref="8270223211"/>
  <nd ref="8270223212"/>
  <nd ref="8270223213"/>
  <nd ref="8270223214"/>
  <tag k="highway" v="service"/>
  <tag k="service" v="parking_aisle"/>
 </way>
 <way id="889572226" visible="true" version="2" changeset="99833188" timestamp="2021-02-23T14:03:21Z" user="mulgist" uid="12368943">
  <nd ref="8449650037"/>
  <nd ref="8270223216"/>
  <tag k="highway" v="service"/>
  <tag k="service" v="parking_aisle"/>
 </way>
 <way id="890025253" visible="true" version="5" changeset="163971755" timestamp="2025-03-23T05:18:51Z" user="chiho_kang" uid="10604125">
  <nd ref="8273056502"/>
  <nd ref="8273056503"/>
  <nd ref="8273056504"/>
  <nd ref="8273056505"/>
  <nd ref="8273056506"/>
  <nd ref="8273056507"/>
  <nd ref="8273056508"/>
  <nd ref="8273056509"/>
  <nd ref="8273056510"/>
  <nd ref="8273056511"/>
  <nd ref="8273056512"/>
  <nd ref="8273056513"/>
  <nd ref="8273056514"/>
  <nd ref="8273056515"/>
  <nd ref="8273056516"/>
  <nd ref="8273069817"/>
  <nd ref="8273069818"/>
  <nd ref="8273069819"/>
  <nd ref="8273069820"/>
  <nd ref="8273069821"/>
  <nd ref="8273069822"/>
  <nd ref="8273069823"/>
  <nd ref="8273069824"/>
  <nd ref="8273069825"/>
  <nd ref="8273069826"/>
  <nd ref="8273069827"/>
  <nd ref="8273069828"/>
  <nd ref="8273069829"/>
  <nd ref="8273069830"/>
  <nd ref="8273069831"/>
  <nd ref="8273069832"/>
  <nd ref="8273069833"/>
  <nd ref="8273069834"/>
  <nd ref="8273069835"/>
  <nd ref="8273069836"/>
  <nd ref="8273069837"/>
  <nd ref="8273069838"/>
  <nd ref="8273069839"/>
  <nd ref="8273069840"/>
  <nd ref="8273069841"/>
  <nd ref="8273069842"/>
  <nd ref="8273069843"/>
  <nd ref="8273069844"/>
  <nd ref="8273069845"/>
  <nd ref="8273056502"/>
  <tag k="addr:city" v="나주시"/>
  <tag k="addr:housenumber" v="767"/>
  <tag k="addr:postcode" v="58323"/>
  <tag k="addr:province" v="전라남도"/>
  <tag k="addr:street" v="빛가람로"/>
  <tag k="addr:subdistrict" v="빛가람동"/>
  <tag k="building" v="public"/>
  <tag k="building:material" v="wood"/>
 </way>
 <way id="890025254" visible="true" version="1" changeset="96646660" timestamp="2020-12-30T07:15:21Z" user="mulgist" uid="12368943">
  <nd ref="8273069846"/>
  <nd ref="8273069847"/>
  <nd ref="8273069848"/>
  <nd ref="8273069849"/>
  <nd ref="8273069850"/>
  <nd ref="8273069851"/>
  <nd ref="8273069852"/>
  <nd ref="8273069853"/>
  <nd ref="8273069846"/>
  <tag k="amenity" v="parking"/>
 </way>
 <way id="890025255" visible="true" version="2" changeset="163971755" timestamp="2025-03-23T05:18:51Z" user="chiho_kang" uid="10604125">
  <nd ref="8273069854"/>
  <nd ref="8273069855"/>
  <nd ref="8273069856"/>
  <nd ref="8273069857"/>
  <nd ref="8273069858"/>
  <nd ref="8273069859"/>
  <nd ref="8273069860"/>
  <nd ref="8273069861"/>
  <nd ref="8273056500"/>
  <nd ref="8273069854"/>
  <tag k="addr:city" v="나주시"/>
  <tag k="addr:housenumber" v="777"/>
  <tag k="addr:postcode" v="58323"/>
  <tag k="addr:province" v="전라남도"/>
  <tag k="addr:street" v="빛가람로"/>
  <tag k="addr:subdistrict" v="빛가람동"/>
  <tag k="landuse" v="commercial"/>
  <tag k="name" v="전남정보문화산업진흥원"/>
 </way>
 <way id="890025256" visible="true" version="4" changeset="163971755" timestamp="2025-03-23T05:18:51Z" user="chiho_kang" uid="10604125">
  <nd ref="8273069862"/>
  <nd ref="8273069863"/>
  <nd ref="8273069864"/>
  <nd ref="8273069865"/>
  <nd ref="8273069862"/>
  <tag k="addr:city" v="나주시"/>
  <tag k="addr:housenumber" v="777"/>
  <tag k="addr:postcode" v="58323"/>
  <tag k="addr:province" v="전라남도"/>
  <tag k="addr:street" v="빛가람로"/>
  <tag k="addr:subdistrict" v="빛가람동"/>
  <tag k="building" v="public"/>
  <tag k="building:material" v="wood"/>
  <tag k="name" v="본원"/>
  <tag k="operator" v="전남정보문화산업진흥원"/>
  <tag k="smoking" v="no"/>
 </way>
 <way id="890025257" visible="true" version="1" changeset="96646660" timestamp="2020-12-30T07:15:21Z" user="mulgist" uid="12368943">
  <nd ref="8273069866"/>
  <nd ref="8273069867"/>
  <nd ref="8273069868"/>
  <nd ref="8273069869"/>
  <nd ref="8273069866"/>
  <tag k="amenity" v="parking"/>
 </way>
 <way id="890025258" visible="true" version="1" changeset="96646660" timestamp="2020-12-30T07:15:21Z" user="mulgist" uid="12368943">
  <nd ref="8273069870"/>
  <nd ref="8273069871"/>
  <nd ref="8273069875"/>
  <nd ref="8273069872"/>
  <nd ref="8273069873"/>
  <nd ref="8273069874"/>
  <nd ref="8273069875"/>
  <tag k="highway" v="service"/>
  <tag k="service" v="parking_aisle"/>
 </way>
 <way id="890025259" visible="true" version="1" changeset="96646660" timestamp="2020-12-30T07:15:21Z" user="mulgist" uid="12368943">
  <nd ref="8273069872"/>
  <nd ref="8273069876"/>
  <nd ref="8273069877"/>
  <tag k="highway" v="service"/>
  <tag k="service" v="driveway"/>
 </way>
 <way id="890025260" visible="true" version="3" changeset="163971755" timestamp="2025-03-23T05:18:51Z" user="chiho_kang" uid="10604125">
  <nd ref="8273069878"/>
  <nd ref="8273069879"/>
  <nd ref="8273069880"/>
  <nd ref="4976383002"/>
  <nd ref="8273069878"/>
  <tag k="addr:city" v="나주시"/>
  <tag k="addr:housenumber" v="26"/>
  <tag k="addr:postcode" v="58323"/>
  <tag k="addr:province" v="전라남도"/>
  <tag k="addr:street" v="정보화길"/>
  <tag k="addr:subdistrict" v="빛가람동"/>
  <tag k="landuse" v="commercial"/>
  <tag k="name" v="케이원지식산업센터"/>
 </way>
 <way id="890025261" visible="true" version="1" changeset="96646660" timestamp="2020-12-30T07:15:21Z" user="mulgist" uid="12368943">
  <nd ref="8273069881"/>
  <nd ref="8273069882"/>
  <nd ref="8273069883"/>
  <nd ref="8273069884"/>
  <nd ref="8273069881"/>
  <tag k="amenity" v="parking"/>
 </way>
 <way id="890025262" visible="true" version="1" changeset="96646660" timestamp="2020-12-30T07:15:21Z" user="mulgist" uid="12368943">
  <nd ref="8273069885"/>
  <nd ref="8273069886"/>
  <nd ref="8273069887"/>
  <nd ref="8273069888"/>
  <nd ref="8273069889"/>
  <nd ref="8273069890"/>
  <nd ref="8273069887"/>
  <tag k="highway" v="service"/>
  <tag k="service" v="parking_aisle"/>
 </way>
 <way id="890025263" visible="true" version="5" changeset="163971755" timestamp="2025-03-23T05:18:51Z" user="chiho_kang" uid="10604125">
  <nd ref="8273069891"/>
  <nd ref="8273069892"/>
  <nd ref="8273069893"/>
  <nd ref="8273069894"/>
  <nd ref="8273069895"/>
  <nd ref="8273069896"/>
  <nd ref="8273069897"/>
  <nd ref="8273069898"/>
  <nd ref="8273069899"/>
  <nd ref="8273069891"/>
  <tag k="addr:city" v="나주시"/>
  <tag k="addr:housenumber" v="26"/>
  <tag k="addr:postcode" v="58323"/>
  <tag k="addr:province" v="전라남도"/>
  <tag k="addr:street" v="정보화길"/>
  <tag k="addr:subdistrict" v="빛가람동"/>
  <tag k="building" v="commercial"/>
  <tag k="building:levels" v="4"/>
  <tag k="building:material" v="wood"/>
  <tag k="name" v="케이원지식산업센터"/>
 </way>
 <way id="890025264" visible="true" version="2" changeset="171918325" timestamp="2025-09-14T13:36:20Z" user="FUKUTAN" uid="5207199">
  <nd ref="8273069900"/>
  <nd ref="8273069885"/>
  <nd ref="13142587643"/>
  <nd ref="8273069870"/>
  <tag k="highway" v="residential"/>
 </way>
 <way id="890025265" visible="true" version="2" changeset="163971755" timestamp="2025-03-23T05:18:51Z" user="chiho_kang" uid="10604125">
  <nd ref="8273069901"/>
  <nd ref="8273069902"/>
  <nd ref="8273069903"/>
  <nd ref="8273069904"/>
  <nd ref="8273069905"/>
  <nd ref="8273069906"/>
  <nd ref="8273069901"/>
  <tag k="addr:city" v="나주시"/>
  <tag k="addr:housenumber" v="1"/>
  <tag k="addr:postcode" v="58323"/>
  <tag k="addr:province" v="전라남도"/>
  <tag k="addr:street" v="정보화길"/>
  <tag k="addr:subdistrict" v="빛가람동"/>
  <tag k="building" v="kindergarten"/>
  <tag k="name" v="우정사업정보센터 꿈나무어린이집"/>
 </way>
 <way id="890025266" visible="true" version="3" changeset="176313032" timestamp="2025-12-23T15:05:33Z" user="aaei924" uid="10626814">
  <nd ref="5180185969"/>
  <nd ref="5291647155"/>
  <tag k="highway" v="tertiary"/>
  <tag k="name" v="우정로"/>
  <tag k="name:en" v="Ujeong-ro"/>
  <tag k="name:ko" v="우정로"/>
 </way>
 <way id="890025267" visible="true" version="1" changeset="96646660" timestamp="2020-12-30T07:15:21Z" user="mulgist" uid="12368943">
  <nd ref="4666430919"/>
  <nd ref="4666430920"/>
  <nd ref="8273069907"/>
  <nd ref="4666430921"/>
  <nd ref="4666430922"/>
 </way>
 <way id="890025268" visible="true" version="1" changeset="96646660" timestamp="2020-12-30T07:15:21Z" user="mulgist" uid="12368943">
  <nd ref="8273069908"/>
  <nd ref="8273069909"/>
 </way>
 <way id="890025269" visible="true" version="1" changeset="96646660" timestamp="2020-12-30T07:15:21Z" user="mulgist" uid="12368943">
  <nd ref="8273069909"/>
  <nd ref="8273069912"/>
  <nd ref="8273069911"/>
 </way>
 <way id="890025270" visible="true" version="1" changeset="96646660" timestamp="2020-12-30T07:15:21Z" user="mulgist" uid="12368943">
  <nd ref="8273069911"/>
  <nd ref="4666430919"/>
 </way>
 <way id="890025271" visible="true" version="4" changeset="176313032" timestamp="2025-12-23T15:05:33Z" user="aaei924" uid="10626814">
  <nd ref="5180185969"/>
  <nd ref="11369029036"/>
  <tag k="highway" v="tertiary"/>
  <tag k="name" v="우정로"/>
  <tag k="name:en" v="Ujeong-ro"/>
  <tag k="name:ko" v="우정로"/>
 </way>
 <way id="890025272" visible="true" version="1" changeset="96646660" timestamp="2020-12-30T07:15:21Z" user="mulgist" uid="12368943">
  <nd ref="8273069913"/>
  <nd ref="8273069914"/>
  <nd ref="8273069915"/>
  <nd ref="8273069916"/>
  <nd ref="8273069917"/>
  <nd ref="8273069918"/>
  <nd ref="8273069919"/>
  <nd ref="8273069920"/>
  <nd ref="8273069921"/>
  <nd ref="8273069922"/>
  <nd ref="8273069913"/>
  <tag k="amenity" v="parking"/>
 </way>
 <way id="890025273" visible="true" version="1" changeset="96646660" timestamp="2020-12-30T07:15:21Z" user="mulgist" uid="12368943">
  <nd ref="8273069923"/>
  <nd ref="8273069928"/>
  <nd ref="8273070021"/>
  <nd ref="8273069931"/>
  <nd ref="8273069924"/>
  <nd ref="8273069925"/>
  <nd ref="8273069926"/>
  <nd ref="8273069927"/>
  <tag k="highway" v="service"/>
  <tag k="service" v="parking_aisle"/>
 </way>
 <way id="890025274" visible="true" version="1" changeset="96646660" timestamp="2020-12-30T07:15:21Z" user="mulgist" uid="12368943">
  <nd ref="8273069928"/>
  <nd ref="8273069929"/>
  <nd ref="8273069932"/>
  <nd ref="8273069930"/>
  <nd ref="8273069931"/>
  <tag k="highway" v="service"/>
  <tag k="service" v="parking_aisle"/>
 </way>
 <way id="890025275" visible="true" version="1" changeset="96646660" timestamp="2020-12-30T07:15:21Z" user="mulgist" uid="12368943">
  <nd ref="8273069932"/>
  <nd ref="8273070021"/>
  <nd ref="8273069933"/>
  <nd ref="8273069937"/>
  <nd ref="8273069934"/>
  <nd ref="8273069935"/>
  <nd ref="8273069936"/>
  <nd ref="8273069928"/>
  <tag k="highway" v="service"/>
  <tag k="service" v="parking_aisle"/>
 </way>
 <way id="890025276" visible="true" version="1" changeset="96646660" timestamp="2020-12-30T07:15:21Z" user="mulgist" uid="12368943">
  <nd ref="8273069935"/>
  <nd ref="8273069937"/>
  <tag k="highway" v="service"/>
  <tag k="service" v="parking_aisle"/>
 </way>
 <way id="890025277" visible="true" version="1" changeset="96646660" timestamp="2020-12-30T07:15:21Z" user="mulgist" uid="12368943">
  <nd ref="8273069930"/>
  <nd ref="8273069938"/>
  <tag k="highway" v="service"/>
  <tag k="service" v="parking_aisle"/>
 </way>
 <way id="890025278" visible="true" version="1" changeset="96646660" timestamp="2020-12-30T07:15:21Z" user="mulgist" uid="12368943">
  <nd ref="5181473568"/>
  <nd ref="8273069939"/>
  <nd ref="8273069940"/>
  <nd ref="8273069941"/>
  <nd ref="8273069942"/>
  <nd ref="8273069943"/>
  <nd ref="8273069944"/>
  <nd ref="8273069945"/>
  <nd ref="5181473567"/>
  <tag k="highway" v="residential"/>
 </way>
 <way id="890025279" visible="true" version="1" changeset="96646660" timestamp="2020-12-30T07:15:21Z" user="mulgist" uid="12368943">
  <nd ref="5181473566"/>
  <nd ref="8273069946"/>
  <nd ref="8273069947"/>
  <tag k="highway" v="service"/>
  <tag k="service" v="parking_aisle"/>
 </way>
 <way id="890025280" visible="true" version="1" changeset="96646660" timestamp="2020-12-30T07:15:21Z" user="mulgist" uid="12368943">
  <nd ref="8273069948"/>
  <nd ref="8273069949"/>
  <nd ref="8273069950"/>
  <nd ref="8273069951"/>
  <nd ref="8273069948"/>
  <tag k="amenity" v="parking"/>
 </way>
 <way id="890025281" visible="true" version="1" changeset="96646660" timestamp="2020-12-30T07:15:21Z" user="mulgist" uid="12368943">
  <nd ref="8273069952"/>
  <nd ref="8273069953"/>
  <nd ref="8273069954"/>
  <nd ref="8273069955"/>
  <nd ref="8273069952"/>
  <tag k="amenity" v="parking"/>
 </way>
 <way id="890025282" visible="true" version="1" changeset="96646660" timestamp="2020-12-30T07:15:21Z" user="mulgist" uid="12368943">
  <nd ref="5181473569"/>
  <nd ref="8273069959"/>
  <nd ref="8273069956"/>
  <nd ref="8273069957"/>
  <nd ref="8273069958"/>
  <nd ref="8273069959"/>
  <tag k="highway" v="service"/>
  <tag k="service" v="parking_aisle"/>
 </way>
 <way id="890025295" visible="true" version="3" changeset="163971755" timestamp="2025-03-23T05:18:51Z" user="chiho_kang" uid="10604125">
  <nd ref="8273070017"/>
  <nd ref="8273070018"/>
  <nd ref="5181473584"/>
  <nd ref="8273070019"/>
  <nd ref="8273070020"/>
  <nd ref="8273070017"/>
  <tag k="addr:city" v="나주시"/>
  <tag k="addr:housenumber" v="760"/>
  <tag k="addr:postcode" v="58324"/>
  <tag k="addr:province" v="전라남도"/>
  <tag k="addr:street" v="빛가람로"/>
  <tag k="addr:subdistrict" v="빛가람동"/>
  <tag k="landuse" v="commercial"/>
  <tag k="name" v="한국방송통신전파진흥원"/>
  <tag k="name:en" v="Korea Communications Agency"/>
  <tag k="name:ko" v="한국방송통신전파진흥원"/>
 </way>
 <way id="890025296" visible="true" version="7" changeset="176319095" timestamp="2025-12-23T17:30:15Z" user="aaei924" uid="10626814">
  <nd ref="8273070023"/>
  <nd ref="2668227970"/>
  <nd ref="5705916951"/>
  <nd ref="5180189930"/>
  <nd ref="13273395546"/>
  <nd ref="5180185973"/>
  <nd ref="13273395545"/>
  <nd ref="6147537042"/>
  <nd ref="5705916950"/>
  <nd ref="2668227971"/>
  <nd ref="10549091056"/>
  <nd ref="6147537041"/>
  <nd ref="10549091057"/>
  <nd ref="5180185974"/>
  <nd ref="6147537040"/>
  <nd ref="2668227972"/>
  <nd ref="6147537039"/>
  <nd ref="5181474012"/>
  <nd ref="6147537038"/>
  <nd ref="2668227974"/>
  <nd ref="13273395547"/>
  <nd ref="9909151294"/>
  <nd ref="3413883209"/>
  <nd ref="13398101040"/>
  <tag k="highway" v="tertiary"/>
  <tag k="name" v="한빛로"/>
  <tag k="name:en" v="Hanbit-ro"/>
  <tag k="name:ko" v="한빛로"/>
 </way>
 <way id="890025297" visible="true" version="5" changeset="156577755" timestamp="2024-09-13T15:26:11Z" user="aaei924" uid="10626814">
  <nd ref="8273070022"/>
  <nd ref="8273070023"/>
  <tag k="bridge" v="yes"/>
  <tag k="bridge:name" v="한빛1교"/>
  <tag k="bridge:name:ko" v="한빛1교"/>
  <tag k="highway" v="tertiary"/>
  <tag k="layer" v="1"/>
  <tag k="name:en" v="Hanbit 1 Bridge"/>
 </way>
 <way id="890679495" visible="true" version="1" changeset="96725193" timestamp="2020-12-31T10:49:44Z" user="mulgist" uid="12368943">
  <nd ref="8267175346"/>
  <nd ref="8277939247"/>
  <nd ref="8277939248"/>
  <nd ref="8277939249"/>
  <nd ref="8277939250"/>
  <nd ref="8277939251"/>
  <nd ref="8277939252"/>
  <nd ref="8277939253"/>
  <nd ref="8277939254"/>
  <nd ref="8277939255"/>
  <nd ref="8277939256"/>
  <nd ref="8277939257"/>
  <nd ref="8277939258"/>
  <nd ref="8277939277"/>
  <nd ref="8277939259"/>
  <nd ref="8277939260"/>
  <nd ref="8277939261"/>
  <nd ref="8277939262"/>
  <nd ref="8277939263"/>
  <nd ref="8277939264"/>
  <nd ref="8277939265"/>
  <nd ref="8277939266"/>
  <nd ref="8277939267"/>
  <nd ref="8277939268"/>
  <nd ref="8277939257"/>
  <tag k="highway" v="path"/>
 </way>
 <way id="890679496" visible="true" version="1" changeset="96725193" timestamp="2020-12-31T10:49:44Z" user="mulgist" uid="12368943">
  <nd ref="8277939249"/>
  <nd ref="8277939269"/>
  <nd ref="8277939270"/>
  <nd ref="8277939272"/>
  <nd ref="8277939271"/>
  <tag k="highway" v="path"/>
 </way>
 <way id="890679497" visible="true" version="1" changeset="96725193" timestamp="2020-12-31T10:49:44Z" user="mulgist" uid="12368943">
  <nd ref="8277939272"/>
  <nd ref="8277939273"/>
  <nd ref="8277939274"/>
  <nd ref="8277939275"/>
  <nd ref="8277939276"/>
  <nd ref="8277939277"/>
  <tag k="highway" v="path"/>
 </way>
 <way id="890679498" visible="true" version="1" changeset="96725193" timestamp="2020-12-31T10:49:44Z" user="mulgist" uid="12368943">
  <nd ref="8277939278"/>
  <nd ref="8277939279"/>
  <nd ref="8277939280"/>
  <nd ref="8277939281"/>
  <nd ref="8277939282"/>
  <nd ref="8277939283"/>
  <tag k="highway" v="path"/>
 </way>
 <way id="890679499" visible="true" version="1" changeset="96725193" timestamp="2020-12-31T10:49:44Z" user="mulgist" uid="12368943">
  <nd ref="8277939284"/>
  <nd ref="8277939285"/>
  <nd ref="8277939286"/>
  <nd ref="8277939287"/>
  <nd ref="8277939288"/>
  <tag k="highway" v="path"/>
 </way>
 <way id="890679500" visible="true" version="1" changeset="96725193" timestamp="2020-12-31T10:49:44Z" user="mulgist" uid="12368943">
  <nd ref="8277939289"/>
  <nd ref="8277939290"/>
  <nd ref="8277939291"/>
  <nd ref="8277939292"/>
  <nd ref="8277939293"/>
  <nd ref="8277939294"/>
  <nd ref="8277939295"/>
  <nd ref="8277939306"/>
  <nd ref="8277939296"/>
  <nd ref="8277939302"/>
  <nd ref="8277939297"/>
  <nd ref="8278019991"/>
  <nd ref="8277939298"/>
  <tag k="highway" v="path"/>
 </way>
 <way id="890679501" visible="true" version="1" changeset="96725193" timestamp="2020-12-31T10:49:44Z" user="mulgist" uid="12368943">
  <nd ref="8277939299"/>
  <nd ref="8277939300"/>
  <nd ref="8277939301"/>
  <nd ref="8278019992"/>
  <nd ref="8270223159"/>
  <tag k="highway" v="path"/>
 </way>
 <way id="890679502" visible="true" version="1" changeset="96725193" timestamp="2020-12-31T10:49:44Z" user="mulgist" uid="12368943">
  <nd ref="8277939302"/>
  <nd ref="8270223159"/>
  <tag k="highway" v="path"/>
 </way>
 <way id="890679503" visible="true" version="1" changeset="96725193" timestamp="2020-12-31T10:49:44Z" user="mulgist" uid="12368943">
  <nd ref="8277939295"/>
  <nd ref="8277939303"/>
  <nd ref="8277939304"/>
  <nd ref="8278019847"/>
  <nd ref="8277939307"/>
  <nd ref="8278019990"/>
  <nd ref="8277939308"/>
  <nd ref="8277939309"/>
  <nd ref="8278019855"/>
  <nd ref="8277939310"/>
  <nd ref="8277939311"/>
  <nd ref="8277939312"/>
  <nd ref="8277939313"/>
  <nd ref="8277939314"/>
  <nd ref="8277939315"/>
  <nd ref="8277939316"/>
  <nd ref="8278019817"/>
  <nd ref="8278019818"/>
  <nd ref="8278019859"/>
  <nd ref="8278019819"/>
  <nd ref="8278019820"/>
  <nd ref="8278019821"/>
  <nd ref="8278019822"/>
  <nd ref="8278019823"/>
  <nd ref="8278019824"/>
  <nd ref="8278019825"/>
  <nd ref="8278019826"/>
  <nd ref="8278019827"/>
  <nd ref="8278019828"/>
  <nd ref="8278019829"/>
  <nd ref="8278019830"/>
  <nd ref="8278019831"/>
  <nd ref="8278019832"/>
  <nd ref="8278019833"/>
  <nd ref="8278019834"/>
  <nd ref="8278019835"/>
  <nd ref="8278019836"/>
  <nd ref="8278019837"/>
  <nd ref="8278019838"/>
  <nd ref="8278019839"/>
  <nd ref="8278019840"/>
  <nd ref="8278019841"/>
  <nd ref="8278019842"/>
  <nd ref="8278019843"/>
  <nd ref="8278019844"/>
  <nd ref="8278019845"/>
  <nd ref="8278019846"/>
  <tag k="highway" v="path"/>
 </way>
 <way id="890679504" visible="true" version="1" changeset="96725193" timestamp="2020-12-31T10:49:44Z" user="mulgist" uid="12368943">
  <nd ref="8277939303"/>
  <nd ref="8277939305"/>
  <tag k="highway" v="path"/>
 </way>
 <way id="890679507" visible="true" version="1" changeset="96725193" timestamp="2020-12-31T10:49:44Z" user="mulgist" uid="12368943">
  <nd ref="8278019855"/>
  <nd ref="8278019857"/>
  <nd ref="8278019858"/>
  <nd ref="8278019846"/>
  <nd ref="8278019856"/>
  <nd ref="8278019988"/>
  <nd ref="8278019989"/>
  <nd ref="8278019990"/>
  <tag k="highway" v="path"/>
 </way>
 <way id="890679527" visible="true" version="3" changeset="171918325" timestamp="2025-09-14T13:36:20Z" user="FUKUTAN" uid="5207199">
  <nd ref="8267175348"/>
  <nd ref="13142587644"/>
  <nd ref="8278019994"/>
  <tag k="bridge" v="yes"/>
  <tag k="highway" v="footway"/>
  <tag k="layer" v="1"/>
 </way>
 <way id="890679528" visible="true" version="1" changeset="96725193" timestamp="2020-12-31T10:49:44Z" user="mulgist" uid="12368943">
  <nd ref="8278019995"/>
  <nd ref="8278019996"/>
  <nd ref="8278019997"/>
  <tag k="highway" v="path"/>
 </way>
 <way id="890679529" visible="true" version="1" changeset="96725193" timestamp="2020-12-31T10:49:44Z" user="mulgist" uid="12368943">
  <nd ref="8277939247"/>
  <nd ref="8278019998"/>
  <nd ref="8278019999"/>
  <nd ref="8278020000"/>
  <nd ref="8278020001"/>
  <nd ref="8278020002"/>
  <nd ref="8278020003"/>
  <tag k="highway" v="path"/>
 </way>
 <way id="890679536" visible="true" version="2" changeset="99630021" timestamp="2021-02-20T08:24:13Z" user="mulgist" uid="12368943">
  <nd ref="8278019895"/>
  <nd ref="8278020062"/>
  <nd ref="8278020063"/>
  <nd ref="8278020064"/>
  <nd ref="8278019920"/>
  <nd ref="8278020065"/>
  <nd ref="8278020066"/>
  <nd ref="8278020067"/>
  <nd ref="8278020068"/>
  <nd ref="8278020069"/>
  <nd ref="8278020070"/>
  <nd ref="8278020071"/>
  <nd ref="8278020072"/>
  <nd ref="8278020073"/>
  <nd ref="8278020074"/>
  <nd ref="8278020075"/>
  <nd ref="8278020076"/>
  <nd ref="8277939284"/>
  <tag k="highway" v="footway"/>
 </way>
 <way id="890679537" visible="true" version="1" changeset="96725193" timestamp="2020-12-31T10:49:44Z" user="mulgist" uid="12368943">
  <nd ref="8277939284"/>
  <nd ref="8278020077"/>
  <nd ref="8277939283"/>
  <tag k="crossing" v="marked"/>
  <tag k="footway" v="crossing"/>
  <tag k="highway" v="footway"/>
 </way>
 <way id="890679538" visible="true" version="4" changeset="144326721" timestamp="2023-11-22T13:28:24Z" user="asdfqwer51" uid="3350410">
  <nd ref="8277939283"/>
  <nd ref="8278020078"/>
  <nd ref="8278020079"/>
  <nd ref="8278020080"/>
  <nd ref="8278020081"/>
  <nd ref="8278020082"/>
  <nd ref="8278019997"/>
  <nd ref="8267175387"/>
  <nd ref="8278020083"/>
  <nd ref="8278020084"/>
  <nd ref="8278020085"/>
  <nd ref="8278020163"/>
  <nd ref="8278020086"/>
  <nd ref="8278020087"/>
  <nd ref="8278020088"/>
  <nd ref="8449650139"/>
  <nd ref="8278020089"/>
  <tag k="highway" v="footway"/>
 </way>
 <way id="890679539" visible="true" version="1" changeset="96725193" timestamp="2020-12-31T10:49:44Z" user="mulgist" uid="12368943">
  <nd ref="8278020089"/>
  <nd ref="8278020091"/>
  <nd ref="8278020090"/>
  <tag k="crossing" v="marked"/>
  <tag k="footway" v="crossing"/>
  <tag k="highway" v="footway"/>
 </way>
 <way id="890679540" visible="true" version="2" changeset="99630021" timestamp="2021-02-20T08:24:13Z" user="mulgist" uid="12368943">
  <nd ref="8278020090"/>
  <nd ref="8278020092"/>
  <tag k="highway" v="footway"/>
 </way>
 <way id="890679557" visible="true" version="1" changeset="96725193" timestamp="2020-12-31T10:49:44Z" user="mulgist" uid="12368943">
  <nd ref="8267175370"/>
  <nd ref="8278020159"/>
  <nd ref="8278020160"/>
  <nd ref="8278020161"/>
  <nd ref="8278020162"/>
  <tag k="highway" v="path"/>
 </way>
 <way id="890679558" visible="true" version="1" changeset="96725193" timestamp="2020-12-31T10:49:44Z" user="mulgist" uid="12368943">
  <nd ref="8278020163"/>
  <nd ref="8278020164"/>
  <nd ref="8278020165"/>
  <nd ref="8278020166"/>
  <nd ref="8278020162"/>
  <nd ref="8278020192"/>
  <nd ref="8278020167"/>
  <tag k="highway" v="path"/>
  <tag k="layer" v="-1"/>
 </way>
 <way id="890679560" visible="true" version="1" changeset="96725193" timestamp="2020-12-31T10:49:44Z" user="mulgist" uid="12368943">
  <nd ref="8278020182"/>
  <nd ref="8278020183"/>
  <nd ref="8278020184"/>
  <nd ref="8278020185"/>
  <nd ref="8278020186"/>
  <nd ref="8278020187"/>
  <nd ref="8278020169"/>
  <nd ref="8278020170"/>
  <nd ref="8278020171"/>
  <nd ref="8278020172"/>
  <nd ref="8278020177"/>
  <nd ref="8278020178"/>
  <nd ref="8278020179"/>
  <nd ref="8278020180"/>
  <nd ref="8278020181"/>
  <nd ref="8278020188"/>
  <nd ref="8278020173"/>
  <nd ref="8278020174"/>
  <nd ref="8278020175"/>
  <nd ref="8278020176"/>
  <nd ref="8278020182"/>
  <tag k="highway" v="path"/>
 </way>
 <way id="890679561" visible="true" version="1" changeset="96725193" timestamp="2020-12-31T10:49:44Z" user="mulgist" uid="12368943">
  <nd ref="8278020188"/>
  <nd ref="8278020189"/>
  <nd ref="8278020190"/>
  <nd ref="8278020191"/>
  <nd ref="8278020192"/>
  <tag k="highway" v="path"/>
 </way>
 <way id="891014017" visible="true" version="1" changeset="96780587" timestamp="2021-01-01T17:12:51Z" user="mulgist" uid="12368943">
  <nd ref="8281390443"/>
  <nd ref="8281390444"/>
  <nd ref="8281390445"/>
  <nd ref="8281390446"/>
  <nd ref="8281390443"/>
  <tag k="leisure" v="pitch"/>
 </way>
 <way id="891014018" visible="true" version="1" changeset="96780587" timestamp="2021-01-01T17:12:51Z" user="mulgist" uid="12368943">
  <nd ref="8281390447"/>
  <nd ref="8281390448"/>
  <nd ref="8281390449"/>
  <nd ref="8281390450"/>
  <nd ref="8281390447"/>
  <tag k="leisure" v="pitch"/>
  <tag k="sport" v="tennis"/>
 </way>
 <way id="891014019" visible="true" version="1" changeset="96780587" timestamp="2021-01-01T17:12:51Z" user="mulgist" uid="12368943">
  <nd ref="8281390451"/>
  <nd ref="8281390452"/>
  <nd ref="8281390453"/>
  <nd ref="8281390454"/>
  <nd ref="8281390451"/>
  <tag k="operator" v="우정사업정보센터"/>
  <tag k="power" v="substation"/>
 </way>
 <way id="894601085" visible="true" version="1" changeset="97379800" timestamp="2021-01-12T14:19:08Z" user="야광멧돼지" uid="12393144">
  <nd ref="8315254266"/>
  <nd ref="8315254287"/>
  <tag k="highway" v="path"/>
 </way>
 <way id="894601099" visible="true" version="5" changeset="175910622" timestamp="2025-12-14T08:55:57Z" user="FUKUTAN" uid="5207199">
  <nd ref="8315254422"/>
  <nd ref="8315254423"/>
  <nd ref="10729284648"/>
  <nd ref="10729284649"/>
  <nd ref="10729284647"/>
  <nd ref="8315254424"/>
  <nd ref="8315254425"/>
  <nd ref="8315254426"/>
  <nd ref="8315254427"/>
  <nd ref="8315254428"/>
  <nd ref="10729284650"/>
  <nd ref="10729284651"/>
  <nd ref="8315254422"/>
  <tag k="addr:housenumber" v="19"/>
  <tag k="addr:postcode" v="58323"/>
  <tag k="addr:street" v="쌍산1길"/>
  <tag k="amenity" v="school"/>
  <tag k="education" v="school"/>
  <tag k="isced:level" v="3"/>
  <tag k="name" v="매성중학고등학교"/>
  <tag k="name:en" v="Maeseong Middle &amp; High School"/>
  <tag k="name:ko" v="매성중학고등학교"/>
 </way>
 <way id="894601100" visible="true" version="2" changeset="144333236" timestamp="2023-11-22T16:36:43Z" user="asdfqwer51" uid="3350410">
  <nd ref="8315254429"/>
  <nd ref="8315254430"/>
  <nd ref="8315254431"/>
  <nd ref="8315254432"/>
  <nd ref="8315254433"/>
  <nd ref="8315254434"/>
  <nd ref="8315254435"/>
  <nd ref="8315254429"/>
  <tag k="addr:housenumber" v="1"/>
  <tag k="addr:postcode" v="58323"/>
  <tag k="addr:street" v="쌍산1길"/>
  <tag k="building" v="kindergarten"/>
 </way>
 <way id="894601101" visible="true" version="2" changeset="144333236" timestamp="2023-11-22T16:36:43Z" user="asdfqwer51" uid="3350410">
  <nd ref="8315254436"/>
  <nd ref="8315254437"/>
  <nd ref="8315254438"/>
  <nd ref="8315254439"/>
  <nd ref="8315254436"/>
  <tag k="amenity" v="kindergarten"/>
  <tag k="name" v="빛그린유치원"/>
  <tag k="name:en" v="Bitgreen Kindergarten"/>
  <tag k="name:ko" v="빛그린유치원"/>
 </way>
 <way id="906841816" visible="true" version="1" changeset="99219143" timestamp="2021-02-13T16:03:11Z" user="mulgist" uid="12368943">
  <nd ref="8420732175"/>
  <nd ref="8420732176"/>
  <nd ref="8420732177"/>
  <nd ref="8420732178"/>
  <tag k="highway" v="path"/>
 </way>
 <way id="906841817" visible="true" version="1" changeset="99219143" timestamp="2021-02-13T16:03:11Z" user="mulgist" uid="12368943">
  <nd ref="8420734078"/>
  <nd ref="5309677769"/>
  <nd ref="5309677770"/>
  <nd ref="5309677771"/>
  <nd ref="5842274202"/>
  <nd ref="5309677772"/>
  <nd ref="8420732180"/>
  <nd ref="5309677773"/>
  <nd ref="5309677774"/>
  <nd ref="8420734069"/>
  <tag k="highway" v="path"/>
 </way>
 <way id="906841818" visible="true" version="1" changeset="99219143" timestamp="2021-02-13T16:03:11Z" user="mulgist" uid="12368943">
  <nd ref="8420732186"/>
  <nd ref="8420734023"/>
  <nd ref="8420732187"/>
  <tag k="highway" v="path"/>
 </way>
 <way id="906841819" visible="true" version="1" changeset="99219143" timestamp="2021-02-13T16:03:11Z" user="mulgist" uid="12368943">
  <nd ref="8420732188"/>
  <nd ref="8420734025"/>
  <nd ref="8420732187"/>
  <nd ref="8420732189"/>
  <nd ref="8420732190"/>
  <nd ref="8420732191"/>
  <nd ref="8420732192"/>
  <nd ref="8420732193"/>
  <tag k="highway" v="path"/>
 </way>
 <way id="906841820" visible="true" version="1" changeset="99219143" timestamp="2021-02-13T16:03:11Z" user="mulgist" uid="12368943">
  <nd ref="8420732178"/>
  <nd ref="8420732194"/>
  <nd ref="8420732195"/>
  <nd ref="8420732196"/>
  <nd ref="8420732197"/>
  <nd ref="8420732193"/>
  <nd ref="8420732198"/>
  <nd ref="8420732199"/>
  <nd ref="8420732200"/>
  <nd ref="8420732201"/>
  <nd ref="8420732202"/>
  <nd ref="8420732203"/>
  <nd ref="8420732204"/>
  <nd ref="8420732205"/>
  <nd ref="8420732206"/>
  <nd ref="8420732207"/>
  <nd ref="8420732208"/>
  <nd ref="8420732178"/>
  <tag k="highway" v="path"/>
 </way>
 <way id="906841821" visible="true" version="1" changeset="99219143" timestamp="2021-02-13T16:03:11Z" user="mulgist" uid="12368943">
  <nd ref="8420732204"/>
  <nd ref="8420732209"/>
  <tag k="highway" v="path"/>
 </way>
 <way id="906841822" visible="true" version="1" changeset="99219143" timestamp="2021-02-13T16:03:11Z" user="mulgist" uid="12368943">
  <nd ref="8420732193"/>
  <nd ref="8420732210"/>
  <nd ref="8420732211"/>
  <nd ref="8420732212"/>
  <nd ref="5309677964"/>
  <tag k="highway" v="path"/>
 </way>
 <way id="906841823" visible="true" version="1" changeset="99219143" timestamp="2021-02-13T16:03:11Z" user="mulgist" uid="12368943">
  <nd ref="5309677964"/>
  <nd ref="8420732213"/>
  <nd ref="8420732214"/>
  <nd ref="8420732215"/>
  <nd ref="8420732216"/>
  <nd ref="8420734017"/>
  <nd ref="8420734018"/>
  <nd ref="8420734019"/>
  <nd ref="8420734020"/>
  <nd ref="8420734021"/>
  <nd ref="8420734022"/>
  <tag k="highway" v="path"/>
 </way>
 <way id="906841824" visible="true" version="1" changeset="99219143" timestamp="2021-02-13T16:03:11Z" user="mulgist" uid="12368943">
  <nd ref="8420734023"/>
  <nd ref="8420734024"/>
  <tag k="highway" v="path"/>
 </way>
 <way id="906841825" visible="true" version="1" changeset="99219143" timestamp="2021-02-13T16:03:11Z" user="mulgist" uid="12368943">
  <nd ref="8420734025"/>
  <nd ref="8420734027"/>
  <nd ref="8420734029"/>
  <nd ref="8420734026"/>
  <tag k="highway" v="path"/>
 </way>
 <way id="906841826" visible="true" version="1" changeset="99219143" timestamp="2021-02-13T16:03:11Z" user="mulgist" uid="12368943">
  <nd ref="8420734028"/>
  <nd ref="8420734029"/>
  <nd ref="8420734030"/>
  <tag k="highway" v="path"/>
 </way>
 <way id="906841827" visible="true" version="1" changeset="99219143" timestamp="2021-02-13T16:03:11Z" user="mulgist" uid="12368943">
  <nd ref="8420734031"/>
  <nd ref="8420734026"/>
  <nd ref="8420734033"/>
  <nd ref="8420734032"/>
  <tag k="highway" v="path"/>
 </way>
 <way id="906841828" visible="true" version="1" changeset="99219143" timestamp="2021-02-13T16:03:11Z" user="mulgist" uid="12368943">
  <nd ref="8420734033"/>
  <nd ref="8420734034"/>
  <nd ref="8420734035"/>
  <tag k="highway" v="path"/>
 </way>
 <way id="906841829" visible="true" version="1" changeset="99219143" timestamp="2021-02-13T16:03:11Z" user="mulgist" uid="12368943">
  <nd ref="8420734034"/>
  <nd ref="8420734037"/>
  <nd ref="8420734036"/>
  <tag k="highway" v="path"/>
 </way>
 <way id="906841830" visible="true" version="1" changeset="99219143" timestamp="2021-02-13T16:03:11Z" user="mulgist" uid="12368943">
  <nd ref="8420734037"/>
  <nd ref="8420734038"/>
  <nd ref="8420734039"/>
  <nd ref="8420734040"/>
  <nd ref="8420734041"/>
  <nd ref="8420734042"/>
  <nd ref="8420734043"/>
  <nd ref="8420734044"/>
  <nd ref="8420734045"/>
  <nd ref="8420734046"/>
  <nd ref="8420734047"/>
  <nd ref="8420734048"/>
  <nd ref="8420734049"/>
  <nd ref="8420734050"/>
  <nd ref="8420732204"/>
  <tag k="highway" v="path"/>
 </way>
 <way id="906841831" visible="true" version="1" changeset="99219143" timestamp="2021-02-13T16:03:11Z" user="mulgist" uid="12368943">
  <nd ref="8420734041"/>
  <nd ref="8420734051"/>
  <tag k="highway" v="path"/>
 </way>
 <way id="906841832" visible="true" version="1" changeset="99219143" timestamp="2021-02-13T16:03:11Z" user="mulgist" uid="12368943">
  <nd ref="8420734038"/>
  <nd ref="8420734052"/>
  <tag k="highway" v="path"/>
 </way>
 <way id="906841833" visible="true" version="1" changeset="99219143" timestamp="2021-02-13T16:03:11Z" user="mulgist" uid="12368943">
  <nd ref="8420734046"/>
  <nd ref="8420734053"/>
  <nd ref="8420734054"/>
  <nd ref="8420734055"/>
  <nd ref="8420734056"/>
  <nd ref="8420734057"/>
  <nd ref="8420734058"/>
  <nd ref="8420734059"/>
  <tag k="highway" v="path"/>
 </way>
 <way id="906841834" visible="true" version="1" changeset="99219143" timestamp="2021-02-13T16:03:11Z" user="mulgist" uid="12368943">
  <nd ref="8420734060"/>
  <nd ref="8420734061"/>
  <nd ref="8420734062"/>
  <nd ref="8420734063"/>
  <tag k="highway" v="path"/>
 </way>
 <way id="906841835" visible="true" version="1" changeset="99219143" timestamp="2021-02-13T16:03:11Z" user="mulgist" uid="12368943">
  <nd ref="8420734068"/>
  <nd ref="8420734060"/>
  <nd ref="5309677782"/>
  <nd ref="5309677783"/>
  <nd ref="5309677784"/>
  <nd ref="5309677785"/>
  <tag k="highway" v="path"/>
 </way>
 <way id="906841836" visible="true" version="1" changeset="99219143" timestamp="2021-02-13T16:03:11Z" user="mulgist" uid="12368943">
  <nd ref="8420734069"/>
  <nd ref="8420734068"/>
  <tag k="bridge" v="yes"/>
  <tag k="highway" v="path"/>
  <tag k="layer" v="1"/>
 </way>
 <way id="906841837" visible="true" version="1" changeset="99219143" timestamp="2021-02-13T16:03:11Z" user="mulgist" uid="12368943">
  <nd ref="5309416876"/>
  <nd ref="8420734075"/>
  <nd ref="8420734076"/>
  <nd ref="8420734077"/>
  <nd ref="3413889903"/>
  <tag k="waterway" v="ditch"/>
 </way>
 <way id="906841838" visible="true" version="1" changeset="99219143" timestamp="2021-02-13T16:03:11Z" user="mulgist" uid="12368943">
  <nd ref="5309677765"/>
  <nd ref="8420732179"/>
  <nd ref="5309677766"/>
  <nd ref="5309677767"/>
  <nd ref="8420734079"/>
  <tag k="highway" v="path"/>
 </way>
 <way id="906841839" visible="true" version="1" changeset="99219143" timestamp="2021-02-13T16:03:11Z" user="mulgist" uid="12368943">
  <nd ref="8420734079"/>
  <nd ref="8420734078"/>
  <tag k="bridge" v="yes"/>
  <tag k="highway" v="path"/>
  <tag k="layer" v="1"/>
 </way>
 <way id="906841840" visible="true" version="2" changeset="99601411" timestamp="2021-02-19T14:39:38Z" user="mulgist" uid="12368943">
  <nd ref="8438286331"/>
  <nd ref="5180190197"/>
  <nd ref="5354443507"/>
  <nd ref="8420734083"/>
  <tag k="highway" v="path"/>
 </way>
 <way id="906841841" visible="true" version="2" changeset="99601411" timestamp="2021-02-19T14:39:38Z" user="mulgist" uid="12368943">
  <nd ref="8420734083"/>
  <nd ref="8420734082"/>
  <tag k="bridge" v="yes"/>
  <tag k="highway" v="path"/>
  <tag k="layer" v="1"/>
 </way>
 <way id="906841842" visible="true" version="2" changeset="123960556" timestamp="2022-07-23T03:06:23Z" user="FUKUTAN" uid="5207199">
  <nd ref="3413889903"/>
  <nd ref="8420734080"/>
  <nd ref="5181474027"/>
  <nd ref="5181474026"/>
  <nd ref="5181474025"/>
  <nd ref="5181474024"/>
  <nd ref="5181474023"/>
  <nd ref="5181474022"/>
  <nd ref="9905228797"/>
  <nd ref="5181474021"/>
  <nd ref="5181474020"/>
  <nd ref="8420734084"/>
  <nd ref="5181474019"/>
  <nd ref="9905228739"/>
  <nd ref="5309434105"/>
  <nd ref="5309434106"/>
  <nd ref="5181474018"/>
  <nd ref="5309434107"/>
  <nd ref="5181474017"/>
  <nd ref="8420734085"/>
  <nd ref="9905166610"/>
  <nd ref="9905166611"/>
  <nd ref="9905166612"/>
  <nd ref="9905166613"/>
  <nd ref="9905166614"/>
  <nd ref="9905166615"/>
  <nd ref="9905166616"/>
  <nd ref="9905228717"/>
  <nd ref="9905228718"/>
  <nd ref="9905228719"/>
  <nd ref="9905228720"/>
  <nd ref="9905228721"/>
  <nd ref="3413887588"/>
  <tag k="waterway" v="stream"/>
 </way>
 <way id="906841843" visible="true" version="1" changeset="99219143" timestamp="2021-02-13T16:03:11Z" user="mulgist" uid="12368943">
  <nd ref="8420734089"/>
  <nd ref="5309677964"/>
  <tag k="highway" v="path"/>
 </way>
 <way id="906841844" visible="true" version="1" changeset="99219143" timestamp="2021-02-13T16:03:11Z" user="mulgist" uid="12368943">
  <nd ref="8420734090"/>
  <nd ref="8420734089"/>
  <tag k="bridge" v="yes"/>
  <tag k="highway" v="path"/>
  <tag k="layer" v="1"/>
 </way>
 <way id="907022688" visible="true" version="2" changeset="163971755" timestamp="2025-03-23T05:18:51Z" user="chiho_kang" uid="10604125">
  <nd ref="8422428658"/>
  <nd ref="8422428659"/>
  <nd ref="8422428660"/>
  <nd ref="8422428661"/>
  <nd ref="8422428662"/>
  <nd ref="8422428663"/>
  <nd ref="8422428664"/>
  <nd ref="8422428665"/>
  <nd ref="8422428658"/>
  <tag k="addr:city" v="나주시"/>
  <tag k="addr:housenumber" v="101"/>
  <tag k="addr:postcode" v="58217"/>
  <tag k="addr:province" v="전라남도"/>
  <tag k="addr:street" v="우정로"/>
  <tag k="addr:subdistrict" v="빛가람동"/>
  <tag k="building" v="apartments"/>
  <tag k="building:levels" v="11"/>
  <tag k="name" v="204동"/>
  <tag k="note" v="빛가람 중흥S-CLASS센트럴 2차"/>
 </way>
 <way id="907022689" visible="true" version="2" changeset="163971755" timestamp="2025-03-23T05:18:51Z" user="chiho_kang" uid="10604125">
  <nd ref="8422428666"/>
  <nd ref="8422428667"/>
  <nd ref="8422428668"/>
  <nd ref="8422428669"/>
  <nd ref="8422428670"/>
  <nd ref="8422428671"/>
  <nd ref="8422428672"/>
  <nd ref="8422428673"/>
  <nd ref="8422428666"/>
  <tag k="addr:city" v="나주시"/>
  <tag k="addr:housenumber" v="101"/>
  <tag k="addr:postcode" v="58217"/>
  <tag k="addr:province" v="전라남도"/>
  <tag k="addr:street" v="우정로"/>
  <tag k="addr:subdistrict" v="빛가람동"/>
  <tag k="building" v="apartments"/>
  <tag k="building:levels" v="11"/>
  <tag k="name" v="205동"/>
  <tag k="note" v="빛가람 중흥S-CLASS센트럴 2차"/>
 </way>
 <way id="907022690" visible="true" version="2" changeset="163971755" timestamp="2025-03-23T05:18:51Z" user="chiho_kang" uid="10604125">
  <nd ref="8422428674"/>
  <nd ref="8422428675"/>
  <nd ref="8422428676"/>
  <nd ref="8422428677"/>
  <nd ref="8422428678"/>
  <nd ref="8422428679"/>
  <nd ref="8422428680"/>
  <nd ref="8422428681"/>
  <nd ref="8422428674"/>
  <tag k="addr:city" v="나주시"/>
  <tag k="addr:housenumber" v="101"/>
  <tag k="addr:postcode" v="58217"/>
  <tag k="addr:province" v="전라남도"/>
  <tag k="addr:street" v="우정로"/>
  <tag k="addr:subdistrict" v="빛가람동"/>
  <tag k="building" v="apartments"/>
  <tag k="building:levels" v="11"/>
  <tag k="name" v="206동"/>
  <tag k="note" v="빛가람 중흥S-CLASS센트럴 2차"/>
 </way>
 <way id="907022691" visible="true" version="2" changeset="163971755" timestamp="2025-03-23T05:18:51Z" user="chiho_kang" uid="10604125">
  <nd ref="8422428682"/>
  <nd ref="8422428683"/>
  <nd ref="8422428684"/>
  <nd ref="8422428685"/>
  <nd ref="8422428686"/>
  <nd ref="8422428687"/>
  <nd ref="8422428688"/>
  <nd ref="8422428689"/>
  <nd ref="8422428682"/>
  <tag k="addr:city" v="나주시"/>
  <tag k="addr:housenumber" v="101"/>
  <tag k="addr:postcode" v="58217"/>
  <tag k="addr:province" v="전라남도"/>
  <tag k="addr:street" v="우정로"/>
  <tag k="addr:subdistrict" v="빛가람동"/>
  <tag k="building" v="apartments"/>
  <tag k="building:levels" v="11"/>
  <tag k="name" v="212동"/>
  <tag k="note" v="빛가람 중흥S-CLASS센트럴 2차"/>
 </way>
 <way id="907022692" visible="true" version="2" changeset="163971755" timestamp="2025-03-23T05:18:51Z" user="chiho_kang" uid="10604125">
  <nd ref="8422428690"/>
  <nd ref="8422428691"/>
  <nd ref="8422428699"/>
  <nd ref="8422428701"/>
  <nd ref="8422428700"/>
  <nd ref="8422428698"/>
  <nd ref="8422428692"/>
  <nd ref="8422428693"/>
  <nd ref="8422428694"/>
  <nd ref="8422428695"/>
  <nd ref="8422428696"/>
  <nd ref="8422428697"/>
  <nd ref="8422428690"/>
  <tag k="addr:city" v="나주시"/>
  <tag k="addr:housenumber" v="101"/>
  <tag k="addr:postcode" v="58217"/>
  <tag k="addr:province" v="전라남도"/>
  <tag k="addr:street" v="우정로"/>
  <tag k="addr:subdistrict" v="빛가람동"/>
  <tag k="building" v="apartments"/>
  <tag k="building:levels" v="18"/>
  <tag k="name" v="203동"/>
  <tag k="note" v="빛가람 중흥S-CLASS센트럴 2차"/>
 </way>
 <way id="907022693" visible="true" version="2" changeset="163971755" timestamp="2025-03-23T05:18:51Z" user="chiho_kang" uid="10604125">
  <nd ref="8422428702"/>
  <nd ref="8422428703"/>
  <nd ref="8422428704"/>
  <nd ref="8422428705"/>
  <nd ref="8422428706"/>
  <nd ref="8422428707"/>
  <nd ref="8422428708"/>
  <nd ref="8422428709"/>
  <nd ref="8422428710"/>
  <nd ref="8422428711"/>
  <nd ref="8422428712"/>
  <nd ref="8422428713"/>
  <nd ref="8422428702"/>
  <tag k="addr:city" v="나주시"/>
  <tag k="addr:housenumber" v="101"/>
  <tag k="addr:postcode" v="58217"/>
  <tag k="addr:province" v="전라남도"/>
  <tag k="addr:street" v="우정로"/>
  <tag k="addr:subdistrict" v="빛가람동"/>
  <tag k="building" v="apartments"/>
  <tag k="building:levels" v="18"/>
  <tag k="name" v="202동"/>
  <tag k="note" v="빛가람 중흥S-CLASS센트럴 2차"/>
 </way>
 <way id="907022694" visible="true" version="2" changeset="163971755" timestamp="2025-03-23T05:18:51Z" user="chiho_kang" uid="10604125">
  <nd ref="8422428714"/>
  <nd ref="8422428715"/>
  <nd ref="8422428716"/>
  <nd ref="8422493417"/>
  <nd ref="8422493418"/>
  <nd ref="8422493419"/>
  <nd ref="8422493420"/>
  <nd ref="8422493421"/>
  <nd ref="8422493422"/>
  <nd ref="8422493423"/>
  <nd ref="8422493424"/>
  <nd ref="8422493425"/>
  <nd ref="8422493426"/>
  <nd ref="8422493427"/>
  <nd ref="8422493428"/>
  <nd ref="8422493429"/>
  <nd ref="8422428714"/>
  <tag k="addr:city" v="나주시"/>
  <tag k="addr:housenumber" v="101"/>
  <tag k="addr:postcode" v="58217"/>
  <tag k="addr:province" v="전라남도"/>
  <tag k="addr:street" v="우정로"/>
  <tag k="addr:subdistrict" v="빛가람동"/>
  <tag k="building" v="apartments"/>
  <tag k="building:levels" v="23"/>
  <tag k="name" v="201동"/>
  <tag k="note" v="빛가람 중흥S-CLASS센트럴 2차"/>
 </way>
 <way id="907022695" visible="true" version="2" changeset="163971755" timestamp="2025-03-23T05:18:51Z" user="chiho_kang" uid="10604125">
  <nd ref="8422493430"/>
  <nd ref="8422493431"/>
  <nd ref="8422493432"/>
  <nd ref="8422493433"/>
  <nd ref="8422493434"/>
  <nd ref="8422493435"/>
  <nd ref="8422493436"/>
  <nd ref="8422493437"/>
  <nd ref="8422493438"/>
  <nd ref="8422493439"/>
  <nd ref="8422493440"/>
  <nd ref="8422493441"/>
  <nd ref="8422493442"/>
  <nd ref="8422493443"/>
  <nd ref="8422493444"/>
  <nd ref="8422493445"/>
  <nd ref="8422493430"/>
  <tag k="addr:city" v="나주시"/>
  <tag k="addr:housenumber" v="101"/>
  <tag k="addr:postcode" v="58217"/>
  <tag k="addr:province" v="전라남도"/>
  <tag k="addr:street" v="우정로"/>
  <tag k="addr:subdistrict" v="빛가람동"/>
  <tag k="building" v="apartments"/>
  <tag k="building:levels" v="23"/>
  <tag k="name" v="209동"/>
  <tag k="note" v="빛가람 중흥S-CLASS센트럴 2차"/>
 </way>
 <way id="907022696" visible="true" version="2" changeset="163971755" timestamp="2025-03-23T05:18:51Z" user="chiho_kang" uid="10604125">
  <nd ref="8422493446"/>
  <nd ref="8422493447"/>
  <nd ref="8422493448"/>
  <nd ref="8422493449"/>
  <nd ref="8422493450"/>
  <nd ref="8422493451"/>
  <nd ref="8422493452"/>
  <nd ref="8422493453"/>
  <nd ref="8422493454"/>
  <nd ref="8422493455"/>
  <nd ref="8422493456"/>
  <nd ref="8422493457"/>
  <nd ref="8422493446"/>
  <tag k="addr:city" v="나주시"/>
  <tag k="addr:housenumber" v="101"/>
  <tag k="addr:postcode" v="58217"/>
  <tag k="addr:province" v="전라남도"/>
  <tag k="addr:street" v="우정로"/>
  <tag k="addr:subdistrict" v="빛가람동"/>
  <tag k="building" v="apartments"/>
  <tag k="building:levels" v="19"/>
  <tag k="name" v="207동"/>
  <tag k="note" v="빛가람 중흥S-CLASS센트럴 2차"/>
 </way>
 <way id="907022697" visible="true" version="2" changeset="163971755" timestamp="2025-03-23T05:18:51Z" user="chiho_kang" uid="10604125">
  <nd ref="8422493458"/>
  <nd ref="8422493459"/>
  <nd ref="8422493460"/>
  <nd ref="8422493461"/>
  <nd ref="8422493462"/>
  <nd ref="8422493463"/>
  <nd ref="8422493464"/>
  <nd ref="8422493465"/>
  <nd ref="8422493466"/>
  <nd ref="8422493467"/>
  <nd ref="8422493468"/>
  <nd ref="8422493469"/>
  <nd ref="8422493458"/>
  <tag k="addr:city" v="나주시"/>
  <tag k="addr:housenumber" v="101"/>
  <tag k="addr:postcode" v="58217"/>
  <tag k="addr:province" v="전라남도"/>
  <tag k="addr:street" v="우정로"/>
  <tag k="addr:subdistrict" v="빛가람동"/>
  <tag k="building" v="apartments"/>
  <tag k="building:levels" v="19"/>
  <tag k="name" v="208동"/>
  <tag k="note" v="빛가람 중흥S-CLASS센트럴 2차"/>
 </way>
 <way id="907022698" visible="true" version="2" changeset="163971755" timestamp="2025-03-23T05:18:51Z" user="chiho_kang" uid="10604125">
  <nd ref="8422493470"/>
  <nd ref="8422493471"/>
  <nd ref="8422493472"/>
  <nd ref="8422493473"/>
  <nd ref="8422493474"/>
  <nd ref="8422493475"/>
  <nd ref="8422493476"/>
  <nd ref="8422493477"/>
  <nd ref="8422493478"/>
  <nd ref="8422493479"/>
  <nd ref="8422493480"/>
  <nd ref="8422493481"/>
  <nd ref="8422493470"/>
  <tag k="addr:city" v="나주시"/>
  <tag k="addr:housenumber" v="101"/>
  <tag k="addr:postcode" v="58217"/>
  <tag k="addr:province" v="전라남도"/>
  <tag k="addr:street" v="우정로"/>
  <tag k="addr:subdistrict" v="빛가람동"/>
  <tag k="building" v="apartments"/>
  <tag k="building:levels" v="23"/>
  <tag k="name" v="211동"/>
  <tag k="note" v="빛가람 중흥S-CLASS센트럴 2차"/>
 </way>
 <way id="907022699" visible="true" version="2" changeset="163971755" timestamp="2025-03-23T05:18:51Z" user="chiho_kang" uid="10604125">
  <nd ref="8422493482"/>
  <nd ref="8422493483"/>
  <nd ref="8422493484"/>
  <nd ref="8422493485"/>
  <nd ref="8422493486"/>
  <nd ref="8422493487"/>
  <nd ref="8422493488"/>
  <nd ref="8422493489"/>
  <nd ref="8422493490"/>
  <nd ref="8422493491"/>
  <nd ref="8422493492"/>
  <nd ref="8422493493"/>
  <nd ref="8422493482"/>
  <tag k="addr:city" v="나주시"/>
  <tag k="addr:housenumber" v="101"/>
  <tag k="addr:postcode" v="58217"/>
  <tag k="addr:province" v="전라남도"/>
  <tag k="addr:street" v="우정로"/>
  <tag k="addr:subdistrict" v="빛가람동"/>
  <tag k="building" v="apartments"/>
  <tag k="building:levels" v="23"/>
  <tag k="name" v="210동"/>
  <tag k="note" v="빛가람 중흥S-CLASS센트럴 2차"/>
 </way>
 <way id="907022700" visible="true" version="2" changeset="163971755" timestamp="2025-03-23T05:18:51Z" user="chiho_kang" uid="10604125">
  <nd ref="8422493494"/>
  <nd ref="8422493495"/>
  <nd ref="8422493496"/>
  <nd ref="8422493497"/>
  <nd ref="8422493498"/>
  <nd ref="8422493499"/>
  <nd ref="8422493500"/>
  <nd ref="8422493501"/>
  <nd ref="8422493502"/>
  <nd ref="8422493503"/>
  <nd ref="8422493504"/>
  <nd ref="8422493505"/>
  <nd ref="8422493506"/>
  <nd ref="8422493507"/>
  <nd ref="8422493508"/>
  <nd ref="8422493509"/>
  <nd ref="8422493494"/>
  <tag k="addr:city" v="나주시"/>
  <tag k="addr:housenumber" v="77"/>
  <tag k="addr:postcode" v="58217"/>
  <tag k="addr:province" v="전라남도"/>
  <tag k="addr:street" v="우정로"/>
  <tag k="addr:subdistrict" v="빛가람동"/>
  <tag k="building" v="apartments"/>
  <tag k="building:levels" v="23"/>
  <tag k="name" v="101동"/>
  <tag k="note" v="빛가람 중흥S-CLASS센트럴1차"/>
 </way>
 <way id="907022701" visible="true" version="2" changeset="163971755" timestamp="2025-03-23T05:18:51Z" user="chiho_kang" uid="10604125">
  <nd ref="8422493510"/>
  <nd ref="8422493511"/>
  <nd ref="8422493512"/>
  <nd ref="8422493513"/>
  <nd ref="8422493514"/>
  <nd ref="8422493515"/>
  <nd ref="8422493516"/>
  <nd ref="8422493517"/>
  <nd ref="8422493518"/>
  <nd ref="8422493519"/>
  <nd ref="8422493520"/>
  <nd ref="8422493521"/>
  <nd ref="8422493522"/>
  <nd ref="8422493523"/>
  <nd ref="8422493524"/>
  <nd ref="8422493525"/>
  <nd ref="8422493510"/>
  <tag k="addr:city" v="나주시"/>
  <tag k="addr:housenumber" v="77"/>
  <tag k="addr:postcode" v="58217"/>
  <tag k="addr:province" v="전라남도"/>
  <tag k="addr:street" v="우정로"/>
  <tag k="addr:subdistrict" v="빛가람동"/>
  <tag k="building" v="apartments"/>
  <tag k="building:levels" v="23"/>
  <tag k="name" v="108동"/>
  <tag k="note" v="빛가람 중흥S-CLASS센트럴1차"/>
 </way>
 <way id="907022702" visible="true" version="2" changeset="163971755" timestamp="2025-03-23T05:18:51Z" user="chiho_kang" uid="10604125">
  <nd ref="8422493526"/>
  <nd ref="8422493527"/>
  <nd ref="8422493528"/>
  <nd ref="8422493529"/>
  <nd ref="8422493530"/>
  <nd ref="8422493531"/>
  <nd ref="8422493532"/>
  <nd ref="8422493533"/>
  <nd ref="8422493534"/>
  <nd ref="8422493535"/>
  <nd ref="8422493536"/>
  <nd ref="8422493537"/>
  <nd ref="8422493538"/>
  <nd ref="8422493539"/>
  <nd ref="8422493540"/>
  <nd ref="8422493541"/>
  <nd ref="8422493526"/>
  <tag k="addr:city" v="나주시"/>
  <tag k="addr:housenumber" v="77"/>
  <tag k="addr:postcode" v="58217"/>
  <tag k="addr:province" v="전라남도"/>
  <tag k="addr:street" v="우정로"/>
  <tag k="addr:subdistrict" v="빛가람동"/>
  <tag k="building" v="apartments"/>
  <tag k="building:levels" v="23"/>
  <tag k="name" v="109동"/>
  <tag k="note" v="빛가람 중흥S-CLASS센트럴1차"/>
 </way>
 <way id="907022714" visible="true" version="4" changeset="164103601" timestamp="2025-03-26T03:07:38Z" user="LuxuryCoop" uid="7245212">
  <nd ref="8422493671"/>
  <nd ref="8422493670"/>
  <nd ref="8422493674"/>
  <nd ref="8422493673"/>
  <nd ref="8422493672"/>
  <nd ref="8422493671"/>
 </way>
 <way id="908605661" visible="true" version="2" changeset="99601411" timestamp="2021-02-19T14:39:38Z" user="mulgist" uid="12368943">
  <nd ref="5309677764"/>
  <nd ref="8436597952"/>
  <nd ref="8436597953"/>
  <nd ref="8436597954"/>
  <nd ref="8436597955"/>
  <nd ref="8436597956"/>
  <nd ref="8438286325"/>
  <nd ref="8436597957"/>
  <nd ref="8436597958"/>
  <nd ref="8436597959"/>
  <nd ref="8436597960"/>
  <nd ref="5181473636"/>
  <tag k="highway" v="path"/>
 </way>
 <way id="908801762" visible="true" version="4" changeset="163971755" timestamp="2025-03-23T05:18:51Z" user="chiho_kang" uid="10604125">
  <nd ref="8438285691"/>
  <nd ref="8438285692"/>
  <nd ref="8438285693"/>
  <nd ref="8438285694"/>
  <nd ref="8438285695"/>
  <nd ref="8438285696"/>
  <nd ref="8438285697"/>
  <nd ref="8438285698"/>
  <nd ref="8438285699"/>
  <nd ref="8438285700"/>
  <nd ref="8438285714"/>
  <nd ref="8438285701"/>
  <nd ref="8438285702"/>
  <nd ref="8438285703"/>
  <nd ref="8438285704"/>
  <nd ref="8438285705"/>
  <nd ref="8438285706"/>
  <nd ref="8438285707"/>
  <nd ref="8438285708"/>
  <nd ref="8438285709"/>
  <nd ref="8438285710"/>
  <nd ref="8438285711"/>
  <nd ref="8438285712"/>
  <nd ref="8438285713"/>
  <nd ref="8438285691"/>
  <tag k="addr:city" v="나주시"/>
  <tag k="addr:housenumber" v="717"/>
  <tag k="addr:postcode" v="58217"/>
  <tag k="addr:province" v="전라남도"/>
  <tag k="addr:street" v="빛가람로"/>
  <tag k="addr:subdistrict" v="빛가람동"/>
  <tag k="amenity" v="library"/>
  <tag k="building" v="yes"/>
  <tag k="name" v="빛가람시립도서관"/>
  <tag k="name:en" v="Bitgaram Municipal Library"/>
  <tag k="name:ko" v="빛가람시립도서관"/>
  <tag k="operator" v="나주시 시립도서관"/>
  <tag k="operator:type" v="government"/>
 </way>
 <way id="908801763" visible="true" version="4" changeset="163971755" timestamp="2025-03-23T05:18:51Z" user="chiho_kang" uid="10604125">
  <nd ref="8438285715"/>
  <nd ref="8438285716"/>
  <nd ref="8438286317"/>
  <nd ref="8438286318"/>
  <nd ref="8438286319"/>
  <nd ref="8438286320"/>
  <nd ref="8438286321"/>
  <nd ref="8438286322"/>
  <nd ref="8438286323"/>
  <nd ref="8438286324"/>
  <nd ref="8438285715"/>
  <tag k="addr:city" v="나주시"/>
  <tag k="addr:housenumber" v="721"/>
  <tag k="addr:postcode" v="58217"/>
  <tag k="addr:province" v="전라남도"/>
  <tag k="addr:street" v="빛가람로"/>
  <tag k="addr:subdistrict" v="빛가람동"/>
  <tag k="building" v="yes"/>
  <tag k="healthcare" v="clinic"/>
  <tag k="name" v="빛가람건강생활지원센터"/>
  <tag k="name:en" v="Bitgaram Health Support Center"/>
  <tag k="name:ko" v="빛가람건강생활지원센터"/>
  <tag k="operator" v="나주시 보건소"/>
  <tag k="phone" v="+82 61 339 2197"/>
  <tag k="website" v="https://www.naju.go.kr/health"/>
 </way>
 <way id="908801764" visible="true" version="1" changeset="99601411" timestamp="2021-02-19T14:39:38Z" user="mulgist" uid="12368943">
  <nd ref="8438286325"/>
  <nd ref="8438286328"/>
  <tag k="highway" v="path"/>
 </way>
 <way id="908801765" visible="true" version="1" changeset="99601411" timestamp="2021-02-19T14:39:38Z" user="mulgist" uid="12368943">
  <nd ref="8438286327"/>
  <nd ref="8438286326"/>
  <tag k="highway" v="path"/>
 </way>
 <way id="908801766" visible="true" version="1" changeset="99601411" timestamp="2021-02-19T14:39:38Z" user="mulgist" uid="12368943">
  <nd ref="8438286328"/>
  <nd ref="8438286327"/>
  <tag k="bridge" v="yes"/>
  <tag k="highway" v="path"/>
  <tag k="layer" v="1"/>
 </way>
 <way id="908801767" visible="true" version="1" changeset="99601411" timestamp="2021-02-19T14:39:38Z" user="mulgist" uid="12368943">
  <nd ref="8438286332"/>
  <nd ref="8438286333"/>
  <nd ref="5181473639"/>
  <tag k="highway" v="path"/>
 </way>
 <way id="908801768" visible="true" version="1" changeset="99601411" timestamp="2021-02-19T14:39:38Z" user="mulgist" uid="12368943">
  <nd ref="8438286337"/>
  <nd ref="8438286345"/>
  <nd ref="8438286338"/>
  <nd ref="8438286331"/>
  <nd ref="8438286339"/>
  <nd ref="8438286342"/>
  <nd ref="8438286340"/>
  <nd ref="5312200030"/>
  <nd ref="8438286350"/>
  <nd ref="8438286341"/>
  <tag k="highway" v="path"/>
 </way>
 <way id="908801769" visible="true" version="1" changeset="99601411" timestamp="2021-02-19T14:39:38Z" user="mulgist" uid="12368943">
  <nd ref="8438286342"/>
  <nd ref="8438286347"/>
  <nd ref="8438286343"/>
  <tag k="highway" v="path"/>
 </way>
 <way id="908801770" visible="true" version="1" changeset="99601411" timestamp="2021-02-19T14:39:38Z" user="mulgist" uid="12368943">
  <nd ref="8438286340"/>
  <nd ref="8438286348"/>
  <nd ref="8438286344"/>
  <tag k="highway" v="path"/>
 </way>
 <way id="908801771" visible="true" version="1" changeset="99601411" timestamp="2021-02-19T14:39:38Z" user="mulgist" uid="12368943">
  <nd ref="8438286345"/>
  <nd ref="8438286346"/>
  <nd ref="8438286347"/>
  <nd ref="8438286348"/>
  <nd ref="8438286349"/>
  <nd ref="8438286350"/>
  <tag k="highway" v="path"/>
 </way>
 <way id="908801786" visible="true" version="1" changeset="99601411" timestamp="2021-02-19T14:39:38Z" user="mulgist" uid="12368943">
  <nd ref="8438286434"/>
  <nd ref="8438286435"/>
  <nd ref="8438286443"/>
  <nd ref="8438286436"/>
  <nd ref="8438286437"/>
  <nd ref="8438286438"/>
  <nd ref="8438286439"/>
  <nd ref="8438286440"/>
  <nd ref="8438286441"/>
  <nd ref="8438286434"/>
  <tag k="leisure" v="playground"/>
  <tag k="operator" v="빛가람호수공원"/>
 </way>
 <way id="908801787" visible="true" version="1" changeset="99601411" timestamp="2021-02-19T14:39:38Z" user="mulgist" uid="12368943">
  <nd ref="8438286442"/>
  <nd ref="8438286441"/>
  <tag k="highway" v="path"/>
 </way>
 <way id="908984035" visible="true" version="2" changeset="100942064" timestamp="2021-03-13T06:03:15Z" user="mulgist" uid="12368943">
  <nd ref="8440076404"/>
  <nd ref="8440076405"/>
  <nd ref="8440076406"/>
  <nd ref="8440089609"/>
  <nd ref="8440089580"/>
  <nd ref="8440089611"/>
  <nd ref="8440076407"/>
  <nd ref="8440076408"/>
  <nd ref="8440076409"/>
  <nd ref="8440089517"/>
  <nd ref="8440076410"/>
  <nd ref="8440076412"/>
  <nd ref="8512587354"/>
  <nd ref="8440076411"/>
  <nd ref="8440076404"/>
  <tag k="highway" v="footway"/>
 </way>
 <way id="908984039" visible="true" version="2" changeset="144332579" timestamp="2023-11-22T16:15:50Z" user="asdfqwer51" uid="3350410">
  <nd ref="8440089518"/>
  <nd ref="8440089520"/>
  <nd ref="8440089521"/>
  <nd ref="8440089522"/>
  <nd ref="8440089523"/>
  <nd ref="8440089524"/>
  <nd ref="8440089525"/>
  <nd ref="8440089526"/>
  <nd ref="8440089527"/>
  <nd ref="8440089528"/>
  <nd ref="8440089529"/>
  <nd ref="8440089530"/>
  <nd ref="8440089531"/>
  <nd ref="8440089532"/>
  <nd ref="8440089533"/>
  <nd ref="8440089628"/>
  <nd ref="8440089534"/>
  <nd ref="8440089535"/>
  <nd ref="8440089518"/>
  <tag k="highway" v="footway"/>
 </way>
 <way id="908984040" visible="true" version="2" changeset="144332579" timestamp="2023-11-22T16:15:50Z" user="asdfqwer51" uid="3350410">
  <nd ref="8440089526"/>
  <nd ref="8440089538"/>
  <nd ref="8440089537"/>
  <tag k="crossing" v="marked"/>
  <tag k="footway" v="crossing"/>
  <tag k="highway" v="footway"/>
 </way>
 <way id="908984041" visible="true" version="1" changeset="99630021" timestamp="2021-02-20T08:24:13Z" user="mulgist" uid="12368943">
  <nd ref="8440089539"/>
  <nd ref="8440089629"/>
  <nd ref="8440089540"/>
  <nd ref="8440089541"/>
  <nd ref="8440089542"/>
  <nd ref="8440089543"/>
  <nd ref="8440089558"/>
  <nd ref="8440089544"/>
  <nd ref="8440089545"/>
  <nd ref="8440089632"/>
  <nd ref="8440089549"/>
  <nd ref="8440089546"/>
  <nd ref="8440089547"/>
  <nd ref="8440089539"/>
  <tag k="highway" v="footway"/>
 </way>
 <way id="908984042" visible="true" version="2" changeset="144332579" timestamp="2023-11-22T16:15:50Z" user="asdfqwer51" uid="3350410">
  <nd ref="8440089529"/>
  <nd ref="8440089550"/>
  <nd ref="8440089549"/>
  <tag k="crossing" v="marked"/>
  <tag k="footway" v="crossing"/>
  <tag k="highway" v="footway"/>
 </way>
 <way id="908984043" visible="true" version="2" changeset="144332579" timestamp="2023-11-22T16:15:50Z" user="asdfqwer51" uid="3350410">
  <nd ref="8440089551"/>
  <nd ref="8440089612"/>
  <nd ref="8440089579"/>
  <nd ref="8440089610"/>
  <nd ref="8440089552"/>
  <nd ref="8440089553"/>
  <nd ref="8440089615"/>
  <nd ref="11368911178"/>
  <nd ref="8440089554"/>
  <nd ref="8440089576"/>
  <nd ref="8440089555"/>
  <nd ref="8440089556"/>
  <nd ref="8440089559"/>
  <nd ref="8440089557"/>
  <nd ref="8440089551"/>
  <tag k="highway" v="footway"/>
 </way>
 <way id="908984044" visible="true" version="1" changeset="99630021" timestamp="2021-02-20T08:24:13Z" user="mulgist" uid="12368943">
  <nd ref="8440089558"/>
  <nd ref="8440089560"/>
  <nd ref="8440089559"/>
  <tag k="crossing" v="marked"/>
  <tag k="footway" v="crossing"/>
  <tag k="highway" v="footway"/>
 </way>
 <way id="908984045" visible="true" version="1" changeset="99630021" timestamp="2021-02-20T08:24:13Z" user="mulgist" uid="12368943">
  <nd ref="8440089556"/>
  <nd ref="8440089562"/>
  <nd ref="8440089561"/>
  <tag k="crossing" v="marked"/>
  <tag k="footway" v="crossing"/>
  <tag k="highway" v="footway"/>
 </way>
 <way id="908984046" visible="true" version="1" changeset="99630021" timestamp="2021-02-20T08:24:13Z" user="mulgist" uid="12368943">
  <nd ref="8440089563"/>
  <nd ref="8440089565"/>
  <nd ref="8440089564"/>
  <tag k="crossing" v="marked"/>
  <tag k="footway" v="crossing"/>
  <tag k="highway" v="footway"/>
 </way>
 <way id="908984047" visible="true" version="3" changeset="100536009" timestamp="2021-03-06T13:32:44Z" user="mulgist" uid="12368943">
  <nd ref="8440089564"/>
  <nd ref="8440089566"/>
  <nd ref="8440089567"/>
  <nd ref="8440089568"/>
  <nd ref="8440089569"/>
  <nd ref="8440089631"/>
  <nd ref="8440089561"/>
  <nd ref="8440089570"/>
  <nd ref="8440089577"/>
  <nd ref="8440089571"/>
  <nd ref="8491474164"/>
  <nd ref="8440089617"/>
  <nd ref="8449650141"/>
  <nd ref="8440089623"/>
  <nd ref="8440089572"/>
  <nd ref="8440089573"/>
  <nd ref="8440089574"/>
  <nd ref="8440089575"/>
  <tag k="highway" v="footway"/>
 </way>
 <way id="908984048" visible="true" version="1" changeset="99630021" timestamp="2021-02-20T08:24:13Z" user="mulgist" uid="12368943">
  <nd ref="8440089576"/>
  <nd ref="8440089578"/>
  <nd ref="8440089577"/>
  <tag k="crossing" v="marked"/>
  <tag k="footway" v="crossing"/>
  <tag k="highway" v="footway"/>
 </way>
 <way id="908984049" visible="true" version="1" changeset="99630021" timestamp="2021-02-20T08:24:13Z" user="mulgist" uid="12368943">
  <nd ref="8440089576"/>
  <nd ref="8440089579"/>
  <tag k="highway" v="footway"/>
 </way>
 <way id="908984057" visible="true" version="1" changeset="99630021" timestamp="2021-02-20T08:24:13Z" user="mulgist" uid="12368943">
  <nd ref="8440089611"/>
  <nd ref="8440089613"/>
  <nd ref="8440089612"/>
  <tag k="crossing" v="marked"/>
  <tag k="footway" v="crossing"/>
  <tag k="highway" v="footway"/>
 </way>
 <way id="908984065" visible="true" version="1" changeset="99630021" timestamp="2021-02-20T08:24:13Z" user="mulgist" uid="12368943">
  <nd ref="8440089631"/>
  <nd ref="8440089633"/>
  <nd ref="8440089632"/>
  <tag k="crossing" v="marked"/>
  <tag k="footway" v="crossing"/>
  <tag k="highway" v="footway"/>
 </way>
 <way id="908984066" visible="true" version="2" changeset="144332579" timestamp="2023-11-22T16:15:50Z" user="asdfqwer51" uid="3350410">
  <nd ref="8440089567"/>
  <nd ref="8440089634"/>
  <nd ref="8440089526"/>
  <tag k="crossing" v="marked"/>
  <tag k="footway" v="crossing"/>
  <tag k="highway" v="footway"/>
 </way>
 <way id="910029059" visible="true" version="2" changeset="163971755" timestamp="2025-03-23T05:18:51Z" user="chiho_kang" uid="10604125">
  <nd ref="8449596892"/>
  <nd ref="8449596893"/>
  <nd ref="8449596894"/>
  <nd ref="8449596895"/>
  <nd ref="8449596896"/>
  <nd ref="8449596897"/>
  <nd ref="8449596898"/>
  <nd ref="8449596892"/>
  <tag k="addr:city" v="나주시"/>
  <tag k="addr:housenumber" v="103"/>
  <tag k="addr:postcode" v="58217"/>
  <tag k="addr:province" v="전라남도"/>
  <tag k="addr:street" v="우정로"/>
  <tag k="addr:subdistrict" v="빛가람동"/>
  <tag k="building" v="commercial"/>
  <tag k="building:levels" v="1"/>
  <tag k="name" v="241동"/>
  <tag k="note" v="빛가람 중흥S-CLASS센트럴 2차"/>
  <tag k="operator" v="중흥건설(주)"/>
 </way>
 <way id="910029060" visible="true" version="2" changeset="163971755" timestamp="2025-03-23T05:18:51Z" user="chiho_kang" uid="10604125">
  <nd ref="8449596899"/>
  <nd ref="8449596900"/>
  <nd ref="8449596901"/>
  <nd ref="8449596902"/>
  <nd ref="8449596903"/>
  <nd ref="8449596904"/>
  <nd ref="8449596899"/>
  <tag k="addr:city" v="나주시"/>
  <tag k="addr:housenumber" v="103"/>
  <tag k="addr:postcode" v="58217"/>
  <tag k="addr:province" v="전라남도"/>
  <tag k="addr:street" v="우정로"/>
  <tag k="addr:subdistrict" v="빛가람동"/>
  <tag k="building" v="commercial"/>
  <tag k="building:levels" v="1"/>
  <tag k="name" v="242동"/>
  <tag k="note" v="빛가람 중흥S-CLASS센트럴 2차"/>
  <tag k="operator" v="중흥건설(주)"/>
 </way>
 <way id="910029061" visible="true" version="2" changeset="163971755" timestamp="2025-03-23T05:18:51Z" user="chiho_kang" uid="10604125">
  <nd ref="8449596905"/>
  <nd ref="8449596906"/>
  <nd ref="8449596907"/>
  <nd ref="8449596908"/>
  <nd ref="8449596909"/>
  <nd ref="8449596910"/>
  <nd ref="8449596905"/>
  <tag k="addr:city" v="나주시"/>
  <tag k="addr:housenumber" v="103"/>
  <tag k="addr:postcode" v="58217"/>
  <tag k="addr:province" v="전라남도"/>
  <tag k="addr:street" v="우정로"/>
  <tag k="addr:subdistrict" v="빛가람동"/>
  <tag k="building" v="commercial"/>
  <tag k="height" v="1"/>
  <tag k="name" v="243동"/>
  <tag k="note" v="빛가람 중흥S-CLASS센트럴 2차"/>
  <tag k="operator" v="중흥건설(주)"/>
 </way>
 <way id="910029075" visible="true" version="1" changeset="99833188" timestamp="2021-02-23T14:03:21Z" user="mulgist" uid="12368943">
  <nd ref="8449650032"/>
  <nd ref="8278019847"/>
  <nd ref="8270223208"/>
  <tag k="highway" v="residential"/>
 </way>
 <way id="910029076" visible="true" version="1" changeset="99833188" timestamp="2021-02-23T14:03:21Z" user="mulgist" uid="12368943">
  <nd ref="8270223207"/>
  <nd ref="8270223210"/>
  <nd ref="8449650032"/>
  <tag k="highway" v="service"/>
  <tag k="service" v="parking_aisle"/>
 </way>
 <way id="910029077" visible="true" version="1" changeset="99833188" timestamp="2021-02-23T14:03:21Z" user="mulgist" uid="12368943">
  <nd ref="8270223192"/>
  <nd ref="8270223196"/>
  <nd ref="8449650033"/>
  <tag k="highway" v="residential"/>
 </way>
 <way id="910029079" visible="true" version="1" changeset="99833188" timestamp="2021-02-23T14:03:21Z" user="mulgist" uid="12368943">
  <nd ref="8270223192"/>
  <nd ref="8270223193"/>
  <nd ref="8449650036"/>
  <tag k="highway" v="residential"/>
 </way>
 <way id="910029080" visible="true" version="1" changeset="99833188" timestamp="2021-02-23T14:03:21Z" user="mulgist" uid="12368943">
  <nd ref="8270223216"/>
  <nd ref="8270223217"/>
  <nd ref="8270223218"/>
  <nd ref="8270223219"/>
  <nd ref="8270223220"/>
  <nd ref="8270223221"/>
  <nd ref="8270223222"/>
  <tag k="highway" v="service"/>
  <tag k="service" v="parking_aisle"/>
 </way>
 <way id="910029081" visible="true" version="1" changeset="99833188" timestamp="2021-02-23T14:03:21Z" user="mulgist" uid="12368943">
  <nd ref="8270223215"/>
  <nd ref="8449650037"/>
  <tag k="highway" v="residential"/>
 </way>
 <way id="910029105" visible="true" version="2" changeset="100124997" timestamp="2021-02-28T07:30:07Z" user="mulgist" uid="12368943">
  <nd ref="8440089575"/>
  <nd ref="8449650123"/>
  <nd ref="8449650124"/>
  <nd ref="8449650125"/>
  <nd ref="8278020094"/>
  <nd ref="8449650142"/>
  <nd ref="8449650126"/>
  <nd ref="8449650127"/>
  <nd ref="8449650145"/>
  <nd ref="8449650128"/>
  <nd ref="8449650129"/>
  <nd ref="8449650146"/>
  <nd ref="8449650130"/>
  <nd ref="8465313347"/>
  <nd ref="8449650131"/>
  <nd ref="8449650144"/>
  <nd ref="8449650132"/>
  <nd ref="8449650133"/>
  <nd ref="8449650134"/>
  <nd ref="8449650135"/>
  <nd ref="8449650136"/>
  <nd ref="8449650137"/>
  <nd ref="8449650138"/>
  <nd ref="8440089564"/>
  <tag k="highway" v="footway"/>
 </way>
 <way id="910029106" visible="true" version="1" changeset="99833188" timestamp="2021-02-23T14:03:21Z" user="mulgist" uid="12368943">
  <nd ref="8449650128"/>
  <nd ref="8449650140"/>
  <nd ref="8449650139"/>
  <tag k="crossing" v="marked"/>
  <tag k="footway" v="crossing"/>
  <tag k="highway" v="footway"/>
 </way>
 <way id="910029108" visible="true" version="1" changeset="99833188" timestamp="2021-02-23T14:03:21Z" user="mulgist" uid="12368943">
  <nd ref="8449650143"/>
  <nd ref="8449650144"/>
  <tag k="highway" v="footway"/>
 </way>
 <way id="910029109" visible="true" version="1" changeset="99833188" timestamp="2021-02-23T14:03:21Z" user="mulgist" uid="12368943">
  <nd ref="5309434117"/>
  <nd ref="8449650145"/>
  <tag k="highway" v="footway"/>
 </way>
 <way id="910029110" visible="true" version="1" changeset="99833188" timestamp="2021-02-23T14:03:21Z" user="mulgist" uid="12368943">
  <nd ref="5309434118"/>
  <nd ref="8449650146"/>
  <tag k="highway" v="footway"/>
 </way>
 <way id="911711657" visible="true" version="1" changeset="100124997" timestamp="2021-02-28T07:30:07Z" user="mulgist" uid="12368943">
  <nd ref="8465307381"/>
  <nd ref="8465307382"/>
  <nd ref="8465307385"/>
  <nd ref="8465307383"/>
  <tag k="highway" v="footway"/>
  <tag k="layer" v="-1"/>
 </way>
 <way id="911711658" visible="true" version="1" changeset="100124997" timestamp="2021-02-28T07:30:07Z" user="mulgist" uid="12368943">
  <nd ref="8465307384"/>
  <nd ref="8465307385"/>
  <nd ref="8465307386"/>
  <tag k="highway" v="footway"/>
 </way>
 <way id="911711659" visible="true" version="1" changeset="100124997" timestamp="2021-02-28T07:30:07Z" user="mulgist" uid="12368943">
  <nd ref="8465307391"/>
  <nd ref="8465307392"/>
  <tag k="highway" v="footway"/>
 </way>
 <way id="911711660" visible="true" version="2" changeset="144332579" timestamp="2023-11-22T16:15:50Z" user="asdfqwer51" uid="3350410">
  <nd ref="8465307392"/>
  <nd ref="8465307403"/>
  <nd ref="8465307404"/>
  <nd ref="8465307405"/>
  <nd ref="8465307406"/>
  <nd ref="8465313283"/>
  <nd ref="8465307407"/>
  <nd ref="8465307408"/>
  <nd ref="8465307409"/>
  <nd ref="8465307391"/>
  <nd ref="8465307416"/>
  <tag k="highway" v="footway"/>
 </way>
 <way id="911711661" visible="true" version="1" changeset="100124997" timestamp="2021-02-28T07:30:07Z" user="mulgist" uid="12368943">
  <nd ref="8465307410"/>
  <nd ref="8465307414"/>
  <nd ref="8465307411"/>
  <tag k="highway" v="service"/>
  <tag k="service" v="parking_aisle"/>
 </way>
 <way id="911711662" visible="true" version="1" changeset="100124997" timestamp="2021-02-28T07:30:07Z" user="mulgist" uid="12368943">
  <nd ref="8465307413"/>
  <nd ref="8465307381"/>
  <nd ref="8465307393"/>
  <nd ref="8465313267"/>
  <nd ref="8465307394"/>
  <nd ref="8465307395"/>
  <nd ref="8465307386"/>
  <nd ref="8465307396"/>
  <nd ref="8465307397"/>
  <nd ref="8465307398"/>
  <nd ref="8465307383"/>
  <nd ref="8465307399"/>
  <nd ref="8465307400"/>
  <nd ref="8465307401"/>
  <nd ref="8465307392"/>
  <tag k="highway" v="footway"/>
 </way>
 <way id="911711663" visible="true" version="1" changeset="100124997" timestamp="2021-02-28T07:30:07Z" user="mulgist" uid="12368943">
  <nd ref="8465307412"/>
  <nd ref="8465307414"/>
  <nd ref="8465307413"/>
  <tag k="crossing" v="marked"/>
  <tag k="footway" v="crossing"/>
  <tag k="highway" v="footway"/>
 </way>
 <way id="911711664" visible="true" version="1" changeset="100124997" timestamp="2021-02-28T07:30:07Z" user="mulgist" uid="12368943">
  <nd ref="8465307415"/>
  <nd ref="8465307412"/>
  <tag k="highway" v="footway"/>
 </way>
 <way id="911711665" visible="true" version="1" changeset="100124997" timestamp="2021-02-28T07:30:07Z" user="mulgist" uid="12368943">
  <nd ref="8465307416"/>
  <nd ref="8465313219"/>
  <nd ref="8465307415"/>
  <tag k="crossing" v="marked"/>
  <tag k="footway" v="crossing"/>
  <tag k="highway" v="footway"/>
 </way>
 <way id="911711666" visible="true" version="1" changeset="100124997" timestamp="2021-02-28T07:30:07Z" user="mulgist" uid="12368943">
  <nd ref="8465313218"/>
  <nd ref="8465313219"/>
  <nd ref="8465313220"/>
  <tag k="highway" v="service"/>
  <tag k="service" v="parking_aisle"/>
 </way>
 <way id="911711667" visible="true" version="1" changeset="100124997" timestamp="2021-02-28T07:30:07Z" user="mulgist" uid="12368943">
  <nd ref="8465313221"/>
  <nd ref="8465313247"/>
  <nd ref="8465313222"/>
  <nd ref="8465313223"/>
  <tag k="highway" v="service"/>
  <tag k="service" v="parking_aisle"/>
 </way>
 <way id="911711668" visible="true" version="2" changeset="144332579" timestamp="2023-11-22T16:15:50Z" user="asdfqwer51" uid="3350410">
  <nd ref="8465313224"/>
  <nd ref="8465313225"/>
  <nd ref="8465313226"/>
  <nd ref="8465313227"/>
  <nd ref="8465313228"/>
  <nd ref="8465313229"/>
  <nd ref="11368893164"/>
  <nd ref="8465313230"/>
  <nd ref="8465313224"/>
  <tag k="amenity" v="parking"/>
 </way>
 <way id="911711669" visible="true" version="1" changeset="100124997" timestamp="2021-02-28T07:30:07Z" user="mulgist" uid="12368943">
  <nd ref="8465313245"/>
  <nd ref="8465313244"/>
  <nd ref="8465313231"/>
  <nd ref="8465313232"/>
  <nd ref="8465313233"/>
  <nd ref="8465313288"/>
  <nd ref="8465313291"/>
  <nd ref="8465313234"/>
  <nd ref="8465313315"/>
  <nd ref="8465313235"/>
  <nd ref="8465313262"/>
  <nd ref="8465313236"/>
  <tag k="highway" v="footway"/>
 </way>
 <way id="911711670" visible="true" version="1" changeset="100124997" timestamp="2021-02-28T07:30:07Z" user="mulgist" uid="12368943">
  <nd ref="8465313236"/>
  <nd ref="8465313265"/>
  <nd ref="8465313237"/>
  <nd ref="8465313238"/>
  <nd ref="8465313239"/>
  <nd ref="8465313240"/>
  <nd ref="8465313241"/>
  <nd ref="8465313242"/>
  <nd ref="8465313243"/>
  <nd ref="8465313246"/>
  <tag k="highway" v="footway"/>
 </way>
 <way id="911711671" visible="true" version="1" changeset="100124997" timestamp="2021-02-28T07:30:07Z" user="mulgist" uid="12368943">
  <nd ref="8465313246"/>
  <nd ref="8465313247"/>
  <nd ref="8465313245"/>
  <tag k="crossing" v="marked"/>
  <tag k="footway" v="crossing"/>
  <tag k="highway" v="footway"/>
 </way>
 <way id="911711672" visible="true" version="1" changeset="100124997" timestamp="2021-02-28T07:30:07Z" user="mulgist" uid="12368943">
  <nd ref="8465313259"/>
  <nd ref="8465313256"/>
  <nd ref="8465313257"/>
  <nd ref="8465313258"/>
  <nd ref="8438285690"/>
  <tag k="highway" v="footway"/>
 </way>
 <way id="911711673" visible="true" version="2" changeset="144332579" timestamp="2023-11-22T16:15:50Z" user="asdfqwer51" uid="3350410">
  <nd ref="8465307388"/>
  <nd ref="8465313261"/>
  <nd ref="8465313248"/>
  <nd ref="8465313249"/>
  <nd ref="8465313250"/>
  <nd ref="8465313251"/>
  <nd ref="8465313252"/>
  <nd ref="8465313253"/>
  <nd ref="8465313254"/>
  <nd ref="8465313255"/>
  <nd ref="8465313260"/>
  <tag k="highway" v="footway"/>
 </way>
 <way id="911711674" visible="true" version="1" changeset="100124997" timestamp="2021-02-28T07:30:07Z" user="mulgist" uid="12368943">
  <nd ref="8465313260"/>
  <nd ref="8465313259"/>
  <tag k="bridge" v="yes"/>
  <tag k="highway" v="footway"/>
  <tag k="layer" v="1"/>
 </way>
 <way id="911711675" visible="true" version="1" changeset="100124997" timestamp="2021-02-28T07:30:07Z" user="mulgist" uid="12368943">
  <nd ref="8465313261"/>
  <nd ref="8465313263"/>
  <nd ref="8465313262"/>
  <tag k="crossing" v="marked"/>
  <tag k="footway" v="crossing"/>
  <tag k="highway" v="footway"/>
 </way>
 <way id="911711676" visible="true" version="2" changeset="144332579" timestamp="2023-11-22T16:15:50Z" user="asdfqwer51" uid="3350410">
  <nd ref="8465313253"/>
  <nd ref="8465313266"/>
  <nd ref="8465313265"/>
  <tag k="crossing" v="marked"/>
  <tag k="footway" v="crossing"/>
  <tag k="highway" v="footway"/>
 </way>
 <way id="911711677" visible="true" version="1" changeset="100124997" timestamp="2021-02-28T07:30:07Z" user="mulgist" uid="12368943">
  <nd ref="8465313239"/>
  <nd ref="8465313268"/>
  <nd ref="8465313267"/>
  <tag k="crossing" v="marked"/>
  <tag k="footway" v="crossing"/>
  <tag k="highway" v="footway"/>
 </way>
 <way id="911711678" visible="true" version="1" changeset="100124997" timestamp="2021-02-28T07:30:07Z" user="mulgist" uid="12368943">
  <nd ref="8465313232"/>
  <nd ref="8465313269"/>
  <nd ref="8465307408"/>
  <tag k="crossing" v="marked"/>
  <tag k="footway" v="crossing"/>
  <tag k="highway" v="footway"/>
 </way>
 <way id="911711679" visible="true" version="2" changeset="144332579" timestamp="2023-11-22T16:15:50Z" user="asdfqwer51" uid="3350410">
  <nd ref="8465313270"/>
  <nd ref="8465313271"/>
  <nd ref="8465313272"/>
  <nd ref="8465313417"/>
  <nd ref="8465313386"/>
  <nd ref="8465313273"/>
  <nd ref="8465313275"/>
  <nd ref="8465313278"/>
  <nd ref="8465313279"/>
  <nd ref="8465313385"/>
  <nd ref="8465313286"/>
  <nd ref="8465313289"/>
  <nd ref="8465313280"/>
  <nd ref="8465313281"/>
  <nd ref="8465313270"/>
  <tag k="highway" v="footway"/>
 </way>
 <way id="911711680" visible="true" version="1" changeset="100124997" timestamp="2021-02-28T07:30:07Z" user="mulgist" uid="12368943">
  <nd ref="8465313283"/>
  <nd ref="8465313284"/>
  <nd ref="8465313279"/>
  <tag k="crossing" v="marked"/>
  <tag k="footway" v="crossing"/>
  <tag k="highway" v="footway"/>
 </way>
 <way id="911711681" visible="true" version="2" changeset="144332579" timestamp="2023-11-22T16:15:50Z" user="asdfqwer51" uid="3350410">
  <nd ref="8465307407"/>
  <nd ref="8465313287"/>
  <nd ref="8465313286"/>
  <tag k="crossing" v="marked"/>
  <tag k="footway" v="crossing"/>
  <tag k="highway" v="footway"/>
 </way>
 <way id="911711682" visible="true" version="1" changeset="100124997" timestamp="2021-02-28T07:30:07Z" user="mulgist" uid="12368943">
  <nd ref="8465313288"/>
  <nd ref="8465313290"/>
  <nd ref="8465313289"/>
  <tag k="crossing" v="marked"/>
  <tag k="footway" v="crossing"/>
  <tag k="highway" v="footway"/>
 </way>
 <way id="911711683" visible="true" version="1" changeset="100124997" timestamp="2021-02-28T07:30:07Z" user="mulgist" uid="12368943">
  <nd ref="8465313291"/>
  <nd ref="8465313292"/>
  <nd ref="8465313280"/>
  <tag k="crossing" v="marked"/>
  <tag k="footway" v="crossing"/>
  <tag k="highway" v="footway"/>
 </way>
 <way id="911711684" visible="true" version="2" changeset="144332579" timestamp="2023-11-22T16:15:50Z" user="asdfqwer51" uid="3350410">
  <nd ref="8465313281"/>
  <nd ref="11368893166"/>
  <nd ref="8465313294"/>
  <nd ref="8465313293"/>
  <tag k="crossing" v="marked"/>
  <tag k="footway" v="crossing"/>
  <tag k="highway" v="footway"/>
 </way>
 <way id="911711685" visible="true" version="1" changeset="100124997" timestamp="2021-02-28T07:30:07Z" user="mulgist" uid="12368943">
  <nd ref="8465313293"/>
  <nd ref="8465313295"/>
  <nd ref="8465313296"/>
  <nd ref="8465313297"/>
  <nd ref="8465313298"/>
  <nd ref="8465313317"/>
  <nd ref="8465313299"/>
  <nd ref="8465313300"/>
  <nd ref="8465313349"/>
  <nd ref="8465313301"/>
  <nd ref="8465313338"/>
  <nd ref="8465313302"/>
  <nd ref="8465313303"/>
  <nd ref="8465313304"/>
  <nd ref="8465313305"/>
  <nd ref="8465313339"/>
  <nd ref="8465313306"/>
  <nd ref="8465313346"/>
  <nd ref="8465313307"/>
  <nd ref="8465313308"/>
  <nd ref="8465313309"/>
  <nd ref="8465313310"/>
  <nd ref="8465313311"/>
  <nd ref="8465313312"/>
  <nd ref="8465313343"/>
  <nd ref="8465313313"/>
  <tag k="highway" v="footway"/>
 </way>
 <way id="911711686" visible="true" version="1" changeset="100124997" timestamp="2021-02-28T07:30:07Z" user="mulgist" uid="12368943">
  <nd ref="8465313313"/>
  <nd ref="8465313314"/>
  <nd ref="8465313279"/>
  <tag k="crossing" v="marked"/>
  <tag k="footway" v="crossing"/>
  <tag k="highway" v="footway"/>
 </way>
 <way id="911711687" visible="true" version="1" changeset="100124997" timestamp="2021-02-28T07:30:07Z" user="mulgist" uid="12368943">
  <nd ref="8465313315"/>
  <nd ref="8465313316"/>
  <nd ref="8465313297"/>
  <tag k="crossing" v="marked"/>
  <tag k="footway" v="crossing"/>
  <tag k="highway" v="footway"/>
 </way>
 <way id="911711688" visible="true" version="1" changeset="100124997" timestamp="2021-02-28T07:30:07Z" user="mulgist" uid="12368943">
  <nd ref="8465313317"/>
  <nd ref="8465313319"/>
  <nd ref="8465313318"/>
  <tag k="crossing" v="marked"/>
  <tag k="footway" v="crossing"/>
  <tag k="highway" v="footway"/>
 </way>
 <way id="911711689" visible="true" version="1" changeset="100124997" timestamp="2021-02-28T07:30:07Z" user="mulgist" uid="12368943">
  <nd ref="8465307388"/>
  <nd ref="8465313318"/>
  <nd ref="8465313320"/>
  <tag k="highway" v="footway"/>
 </way>
 <way id="911711690" visible="true" version="1" changeset="100124997" timestamp="2021-02-28T07:30:07Z" user="mulgist" uid="12368943">
  <nd ref="8465313320"/>
  <nd ref="8465313322"/>
  <nd ref="8465313321"/>
  <tag k="crossing" v="marked"/>
  <tag k="footway" v="crossing"/>
  <tag k="highway" v="footway"/>
 </way>
 <way id="911711691" visible="true" version="2" changeset="144332579" timestamp="2023-11-22T16:15:50Z" user="asdfqwer51" uid="3350410">
  <nd ref="8465313323"/>
  <nd ref="5181474006"/>
  <nd ref="11368893161"/>
  <nd ref="11368893162"/>
  <nd ref="8465313326"/>
  <nd ref="8465313327"/>
  <nd ref="8465313328"/>
  <nd ref="8465313323"/>
  <tag k="amenity" v="parking"/>
  <tag k="operator" v="빛가람동 행정복지센터"/>
  <tag k="operator:type" v="government"/>
  <tag k="parking" v="surface"/>
 </way>
 <way id="911711693" visible="true" version="2" changeset="144332579" timestamp="2023-11-22T16:15:50Z" user="asdfqwer51" uid="3350410">
  <nd ref="8465313293"/>
  <nd ref="8465313345"/>
  <nd ref="8465313338"/>
  <tag k="highway" v="footway"/>
 </way>
 <way id="911711694" visible="true" version="1" changeset="100124997" timestamp="2021-02-28T07:30:07Z" user="mulgist" uid="12368943">
  <nd ref="8465313339"/>
  <nd ref="8465313340"/>
  <nd ref="8465313341"/>
  <nd ref="8465313414"/>
  <tag k="highway" v="footway"/>
 </way>
 <way id="911711695" visible="true" version="1" changeset="100124997" timestamp="2021-02-28T07:30:07Z" user="mulgist" uid="12368943">
  <nd ref="8465313340"/>
  <nd ref="8465313344"/>
  <nd ref="8465313345"/>
  <tag k="highway" v="footway"/>
 </way>
 <way id="911711696" visible="true" version="2" changeset="176319095" timestamp="2025-12-23T17:30:15Z" user="aaei924" uid="10626814">
  <nd ref="8465313346"/>
  <nd ref="13398101041"/>
  <nd ref="8465313348"/>
  <nd ref="8465313347"/>
  <tag k="crossing" v="marked"/>
  <tag k="footway" v="crossing"/>
  <tag k="highway" v="footway"/>
 </way>
 <way id="911711697" visible="true" version="2" changeset="176319095" timestamp="2025-12-23T17:30:15Z" user="aaei924" uid="10626814">
  <nd ref="8465313349"/>
  <nd ref="13398101042"/>
  <nd ref="8465313350"/>
  <nd ref="8449650136"/>
  <tag k="crossing" v="marked"/>
  <tag k="footway" v="crossing"/>
  <tag k="highway" v="footway"/>
 </way>
 <way id="911711698" visible="true" version="2" changeset="163971755" timestamp="2025-03-23T05:18:51Z" user="chiho_kang" uid="10604125">
  <nd ref="8465313351"/>
  <nd ref="8465313352"/>
  <nd ref="8465313353"/>
  <nd ref="8465313354"/>
  <nd ref="8465313355"/>
  <nd ref="8465313356"/>
  <nd ref="8465313351"/>
  <tag k="addr:city" v="나주시"/>
  <tag k="addr:housenumber" v="17"/>
  <tag k="addr:postcode" v="58217"/>
  <tag k="addr:province" v="전라남도"/>
  <tag k="addr:street" v="상야3길"/>
  <tag k="addr:subdistrict" v="빛가람동"/>
  <tag k="building" v="residential"/>
  <tag k="building:levels" v="12"/>
  <tag k="name" v="휴로스센트럴오피스텔"/>
  <tag k="operator" v="(주)토담건설"/>
 </way>
 <way id="911711699" visible="true" version="2" changeset="163971755" timestamp="2025-03-23T05:18:51Z" user="chiho_kang" uid="10604125">
  <nd ref="8465313357"/>
  <nd ref="8465313358"/>
  <nd ref="8465313359"/>
  <nd ref="8465313360"/>
  <nd ref="8465313361"/>
  <nd ref="8465313362"/>
  <nd ref="8465313363"/>
  <nd ref="8465313364"/>
  <nd ref="8465313365"/>
  <nd ref="8465313366"/>
  <nd ref="8465313367"/>
  <nd ref="8465313357"/>
  <tag k="addr:city" v="나주시"/>
  <tag k="addr:housenumber" v="727"/>
  <tag k="addr:postcode" v="58217"/>
  <tag k="addr:province" v="전라남도"/>
  <tag k="addr:street" v="빛가람로"/>
  <tag k="addr:subdistrict" v="빛가람동"/>
  <tag k="building" v="commercial"/>
  <tag k="building:levels" v="7"/>
  <tag k="name" v="칠성빌딩"/>
 </way>
 <way id="911711700" visible="true" version="2" changeset="163971755" timestamp="2025-03-23T05:18:51Z" user="chiho_kang" uid="10604125">
  <nd ref="8465313368"/>
  <nd ref="8465313369"/>
  <nd ref="8465313370"/>
  <nd ref="8465313371"/>
  <nd ref="8465313372"/>
  <nd ref="8465313373"/>
  <nd ref="8465313374"/>
  <nd ref="8465313375"/>
  <nd ref="8465313368"/>
  <tag k="addr:city" v="나주시"/>
  <tag k="addr:housenumber" v="21"/>
  <tag k="addr:postcode" v="58217"/>
  <tag k="addr:province" v="전라남도"/>
  <tag k="addr:street" v="상야4길"/>
  <tag k="addr:subdistrict" v="빛가람동"/>
  <tag k="building" v="commercial"/>
  <tag k="building:levels" v="3"/>
  <tag k="name" v="죤프라자"/>
 </way>
 <way id="911711701" visible="true" version="2" changeset="163971755" timestamp="2025-03-23T05:18:51Z" user="chiho_kang" uid="10604125">
  <nd ref="8465313376"/>
  <nd ref="8465313377"/>
  <nd ref="8465313378"/>
  <nd ref="8465313379"/>
  <nd ref="8465313380"/>
  <nd ref="8465313381"/>
  <nd ref="8465313382"/>
  <nd ref="8465313397"/>
  <nd ref="8465313383"/>
  <nd ref="8465313384"/>
  <nd ref="8465313376"/>
  <tag k="addr:city" v="나주시"/>
  <tag k="addr:housenumber" v="11"/>
  <tag k="addr:postcode" v="58217"/>
  <tag k="addr:province" v="전라남도"/>
  <tag k="addr:street" v="상야4길"/>
  <tag k="addr:subdistrict" v="빛가람동"/>
  <tag k="building" v="commercial"/>
  <tag k="building:levels" v="3"/>
  <tag k="name" v="대양프라자B"/>
 </way>
 <way id="911711702" visible="true" version="1" changeset="100124997" timestamp="2021-02-28T07:30:07Z" user="mulgist" uid="12368943">
  <nd ref="8465313385"/>
  <nd ref="8465313386"/>
  <tag k="highway" v="footway"/>
 </way>
 <way id="911711703" visible="true" version="2" changeset="163971755" timestamp="2025-03-23T05:18:51Z" user="chiho_kang" uid="10604125">
  <nd ref="8465313387"/>
  <nd ref="8465313388"/>
  <nd ref="8465313389"/>
  <nd ref="8465313390"/>
  <nd ref="8465313391"/>
  <nd ref="8465313392"/>
  <nd ref="8465313393"/>
  <nd ref="8465313394"/>
  <nd ref="8465313387"/>
  <tag k="addr:city" v="나주시"/>
  <tag k="addr:housenumber" v="11"/>
  <tag k="addr:postcode" v="58217"/>
  <tag k="addr:province" v="전라남도"/>
  <tag k="addr:street" v="상야4길"/>
  <tag k="addr:subdistrict" v="빛가람동"/>
  <tag k="building" v="commercial"/>
  <tag k="building:levels" v="3"/>
  <tag k="name" v="대양프라자A"/>
 </way>
 <way id="911711704" visible="true" version="2" changeset="144332579" timestamp="2023-11-22T16:15:50Z" user="asdfqwer51" uid="3350410">
  <nd ref="8465313395"/>
  <nd ref="8465313417"/>
  <nd ref="11368893165"/>
  <nd ref="8465313396"/>
  <nd ref="8465313397"/>
  <tag k="highway" v="service"/>
  <tag k="service" v="parking_aisle"/>
 </way>
 <way id="911711705" visible="true" version="2" changeset="163971755" timestamp="2025-03-23T05:18:51Z" user="chiho_kang" uid="10604125">
  <nd ref="8465313398"/>
  <nd ref="8465313399"/>
  <nd ref="8465313411"/>
  <nd ref="8465313400"/>
  <nd ref="8465313401"/>
  <nd ref="8465313402"/>
  <nd ref="8465313403"/>
  <nd ref="8465313404"/>
  <nd ref="8465313398"/>
  <tag k="addr:city" v="나주시"/>
  <tag k="addr:housenumber" v="262"/>
  <tag k="addr:postcode" v="58217"/>
  <tag k="addr:province" v="전라남도"/>
  <tag k="addr:street" v="한빛로"/>
  <tag k="addr:subdistrict" v="빛가람동"/>
  <tag k="building" v="commercial"/>
  <tag k="building:levels" v="8"/>
  <tag k="name" v="스마트프라자"/>
 </way>
 <way id="911711706" visible="true" version="2" changeset="163971755" timestamp="2025-03-23T05:18:51Z" user="chiho_kang" uid="10604125">
  <nd ref="8465313405"/>
  <nd ref="8465313406"/>
  <nd ref="8465313410"/>
  <nd ref="8465313407"/>
  <nd ref="8465313408"/>
  <nd ref="8465313405"/>
  <tag k="addr:city" v="나주시"/>
  <tag k="addr:housenumber" v="747"/>
  <tag k="addr:postcode" v="58217"/>
  <tag k="addr:province" v="전라남도"/>
  <tag k="addr:street" v="빛가람로"/>
  <tag k="addr:subdistrict" v="빛가람동"/>
  <tag k="building" v="commercial"/>
  <tag k="building:levels" v="6"/>
  <tag k="name" v="빛가람메디칼빌딩"/>
 </way>
 <way id="911711707" visible="true" version="1" changeset="100124997" timestamp="2021-02-28T07:30:07Z" user="mulgist" uid="12368943">
  <nd ref="8465313409"/>
  <nd ref="8465313415"/>
  <nd ref="8465313410"/>
  <tag k="highway" v="service"/>
  <tag k="service" v="parking_aisle"/>
 </way>
 <way id="911711708" visible="true" version="1" changeset="100124997" timestamp="2021-02-28T07:30:07Z" user="mulgist" uid="12368943">
  <nd ref="8465313411"/>
  <nd ref="8465313416"/>
  <nd ref="8465313412"/>
  <tag k="highway" v="service"/>
  <tag k="service" v="parking_aisle"/>
 </way>
 <way id="911711709" visible="true" version="1" changeset="100124997" timestamp="2021-02-28T07:30:07Z" user="mulgist" uid="12368943">
  <nd ref="8465313413"/>
  <nd ref="8465313342"/>
  <nd ref="8465313343"/>
  <tag k="highway" v="footway"/>
 </way>
 <way id="911711710" visible="true" version="1" changeset="100124997" timestamp="2021-02-28T07:30:07Z" user="mulgist" uid="12368943">
  <nd ref="8465313414"/>
  <nd ref="8465313415"/>
  <nd ref="8465313416"/>
  <nd ref="8465313413"/>
  <tag k="crossing" v="marked"/>
  <tag k="footway" v="crossing"/>
  <tag k="highway" v="footway"/>
 </way>
 <way id="911832804" visible="true" version="1" changeset="100138147" timestamp="2021-02-28T14:03:49Z" user="mulgist" uid="12368943">
  <nd ref="8467255509"/>
  <nd ref="8467255506"/>
  <nd ref="8467255507"/>
  <nd ref="8467255508"/>
  <tag k="highway" v="footway"/>
 </way>
 <way id="911832805" visible="true" version="1" changeset="100138147" timestamp="2021-02-28T14:03:49Z" user="mulgist" uid="12368943">
  <nd ref="8467255503"/>
  <nd ref="8467255504"/>
  <nd ref="8467255505"/>
  <nd ref="8467255510"/>
  <tag k="highway" v="footway"/>
 </way>
 <way id="911832806" visible="true" version="1" changeset="100138147" timestamp="2021-02-28T14:03:49Z" user="mulgist" uid="12368943">
  <nd ref="8467255510"/>
  <nd ref="8467255509"/>
  <tag k="bridge" v="yes"/>
  <tag k="highway" v="footway"/>
  <tag k="layer" v="1"/>
 </way>
 <way id="911832807" visible="true" version="2" changeset="141712425" timestamp="2023-09-25T05:17:57Z" user="FUKUTAN" uid="5207199">
  <nd ref="8467255503"/>
  <nd ref="11217166593"/>
  <nd ref="8467255511"/>
  <tag k="crossing" v="marked"/>
  <tag k="crossing:markings" v="yes"/>
  <tag k="footway" v="crossing"/>
  <tag k="highway" v="footway"/>
 </way>
 <way id="911832808" visible="true" version="1" changeset="100138147" timestamp="2021-02-28T14:03:49Z" user="mulgist" uid="12368943">
  <nd ref="8467255511"/>
  <nd ref="8467255512"/>
  <nd ref="8467255513"/>
  <nd ref="8467255514"/>
  <nd ref="8467255515"/>
  <nd ref="8467255516"/>
  <nd ref="8467256317"/>
  <nd ref="8467256318"/>
  <nd ref="8467256319"/>
  <nd ref="8467256326"/>
  <tag k="highway" v="footway"/>
 </way>
 <way id="911832809" visible="true" version="2" changeset="144397454" timestamp="2023-11-24T08:19:48Z" user="asdfqwer51" uid="3350410">
  <nd ref="8467256325"/>
  <nd ref="8467256320"/>
  <nd ref="8467256321"/>
  <nd ref="11372883784"/>
  <nd ref="8467256453"/>
  <nd ref="8467256322"/>
  <nd ref="8467256323"/>
  <nd ref="8467256394"/>
  <nd ref="8467256324"/>
  <tag k="highway" v="footway"/>
 </way>
 <way id="911832810" visible="true" version="1" changeset="100138147" timestamp="2021-02-28T14:03:49Z" user="mulgist" uid="12368943">
  <nd ref="8467256326"/>
  <nd ref="8467256325"/>
  <tag k="bridge" v="yes"/>
  <tag k="highway" v="footway"/>
  <tag k="layer" v="1"/>
 </way>
 <way id="911832812" visible="true" version="1" changeset="100138147" timestamp="2021-02-28T14:03:49Z" user="mulgist" uid="12368943">
  <nd ref="8467256324"/>
  <nd ref="8467256327"/>
  <nd ref="8467256328"/>
  <nd ref="8467256329"/>
  <nd ref="8467256395"/>
  <nd ref="8467256343"/>
  <tag k="highway" v="footway"/>
 </way>
 <way id="911832814" visible="true" version="2" changeset="144397454" timestamp="2023-11-24T08:19:48Z" user="asdfqwer51" uid="3350410">
  <nd ref="8467256321"/>
  <nd ref="8467256344"/>
  <nd ref="8467256345"/>
  <nd ref="8467256346"/>
  <nd ref="8467256347"/>
  <nd ref="8467256348"/>
  <nd ref="8467256349"/>
  <tag k="highway" v="path"/>
 </way>
 <way id="911832815" visible="true" version="1" changeset="100138147" timestamp="2021-02-28T14:03:49Z" user="mulgist" uid="12368943">
  <nd ref="8467256344"/>
  <nd ref="8467256350"/>
  <nd ref="8467256351"/>
  <nd ref="8467256352"/>
  <nd ref="8467256353"/>
  <nd ref="8467256354"/>
  <nd ref="8467256355"/>
  <nd ref="8467256356"/>
  <nd ref="8467256357"/>
  <nd ref="8467256358"/>
  <nd ref="8467256359"/>
  <nd ref="8467256360"/>
  <nd ref="8467256361"/>
  <nd ref="8467256362"/>
  <nd ref="8467256363"/>
  <nd ref="8467256364"/>
  <nd ref="8467256365"/>
  <nd ref="8467256366"/>
  <nd ref="8467256367"/>
  <nd ref="8467256368"/>
  <nd ref="8467256369"/>
  <nd ref="8467256370"/>
  <nd ref="8467256371"/>
  <nd ref="8467256372"/>
  <nd ref="8467256373"/>
  <nd ref="8467256374"/>
  <nd ref="8467256375"/>
  <nd ref="8467256376"/>
  <nd ref="8467256377"/>
  <nd ref="8467256378"/>
  <nd ref="8467256379"/>
  <nd ref="8467256380"/>
  <nd ref="8467256381"/>
  <nd ref="8467256382"/>
  <nd ref="8467256383"/>
  <nd ref="8467256444"/>
  <tag k="highway" v="path"/>
 </way>
 <way id="911832816" visible="true" version="1" changeset="100138147" timestamp="2021-02-28T14:03:49Z" user="mulgist" uid="12368943">
  <nd ref="8467256355"/>
  <nd ref="8467256384"/>
  <nd ref="8467256386"/>
  <tag k="highway" v="path"/>
 </way>
 <way id="911832817" visible="true" version="1" changeset="100138147" timestamp="2021-02-28T14:03:49Z" user="mulgist" uid="12368943">
  <nd ref="8467256385"/>
  <nd ref="5309677770"/>
  <tag k="highway" v="path"/>
 </way>
 <way id="911832818" visible="true" version="1" changeset="100138147" timestamp="2021-02-28T14:03:49Z" user="mulgist" uid="12368943">
  <nd ref="8467256386"/>
  <nd ref="8467256385"/>
  <tag k="bridge" v="yes"/>
  <tag k="highway" v="path"/>
  <tag k="layer" v="1"/>
 </way>
 <way id="911832819" visible="true" version="1" changeset="100138147" timestamp="2021-02-28T14:03:49Z" user="mulgist" uid="12368943">
  <nd ref="8467256367"/>
  <nd ref="8467256349"/>
  <nd ref="8467256387"/>
  <nd ref="8467256454"/>
  <nd ref="8467256388"/>
  <nd ref="8467256416"/>
  <nd ref="8467256389"/>
  <nd ref="8467256390"/>
  <nd ref="8467256391"/>
  <nd ref="8467256392"/>
  <nd ref="8467256474"/>
  <nd ref="8467256393"/>
  <nd ref="8467256394"/>
  <tag k="highway" v="path"/>
 </way>
 <way id="911832820" visible="true" version="1" changeset="100138147" timestamp="2021-02-28T14:03:49Z" user="mulgist" uid="12368943">
  <nd ref="8467256395"/>
  <nd ref="8467256396"/>
  <nd ref="8467256477"/>
  <nd ref="8467256397"/>
  <nd ref="8467256398"/>
  <nd ref="8467256399"/>
  <nd ref="8467256400"/>
  <nd ref="8467256401"/>
  <nd ref="8467256402"/>
  <nd ref="8467256403"/>
  <nd ref="8467256404"/>
  <nd ref="8467256405"/>
  <nd ref="8467256406"/>
  <nd ref="8467256407"/>
  <nd ref="8467256408"/>
  <nd ref="8467256409"/>
  <nd ref="8467256410"/>
  <nd ref="8467256413"/>
  <tag k="highway" v="path"/>
 </way>
 <way id="911832823" visible="true" version="1" changeset="100138147" timestamp="2021-02-28T14:03:49Z" user="mulgist" uid="12368943">
  <nd ref="8467256408"/>
  <nd ref="8467256415"/>
  <tag k="highway" v="path"/>
 </way>
 <way id="911832824" visible="true" version="1" changeset="100138147" timestamp="2021-02-28T14:03:49Z" user="mulgist" uid="12368943">
  <nd ref="8467256416"/>
  <nd ref="8467256417"/>
  <nd ref="8467256418"/>
  <nd ref="8467256419"/>
  <nd ref="8467256420"/>
  <nd ref="8467256421"/>
  <nd ref="8467256422"/>
  <nd ref="8467256423"/>
  <nd ref="8467256424"/>
  <nd ref="8467256425"/>
  <nd ref="8467256415"/>
  <nd ref="8467256426"/>
  <nd ref="8467256427"/>
  <nd ref="8467256428"/>
  <nd ref="8467256429"/>
  <nd ref="8467256430"/>
  <nd ref="8467256431"/>
  <nd ref="8467256432"/>
  <nd ref="8467256433"/>
  <nd ref="8467256434"/>
  <nd ref="8467256435"/>
  <nd ref="8467256436"/>
  <nd ref="8467256437"/>
  <nd ref="8467256438"/>
  <nd ref="8467256439"/>
  <nd ref="8467256440"/>
  <nd ref="8467256441"/>
  <nd ref="8467256442"/>
  <nd ref="8467256443"/>
  <tag k="highway" v="path"/>
 </way>
 <way id="911832825" visible="true" version="2" changeset="144397454" timestamp="2023-11-24T08:19:48Z" user="asdfqwer51" uid="3350410">
  <nd ref="8467256347"/>
  <nd ref="8467256446"/>
  <nd ref="8467256447"/>
  <nd ref="8467256448"/>
  <nd ref="8467256449"/>
  <nd ref="8467256450"/>
  <nd ref="8467256451"/>
  <nd ref="8467256452"/>
  <nd ref="8467256390"/>
  <tag k="highway" v="path"/>
 </way>
 <way id="911832826" visible="true" version="1" changeset="100138147" timestamp="2021-02-28T14:03:49Z" user="mulgist" uid="12368943">
  <nd ref="8467256450"/>
  <nd ref="8467256453"/>
  <tag k="highway" v="path"/>
 </way>
 <way id="911832827" visible="true" version="1" changeset="100138147" timestamp="2021-02-28T14:03:49Z" user="mulgist" uid="12368943">
  <nd ref="8467256454"/>
  <nd ref="8467256455"/>
  <nd ref="8467256456"/>
  <nd ref="8467256457"/>
  <nd ref="8467256458"/>
  <nd ref="8467256459"/>
  <nd ref="8467256460"/>
  <nd ref="8467256461"/>
  <nd ref="8467256462"/>
  <nd ref="8467256463"/>
  <nd ref="8467256464"/>
  <nd ref="8467256465"/>
  <nd ref="8467256466"/>
  <nd ref="8467256467"/>
  <nd ref="8467256468"/>
  <nd ref="8467256469"/>
  <nd ref="8467256470"/>
  <nd ref="8467256471"/>
  <nd ref="8467256472"/>
  <nd ref="8467256473"/>
  <nd ref="8467256356"/>
  <tag k="highway" v="path"/>
 </way>
 <way id="911832828" visible="true" version="1" changeset="100138147" timestamp="2021-02-28T14:03:49Z" user="mulgist" uid="12368943">
  <nd ref="8467256474"/>
  <nd ref="8467256475"/>
  <nd ref="8467256476"/>
  <nd ref="8467256477"/>
  <tag k="highway" v="path"/>
 </way>
 <way id="914137828" visible="true" version="2" changeset="163971755" timestamp="2025-03-23T05:18:51Z" user="chiho_kang" uid="10604125">
  <nd ref="8491434612"/>
  <nd ref="8491434613"/>
  <nd ref="8491434614"/>
  <nd ref="8491434615"/>
  <nd ref="8491434612"/>
  <tag k="addr:city" v="나주시"/>
  <tag k="addr:housenumber" v="745"/>
  <tag k="addr:postcode" v="58217"/>
  <tag k="addr:province" v="전라남도"/>
  <tag k="addr:street" v="빛가람로"/>
  <tag k="addr:subdistrict" v="빛가람동"/>
  <tag k="building" v="commercial"/>
  <tag k="building:levels" v="5"/>
  <tag k="name" v="SB빛가람빌딩"/>
 </way>
 <way id="914137829" visible="true" version="2" changeset="163971755" timestamp="2025-03-23T05:18:51Z" user="chiho_kang" uid="10604125">
  <nd ref="8491434616"/>
  <nd ref="8491474117"/>
  <nd ref="8491474118"/>
  <nd ref="8491474119"/>
  <nd ref="8491434616"/>
  <tag k="addr:city" v="나주시"/>
  <tag k="addr:housenumber" v="741"/>
  <tag k="addr:postcode" v="58217"/>
  <tag k="addr:province" v="전라남도"/>
  <tag k="addr:street" v="빛가람로"/>
  <tag k="addr:subdistrict" v="빛가람동"/>
  <tag k="building" v="commercial"/>
  <tag k="building:levels" v="3"/>
  <tag k="name" v="빛프라자"/>
 </way>
 <way id="914137830" visible="true" version="2" changeset="163971755" timestamp="2025-03-23T05:18:51Z" user="chiho_kang" uid="10604125">
  <nd ref="8491474120"/>
  <nd ref="8491474121"/>
  <nd ref="8491474122"/>
  <nd ref="8491474123"/>
  <nd ref="8491474124"/>
  <nd ref="8491474125"/>
  <nd ref="8491474126"/>
  <nd ref="8491474127"/>
  <nd ref="8491474120"/>
  <tag k="addr:city" v="나주시"/>
  <tag k="addr:housenumber" v="739"/>
  <tag k="addr:postcode" v="58217"/>
  <tag k="addr:province" v="전라남도"/>
  <tag k="addr:street" v="빛가람로"/>
  <tag k="addr:subdistrict" v="빛가람동"/>
  <tag k="building" v="commercial"/>
  <tag k="building:levels" v="8"/>
  <tag k="name" v="트윈스빌딩II"/>
 </way>
 <way id="914137831" visible="true" version="2" changeset="163971755" timestamp="2025-03-23T05:18:51Z" user="chiho_kang" uid="10604125">
  <nd ref="8491474128"/>
  <nd ref="8491474129"/>
  <nd ref="8491474130"/>
  <nd ref="8491474131"/>
  <nd ref="8491474132"/>
  <nd ref="8491474133"/>
  <nd ref="8491474135"/>
  <nd ref="8491474134"/>
  <nd ref="8491474128"/>
  <tag k="addr:city" v="나주시"/>
  <tag k="addr:housenumber" v="737"/>
  <tag k="addr:postcode" v="58217"/>
  <tag k="addr:province" v="전라남도"/>
  <tag k="addr:street" v="빛가람로"/>
  <tag k="addr:subdistrict" v="빛가람동"/>
  <tag k="building" v="commercial"/>
  <tag k="building:levels" v="8"/>
  <tag k="name" v="트윈스빌딩I"/>
 </way>
 <way id="914137832" visible="true" version="2" changeset="163971755" timestamp="2025-03-23T05:18:51Z" user="chiho_kang" uid="10604125">
  <nd ref="8491474136"/>
  <nd ref="8491474137"/>
  <nd ref="8491474138"/>
  <nd ref="8491474139"/>
  <nd ref="8491474136"/>
  <tag k="addr:city" v="나주시"/>
  <tag k="addr:housenumber" v="733"/>
  <tag k="addr:postcode" v="58217"/>
  <tag k="addr:province" v="전라남도"/>
  <tag k="addr:street" v="빛가람로"/>
  <tag k="addr:subdistrict" v="빛가람동"/>
  <tag k="building" v="commercial"/>
  <tag k="building:levels" v="5"/>
  <tag k="name" v="S시리우스"/>
 </way>
 <way id="914137833" visible="true" version="2" changeset="163971755" timestamp="2025-03-23T05:18:51Z" user="chiho_kang" uid="10604125">
  <nd ref="8491474140"/>
  <nd ref="8491474141"/>
  <nd ref="8491474142"/>
  <nd ref="8491474143"/>
  <nd ref="8491474144"/>
  <nd ref="8491474145"/>
  <nd ref="8491474140"/>
  <tag k="addr:city" v="나주시"/>
  <tag k="addr:housenumber" v="731"/>
  <tag k="addr:postcode" v="58217"/>
  <tag k="addr:province" v="전라남도"/>
  <tag k="addr:street" v="빛가람로"/>
  <tag k="addr:subdistrict" v="빛가람동"/>
  <tag k="building" v="commercial"/>
  <tag k="building:levels" v="5"/>
  <tag k="name" v="KS프라자빌딩"/>
 </way>
 <way id="914137834" visible="true" version="2" changeset="163971755" timestamp="2025-03-23T05:18:51Z" user="chiho_kang" uid="10604125">
  <nd ref="8491474146"/>
  <nd ref="8491474147"/>
  <nd ref="8491474148"/>
  <nd ref="8491474149"/>
  <nd ref="8491474150"/>
  <nd ref="8491474146"/>
  <tag k="addr:city" v="나주시"/>
  <tag k="addr:housenumber" v="746"/>
  <tag k="addr:postcode" v="58325"/>
  <tag k="addr:province" v="전라남도"/>
  <tag k="addr:street" v="빛가람로"/>
  <tag k="addr:subdistrict" v="빛가람동"/>
  <tag k="building" v="commercial"/>
  <tag k="building:levels" v="7"/>
  <tag k="name" v="S-타워"/>
 </way>
 <way id="914137835" visible="true" version="2" changeset="163971755" timestamp="2025-03-23T05:18:51Z" user="chiho_kang" uid="10604125">
  <nd ref="8491474152"/>
  <nd ref="8491474153"/>
  <nd ref="8491474154"/>
  <nd ref="8491474155"/>
  <nd ref="8491474156"/>
  <nd ref="8491474157"/>
  <nd ref="8491474152"/>
  <tag k="addr:city" v="나주시"/>
  <tag k="addr:housenumber" v="24"/>
  <tag k="addr:postcode" v="58325"/>
  <tag k="addr:province" v="전라남도"/>
  <tag k="addr:street" v="배멧2길"/>
  <tag k="addr:subdistrict" v="빛가람동"/>
  <tag k="building" v="commercial"/>
  <tag k="name" v="전기공사공제조합"/>
 </way>
 <way id="914137838" visible="true" version="2" changeset="163971755" timestamp="2025-03-23T05:18:51Z" user="chiho_kang" uid="10604125">
  <nd ref="8491474168"/>
  <nd ref="8491474169"/>
  <nd ref="8491474170"/>
  <nd ref="8491474171"/>
  <nd ref="8491474168"/>
  <tag k="addr:city" v="나주시"/>
  <tag k="addr:housenumber" v="740"/>
  <tag k="addr:postcode" v="58325"/>
  <tag k="addr:province" v="전라남도"/>
  <tag k="addr:street" v="빛가람로"/>
  <tag k="addr:subdistrict" v="빛가람동"/>
  <tag k="building" v="commercial"/>
  <tag k="building:levels" v="8"/>
  <tag k="name" v="한빛타워"/>
 </way>
 <way id="914137839" visible="true" version="2" changeset="163971755" timestamp="2025-03-23T05:18:51Z" user="chiho_kang" uid="10604125">
  <nd ref="8491474172"/>
  <nd ref="8491474173"/>
  <nd ref="8491474174"/>
  <nd ref="8491474175"/>
  <nd ref="8491474172"/>
  <tag k="addr:city" v="나주시"/>
  <tag k="addr:housenumber" v="730"/>
  <tag k="addr:postcode" v="58325"/>
  <tag k="addr:province" v="전라남도"/>
  <tag k="addr:street" v="빛가람로"/>
  <tag k="addr:subdistrict" v="빛가람동"/>
  <tag k="building" v="commercial"/>
  <tag k="building:levels" v="6"/>
  <tag k="name" v="진우타워"/>
 </way>
 <way id="914137840" visible="true" version="2" changeset="163971755" timestamp="2025-03-23T05:18:51Z" user="chiho_kang" uid="10604125">
  <nd ref="8491474176"/>
  <nd ref="8491474177"/>
  <nd ref="8491474178"/>
  <nd ref="8491474179"/>
  <nd ref="8491474180"/>
  <nd ref="8491474181"/>
  <nd ref="8491474176"/>
  <tag k="addr:city" v="나주시"/>
  <tag k="addr:housenumber" v="50"/>
  <tag k="addr:postcode" v="58325"/>
  <tag k="addr:province" v="전라남도"/>
  <tag k="addr:street" v="배멧1길"/>
  <tag k="addr:subdistrict" v="빛가람동"/>
  <tag k="building" v="commercial"/>
  <tag k="building:levels" v="5"/>
  <tag k="name" v="혁신타워"/>
 </way>
 <way id="916542855" visible="true" version="2" changeset="163971755" timestamp="2025-03-23T05:18:51Z" user="chiho_kang" uid="10604125">
  <nd ref="8512587332"/>
  <nd ref="8512587333"/>
  <nd ref="8512587334"/>
  <nd ref="8512587335"/>
  <nd ref="8512587336"/>
  <nd ref="8512587337"/>
  <nd ref="8512587338"/>
  <nd ref="8512587332"/>
  <tag k="addr:city" v="나주시"/>
  <tag k="addr:housenumber" v="25"/>
  <tag k="addr:postcode" v="58325"/>
  <tag k="addr:province" v="전라남도"/>
  <tag k="addr:street" v="배멧2길"/>
  <tag k="addr:subdistrict" v="빛가람동"/>
  <tag k="building" v="commercial"/>
  <tag k="building:levels" v="3"/>
  <tag k="name" v="스페이스코웍빌딩"/>
 </way>
 <way id="916542856" visible="true" version="2" changeset="163971755" timestamp="2025-03-23T05:18:51Z" user="chiho_kang" uid="10604125">
  <nd ref="8512587339"/>
  <nd ref="8512587340"/>
  <nd ref="8512587341"/>
  <nd ref="8512587342"/>
  <nd ref="8512587343"/>
  <nd ref="8512587344"/>
  <nd ref="8512587345"/>
  <nd ref="8512587346"/>
  <nd ref="8512587339"/>
  <tag k="addr:city" v="나주시"/>
  <tag k="addr:housenumber" v="39"/>
  <tag k="addr:postcode" v="58325"/>
  <tag k="addr:province" v="전라남도"/>
  <tag k="addr:street" v="배멧2길"/>
  <tag k="addr:subdistrict" v="빛가람동"/>
  <tag k="building" v="commercial"/>
  <tag k="building:levels" v="3"/>
  <tag k="name" v="로데오빌딩"/>
 </way>
 <way id="916542857" visible="true" version="2" changeset="163971755" timestamp="2025-03-23T05:18:51Z" user="chiho_kang" uid="10604125">
  <nd ref="8512587347"/>
  <nd ref="8512587348"/>
  <nd ref="8512587349"/>
  <nd ref="8512587350"/>
  <nd ref="8512587351"/>
  <nd ref="8512587352"/>
  <nd ref="8512587353"/>
  <nd ref="8512587347"/>
  <tag k="addr:city" v="나주시"/>
  <tag k="addr:housenumber" v="43"/>
  <tag k="addr:postcode" v="58325"/>
  <tag k="addr:province" v="전라남도"/>
  <tag k="addr:street" v="배멧2길"/>
  <tag k="addr:subdistrict" v="빛가람동"/>
  <tag k="brand" v="HOLIUS"/>
  <tag k="building" v="residential"/>
  <tag k="building:levels" v="8"/>
  <tag k="name" v="홀리어스관광호텔"/>
  <tag k="tourism" v="hotel"/>
 </way>
 <way id="918491095" visible="true" version="3" changeset="164103601" timestamp="2025-03-26T03:07:38Z" user="LuxuryCoop" uid="7245212">
  <nd ref="8530419081"/>
  <nd ref="8530419080"/>
  <nd ref="12700990052"/>
  <nd ref="12700990051"/>
  <nd ref="8530419079"/>
  <nd ref="8530419078"/>
  <nd ref="12700990054"/>
  <nd ref="12700990053"/>
  <nd ref="8530419081"/>
 </way>
 <way id="1080671721" visible="true" version="1" changeset="123960556" timestamp="2022-07-23T03:06:23Z" user="FUKUTAN" uid="5207199">
  <nd ref="9905166606"/>
  <nd ref="9905228722"/>
  <nd ref="9905228723"/>
  <nd ref="9905228724"/>
  <nd ref="9905228725"/>
  <nd ref="9905228726"/>
  <nd ref="9905228727"/>
  <nd ref="9905228728"/>
  <nd ref="9905228729"/>
  <nd ref="9905228730"/>
  <nd ref="5181473612"/>
  <nd ref="9905166606"/>
  <tag k="natural" v="water"/>
  <tag k="water" v="river"/>
 </way>
 <way id="1080671722" visible="true" version="1" changeset="123960556" timestamp="2022-07-23T03:06:23Z" user="FUKUTAN" uid="5207199">
  <nd ref="9905228727"/>
  <nd ref="9905228731"/>
  <nd ref="9905228732"/>
  <nd ref="9905228733"/>
  <nd ref="9905228734"/>
  <nd ref="9905228735"/>
  <nd ref="9905228736"/>
  <nd ref="9905228737"/>
  <nd ref="9905228738"/>
  <nd ref="9905228739"/>
  <nd ref="9905228740"/>
  <nd ref="9905228741"/>
  <nd ref="9905228742"/>
  <nd ref="9905228743"/>
  <nd ref="9905228744"/>
  <nd ref="9905228745"/>
  <nd ref="9905228746"/>
  <nd ref="9905228747"/>
  <nd ref="9905228748"/>
  <nd ref="9905228749"/>
  <nd ref="9905228750"/>
  <nd ref="9905228751"/>
  <nd ref="9905228752"/>
  <nd ref="9905228753"/>
  <nd ref="9905228754"/>
  <nd ref="9905228755"/>
  <nd ref="9905228756"/>
  <nd ref="9905228757"/>
  <nd ref="9905228758"/>
  <nd ref="9905228759"/>
  <nd ref="9905228760"/>
  <nd ref="9905228761"/>
  <nd ref="9905228726"/>
  <nd ref="9905228727"/>
  <tag k="natural" v="water"/>
  <tag k="water" v="river"/>
 </way>
 <way id="1080671723" visible="true" version="1" changeset="123960556" timestamp="2022-07-23T03:06:23Z" user="FUKUTAN" uid="5207199">
  <nd ref="9905228748"/>
  <nd ref="9905228762"/>
  <nd ref="9905228763"/>
  <nd ref="9905228764"/>
  <nd ref="9905228765"/>
  <nd ref="9905228766"/>
  <nd ref="9905228767"/>
  <nd ref="9905228768"/>
  <nd ref="9905228769"/>
  <nd ref="9905228770"/>
  <nd ref="9905228771"/>
  <nd ref="9905228772"/>
  <nd ref="9905228773"/>
  <nd ref="9905228774"/>
  <nd ref="9905228775"/>
  <nd ref="9905228776"/>
  <nd ref="9905228777"/>
  <nd ref="9905228778"/>
  <nd ref="9905228779"/>
  <nd ref="9905228780"/>
  <nd ref="9905228781"/>
  <nd ref="9905228782"/>
  <nd ref="9905228783"/>
  <nd ref="8422428657"/>
  <nd ref="9905228784"/>
  <nd ref="9905228785"/>
  <nd ref="9905228786"/>
  <nd ref="9905228787"/>
  <nd ref="9905228788"/>
  <nd ref="9905228789"/>
  <nd ref="9905228790"/>
  <nd ref="9905228791"/>
  <nd ref="9905228792"/>
  <nd ref="9905228793"/>
  <nd ref="9905228794"/>
  <nd ref="9905228795"/>
  <nd ref="9905228796"/>
  <nd ref="9905228747"/>
  <nd ref="9905228748"/>
  <tag k="natural" v="water"/>
  <tag k="water" v="river"/>
 </way>
 <way id="1131620681" visible="true" version="1" changeset="131233215" timestamp="2023-01-13T14:53:00Z" user="FUKUTAN" uid="5207199">
  <nd ref="8270222849"/>
  <nd ref="8270222854"/>
  <nd ref="8270222855"/>
  <tag k="highway" v="service"/>
  <tag k="service" v="parking_aisle"/>
 </way>
 <way id="1131620682" visible="true" version="1" changeset="131233215" timestamp="2023-01-13T14:53:00Z" user="FUKUTAN" uid="5207199">
  <nd ref="8270222843"/>
  <nd ref="8270222852"/>
  <nd ref="8270222850"/>
  <tag k="highway" v="service"/>
  <tag k="service" v="parking_aisle"/>
 </way>
 <way id="1131620683" visible="true" version="1" changeset="131233215" timestamp="2023-01-13T14:53:00Z" user="FUKUTAN" uid="5207199">
  <nd ref="10549091093"/>
  <nd ref="10549091075"/>
  <nd ref="10549091076"/>
  <nd ref="10549091077"/>
  <nd ref="10549091078"/>
  <nd ref="10549091079"/>
  <nd ref="10549091080"/>
  <nd ref="10549091096"/>
  <nd ref="10549091081"/>
  <nd ref="10549091082"/>
  <nd ref="10549091083"/>
  <nd ref="10549091084"/>
  <nd ref="10549091085"/>
  <nd ref="10549091086"/>
  <nd ref="10549091087"/>
  <nd ref="10549091088"/>
  <nd ref="10549091089"/>
  <nd ref="10549091097"/>
  <nd ref="10549091090"/>
  <nd ref="10549091091"/>
  <nd ref="10549091092"/>
  <nd ref="10549091093"/>
  <tag k="highway" v="residential"/>
 </way>
 <way id="1131620684" visible="true" version="1" changeset="131233215" timestamp="2023-01-13T14:53:00Z" user="FUKUTAN" uid="5207199">
  <nd ref="10549091106"/>
  <nd ref="5668172367"/>
  <nd ref="10549091107"/>
  <nd ref="10549091105"/>
  <nd ref="10549091104"/>
  <nd ref="10549091103"/>
  <nd ref="10549091102"/>
  <nd ref="10549091101"/>
  <nd ref="10549091100"/>
  <nd ref="10549091099"/>
  <nd ref="10549091058"/>
  <nd ref="10549091059"/>
  <nd ref="10549091060"/>
  <nd ref="10549091061"/>
  <nd ref="10549091062"/>
  <nd ref="10549091063"/>
  <nd ref="10549091064"/>
  <nd ref="10549091065"/>
  <nd ref="10549091106"/>
  <nd ref="10549091066"/>
  <nd ref="10549091067"/>
  <nd ref="10549091068"/>
  <nd ref="10549091069"/>
  <nd ref="10549091070"/>
  <nd ref="10549091071"/>
  <nd ref="10549091072"/>
  <nd ref="10549091073"/>
  <nd ref="10549091074"/>
  <nd ref="10549091093"/>
  <tag k="highway" v="residential"/>
 </way>
 <way id="1131620685" visible="true" version="1" changeset="131233215" timestamp="2023-01-13T14:53:00Z" user="FUKUTAN" uid="5207199">
  <nd ref="10549091094"/>
  <nd ref="10549091095"/>
  <nd ref="10549091096"/>
  <nd ref="10549091098"/>
  <nd ref="10549091097"/>
  <tag k="highway" v="residential"/>
 </way>
 <way id="1153682397" visible="true" version="1" changeset="133576767" timestamp="2023-03-12T08:09:37Z" user="FUKUTAN" uid="5207199">
  <nd ref="10729284605"/>
  <nd ref="10729284610"/>
  <nd ref="10729284606"/>
  <nd ref="10729284615"/>
  <nd ref="10729284607"/>
  <nd ref="10729284608"/>
  <nd ref="10729284609"/>
  <tag k="highway" v="pedestrian"/>
 </way>
 <way id="1153682398" visible="true" version="1" changeset="133576767" timestamp="2023-03-12T08:09:37Z" user="FUKUTAN" uid="5207199">
  <nd ref="10729284611"/>
  <nd ref="10729284612"/>
  <nd ref="10729284626"/>
  <nd ref="10729284613"/>
  <nd ref="10729284614"/>
  <nd ref="10729284615"/>
  <nd ref="10729284616"/>
  <nd ref="10729284617"/>
  <nd ref="10729284618"/>
  <nd ref="10729284619"/>
  <nd ref="10729284623"/>
  <nd ref="10729284620"/>
  <tag k="highway" v="pedestrian"/>
 </way>
 <way id="1153682399" visible="true" version="1" changeset="133576767" timestamp="2023-03-12T08:09:37Z" user="FUKUTAN" uid="5207199">
  <nd ref="5307971352"/>
  <nd ref="10729284621"/>
  <nd ref="10729284623"/>
  <nd ref="10729284622"/>
  <nd ref="5309416646"/>
  <tag k="highway" v="pedestrian"/>
 </way>
 <way id="1153682400" visible="true" version="1" changeset="133576767" timestamp="2023-03-12T08:09:37Z" user="FUKUTAN" uid="5207199">
  <nd ref="5307971357"/>
  <nd ref="10729284624"/>
  <nd ref="10729284626"/>
  <nd ref="10729284625"/>
  <nd ref="5307971349"/>
  <tag k="highway" v="pedestrian"/>
 </way>
 <way id="1153682401" visible="true" version="1" changeset="133576767" timestamp="2023-03-12T08:09:37Z" user="FUKUTAN" uid="5207199">
  <nd ref="10729284632"/>
  <nd ref="10729284633"/>
  <tag k="highway" v="service"/>
  <tag k="service" v="parking_aisle"/>
 </way>
 <way id="1153682402" visible="true" version="2" changeset="176418660" timestamp="2025-12-26T04:55:40Z" user="Pan_Nug" uid="17280926">
  <nd ref="5180185966"/>
  <nd ref="13407992868"/>
  <nd ref="10729284634"/>
  <tag k="highway" v="service"/>
  <tag k="service" v="parking_aisle"/>
 </way>
 <way id="1153682403" visible="true" version="2" changeset="176418660" timestamp="2025-12-26T04:55:40Z" user="Pan_Nug" uid="17280926">
  <nd ref="10729284635"/>
  <nd ref="10729284634"/>
  <nd ref="10729284636"/>
  <nd ref="10729284637"/>
  <nd ref="13407992868"/>
  <nd ref="10729284638"/>
  <nd ref="10729284635"/>
  <tag k="highway" v="service"/>
  <tag k="service" v="parking_aisle"/>
 </way>
 <way id="1153682404" visible="true" version="1" changeset="133576767" timestamp="2023-03-12T08:09:37Z" user="FUKUTAN" uid="5207199">
  <nd ref="10729284635"/>
  <nd ref="10729284639"/>
  <nd ref="10729284640"/>
  <nd ref="10729284641"/>
  <nd ref="10729284642"/>
  <nd ref="10729284643"/>
  <nd ref="10729284644"/>
  <nd ref="10729284645"/>
  <nd ref="10729284646"/>
  <tag k="highway" v="service"/>
  <tag k="service" v="parking_aisle"/>
 </way>
 <way id="1210676518" visible="true" version="1" changeset="141712425" timestamp="2023-09-25T05:17:57Z" user="FUKUTAN" uid="5207199">
  <nd ref="2623137223"/>
  <nd ref="11217166593"/>
  <nd ref="11217166594"/>
  <nd ref="11217166595"/>
  <nd ref="11217166596"/>
  <nd ref="11217166597"/>
  <nd ref="11217166598"/>
  <nd ref="11217166599"/>
  <nd ref="11217166600"/>
  <nd ref="11217166601"/>
  <nd ref="11217166602"/>
  <nd ref="11217166603"/>
  <nd ref="11217166604"/>
  <nd ref="11217166605"/>
  <nd ref="11217166606"/>
  <tag k="highway" v="service"/>
  <tag k="service" v="parking_aisle"/>
 </way>
 <way id="1210676519" visible="true" version="1" changeset="141712425" timestamp="2023-09-25T05:17:57Z" user="FUKUTAN" uid="5207199">
  <nd ref="11217166596"/>
  <nd ref="11217166607"/>
  <nd ref="11217166608"/>
  <nd ref="11217166609"/>
  <nd ref="11217166610"/>
  <nd ref="11217166611"/>
  <nd ref="11217166612"/>
  <nd ref="11217166613"/>
  <nd ref="11217166614"/>
  <nd ref="11217166615"/>
  <nd ref="11217166616"/>
  <nd ref="11217166617"/>
  <nd ref="11217166618"/>
  <tag k="highway" v="service"/>
  <tag k="service" v="parking_aisle"/>
 </way>
 <way id="1213999586" visible="true" version="5" changeset="176319095" timestamp="2025-12-23T17:30:15Z" user="aaei924" uid="10626814">
  <nd ref="2623137542"/>
  <nd ref="13398101039"/>
  <nd ref="6147536986"/>
  <nd ref="5180185963"/>
  <nd ref="13142587642"/>
  <nd ref="3071505236"/>
  <nd ref="5309677802"/>
  <nd ref="13142587636"/>
  <nd ref="6147537084"/>
  <nd ref="3071505237"/>
  <nd ref="13273395551"/>
  <nd ref="5309677801"/>
  <nd ref="13273395550"/>
  <nd ref="3071505245"/>
  <nd ref="5291647155"/>
  <nd ref="3413883268"/>
  <nd ref="3071505244"/>
  <nd ref="10729284611"/>
  <nd ref="11368927817"/>
  <nd ref="2623136268"/>
  <tag k="highway" v="secondary"/>
  <tag k="name" v="혁신로"/>
  <tag k="name:en" v="Hyeoksin-ro"/>
  <tag k="name:ko" v="혁신로"/>
 </way>
 <way id="1213999587" visible="true" version="4" changeset="176319095" timestamp="2025-12-23T17:30:15Z" user="aaei924" uid="10626814">
  <nd ref="13398101029"/>
  <nd ref="13398101030"/>
  <nd ref="13398101031"/>
  <nd ref="13398101032"/>
  <nd ref="13398101033"/>
  <nd ref="13398101034"/>
  <nd ref="13398101035"/>
  <nd ref="13398101036"/>
  <nd ref="13398101037"/>
  <nd ref="13398101038"/>
  <nd ref="13398101039"/>
  <nd ref="13398101028"/>
  <nd ref="13273395553"/>
  <nd ref="13398101040"/>
  <tag k="highway" v="secondary"/>
  <tag k="name" v="빛가람로"/>
  <tag k="name:en" v="Bitgaram-ro"/>
  <tag k="name:ko" v="빛가람로"/>
  <tag k="oneway" v="yes"/>
 </way>
 <way id="1225903022" visible="true" version="1" changeset="144326721" timestamp="2023-11-22T13:28:24Z" user="asdfqwer51" uid="3350410">
  <nd ref="11368586044"/>
  <nd ref="11368586045"/>
  <nd ref="11368586046"/>
  <nd ref="11368586047"/>
  <nd ref="11368586048"/>
  <nd ref="11368586049"/>
  <nd ref="11368586044"/>
  <tag k="amenity" v="parking"/>
 </way>
 <way id="1225903023" visible="true" version="1" changeset="144326721" timestamp="2023-11-22T13:28:24Z" user="asdfqwer51" uid="3350410">
  <nd ref="11368586050"/>
  <nd ref="8273070007"/>
  <nd ref="11368586051"/>
  <nd ref="11368586052"/>
  <tag k="highway" v="service"/>
  <tag k="service" v="parking_aisle"/>
 </way>
 <way id="1225953484" visible="true" version="2" changeset="144397454" timestamp="2023-11-24T08:19:48Z" user="asdfqwer51" uid="3350410">
  <nd ref="11369029031"/>
  <nd ref="11369029032"/>
  <nd ref="11369029033"/>
  <nd ref="11369029034"/>
  <nd ref="11369029031"/>
  <tag k="addr:housenumber" v="171"/>
  <tag k="addr:postcode" v="58323"/>
  <tag k="addr:street" v="한빛로"/>
  <tag k="brand" v="하나로마트"/>
  <tag k="brand:en" v="Hanaro Mart"/>
  <tag k="brand:ko" v="하나로마트"/>
  <tag k="brand:wikidata" v="Q12590611"/>
  <tag k="building" v="yes"/>
  <tag k="name" v="산포농협 하나로마트"/>
  <tag k="name:en" v="Sanpo Nonghyup Hanaro Mart"/>
  <tag k="name:ko" v="산포농협 하나로마트"/>
  <tag k="shop" v="supermarket"/>
 </way>
 <way id="1371459692" visible="true" version="1" changeset="164103601" timestamp="2025-03-26T03:07:38Z" user="LuxuryCoop" uid="7245212">
  <nd ref="12700990034"/>
  <nd ref="12700990033"/>
  <nd ref="12700990032"/>
  <nd ref="12700990031"/>
  <nd ref="12700990034"/>
  <tag k="access" v="private"/>
  <tag k="amenity" v="parking"/>
  <tag k="capacity" v="50"/>
  <tag k="parking" v="surface"/>
 </way>
 <way id="1371459693" visible="true" version="2" changeset="170820837" timestamp="2025-08-22T09:41:41Z" user="catgirlseraid" uid="21657267">
  <nd ref="12700990038"/>
  <nd ref="12700990037"/>
  <nd ref="12700990036"/>
  <nd ref="12700990035"/>
  <nd ref="12700990038"/>
  <tag k="generator:method" v="photovoltaic"/>
  <tag k="generator:output:electricity" v="yes"/>
  <tag k="generator:plant" v="output"/>
  <tag k="generator:source" v="solar"/>
  <tag k="generator:type" v="solar_photovoltaic_panel"/>
  <tag k="location" v="roof"/>
  <tag k="power" v="generator"/>
 </way>
 <way id="1371459694" visible="true" version="2" changeset="170820837" timestamp="2025-08-22T09:41:41Z" user="catgirlseraid" uid="21657267">
  <nd ref="12700990042"/>
  <nd ref="12700990041"/>
  <nd ref="12700990040"/>
  <nd ref="12700990039"/>
  <nd ref="12700990042"/>
  <tag k="generator:method" v="photovoltaic"/>
  <tag k="generator:output:electricity" v="yes"/>
  <tag k="generator:plant" v="output"/>
  <tag k="generator:source" v="solar"/>
  <tag k="generator:type" v="solar_photovoltaic_panel"/>
  <tag k="location" v="roof"/>
  <tag k="power" v="generator"/>
 </way>
 <way id="1371459695" visible="true" version="1" changeset="164103601" timestamp="2025-03-26T03:07:38Z" user="LuxuryCoop" uid="7245212">
  <nd ref="12700990046"/>
  <nd ref="12700990045"/>
  <nd ref="12700990044"/>
  <nd ref="12700990043"/>
  <nd ref="12700990046"/>
  <tag k="building" v="roof"/>
 </way>
 <way id="1371459696" visible="true" version="1" changeset="164103601" timestamp="2025-03-26T03:07:38Z" user="LuxuryCoop" uid="7245212">
  <nd ref="12700990050"/>
  <nd ref="12700990049"/>
  <nd ref="12700990048"/>
  <nd ref="12700990047"/>
  <nd ref="12700990050"/>
 </way>
 <way id="1371459697" visible="true" version="1" changeset="164103601" timestamp="2025-03-26T03:07:38Z" user="LuxuryCoop" uid="7245212">
  <nd ref="12700990054"/>
  <nd ref="12700990053"/>
  <nd ref="12700990052"/>
  <nd ref="12700990051"/>
  <nd ref="12700990054"/>
  <tag k="access" v="private"/>
  <tag k="amenity" v="parking"/>
  <tag k="capacity" v="30"/>
  <tag k="parking" v="surface"/>
 </way>
 <way id="1371459698" visible="true" version="1" changeset="164103601" timestamp="2025-03-26T03:07:38Z" user="LuxuryCoop" uid="7245212">
  <nd ref="8530419078"/>
  <nd ref="12700990054"/>
  <nd ref="12700990051"/>
  <nd ref="8530419079"/>
  <nd ref="8530419078"/>
  <tag k="leisure" v="park"/>
 </way>
 <way id="1429725291" visible="true" version="1" changeset="171918325" timestamp="2025-09-14T13:36:20Z" user="FUKUTAN" uid="5207199">
  <nd ref="8436597953"/>
  <nd ref="13142587634"/>
  <nd ref="13142587635"/>
  <tag k="highway" v="footway"/>
 </way>
 <way id="1429725292" visible="true" version="1" changeset="171918325" timestamp="2025-09-14T13:36:20Z" user="FUKUTAN" uid="5207199">
  <nd ref="13142587636"/>
  <nd ref="13142587641"/>
  <nd ref="13142587640"/>
  <nd ref="13142587637"/>
  <nd ref="13142587638"/>
  <nd ref="13142587639"/>
  <tag k="highway" v="pedestrian"/>
 </way>
 <way id="1429725293" visible="true" version="1" changeset="171918325" timestamp="2025-09-14T13:36:20Z" user="FUKUTAN" uid="5207199">
  <nd ref="13142587639"/>
  <nd ref="13142587649"/>
  <nd ref="13142587643"/>
  <tag k="highway" v="footway"/>
 </way>
 <way id="1429725294" visible="true" version="1" changeset="171918325" timestamp="2025-09-14T13:36:20Z" user="FUKUTAN" uid="5207199">
  <nd ref="13142587644"/>
  <nd ref="13142587645"/>
  <nd ref="13142587646"/>
  <nd ref="13142587647"/>
  <nd ref="13142587648"/>
  <nd ref="13142587649"/>
  <nd ref="13142587650"/>
  <nd ref="13142587651"/>
  <nd ref="13142587652"/>
  <nd ref="13142587653"/>
  <tag k="highway" v="footway"/>
 </way>
 <way id="1429726067" visible="true" version="1" changeset="171918484" timestamp="2025-09-14T13:39:45Z" user="FUKUTAN" uid="5207199">
  <nd ref="13142595937"/>
  <nd ref="13142595938"/>
  <tag k="highway" v="service"/>
  <tag k="service" v="parking_aisle"/>
 </way>
 <way id="1446648320" visible="true" version="1" changeset="174046299" timestamp="2025-11-01T05:13:14Z" user="torisugari" uid="22158042">
  <nd ref="2623136117"/>
  <nd ref="3413883250"/>
  <nd ref="8273070022"/>
  <tag k="highway" v="tertiary"/>
  <tag k="name" v="한빛로"/>
  <tag k="name:en" v="Hanbit-ro"/>
  <tag k="name:ko" v="한빛로"/>
 </way>
 <way id="1446648321" visible="true" version="1" changeset="174046299" timestamp="2025-11-01T05:13:14Z" user="torisugari" uid="22158042">
  <nd ref="5309677752"/>
  <nd ref="2623136117"/>
  <tag k="highway" v="tertiary"/>
  <tag k="name" v="전력로"/>
  <tag k="name:en" v="Jeollyeok-ro"/>
  <tag k="name:ko" v="전력로"/>
 </way>
 <way id="1446648322" visible="true" version="2" changeset="176319095" timestamp="2025-12-23T17:30:15Z" user="aaei924" uid="10626814">
  <nd ref="13273395555"/>
  <nd ref="5291647161"/>
  <nd ref="8465313350"/>
  <nd ref="8465313348"/>
  <nd ref="2668227973"/>
  <tag k="highway" v="secondary"/>
  <tag k="name" v="빛가람로"/>
  <tag k="name:en" v="Bitgaram-ro"/>
  <tag k="name:ko" v="빛가람로"/>
  <tag k="oneway" v="yes"/>
 </way>
 <way id="1458436085" visible="true" version="1" changeset="175910622" timestamp="2025-12-14T08:55:57Z" user="FUKUTAN" uid="5207199">
  <nd ref="13375536134"/>
  <nd ref="13375536135"/>
  <tag k="highway" v="service"/>
 </way>
 <way id="1460806916" visible="true" version="1" changeset="176319095" timestamp="2025-12-23T17:30:15Z" user="aaei924" uid="10626814">
  <nd ref="13398101048"/>
  <nd ref="13398101047"/>
  <nd ref="13398101046"/>
  <nd ref="13273395554"/>
  <nd ref="13398101044"/>
  <nd ref="13398101050"/>
  <nd ref="13398101051"/>
  <nd ref="13398101052"/>
  <nd ref="13398101053"/>
  <nd ref="13398101054"/>
  <nd ref="13273395558"/>
  <nd ref="13398101056"/>
  <nd ref="11364492800"/>
  <tag k="highway" v="secondary"/>
  <tag k="name" v="빛가람로"/>
  <tag k="name:en" v="Bitgaram-ro"/>
  <tag k="name:ko" v="빛가람로"/>
  <tag k="oneway" v="yes"/>
 </way>
 <way id="1460806917" visible="true" version="1" changeset="176319095" timestamp="2025-12-23T17:30:15Z" user="aaei924" uid="10626814">
  <nd ref="13398101049"/>
  <nd ref="13398101048"/>
  <tag k="bridge" v="yes"/>
  <tag k="highway" v="secondary"/>
  <tag k="layer" v="1"/>
  <tag k="name" v="빛가람로"/>
  <tag k="name:en" v="Bitgaram-ro"/>
  <tag k="name:ko" v="빛가람로"/>
  <tag k="oneway" v="yes"/>
 </way>
 <way id="1460806918" visible="true" version="1" changeset="176319095" timestamp="2025-12-23T17:30:15Z" user="aaei924" uid="10626814">
  <nd ref="13398101040"/>
  <nd ref="2668227973"/>
  <tag k="highway" v="tertiary"/>
  <tag k="name" v="한빛로"/>
  <tag k="name:en" v="Hanbit-ro"/>
  <tag k="name:ko" v="한빛로"/>
 </way>
 <way id="1460806919" visible="true" version="1" changeset="176319095" timestamp="2025-12-23T17:30:15Z" user="aaei924" uid="10626814">
  <nd ref="13398101040"/>
  <nd ref="13398101041"/>
  <nd ref="13398101042"/>
  <nd ref="13398101043"/>
  <nd ref="5181473633"/>
  <nd ref="13398101049"/>
  <tag k="highway" v="secondary"/>
  <tag k="name" v="빛가람로"/>
  <tag k="name:en" v="Bitgaram-ro"/>
  <tag k="name:ko" v="빛가람로"/>
  <tag k="oneway" v="yes"/>
 </way>
 <way id="1489819703" visible="true" version="1" changeset="180016244" timestamp="2026-03-17T16:13:21Z" user="야광멧돼지" uid="12393144">
  <nd ref="13655369663"/>
  <nd ref="13655369664"/>
  <nd ref="13655369665"/>
  <nd ref="13655369666"/>
  <nd ref="13655369667"/>
  <nd ref="13655369668"/>
  <nd ref="13655369669"/>
  <nd ref="13655369670"/>
  <nd ref="13655369671"/>
  <nd ref="13655369672"/>
  <nd ref="13655369663"/>
  <tag k="building" v="public"/>
  <tag k="name" v="나주 빛가람 복합문화체육센터"/>
 </way>
 <way id="1536772587" visible="true" version="1" changeset="185391201" timestamp="2026-07-09T07:54:27Z" user="samdasooooooo" uid="14457606">
  <nd ref="13999545006"/>
  <nd ref="13999545007"/>
  <nd ref="13999545008"/>
  <nd ref="13999545009"/>
  <nd ref="13999545010"/>
  <nd ref="13999545011"/>
  <nd ref="13999545006"/>
  <tag k="leisure" v="pitch"/>
  <tag k="sport" v="basketball"/>
 </way>
 <way id="1536772588" visible="true" version="1" changeset="185391201" timestamp="2026-07-09T07:54:27Z" user="samdasooooooo" uid="14457606">
  <nd ref="13999545012"/>
  <nd ref="13999545013"/>
  <nd ref="13999545007"/>
  <nd ref="13999545006"/>
  <nd ref="13999545012"/>
  <tag k="leisure" v="pitch"/>
  <tag k="sport" v="soccer"/>
 </way>
 <way id="1536772589" visible="true" version="1" changeset="185391201" timestamp="2026-07-09T07:54:27Z" user="samdasooooooo" uid="14457606">
  <nd ref="13999545014"/>
  <nd ref="13999545012"/>
  <nd ref="13999545011"/>
  <nd ref="13999545015"/>
  <nd ref="13999545014"/>
  <tag k="leisure" v="pitch"/>
  <tag k="sport" v="running"/>
 </way>
 <way id="1536772590" visible="true" version="1" changeset="185391201" timestamp="2026-07-09T07:54:27Z" user="samdasooooooo" uid="14457606">
  <nd ref="13999545016"/>
  <nd ref="13999545017"/>
  <nd ref="13999545018"/>
  <nd ref="13999545019"/>
  <nd ref="13999545020"/>
  <nd ref="13999545021"/>
  <nd ref="13999545022"/>
  <nd ref="13999545023"/>
  <nd ref="13999545024"/>
  <nd ref="13999545025"/>
  <nd ref="13999545026"/>
  <nd ref="13999545027"/>
  <nd ref="13999545028"/>
  <nd ref="13999545029"/>
  <nd ref="13999545030"/>
  <nd ref="13999545031"/>
  <nd ref="13999545032"/>
  <nd ref="13999545033"/>
  <nd ref="13999545034"/>
  <nd ref="13999545035"/>
  <nd ref="13999545039"/>
  <nd ref="13999545036"/>
  <nd ref="13999545037"/>
  <nd ref="13999545016"/>
  <tag k="building" v="school"/>
 </way>
 <way id="1536772591" visible="true" version="1" changeset="185391201" timestamp="2026-07-09T07:54:27Z" user="samdasooooooo" uid="14457606">
  <nd ref="13999545038"/>
  <nd ref="13999545039"/>
  <nd ref="13999545036"/>
  <nd ref="13999545037"/>
  <nd ref="13999545040"/>
  <nd ref="13999545041"/>
  <nd ref="13999545038"/>
  <tag k="building" v="school"/>
 </way>
 <way id="1536772592" visible="true" version="1" changeset="185391201" timestamp="2026-07-09T07:54:27Z" user="samdasooooooo" uid="14457606">
  <nd ref="13999545042"/>
  <nd ref="13999545043"/>
  <nd ref="13999545044"/>
  <nd ref="13999545045"/>
  <nd ref="13999545046"/>
  <nd ref="13999545047"/>
  <nd ref="13999545051"/>
  <nd ref="13999545048"/>
  <nd ref="13999545041"/>
  <nd ref="13999545038"/>
  <nd ref="13999545049"/>
  <nd ref="13999545050"/>
  <nd ref="13999545042"/>
  <tag k="building" v="school"/>
 </way>
 <way id="1536772593" visible="true" version="1" changeset="185391201" timestamp="2026-07-09T07:54:27Z" user="samdasooooooo" uid="14457606">
  <nd ref="13999545052"/>
  <nd ref="13999545053"/>
  <nd ref="13999545054"/>
  <nd ref="13999545055"/>
  <nd ref="13999545056"/>
  <nd ref="13999545057"/>
  <nd ref="13999545058"/>
  <nd ref="13999545059"/>
  <nd ref="13999545060"/>
  <nd ref="13999545061"/>
  <nd ref="13999545043"/>
  <nd ref="13999545042"/>
  <nd ref="13999545062"/>
  <nd ref="13999545063"/>
  <nd ref="13999545064"/>
  <nd ref="13999545065"/>
  <nd ref="13999545066"/>
  <nd ref="13999545067"/>
  <nd ref="13999545068"/>
  <nd ref="13999545069"/>
  <nd ref="13999545070"/>
  <nd ref="13999545071"/>
  <nd ref="13999545052"/>
  <tag k="building" v="school"/>
 </way>
 <way id="1536772594" visible="true" version="1" changeset="185391201" timestamp="2026-07-09T07:54:27Z" user="samdasooooooo" uid="14457606">
  <nd ref="13999545072"/>
  <nd ref="13999545073"/>
  <nd ref="13999545074"/>
  <nd ref="13999545075"/>
  <nd ref="13999545072"/>
  <tag k="leisure" v="pitch"/>
  <tag k="sport" v="basketball"/>
 </way>
 <way id="1536772595" visible="true" version="1" changeset="185391201" timestamp="2026-07-09T07:54:27Z" user="samdasooooooo" uid="14457606">
  <nd ref="13999545076"/>
  <nd ref="13999545077"/>
  <nd ref="13999545078"/>
  <nd ref="13999545079"/>
  <nd ref="13999545080"/>
  <nd ref="13999545081"/>
  <nd ref="13999545082"/>
  <nd ref="13999545083"/>
  <nd ref="13999545084"/>
  <nd ref="13999545085"/>
  <nd ref="13999545076"/>
  <tag k="leisure" v="garden"/>
 </way>
 <way id="1536772596" visible="true" version="2" changeset="185407967" timestamp="2026-07-09T13:29:37Z" user="samdasooooooo" uid="14457606">
  <nd ref="13999545075"/>
  <nd ref="13999545074"/>
  <nd ref="13999545086"/>
  <nd ref="13999545087"/>
  <nd ref="13999545088"/>
  <nd ref="13999545075"/>
  <tag k="leisure" v="pitch"/>
  <tag k="sport" v="soccer"/>
  <tag k="surface" v="artificial_turf"/>
 </way>
 <way id="1536772597" visible="true" version="1" changeset="185391201" timestamp="2026-07-09T07:54:27Z" user="samdasooooooo" uid="14457606">
  <nd ref="13999545072"/>
  <nd ref="13999545089"/>
  <nd ref="13999545090"/>
  <nd ref="13999545088"/>
  <nd ref="13999545072"/>
  <tag k="leisure" v="pitch"/>
  <tag k="sport" v="running"/>
 </way>
 <relation id="8275571" visible="true" version="2" changeset="176319095" timestamp="2025-12-23T17:30:15Z" user="aaei924" uid="10626814">
  <member type="way" ref="261192357" role="from"/>
  <member type="node" ref="1438911865" role="via"/>
  <tag k="restriction" v="no_u_turn"/>
  <tag k="type" v="restriction"/>
 </relation>
 <relation id="12104285" visible="true" version="4" changeset="163971755" timestamp="2025-03-23T05:18:51Z" user="chiho_kang" uid="10604125">
  <member type="way" ref="549929002" role="outer"/>
  <member type="way" ref="889260203" role="outer"/>
  <member type="way" ref="889260202" role="outer"/>
  <member type="way" ref="889260204" role="outer"/>
  <tag k="addr:city" v="나주시"/>
  <tag k="addr:housenumber" v="760"/>
  <tag k="addr:postcode" v="58324"/>
  <tag k="addr:province" v="전라남도"/>
  <tag k="addr:street" v="빛가람로"/>
  <tag k="addr:subdistrict" v="빛가람동"/>
  <tag k="building" v="public"/>
  <tag k="type" v="multipolygon"/>
 </relation>
 <relation id="12111336" visible="true" version="3" changeset="163971755" timestamp="2025-03-23T05:18:51Z" user="chiho_kang" uid="10604125">
  <member type="way" ref="890025267" role="outer"/>
  <member type="way" ref="472430127" role="outer"/>
  <member type="way" ref="890025268" role="outer"/>
  <member type="way" ref="890025269" role="outer"/>
  <member type="way" ref="890025270" role="outer"/>
  <tag k="addr:city" v="나주시"/>
  <tag k="addr:housenumber" v="1"/>
  <tag k="addr:postcode" v="58323"/>
  <tag k="addr:province" v="전라남도"/>
  <tag k="addr:street" v="정보화길"/>
  <tag k="addr:subdistrict" v="빛가람동"/>
  <tag k="building:levels" v="4"/>
  <tag k="landuse" v="commercial"/>
  <tag k="name" v="우정사업정보센터"/>
  <tag k="name:en" v="Korea Post Information Center"/>
  <tag k="name:ko" v="우정사업정보센터"/>
  <tag k="type" v="multipolygon"/>
 </relation>
 <relation id="12459886" visible="true" version="3" changeset="164103601" timestamp="2025-03-26T03:07:38Z" user="LuxuryCoop" uid="7245212">
  <member type="way" ref="907022714" role="outer"/>
  <member type="way" ref="918491095" role="inner"/>
  <tag k="addr:city" v="나주시"/>
  <tag k="addr:housenumber" v="7"/>
  <tag k="addr:postcode" v="58217"/>
  <tag k="addr:province" v="전라남도"/>
  <tag k="addr:street" v="상야2길"/>
  <tag k="addr:subdistrict" v="빛가람동"/>
  <tag k="building" v="apartments"/>
  <tag k="name" v="중흥S클래스 메가티움 1차"/>
  <tag k="name:ko" v="중흥S클래스 메가티움 1차"/>
  <tag k="type" v="multipolygon"/>
 </relation>
 <relation id="16508741" visible="true" version="5" changeset="170248460" timestamp="2025-08-10T14:32:24Z" user="aaei924" uid="10626814">
  <member type="relation" ref="16509655" role=""/>
  <member type="relation" ref="16509663" role=""/>
  <member type="relation" ref="16509656" role=""/>
  <member type="relation" ref="16509667" role=""/>
  <member type="relation" ref="16509661" role=""/>
  <member type="relation" ref="16509657" role=""/>
  <member type="relation" ref="16508740" role=""/>
  <member type="relation" ref="16509670" role=""/>
  <member type="relation" ref="16509664" role=""/>
  <member type="relation" ref="16509671" role=""/>
  <member type="relation" ref="16509669" role=""/>
  <member type="relation" ref="16509668" role=""/>
  <member type="relation" ref="16509742" role=""/>
  <member type="relation" ref="16509674" role=""/>
  <member type="relation" ref="16509741" role=""/>
  <member type="relation" ref="16509676" role=""/>
  <member type="relation" ref="16509677" role=""/>
  <member type="relation" ref="16509660" role=""/>
  <member type="relation" ref="16509662" role=""/>
  <member type="relation" ref="16509673" role=""/>
  <member type="relation" ref="16508739" role=""/>
  <member type="relation" ref="16509675" role=""/>
  <member type="relation" ref="16509658" role=""/>
  <member type="relation" ref="16509665" role=""/>
  <member type="relation" ref="16509672" role=""/>
  <tag k="name" v="나주시도"/>
  <tag k="network" v="KR:46:Naju"/>
  <tag k="type" v="network"/>
 </relation>
 <relation id="16509674" visible="true" version="2" changeset="170167644" timestamp="2025-08-08T17:24:37Z" user="aaei924" uid="10626814">
  <member type="way" ref="547664345" role=""/>
  <member type="way" ref="840840102" role=""/>
  <member type="way" ref="540880138" role=""/>
  <member type="way" ref="130713825" role=""/>
  <tag k="name" v="나주시도 제25호선"/>
  <tag k="network" v="KR:46:Naju"/>
  <tag k="ref" v="25"/>
  <tag k="route" v="road"/>
  <tag k="type" v="route"/>
 </relation>
 <relation id="18896552" visible="true" version="1" changeset="164103601" timestamp="2025-03-26T03:07:38Z" user="LuxuryCoop" uid="7245212">
  <member type="way" ref="860647817" role="outer"/>
  <member type="way" ref="1371459696" role="inner"/>
  <tag k="addr:city" v="나주시"/>
  <tag k="addr:housenumber" v="8"/>
  <tag k="addr:postcode" v="58217"/>
  <tag k="addr:province" v="전라남도"/>
  <tag k="addr:street" v="상야3길"/>
  <tag k="addr:subdistrict" v="빛가람동"/>
  <tag k="building" v="apartments"/>
  <tag k="name" v="중흥S클래스 메가티움 2차"/>
  <tag k="name:ko" v="중흥S클래스 메가티움 2차"/>
  <tag k="type" v="multipolygon"/>
 </relation>
 <relation id="19780244" visible="true" version="5" changeset="181662802" timestamp="2026-04-22T09:19:44Z" user="Flamen_Sru" uid="13841144">
  <member type="node" ref="13273395539" role="stop"/>
  <member type="node" ref="11369050672" role="platform"/>
  <member type="node" ref="13273395540" role="stop"/>
  <member type="node" ref="10666258603" role="platform"/>
  <member type="node" ref="10666258601" role="platform"/>
  <member type="node" ref="6147536988" role="stop"/>
  <member type="node" ref="11372918360" role="platform"/>
  <member type="node" ref="13273395543" role="stop"/>
  <member type="node" ref="13273395545" role="stop"/>
  <member type="node" ref="10666258590" role="platform"/>
  <member type="node" ref="9352295754" role="platform"/>
  <member type="node" ref="13273395547" role="stop"/>
  <member type="node" ref="5181473633" role="stop"/>
  <member type="node" ref="9352295750" role="platform"/>
  <member type="node" ref="9352295749" role="platform"/>
  <member type="node" ref="13273395554" role="stop"/>
  <member type="node" ref="9352295760" role="platform"/>
  <member type="node" ref="13273395558" role="stop"/>
  <member type="node" ref="13243377301" role="stop"/>
  <member type="node" ref="9352302533" role="platform"/>
  <member type="node" ref="13243377308" role="stop"/>
  <member type="node" ref="9352302837" role="platform"/>
  <member type="node" ref="13238542019" role="stop"/>
  <member type="node" ref="9352301933" role="platform"/>
  <member type="node" ref="13238542018" role="stop"/>
  <member type="node" ref="9352301039" role="platform"/>
  <member type="node" ref="13238542017" role="stop"/>
  <member type="node" ref="7250383771" role="platform"/>
  <member type="node" ref="9352301101" role="platform"/>
  <member type="node" ref="13238542014" role="stop"/>
  <member type="node" ref="9352301603" role="platform"/>
  <member type="node" ref="4923696420" role="stop"/>
  <member type="node" ref="9352302034" role="platform"/>
  <member type="node" ref="13269676023" role="stop"/>
  <member type="node" ref="6225668418" role="platform"/>
  <member type="node" ref="10833580248" role="stop"/>
  <member type="node" ref="6226855183" role="platform"/>
  <member type="node" ref="10833580244" role="stop"/>
  <member type="node" ref="6226660647" role="platform"/>
  <member type="node" ref="10839453871" role="stop"/>
  <member type="node" ref="6225668398" role="platform"/>
  <member type="node" ref="6225668396" role="platform"/>
  <member type="node" ref="9412230480" role="stop"/>
  <member type="node" ref="6225668394" role="platform"/>
  <member type="node" ref="9412230482" role="stop"/>
  <member type="node" ref="9412230485" role="stop"/>
  <member type="node" ref="6225668392" role="platform"/>
  <member type="node" ref="6225668390" role="platform"/>
  <member type="node" ref="10875159992" role="stop"/>
  <member type="node" ref="13208660712" role="stop"/>
  <member type="node" ref="6224731087" role="platform"/>
  <member type="node" ref="13234902868" role="stop"/>
  <member type="node" ref="2488055693" role="platform"/>
  <member type="node" ref="13234902867" role="stop"/>
  <member type="node" ref="4818130446" role="platform"/>
  <member type="node" ref="4650638812" role="platform"/>
  <member type="node" ref="13199998426" role="stop"/>
  <member type="node" ref="13199998430" role="stop"/>
  <member type="node" ref="4819537707" role="platform"/>
  <member type="node" ref="13752107668" role="stop"/>
  <member type="node" ref="5477950452" role="platform"/>
  <member type="node" ref="13273395559" role="stop"/>
  <member type="node" ref="9352302074" role="platform"/>
  <member type="node" ref="13255450151" role="stop"/>
  <member type="node" ref="9352301987" role="platform"/>
  <member type="node" ref="13236705784" role="stop"/>
  <member type="node" ref="9352302399" role="platform"/>
  <member type="node" ref="13249920882" role="stop"/>
  <member type="node" ref="4818188442" role="platform"/>
  <member type="node" ref="13261695032" role="stop"/>
  <member type="node" ref="4818188216" role="platform"/>
  <member type="node" ref="13199998440" role="stop"/>
  <member type="node" ref="6225668169" role="platform"/>
  <member type="node" ref="13199998441" role="stop"/>
  <member type="node" ref="9352301556" role="platform"/>
  <member type="node" ref="13199998442" role="stop"/>
  <member type="node" ref="6225668165" role="platform"/>
  <member type="node" ref="5236166394" role="stop"/>
  <member type="node" ref="9352302379" role="platform"/>
  <member type="node" ref="13199998443" role="stop"/>
  <member type="node" ref="9352302226" role="platform"/>
  <member type="node" ref="10989465300" role="stop"/>
  <member type="node" ref="9352301920" role="platform"/>
  <member type="node" ref="10989465298" role="stop"/>
  <member type="node" ref="9352301909" role="platform"/>
  <member type="node" ref="13199998444" role="stop"/>
  <member type="node" ref="9352302611" role="platform"/>
  <member type="node" ref="10989606892" role="stop"/>
  <member type="node" ref="9352295769" role="platform"/>
  <member type="way" ref="1313177211" role=""/>
  <member type="way" ref="256677047" role=""/>
  <member type="way" ref="1213999586" role=""/>
  <member type="way" ref="549672792" role=""/>
  <member type="way" ref="1446648320" role=""/>
  <member type="way" ref="890025297" role=""/>
  <member type="way" ref="890025296" role=""/>
  <member type="way" ref="1460806919" role=""/>
  <member type="way" ref="1460806917" role=""/>
  <member type="way" ref="1460806916" role=""/>
  <member type="way" ref="586045411" role=""/>
  <member type="way" ref="549928282" role=""/>
  <member type="way" ref="403898157" role=""/>
  <member type="way" ref="1195247298" role=""/>
  <member type="way" ref="320472399" role=""/>
  <member type="way" ref="1213999590" role=""/>
  <member type="way" ref="1213999591" role=""/>
  <member type="way" ref="586009400" role=""/>
  <member type="way" ref="37414623" role=""/>
  <member type="way" ref="1182294217" role=""/>
  <member type="way" ref="406641883" role=""/>
  <member type="way" ref="406641882" role=""/>
  <member type="way" ref="57722941" role=""/>
  <member type="way" ref="386599210" role=""/>
  <member type="way" ref="586009412" role=""/>
  <member type="way" ref="1443233747" role=""/>
  <member type="way" ref="899100976" role=""/>
  <member type="way" ref="1443233754" role=""/>
  <member type="way" ref="548033356" role=""/>
  <member type="way" ref="1446648314" role=""/>
  <member type="way" ref="37401490" role=""/>
  <member type="way" ref="1443873145" role=""/>
  <member type="way" ref="258854989" role=""/>
  <member type="way" ref="1442767123" role=""/>
  <member type="way" ref="1115660663" role=""/>
  <member type="way" ref="1115660662" role=""/>
  <member type="way" ref="1115660661" role=""/>
  <member type="way" ref="1115660660" role=""/>
  <member type="way" ref="1443233764" role=""/>
  <member type="way" ref="501610976" role=""/>
  <member type="way" ref="1442767120" role=""/>
  <member type="way" ref="772892900" role=""/>
  <member type="way" ref="772892901" role=""/>
  <member type="way" ref="501610977" role=""/>
  <member type="way" ref="230396779" role=""/>
  <member type="way" ref="1446466182" role=""/>
  <member type="way" ref="946752296" role=""/>
  <member type="way" ref="1446212477" role=""/>
  <member type="way" ref="715025543" role=""/>
  <member type="way" ref="1446528452" role=""/>
  <member type="way" ref="304632619" role=""/>
  <member type="way" ref="1445904023" role=""/>
  <member type="way" ref="1445904025" role=""/>
  <member type="way" ref="1445904024" role=""/>
  <member type="way" ref="715025182" role=""/>
  <member type="way" ref="1441550007" role=""/>
  <member type="way" ref="713966425" role=""/>
  <member type="way" ref="666119242" role=""/>
  <member type="way" ref="1441550004" role=""/>
  <member type="way" ref="1442290233" role=""/>
  <member type="way" ref="1442290232" role=""/>
  <member type="way" ref="493552490" role=""/>
  <member type="way" ref="666117186" role=""/>
  <member type="way" ref="288597870" role=""/>
  <member type="way" ref="255633347" role=""/>
  <member type="way" ref="1446466181" role=""/>
  <member type="way" ref="1442405334" role=""/>
  <member type="way" ref="1446819423" role=""/>
  <member type="way" ref="1442274243" role=""/>
  <member type="way" ref="665293692" role=""/>
  <member type="way" ref="1442405333" role=""/>
  <member type="way" ref="665053567" role=""/>
  <member type="way" ref="321933679" role=""/>
  <member type="way" ref="321933672" role=""/>
  <member type="way" ref="1226934506" role=""/>
  <member type="way" ref="570484109" role=""/>
  <member type="way" ref="321933680" role=""/>
  <member type="way" ref="480923617" role=""/>
  <member type="way" ref="1445901219" role=""/>
  <member type="way" ref="1442405332" role=""/>
  <member type="way" ref="662339611" role=""/>
  <member type="way" ref="662339607" role=""/>
  <member type="way" ref="470896006" role=""/>
  <member type="way" ref="569646672" role=""/>
  <member type="way" ref="281979133" role=""/>
  <member type="way" ref="1446917004" role=""/>
  <member type="way" ref="569998726" role=""/>
  <member type="way" ref="569998727" role=""/>
  <member type="way" ref="1446917005" role=""/>
  <member type="way" ref="569646670" role=""/>
  <member type="way" ref="1502430859" role=""/>
  <member type="way" ref="1502430858" role=""/>
  <member type="way" ref="1227182929" role=""/>
  <member type="way" ref="1444646390" role=""/>
  <member type="way" ref="1434887125" role=""/>
  <member type="way" ref="1434887128" role=""/>
  <member type="way" ref="1434887127" role=""/>
  <member type="way" ref="480923619" role=""/>
  <member type="way" ref="1442612222" role=""/>
  <member type="way" ref="1442759681" role=""/>
  <member type="way" ref="105243460" role=""/>
  <member type="way" ref="1442274252" role=""/>
  <member type="way" ref="1442405327" role=""/>
  <member type="way" ref="230404010" role=""/>
  <member type="way" ref="1033463789" role=""/>
  <member type="way" ref="480932982" role=""/>
  <member type="way" ref="1442290229" role=""/>
  <member type="way" ref="1442759677" role=""/>
  <member type="way" ref="1435556521" role=""/>
  <member type="way" ref="1442759676" role=""/>
  <member type="way" ref="485774894" role=""/>
  <member type="way" ref="1182400580" role=""/>
  <member type="way" ref="1182400579" role=""/>
  <member type="way" ref="1182400578" role=""/>
  <member type="way" ref="485774895" role=""/>
  <member type="way" ref="1182400577" role=""/>
  <member type="way" ref="485774897" role=""/>
  <member type="way" ref="1182400576" role=""/>
  <member type="way" ref="1182400575" role=""/>
  <member type="way" ref="1182400573" role=""/>
  <member type="way" ref="1182400567" role=""/>
  <member type="way" ref="485774896" role=""/>
  <member type="way" ref="1182400568" role=""/>
  <member type="way" ref="1182400565" role=""/>
  <member type="way" ref="1182400569" role=""/>
  <member type="way" ref="1182400557" role=""/>
  <member type="way" ref="1182400561" role=""/>
  <member type="way" ref="1182400555" role=""/>
  <member type="way" ref="1182400562" role=""/>
  <member type="way" ref="1442759672" role=""/>
  <member type="way" ref="1182400552" role=""/>
  <member type="way" ref="1442759671" role=""/>
  <tag k="colour" v="red"/>
  <tag k="from" v="한국에너지공과대학교"/>
  <tag k="headway" v="5-20"/>
  <tag k="name" v="좌석02"/>
  <tag k="network" v="광주광역시 시내버스"/>
  <tag k="operator" v="대창운수;을로운수;현대교통;세영운수;대원버스;동화운수;삼원운수;대진운수;라정버스;삼아교통"/>
  <tag k="public_transport:version" v="2"/>
  <tag k="ref" v="좌석02"/>
  <tag k="route" v="bus"/>
  <tag k="to" v="무등산국립공원(증심사)"/>
  <tag k="type" v="route"/>
 </relation>
 <relation id="19780250" visible="true" version="1" changeset="174046299" timestamp="2025-11-01T05:13:14Z" user="torisugari" uid="22158042">
  <member type="node" ref="13273395543" role="stop"/>
  <member type="node" ref="11372918360" role="platform"/>
  <tag k="name" v="매성고"/>
  <tag k="name:en" v="Maeseong High School"/>
  <tag k="operator" v="나주시"/>
  <tag k="public_transport" v="stop_area"/>
  <tag k="type" v="public_transport"/>
 </relation>
 <relation id="19780251" visible="true" version="1" changeset="174046299" timestamp="2025-11-01T05:13:14Z" user="torisugari" uid="22158042">
  <member type="node" ref="13273395544" role="stop"/>
  <member type="node" ref="11372918361" role="platform"/>
  <tag k="name" v="매성고"/>
  <tag k="name:en" v="Maeseong High School"/>
  <tag k="operator" v="나주시"/>
  <tag k="public_transport" v="stop_area"/>
  <tag k="type" v="public_transport"/>
 </relation>
 <relation id="19780252" visible="true" version="1" changeset="174046299" timestamp="2025-11-01T05:13:14Z" user="torisugari" uid="22158042">
  <member type="node" ref="13273395545" role="stop"/>
  <member type="node" ref="10666258590" role="platform"/>
  <tag k="name" v="한빛1교"/>
  <tag k="name:en" v="Hanbit 1 Bridge"/>
  <tag k="operator" v="나주시"/>
  <tag k="public_transport" v="stop_area"/>
  <tag k="type" v="public_transport"/>
 </relation>
 <relation id="19780253" visible="true" version="1" changeset="174046299" timestamp="2025-11-01T05:13:14Z" user="torisugari" uid="22158042">
  <member type="node" ref="13273395546" role="stop"/>
  <member type="node" ref="9352295753" role="platform"/>
  <tag k="name" v="한빛1교"/>
  <tag k="name:en" v="Hanbit 1 Bridge"/>
  <tag k="operator" v="나주시"/>
  <tag k="public_transport" v="stop_area"/>
  <tag k="type" v="public_transport"/>
 </relation>
 <relation id="19780254" visible="true" version="1" changeset="174046299" timestamp="2025-11-01T05:13:14Z" user="torisugari" uid="22158042">
  <member type="node" ref="5181474012" role="stop"/>
  <member type="node" ref="9352295755" role="platform"/>
  <tag k="name" v="우정사업정보센터"/>
  <tag k="name:en" v="Korea Post"/>
  <tag k="operator" v="나주시"/>
  <tag k="public_transport" v="stop_area"/>
  <tag k="type" v="public_transport"/>
 </relation>
 <relation id="19780255" visible="true" version="1" changeset="174046299" timestamp="2025-11-01T05:13:14Z" user="torisugari" uid="22158042">
  <member type="node" ref="13273395547" role="stop"/>
  <member type="node" ref="9352295754" role="platform"/>
  <tag k="name" v="국립전파연구원"/>
  <tag k="name:en" v="National Radio Research Agency"/>
  <tag k="operator" v="나주시"/>
  <tag k="public_transport" v="stop_area"/>
  <tag k="type" v="public_transport"/>
 </relation>
 <relation id="19780256" visible="true" version="1" changeset="174046299" timestamp="2025-11-01T05:13:14Z" user="torisugari" uid="22158042">
  <member type="node" ref="13273395548" role="stop"/>
  <member type="node" ref="9355272375" role="platform"/>
  <tag k="name" v="전파진흥원"/>
  <tag k="name:en" v="Korea Communications Agency"/>
  <tag k="operator" v="나주시"/>
  <tag k="public_transport" v="stop_area"/>
  <tag k="type" v="public_transport"/>
 </relation>
 <relation id="19780257" visible="true" version="1" changeset="174046299" timestamp="2025-11-01T05:13:14Z" user="torisugari" uid="22158042">
  <member type="node" ref="13273395549" role="stop"/>
  <member type="node" ref="9355272376" role="platform"/>
  <tag k="name" v="전파진흥원"/>
  <tag k="name:en" v="Korea Communications Agency"/>
  <tag k="operator" v="나주시"/>
  <tag k="public_transport" v="stop_area"/>
  <tag k="type" v="public_transport"/>
 </relation>
 <relation id="19780258" visible="true" version="1" changeset="174046299" timestamp="2025-11-01T05:13:14Z" user="torisugari" uid="22158042">
  <member type="node" ref="13273395550" role="stop"/>
  <member type="node" ref="10666258594" role="platform"/>
  <tag k="name" v="빛가람종합병원"/>
  <tag k="name:en" v="Bitgaram Hospital"/>
  <tag k="operator" v="나주시"/>
  <tag k="public_transport" v="stop_area"/>
  <tag k="type" v="public_transport"/>
 </relation>
 <relation id="19780259" visible="true" version="1" changeset="174046299" timestamp="2025-11-01T05:13:14Z" user="torisugari" uid="22158042">
  <member type="node" ref="13273395551" role="stop"/>
  <member type="node" ref="10666258593" role="platform"/>
  <tag k="name" v="빛가람종합병원"/>
  <tag k="name:en" v="Bitgaram Hospital"/>
  <tag k="operator" v="나주시"/>
  <tag k="public_transport" v="stop_area"/>
  <tag k="type" v="public_transport"/>
 </relation>
 <relation id="19780260" visible="true" version="1" changeset="174046299" timestamp="2025-11-01T05:13:14Z" user="torisugari" uid="22158042">
  <member type="node" ref="13273395552" role="stop"/>
  <member type="node" ref="10666258596" role="platform"/>
  <tag k="name" v="실감미디어센터"/>
  <tag k="name:en" v="Immersive Media Center"/>
  <tag k="operator" v="나주시"/>
  <tag k="public_transport" v="stop_area"/>
  <tag k="type" v="public_transport"/>
 </relation>
 <relation id="19780261" visible="true" version="1" changeset="174046299" timestamp="2025-11-01T05:13:14Z" user="torisugari" uid="22158042">
  <member type="node" ref="13273395553" role="stop"/>
  <member type="node" ref="10666258595" role="platform"/>
  <tag k="name" v="실감미디어센터"/>
  <tag k="name:en" v="KEPCO KDN"/>
  <tag k="operator" v="나주시"/>
  <tag k="public_transport" v="stop_area"/>
  <tag k="type" v="public_transport"/>
 </relation>
 <relation id="19780262" visible="true" version="1" changeset="174046299" timestamp="2025-11-01T05:13:14Z" user="torisugari" uid="22158042">
  <member type="node" ref="13273395554" role="stop"/>
  <member type="node" ref="9352295749" role="platform"/>
  <tag k="name" v="한전KDN"/>
  <tag k="name:en" v="KEPCO KDN"/>
  <tag k="operator" v="나주시"/>
  <tag k="public_transport" v="stop_area"/>
  <tag k="type" v="public_transport"/>
 </relation>
 <relation id="19780263" visible="true" version="1" changeset="174046299" timestamp="2025-11-01T05:13:14Z" user="torisugari" uid="22158042">
  <member type="node" ref="5181473633" role="stop"/>
  <member type="node" ref="9352295750" role="platform"/>
  <tag k="name" v="빛가람행정복지센터"/>
  <tag k="name:en" v="Bitgaram Administration Welfare Center"/>
  <tag k="operator" v="나주시"/>
  <tag k="public_transport" v="stop_area"/>
  <tag k="type" v="public_transport"/>
 </relation>
 <relation id="19780264" visible="true" version="1" changeset="174046299" timestamp="2025-11-01T05:13:14Z" user="torisugari" uid="22158042">
  <member type="node" ref="8438286329" role="stop"/>
  <member type="node" ref="9355272348" role="platform"/>
  <tag k="name" v="호수공원"/>
  <tag k="name:en" v="Lake Park"/>
  <tag k="operator" v="나주시"/>
  <tag k="public_transport" v="stop_area"/>
  <tag k="type" v="public_transport"/>
 </relation>
 <relation id="19780265" visible="true" version="1" changeset="174046299" timestamp="2025-11-01T05:13:14Z" user="torisugari" uid="22158042">
  <member type="node" ref="13273395556" role="stop"/>
  <member type="node" ref="9352295757" role="platform"/>
  <tag k="name" v="문화예술위원회"/>
  <tag k="name:en" v="Arts Council Korea"/>
  <tag k="operator" v="나주시"/>
  <tag k="public_transport" v="stop_area"/>
  <tag k="type" v="public_transport"/>
 </relation>
 <relation id="19780266" visible="true" version="1" changeset="174046299" timestamp="2025-11-01T05:13:14Z" user="torisugari" uid="22158042">
  <member type="node" ref="13273395557" role="stop"/>
  <member type="node" ref="9352295761" role="platform"/>
  <tag k="name" v="전력거래소(KPX)"/>
  <tag k="name:en" v="Korea Power Exchange (KPX)"/>
  <tag k="operator" v="나주시"/>
  <tag k="public_transport" v="stop_area"/>
  <tag k="type" v="public_transport"/>
 </relation>
 <relation id="19780267" visible="true" version="1" changeset="174046299" timestamp="2025-11-01T05:13:14Z" user="torisugari" uid="22158042">
  <member type="node" ref="13273395558" role="stop"/>
  <member type="node" ref="9352295760" role="platform"/>
  <tag k="name" v="한국농촌경제연구원"/>
  <tag k="name:en" v="Korea Rural Economic Institute"/>
  <tag k="operator" v="나주시"/>
  <tag k="public_transport" v="stop_area"/>
  <tag k="type" v="public_transport"/>
 </relation>
 <relation id="19780269" visible="true" version="9" changeset="181662802" timestamp="2026-04-22T09:19:44Z" user="Flamen_Sru" uid="13841144">
  <member type="node" ref="13236777314" role="stop"/>
  <member type="node" ref="9352300470" role="platform"/>
  <member type="node" ref="13199970875" role="stop"/>
  <member type="node" ref="9352301925" role="platform"/>
  <member type="node" ref="13195700847" role="stop"/>
  <member type="node" ref="9352302468" role="platform"/>
  <member type="node" ref="10989465299" role="stop"/>
  <member type="node" ref="9352302834" role="platform"/>
  <member type="node" ref="13199970873" role="stop"/>
  <member type="node" ref="9352301458" role="platform"/>
  <member type="node" ref="13199974270" role="stop"/>
  <member type="node" ref="9352301277" role="platform"/>
  <member type="node" ref="6225668166" role="platform"/>
  <member type="node" ref="13199974269" role="stop"/>
  <member type="node" ref="6225668168" role="platform"/>
  <member type="node" ref="13199974268" role="stop"/>
  <member type="node" ref="13261695031" role="stop"/>
  <member type="node" ref="4818188215" role="platform"/>
  <member type="node" ref="13249920883" role="stop"/>
  <member type="node" ref="4818188441" role="platform"/>
  <member type="node" ref="13236705783" role="stop"/>
  <member type="node" ref="9352302868" role="platform"/>
  <member type="node" ref="13199998437" role="stop"/>
  <member type="node" ref="4818188180" role="platform"/>
  <member type="node" ref="13255450152" role="stop"/>
  <member type="node" ref="9352302104" role="platform"/>
  <member type="node" ref="13255455494" role="stop"/>
  <member type="node" ref="9352302638" role="platform"/>
  <member type="node" ref="13199974257" role="stop"/>
  <member type="node" ref="5477950451" role="platform"/>
  <member type="node" ref="4819537706" role="platform"/>
  <member type="node" ref="13199974255" role="stop"/>
  <member type="node" ref="13199974251" role="stop"/>
  <member type="node" ref="4650638811" role="platform"/>
  <member type="node" ref="4818130447" role="platform"/>
  <member type="node" ref="13234864093" role="stop"/>
  <member type="node" ref="6224731094" role="platform"/>
  <member type="node" ref="13234864094" role="stop"/>
  <member type="node" ref="13227033640" role="stop"/>
  <member type="node" ref="6224731086" role="platform"/>
  <member type="node" ref="6225668389" role="platform"/>
  <member type="node" ref="10875159993" role="stop"/>
  <member type="node" ref="9412230484" role="stop"/>
  <member type="node" ref="6225668391" role="platform"/>
  <member type="node" ref="6225668393" role="platform"/>
  <member type="node" ref="9412230483" role="stop"/>
  <member type="node" ref="6225668395" role="platform"/>
  <member type="node" ref="9412230481" role="stop"/>
  <member type="node" ref="10839453872" role="stop"/>
  <member type="node" ref="6225668397" role="platform"/>
  <member type="node" ref="6226660646" role="platform"/>
  <member type="node" ref="10833580243" role="stop"/>
  <member type="node" ref="10833589869" role="stop"/>
  <member type="node" ref="6226855986" role="platform"/>
  <member type="node" ref="13269676024" role="stop"/>
  <member type="node" ref="6225668417" role="platform"/>
  <member type="node" ref="9352302666" role="platform"/>
  <member type="node" ref="13269676019" role="stop"/>
  <member type="node" ref="9352302755" role="platform"/>
  <member type="node" ref="13238487701" role="stop"/>
  <member type="node" ref="13238483399" role="stop"/>
  <member type="node" ref="9352295748" role="platform"/>
  <member type="node" ref="13238483397" role="stop"/>
  <member type="node" ref="7250383772" role="platform"/>
  <member type="node" ref="13238487705" role="stop"/>
  <member type="node" ref="9352301432" role="platform"/>
  <member type="node" ref="13238487704" role="stop"/>
  <member type="node" ref="9352302337" role="platform"/>
  <member type="node" ref="9352302722" role="platform"/>
  <member type="node" ref="13243377308" role="stop"/>
  <member type="node" ref="13243377302" role="stop"/>
  <member type="node" ref="9352295747" role="platform"/>
  <member type="node" ref="13273395557" role="stop"/>
  <member type="node" ref="9352295761" role="platform"/>
  <member type="node" ref="9352295757" role="platform"/>
  <member type="node" ref="13273395556" role="stop"/>
  <member type="node" ref="9355272348" role="platform"/>
  <member type="node" ref="8438286329" role="stop"/>
  <member type="node" ref="5181474012" role="stop"/>
  <member type="node" ref="9352295755" role="platform"/>
  <member type="node" ref="13273395546" role="stop"/>
  <member type="node" ref="9352295753" role="platform"/>
  <member type="node" ref="13273395544" role="stop"/>
  <member type="node" ref="11372918361" role="platform"/>
  <member type="node" ref="13273395542" role="stop"/>
  <member type="node" ref="10666258602" role="platform"/>
  <member type="node" ref="13273395541" role="stop"/>
  <member type="node" ref="10666258604" role="platform"/>
  <member type="node" ref="13273395539" role="stop"/>
  <member type="node" ref="11369050672" role="platform"/>
  <member type="way" ref="1442612162" role=""/>
  <member type="way" ref="607072171" role=""/>
  <member type="way" ref="1442616081" role=""/>
  <member type="way" ref="1182400555" role=""/>
  <member type="way" ref="607072172" role=""/>
  <member type="way" ref="1442616080" role=""/>
  <member type="way" ref="1182400569" role=""/>
  <member type="way" ref="1182400565" role=""/>
  <member type="way" ref="1182400570" role=""/>
  <member type="way" ref="485774896" role=""/>
  <member type="way" ref="1182400567" role=""/>
  <member type="way" ref="1182400574" role=""/>
  <member type="way" ref="1182400575" role=""/>
  <member type="way" ref="1182400576" role=""/>
  <member type="way" ref="485774897" role=""/>
  <member type="way" ref="1182400577" role=""/>
  <member type="way" ref="485774895" role=""/>
  <member type="way" ref="1182400578" role=""/>
  <member type="way" ref="1182400579" role=""/>
  <member type="way" ref="1182400580" role=""/>
  <member type="way" ref="485774894" role=""/>
  <member type="way" ref="1442612227" role=""/>
  <member type="way" ref="481084859" role=""/>
  <member type="way" ref="1467224066" role=""/>
  <member type="way" ref="1467224065" role=""/>
  <member type="way" ref="1442612229" role=""/>
  <member type="way" ref="230404209" role=""/>
  <member type="way" ref="1442274241" role=""/>
  <member type="way" ref="1485914575" role=""/>
  <member type="way" ref="1485914572" role=""/>
  <member type="way" ref="1485914574" role=""/>
  <member type="way" ref="1442274252" role=""/>
  <member type="way" ref="105243460" role=""/>
  <member type="way" ref="1442759681" role=""/>
  <member type="way" ref="1442612222" role=""/>
  <member type="way" ref="480923619" role=""/>
  <member type="way" ref="1434887127" role=""/>
  <member type="way" ref="1434887128" role=""/>
  <member type="way" ref="1434887125" role=""/>
  <member type="way" ref="1444646390" role=""/>
  <member type="way" ref="1227182929" role=""/>
  <member type="way" ref="1502430858" role=""/>
  <member type="way" ref="1502430860" role=""/>
  <member type="way" ref="569646670" role=""/>
  <member type="way" ref="1446917005" role=""/>
  <member type="way" ref="488454447" role=""/>
  <member type="way" ref="1446917004" role=""/>
  <member type="way" ref="281979133" role=""/>
  <member type="way" ref="569646672" role=""/>
  <member type="way" ref="569998725" role=""/>
  <member type="way" ref="1435660997" role=""/>
  <member type="way" ref="1446821328" role=""/>
  <member type="way" ref="569998724" role=""/>
  <member type="way" ref="662339616" role=""/>
  <member type="way" ref="1442402571" role=""/>
  <member type="way" ref="1445901221" role=""/>
  <member type="way" ref="480923618" role=""/>
  <member type="way" ref="324899800" role=""/>
  <member type="way" ref="553060545" role=""/>
  <member type="way" ref="553060544" role=""/>
  <member type="way" ref="1226936373" role=""/>
  <member type="way" ref="321933665" role=""/>
  <member type="way" ref="321933670" role=""/>
  <member type="way" ref="569998730" role=""/>
  <member type="way" ref="1441888291" role=""/>
  <member type="way" ref="231160215" role=""/>
  <member type="way" ref="1442402573" role=""/>
  <member type="way" ref="1446819424" role=""/>
  <member type="way" ref="832144914" role=""/>
  <member type="way" ref="665298900" role=""/>
  <member type="way" ref="1446466175" role=""/>
  <member type="way" ref="1442336767" role=""/>
  <member type="way" ref="1441550001" role=""/>
  <member type="way" ref="255634245" role=""/>
  <member type="way" ref="228633105" role=""/>
  <member type="way" ref="832144915" role=""/>
  <member type="way" ref="106350033" role=""/>
  <member type="way" ref="665298902" role=""/>
  <member type="way" ref="976961753" role=""/>
  <member type="way" ref="1441550004" role=""/>
  <member type="way" ref="1442283636" role=""/>
  <member type="way" ref="665298904" role=""/>
  <member type="way" ref="1437122274" role=""/>
  <member type="way" ref="1446528446" role=""/>
  <member type="way" ref="666119247" role=""/>
  <member type="way" ref="1437122273" role=""/>
  <member type="way" ref="1445790169" role=""/>
  <member type="way" ref="1445790172" role=""/>
  <member type="way" ref="713966424" role=""/>
  <member type="way" ref="1445904023" role=""/>
  <member type="way" ref="304632619" role=""/>
  <member type="way" ref="1446528452" role=""/>
  <member type="way" ref="715025543" role=""/>
  <member type="way" ref="665298910" role=""/>
  <member type="way" ref="1446466173" role=""/>
  <member type="way" ref="946752297" role=""/>
  <member type="way" ref="68675126" role=""/>
  <member type="way" ref="1442330736" role=""/>
  <member type="way" ref="1443873146" role=""/>
  <member type="way" ref="1442759657" role=""/>
  <member type="way" ref="515389528" role=""/>
  <member type="way" ref="825149418" role=""/>
  <member type="way" ref="1443233764" role=""/>
  <member type="way" ref="1115660660" role=""/>
  <member type="way" ref="1115660661" role=""/>
  <member type="way" ref="1115660662" role=""/>
  <member type="way" ref="1115660663" role=""/>
  <member type="way" ref="1442767123" role=""/>
  <member type="way" ref="258854989" role=""/>
  <member type="way" ref="1443873145" role=""/>
  <member type="way" ref="37401490" role=""/>
  <member type="way" ref="1446648314" role=""/>
  <member type="way" ref="37401495" role=""/>
  <member type="way" ref="1443024580" role=""/>
  <member type="way" ref="1443233754" role=""/>
  <member type="way" ref="899100976" role=""/>
  <member type="way" ref="1443233747" role=""/>
  <member type="way" ref="586009412" role=""/>
  <member type="way" ref="1443233742" role=""/>
  <member type="way" ref="586009415" role=""/>
  <member type="way" ref="586009414" role=""/>
  <member type="way" ref="57722970" role=""/>
  <member type="way" ref="1182294213" role=""/>
  <member type="way" ref="1182294214" role=""/>
  <member type="way" ref="1182294216" role=""/>
  <member type="way" ref="1182294215" role=""/>
  <member type="way" ref="1182294219" role=""/>
  <member type="way" ref="1213999588" role=""/>
  <member type="way" ref="1213999589" role=""/>
  <member type="way" ref="1182294218" role=""/>
  <member type="way" ref="1195247297" role=""/>
  <member type="way" ref="1182294221" role=""/>
  <member type="way" ref="1468872179" role=""/>
  <member type="way" ref="1182294220" role=""/>
  <member type="way" ref="1446648325" role=""/>
  <member type="way" ref="1446648323" role=""/>
  <member type="way" ref="1460806920" role=""/>
  <member type="way" ref="1446648317" role=""/>
  <member type="way" ref="539433845" role=""/>
  <member type="way" ref="534225869" role=""/>
  <member type="way" ref="1446648322" role=""/>
  <member type="way" ref="1460806918" role=""/>
  <member type="way" ref="890025296" role=""/>
  <member type="way" ref="890025297" role=""/>
  <member type="way" ref="1446648320" role=""/>
  <member type="way" ref="549672792" role=""/>
  <member type="way" ref="1213999586" role=""/>
  <member type="way" ref="256677047" role=""/>
  <member type="way" ref="1313177211" role=""/>
  <tag k="colour" v="red"/>
  <tag k="from" v="무등산국립공원(증심사)"/>
  <tag k="headway" v="5-20"/>
  <tag k="name" v="좌석02"/>
  <tag k="network" v="광주광역시 시내버스"/>
  <tag k="operator" v="대창운수;을로운수;현대교통;세영운수;대원버스;동화운수;삼원운수;대진운수;라정버스;삼아교통"/>
  <tag k="public_transport:version" v="2"/>
  <tag k="ref" v="좌석02"/>
  <tag k="route" v="bus"/>
  <tag k="to" v="한국에너지공과대학교"/>
  <tag k="type" v="route"/>
 </relation>
 <relation id="19780270" visible="true" version="2" changeset="176319095" timestamp="2025-12-23T17:30:15Z" user="aaei924" uid="10626814">
  <member type="relation" ref="19780269" role=""/>
  <member type="relation" ref="19780244" role=""/>
  <tag k="colour" v="red"/>
  <tag k="headway" v="5-20"/>
  <tag k="name" v="좌석02"/>
  <tag k="network" v="광주광역시 시내버스"/>
  <tag k="operator" v="대창운수;을로운수;현대교통;세영운수;대원버스;동화운수;삼원운수;대진운수;라정버스;삼아교통"/>
  <tag k="ref" v="좌석02"/>
  <tag k="route_master" v="bus"/>
  <tag k="type" v="route_master"/>
 </relation>
</osm>
