<?xml version="1.0" encoding="UTF-8"?>
<osm version="0.6" generator="openstreetmap-cgimap 2.1.0 (3498749 spike-06.openstreetmap.org)" copyright="OpenStreetMap and contributors" attribution="http://www.openstreetmap.org/copyright" license="http://opendatacommons.org/licenses/odbl/1-0/">
 <bounds minlat="35.0130000" minlon="126.7840000" maxlat="35.0210000" maxlon="126.7960000"/>
 <node id="2623136267" visible="true" version="5" changeset="144397454" timestamp="2023-11-24T08:19:48Z" user="asdfqwer51" uid="3350410" lat="35.0165249" lon="126.7838607"/>
 <node id="2623136271" visible="true" version="6" changeset="144323504" timestamp="2023-11-22T12:04:40Z" user="asdfqwer51" uid="3350410" lat="35.0125009" lon="126.7798762">
  <tag k="highway" v="traffic_signals"/>
  <tag k="traffic_signals" v="signal"/>
 </node>
 <node id="2623136274" visible="true" version="7" changeset="144253772" timestamp="2023-11-20T16:16:32Z" user="asdfqwer51" uid="3350410" lat="35.0187085" lon="126.7847626">
  <tag k="highway" v="traffic_signals"/>
  <tag k="traffic_signals" v="signal"/>
 </node>
 <node id="2623137544" visible="true" version="8" changeset="176313032" timestamp="2025-12-23T15:05:33Z" user="aaei924" uid="10626814" lat="35.0135919" lon="126.8005206">
  <tag k="highway" v="traffic_signals"/>
  <tag k="traffic_signals" v="signal"/>
 </node>
 <node id="2662276079" visible="true" version="5" changeset="144332579" timestamp="2023-11-22T16:15:50Z" user="asdfqwer51" uid="3350410" lat="35.0177631" lon="126.7934360"/>
 <node id="2662276081" visible="true" version="6" changeset="144332579" timestamp="2023-11-22T16:15:50Z" user="asdfqwer51" uid="3350410" lat="35.0198126" lon="126.7910386"/>
 <node id="2662276083" visible="true" version="8" changeset="144333236" timestamp="2023-11-22T16:36:43Z" user="asdfqwer51" uid="3350410" lat="35.0176824" lon="126.8008965">
  <tag k="highway" v="traffic_signals"/>
  <tag k="traffic_signals" v="signal"/>
 </node>
 <node id="2662277293" visible="true" version="4" changeset="54730316" timestamp="2017-12-18T13:10:10Z" user="user_5292863" uid="5292863" lat="35.0139184" lon="126.7857895"/>
 <node id="2668227973" visible="true" version="10" changeset="176319095" timestamp="2025-12-23T17:30:15Z" user="aaei924" uid="10626814" lat="35.0211304" lon="126.7942927">
  <tag k="highway" v="traffic_signals"/>
  <tag k="traffic_signals" v="signal"/>
 </node>
 <node id="3269944137" visible="true" version="7" changeset="161171448" timestamp="2025-01-09T14:13:33Z" user="chiho_kang" uid="10604125" lat="35.0199894" lon="126.7894723">
  <tag k="name" v="빛가람동"/>
  <tag k="name:el" v="Μπίτκαραμ-ντονγκ"/>
  <tag k="name:en" v="Bitgaram-dong"/>
  <tag k="name:ko" v="빛가람동"/>
  <tag k="name:ko-Latn" v="Bitgaram-dong"/>
  <tag k="place" v="quarter"/>
 </node>
 <node id="3317872744" visible="true" version="9" changeset="144253772" timestamp="2023-11-20T16:16:32Z" user="asdfqwer51" uid="3350410" lat="35.0194039" lon="126.7796875">
  <tag k="junction" v="yes"/>
 </node>
 <node id="3317872746" visible="true" version="8" changeset="144253076" timestamp="2023-11-20T15:57:17Z" user="asdfqwer51" uid="3350410" lat="35.0196391" lon="126.7780956">
  <tag k="highway" v="traffic_signals"/>
  <tag k="traffic_signals" v="signal"/>
 </node>
 <node id="3317874395" visible="true" version="4" changeset="144323504" timestamp="2023-11-22T12:04:40Z" user="asdfqwer51" uid="3350410" lat="35.0072629" lon="126.7717924">
  <tag k="highway" v="traffic_signals"/>
  <tag k="traffic_signals" v="signal"/>
 </node>
 <node id="3317874397" visible="true" version="4" changeset="60015981" timestamp="2018-06-20T16:17:08Z" user="FUKUTAN" uid="5207199" lat="35.0105990" lon="126.7952570"/>
 <node id="3317874401" visible="true" version="5" changeset="60015981" timestamp="2018-06-20T16:17:08Z" user="FUKUTAN" uid="5207199" lat="35.0108548" lon="126.7954048"/>
 <node id="3317874403" visible="true" version="6" changeset="144332579" timestamp="2023-11-22T16:15:50Z" user="asdfqwer51" uid="3350410" lat="35.0154123" lon="126.7952636"/>
 <node id="3317874404" visible="true" version="4" changeset="55652821" timestamp="2018-01-22T12:04:00Z" user="FUKUTAN" uid="5207199" lat="35.0144341" lon="126.7955296"/>
 <node id="3317874405" visible="true" version="7" changeset="144325400" timestamp="2023-11-22T12:55:22Z" user="asdfqwer51" uid="3350410" lat="35.0136229" lon="126.7955287">
  <tag k="highway" v="traffic_signals"/>
  <tag k="traffic_signals" v="signal"/>
 </node>
 <node id="3317874406" visible="true" version="3" changeset="144323504" timestamp="2023-11-22T12:04:40Z" user="asdfqwer51" uid="3350410" lat="35.0084928" lon="126.7731124">
  <tag k="highway" v="traffic_signals"/>
  <tag k="traffic_signals" v="signal"/>
 </node>
 <node id="3317874408" visible="true" version="3" changeset="53130301" timestamp="2017-10-21T14:59:53Z" user="FUKUTAN" uid="5207199" lat="35.0099011" lon="126.7945128"/>
 <node id="3317874411" visible="true" version="3" changeset="53130301" timestamp="2017-10-21T14:59:56Z" user="FUKUTAN" uid="5207199" lat="35.0169712" lon="126.7943336"/>
 <node id="3317874412" visible="true" version="4" changeset="65610732" timestamp="2018-12-19T13:03:37Z" user="FUKUTAN" uid="5207199" lat="35.0156374" lon="126.7951487"/>
 <node id="3317874413" visible="true" version="3" changeset="53130301" timestamp="2017-10-21T14:59:56Z" user="FUKUTAN" uid="5207199" lat="35.0166249" lon="126.7944628"/>
 <node id="3317874416" visible="true" version="3" changeset="55000270" timestamp="2017-12-29T04:56:05Z" user="FUKUTAN" uid="5207199" lat="35.0108459" lon="126.7820548"/>
 <node id="3317878064" visible="true" version="3" changeset="53148353" timestamp="2017-10-22T10:44:05Z" user="FUKUTAN" uid="5207199" lat="35.0102875" lon="126.7752524"/>
 <node id="3317878065" visible="true" version="3" changeset="55000270" timestamp="2017-12-29T04:56:05Z" user="FUKUTAN" uid="5207199" lat="35.0114884" lon="126.7779742"/>
 <node id="3317878067" visible="true" version="2" changeset="53130301" timestamp="2017-10-21T14:59:51Z" user="FUKUTAN" uid="5207199" lat="35.0108880" lon="126.7764022"/>
 <node id="3317878068" visible="true" version="1" changeset="28478533" timestamp="2015-01-29T02:54:21Z" user="Jockhyeng1" uid="1594736" lat="35.0096814" lon="126.7744327"/>
 <node id="3413882908" visible="true" version="2" changeset="53130301" timestamp="2017-10-21T14:59:53Z" user="FUKUTAN" uid="5207199" lat="35.0095576" lon="126.7936605"/>
 <node id="3413882939" visible="true" version="3" changeset="54975407" timestamp="2017-12-28T07:28:08Z" user="FUKUTAN" uid="5207199" lat="35.0105882" lon="126.7757549"/>
 <node id="3413882978" visible="true" version="3" changeset="53130301" timestamp="2017-10-21T14:59:53Z" user="FUKUTAN" uid="5207199" lat="35.0118116" lon="126.7899455"/>
 <node id="3413882979" visible="true" version="4" changeset="54730316" timestamp="2017-12-18T13:10:10Z" user="user_5292863" uid="5292863" lat="35.0118070" lon="126.7869085"/>
 <node id="3413882984" visible="true" version="2" changeset="53130301" timestamp="2017-10-21T14:59:55Z" user="FUKUTAN" uid="5207199" lat="35.0118162" lon="126.7893804"/>
 <node id="3413883001" visible="true" version="5" changeset="142293243" timestamp="2023-10-08T07:35:55Z" user="FUKUTAN" uid="5207199" lat="35.0126989" lon="126.7890510"/>
 <node id="3413883002" visible="true" version="5" changeset="142293243" timestamp="2023-10-08T07:35:55Z" user="FUKUTAN" uid="5207199" lat="35.0127130" lon="126.7873636"/>
 <node id="3413883003" visible="true" version="5" changeset="142293243" timestamp="2023-10-08T07:35:55Z" user="FUKUTAN" uid="5207199" lat="35.0127068" lon="126.7879604"/>
 <node id="3413883004" visible="true" version="5" changeset="142293243" timestamp="2023-10-08T07:35:55Z" user="FUKUTAN" uid="5207199" lat="35.0126953" lon="126.7884775"/>
 <node id="3413883012" visible="true" version="2" changeset="50338460" timestamp="2017-07-17T02:44:13Z" user="FUKUTAN" uid="5207199" lat="35.0131303" lon="126.7899542"/>
 <node id="3413883013" visible="true" version="2" changeset="54730316" timestamp="2017-12-18T13:10:10Z" user="user_5292863" uid="5292863" lat="35.0133074" lon="126.7869532"/>
 <node id="3413883014" visible="true" version="5" changeset="142293243" timestamp="2023-10-08T07:35:55Z" user="FUKUTAN" uid="5207199" lat="35.0131340" lon="126.7873606"/>
 <node id="3413883015" visible="true" version="5" changeset="142293243" timestamp="2023-10-08T07:35:55Z" user="FUKUTAN" uid="5207199" lat="35.0131327" lon="126.7879604"/>
 <node id="3413883016" visible="true" version="5" changeset="142293243" timestamp="2023-10-08T07:35:55Z" user="FUKUTAN" uid="5207199" lat="35.0131315" lon="126.7884775"/>
 <node id="3413883017" visible="true" version="5" changeset="142293243" timestamp="2023-10-08T07:35:55Z" user="FUKUTAN" uid="5207199" lat="35.0131303" lon="126.7890454"/>
 <node id="3413883018" visible="true" version="3" changeset="141712425" timestamp="2023-09-25T05:17:57Z" user="FUKUTAN" uid="5207199" lat="35.0131296" lon="126.7893814"/>
 <node id="3413883019" visible="true" version="4" changeset="54730316" timestamp="2017-12-18T13:10:10Z" user="user_5292863" uid="5292863" lat="35.0125439" lon="126.7923361"/>
 <node id="3413883041" visible="true" version="5" changeset="99601411" timestamp="2021-02-19T14:39:38Z" user="mulgist" uid="12368943" lat="35.0146264" lon="126.7838879"/>
 <node id="3413883056" visible="true" version="5" changeset="144332579" timestamp="2023-11-22T16:15:50Z" user="asdfqwer51" uid="3350410" lat="35.0149493" lon="126.7947973"/>
 <node id="3413883075" visible="true" version="4" changeset="127916765" timestamp="2022-10-22T10:41:35Z" user="FUKUTAN" uid="5207199" lat="35.0154399" lon="126.7845345"/>
 <node id="3413883078" visible="true" version="3" changeset="133576907" timestamp="2023-03-12T08:16:26Z" user="FUKUTAN" uid="5207199" lat="35.0155059" lon="126.7840152"/>
 <node id="3413883080" visible="true" version="4" changeset="127916765" timestamp="2022-10-22T10:41:35Z" user="FUKUTAN" uid="5207199" lat="35.0156285" lon="126.7841185"/>
 <node id="3413883086" visible="true" version="4" changeset="144397454" timestamp="2023-11-24T08:19:48Z" user="asdfqwer51" uid="3350410" lat="35.0157936" lon="126.7833735"/>
 <node id="3413883108" visible="true" version="3" changeset="99601411" timestamp="2021-02-19T14:39:38Z" user="mulgist" uid="12368943" lat="35.0166879" lon="126.7855201"/>
 <node id="3413883114" visible="true" version="4" changeset="99601411" timestamp="2021-02-19T14:39:38Z" user="mulgist" uid="12368943" lat="35.0168818" lon="126.7848500"/>
 <node id="3413883116" visible="true" version="4" changeset="99601411" timestamp="2021-02-19T14:39:38Z" user="mulgist" uid="12368943" lat="35.0175042" lon="126.7843652"/>
 <node id="3413883117" visible="true" version="4" changeset="144332579" timestamp="2023-11-22T16:15:50Z" user="asdfqwer51" uid="3350410" lat="35.0167677" lon="126.7936495"/>
 <node id="3413883118" visible="true" version="4" changeset="99601411" timestamp="2021-02-19T14:39:38Z" user="mulgist" uid="12368943" lat="35.0173064" lon="126.7850135"/>
 <node id="3413883128" visible="true" version="5" changeset="144332579" timestamp="2023-11-22T16:15:50Z" user="asdfqwer51" uid="3350410" lat="35.0183583" lon="126.7936027"/>
 <node id="3413883129" visible="true" version="4" changeset="133403728" timestamp="2023-03-07T13:38:58Z" user="FUKUTAN" uid="5207199" lat="35.0179775" lon="126.7810993"/>
 <node id="3413883130" visible="true" version="4" changeset="65892810" timestamp="2018-12-30T17:32:41Z" user="FUKUTAN" uid="5207199" lat="35.0186207" lon="126.7857973"/>
 <node id="3413883131" visible="true" version="4" changeset="142293243" timestamp="2023-10-08T07:35:55Z" user="FUKUTAN" uid="5207199" lat="35.0186326" lon="126.7853997"/>
 <node id="3413883133" visible="true" version="4" changeset="142293243" timestamp="2023-10-08T07:35:55Z" user="FUKUTAN" uid="5207199" lat="35.0187442" lon="126.7862425"/>
 <node id="3413883134" visible="true" version="6" changeset="144332579" timestamp="2023-11-22T16:15:50Z" user="asdfqwer51" uid="3350410" lat="35.0188221" lon="126.7920962"/>
 <node id="3413883135" visible="true" version="7" changeset="144253772" timestamp="2023-11-20T16:16:32Z" user="asdfqwer51" uid="3350410" lat="35.0189413" lon="126.7830936">
  <tag k="junction" v="yes"/>
 </node>
 <node id="3413883137" visible="true" version="7" changeset="144253772" timestamp="2023-11-20T16:16:32Z" user="asdfqwer51" uid="3350410" lat="35.0190428" lon="126.7823616">
  <tag k="junction" v="yes"/>
 </node>
 <node id="3413883138" visible="true" version="4" changeset="65892810" timestamp="2018-12-30T17:32:41Z" user="FUKUTAN" uid="5207199" lat="35.0191910" lon="126.7867504"/>
 <node id="3413883140" visible="true" version="4" changeset="133576907" timestamp="2023-03-12T08:16:26Z" user="FUKUTAN" uid="5207199" lat="35.0194943" lon="126.7849272"/>
 <node id="3413883141" visible="true" version="7" changeset="142293243" timestamp="2023-10-08T07:35:55Z" user="FUKUTAN" uid="5207199" lat="35.0191880" lon="126.7812550"/>
 <node id="3413883142" visible="true" version="6" changeset="144332579" timestamp="2023-11-22T16:15:50Z" user="asdfqwer51" uid="3350410" lat="35.0192159" lon="126.7925705"/>
 <node id="3413883144" visible="true" version="7" changeset="171918325" timestamp="2025-09-14T13:36:20Z" user="FUKUTAN" uid="5207199" lat="35.0195257" lon="126.7855897"/>
 <node id="3413883145" visible="true" version="5" changeset="171918325" timestamp="2025-09-14T13:36:20Z" user="FUKUTAN" uid="5207199" lat="35.0195337" lon="126.7863541"/>
 <node id="3413883146" visible="true" version="5" changeset="144332579" timestamp="2023-11-22T16:15:50Z" user="asdfqwer51" uid="3350410" lat="35.0193633" lon="126.7914280"/>
 <node id="3413883147" visible="true" version="3" changeset="99630021" timestamp="2021-02-20T08:24:13Z" user="mulgist" uid="12368943" lat="35.0196154" lon="126.7930517"/>
 <node id="3413883148" visible="true" version="5" changeset="144332579" timestamp="2023-11-22T16:15:50Z" user="asdfqwer51" uid="3350410" lat="35.0196057" lon="126.7936184"/>
 <node id="3413883149" visible="true" version="4" changeset="99630021" timestamp="2021-02-20T08:24:13Z" user="mulgist" uid="12368943" lat="35.0197969" lon="126.7919496"/>
 <node id="3413883150" visible="true" version="2" changeset="53130301" timestamp="2017-10-21T14:59:51Z" user="FUKUTAN" uid="5207199" lat="35.0197643" lon="126.7841766"/>
 <node id="3413883151" visible="true" version="3" changeset="54975531" timestamp="2017-12-28T07:35:50Z" user="FUKUTAN" uid="5207199" lat="35.0197827" lon="126.7832472"/>
 <node id="3413883153" visible="true" version="3" changeset="65892810" timestamp="2018-12-30T17:32:41Z" user="FUKUTAN" uid="5207199" lat="35.0201893" lon="126.7879761"/>
 <node id="3413883154" visible="true" version="5" changeset="99630021" timestamp="2021-02-20T08:24:13Z" user="mulgist" uid="12368943" lat="35.0200942" lon="126.7917017"/>
 <node id="3413883159" visible="true" version="6" changeset="144332579" timestamp="2023-11-22T16:15:50Z" user="asdfqwer51" uid="3350410" lat="35.0200359" lon="126.7936151"/>
 <node id="3413883161" visible="true" version="5" changeset="144326721" timestamp="2023-11-22T13:28:24Z" user="asdfqwer51" uid="3350410" lat="35.0202538" lon="126.7948414"/>
 <node id="3413883167" visible="true" version="5" changeset="65892810" timestamp="2018-12-30T17:32:41Z" user="FUKUTAN" uid="5207199" lat="35.0206175" lon="126.7882260"/>
 <node id="3413883170" visible="true" version="6" changeset="144332579" timestamp="2023-11-22T16:15:50Z" user="asdfqwer51" uid="3350410" lat="35.0206198" lon="126.7930326"/>
 <node id="3413883171" visible="true" version="5" changeset="99630021" timestamp="2021-02-20T08:24:13Z" user="mulgist" uid="12368943" lat="35.0206335" lon="126.7924147"/>
 <node id="3413883172" visible="true" version="5" changeset="99630021" timestamp="2021-02-20T08:24:13Z" user="mulgist" uid="12368943" lat="35.0206333" lon="126.7916965"/>
 <node id="3413883173" visible="true" version="5" changeset="65892810" timestamp="2018-12-30T17:32:41Z" user="FUKUTAN" uid="5207199" lat="35.0206054" lon="126.7856146"/>
 <node id="3413883174" visible="true" version="6" changeset="144332579" timestamp="2023-11-22T16:15:50Z" user="asdfqwer51" uid="3350410" lat="35.0206363" lon="126.7909881"/>
 <node id="3413883175" visible="true" version="6" changeset="171918325" timestamp="2025-09-14T13:36:20Z" user="FUKUTAN" uid="5207199" lat="35.0206057" lon="126.7863232"/>
 <node id="3413887568" visible="true" version="1" changeset="29671754" timestamp="2015-03-23T07:18:13Z" user="generalred" uid="118851" lat="35.0094202" lon="126.7779769"/>
 <node id="3413887569" visible="true" version="1" changeset="29671754" timestamp="2015-03-23T07:18:13Z" user="generalred" uid="118851" lat="35.0102919" lon="126.7785516"/>
 <node id="3413887570" visible="true" version="2" changeset="99601411" timestamp="2021-02-19T14:39:38Z" user="mulgist" uid="12368943" lat="35.0105744" lon="126.7789163"/>
 <node id="3413887571" visible="true" version="2" changeset="99601411" timestamp="2021-02-19T14:39:38Z" user="mulgist" uid="12368943" lat="35.0109494" lon="126.7791433"/>
 <node id="3413887572" visible="true" version="3" changeset="99601411" timestamp="2021-02-19T14:39:38Z" user="mulgist" uid="12368943" lat="35.0111339" lon="126.7796058"/>
 <node id="3413887573" visible="true" version="3" changeset="99601411" timestamp="2021-02-19T14:39:38Z" user="mulgist" uid="12368943" lat="35.0110729" lon="126.7802870"/>
 <node id="3413887574" visible="true" version="3" changeset="124040733" timestamp="2022-07-25T08:53:04Z" user="FUKUTAN" uid="5207199" lat="35.0113298" lon="126.7807813"/>
 <node id="3413887575" visible="true" version="4" changeset="124040733" timestamp="2022-07-25T08:53:04Z" user="FUKUTAN" uid="5207199" lat="35.0113559" lon="126.7815152"/>
 <node id="3413887576" visible="true" version="3" changeset="99601411" timestamp="2021-02-19T14:39:38Z" user="mulgist" uid="12368943" lat="35.0114847" lon="126.7828073"/>
 <node id="3413887577" visible="true" version="2" changeset="45843038" timestamp="2017-02-06T00:36:51Z" user="JeongnamYeom" uid="5195059" lat="35.0120945" lon="126.7834442"/>
 <node id="3413887578" visible="true" version="2" changeset="45843038" timestamp="2017-02-06T00:36:51Z" user="JeongnamYeom" uid="5195059" lat="35.0129167" lon="126.7842078"/>
 <node id="3413887579" visible="true" version="2" changeset="45843038" timestamp="2017-02-06T00:36:51Z" user="JeongnamYeom" uid="5195059" lat="35.0133948" lon="126.7845681"/>
 <node id="3413887587" visible="true" version="3" changeset="99601411" timestamp="2021-02-19T14:39:38Z" user="mulgist" uid="12368943" lat="35.0147196" lon="126.7863207"/>
 <node id="3413887588" visible="true" version="3" changeset="99601411" timestamp="2021-02-19T14:39:38Z" user="mulgist" uid="12368943" lat="35.0148096" lon="126.7862559"/>
 <node id="3413887589" visible="true" version="2" changeset="53130301" timestamp="2017-10-21T14:59:55Z" user="FUKUTAN" uid="5207199" lat="35.0143283" lon="126.7887150"/>
 <node id="3413887590" visible="true" version="3" changeset="99601411" timestamp="2021-02-19T14:39:38Z" user="mulgist" uid="12368943" lat="35.0143333" lon="126.7879759"/>
 <node id="3413887592" visible="true" version="2" changeset="53130301" timestamp="2017-10-21T14:59:55Z" user="FUKUTAN" uid="5207199" lat="35.0142101" lon="126.7884593"/>
 <node id="3413889793" visible="true" version="3" changeset="99601411" timestamp="2021-02-19T14:39:38Z" user="mulgist" uid="12368943" lat="35.0146572" lon="126.7865598"/>
 <node id="3413889794" visible="true" version="2" changeset="99601411" timestamp="2021-02-19T14:39:38Z" user="mulgist" uid="12368943" lat="35.0142947" lon="126.7882358"/>
 <node id="3413889795" visible="true" version="3" changeset="99601411" timestamp="2021-02-19T14:39:38Z" user="mulgist" uid="12368943" lat="35.0145754" lon="126.7873707"/>
 <node id="3413889796" visible="true" version="3" changeset="99601411" timestamp="2021-02-19T14:39:38Z" user="mulgist" uid="12368943" lat="35.0143707" lon="126.7875616"/>
 <node id="3413889800" visible="true" version="3" changeset="99601411" timestamp="2021-02-19T14:39:38Z" user="mulgist" uid="12368943" lat="35.0145826" lon="126.7889560"/>
 <node id="3413889807" visible="true" version="3" changeset="99601411" timestamp="2021-02-19T14:39:38Z" user="mulgist" uid="12368943" lat="35.0152274" lon="126.7860292"/>
 <node id="3413889810" visible="true" version="2" changeset="53130301" timestamp="2017-10-21T14:59:55Z" user="FUKUTAN" uid="5207199" lat="35.0158273" lon="126.7858997"/>
 <node id="3413889817" visible="true" version="1" changeset="29671754" timestamp="2015-03-23T07:18:13Z" user="generalred" uid="118851" lat="35.0147948" lon="126.7892664"/>
 <node id="3413889819" visible="true" version="2" changeset="53130301" timestamp="2017-10-21T14:59:55Z" user="FUKUTAN" uid="5207199" lat="35.0161172" lon="126.7859067"/>
 <node id="3413889824" visible="true" version="3" changeset="99601411" timestamp="2021-02-19T14:39:38Z" user="mulgist" uid="12368943" lat="35.0162354" lon="126.7859904"/>
 <node id="3413889828" visible="true" version="3" changeset="99601411" timestamp="2021-02-19T14:39:38Z" user="mulgist" uid="12368943" lat="35.0153147" lon="126.7883769"/>
 <node id="3413889831" visible="true" version="2" changeset="99601411" timestamp="2021-02-19T14:39:38Z" user="mulgist" uid="12368943" lat="35.0151139" lon="126.7885647"/>
 <node id="3413889834" visible="true" version="3" changeset="124040733" timestamp="2022-07-25T08:53:04Z" user="FUKUTAN" uid="5207199" lat="35.0149655" lon="126.7890951"/>
 <node id="3413889849" visible="true" version="2" changeset="99601411" timestamp="2021-02-19T14:39:38Z" user="mulgist" uid="12368943" lat="35.0155833" lon="126.7880419"/>
 <node id="3413889851" visible="true" version="2" changeset="99601411" timestamp="2021-02-19T14:39:38Z" user="mulgist" uid="12368943" lat="35.0156163" lon="126.7875171"/>
 <node id="3413889854" visible="true" version="1" changeset="29671754" timestamp="2015-03-23T07:18:14Z" user="generalred" uid="118851" lat="35.0161569" lon="126.7877387"/>
 <node id="3413889856" visible="true" version="2" changeset="53148353" timestamp="2017-10-22T10:44:02Z" user="FUKUTAN" uid="5207199" lat="35.0165026" lon="126.7874540"/>
 <node id="3413889857" visible="true" version="2" changeset="99601411" timestamp="2021-02-19T14:39:38Z" user="mulgist" uid="12368943" lat="35.0163242" lon="126.7860721"/>
 <node id="3413889858" visible="true" version="2" changeset="53148353" timestamp="2017-10-22T10:44:02Z" user="FUKUTAN" uid="5207199" lat="35.0167842" lon="126.7873401"/>
 <node id="3413889859" visible="true" version="2" changeset="99601411" timestamp="2021-02-19T14:39:38Z" user="mulgist" uid="12368943" lat="35.0165028" lon="126.7861881"/>
 <node id="3413889860" visible="true" version="3" changeset="99601411" timestamp="2021-02-19T14:39:38Z" user="mulgist" uid="12368943" lat="35.0165951" lon="126.7863510"/>
 <node id="3413889861" visible="true" version="2" changeset="53130301" timestamp="2017-10-21T14:59:55Z" user="FUKUTAN" uid="5207199" lat="35.0165949" lon="126.7864405"/>
 <node id="3413889862" visible="true" version="1" changeset="29671754" timestamp="2015-03-23T07:18:14Z" user="generalred" uid="118851" lat="35.0171123" lon="126.7872570"/>
 <node id="3413889863" visible="true" version="3" changeset="99601411" timestamp="2021-02-19T14:39:38Z" user="mulgist" uid="12368943" lat="35.0167235" lon="126.7865769"/>
 <node id="3413889864" visible="true" version="2" changeset="53148353" timestamp="2017-10-22T10:44:02Z" user="FUKUTAN" uid="5207199" lat="35.0174862" lon="126.7874089"/>
 <node id="3413889865" visible="true" version="1" changeset="29671754" timestamp="2015-03-23T07:18:14Z" user="generalred" uid="118851" lat="35.0176177" lon="126.7876107"/>
 <node id="3413889866" visible="true" version="2" changeset="99601411" timestamp="2021-02-19T14:39:38Z" user="mulgist" uid="12368943" lat="35.0177143" lon="126.7881109"/>
 <node id="3413889867" visible="true" version="4" changeset="99601411" timestamp="2021-02-19T14:39:38Z" user="mulgist" uid="12368943" lat="35.0174854" lon="126.7866181"/>
 <node id="3413889868" visible="true" version="3" changeset="185763392" timestamp="2026-07-15T06:20:29Z" user="야광멧돼지" uid="12393144" lat="35.0179383" lon="126.7882467"/>
 <node id="3413889870" visible="true" version="5" changeset="185763392" timestamp="2026-07-15T06:20:29Z" user="야광멧돼지" uid="12393144" lat="35.0181138" lon="126.7888288"/>
 <node id="3413889876" visible="true" version="4" changeset="99601411" timestamp="2021-02-19T14:39:38Z" user="mulgist" uid="12368943" lat="35.0176613" lon="126.7866442"/>
 <node id="3413889879" visible="true" version="4" changeset="99601411" timestamp="2021-02-19T14:39:38Z" user="mulgist" uid="12368943" lat="35.0177682" lon="126.7867206"/>
 <node id="3413889880" visible="true" version="3" changeset="185763392" timestamp="2026-07-15T06:20:29Z" user="야광멧돼지" uid="12393144" lat="35.0190580" lon="126.7900084"/>
 <node id="3413889882" visible="true" version="4" changeset="185763392" timestamp="2026-07-15T06:20:29Z" user="야광멧돼지" uid="12393144" lat="35.0186865" lon="126.7893573"/>
 <node id="3413889884" visible="true" version="2" changeset="53130301" timestamp="2017-10-21T14:59:56Z" user="FUKUTAN" uid="5207199" lat="35.0180076" lon="126.7872552"/>
 <node id="3413889885" visible="true" version="3" changeset="99601411" timestamp="2021-02-19T14:39:38Z" user="mulgist" uid="12368943" lat="35.0182118" lon="126.7874979"/>
 <node id="3413889887" visible="true" version="2" changeset="53130301" timestamp="2017-10-21T14:59:56Z" user="FUKUTAN" uid="5207199" lat="35.0184707" lon="126.7875611"/>
 <node id="3413889889" visible="true" version="3" changeset="99601411" timestamp="2021-02-19T14:39:38Z" user="mulgist" uid="12368943" lat="35.0188025" lon="126.7876137"/>
 <node id="3413889890" visible="true" version="3" changeset="99601411" timestamp="2021-02-19T14:39:38Z" user="mulgist" uid="12368943" lat="35.0189414" lon="126.7879041"/>
 <node id="3413889892" visible="true" version="3" changeset="99601411" timestamp="2021-02-19T14:39:38Z" user="mulgist" uid="12368943" lat="35.0190916" lon="126.7880517"/>
 <node id="3413889894" visible="true" version="3" changeset="123960556" timestamp="2022-07-23T03:06:23Z" user="FUKUTAN" uid="5207199" lat="35.0193568" lon="126.7881635"/>
 <node id="3413889897" visible="true" version="3" changeset="123960556" timestamp="2022-07-23T03:06:23Z" user="FUKUTAN" uid="5207199" lat="35.0197178" lon="126.7888936"/>
 <node id="3413889899" visible="true" version="4" changeset="185763392" timestamp="2026-07-15T06:20:29Z" user="야광멧돼지" uid="12393144" lat="35.0191653" lon="126.7899344"/>
 <node id="3413889900" visible="true" version="3" changeset="123960556" timestamp="2022-07-23T03:06:23Z" user="FUKUTAN" uid="5207199" lat="35.0200818" lon="126.7893163"/>
 <node id="3413889901" visible="true" version="4" changeset="185763392" timestamp="2026-07-15T06:20:29Z" user="야광멧돼지" uid="12393144" lat="35.0201630" lon="126.7897937"/>
 <node id="3413889903" visible="true" version="3" changeset="99219143" timestamp="2021-02-13T16:03:11Z" user="mulgist" uid="12368943" lat="35.0246851" lon="126.7898055"/>
 <node id="4247811975" visible="true" version="2" changeset="163971755" timestamp="2025-03-23T05:18:51Z" user="chiho_kang" uid="10604125" lat="35.0169711" lon="126.7942463">
  <tag k="addr:city" v="나주시"/>
  <tag k="addr:housenumber" v="341"/>
  <tag k="addr:postcode" v="58217"/>
  <tag k="addr:province" v="전라남도"/>
  <tag k="addr:street" v="그린로"/>
  <tag k="addr:subdistrict" v="빛가람동"/>
  <tag k="amenity" v="place_of_worship"/>
  <tag k="denomination" v="presbyterian"/>
  <tag k="ele" v="5"/>
  <tag k="name" v="Naju Reformed Presbyterian Church"/>
  <tag k="religion" v="christian"/>
  <tag k="website" v="http://cafe.daum.net/nrpc2014"/>
 </node>
 <node id="4628676584" visible="true" version="3" changeset="53148353" timestamp="2017-10-22T10:44:02Z" user="FUKUTAN" uid="5207199" lat="35.0094848" lon="126.7896916"/>
 <node id="4666425417" visible="true" version="4" changeset="54730316" timestamp="2017-12-18T13:10:10Z" user="user_5292863" uid="5292863" lat="35.0116018" lon="126.7923628"/>
 <node id="4666425418" visible="true" version="4" changeset="150569043" timestamp="2024-04-27T08:27:03Z" user="mulgist" uid="12368943" lat="35.0116135" lon="126.7952708"/>
 <node id="4666430897" visible="true" version="2" changeset="99601411" timestamp="2021-02-19T14:39:38Z" user="mulgist" uid="12368943" lat="35.0127028" lon="126.7840550"/>
 <node id="4666430898" visible="true" version="1" changeset="45843038" timestamp="2017-02-06T00:36:50Z" user="JeongnamYeom" uid="5195059" lat="35.0123023" lon="126.7836351"/>
 <node id="4666430899" visible="true" version="1" changeset="45843038" timestamp="2017-02-06T00:36:50Z" user="JeongnamYeom" uid="5195059" lat="35.0116964" lon="126.7831212"/>
 <node id="4666430900" visible="true" version="3" changeset="99601411" timestamp="2021-02-19T14:39:38Z" user="mulgist" uid="12368943" lat="35.0113534" lon="126.7820337"/>
 <node id="4666430901" visible="true" version="2" changeset="54730316" timestamp="2017-12-18T13:10:10Z" user="user_5292863" uid="5292863" lat="35.0115996" lon="126.7869086"/>
 <node id="4666430902" visible="true" version="1" changeset="45843038" timestamp="2017-02-06T00:36:51Z" user="JeongnamYeom" uid="5195059" lat="35.0115941" lon="126.7860531"/>
 <node id="4666430903" visible="true" version="1" changeset="45843038" timestamp="2017-02-06T00:36:51Z" user="JeongnamYeom" uid="5195059" lat="35.0116820" lon="126.7854523"/>
 <node id="4666430904" visible="true" version="1" changeset="45843038" timestamp="2017-02-06T00:36:51Z" user="JeongnamYeom" uid="5195059" lat="35.0118226" lon="126.7848944"/>
 <node id="4666430905" visible="true" version="1" changeset="45843038" timestamp="2017-02-06T00:36:51Z" user="JeongnamYeom" uid="5195059" lat="35.0119720" lon="126.7844438"/>
 <node id="4666430906" visible="true" version="1" changeset="45843038" timestamp="2017-02-06T00:36:51Z" user="JeongnamYeom" uid="5195059" lat="35.0121302" lon="126.7841005"/>
 <node id="4666430907" visible="true" version="2" changeset="65610732" timestamp="2018-12-19T13:03:38Z" user="FUKUTAN" uid="5207199" lat="35.0123010" lon="126.7837439"/>
 <node id="4666430908" visible="true" version="4" changeset="54730316" timestamp="2017-12-18T13:10:10Z" user="user_5292863" uid="5292863" lat="35.0140233" lon="126.7853762"/>
 <node id="4666430917" visible="true" version="2" changeset="53130301" timestamp="2017-10-21T14:59:51Z" user="FUKUTAN" uid="5207199" lat="35.0106050" lon="126.7824366"/>
 <node id="4675967298" visible="true" version="3" changeset="96332427" timestamp="2020-12-23T14:29:14Z" user="mulgist" uid="12368943" lat="35.0171570" lon="126.7945362"/>
 <node id="4675967299" visible="true" version="3" changeset="96332427" timestamp="2020-12-23T14:29:14Z" user="mulgist" uid="12368943" lat="35.0171325" lon="126.7980979"/>
 <node id="4675967300" visible="true" version="2" changeset="55652821" timestamp="2018-01-22T12:04:00Z" user="FUKUTAN" uid="5207199" lat="35.0151248" lon="126.7981227"/>
 <node id="4675967301" visible="true" version="4" changeset="96332427" timestamp="2020-12-23T14:29:14Z" user="mulgist" uid="12368943" lat="35.0151358" lon="126.7955887"/>
 <node id="4675967302" visible="true" version="4" changeset="96725193" timestamp="2020-12-31T10:49:44Z" user="mulgist" uid="12368943" lat="35.0155622" lon="126.7954360"/>
 <node id="4675967303" visible="true" version="3" changeset="96332427" timestamp="2020-12-23T14:29:14Z" user="mulgist" uid="12368943" lat="35.0163869" lon="126.7948592"/>
 <node id="4675967304" visible="true" version="4" changeset="96332427" timestamp="2020-12-23T14:29:14Z" user="mulgist" uid="12368943" lat="35.0166345" lon="126.7946959"/>
 <node id="4974385184" visible="true" version="2" changeset="144324593" timestamp="2023-11-22T12:33:34Z" user="asdfqwer51" uid="3350410" lat="35.0115455" lon="126.7870399"/>
 <node id="4974385190" visible="true" version="4" changeset="144325400" timestamp="2023-11-22T12:55:22Z" user="asdfqwer51" uid="3350410" lat="35.0135721" lon="126.7882441"/>
 <node id="4974385191" visible="true" version="3" changeset="144325400" timestamp="2023-11-22T12:55:22Z" user="asdfqwer51" uid="3350410" lat="35.0115541" lon="126.7882309"/>
 <node id="4974385192" visible="true" version="3" changeset="127916765" timestamp="2022-10-22T10:41:35Z" user="FUKUTAN" uid="5207199" lat="35.0090184" lon="126.7882475"/>
 <node id="4974385193" visible="true" version="2" changeset="53130301" timestamp="2017-10-21T14:59:53Z" user="FUKUTAN" uid="5207199" lat="35.0094954" lon="126.7910238"/>
 <node id="4974385194" visible="true" version="3" changeset="127916765" timestamp="2022-10-22T10:41:35Z" user="FUKUTAN" uid="5207199" lat="35.0115501" lon="126.7910318"/>
 <node id="4974385197" visible="true" version="4" changeset="144325400" timestamp="2023-11-22T12:55:22Z" user="asdfqwer51" uid="3350410" lat="35.0124790" lon="126.7870465"/>
 <node id="4974385198" visible="true" version="2" changeset="53130301" timestamp="2017-10-21T14:59:53Z" user="FUKUTAN" uid="5207199" lat="35.0124778" lon="126.7921975"/>
 <node id="4974385202" visible="true" version="4" changeset="127916765" timestamp="2022-10-22T10:41:35Z" user="FUKUTAN" uid="5207199" lat="35.0076838" lon="126.7895791"/>
 <node id="4974385216" visible="true" version="2" changeset="99601411" timestamp="2021-02-19T14:39:38Z" user="mulgist" uid="12368943" lat="35.0153057" lon="126.7848158"/>
 <node id="4974385217" visible="true" version="2" changeset="99601411" timestamp="2021-02-19T14:39:38Z" user="mulgist" uid="12368943" lat="35.0167298" lon="126.7856451"/>
 <node id="4974385218" visible="true" version="1" changeset="50338460" timestamp="2017-07-17T02:44:12Z" user="FUKUTAN" uid="5207199" lat="35.0183831" lon="126.7860220"/>
 <node id="4974385219" visible="true" version="2" changeset="53148353" timestamp="2017-10-22T10:44:04Z" user="FUKUTAN" uid="5207199" lat="35.0187169" lon="126.7863277"/>
 <node id="4974385220" visible="true" version="3" changeset="99601411" timestamp="2021-02-19T14:39:38Z" user="mulgist" uid="12368943" lat="35.0201601" lon="126.7881222"/>
 <node id="4974386221" visible="true" version="3" changeset="99601411" timestamp="2021-02-19T14:39:38Z" user="mulgist" uid="12368943" lat="35.0205995" lon="126.7883743"/>
 <node id="4974386222" visible="true" version="3" changeset="99601411" timestamp="2021-02-19T14:39:38Z" user="mulgist" uid="12368943" lat="35.0209773" lon="126.7884199"/>
 <node id="4974386223" visible="true" version="3" changeset="99601411" timestamp="2021-02-19T14:39:38Z" user="mulgist" uid="12368943" lat="35.0210081" lon="126.7908514"/>
 <node id="4974386224" visible="true" version="2" changeset="99601411" timestamp="2021-02-19T14:39:38Z" user="mulgist" uid="12368943" lat="35.0198416" lon="126.7909117"/>
 <node id="4974386225" visible="true" version="2" changeset="99601411" timestamp="2021-02-19T14:39:38Z" user="mulgist" uid="12368943" lat="35.0193380" lon="126.7913360"/>
 <node id="4974386226" visible="true" version="2" changeset="99601411" timestamp="2021-02-19T14:39:38Z" user="mulgist" uid="12368943" lat="35.0183092" lon="126.7926001"/>
 <node id="4974386227" visible="true" version="3" changeset="144332579" timestamp="2023-11-22T16:15:50Z" user="asdfqwer51" uid="3350410" lat="35.0175943" lon="126.7934836"/>
 <node id="4974386230" visible="true" version="3" changeset="99601411" timestamp="2021-02-19T14:39:38Z" user="mulgist" uid="12368943" lat="35.0149625" lon="126.7951864"/>
 <node id="4974386231" visible="true" version="3" changeset="99601411" timestamp="2021-02-19T14:39:38Z" user="mulgist" uid="12368943" lat="35.0143842" lon="126.7953738"/>
 <node id="4974386232" visible="true" version="4" changeset="99601411" timestamp="2021-02-19T14:39:38Z" user="mulgist" uid="12368943" lat="35.0137738" lon="126.7944890"/>
 <node id="4974386233" visible="true" version="4" changeset="99601411" timestamp="2021-02-19T14:39:38Z" user="mulgist" uid="12368943" lat="35.0137884" lon="126.7870357"/>
 <node id="4974386234" visible="true" version="2" changeset="53130301" timestamp="2017-10-21T15:00:00Z" user="FUKUTAN" uid="5207199" lat="35.0163608" lon="126.7905885"/>
 <node id="4974386235" visible="true" version="3" changeset="99601411" timestamp="2021-02-19T14:39:38Z" user="mulgist" uid="12368943" lat="35.0159902" lon="126.7905932"/>
 <node id="4974391611" visible="true" version="3" changeset="133576907" timestamp="2023-03-12T08:16:26Z" user="FUKUTAN" uid="5207199" lat="35.0189768" lon="126.7848295"/>
 <node id="4974391612" visible="true" version="4" changeset="65892810" timestamp="2018-12-30T17:32:41Z" user="FUKUTAN" uid="5207199" lat="35.0202908" lon="126.7880734"/>
 <node id="4974391618" visible="true" version="6" changeset="142293243" timestamp="2023-10-08T07:35:55Z" user="FUKUTAN" uid="5207199" lat="35.0192058" lon="126.7810997"/>
 <node id="4974391637" visible="true" version="1" changeset="50338515" timestamp="2017-07-17T02:51:51Z" user="FUKUTAN" uid="5207199" lat="35.0177866" lon="126.7886734"/>
 <node id="4974391638" visible="true" version="1" changeset="50338515" timestamp="2017-07-17T02:51:51Z" user="FUKUTAN" uid="5207199" lat="35.0176957" lon="126.7882420"/>
 <node id="4974391639" visible="true" version="2" changeset="99601411" timestamp="2021-02-19T14:39:38Z" user="mulgist" uid="12368943" lat="35.0174718" lon="126.7880386"/>
 <node id="4974391640" visible="true" version="2" changeset="99601411" timestamp="2021-02-19T14:39:38Z" user="mulgist" uid="12368943" lat="35.0171700" lon="126.7878477"/>
 <node id="4974391641" visible="true" version="2" changeset="99601411" timestamp="2021-02-19T14:39:38Z" user="mulgist" uid="12368943" lat="35.0169433" lon="126.7878745"/>
 <node id="4974391642" visible="true" version="3" changeset="185763392" timestamp="2026-07-15T06:20:29Z" user="야광멧돼지" uid="12393144" lat="35.0166640" lon="126.7882557"/>
 <node id="4974391643" visible="true" version="3" changeset="185763392" timestamp="2026-07-15T06:20:29Z" user="야광멧돼지" uid="12393144" lat="35.0163028" lon="126.7883228"/>
 <node id="4974391644" visible="true" version="1" changeset="50338515" timestamp="2017-07-17T02:51:51Z" user="FUKUTAN" uid="5207199" lat="35.0159849" lon="126.7886117"/>
 <node id="4974391645" visible="true" version="1" changeset="50338515" timestamp="2017-07-17T02:51:51Z" user="FUKUTAN" uid="5207199" lat="35.0155610" lon="126.7893820"/>
 <node id="4974391646" visible="true" version="1" changeset="50338515" timestamp="2017-07-17T02:51:51Z" user="FUKUTAN" uid="5207199" lat="35.0153894" lon="126.7895176"/>
 <node id="4974391647" visible="true" version="2" changeset="53130301" timestamp="2017-10-21T14:59:58Z" user="FUKUTAN" uid="5207199" lat="35.0160546" lon="126.7909292"/>
 <node id="4974391648" visible="true" version="3" changeset="99601411" timestamp="2021-02-19T14:39:38Z" user="mulgist" uid="12368943" lat="35.0156682" lon="126.7911095"/>
 <node id="4974391649" visible="true" version="2" changeset="99601411" timestamp="2021-02-19T14:39:38Z" user="mulgist" uid="12368943" lat="35.0155597" lon="126.7914830"/>
 <node id="4974391650" visible="true" version="2" changeset="99601411" timestamp="2021-02-19T14:39:38Z" user="mulgist" uid="12368943" lat="35.0157305" lon="126.7917692"/>
 <node id="4974391651" visible="true" version="2" changeset="99601411" timestamp="2021-02-19T14:39:38Z" user="mulgist" uid="12368943" lat="35.0159920" lon="126.7922674"/>
 <node id="4974391652" visible="true" version="2" changeset="99601411" timestamp="2021-02-19T14:39:38Z" user="mulgist" uid="12368943" lat="35.0165817" lon="126.7924592"/>
 <node id="4974391653" visible="true" version="2" changeset="99601411" timestamp="2021-02-19T14:39:38Z" user="mulgist" uid="12368943" lat="35.0171632" lon="126.7926274"/>
 <node id="4974391654" visible="true" version="2" changeset="99601411" timestamp="2021-02-19T14:39:38Z" user="mulgist" uid="12368943" lat="35.0177483" lon="126.7925870"/>
 <node id="4974391655" visible="true" version="2" changeset="99601411" timestamp="2021-02-19T14:39:38Z" user="mulgist" uid="12368943" lat="35.0180094" lon="126.7924679"/>
 <node id="4974391656" visible="true" version="1" changeset="50338515" timestamp="2017-07-17T02:51:51Z" user="FUKUTAN" uid="5207199" lat="35.0180339" lon="126.7922289"/>
 <node id="4974391657" visible="true" version="2" changeset="99601411" timestamp="2021-02-19T14:39:38Z" user="mulgist" uid="12368943" lat="35.0181604" lon="126.7920066"/>
 <node id="4974391658" visible="true" version="2" changeset="99601411" timestamp="2021-02-19T14:39:38Z" user="mulgist" uid="12368943" lat="35.0183090" lon="126.7915600"/>
 <node id="4974391659" visible="true" version="2" changeset="99601411" timestamp="2021-02-19T14:39:38Z" user="mulgist" uid="12368943" lat="35.0184818" lon="126.7910689"/>
 <node id="4974391660" visible="true" version="3" changeset="185763392" timestamp="2026-07-15T06:20:29Z" user="야광멧돼지" uid="12393144" lat="35.0183875" lon="126.7905347"/>
 <node id="4974391661" visible="true" version="3" changeset="185763392" timestamp="2026-07-15T06:20:29Z" user="야광멧돼지" uid="12393144" lat="35.0183212" lon="126.7899577"/>
 <node id="4974391664" visible="true" version="2" changeset="99601411" timestamp="2021-02-19T14:39:38Z" user="mulgist" uid="12368943" lat="35.0178858" lon="126.7889024"/>
 <node id="4974391665" visible="true" version="3" changeset="99601411" timestamp="2021-02-19T14:39:38Z" user="mulgist" uid="12368943" lat="35.0157286" lon="126.7897610"/>
 <node id="4976383007" visible="true" version="2" changeset="96332427" timestamp="2020-12-23T14:29:14Z" user="mulgist" uid="12368943" lat="35.0176951" lon="126.7982097"/>
 <node id="4976383010" visible="true" version="3" changeset="96332427" timestamp="2020-12-23T14:29:14Z" user="mulgist" uid="12368943" lat="35.0151081" lon="126.7970326"/>
 <node id="4976383011" visible="true" version="3" changeset="96332427" timestamp="2020-12-23T14:29:14Z" user="mulgist" uid="12368943" lat="35.0137975" lon="126.7970610"/>
 <node id="4976383013" visible="true" version="3" changeset="96332427" timestamp="2020-12-23T14:29:14Z" user="mulgist" uid="12368943" lat="35.0151030" lon="126.7982042"/>
 <node id="4981242795" visible="true" version="3" changeset="54730316" timestamp="2017-12-18T13:10:10Z" user="user_5292863" uid="5292863" lat="35.0142185" lon="126.7846720"/>
 <node id="4981242796" visible="true" version="3" changeset="144324593" timestamp="2023-11-22T12:33:34Z" user="asdfqwer51" uid="3350410" lat="35.0146340" lon="126.7827571"/>
 <node id="4981242797" visible="true" version="3" changeset="144324593" timestamp="2023-11-22T12:33:34Z" user="asdfqwer51" uid="3350410" lat="35.0140699" lon="126.7821799"/>
 <node id="4981242798" visible="true" version="3" changeset="144324593" timestamp="2023-11-22T12:33:34Z" user="asdfqwer51" uid="3350410" lat="35.0129846" lon="126.7838953"/>
 <node id="4981242799" visible="true" version="3" changeset="144324593" timestamp="2023-11-22T12:33:34Z" user="asdfqwer51" uid="3350410" lat="35.0137029" lon="126.7845379"/>
 <node id="4981244089" visible="true" version="2" changeset="54975407" timestamp="2017-12-28T07:28:07Z" user="FUKUTAN" uid="5207199" lat="35.0093703" lon="126.7775198"/>
 <node id="4981244090" visible="true" version="1" changeset="50420199" timestamp="2017-07-20T00:50:10Z" user="FUKUTAN" uid="5207199" lat="35.0090592" lon="126.7770975"/>
 <node id="4981244091" visible="true" version="1" changeset="50420199" timestamp="2017-07-20T00:50:10Z" user="FUKUTAN" uid="5207199" lat="35.0061719" lon="126.7731760"/>
 <node id="4981244092" visible="true" version="1" changeset="50420199" timestamp="2017-07-20T00:50:10Z" user="FUKUTAN" uid="5207199" lat="35.0061139" lon="126.7728787"/>
 <node id="4981244093" visible="true" version="1" changeset="50420199" timestamp="2017-07-20T00:50:10Z" user="FUKUTAN" uid="5207199" lat="35.0061023" lon="126.7705712"/>
 <node id="4981244094" visible="true" version="1" changeset="50420199" timestamp="2017-07-20T00:50:10Z" user="FUKUTAN" uid="5207199" lat="35.0059052" lon="126.7650500"/>
 <node id="4981244095" visible="true" version="2" changeset="54997523" timestamp="2017-12-29T00:31:59Z" user="FUKUTAN" uid="5207199" lat="35.0057879" lon="126.7640748"/>
 <node id="5180185953" visible="true" version="1" changeset="53130301" timestamp="2017-10-21T14:59:41Z" user="FUKUTAN" uid="5207199" lat="35.0112187" lon="126.7772271"/>
 <node id="5180185975" visible="true" version="4" changeset="144326721" timestamp="2023-11-22T13:28:24Z" user="asdfqwer51" uid="3350410" lat="35.0197874" lon="126.7948691"/>
 <node id="5180185987" visible="true" version="2" changeset="60015981" timestamp="2018-06-20T16:17:08Z" user="FUKUTAN" uid="5207199" lat="35.0102887" lon="126.7949984"/>
 <node id="5180185988" visible="true" version="1" changeset="53130301" timestamp="2017-10-21T14:59:42Z" user="FUKUTAN" uid="5207199" lat="35.0101079" lon="126.7948010"/>
 <node id="5180185989" visible="true" version="2" changeset="54975407" timestamp="2017-12-28T07:28:07Z" user="FUKUTAN" uid="5207199" lat="35.0097552" lon="126.7942353"/>
 <node id="5180185990" visible="true" version="2" changeset="55652821" timestamp="2018-01-22T12:04:00Z" user="FUKUTAN" uid="5207199" lat="35.0094909" lon="126.7931384"/>
 <node id="5180185991" visible="true" version="1" changeset="53130301" timestamp="2017-10-21T14:59:42Z" user="FUKUTAN" uid="5207199" lat="35.0130729" lon="126.7898838"/>
 <node id="5180185992" visible="true" version="1" changeset="53130301" timestamp="2017-10-21T14:59:42Z" user="FUKUTAN" uid="5207199" lat="35.0118918" lon="126.7898639"/>
 <node id="5180186002" visible="true" version="1" changeset="53130301" timestamp="2017-10-21T14:59:42Z" user="FUKUTAN" uid="5207199" lat="35.0131290" lon="126.7901776"/>
 <node id="5180186003" visible="true" version="1" changeset="53130301" timestamp="2017-10-21T14:59:42Z" user="FUKUTAN" uid="5207199" lat="35.0127176" lon="126.7901840"/>
 <node id="5180186004" visible="true" version="2" changeset="127916765" timestamp="2022-10-22T10:41:35Z" user="FUKUTAN" uid="5207199" lat="35.0127098" lon="126.7907726"/>
 <node id="5180186005" visible="true" version="2" changeset="127916765" timestamp="2022-10-22T10:41:35Z" user="FUKUTAN" uid="5207199" lat="35.0131258" lon="126.7907796"/>
 <node id="5180186006" visible="true" version="1" changeset="53130301" timestamp="2017-10-21T14:59:42Z" user="FUKUTAN" uid="5207199" lat="35.0131229" lon="126.7912844"/>
 <node id="5180186007" visible="true" version="1" changeset="53130301" timestamp="2017-10-21T14:59:42Z" user="FUKUTAN" uid="5207199" lat="35.0127202" lon="126.7912845"/>
 <node id="5180186008" visible="true" version="1" changeset="53130301" timestamp="2017-10-21T14:59:42Z" user="FUKUTAN" uid="5207199" lat="35.0127098" lon="126.7918714"/>
 <node id="5180186009" visible="true" version="1" changeset="53130301" timestamp="2017-10-21T14:59:42Z" user="FUKUTAN" uid="5207199" lat="35.0131247" lon="126.7918842"/>
 <node id="5180186020" visible="true" version="2" changeset="99601411" timestamp="2021-02-19T14:39:38Z" user="mulgist" uid="12368943" lat="35.0192764" lon="126.7881138"/>
 <node id="5180189921" visible="true" version="2" changeset="123960556" timestamp="2022-07-23T03:06:23Z" user="FUKUTAN" uid="5207199" lat="35.0199013" lon="126.7899774"/>
 <node id="5180189922" visible="true" version="1" changeset="53130301" timestamp="2017-10-21T14:59:42Z" user="FUKUTAN" uid="5207199" lat="35.0198370" lon="126.7900166"/>
 <node id="5180189923" visible="true" version="1" changeset="53130301" timestamp="2017-10-21T14:59:42Z" user="FUKUTAN" uid="5207199" lat="35.0197312" lon="126.7900284"/>
 <node id="5180189924" visible="true" version="1" changeset="53130301" timestamp="2017-10-21T14:59:42Z" user="FUKUTAN" uid="5207199" lat="35.0195588" lon="126.7899354"/>
 <node id="5180189925" visible="true" version="3" changeset="65610732" timestamp="2018-12-19T13:03:37Z" user="FUKUTAN" uid="5207199" lat="35.0202457" lon="126.7942772"/>
 <node id="5180189928" visible="true" version="4" changeset="144332579" timestamp="2023-11-22T16:15:50Z" user="asdfqwer51" uid="3350410" lat="35.0161744" lon="126.7939804"/>
 <node id="5180189929" visible="true" version="3" changeset="144332579" timestamp="2023-11-22T16:15:50Z" user="asdfqwer51" uid="3350410" lat="35.0153765" lon="126.7945138"/>
 <node id="5180189932" visible="true" version="4" changeset="144332579" timestamp="2023-11-22T16:15:50Z" user="asdfqwer51" uid="3350410" lat="35.0199719" lon="126.7909876"/>
 <node id="5180189939" visible="true" version="2" changeset="55000270" timestamp="2017-12-29T04:56:05Z" user="FUKUTAN" uid="5207199" lat="35.0120400" lon="126.7791745"/>
 <node id="5180189969" visible="true" version="4" changeset="144326721" timestamp="2023-11-22T13:28:24Z" user="asdfqwer51" uid="3350410" lat="35.0197865" lon="126.7946751"/>
 <node id="5180189970" visible="true" version="4" changeset="144326721" timestamp="2023-11-22T13:28:24Z" user="asdfqwer51" uid="3350410" lat="35.0202500" lon="126.7946721"/>
 <node id="5180189972" visible="true" version="3" changeset="99601411" timestamp="2021-02-19T14:39:38Z" user="mulgist" uid="12368943" lat="35.0137392" lon="126.7901519"/>
 <node id="5180189973" visible="true" version="2" changeset="54730316" timestamp="2017-12-18T13:10:10Z" user="user_5292863" uid="5292863" lat="35.0138272" lon="126.7862451"/>
 <node id="5180189974" visible="true" version="3" changeset="121788783" timestamp="2022-06-01T00:47:10Z" user="야광멧돼지" uid="12393144" lat="35.0136150" lon="126.7991418"/>
 <node id="5180190013" visible="true" version="2" changeset="133403728" timestamp="2023-03-07T13:38:58Z" user="FUKUTAN" uid="5207199" lat="35.0179249" lon="126.7811162"/>
 <node id="5180190014" visible="true" version="1" changeset="53130301" timestamp="2017-10-21T14:59:44Z" user="FUKUTAN" uid="5207199" lat="35.0179032" lon="126.7811351"/>
 <node id="5180190015" visible="true" version="3" changeset="144397454" timestamp="2023-11-24T08:19:48Z" user="asdfqwer51" uid="3350410" lat="35.0176419" lon="126.7821648"/>
 <node id="5180190016" visible="true" version="2" changeset="144397454" timestamp="2023-11-24T08:19:48Z" user="asdfqwer51" uid="3350410" lat="35.0176111" lon="126.7822780"/>
 <node id="5180190017" visible="true" version="2" changeset="144397454" timestamp="2023-11-24T08:19:48Z" user="asdfqwer51" uid="3350410" lat="35.0173108" lon="126.7828546"/>
 <node id="5180190018" visible="true" version="1" changeset="53130301" timestamp="2017-10-21T14:59:44Z" user="FUKUTAN" uid="5207199" lat="35.0172288" lon="126.7829992"/>
 <node id="5180190019" visible="true" version="2" changeset="144397454" timestamp="2023-11-24T08:19:48Z" user="asdfqwer51" uid="3350410" lat="35.0171443" lon="126.7832433"/>
 <node id="5180190020" visible="true" version="3" changeset="144397454" timestamp="2023-11-24T08:19:48Z" user="asdfqwer51" uid="3350410" lat="35.0169346" lon="126.7840776"/>
 <node id="5180190166" visible="true" version="2" changeset="127916765" timestamp="2022-10-22T10:41:35Z" user="FUKUTAN" uid="5207199" lat="35.0118231" lon="126.7927619"/>
 <node id="5180190167" visible="true" version="2" changeset="127916765" timestamp="2022-10-22T10:41:35Z" user="FUKUTAN" uid="5207199" lat="35.0118579" lon="126.7928940"/>
 <node id="5180190168" visible="true" version="2" changeset="127916765" timestamp="2022-10-22T10:41:35Z" user="FUKUTAN" uid="5207199" lat="35.0119363" lon="126.7930068"/>
 <node id="5180190169" visible="true" version="2" changeset="127916765" timestamp="2022-10-22T10:41:35Z" user="FUKUTAN" uid="5207199" lat="35.0119954" lon="126.7930470"/>
 <node id="5180190170" visible="true" version="2" changeset="127916765" timestamp="2022-10-22T10:41:35Z" user="FUKUTAN" uid="5207199" lat="35.0124064" lon="126.7930758"/>
 <node id="5180190171" visible="true" version="2" changeset="127916765" timestamp="2022-10-22T10:41:35Z" user="FUKUTAN" uid="5207199" lat="35.0125190" lon="126.7930903"/>
 <node id="5180190172" visible="true" version="1" changeset="53130301" timestamp="2017-10-21T14:59:45Z" user="FUKUTAN" uid="5207199" lat="35.0127614" lon="126.7931540"/>
 <node id="5180190173" visible="true" version="2" changeset="150569043" timestamp="2024-04-27T08:27:03Z" user="mulgist" uid="12368943" lat="35.0129139" lon="126.7932412"/>
 <node id="5180190174" visible="true" version="1" changeset="53130301" timestamp="2017-10-21T14:59:45Z" user="FUKUTAN" uid="5207199" lat="35.0130689" lon="126.7933892"/>
 <node id="5180190175" visible="true" version="1" changeset="53130301" timestamp="2017-10-21T14:59:45Z" user="FUKUTAN" uid="5207199" lat="35.0131901" lon="126.7935675"/>
 <node id="5180190176" visible="true" version="2" changeset="53148353" timestamp="2017-10-22T10:44:04Z" user="FUKUTAN" uid="5207199" lat="35.0132608" lon="126.7938199"/>
 <node id="5180190177" visible="true" version="2" changeset="65610732" timestamp="2018-12-19T13:03:37Z" user="FUKUTAN" uid="5207199" lat="35.0132640" lon="126.7939132"/>
 <node id="5180190178" visible="true" version="2" changeset="65610732" timestamp="2018-12-19T13:03:37Z" user="FUKUTAN" uid="5207199" lat="35.0132101" lon="126.7942343"/>
 <node id="5180190179" visible="true" version="1" changeset="53130301" timestamp="2017-10-21T14:59:45Z" user="FUKUTAN" uid="5207199" lat="35.0131124" lon="126.7943755"/>
 <node id="5180190180" visible="true" version="3" changeset="127916765" timestamp="2022-10-22T10:41:35Z" user="FUKUTAN" uid="5207199" lat="35.0130043" lon="126.7944601"/>
 <node id="5180190181" visible="true" version="3" changeset="127916765" timestamp="2022-10-22T10:41:35Z" user="FUKUTAN" uid="5207199" lat="35.0126286" lon="126.7944827"/>
 <node id="5180190182" visible="true" version="3" changeset="127916765" timestamp="2022-10-22T10:41:35Z" user="FUKUTAN" uid="5207199" lat="35.0124794" lon="126.7944131"/>
 <node id="5180190183" visible="true" version="4" changeset="150569043" timestamp="2024-04-27T08:27:03Z" user="mulgist" uid="12368943" lat="35.0122099" lon="126.7941521"/>
 <node id="5180190184" visible="true" version="4" changeset="185763174" timestamp="2026-07-15T06:14:42Z" user="야광멧돼지" uid="12393144" lat="35.0168094" lon="126.7905575"/>
 <node id="5180190185" visible="true" version="3" changeset="144332579" timestamp="2023-11-22T16:15:50Z" user="asdfqwer51" uid="3350410" lat="35.0180275" lon="126.7930315"/>
 <node id="5180190186" visible="true" version="2" changeset="144332579" timestamp="2023-11-22T16:15:50Z" user="asdfqwer51" uid="3350410" lat="35.0179590" lon="126.7929583"/>
 <node id="5180190187" visible="true" version="2" changeset="144332579" timestamp="2023-11-22T16:15:50Z" user="asdfqwer51" uid="3350410" lat="35.0176069" lon="126.7929616"/>
 <node id="5180190189" visible="true" version="2" changeset="144332579" timestamp="2023-11-22T16:15:50Z" user="asdfqwer51" uid="3350410" lat="35.0174568" lon="126.7929630"/>
 <node id="5180190190" visible="true" version="2" changeset="144332579" timestamp="2023-11-22T16:15:50Z" user="asdfqwer51" uid="3350410" lat="35.0174596" lon="126.7934248"/>
 <node id="5180190191" visible="true" version="2" changeset="144332579" timestamp="2023-11-22T16:15:50Z" user="asdfqwer51" uid="3350410" lat="35.0175437" lon="126.7934214"/>
 <node id="5180190192" visible="true" version="2" changeset="144332579" timestamp="2023-11-22T16:15:50Z" user="asdfqwer51" uid="3350410" lat="35.0177944" lon="126.7929598"/>
 <node id="5180190194" visible="true" version="2" changeset="144332579" timestamp="2023-11-22T16:15:50Z" user="asdfqwer51" uid="3350410" lat="35.0176119" lon="126.7932993"/>
 <node id="5180190195" visible="true" version="4" changeset="144332579" timestamp="2023-11-22T16:15:50Z" user="asdfqwer51" uid="3350410" lat="35.0196317" lon="126.7911215"/>
 <node id="5180190196" visible="true" version="3" changeset="65892810" timestamp="2018-12-30T17:32:41Z" user="FUKUTAN" uid="5207199" lat="35.0203705" lon="126.7881270"/>
 <node id="5180190197" visible="true" version="3" changeset="99219143" timestamp="2021-02-13T16:03:11Z" user="mulgist" uid="12368943" lat="35.0208950" lon="126.7902535"/>
 <node id="5180190203" visible="true" version="2" changeset="99601411" timestamp="2021-02-19T14:39:38Z" user="mulgist" uid="12368943" lat="35.0191126" lon="126.7871940"/>
 <node id="5180190204" visible="true" version="2" changeset="99601411" timestamp="2021-02-19T14:39:38Z" user="mulgist" uid="12368943" lat="35.0186754" lon="126.7867446"/>
 <node id="5180190206" visible="true" version="1" changeset="53130301" timestamp="2017-10-21T14:59:46Z" user="FUKUTAN" uid="5207199" lat="35.0178506" lon="126.7861279"/>
 <node id="5180190207" visible="true" version="1" changeset="53130301" timestamp="2017-10-21T14:59:46Z" user="FUKUTAN" uid="5207199" lat="35.0175031" lon="126.7859110"/>
 <node id="5180190208" visible="true" version="2" changeset="99601411" timestamp="2021-02-19T14:39:38Z" user="mulgist" uid="12368943" lat="35.0171123" lon="126.7857145"/>
 <node id="5180190209" visible="true" version="2" changeset="99601411" timestamp="2021-02-19T14:39:38Z" user="mulgist" uid="12368943" lat="35.0170447" lon="126.7858493"/>
 <node id="5180190212" visible="true" version="3" changeset="141712425" timestamp="2023-09-25T05:17:57Z" user="FUKUTAN" uid="5207199" lat="35.0162134" lon="126.7856377"/>
 <node id="5180190213" visible="true" version="3" changeset="141712425" timestamp="2023-09-25T05:17:57Z" user="FUKUTAN" uid="5207199" lat="35.0162045" lon="126.7853162"/>
 <node id="5180190214" visible="true" version="3" changeset="141712425" timestamp="2023-09-25T05:17:57Z" user="FUKUTAN" uid="5207199" lat="35.0158532" lon="126.7852861"/>
 <node id="5180190215" visible="true" version="4" changeset="141712425" timestamp="2023-09-25T05:17:57Z" user="FUKUTAN" uid="5207199" lat="35.0156733" lon="126.7853066"/>
 <node id="5180190216" visible="true" version="4" changeset="141712425" timestamp="2023-09-25T05:17:57Z" user="FUKUTAN" uid="5207199" lat="35.0153221" lon="126.7853835"/>
 <node id="5180190218" visible="true" version="2" changeset="55000270" timestamp="2017-12-29T04:56:06Z" user="FUKUTAN" uid="5207199" lat="35.0143616" lon="126.7861602"/>
 <node id="5180190219" visible="true" version="1" changeset="53130301" timestamp="2017-10-21T14:59:46Z" user="FUKUTAN" uid="5207199" lat="35.0141175" lon="126.7865425"/>
 <node id="5180190220" visible="true" version="1" changeset="53130301" timestamp="2017-10-21T14:59:46Z" user="FUKUTAN" uid="5207199" lat="35.0139686" lon="126.7868423"/>
 <node id="5180190321" visible="true" version="1" changeset="53130301" timestamp="2017-10-21T14:59:46Z" user="FUKUTAN" uid="5207199" lat="35.0138537" lon="126.7872570"/>
 <node id="5180190322" visible="true" version="1" changeset="53130301" timestamp="2017-10-21T14:59:46Z" user="FUKUTAN" uid="5207199" lat="35.0138459" lon="126.7876430"/>
 <node id="5180190323" visible="true" version="1" changeset="53130301" timestamp="2017-10-21T14:59:46Z" user="FUKUTAN" uid="5207199" lat="35.0138850" lon="126.7879492"/>
 <node id="5180190324" visible="true" version="1" changeset="53130301" timestamp="2017-10-21T14:59:46Z" user="FUKUTAN" uid="5207199" lat="35.0139895" lon="126.7883638"/>
 <node id="5180190325" visible="true" version="1" changeset="53130301" timestamp="2017-10-21T14:59:46Z" user="FUKUTAN" uid="5207199" lat="35.0142403" lon="126.7889188"/>
 <node id="5180190326" visible="true" version="1" changeset="53130301" timestamp="2017-10-21T14:59:46Z" user="FUKUTAN" uid="5207199" lat="35.0139425" lon="126.7888997"/>
 <node id="5180190327" visible="true" version="1" changeset="53130301" timestamp="2017-10-21T14:59:46Z" user="FUKUTAN" uid="5207199" lat="35.0139007" lon="126.7892569"/>
 <node id="5180190328" visible="true" version="1" changeset="53130301" timestamp="2017-10-21T14:59:46Z" user="FUKUTAN" uid="5207199" lat="35.0139112" lon="126.7898343"/>
 <node id="5180190329" visible="true" version="2" changeset="99601411" timestamp="2021-02-19T14:39:38Z" user="mulgist" uid="12368943" lat="35.0140268" lon="126.7902266"/>
 <node id="5180190330" visible="true" version="2" changeset="99601411" timestamp="2021-02-19T14:39:38Z" user="mulgist" uid="12368943" lat="35.0141291" lon="126.7905746"/>
 <node id="5180190331" visible="true" version="2" changeset="99601411" timestamp="2021-02-19T14:39:38Z" user="mulgist" uid="12368943" lat="35.0141691" lon="126.7908333"/>
 <node id="5180190332" visible="true" version="2" changeset="99601411" timestamp="2021-02-19T14:39:38Z" user="mulgist" uid="12368943" lat="35.0141577" lon="126.7910446"/>
 <node id="5180190333" visible="true" version="2" changeset="99601411" timestamp="2021-02-19T14:39:38Z" user="mulgist" uid="12368943" lat="35.0141100" lon="126.7912462"/>
 <node id="5180190334" visible="true" version="2" changeset="99601411" timestamp="2021-02-19T14:39:38Z" user="mulgist" uid="12368943" lat="35.0140346" lon="126.7914506"/>
 <node id="5180190335" visible="true" version="2" changeset="99601411" timestamp="2021-02-19T14:39:38Z" user="mulgist" uid="12368943" lat="35.0139050" lon="126.7917021"/>
 <node id="5180190336" visible="true" version="2" changeset="99601411" timestamp="2021-02-19T14:39:38Z" user="mulgist" uid="12368943" lat="35.0138521" lon="126.7920115"/>
 <node id="5180190337" visible="true" version="2" changeset="99601411" timestamp="2021-02-19T14:39:38Z" user="mulgist" uid="12368943" lat="35.0138579" lon="126.7922263"/>
 <node id="5180190338" visible="true" version="2" changeset="99601411" timestamp="2021-02-19T14:39:38Z" user="mulgist" uid="12368943" lat="35.0139032" lon="126.7923991"/>
 <node id="5180190339" visible="true" version="2" changeset="99601411" timestamp="2021-02-19T14:39:38Z" user="mulgist" uid="12368943" lat="35.0139992" lon="126.7926757"/>
 <node id="5180190340" visible="true" version="2" changeset="99601411" timestamp="2021-02-19T14:39:38Z" user="mulgist" uid="12368943" lat="35.0139966" lon="126.7927584"/>
 <node id="5180190341" visible="true" version="3" changeset="99601411" timestamp="2021-02-19T14:39:38Z" user="mulgist" uid="12368943" lat="35.0137738" lon="126.7930295"/>
 <node id="5180190343" visible="true" version="3" changeset="96383241" timestamp="2020-12-24T11:54:34Z" user="mulgist" uid="12368943" lat="35.0144099" lon="126.7900399"/>
 <node id="5180190344" visible="true" version="3" changeset="96383241" timestamp="2020-12-24T11:54:34Z" user="mulgist" uid="12368943" lat="35.0141905" lon="126.7903094"/>
 <node id="5180190345" visible="true" version="3" changeset="96383241" timestamp="2020-12-24T11:54:34Z" user="mulgist" uid="12368943" lat="35.0141652" lon="126.7904370"/>
 <node id="5180190346" visible="true" version="2" changeset="96383241" timestamp="2020-12-24T11:54:34Z" user="mulgist" uid="12368943" lat="35.0141987" lon="126.7907753"/>
 <node id="5180190347" visible="true" version="3" changeset="99630021" timestamp="2021-02-20T08:24:13Z" user="mulgist" uid="12368943" lat="35.0141848" lon="126.7912974"/>
 <node id="5180190348" visible="true" version="3" changeset="99630021" timestamp="2021-02-20T08:24:13Z" user="mulgist" uid="12368943" lat="35.0140751" lon="126.7919066"/>
 <node id="5180190349" visible="true" version="3" changeset="99630021" timestamp="2021-02-20T08:24:13Z" user="mulgist" uid="12368943" lat="35.0140928" lon="126.7925603"/>
 <node id="5180190350" visible="true" version="3" changeset="99630021" timestamp="2021-02-20T08:24:13Z" user="mulgist" uid="12368943" lat="35.0141014" lon="126.7928936"/>
 <node id="5180190351" visible="true" version="2" changeset="96383241" timestamp="2020-12-24T11:54:34Z" user="mulgist" uid="12368943" lat="35.0140361" lon="126.7931751"/>
 <node id="5180190352" visible="true" version="2" changeset="96383241" timestamp="2020-12-24T11:54:34Z" user="mulgist" uid="12368943" lat="35.0139548" lon="126.7940728"/>
 <node id="5180190353" visible="true" version="2" changeset="96383241" timestamp="2020-12-24T11:54:34Z" user="mulgist" uid="12368943" lat="35.0140767" lon="126.7946502"/>
 <node id="5180190354" visible="true" version="2" changeset="96383241" timestamp="2020-12-24T11:54:34Z" user="mulgist" uid="12368943" lat="35.0141396" lon="126.7947088"/>
 <node id="5180190355" visible="true" version="2" changeset="96383241" timestamp="2020-12-24T11:54:34Z" user="mulgist" uid="12368943" lat="35.0143058" lon="126.7947043"/>
 <node id="5180190356" visible="true" version="2" changeset="96383241" timestamp="2020-12-24T11:54:34Z" user="mulgist" uid="12368943" lat="35.0144203" lon="126.7944968"/>
 <node id="5180190357" visible="true" version="2" changeset="96383241" timestamp="2020-12-24T11:54:34Z" user="mulgist" uid="12368943" lat="35.0145127" lon="126.7941449"/>
 <node id="5180190358" visible="true" version="3" changeset="96383241" timestamp="2020-12-24T11:54:34Z" user="mulgist" uid="12368943" lat="35.0148363" lon="126.7937223"/>
 <node id="5180190359" visible="true" version="3" changeset="96383241" timestamp="2020-12-24T11:54:34Z" user="mulgist" uid="12368943" lat="35.0152125" lon="126.7937447"/>
 <node id="5180190360" visible="true" version="2" changeset="96383241" timestamp="2020-12-24T11:54:34Z" user="mulgist" uid="12368943" lat="35.0159203" lon="126.7932743"/>
 <node id="5180190361" visible="true" version="2" changeset="96383241" timestamp="2020-12-24T11:54:34Z" user="mulgist" uid="12368943" lat="35.0163082" lon="126.7932653"/>
 <node id="5180190362" visible="true" version="2" changeset="96383241" timestamp="2020-12-24T11:54:34Z" user="mulgist" uid="12368943" lat="35.0168771" lon="126.7928187"/>
 <node id="5180190363" visible="true" version="2" changeset="96383241" timestamp="2020-12-24T11:54:34Z" user="mulgist" uid="12368943" lat="35.0171948" lon="126.7928142"/>
 <node id="5180190364" visible="true" version="2" changeset="96383241" timestamp="2020-12-24T11:54:34Z" user="mulgist" uid="12368943" lat="35.0173057" lon="126.7927420"/>
 <node id="5180190365" visible="true" version="2" changeset="96383241" timestamp="2020-12-24T11:54:34Z" user="mulgist" uid="12368943" lat="35.0172946" lon="126.7926879"/>
 <node id="5180190366" visible="true" version="2" changeset="96383241" timestamp="2020-12-24T11:54:34Z" user="mulgist" uid="12368943" lat="35.0168365" lon="126.7927060"/>
 <node id="5180190367" visible="true" version="2" changeset="96383241" timestamp="2020-12-24T11:54:34Z" user="mulgist" uid="12368943" lat="35.0162602" lon="126.7928729"/>
 <node id="5180190368" visible="true" version="2" changeset="96383241" timestamp="2020-12-24T11:54:34Z" user="mulgist" uid="12368943" lat="35.0158722" lon="126.7926338"/>
 <node id="5180190369" visible="true" version="2" changeset="96383241" timestamp="2020-12-24T11:54:34Z" user="mulgist" uid="12368943" lat="35.0157688" lon="126.7925796"/>
 <node id="5180190370" visible="true" version="2" changeset="96383241" timestamp="2020-12-24T11:54:34Z" user="mulgist" uid="12368943" lat="35.0154696" lon="126.7926157"/>
 <node id="5180190371" visible="true" version="3" changeset="99601411" timestamp="2021-02-19T14:39:38Z" user="mulgist" uid="12368943" lat="35.0150239" lon="126.7924952"/>
 <node id="5180190372" visible="true" version="2" changeset="96383241" timestamp="2020-12-24T11:54:34Z" user="mulgist" uid="12368943" lat="35.0148489" lon="126.7920248"/>
 <node id="5180190373" visible="true" version="2" changeset="96383241" timestamp="2020-12-24T11:54:34Z" user="mulgist" uid="12368943" lat="35.0146494" lon="126.7914609"/>
 <node id="5180190374" visible="true" version="2" changeset="96383241" timestamp="2020-12-24T11:54:34Z" user="mulgist" uid="12368943" lat="35.0144499" lon="126.7912309"/>
 <node id="5180190375" visible="true" version="2" changeset="96383241" timestamp="2020-12-24T11:54:34Z" user="mulgist" uid="12368943" lat="35.0142873" lon="126.7908114"/>
 <node id="5180190376" visible="true" version="2" changeset="96383241" timestamp="2020-12-24T11:54:34Z" user="mulgist" uid="12368943" lat="35.0142873" lon="126.7904685"/>
 <node id="5180190377" visible="true" version="3" changeset="96383241" timestamp="2020-12-24T11:54:34Z" user="mulgist" uid="12368943" lat="35.0143278" lon="126.7902318"/>
 <node id="5180190378" visible="true" version="3" changeset="124040733" timestamp="2022-07-25T08:53:04Z" user="FUKUTAN" uid="5207199" lat="35.0138443" lon="126.7910242"/>
 <node id="5180190379" visible="true" version="4" changeset="141712425" timestamp="2023-09-25T05:17:57Z" user="FUKUTAN" uid="5207199" lat="35.0138337" lon="126.7903220"/>
 <node id="5180190380" visible="true" version="2" changeset="124040733" timestamp="2022-07-25T08:53:04Z" user="FUKUTAN" uid="5207199" lat="35.0138405" lon="126.7901355"/>
 <node id="5180190381" visible="true" version="2" changeset="124040733" timestamp="2022-07-25T08:53:04Z" user="FUKUTAN" uid="5207199" lat="35.0138542" lon="126.7900448"/>
 <node id="5180190382" visible="true" version="2" changeset="124040733" timestamp="2022-07-25T08:53:04Z" user="FUKUTAN" uid="5207199" lat="35.0138748" lon="126.7899914"/>
 <node id="5180190383" visible="true" version="2" changeset="124040733" timestamp="2022-07-25T08:53:04Z" user="FUKUTAN" uid="5207199" lat="35.0139028" lon="126.7899391"/>
 <node id="5180190384" visible="true" version="3" changeset="124040733" timestamp="2022-07-25T08:53:04Z" user="FUKUTAN" uid="5207199" lat="35.0140114" lon="126.7898275"/>
 <node id="5180190385" visible="true" version="3" changeset="124040733" timestamp="2022-07-25T08:53:04Z" user="FUKUTAN" uid="5207199" lat="35.0141172" lon="126.7897790"/>
 <node id="5180190386" visible="true" version="3" changeset="124040733" timestamp="2022-07-25T08:53:04Z" user="FUKUTAN" uid="5207199" lat="35.0141677" lon="126.7897651"/>
 <node id="5180190387" visible="true" version="3" changeset="124040733" timestamp="2022-07-25T08:53:04Z" user="FUKUTAN" uid="5207199" lat="35.0142236" lon="126.7897647"/>
 <node id="5180190388" visible="true" version="3" changeset="124040733" timestamp="2022-07-25T08:53:04Z" user="FUKUTAN" uid="5207199" lat="35.0150095" lon="126.7897698"/>
 <node id="5180190390" visible="true" version="4" changeset="124040733" timestamp="2022-07-25T08:53:04Z" user="FUKUTAN" uid="5207199" lat="35.0155032" lon="126.7897418"/>
 <node id="5180190391" visible="true" version="4" changeset="124040733" timestamp="2022-07-25T08:53:04Z" user="FUKUTAN" uid="5207199" lat="35.0155964" lon="126.7897858"/>
 <node id="5180190392" visible="true" version="4" changeset="124040733" timestamp="2022-07-25T08:53:04Z" user="FUKUTAN" uid="5207199" lat="35.0157162" lon="126.7899150"/>
 <node id="5180190393" visible="true" version="5" changeset="124040733" timestamp="2022-07-25T08:53:04Z" user="FUKUTAN" uid="5207199" lat="35.0158219" lon="126.7900867"/>
 <node id="5181473095" visible="true" version="1" changeset="53148353" timestamp="2017-10-22T10:43:48Z" user="FUKUTAN" uid="5207199" lat="35.0180333" lon="126.7845620"/>
 <node id="5181473109" visible="true" version="1" changeset="53148353" timestamp="2017-10-22T10:43:48Z" user="FUKUTAN" uid="5207199" lat="35.0147535" lon="126.7943236"/>
 <node id="5181473110" visible="true" version="1" changeset="53148353" timestamp="2017-10-22T10:43:48Z" user="FUKUTAN" uid="5207199" lat="35.0159083" lon="126.7936477"/>
 <node id="5181473111" visible="true" version="2" changeset="144332579" timestamp="2023-11-22T16:15:50Z" user="asdfqwer51" uid="3350410" lat="35.0160455" lon="126.7939617"/>
 <node id="5181473112" visible="true" version="2" changeset="65610732" timestamp="2018-12-19T13:03:37Z" user="FUKUTAN" uid="5207199" lat="35.0153023" lon="126.7955205"/>
 <node id="5181473116" visible="true" version="1" changeset="53148353" timestamp="2017-10-22T10:43:48Z" user="FUKUTAN" uid="5207199" lat="35.0089022" lon="126.7895797"/>
 <node id="5181473117" visible="true" version="1" changeset="53148353" timestamp="2017-10-22T10:43:48Z" user="FUKUTAN" uid="5207199" lat="35.0085463" lon="126.7897056"/>
 <node id="5181473118" visible="true" version="1" changeset="53148353" timestamp="2017-10-22T10:43:48Z" user="FUKUTAN" uid="5207199" lat="35.0096710" lon="126.7896536"/>
 <node id="5181473119" visible="true" version="1" changeset="53148353" timestamp="2017-10-22T10:43:48Z" user="FUKUTAN" uid="5207199" lat="35.0098907" lon="126.7897126"/>
 <node id="5181473120" visible="true" version="1" changeset="53148353" timestamp="2017-10-22T10:43:48Z" user="FUKUTAN" uid="5207199" lat="35.0101192" lon="126.7895731"/>
 <node id="5181473521" visible="true" version="1" changeset="53148353" timestamp="2017-10-22T10:43:48Z" user="FUKUTAN" uid="5207199" lat="35.0102861" lon="126.7897126"/>
 <node id="5181473522" visible="true" version="1" changeset="53148353" timestamp="2017-10-22T10:43:48Z" user="FUKUTAN" uid="5207199" lat="35.0105976" lon="126.7896271"/>
 <node id="5181473523" visible="true" version="1" changeset="53148353" timestamp="2017-10-22T10:43:48Z" user="FUKUTAN" uid="5207199" lat="35.0107870" lon="126.7897126"/>
 <node id="5181473524" visible="true" version="1" changeset="53148353" timestamp="2017-10-22T10:43:48Z" user="FUKUTAN" uid="5207199" lat="35.0110330" lon="126.7896214"/>
 <node id="5181473525" visible="true" version="2" changeset="144325400" timestamp="2023-11-22T12:55:22Z" user="asdfqwer51" uid="3350410" lat="35.0115532" lon="126.7896949"/>
 <node id="5181473526" visible="true" version="1" changeset="53148353" timestamp="2017-10-22T10:43:48Z" user="FUKUTAN" uid="5207199" lat="35.0117580" lon="126.7897501"/>
 <node id="5181473527" visible="true" version="1" changeset="53148353" timestamp="2017-10-22T10:43:48Z" user="FUKUTAN" uid="5207199" lat="35.0120963" lon="126.7895838"/>
 <node id="5181473528" visible="true" version="1" changeset="53148353" timestamp="2017-10-22T10:43:48Z" user="FUKUTAN" uid="5207199" lat="35.0124799" lon="126.7896965"/>
 <node id="5181473529" visible="true" version="1" changeset="53148353" timestamp="2017-10-22T10:43:48Z" user="FUKUTAN" uid="5207199" lat="35.0126763" lon="126.7897555"/>
 <node id="5181473530" visible="true" version="1" changeset="53148353" timestamp="2017-10-22T10:43:48Z" user="FUKUTAN" uid="5207199" lat="35.0134232" lon="126.7897555"/>
 <node id="5181473531" visible="true" version="1" changeset="53148353" timestamp="2017-10-22T10:43:48Z" user="FUKUTAN" uid="5207199" lat="35.0134232" lon="126.7894873"/>
 <node id="5181473532" visible="true" version="1" changeset="53148353" timestamp="2017-10-22T10:43:48Z" user="FUKUTAN" uid="5207199" lat="35.0120267" lon="126.7894883"/>
 <node id="5181473533" visible="true" version="1" changeset="53148353" timestamp="2017-10-22T10:43:48Z" user="FUKUTAN" uid="5207199" lat="35.0117295" lon="126.7896402"/>
 <node id="5181473534" visible="true" version="2" changeset="144325400" timestamp="2023-11-22T12:55:22Z" user="asdfqwer51" uid="3350410" lat="35.0115555" lon="126.7896021"/>
 <node id="5181473535" visible="true" version="1" changeset="53148353" timestamp="2017-10-22T10:43:49Z" user="FUKUTAN" uid="5207199" lat="35.0110738" lon="126.7895126"/>
 <node id="5181473536" visible="true" version="1" changeset="53148353" timestamp="2017-10-22T10:43:49Z" user="FUKUTAN" uid="5207199" lat="35.0105973" lon="126.7895127"/>
 <node id="5181473537" visible="true" version="1" changeset="53148353" timestamp="2017-10-22T10:43:49Z" user="FUKUTAN" uid="5207199" lat="35.0096186" lon="126.7895126"/>
 <node id="5181473538" visible="true" version="1" changeset="53148353" timestamp="2017-10-22T10:43:49Z" user="FUKUTAN" uid="5207199" lat="35.0096167" lon="126.7896647"/>
 <node id="5181473544" visible="true" version="1" changeset="53148353" timestamp="2017-10-22T10:43:49Z" user="FUKUTAN" uid="5207199" lat="35.0173280" lon="126.7872947"/>
 <node id="5181473545" visible="true" version="2" changeset="144324593" timestamp="2023-11-22T12:33:34Z" user="asdfqwer51" uid="3350410" lat="35.0141118" lon="126.7837689"/>
 <node id="5181473546" visible="true" version="2" changeset="144324593" timestamp="2023-11-22T12:33:34Z" user="asdfqwer51" uid="3350410" lat="35.0143181" lon="126.7833367"/>
 <node id="5181473584" visible="true" version="2" changeset="96545122" timestamp="2020-12-28T15:20:53Z" user="mulgist" uid="12368943" lat="35.0210761" lon="126.7963881"/>
 <node id="5181473595" visible="true" version="2" changeset="65610732" timestamp="2018-12-19T13:03:37Z" user="FUKUTAN" uid="5207199" lat="35.0132512" lon="126.7940942"/>
 <node id="5181473596" visible="true" version="1" changeset="53148353" timestamp="2017-10-22T10:43:49Z" user="FUKUTAN" uid="5207199" lat="35.0132321" lon="126.7936870"/>
 <node id="5181473597" visible="true" version="4" changeset="185763392" timestamp="2026-07-15T06:20:29Z" user="야광멧돼지" uid="12393144" lat="35.0191237" lon="126.7908841"/>
 <node id="5181473598" visible="true" version="4" changeset="185763392" timestamp="2026-07-15T06:20:29Z" user="야광멧돼지" uid="12393144" lat="35.0191440" lon="126.7909415"/>
 <node id="5181473599" visible="true" version="3" changeset="144332579" timestamp="2023-11-22T16:15:50Z" user="asdfqwer51" uid="3350410" lat="35.0192236" lon="126.7909920"/>
 <node id="5181473600" visible="true" version="2" changeset="144332579" timestamp="2023-11-22T16:15:50Z" user="asdfqwer51" uid="3350410" lat="35.0193779" lon="126.7909398"/>
 <node id="5181473601" visible="true" version="2" changeset="144332579" timestamp="2023-11-22T16:15:50Z" user="asdfqwer51" uid="3350410" lat="35.0195842" lon="126.7908154"/>
 <node id="5181473602" visible="true" version="2" changeset="144332579" timestamp="2023-11-22T16:15:50Z" user="asdfqwer51" uid="3350410" lat="35.0196861" lon="126.7906751"/>
 <node id="5181473603" visible="true" version="2" changeset="144332579" timestamp="2023-11-22T16:15:50Z" user="asdfqwer51" uid="3350410" lat="35.0197802" lon="126.7906081"/>
 <node id="5181473604" visible="true" version="3" changeset="144332579" timestamp="2023-11-22T16:15:50Z" user="asdfqwer51" uid="3350410" lat="35.0200179" lon="126.7906410"/>
 <node id="5181473605" visible="true" version="2" changeset="144332579" timestamp="2023-11-22T16:15:50Z" user="asdfqwer51" uid="3350410" lat="35.0201119" lon="126.7906272"/>
 <node id="5181473606" visible="true" version="3" changeset="144332579" timestamp="2023-11-22T16:15:50Z" user="asdfqwer51" uid="3350410" lat="35.0202855" lon="126.7905889"/>
 <node id="5181473607" visible="true" version="3" changeset="144332579" timestamp="2023-11-22T16:15:50Z" user="asdfqwer51" uid="3350410" lat="35.0204437" lon="126.7905919"/>
 <node id="5181473608" visible="true" version="3" changeset="144332579" timestamp="2023-11-22T16:15:50Z" user="asdfqwer51" uid="3350410" lat="35.0206074" lon="126.7906375"/>
 <node id="5181473609" visible="true" version="3" changeset="144332579" timestamp="2023-11-22T16:15:50Z" user="asdfqwer51" uid="3350410" lat="35.0206732" lon="126.7905391"/>
 <node id="5181473610" visible="true" version="3" changeset="144332579" timestamp="2023-11-22T16:15:50Z" user="asdfqwer51" uid="3350410" lat="35.0207967" lon="126.7904210"/>
 <node id="5181473611" visible="true" version="4" changeset="185763392" timestamp="2026-07-15T06:20:29Z" user="야광멧돼지" uid="12393144" lat="35.0205736" lon="126.7897764"/>
 <node id="5181473612" visible="true" version="4" changeset="185763392" timestamp="2026-07-15T06:20:29Z" user="야광멧돼지" uid="12393144" lat="35.0205003" lon="126.7896787"/>
 <node id="5181473613" visible="true" version="3" changeset="185763392" timestamp="2026-07-15T06:20:29Z" user="야광멧돼지" uid="12393144" lat="35.0200254" lon="126.7899615"/>
 <node id="5181473614" visible="true" version="3" changeset="185763392" timestamp="2026-07-15T06:20:29Z" user="야광멧돼지" uid="12393144" lat="35.0198807" lon="126.7901730"/>
 <node id="5181473615" visible="true" version="4" changeset="185763392" timestamp="2026-07-15T06:20:29Z" user="야광멧돼지" uid="12393144" lat="35.0195023" lon="126.7901320"/>
 <node id="5181473616" visible="true" version="4" changeset="185763392" timestamp="2026-07-15T06:20:29Z" user="야광멧돼지" uid="12393144" lat="35.0193293" lon="126.7900899"/>
 <node id="5181473617" visible="true" version="4" changeset="185763392" timestamp="2026-07-15T06:20:29Z" user="야광멧돼지" uid="12393144" lat="35.0192567" lon="126.7901002"/>
 <node id="5181473618" visible="true" version="4" changeset="185763392" timestamp="2026-07-15T06:20:29Z" user="야광멧돼지" uid="12393144" lat="35.0191875" lon="126.7902123"/>
 <node id="5181473619" visible="true" version="4" changeset="185763392" timestamp="2026-07-15T06:20:29Z" user="야광멧돼지" uid="12393144" lat="35.0191650" lon="126.7902955"/>
 <node id="5181473620" visible="true" version="4" changeset="185763392" timestamp="2026-07-15T06:20:29Z" user="야광멧돼지" uid="12393144" lat="35.0191961" lon="126.7905004"/>
 <node id="5181473621" visible="true" version="4" changeset="185763392" timestamp="2026-07-15T06:20:29Z" user="야광멧돼지" uid="12393144" lat="35.0192074" lon="126.7906636"/>
 <node id="5181473622" visible="true" version="4" changeset="185763392" timestamp="2026-07-15T06:20:29Z" user="야광멧돼지" uid="12393144" lat="35.0191764" lon="126.7907544"/>
 <node id="5181473623" visible="true" version="4" changeset="185763392" timestamp="2026-07-15T06:20:29Z" user="야광멧돼지" uid="12393144" lat="35.0191435" lon="126.7908237"/>
 <node id="5181473624" visible="true" version="2" changeset="96383241" timestamp="2020-12-24T11:54:34Z" user="mulgist" uid="12368943" lat="35.0143826" lon="126.7901750"/>
 <node id="5181473625" visible="true" version="2" changeset="96383241" timestamp="2020-12-24T11:54:34Z" user="mulgist" uid="12368943" lat="35.0145737" lon="126.7898834"/>
 <node id="5181473626" visible="true" version="2" changeset="96383241" timestamp="2020-12-24T11:54:34Z" user="mulgist" uid="12368943" lat="35.0144489" lon="126.7896689"/>
 <node id="5181473627" visible="true" version="3" changeset="99601411" timestamp="2021-02-19T14:39:38Z" user="mulgist" uid="12368943" lat="35.0145681" lon="126.7894819"/>
 <node id="5181473629" visible="true" version="2" changeset="96383241" timestamp="2020-12-24T11:54:34Z" user="mulgist" uid="12368943" lat="35.0147153" lon="126.7893682"/>
 <node id="5181473630" visible="true" version="2" changeset="96383241" timestamp="2020-12-24T11:54:34Z" user="mulgist" uid="12368943" lat="35.0144318" lon="126.7901152"/>
 <node id="5181473631" visible="true" version="2" changeset="96383241" timestamp="2020-12-24T11:54:34Z" user="mulgist" uid="12368943" lat="35.0142710" lon="126.7901744"/>
 <node id="5181473634" visible="true" version="3" changeset="99601411" timestamp="2021-02-19T14:39:38Z" user="mulgist" uid="12368943" lat="35.0210872" lon="126.7892916"/>
 <node id="5181473635" visible="true" version="2" changeset="99601411" timestamp="2021-02-19T14:39:38Z" user="mulgist" uid="12368943" lat="35.0210519" lon="126.7894074"/>
 <node id="5181473636" visible="true" version="2" changeset="99562383" timestamp="2021-02-19T05:10:29Z" user="mulgist" uid="12368943" lat="35.0209087" lon="126.7894704"/>
 <node id="5181473637" visible="true" version="2" changeset="99562383" timestamp="2021-02-19T05:10:29Z" user="mulgist" uid="12368943" lat="35.0207500" lon="126.7894585"/>
 <node id="5181473638" visible="true" version="2" changeset="99562383" timestamp="2021-02-19T05:10:29Z" user="mulgist" uid="12368943" lat="35.0206162" lon="126.7894547"/>
 <node id="5181473639" visible="true" version="3" changeset="99601411" timestamp="2021-02-19T14:39:38Z" user="mulgist" uid="12368943" lat="35.0205870" lon="126.7894504"/>
 <node id="5181473640" visible="true" version="2" changeset="99601411" timestamp="2021-02-19T14:39:38Z" user="mulgist" uid="12368943" lat="35.0203435" lon="126.7893357"/>
 <node id="5181473641" visible="true" version="2" changeset="99601411" timestamp="2021-02-19T14:39:38Z" user="mulgist" uid="12368943" lat="35.0201798" lon="126.7892159"/>
 <node id="5181473642" visible="true" version="2" changeset="99601411" timestamp="2021-02-19T14:39:38Z" user="mulgist" uid="12368943" lat="35.0199676" lon="126.7890369"/>
 <node id="5181473643" visible="true" version="2" changeset="99601411" timestamp="2021-02-19T14:39:38Z" user="mulgist" uid="12368943" lat="35.0198149" lon="126.7888346"/>
 <node id="5181473644" visible="true" version="2" changeset="99601411" timestamp="2021-02-19T14:39:38Z" user="mulgist" uid="12368943" lat="35.0196893" lon="126.7886064"/>
 <node id="5181473645" visible="true" version="2" changeset="99601411" timestamp="2021-02-19T14:39:38Z" user="mulgist" uid="12368943" lat="35.0195433" lon="126.7883069"/>
 <node id="5181473646" visible="true" version="2" changeset="99601411" timestamp="2021-02-19T14:39:38Z" user="mulgist" uid="12368943" lat="35.0194800" lon="126.7881283"/>
 <node id="5181473647" visible="true" version="2" changeset="99601411" timestamp="2021-02-19T14:39:38Z" user="mulgist" uid="12368943" lat="35.0194127" lon="126.7879235"/>
 <node id="5181473648" visible="true" version="2" changeset="99601411" timestamp="2021-02-19T14:39:38Z" user="mulgist" uid="12368943" lat="35.0193512" lon="126.7878041"/>
 <node id="5181473649" visible="true" version="2" changeset="99601411" timestamp="2021-02-19T14:39:38Z" user="mulgist" uid="12368943" lat="35.0192519" lon="126.7876724"/>
 <node id="5181473650" visible="true" version="2" changeset="99601411" timestamp="2021-02-19T14:39:38Z" user="mulgist" uid="12368943" lat="35.0191289" lon="126.7875625"/>
 <node id="5181473651" visible="true" version="1" changeset="53148353" timestamp="2017-10-22T10:43:50Z" user="FUKUTAN" uid="5207199" lat="35.0189854" lon="126.7874828"/>
 <node id="5181473652" visible="true" version="1" changeset="53148353" timestamp="2017-10-22T10:43:50Z" user="FUKUTAN" uid="5207199" lat="35.0188757" lon="126.7874764"/>
 <node id="5181473653" visible="true" version="1" changeset="53148353" timestamp="2017-10-22T10:43:50Z" user="FUKUTAN" uid="5207199" lat="35.0184473" lon="126.7874637"/>
 <node id="5181473654" visible="true" version="2" changeset="124040733" timestamp="2022-07-25T08:53:04Z" user="FUKUTAN" uid="5207199" lat="35.0183317" lon="126.7874530"/>
 <node id="5181473657" visible="true" version="2" changeset="124040733" timestamp="2022-07-25T08:53:04Z" user="FUKUTAN" uid="5207199" lat="35.0180044" lon="126.7870873"/>
 <node id="5181473658" visible="true" version="1" changeset="53148353" timestamp="2017-10-22T10:43:50Z" user="FUKUTAN" uid="5207199" lat="35.0178491" lon="126.7866981"/>
 <node id="5181473659" visible="true" version="1" changeset="53148353" timestamp="2017-10-22T10:43:50Z" user="FUKUTAN" uid="5207199" lat="35.0177707" lon="126.7865131"/>
 <node id="5181473660" visible="true" version="2" changeset="124040733" timestamp="2022-07-25T08:53:04Z" user="FUKUTAN" uid="5207199" lat="35.0177347" lon="126.7864492"/>
 <node id="5181473661" visible="true" version="2" changeset="124040733" timestamp="2022-07-25T08:53:04Z" user="FUKUTAN" uid="5207199" lat="35.0176361" lon="126.7863773"/>
 <node id="5181473662" visible="true" version="2" changeset="99601411" timestamp="2021-02-19T14:39:38Z" user="mulgist" uid="12368943" lat="35.0175646" lon="126.7863834"/>
 <node id="5181473663" visible="true" version="2" changeset="99601411" timestamp="2021-02-19T14:39:38Z" user="mulgist" uid="12368943" lat="35.0174155" lon="126.7864018"/>
 <node id="5181473664" visible="true" version="2" changeset="99601411" timestamp="2021-02-19T14:39:38Z" user="mulgist" uid="12368943" lat="35.0167748" lon="126.7864160"/>
 <node id="5181473665" visible="true" version="2" changeset="99601411" timestamp="2021-02-19T14:39:38Z" user="mulgist" uid="12368943" lat="35.0167258" lon="126.7863997"/>
 <node id="5181473666" visible="true" version="2" changeset="99601411" timestamp="2021-02-19T14:39:38Z" user="mulgist" uid="12368943" lat="35.0166941" lon="126.7863522"/>
 <node id="5181473667" visible="true" version="2" changeset="99601411" timestamp="2021-02-19T14:39:38Z" user="mulgist" uid="12368943" lat="35.0167101" lon="126.7862770"/>
 <node id="5181473668" visible="true" version="2" changeset="99601411" timestamp="2021-02-19T14:39:38Z" user="mulgist" uid="12368943" lat="35.0167382" lon="126.7861399"/>
 <node id="5181473669" visible="true" version="2" changeset="99601411" timestamp="2021-02-19T14:39:38Z" user="mulgist" uid="12368943" lat="35.0167806" lon="126.7859574"/>
 <node id="5181473670" visible="true" version="2" changeset="99601411" timestamp="2021-02-19T14:39:38Z" user="mulgist" uid="12368943" lat="35.0167014" lon="126.7858416"/>
 <node id="5181473674" visible="true" version="2" changeset="99601411" timestamp="2021-02-19T14:39:38Z" user="mulgist" uid="12368943" lat="35.0158817" lon="126.7857358"/>
 <node id="5181473676" visible="true" version="2" changeset="99601411" timestamp="2021-02-19T14:39:38Z" user="mulgist" uid="12368943" lat="35.0151646" lon="126.7859088"/>
 <node id="5181473677" visible="true" version="2" changeset="99601411" timestamp="2021-02-19T14:39:38Z" user="mulgist" uid="12368943" lat="35.0150736" lon="126.7859447"/>
 <node id="5181473678" visible="true" version="3" changeset="141712425" timestamp="2023-09-25T05:17:57Z" user="FUKUTAN" uid="5207199" lat="35.0149764" lon="126.7855528"/>
 <node id="5181473679" visible="true" version="2" changeset="99601411" timestamp="2021-02-19T14:39:38Z" user="mulgist" uid="12368943" lat="35.0149079" lon="126.7852805"/>
 <node id="5181473680" visible="true" version="2" changeset="99601411" timestamp="2021-02-19T14:39:38Z" user="mulgist" uid="12368943" lat="35.0147922" lon="126.7848759"/>
 <node id="5181473681" visible="true" version="2" changeset="99601411" timestamp="2021-02-19T14:39:38Z" user="mulgist" uid="12368943" lat="35.0145704" lon="126.7844076"/>
 <node id="5181473682" visible="true" version="3" changeset="99601411" timestamp="2021-02-19T14:39:38Z" user="mulgist" uid="12368943" lat="35.0145475" lon="126.7840242"/>
 <node id="5181473683" visible="true" version="1" changeset="53148353" timestamp="2017-10-22T10:43:51Z" user="FUKUTAN" uid="5207199" lat="35.0155702" lon="126.7912722"/>
 <node id="5181473684" visible="true" version="2" changeset="99601411" timestamp="2021-02-19T14:39:38Z" user="mulgist" uid="12368943" lat="35.0158137" lon="126.7910367"/>
 <node id="5181473685" visible="true" version="3" changeset="124040733" timestamp="2022-07-25T08:53:04Z" user="FUKUTAN" uid="5207199" lat="35.0154819" lon="126.7907210"/>
 <node id="5181473686" visible="true" version="3" changeset="124040733" timestamp="2022-07-25T08:53:04Z" user="FUKUTAN" uid="5207199" lat="35.0150517" lon="126.7907224"/>
 <node id="5181473687" visible="true" version="3" changeset="124040733" timestamp="2022-07-25T08:53:04Z" user="FUKUTAN" uid="5207199" lat="35.0150505" lon="126.7901998"/>
 <node id="5181473688" visible="true" version="3" changeset="124040733" timestamp="2022-07-25T08:53:04Z" user="FUKUTAN" uid="5207199" lat="35.0148172" lon="126.7902006"/>
 <node id="5181473689" visible="true" version="3" changeset="124040733" timestamp="2022-07-25T08:53:04Z" user="FUKUTAN" uid="5207199" lat="35.0148191" lon="126.7910977"/>
 <node id="5181473690" visible="true" version="3" changeset="124040733" timestamp="2022-07-25T08:53:04Z" user="FUKUTAN" uid="5207199" lat="35.0148783" lon="126.7910975"/>
 <node id="5181473692" visible="true" version="2" changeset="124040733" timestamp="2022-07-25T08:53:04Z" user="FUKUTAN" uid="5207199" lat="35.0148785" lon="126.7911789"/>
 <node id="5181473693" visible="true" version="3" changeset="124040733" timestamp="2022-07-25T08:53:04Z" user="FUKUTAN" uid="5207199" lat="35.0148890" lon="126.7912144"/>
 <node id="5181473694" visible="true" version="3" changeset="124040733" timestamp="2022-07-25T08:53:04Z" user="FUKUTAN" uid="5207199" lat="35.0149255" lon="126.7912570"/>
 <node id="5181473695" visible="true" version="3" changeset="124040733" timestamp="2022-07-25T08:53:04Z" user="FUKUTAN" uid="5207199" lat="35.0153616" lon="126.7912627"/>
 <node id="5181473697" visible="true" version="3" changeset="124040733" timestamp="2022-07-25T08:53:04Z" user="FUKUTAN" uid="5207199" lat="35.0156221" lon="126.7909954"/>
 <node id="5181473698" visible="true" version="3" changeset="124040733" timestamp="2022-07-25T08:53:04Z" user="FUKUTAN" uid="5207199" lat="35.0156218" lon="126.7908374"/>
 <node id="5181473699" visible="true" version="3" changeset="124040733" timestamp="2022-07-25T08:53:04Z" user="FUKUTAN" uid="5207199" lat="35.0154822" lon="126.7908378"/>
 <node id="5181473700" visible="true" version="3" changeset="185763392" timestamp="2026-07-15T06:20:29Z" user="야광멧돼지" uid="12393144" lat="35.0179722" lon="126.7888015"/>
 <node id="5181473701" visible="true" version="1" changeset="53148353" timestamp="2017-10-22T10:43:51Z" user="FUKUTAN" uid="5207199" lat="35.0140240" lon="126.7926761"/>
 <node id="5181473703" visible="true" version="2" changeset="99630021" timestamp="2021-02-20T08:24:13Z" user="mulgist" uid="12368943" lat="35.0140536" lon="126.7929492"/>
 <node id="5181473704" visible="true" version="2" changeset="99630021" timestamp="2021-02-20T08:24:13Z" user="mulgist" uid="12368943" lat="35.0139707" lon="126.7932059"/>
 <node id="5181473705" visible="true" version="2" changeset="99630021" timestamp="2021-02-20T08:24:13Z" user="mulgist" uid="12368943" lat="35.0139147" lon="126.7934738"/>
 <node id="5181473706" visible="true" version="2" changeset="99630021" timestamp="2021-02-20T08:24:13Z" user="mulgist" uid="12368943" lat="35.0138780" lon="126.7937169"/>
 <node id="5181473707" visible="true" version="2" changeset="99630021" timestamp="2021-02-20T08:24:13Z" user="mulgist" uid="12368943" lat="35.0138795" lon="126.7939752"/>
 <node id="5181473708" visible="true" version="2" changeset="99601411" timestamp="2021-02-19T14:39:38Z" user="mulgist" uid="12368943" lat="35.0138880" lon="126.7941503"/>
 <node id="5181473709" visible="true" version="2" changeset="99601411" timestamp="2021-02-19T14:39:38Z" user="mulgist" uid="12368943" lat="35.0137951" lon="126.7942868"/>
 <node id="5181473710" visible="true" version="2" changeset="99601411" timestamp="2021-02-19T14:39:38Z" user="mulgist" uid="12368943" lat="35.0137977" lon="126.7944105"/>
 <node id="5181473711" visible="true" version="1" changeset="53148353" timestamp="2017-10-22T10:43:51Z" user="FUKUTAN" uid="5207199" lat="35.0137888" lon="126.7944431"/>
 <node id="5181473712" visible="true" version="1" changeset="53148353" timestamp="2017-10-22T10:43:51Z" user="FUKUTAN" uid="5207199" lat="35.0138385" lon="126.7944431"/>
 <node id="5181473713" visible="true" version="2" changeset="99630021" timestamp="2021-02-20T08:24:13Z" user="mulgist" uid="12368943" lat="35.0139609" lon="126.7944739"/>
 <node id="5181473714" visible="true" version="2" changeset="99630021" timestamp="2021-02-20T08:24:13Z" user="mulgist" uid="12368943" lat="35.0139797" lon="126.7945620"/>
 <node id="5181473715" visible="true" version="2" changeset="99630021" timestamp="2021-02-20T08:24:13Z" user="mulgist" uid="12368943" lat="35.0139920" lon="126.7946884"/>
 <node id="5181473716" visible="true" version="2" changeset="99630021" timestamp="2021-02-20T08:24:13Z" user="mulgist" uid="12368943" lat="35.0139796" lon="126.7948864"/>
 <node id="5181473717" visible="true" version="2" changeset="99630021" timestamp="2021-02-20T08:24:13Z" user="mulgist" uid="12368943" lat="35.0139698" lon="126.7950862"/>
 <node id="5181473718" visible="true" version="2" changeset="99630021" timestamp="2021-02-20T08:24:13Z" user="mulgist" uid="12368943" lat="35.0140348" lon="126.7951059"/>
 <node id="5181473719" visible="true" version="2" changeset="99630021" timestamp="2021-02-20T08:24:13Z" user="mulgist" uid="12368943" lat="35.0141429" lon="126.7951142"/>
 <node id="5181473720" visible="true" version="2" changeset="99630021" timestamp="2021-02-20T08:24:13Z" user="mulgist" uid="12368943" lat="35.0142768" lon="126.7950409"/>
 <node id="5181473721" visible="true" version="2" changeset="99630021" timestamp="2021-02-20T08:24:13Z" user="mulgist" uid="12368943" lat="35.0143727" lon="126.7949624"/>
 <node id="5181473722" visible="true" version="2" changeset="99630021" timestamp="2021-02-20T08:24:13Z" user="mulgist" uid="12368943" lat="35.0144441" lon="126.7948477"/>
 <node id="5181473723" visible="true" version="2" changeset="99630021" timestamp="2021-02-20T08:24:13Z" user="mulgist" uid="12368943" lat="35.0144956" lon="126.7947160"/>
 <node id="5181473724" visible="true" version="2" changeset="99630021" timestamp="2021-02-20T08:24:13Z" user="mulgist" uid="12368943" lat="35.0145334" lon="126.7945683"/>
 <node id="5181473725" visible="true" version="3" changeset="99630021" timestamp="2021-02-20T08:24:13Z" user="mulgist" uid="12368943" lat="35.0145328" lon="126.7944923"/>
 <node id="5181473726" visible="true" version="1" changeset="53148353" timestamp="2017-10-22T10:43:51Z" user="FUKUTAN" uid="5207199" lat="35.0151984" lon="126.7940787"/>
 <node id="5181473727" visible="true" version="1" changeset="53148353" timestamp="2017-10-22T10:43:51Z" user="FUKUTAN" uid="5207199" lat="35.0150845" lon="126.7940968"/>
 <node id="5181473728" visible="true" version="1" changeset="53148353" timestamp="2017-10-22T10:43:51Z" user="FUKUTAN" uid="5207199" lat="35.0153746" lon="126.7939105"/>
 <node id="5181473729" visible="true" version="2" changeset="99630021" timestamp="2021-02-20T08:24:13Z" user="mulgist" uid="12368943" lat="35.0159208" lon="126.7936099"/>
 <node id="5181473730" visible="true" version="2" changeset="99630021" timestamp="2021-02-20T08:24:13Z" user="mulgist" uid="12368943" lat="35.0160113" lon="126.7938312"/>
 <node id="5181473731" visible="true" version="2" changeset="99630021" timestamp="2021-02-20T08:24:13Z" user="mulgist" uid="12368943" lat="35.0161049" lon="126.7937280"/>
 <node id="5181473732" visible="true" version="2" changeset="99630021" timestamp="2021-02-20T08:24:13Z" user="mulgist" uid="12368943" lat="35.0162272" lon="126.7936563"/>
 <node id="5181473733" visible="true" version="2" changeset="99630021" timestamp="2021-02-20T08:24:13Z" user="mulgist" uid="12368943" lat="35.0163408" lon="126.7935929"/>
 <node id="5181473734" visible="true" version="2" changeset="99630021" timestamp="2021-02-20T08:24:13Z" user="mulgist" uid="12368943" lat="35.0164645" lon="126.7935630"/>
 <node id="5181473735" visible="true" version="2" changeset="99630021" timestamp="2021-02-20T08:24:13Z" user="mulgist" uid="12368943" lat="35.0165434" lon="126.7935521"/>
 <node id="5181473736" visible="true" version="2" changeset="99630021" timestamp="2021-02-20T08:24:13Z" user="mulgist" uid="12368943" lat="35.0166525" lon="126.7934906"/>
 <node id="5181473737" visible="true" version="2" changeset="99630021" timestamp="2021-02-20T08:24:13Z" user="mulgist" uid="12368943" lat="35.0167590" lon="126.7933661"/>
 <node id="5181473738" visible="true" version="2" changeset="99630021" timestamp="2021-02-20T08:24:13Z" user="mulgist" uid="12368943" lat="35.0168441" lon="126.7932029"/>
 <node id="5181473739" visible="true" version="2" changeset="99630021" timestamp="2021-02-20T08:24:13Z" user="mulgist" uid="12368943" lat="35.0170207" lon="126.7930153"/>
 <node id="5181473741" visible="true" version="2" changeset="99630021" timestamp="2021-02-20T08:24:13Z" user="mulgist" uid="12368943" lat="35.0171272" lon="126.7929171"/>
 <node id="5181473742" visible="true" version="2" changeset="99630021" timestamp="2021-02-20T08:24:13Z" user="mulgist" uid="12368943" lat="35.0172080" lon="126.7929029"/>
 <node id="5181473744" visible="true" version="2" changeset="99630021" timestamp="2021-02-20T08:24:13Z" user="mulgist" uid="12368943" lat="35.0173845" lon="126.7928882"/>
 <node id="5181473748" visible="true" version="2" changeset="99630021" timestamp="2021-02-20T08:24:13Z" user="mulgist" uid="12368943" lat="35.0179560" lon="126.7929035"/>
 <node id="5181473749" visible="true" version="2" changeset="99630021" timestamp="2021-02-20T08:24:13Z" user="mulgist" uid="12368943" lat="35.0181465" lon="126.7927134"/>
 <node id="5181473750" visible="true" version="2" changeset="99630021" timestamp="2021-02-20T08:24:13Z" user="mulgist" uid="12368943" lat="35.0180775" lon="126.7928214"/>
 <node id="5181473751" visible="true" version="2" changeset="54730316" timestamp="2017-12-18T13:10:10Z" user="user_5292863" uid="5292863" lat="35.0148582" lon="126.7947943"/>
 <node id="5181473752" visible="true" version="2" changeset="99601411" timestamp="2021-02-19T14:39:38Z" user="mulgist" uid="12368943" lat="35.0181581" lon="126.7873419"/>
 <node id="5181473753" visible="true" version="3" changeset="124040733" timestamp="2022-07-25T08:53:04Z" user="FUKUTAN" uid="5207199" lat="35.0182722" lon="126.7864209"/>
 <node id="5181473756" visible="true" version="3" changeset="124040733" timestamp="2022-07-25T08:53:04Z" user="FUKUTAN" uid="5207199" lat="35.0185308" lon="126.7848894"/>
 <node id="5181473757" visible="true" version="3" changeset="124040733" timestamp="2022-07-25T08:53:04Z" user="FUKUTAN" uid="5207199" lat="35.0183804" lon="126.7852337"/>
 <node id="5181473758" visible="true" version="3" changeset="124040733" timestamp="2022-07-25T08:53:04Z" user="FUKUTAN" uid="5207199" lat="35.0181816" lon="126.7863507"/>
 <node id="5181473761" visible="true" version="2" changeset="99601411" timestamp="2021-02-19T14:39:38Z" user="mulgist" uid="12368943" lat="35.0182108" lon="126.7927502"/>
 <node id="5181473763" visible="true" version="2" changeset="99601411" timestamp="2021-02-19T14:39:38Z" user="mulgist" uid="12368943" lat="35.0177593" lon="126.7922624"/>
 <node id="5181473764" visible="true" version="2" changeset="99601411" timestamp="2021-02-19T14:39:38Z" user="mulgist" uid="12368943" lat="35.0175799" lon="126.7920308"/>
 <node id="5181473765" visible="true" version="2" changeset="99601411" timestamp="2021-02-19T14:39:38Z" user="mulgist" uid="12368943" lat="35.0174717" lon="126.7918840"/>
 <node id="5181473766" visible="true" version="2" changeset="99601411" timestamp="2021-02-19T14:39:38Z" user="mulgist" uid="12368943" lat="35.0173802" lon="126.7917650"/>
 <node id="5181473767" visible="true" version="2" changeset="99601411" timestamp="2021-02-19T14:39:38Z" user="mulgist" uid="12368943" lat="35.0173327" lon="126.7916528"/>
 <node id="5181473768" visible="true" version="2" changeset="99601411" timestamp="2021-02-19T14:39:38Z" user="mulgist" uid="12368943" lat="35.0172536" lon="126.7916780"/>
 <node id="5181473769" visible="true" version="2" changeset="99601411" timestamp="2021-02-19T14:39:38Z" user="mulgist" uid="12368943" lat="35.0199904" lon="126.7878505"/>
 <node id="5181473771" visible="true" version="2" changeset="99601411" timestamp="2021-02-19T14:39:38Z" user="mulgist" uid="12368943" lat="35.0197623" lon="126.7879824"/>
 <node id="5181473772" visible="true" version="1" changeset="53148353" timestamp="2017-10-22T10:43:52Z" user="FUKUTAN" uid="5207199" lat="35.0195415" lon="126.7880151"/>
 <node id="5181473773" visible="true" version="2" changeset="99601411" timestamp="2021-02-19T14:39:38Z" user="mulgist" uid="12368943" lat="35.0194568" lon="126.7880436"/>
 <node id="5181473774" visible="true" version="1" changeset="53148353" timestamp="2017-10-22T10:43:52Z" user="FUKUTAN" uid="5207199" lat="35.0192582" lon="126.7880500"/>
 <node id="5181473775" visible="true" version="1" changeset="53148353" timestamp="2017-10-22T10:43:52Z" user="FUKUTAN" uid="5207199" lat="35.0191395" lon="126.7880339"/>
 <node id="5181473776" visible="true" version="2" changeset="99601411" timestamp="2021-02-19T14:39:38Z" user="mulgist" uid="12368943" lat="35.0190497" lon="126.7879856"/>
 <node id="5181473777" visible="true" version="2" changeset="99601411" timestamp="2021-02-19T14:39:38Z" user="mulgist" uid="12368943" lat="35.0189734" lon="126.7878964"/>
 <node id="5181473778" visible="true" version="2" changeset="99601411" timestamp="2021-02-19T14:39:38Z" user="mulgist" uid="12368943" lat="35.0189550" lon="126.7878341"/>
 <node id="5181473779" visible="true" version="2" changeset="99601411" timestamp="2021-02-19T14:39:38Z" user="mulgist" uid="12368943" lat="35.0189430" lon="126.7877571"/>
 <node id="5181473780" visible="true" version="2" changeset="99601411" timestamp="2021-02-19T14:39:38Z" user="mulgist" uid="12368943" lat="35.0189413" lon="126.7876854"/>
 <node id="5181473781" visible="true" version="2" changeset="99601411" timestamp="2021-02-19T14:39:38Z" user="mulgist" uid="12368943" lat="35.0189599" lon="126.7875882"/>
 <node id="5181473782" visible="true" version="2" changeset="99601411" timestamp="2021-02-19T14:39:38Z" user="mulgist" uid="12368943" lat="35.0191067" lon="126.7874192"/>
 <node id="5181473783" visible="true" version="2" changeset="99601411" timestamp="2021-02-19T14:39:38Z" user="mulgist" uid="12368943" lat="35.0192910" lon="126.7873858"/>
 <node id="5181473784" visible="true" version="2" changeset="99601411" timestamp="2021-02-19T14:39:38Z" user="mulgist" uid="12368943" lat="35.0192957" lon="126.7872275"/>
 <node id="5181473785" visible="true" version="2" changeset="99601411" timestamp="2021-02-19T14:39:38Z" user="mulgist" uid="12368943" lat="35.0194411" lon="126.7871717"/>
 <node id="5181473786" visible="true" version="1" changeset="53148353" timestamp="2017-10-22T10:43:52Z" user="FUKUTAN" uid="5207199" lat="35.0186036" lon="126.7860561"/>
 <node id="5181473787" visible="true" version="2" changeset="99601411" timestamp="2021-02-19T14:39:38Z" user="mulgist" uid="12368943" lat="35.0199424" lon="126.7878386"/>
 <node id="5181473788" visible="true" version="2" changeset="99601411" timestamp="2021-02-19T14:39:38Z" user="mulgist" uid="12368943" lat="35.0204106" lon="126.7883019"/>
 <node id="5181473789" visible="true" version="2" changeset="99601411" timestamp="2021-02-19T14:39:38Z" user="mulgist" uid="12368943" lat="35.0202823" lon="126.7882297"/>
 <node id="5181473790" visible="true" version="3" changeset="124040733" timestamp="2022-07-25T08:53:04Z" user="FUKUTAN" uid="5207199" lat="35.0185711" lon="126.7841478"/>
 <node id="5181473791" visible="true" version="3" changeset="124040733" timestamp="2022-07-25T08:53:04Z" user="FUKUTAN" uid="5207199" lat="35.0186273" lon="126.7837784"/>
 <node id="5181473792" visible="true" version="2" changeset="99601411" timestamp="2021-02-19T14:39:38Z" user="mulgist" uid="12368943" lat="35.0184963" lon="126.7837781"/>
 <node id="5181473793" visible="true" version="2" changeset="99601411" timestamp="2021-02-19T14:39:38Z" user="mulgist" uid="12368943" lat="35.0184382" lon="126.7835180"/>
 <node id="5181473794" visible="true" version="2" changeset="99601411" timestamp="2021-02-19T14:39:38Z" user="mulgist" uid="12368943" lat="35.0183851" lon="126.7832000"/>
 <node id="5181473795" visible="true" version="2" changeset="99601411" timestamp="2021-02-19T14:39:38Z" user="mulgist" uid="12368943" lat="35.0187388" lon="126.7817630"/>
 <node id="5181473796" visible="true" version="3" changeset="124040733" timestamp="2022-07-25T08:53:04Z" user="FUKUTAN" uid="5207199" lat="35.0185876" lon="126.7845502"/>
 <node id="5181473797" visible="true" version="3" changeset="124040733" timestamp="2022-07-25T08:53:04Z" user="FUKUTAN" uid="5207199" lat="35.0187018" lon="126.7837880"/>
 <node id="5181473806" visible="true" version="3" changeset="144397454" timestamp="2023-11-24T08:19:48Z" user="asdfqwer51" uid="3350410" lat="35.0162098" lon="126.7836671"/>
 <node id="5181473807" visible="true" version="1" changeset="53148353" timestamp="2017-10-22T10:43:53Z" user="FUKUTAN" uid="5207199" lat="35.0146802" lon="126.7833045"/>
 <node id="5181473808" visible="true" version="1" changeset="53148353" timestamp="2017-10-22T10:43:53Z" user="FUKUTAN" uid="5207199" lat="35.0105239" lon="126.7895892"/>
 <node id="5181473809" visible="true" version="3" changeset="99630021" timestamp="2021-02-20T08:24:13Z" user="mulgist" uid="12368943" lat="35.0140726" lon="126.7927285"/>
 <node id="5181473810" visible="true" version="2" changeset="99601411" timestamp="2021-02-19T14:39:38Z" user="mulgist" uid="12368943" lat="35.0146580" lon="126.7926263"/>
 <node id="5181473811" visible="true" version="2" changeset="96383241" timestamp="2020-12-24T11:54:34Z" user="mulgist" uid="12368943" lat="35.0145846" lon="126.7936713"/>
 <node id="5181473812" visible="true" version="2" changeset="96383241" timestamp="2020-12-24T11:54:34Z" user="mulgist" uid="12368943" lat="35.0148597" lon="126.7936045"/>
 <node id="5181473813" visible="true" version="2" changeset="99601411" timestamp="2021-02-19T14:39:38Z" user="mulgist" uid="12368943" lat="35.0147291" lon="126.7926184"/>
 <node id="5181473814" visible="true" version="2" changeset="99601411" timestamp="2021-02-19T14:39:38Z" user="mulgist" uid="12368943" lat="35.0147379" lon="126.7925391"/>
 <node id="5181473816" visible="true" version="2" changeset="99601411" timestamp="2021-02-19T14:39:38Z" user="mulgist" uid="12368943" lat="35.0146756" lon="126.7926243"/>
 <node id="5181473817" visible="true" version="2" changeset="99601411" timestamp="2021-02-19T14:39:38Z" user="mulgist" uid="12368943" lat="35.0149909" lon="126.7923689"/>
 <node id="5181473818" visible="true" version="2" changeset="99601411" timestamp="2021-02-19T14:39:38Z" user="mulgist" uid="12368943" lat="35.0149475" lon="126.7929640"/>
 <node id="5181473819" visible="true" version="2" changeset="99601411" timestamp="2021-02-19T14:39:38Z" user="mulgist" uid="12368943" lat="35.0157278" lon="126.7929693"/>
 <node id="5181473820" visible="true" version="2" changeset="99601411" timestamp="2021-02-19T14:39:38Z" user="mulgist" uid="12368943" lat="35.0149366" lon="126.7929383"/>
 <node id="5181473921" visible="true" version="2" changeset="99601411" timestamp="2021-02-19T14:39:38Z" user="mulgist" uid="12368943" lat="35.0143837" lon="126.7935826"/>
 <node id="5181473922" visible="true" version="2" changeset="99601411" timestamp="2021-02-19T14:39:38Z" user="mulgist" uid="12368943" lat="35.0143213" lon="126.7936332"/>
 <node id="5181473923" visible="true" version="1" changeset="53148353" timestamp="2017-10-22T10:43:53Z" user="FUKUTAN" uid="5207199" lat="35.0149788" lon="126.7922782"/>
 <node id="5181473924" visible="true" version="1" changeset="53148353" timestamp="2017-10-22T10:43:53Z" user="FUKUTAN" uid="5207199" lat="35.0148920" lon="126.7920449"/>
 <node id="5181473925" visible="true" version="1" changeset="53148353" timestamp="2017-10-22T10:43:53Z" user="FUKUTAN" uid="5207199" lat="35.0148184" lon="126.7918437"/>
 <node id="5181473926" visible="true" version="2" changeset="99601411" timestamp="2021-02-19T14:39:38Z" user="mulgist" uid="12368943" lat="35.0146856" lon="126.7914803"/>
 <node id="5181473927" visible="true" version="2" changeset="99601411" timestamp="2021-02-19T14:39:38Z" user="mulgist" uid="12368943" lat="35.0150138" lon="126.7923537"/>
 <node id="5181473928" visible="true" version="2" changeset="99601411" timestamp="2021-02-19T14:39:38Z" user="mulgist" uid="12368943" lat="35.0150797" lon="126.7923165"/>
 <node id="5181473929" visible="true" version="2" changeset="99601411" timestamp="2021-02-19T14:39:38Z" user="mulgist" uid="12368943" lat="35.0152842" lon="126.7920374"/>
 <node id="5181473930" visible="true" version="2" changeset="99601411" timestamp="2021-02-19T14:39:38Z" user="mulgist" uid="12368943" lat="35.0154357" lon="126.7918220"/>
 <node id="5181473931" visible="true" version="2" changeset="99601411" timestamp="2021-02-19T14:39:38Z" user="mulgist" uid="12368943" lat="35.0154731" lon="126.7917968"/>
 <node id="5181473932" visible="true" version="2" changeset="99601411" timestamp="2021-02-19T14:39:38Z" user="mulgist" uid="12368943" lat="35.0155357" lon="126.7917894"/>
 <node id="5181473933" visible="true" version="2" changeset="99601411" timestamp="2021-02-19T14:39:38Z" user="mulgist" uid="12368943" lat="35.0155947" lon="126.7918109"/>
 <node id="5181473934" visible="true" version="2" changeset="99601411" timestamp="2021-02-19T14:39:38Z" user="mulgist" uid="12368943" lat="35.0157889" lon="126.7919147"/>
 <node id="5181473935" visible="true" version="2" changeset="99601411" timestamp="2021-02-19T14:39:38Z" user="mulgist" uid="12368943" lat="35.0158509" lon="126.7918568"/>
 <node id="5181473937" visible="true" version="2" changeset="99601411" timestamp="2021-02-19T14:39:38Z" user="mulgist" uid="12368943" lat="35.0158996" lon="126.7917682"/>
 <node id="5181473938" visible="true" version="3" changeset="185763174" timestamp="2026-07-15T06:14:42Z" user="야광멧돼지" uid="12393144" lat="35.0153967" lon="126.7912208"/>
 <node id="5181473939" visible="true" version="1" changeset="53148353" timestamp="2017-10-22T10:43:53Z" user="FUKUTAN" uid="5207199" lat="35.0156482" lon="126.7915463"/>
 <node id="5181473940" visible="true" version="2" changeset="99601411" timestamp="2021-02-19T14:39:38Z" user="mulgist" uid="12368943" lat="35.0157262" lon="126.7916570"/>
 <node id="5181473941" visible="true" version="1" changeset="53148353" timestamp="2017-10-22T10:43:53Z" user="FUKUTAN" uid="5207199" lat="35.0160920" lon="126.7917958"/>
 <node id="5181473942" visible="true" version="1" changeset="53148353" timestamp="2017-10-22T10:43:53Z" user="FUKUTAN" uid="5207199" lat="35.0162787" lon="126.7919057"/>
 <node id="5181473943" visible="true" version="1" changeset="53148353" timestamp="2017-10-22T10:43:53Z" user="FUKUTAN" uid="5207199" lat="35.0165708" lon="126.7920989"/>
 <node id="5181473944" visible="true" version="1" changeset="53148353" timestamp="2017-10-22T10:43:53Z" user="FUKUTAN" uid="5207199" lat="35.0169992" lon="126.7922947"/>
 <node id="5181473945" visible="true" version="1" changeset="53148353" timestamp="2017-10-22T10:43:53Z" user="FUKUTAN" uid="5207199" lat="35.0172538" lon="126.7924214"/>
 <node id="5181473946" visible="true" version="1" changeset="53148353" timestamp="2017-10-22T10:43:53Z" user="FUKUTAN" uid="5207199" lat="35.0173902" lon="126.7924556"/>
 <node id="5181473947" visible="true" version="1" changeset="53148353" timestamp="2017-10-22T10:43:53Z" user="FUKUTAN" uid="5207199" lat="35.0177241" lon="126.7924931"/>
 <node id="5181473948" visible="true" version="1" changeset="53148353" timestamp="2017-10-22T10:43:53Z" user="FUKUTAN" uid="5207199" lat="35.0178251" lon="126.7924717"/>
 <node id="5181473949" visible="true" version="2" changeset="99601411" timestamp="2021-02-19T14:39:38Z" user="mulgist" uid="12368943" lat="35.0179339" lon="126.7924778"/>
 <node id="5181473950" visible="true" version="2" changeset="99601411" timestamp="2021-02-19T14:39:38Z" user="mulgist" uid="12368943" lat="35.0179755" lon="126.7924054"/>
 <node id="5181473951" visible="true" version="2" changeset="99601411" timestamp="2021-02-19T14:39:38Z" user="mulgist" uid="12368943" lat="35.0179618" lon="126.7923216"/>
 <node id="5181473952" visible="true" version="2" changeset="99601411" timestamp="2021-02-19T14:39:38Z" user="mulgist" uid="12368943" lat="35.0179173" lon="126.7922464"/>
 <node id="5181473953" visible="true" version="2" changeset="99601411" timestamp="2021-02-19T14:39:38Z" user="mulgist" uid="12368943" lat="35.0178278" lon="126.7919943"/>
 <node id="5181473954" visible="true" version="2" changeset="99601411" timestamp="2021-02-19T14:39:38Z" user="mulgist" uid="12368943" lat="35.0178312" lon="126.7919139"/>
 <node id="5181473955" visible="true" version="2" changeset="99601411" timestamp="2021-02-19T14:39:38Z" user="mulgist" uid="12368943" lat="35.0178428" lon="126.7918359"/>
 <node id="5181473956" visible="true" version="2" changeset="99601411" timestamp="2021-02-19T14:39:38Z" user="mulgist" uid="12368943" lat="35.0178423" lon="126.7917915"/>
 <node id="5181473957" visible="true" version="2" changeset="99601411" timestamp="2021-02-19T14:39:38Z" user="mulgist" uid="12368943" lat="35.0179153" lon="126.7916596"/>
 <node id="5181473958" visible="true" version="2" changeset="99601411" timestamp="2021-02-19T14:39:38Z" user="mulgist" uid="12368943" lat="35.0181989" lon="126.7917911"/>
 <node id="5181473959" visible="true" version="2" changeset="99601411" timestamp="2021-02-19T14:39:38Z" user="mulgist" uid="12368943" lat="35.0180326" lon="126.7914631"/>
 <node id="5181473961" visible="true" version="2" changeset="99601411" timestamp="2021-02-19T14:39:38Z" user="mulgist" uid="12368943" lat="35.0181460" lon="126.7910778"/>
 <node id="5181473963" visible="true" version="2" changeset="99601411" timestamp="2021-02-19T14:39:38Z" user="mulgist" uid="12368943" lat="35.0182799" lon="126.7907703"/>
 <node id="5181473964" visible="true" version="2" changeset="99601411" timestamp="2021-02-19T14:39:38Z" user="mulgist" uid="12368943" lat="35.0182646" lon="126.7905666"/>
 <node id="5181473966" visible="true" version="2" changeset="99601411" timestamp="2021-02-19T14:39:38Z" user="mulgist" uid="12368943" lat="35.0181199" lon="126.7899099"/>
 <node id="5181473967" visible="true" version="2" changeset="99601411" timestamp="2021-02-19T14:39:38Z" user="mulgist" uid="12368943" lat="35.0180889" lon="126.7895802"/>
 <node id="5181473969" visible="true" version="2" changeset="99601411" timestamp="2021-02-19T14:39:38Z" user="mulgist" uid="12368943" lat="35.0178065" lon="126.7888488"/>
 <node id="5181473972" visible="true" version="1" changeset="53148353" timestamp="2017-10-22T10:43:54Z" user="FUKUTAN" uid="5207199" lat="35.0176033" lon="126.7885878"/>
 <node id="5181473973" visible="true" version="1" changeset="53148353" timestamp="2017-10-22T10:43:54Z" user="FUKUTAN" uid="5207199" lat="35.0175462" lon="126.7885664"/>
 <node id="5181473974" visible="true" version="1" changeset="53148353" timestamp="2017-10-22T10:43:54Z" user="FUKUTAN" uid="5207199" lat="35.0174891" lon="126.7885664"/>
 <node id="5181473975" visible="true" version="1" changeset="53148353" timestamp="2017-10-22T10:43:54Z" user="FUKUTAN" uid="5207199" lat="35.0172979" lon="126.7886442"/>
 <node id="5181473976" visible="true" version="1" changeset="53148353" timestamp="2017-10-22T10:43:54Z" user="FUKUTAN" uid="5207199" lat="35.0171925" lon="126.7886737"/>
 <node id="5181473977" visible="true" version="1" changeset="53148353" timestamp="2017-10-22T10:43:54Z" user="FUKUTAN" uid="5207199" lat="35.0170168" lon="126.7886710"/>
 <node id="5181473978" visible="true" version="1" changeset="53148353" timestamp="2017-10-22T10:43:54Z" user="FUKUTAN" uid="5207199" lat="35.0168586" lon="126.7887085"/>
 <node id="5181473979" visible="true" version="1" changeset="53148353" timestamp="2017-10-22T10:43:54Z" user="FUKUTAN" uid="5207199" lat="35.0167795" lon="126.7887300"/>
 <node id="5181473980" visible="true" version="1" changeset="53148353" timestamp="2017-10-22T10:43:54Z" user="FUKUTAN" uid="5207199" lat="35.0166829" lon="126.7887354"/>
 <node id="5181473981" visible="true" version="1" changeset="53148353" timestamp="2017-10-22T10:43:54Z" user="FUKUTAN" uid="5207199" lat="35.0164676" lon="126.7887032"/>
 <node id="5181473982" visible="true" version="1" changeset="53148353" timestamp="2017-10-22T10:43:54Z" user="FUKUTAN" uid="5207199" lat="35.0163402" lon="126.7887139"/>
 <node id="5181473983" visible="true" version="1" changeset="53148353" timestamp="2017-10-22T10:43:54Z" user="FUKUTAN" uid="5207199" lat="35.0161161" lon="126.7887702"/>
 <node id="5181473984" visible="true" version="1" changeset="53148353" timestamp="2017-10-22T10:43:54Z" user="FUKUTAN" uid="5207199" lat="35.0158547" lon="126.7889660"/>
 <node id="5181473985" visible="true" version="1" changeset="53148353" timestamp="2017-10-22T10:43:54Z" user="FUKUTAN" uid="5207199" lat="35.0155999" lon="126.7892503"/>
 <node id="5181473986" visible="true" version="1" changeset="53148353" timestamp="2017-10-22T10:43:54Z" user="FUKUTAN" uid="5207199" lat="35.0155560" lon="126.7893201"/>
 <node id="5181473987" visible="true" version="1" changeset="53148353" timestamp="2017-10-22T10:43:54Z" user="FUKUTAN" uid="5207199" lat="35.0154923" lon="126.7894917"/>
 <node id="5181473988" visible="true" version="1" changeset="53148353" timestamp="2017-10-22T10:43:54Z" user="FUKUTAN" uid="5207199" lat="35.0154637" lon="126.7896312"/>
 <node id="5181473989" visible="true" version="1" changeset="53148353" timestamp="2017-10-22T10:43:54Z" user="FUKUTAN" uid="5207199" lat="35.0139633" lon="126.7896446"/>
 <node id="5181473990" visible="true" version="1" changeset="53148353" timestamp="2017-10-22T10:43:54Z" user="FUKUTAN" uid="5207199" lat="35.0131835" lon="126.7896527"/>
 <node id="5181473991" visible="true" version="1" changeset="53148353" timestamp="2017-10-22T10:43:54Z" user="FUKUTAN" uid="5207199" lat="35.0127243" lon="126.7896527"/>
 <node id="5181473992" visible="true" version="1" changeset="53148353" timestamp="2017-10-22T10:43:54Z" user="FUKUTAN" uid="5207199" lat="35.0127239" lon="126.7894878"/>
 <node id="5181473993" visible="true" version="1" changeset="53148353" timestamp="2017-10-22T10:43:54Z" user="FUKUTAN" uid="5207199" lat="35.0127254" lon="126.7897555"/>
 <node id="5181473994" visible="true" version="2" changeset="99601411" timestamp="2021-02-19T14:39:38Z" user="mulgist" uid="12368943" lat="35.0187476" lon="126.7874669"/>
 <node id="5181473995" visible="true" version="3" changeset="124040733" timestamp="2022-07-25T08:53:04Z" user="FUKUTAN" uid="5207199" lat="35.0185499" lon="126.7871928"/>
 <node id="5181473996" visible="true" version="3" changeset="124040733" timestamp="2022-07-25T08:53:04Z" user="FUKUTAN" uid="5207199" lat="35.0185374" lon="126.7871396"/>
 <node id="5181473997" visible="true" version="3" changeset="124040733" timestamp="2022-07-25T08:53:04Z" user="FUKUTAN" uid="5207199" lat="35.0184758" lon="126.7870459"/>
 <node id="5181473998" visible="true" version="3" changeset="124040733" timestamp="2022-07-25T08:53:04Z" user="FUKUTAN" uid="5207199" lat="35.0183963" lon="126.7869954"/>
 <node id="5181473999" visible="true" version="3" changeset="124040733" timestamp="2022-07-25T08:53:04Z" user="FUKUTAN" uid="5207199" lat="35.0181632" lon="126.7869221"/>
 <node id="5181474001" visible="true" version="2" changeset="99601411" timestamp="2021-02-19T14:39:38Z" user="mulgist" uid="12368943" lat="35.0190213" lon="126.7870946"/>
 <node id="5181474002" visible="true" version="2" changeset="65892810" timestamp="2018-12-30T17:32:41Z" user="FUKUTAN" uid="5207199" lat="35.0187760" lon="126.7854268"/>
 <node id="5181474017" visible="true" version="2" changeset="99219143" timestamp="2021-02-13T16:03:11Z" user="mulgist" uid="12368943" lat="35.0216611" lon="126.7895625"/>
 <node id="5181474018" visible="true" version="3" changeset="99219143" timestamp="2021-02-13T16:03:11Z" user="mulgist" uid="12368943" lat="35.0219800" lon="126.7895011"/>
 <node id="5181474019" visible="true" version="3" changeset="99219143" timestamp="2021-02-13T16:03:11Z" user="mulgist" uid="12368943" lat="35.0223015" lon="126.7896708"/>
 <node id="5181474020" visible="true" version="2" changeset="99219143" timestamp="2021-02-13T16:03:11Z" user="mulgist" uid="12368943" lat="35.0226484" lon="126.7897412"/>
 <node id="5181474021" visible="true" version="2" changeset="99219143" timestamp="2021-02-13T16:03:11Z" user="mulgist" uid="12368943" lat="35.0227865" lon="126.7896625"/>
 <node id="5181474022" visible="true" version="2" changeset="99219143" timestamp="2021-02-13T16:03:11Z" user="mulgist" uid="12368943" lat="35.0230962" lon="126.7896382"/>
 <node id="5181474023" visible="true" version="2" changeset="99219143" timestamp="2021-02-13T16:03:11Z" user="mulgist" uid="12368943" lat="35.0232910" lon="126.7897133"/>
 <node id="5181474024" visible="true" version="2" changeset="99219143" timestamp="2021-02-13T16:03:11Z" user="mulgist" uid="12368943" lat="35.0234877" lon="126.7897869"/>
 <node id="5181474025" visible="true" version="2" changeset="99219143" timestamp="2021-02-13T16:03:11Z" user="mulgist" uid="12368943" lat="35.0237608" lon="126.7897600"/>
 <node id="5181474026" visible="true" version="2" changeset="99219143" timestamp="2021-02-13T16:03:11Z" user="mulgist" uid="12368943" lat="35.0241061" lon="126.7896558"/>
 <node id="5181474027" visible="true" version="2" changeset="99219143" timestamp="2021-02-13T16:03:11Z" user="mulgist" uid="12368943" lat="35.0243914" lon="126.7896646"/>
 <node id="5181474045" visible="true" version="2" changeset="133576907" timestamp="2023-03-12T08:16:26Z" user="FUKUTAN" uid="5207199" lat="35.0191846" lon="126.7848736"/>
 <node id="5181474046" visible="true" version="3" changeset="99630021" timestamp="2021-02-20T08:24:13Z" user="mulgist" uid="12368943" lat="35.0199461" lon="126.7917674"/>
 <node id="5181474047" visible="true" version="4" changeset="144332579" timestamp="2023-11-22T16:15:50Z" user="asdfqwer51" uid="3350410" lat="35.0198891" lon="126.7910081"/>
 <node id="5181474050" visible="true" version="1" changeset="53148353" timestamp="2017-10-22T10:43:55Z" user="FUKUTAN" uid="5207199" lat="35.0175310" lon="126.7808346"/>
 <node id="5181474051" visible="true" version="2" changeset="144397454" timestamp="2023-11-24T08:19:48Z" user="asdfqwer51" uid="3350410" lat="35.0166897" lon="126.7836798"/>
 <node id="5181474052" visible="true" version="2" changeset="144397454" timestamp="2023-11-24T08:19:48Z" user="asdfqwer51" uid="3350410" lat="35.0176171" lon="126.7841171"/>
 <node id="5181474053" visible="true" version="2" changeset="144397454" timestamp="2023-11-24T08:19:48Z" user="asdfqwer51" uid="3350410" lat="35.0182705" lon="126.7843317"/>
 <node id="5181474054" visible="true" version="2" changeset="144397454" timestamp="2023-11-24T08:19:48Z" user="asdfqwer51" uid="3350410" lat="35.0184937" lon="126.7843687"/>
 <node id="5181474055" visible="true" version="2" changeset="144397454" timestamp="2023-11-24T08:19:48Z" user="asdfqwer51" uid="3350410" lat="35.0190329" lon="126.7810962"/>
 <node id="5181474056" visible="true" version="2" changeset="144397454" timestamp="2023-11-24T08:19:48Z" user="asdfqwer51" uid="3350410" lat="35.0180471" lon="126.7809573"/>
 <node id="5181474070" visible="true" version="2" changeset="142293243" timestamp="2023-10-08T07:35:55Z" user="FUKUTAN" uid="5207199" lat="35.0187782" lon="126.7862950"/>
 <node id="5181474071" visible="true" version="2" changeset="65892810" timestamp="2018-12-30T17:32:41Z" user="FUKUTAN" uid="5207199" lat="35.0186847" lon="126.7860764"/>
 <node id="5181474072" visible="true" version="3" changeset="142293243" timestamp="2023-10-08T07:35:55Z" user="FUKUTAN" uid="5207199" lat="35.0184627" lon="126.7862840"/>
 <node id="5181474073" visible="true" version="3" changeset="142293243" timestamp="2023-10-08T07:35:55Z" user="FUKUTAN" uid="5207199" lat="35.0185266" lon="126.7864643"/>
 <node id="5181474074" visible="true" version="3" changeset="142293243" timestamp="2023-10-08T07:35:55Z" user="FUKUTAN" uid="5207199" lat="35.0189616" lon="126.7868715"/>
 <node id="5181474079" visible="true" version="1" changeset="53148353" timestamp="2017-10-22T10:43:55Z" user="FUKUTAN" uid="5207199" lat="35.0203827" lon="126.7832632"/>
 <node id="5181474080" visible="true" version="1" changeset="53148353" timestamp="2017-10-22T10:43:56Z" user="FUKUTAN" uid="5207199" lat="35.0203765" lon="126.7843075"/>
 <node id="5181474083" visible="true" version="1" changeset="53148353" timestamp="2017-10-22T10:43:56Z" user="FUKUTAN" uid="5207199" lat="35.0203802" lon="126.7836834"/>
 <node id="5181474096" visible="true" version="1" changeset="53148353" timestamp="2017-10-22T10:43:56Z" user="FUKUTAN" uid="5207199" lat="35.0099536" lon="126.7747555"/>
 <node id="5291647156" visible="true" version="6" changeset="176319095" timestamp="2025-12-23T17:30:15Z" user="aaei924" uid="10626814" lat="35.0211099" lon="126.7849540">
  <tag k="highway" v="traffic_signals"/>
  <tag k="traffic_signals" v="signal"/>
 </node>
 <node id="5291647157" visible="true" version="3" changeset="181541599" timestamp="2026-04-19T14:35:16Z" user="Weathering" uid="12509199" lat="35.0171969" lon="126.7891247">
  <tag k="name" v="나주혁신도시"/>
  <tag k="official_name" v="광주전남혁신도시"/>
  <tag k="place" v="quarter"/>
 </node>
 <node id="5291647160" visible="true" version="5" changeset="176319095" timestamp="2025-12-23T17:30:15Z" user="aaei924" uid="10626814" lat="35.0211401" lon="126.7882577">
  <tag k="highway" v="traffic_signals"/>
  <tag k="traffic_signals" v="signal"/>
 </node>
 <node id="5291647161" visible="true" version="7" changeset="176319095" timestamp="2025-12-23T17:30:15Z" user="aaei924" uid="10626814" lat="35.0211461" lon="126.7909840">
  <tag k="highway" v="traffic_signals"/>
  <tag k="traffic_signals" v="signal"/>
 </node>
 <node id="5291647167" visible="true" version="4" changeset="144397454" timestamp="2023-11-24T08:19:48Z" user="asdfqwer51" uid="3350410" lat="35.0176744" lon="126.7942957">
  <tag k="highway" v="traffic_signals"/>
  <tag k="traffic_signals" v="signal"/>
 </node>
 <node id="5291647168" visible="true" version="5" changeset="144332579" timestamp="2023-11-22T16:15:50Z" user="asdfqwer51" uid="3350410" lat="35.0177031" lon="126.7936141"/>
 <node id="5291647169" visible="true" version="1" changeset="54730316" timestamp="2017-12-18T13:10:07Z" user="user_5292863" uid="5292863" lat="35.0144433" lon="126.7837375"/>
 <node id="5291647170" visible="true" version="2" changeset="99601411" timestamp="2021-02-19T14:39:38Z" user="mulgist" uid="12368943" lat="35.0144895" lon="126.7842115"/>
 <node id="5291647171" visible="true" version="1" changeset="54730316" timestamp="2017-12-18T13:10:07Z" user="user_5292863" uid="5292863" lat="35.0143211" lon="126.7840059"/>
 <node id="5291647172" visible="true" version="1" changeset="54730316" timestamp="2017-12-18T13:10:07Z" user="user_5292863" uid="5292863" lat="35.0140810" lon="126.7846273"/>
 <node id="5291647173" visible="true" version="2" changeset="144325400" timestamp="2023-11-22T12:55:22Z" user="asdfqwer51" uid="3350410" lat="35.0138806" lon="126.7853227"/>
 <node id="5291647174" visible="true" version="2" changeset="65610732" timestamp="2018-12-19T13:03:38Z" user="FUKUTAN" uid="5207199" lat="35.0137149" lon="126.7849989"/>
 <node id="5291647175" visible="true" version="2" changeset="144325400" timestamp="2023-11-22T12:55:22Z" user="asdfqwer51" uid="3350410" lat="35.0137250" lon="126.7859537"/>
 <node id="5291647176" visible="true" version="3" changeset="144325400" timestamp="2023-11-22T12:55:22Z" user="asdfqwer51" uid="3350410" lat="35.0135555" lon="126.7854666"/>
 <node id="5291647177" visible="true" version="2" changeset="144325400" timestamp="2023-11-22T12:55:22Z" user="asdfqwer51" uid="3350410" lat="35.0136287" lon="126.7865100"/>
 <node id="5291647178" visible="true" version="1" changeset="54730316" timestamp="2017-12-18T13:10:07Z" user="user_5292863" uid="5292863" lat="35.0133721" lon="126.7865065"/>
 <node id="5291647179" visible="true" version="2" changeset="144325400" timestamp="2023-11-22T12:55:22Z" user="asdfqwer51" uid="3350410" lat="35.0135741" lon="126.7870487">
  <tag k="highway" v="traffic_signals"/>
  <tag k="traffic_signals" v="signal"/>
 </node>
 <node id="5291647180" visible="true" version="2" changeset="144325400" timestamp="2023-11-22T12:55:22Z" user="asdfqwer51" uid="3350410" lat="35.0131244" lon="126.7870539"/>
 <node id="5291647181" visible="true" version="2" changeset="144325400" timestamp="2023-11-22T12:55:22Z" user="asdfqwer51" uid="3350410" lat="35.0118128" lon="126.7870411">
  <tag k="highway" v="traffic_signals"/>
  <tag k="traffic_signals" v="signal"/>
 </node>
 <node id="5291647183" visible="true" version="1" changeset="54730316" timestamp="2017-12-18T13:10:07Z" user="user_5292863" uid="5292863" lat="35.0143960" lon="126.7842888"/>
 <node id="5291647184" visible="true" version="1" changeset="54730316" timestamp="2017-12-18T13:10:07Z" user="user_5292863" uid="5292863" lat="35.0142890" lon="126.7844750"/>
 <node id="5291647185" visible="true" version="2" changeset="144253076" timestamp="2023-11-20T15:57:17Z" user="asdfqwer51" uid="3350410" lat="35.0149941" lon="126.7827308">
  <tag k="highway" v="traffic_signals"/>
  <tag k="traffic_signals" v="signal"/>
 </node>
 <node id="5291647186" visible="true" version="1" changeset="54730316" timestamp="2017-12-18T13:10:07Z" user="user_5292863" uid="5292863" lat="35.0149232" lon="126.7828604"/>
 <node id="5291647187" visible="true" version="1" changeset="54730316" timestamp="2017-12-18T13:10:07Z" user="user_5292863" uid="5292863" lat="35.0140209" lon="126.7848159"/>
 <node id="5291647188" visible="true" version="1" changeset="54730316" timestamp="2017-12-18T13:10:07Z" user="user_5292863" uid="5292863" lat="35.0134564" lon="126.7910203"/>
 <node id="5291647189" visible="true" version="1" changeset="54730316" timestamp="2017-12-18T13:10:07Z" user="user_5292863" uid="5292863" lat="35.0135979" lon="126.7910325"/>
 <node id="5291647190" visible="true" version="2" changeset="150569043" timestamp="2024-04-27T08:27:03Z" user="mulgist" uid="12368943" lat="35.0134042" lon="126.7923610"/>
 <node id="5291647191" visible="true" version="4" changeset="144325400" timestamp="2023-11-22T12:55:22Z" user="asdfqwer51" uid="3350410" lat="35.0136019" lon="126.7921978">
  <tag k="highway" v="traffic_signals"/>
  <tag k="traffic_signals" v="signal"/>
 </node>
 <node id="5291647192" visible="true" version="2" changeset="99601411" timestamp="2021-02-19T14:39:38Z" user="mulgist" uid="12368943" lat="35.0137413" lon="126.7927799"/>
 <node id="5291647194" visible="true" version="2" changeset="150569043" timestamp="2024-04-27T08:27:03Z" user="mulgist" uid="12368943" lat="35.0134110" lon="126.7930794"/>
 <node id="5291647196" visible="true" version="2" changeset="99601411" timestamp="2021-02-19T14:39:38Z" user="mulgist" uid="12368943" lat="35.0137701" lon="126.7902996"/>
 <node id="5291647197" visible="true" version="2" changeset="99601411" timestamp="2021-02-19T14:39:38Z" user="mulgist" uid="12368943" lat="35.0137866" lon="126.7916202"/>
 <node id="5291647198" visible="true" version="2" changeset="99601411" timestamp="2021-02-19T14:39:38Z" user="mulgist" uid="12368943" lat="35.0137640" lon="126.7917312"/>
 <node id="5291647199" visible="true" version="3" changeset="150569043" timestamp="2024-04-27T08:27:03Z" user="mulgist" uid="12368943" lat="35.0133828" lon="126.7952273"/>
 <node id="5291647200" visible="true" version="2" changeset="99601411" timestamp="2021-02-19T14:39:38Z" user="mulgist" uid="12368943" lat="35.0137998" lon="126.7945800"/>
 <node id="5291647201" visible="true" version="2" changeset="99601411" timestamp="2021-02-19T14:39:38Z" user="mulgist" uid="12368943" lat="35.0138079" lon="126.7952674"/>
 <node id="5291647202" visible="true" version="2" changeset="99601411" timestamp="2021-02-19T14:39:38Z" user="mulgist" uid="12368943" lat="35.0138632" lon="126.7953387"/>
 <node id="5291647203" visible="true" version="2" changeset="99601411" timestamp="2021-02-19T14:39:38Z" user="mulgist" uid="12368943" lat="35.0142569" lon="126.7953387"/>
 <node id="5291647204" visible="true" version="2" changeset="99601411" timestamp="2021-02-19T14:39:38Z" user="mulgist" uid="12368943" lat="35.0149267" lon="126.7952870"/>
 <node id="5291647205" visible="true" version="2" changeset="99601411" timestamp="2021-02-19T14:39:38Z" user="mulgist" uid="12368943" lat="35.0137501" lon="126.7889760"/>
 <node id="5291647206" visible="true" version="2" changeset="99601411" timestamp="2021-02-19T14:39:38Z" user="mulgist" uid="12368943" lat="35.0137728" lon="126.7891990"/>
 <node id="5291647207" visible="true" version="2" changeset="99601411" timestamp="2021-02-19T14:39:38Z" user="mulgist" uid="12368943" lat="35.0137723" lon="126.7893831"/>
 <node id="5291647208" visible="true" version="2" changeset="99601411" timestamp="2021-02-19T14:39:38Z" user="mulgist" uid="12368943" lat="35.0137429" lon="126.7895951"/>
 <node id="5291647209" visible="true" version="2" changeset="127916765" timestamp="2022-10-22T10:41:35Z" user="FUKUTAN" uid="5207199" lat="35.0131249" lon="126.7922006"/>
 <node id="5291647211" visible="true" version="1" changeset="54730316" timestamp="2017-12-18T13:10:08Z" user="user_5292863" uid="5292863" lat="35.0118193" lon="126.7922067"/>
 <node id="5291647212" visible="true" version="1" changeset="54730316" timestamp="2017-12-18T13:10:08Z" user="user_5292863" uid="5292863" lat="35.0116056" lon="126.7922087"/>
 <node id="5291647213" visible="true" version="4" changeset="144325400" timestamp="2023-11-22T12:55:22Z" user="asdfqwer51" uid="3350410" lat="35.0113080" lon="126.7955124">
  <tag k="highway" v="traffic_signals"/>
  <tag k="traffic_signals" v="signal"/>
 </node>
 <node id="5291647214" visible="true" version="2" changeset="150569043" timestamp="2024-04-27T08:27:03Z" user="mulgist" uid="12368943" lat="35.0126801" lon="126.7952455"/>
 <node id="5291647216" visible="true" version="1" changeset="54730316" timestamp="2017-12-18T13:10:08Z" user="user_5292863" uid="5292863" lat="35.0114975" lon="126.7922112"/>
 <node id="5291647217" visible="true" version="3" changeset="144325400" timestamp="2023-11-22T12:55:22Z" user="asdfqwer51" uid="3350410" lat="35.0112819" lon="126.7922180">
  <tag k="highway" v="traffic_signals"/>
  <tag k="traffic_signals" v="signal"/>
 </node>
 <node id="5291647219" visible="true" version="1" changeset="54730316" timestamp="2017-12-18T13:10:08Z" user="user_5292863" uid="5292863" lat="35.0106049" lon="126.7922248"/>
 <node id="5291647220" visible="true" version="2" changeset="124040733" timestamp="2022-07-25T08:53:04Z" user="FUKUTAN" uid="5207199" lat="35.0099344" lon="126.7922241"/>
 <node id="5291647321" visible="true" version="2" changeset="144325400" timestamp="2023-11-22T12:55:22Z" user="asdfqwer51" uid="3350410" lat="35.0094883" lon="126.7922177">
  <tag k="highway" v="traffic_signals"/>
  <tag k="traffic_signals" v="signal"/>
 </node>
 <node id="5299313883" visible="true" version="4" changeset="144323504" timestamp="2023-11-22T12:04:40Z" user="asdfqwer51" uid="3350410" lat="35.0083245" lon="126.7702663"/>
 <node id="5307959836" visible="true" version="3" changeset="185763174" timestamp="2026-07-15T06:14:42Z" user="야광멧돼지" uid="12393144" lat="35.0155701" lon="126.7910592"/>
 <node id="5307959837" visible="true" version="3" changeset="185763174" timestamp="2026-07-15T06:14:42Z" user="야광멧돼지" uid="12393144" lat="35.0156324" lon="126.7909555"/>
 <node id="5307959838" visible="true" version="3" changeset="185763174" timestamp="2026-07-15T06:14:42Z" user="야광멧돼지" uid="12393144" lat="35.0156674" lon="126.7909393"/>
 <node id="5307959841" visible="true" version="3" changeset="185763174" timestamp="2026-07-15T06:14:42Z" user="야광멧돼지" uid="12393144" lat="35.0163848" lon="126.7910887"/>
 <node id="5307959842" visible="true" version="3" changeset="185763174" timestamp="2026-07-15T06:14:42Z" user="야광멧돼지" uid="12393144" lat="35.0165485" lon="126.7911773"/>
 <node id="5307959843" visible="true" version="3" changeset="185763174" timestamp="2026-07-15T06:14:42Z" user="야광멧돼지" uid="12393144" lat="35.0166171" lon="126.7912169"/>
 <node id="5307959844" visible="true" version="3" changeset="185763174" timestamp="2026-07-15T06:14:42Z" user="야광멧돼지" uid="12393144" lat="35.0167189" lon="126.7912505"/>
 <node id="5307959845" visible="true" version="3" changeset="185763174" timestamp="2026-07-15T06:14:42Z" user="야광멧돼지" uid="12393144" lat="35.0167727" lon="126.7912302"/>
 <node id="5307959846" visible="true" version="3" changeset="185763174" timestamp="2026-07-15T06:14:42Z" user="야광멧돼지" uid="12393144" lat="35.0167879" lon="126.7911598"/>
 <node id="5307959847" visible="true" version="2" changeset="185763174" timestamp="2026-07-15T06:14:42Z" user="야광멧돼지" uid="12393144" lat="35.0167363" lon="126.7910793"/>
 <node id="5307959848" visible="true" version="3" changeset="185763174" timestamp="2026-07-15T06:14:42Z" user="야광멧돼지" uid="12393144" lat="35.0166705" lon="126.7909680"/>
 <node id="5307959849" visible="true" version="3" changeset="185763174" timestamp="2026-07-15T06:14:42Z" user="야광멧돼지" uid="12393144" lat="35.0166229" lon="126.7909094"/>
 <node id="5307959850" visible="true" version="3" changeset="185763174" timestamp="2026-07-15T06:14:42Z" user="야광멧돼지" uid="12393144" lat="35.0165924" lon="126.7908515"/>
 <node id="5307959854" visible="true" version="3" changeset="185763174" timestamp="2026-07-15T06:14:42Z" user="야광멧돼지" uid="12393144" lat="35.0165906" lon="126.7907677"/>
 <node id="5307959855" visible="true" version="2" changeset="185763174" timestamp="2026-07-15T06:14:42Z" user="야광멧돼지" uid="12393144" lat="35.0166223" lon="126.7907496"/>
 <node id="5307959857" visible="true" version="3" changeset="185763174" timestamp="2026-07-15T06:14:42Z" user="야광멧돼지" uid="12393144" lat="35.0168407" lon="126.7908397"/>
 <node id="5307959858" visible="true" version="3" changeset="185763174" timestamp="2026-07-15T06:14:42Z" user="야광멧돼지" uid="12393144" lat="35.0169065" lon="126.7908566"/>
 <node id="5307959859" visible="true" version="3" changeset="185763174" timestamp="2026-07-15T06:14:42Z" user="야광멧돼지" uid="12393144" lat="35.0169725" lon="126.7908563"/>
 <node id="5307959860" visible="true" version="2" changeset="185763174" timestamp="2026-07-15T06:14:42Z" user="야광멧돼지" uid="12393144" lat="35.0170069" lon="126.7908553"/>
 <node id="5307959861" visible="true" version="3" changeset="185763174" timestamp="2026-07-15T06:14:42Z" user="야광멧돼지" uid="12393144" lat="35.0170484" lon="126.7908341"/>
 <node id="5307959862" visible="true" version="3" changeset="185763174" timestamp="2026-07-15T06:14:42Z" user="야광멧돼지" uid="12393144" lat="35.0171083" lon="126.7907511"/>
 <node id="5307959863" visible="true" version="3" changeset="185763174" timestamp="2026-07-15T06:14:42Z" user="야광멧돼지" uid="12393144" lat="35.0170965" lon="126.7906500"/>
 <node id="5307959864" visible="true" version="3" changeset="185763174" timestamp="2026-07-15T06:14:42Z" user="야광멧돼지" uid="12393144" lat="35.0170024" lon="126.7904969"/>
 <node id="5307959865" visible="true" version="3" changeset="185763174" timestamp="2026-07-15T06:14:42Z" user="야광멧돼지" uid="12393144" lat="35.0169662" lon="126.7904023"/>
 <node id="5307959866" visible="true" version="3" changeset="185763174" timestamp="2026-07-15T06:14:42Z" user="야광멧돼지" uid="12393144" lat="35.0169612" lon="126.7902593"/>
 <node id="5307959867" visible="true" version="3" changeset="185763174" timestamp="2026-07-15T06:14:42Z" user="야광멧돼지" uid="12393144" lat="35.0169972" lon="126.7899830"/>
 <node id="5307959869" visible="true" version="3" changeset="185763174" timestamp="2026-07-15T06:14:42Z" user="야광멧돼지" uid="12393144" lat="35.0173605" lon="126.7891094"/>
 <node id="5307959871" visible="true" version="3" changeset="185763174" timestamp="2026-07-15T06:14:42Z" user="야광멧돼지" uid="12393144" lat="35.0175371" lon="126.7890275"/>
 <node id="5307959872" visible="true" version="2" changeset="185763174" timestamp="2026-07-15T06:14:42Z" user="야광멧돼지" uid="12393144" lat="35.0166694" lon="126.7912358"/>
 <node id="5307959873" visible="true" version="3" changeset="124040733" timestamp="2022-07-25T08:53:04Z" user="FUKUTAN" uid="5207199" lat="35.0180425" lon="126.7871840"/>
 <node id="5307959874" visible="true" version="3" changeset="185763392" timestamp="2026-07-15T06:20:29Z" user="야광멧돼지" uid="12393144" lat="35.0179299" lon="126.7884517"/>
 <node id="5307959875" visible="true" version="3" changeset="124040733" timestamp="2022-07-25T08:53:04Z" user="FUKUTAN" uid="5207199" lat="35.0177960" lon="126.7885723"/>
 <node id="5307959876" visible="true" version="2" changeset="99601411" timestamp="2021-02-19T14:39:38Z" user="mulgist" uid="12368943" lat="35.0177486" lon="126.7887604"/>
 <node id="5307959877" visible="true" version="3" changeset="124040733" timestamp="2022-07-25T08:53:04Z" user="FUKUTAN" uid="5207199" lat="35.0176961" lon="126.7886923"/>
 <node id="5307959878" visible="true" version="2" changeset="99601411" timestamp="2021-02-19T14:39:38Z" user="mulgist" uid="12368943" lat="35.0176499" lon="126.7887517"/>
 <node id="5307959879" visible="true" version="2" changeset="99601411" timestamp="2021-02-19T14:39:38Z" user="mulgist" uid="12368943" lat="35.0176305" lon="126.7887968"/>
 <node id="5307959881" visible="true" version="2" changeset="99601411" timestamp="2021-02-19T14:39:38Z" user="mulgist" uid="12368943" lat="35.0175592" lon="126.7889074"/>
 <node id="5307959882" visible="true" version="2" changeset="99601411" timestamp="2021-02-19T14:39:38Z" user="mulgist" uid="12368943" lat="35.0175434" lon="126.7889643"/>
 <node id="5307959883" visible="true" version="2" changeset="99601411" timestamp="2021-02-19T14:39:38Z" user="mulgist" uid="12368943" lat="35.0175224" lon="126.7891768"/>
 <node id="5307959884" visible="true" version="2" changeset="99601411" timestamp="2021-02-19T14:39:38Z" user="mulgist" uid="12368943" lat="35.0175292" lon="126.7892812"/>
 <node id="5307959885" visible="true" version="2" changeset="99601411" timestamp="2021-02-19T14:39:38Z" user="mulgist" uid="12368943" lat="35.0175647" lon="126.7895133"/>
 <node id="5307959886" visible="true" version="2" changeset="99601411" timestamp="2021-02-19T14:39:38Z" user="mulgist" uid="12368943" lat="35.0175778" lon="126.7897005"/>
 <node id="5307959888" visible="true" version="2" changeset="99601411" timestamp="2021-02-19T14:39:38Z" user="mulgist" uid="12368943" lat="35.0175617" lon="126.7897923"/>
 <node id="5307959889" visible="true" version="2" changeset="99601411" timestamp="2021-02-19T14:39:38Z" user="mulgist" uid="12368943" lat="35.0175759" lon="126.7899060"/>
 <node id="5307959890" visible="true" version="2" changeset="99601411" timestamp="2021-02-19T14:39:38Z" user="mulgist" uid="12368943" lat="35.0176696" lon="126.7899894"/>
 <node id="5307959891" visible="true" version="2" changeset="99601411" timestamp="2021-02-19T14:39:38Z" user="mulgist" uid="12368943" lat="35.0177177" lon="126.7900588"/>
 <node id="5307959892" visible="true" version="2" changeset="99601411" timestamp="2021-02-19T14:39:38Z" user="mulgist" uid="12368943" lat="35.0177437" lon="126.7902034"/>
 <node id="5307959894" visible="true" version="2" changeset="99601411" timestamp="2021-02-19T14:39:38Z" user="mulgist" uid="12368943" lat="35.0177391" lon="126.7907196"/>
 <node id="5307959895" visible="true" version="2" changeset="99601411" timestamp="2021-02-19T14:39:38Z" user="mulgist" uid="12368943" lat="35.0177904" lon="126.7909527"/>
 <node id="5307959898" visible="true" version="2" changeset="99601411" timestamp="2021-02-19T14:39:38Z" user="mulgist" uid="12368943" lat="35.0178226" lon="126.7917138"/>
 <node id="5307959899" visible="true" version="1" changeset="54975407" timestamp="2017-12-28T07:28:01Z" user="FUKUTAN" uid="5207199" lat="35.0143017" lon="126.7862450"/>
 <node id="5307959900" visible="true" version="1" changeset="54975407" timestamp="2017-12-28T07:28:01Z" user="FUKUTAN" uid="5207199" lat="35.0139171" lon="126.7869917"/>
 <node id="5307959901" visible="true" version="1" changeset="54975407" timestamp="2017-12-28T07:28:01Z" user="FUKUTAN" uid="5207199" lat="35.0140505" lon="126.7866677"/>
 <node id="5307959902" visible="true" version="2" changeset="144325400" timestamp="2023-11-22T12:55:22Z" user="asdfqwer51" uid="3350410" lat="35.0135711" lon="126.7872421"/>
 <node id="5307959903" visible="true" version="1" changeset="54975407" timestamp="2017-12-28T07:28:01Z" user="FUKUTAN" uid="5207199" lat="35.0138594" lon="126.7872329"/>
 <node id="5307959904" visible="true" version="1" changeset="54975407" timestamp="2017-12-28T07:28:01Z" user="FUKUTAN" uid="5207199" lat="35.0143350" lon="126.7872319"/>
 <node id="5307959905" visible="true" version="1" changeset="54975407" timestamp="2017-12-28T07:28:01Z" user="FUKUTAN" uid="5207199" lat="35.0143966" lon="126.7866627"/>
 <node id="5307959906" visible="true" version="1" changeset="54975407" timestamp="2017-12-28T07:28:01Z" user="FUKUTAN" uid="5207199" lat="35.0141292" lon="126.7865236"/>
 <node id="5307959907" visible="true" version="1" changeset="54975407" timestamp="2017-12-28T07:28:01Z" user="FUKUTAN" uid="5207199" lat="35.0140736" lon="126.7872325"/>
 <node id="5307959908" visible="true" version="1" changeset="54975407" timestamp="2017-12-28T07:28:01Z" user="FUKUTAN" uid="5207199" lat="35.0141519" lon="126.7878986"/>
 <node id="5307959909" visible="true" version="1" changeset="54975407" timestamp="2017-12-28T07:28:01Z" user="FUKUTAN" uid="5207199" lat="35.0139080" lon="126.7880405"/>
 <node id="5307959910" visible="true" version="2" changeset="99601411" timestamp="2021-02-19T14:39:38Z" user="mulgist" uid="12368943" lat="35.0137153" lon="126.7882076"/>
 <node id="5307959911" visible="true" version="3" changeset="141712425" timestamp="2023-09-25T05:17:57Z" user="FUKUTAN" uid="5207199" lat="35.0154335" lon="126.7853418"/>
 <node id="5307959912" visible="true" version="2" changeset="99601411" timestamp="2021-02-19T14:39:38Z" user="mulgist" uid="12368943" lat="35.0153548" lon="126.7848953"/>
 <node id="5307959913" visible="true" version="3" changeset="141712425" timestamp="2023-09-25T05:17:57Z" user="FUKUTAN" uid="5207199" lat="35.0151615" lon="126.7854519"/>
 <node id="5307959915" visible="true" version="2" changeset="99601411" timestamp="2021-02-19T14:39:38Z" user="mulgist" uid="12368943" lat="35.0153657" lon="126.7858348"/>
 <node id="5307959916" visible="true" version="2" changeset="99601411" timestamp="2021-02-19T14:39:38Z" user="mulgist" uid="12368943" lat="35.0156336" lon="126.7857553"/>
 <node id="5307959917" visible="true" version="3" changeset="141712425" timestamp="2023-09-25T05:17:57Z" user="FUKUTAN" uid="5207199" lat="35.0155147" lon="126.7853270"/>
 <node id="5307960024" visible="true" version="1" changeset="54975407" timestamp="2017-12-28T07:28:01Z" user="FUKUTAN" uid="5207199" lat="35.0095087" lon="126.7933803"/>
 <node id="5307960025" visible="true" version="1" changeset="54975407" timestamp="2017-12-28T07:28:01Z" user="FUKUTAN" uid="5207199" lat="35.0096382" lon="126.7939273"/>
 <node id="5307960049" visible="true" version="1" changeset="54975407" timestamp="2017-12-28T07:28:02Z" user="FUKUTAN" uid="5207199" lat="35.0094252" lon="126.7777850"/>
 <node id="5307960050" visible="true" version="1" changeset="54975407" timestamp="2017-12-28T07:28:02Z" user="FUKUTAN" uid="5207199" lat="35.0073868" lon="126.7719975"/>
 <node id="5307960102" visible="true" version="1" changeset="54975407" timestamp="2017-12-28T07:28:02Z" user="FUKUTAN" uid="5207199" lat="35.0073415" lon="126.7719226"/>
 <node id="5307960117" visible="true" version="1" changeset="54975407" timestamp="2017-12-28T07:28:03Z" user="FUKUTAN" uid="5207199" lat="35.0100475" lon="126.7748952"/>
 <node id="5307960286" visible="true" version="1" changeset="54975407" timestamp="2017-12-28T07:28:04Z" user="FUKUTAN" uid="5207199" lat="35.0113877" lon="126.7825626"/>
 <node id="5307971359" visible="true" version="1" changeset="54975531" timestamp="2017-12-28T07:35:49Z" user="FUKUTAN" uid="5207199" lat="35.0183089" lon="126.7849925"/>
 <node id="5307971360" visible="true" version="2" changeset="99601411" timestamp="2021-02-19T14:39:38Z" user="mulgist" uid="12368943" lat="35.0174693" lon="126.7846859"/>
 <node id="5307971361" visible="true" version="2" changeset="99601411" timestamp="2021-02-19T14:39:38Z" user="mulgist" uid="12368943" lat="35.0172365" lon="126.7854774"/>
 <node id="5307971362" visible="true" version="1" changeset="54975531" timestamp="2017-12-28T07:35:49Z" user="FUKUTAN" uid="5207199" lat="35.0181460" lon="126.7858330"/>
 <node id="5307971363" visible="true" version="1" changeset="54975531" timestamp="2017-12-28T07:35:49Z" user="FUKUTAN" uid="5207199" lat="35.0182327" lon="126.7854902"/>
 <node id="5307971364" visible="true" version="1" changeset="54975531" timestamp="2017-12-28T07:35:49Z" user="FUKUTAN" uid="5207199" lat="35.0181874" lon="126.7854731"/>
 <node id="5307971365" visible="true" version="1" changeset="54975531" timestamp="2017-12-28T07:35:49Z" user="FUKUTAN" uid="5207199" lat="35.0182317" lon="126.7846273"/>
 <node id="5307971366" visible="true" version="1" changeset="54975531" timestamp="2017-12-28T07:35:49Z" user="FUKUTAN" uid="5207199" lat="35.0209423" lon="126.7838173"/>
 <node id="5307971367" visible="true" version="1" changeset="54975531" timestamp="2017-12-28T07:35:49Z" user="FUKUTAN" uid="5207199" lat="35.0207084" lon="126.7839474"/>
 <node id="5307971368" visible="true" version="1" changeset="54975531" timestamp="2017-12-28T07:35:49Z" user="FUKUTAN" uid="5207199" lat="35.0206996" lon="126.7844315"/>
 <node id="5307971369" visible="true" version="1" changeset="54975531" timestamp="2017-12-28T07:35:49Z" user="FUKUTAN" uid="5207199" lat="35.0205667" lon="126.7844959"/>
 <node id="5307971370" visible="true" version="1" changeset="54975531" timestamp="2017-12-28T07:35:49Z" user="FUKUTAN" uid="5207199" lat="35.0205019" lon="126.7845133"/>
 <node id="5307971371" visible="true" version="1" changeset="54975531" timestamp="2017-12-28T07:35:49Z" user="FUKUTAN" uid="5207199" lat="35.0205052" lon="126.7846582"/>
 <node id="5307971372" visible="true" version="1" changeset="54975531" timestamp="2017-12-28T07:35:49Z" user="FUKUTAN" uid="5207199" lat="35.0208736" lon="126.7846515"/>
 <node id="5307971373" visible="true" version="1" changeset="54975531" timestamp="2017-12-28T07:35:49Z" user="FUKUTAN" uid="5207199" lat="35.0209390" lon="126.7840145"/>
 <node id="5307971374" visible="true" version="1" changeset="54975531" timestamp="2017-12-28T07:35:49Z" user="FUKUTAN" uid="5207199" lat="35.0208567" lon="126.7846601"/>
 <node id="5307971375" visible="true" version="1" changeset="54975531" timestamp="2017-12-28T07:35:49Z" user="FUKUTAN" uid="5207199" lat="35.0208857" lon="126.7846403"/>
 <node id="5307971376" visible="true" version="1" changeset="54975531" timestamp="2017-12-28T07:35:49Z" user="FUKUTAN" uid="5207199" lat="35.0208922" lon="126.7846252"/>
 <node id="5309416068" visible="true" version="1" changeset="54997523" timestamp="2017-12-29T00:31:49Z" user="FUKUTAN" uid="5207199" lat="35.0058347" lon="126.7643083"/>
 <node id="5309416703" visible="true" version="3" changeset="96332427" timestamp="2020-12-23T14:29:14Z" user="mulgist" uid="12368943" lat="35.0168470" lon="126.7946090"/>
 <node id="5309416704" visible="true" version="2" changeset="96332427" timestamp="2020-12-23T14:29:14Z" user="mulgist" uid="12368943" lat="35.0175913" lon="126.7945859"/>
 <node id="5309416705" visible="true" version="2" changeset="96332427" timestamp="2020-12-23T14:29:14Z" user="mulgist" uid="12368943" lat="35.0175358" lon="126.7945108"/>
 <node id="5309416706" visible="true" version="2" changeset="96332427" timestamp="2020-12-23T14:29:14Z" user="mulgist" uid="12368943" lat="35.0172223" lon="126.7945355"/>
 <node id="5309416707" visible="true" version="2" changeset="96332427" timestamp="2020-12-23T14:29:14Z" user="mulgist" uid="12368943" lat="35.0171184" lon="126.8005799"/>
 <node id="5309416708" visible="true" version="2" changeset="96332427" timestamp="2020-12-23T14:29:14Z" user="mulgist" uid="12368943" lat="35.0174436" lon="126.8006801"/>
 <node id="5309416709" visible="true" version="2" changeset="96332427" timestamp="2020-12-23T14:29:14Z" user="mulgist" uid="12368943" lat="35.0175283" lon="126.8007049"/>
 <node id="5309416710" visible="true" version="2" changeset="96332427" timestamp="2020-12-23T14:29:14Z" user="mulgist" uid="12368943" lat="35.0176071" lon="126.8006479"/>
 <node id="5309434105" visible="true" version="2" changeset="99219143" timestamp="2021-02-13T16:03:11Z" user="mulgist" uid="12368943" lat="35.0222001" lon="126.7895724"/>
 <node id="5309434106" visible="true" version="2" changeset="99219143" timestamp="2021-02-13T16:03:11Z" user="mulgist" uid="12368943" lat="35.0220895" lon="126.7895252"/>
 <node id="5309434107" visible="true" version="2" changeset="99219143" timestamp="2021-02-13T16:03:11Z" user="mulgist" uid="12368943" lat="35.0218716" lon="126.7895339"/>
 <node id="5309434108" visible="true" version="4" changeset="144332579" timestamp="2023-11-22T16:15:50Z" user="asdfqwer51" uid="3350410" lat="35.0206940" lon="126.7937380"/>
 <node id="5309434109" visible="true" version="4" changeset="144332579" timestamp="2023-11-22T16:15:50Z" user="asdfqwer51" uid="3350410" lat="35.0206812" lon="126.7937627"/>
 <node id="5309434110" visible="true" version="3" changeset="144332579" timestamp="2023-11-22T16:15:50Z" user="asdfqwer51" uid="3350410" lat="35.0207841" lon="126.7940164"/>
 <node id="5309434111" visible="true" version="3" changeset="144332579" timestamp="2023-11-22T16:15:50Z" user="asdfqwer51" uid="3350410" lat="35.0208306" lon="126.7940157"/>
 <node id="5309434112" visible="true" version="3" changeset="144332579" timestamp="2023-11-22T16:15:50Z" user="asdfqwer51" uid="3350410" lat="35.0208744" lon="126.7939967"/>
 <node id="5309434113" visible="true" version="3" changeset="144332579" timestamp="2023-11-22T16:15:50Z" user="asdfqwer51" uid="3350410" lat="35.0206682" lon="126.7938044"/>
 <node id="5309434114" visible="true" version="3" changeset="144332579" timestamp="2023-11-22T16:15:50Z" user="asdfqwer51" uid="3350410" lat="35.0206647" lon="126.7938613"/>
 <node id="5309434115" visible="true" version="3" changeset="144332579" timestamp="2023-11-22T16:15:50Z" user="asdfqwer51" uid="3350410" lat="35.0206766" lon="126.7939165"/>
 <node id="5309434116" visible="true" version="3" changeset="144332579" timestamp="2023-11-22T16:15:50Z" user="asdfqwer51" uid="3350410" lat="35.0207025" lon="126.7939639"/>
 <node id="5309434117" visible="true" version="3" changeset="144332579" timestamp="2023-11-22T16:15:50Z" user="asdfqwer51" uid="3350410" lat="35.0207397" lon="126.7939985"/>
 <node id="5309434118" visible="true" version="3" changeset="144332579" timestamp="2023-11-22T16:15:50Z" user="asdfqwer51" uid="3350410" lat="35.0209108" lon="126.7939614"/>
 <node id="5309434119" visible="true" version="3" changeset="144332579" timestamp="2023-11-22T16:15:50Z" user="asdfqwer51" uid="3350410" lat="35.0209358" lon="126.7939135"/>
 <node id="5309434120" visible="true" version="3" changeset="144332579" timestamp="2023-11-22T16:15:50Z" user="asdfqwer51" uid="3350410" lat="35.0209468" lon="126.7938583"/>
 <node id="5309434121" visible="true" version="3" changeset="144332579" timestamp="2023-11-22T16:15:50Z" user="asdfqwer51" uid="3350410" lat="35.0209426" lon="126.7938018"/>
 <node id="5309434122" visible="true" version="3" changeset="144332579" timestamp="2023-11-22T16:15:50Z" user="asdfqwer51" uid="3350410" lat="35.0209235" lon="126.7937500"/>
 <node id="5309434123" visible="true" version="3" changeset="144332579" timestamp="2023-11-22T16:15:50Z" user="asdfqwer51" uid="3350410" lat="35.0208918" lon="126.7937085"/>
 <node id="5309434124" visible="true" version="3" changeset="144332579" timestamp="2023-11-22T16:15:50Z" user="asdfqwer51" uid="3350410" lat="35.0208507" lon="126.7936818"/>
 <node id="5309434125" visible="true" version="3" changeset="144332579" timestamp="2023-11-22T16:15:50Z" user="asdfqwer51" uid="3350410" lat="35.0208048" lon="126.7936728"/>
 <node id="5309434126" visible="true" version="3" changeset="144332579" timestamp="2023-11-22T16:15:50Z" user="asdfqwer51" uid="3350410" lat="35.0207590" lon="126.7936825"/>
 <node id="5309676689" visible="true" version="2" changeset="99601411" timestamp="2021-02-19T14:39:38Z" user="mulgist" uid="12368943" lat="35.0210450" lon="126.7887562"/>
 <node id="5309676690" visible="true" version="2" changeset="99601411" timestamp="2021-02-19T14:39:38Z" user="mulgist" uid="12368943" lat="35.0208792" lon="126.7890069"/>
 <node id="5309676692" visible="true" version="2" changeset="99601411" timestamp="2021-02-19T14:39:38Z" user="mulgist" uid="12368943" lat="35.0204382" lon="126.7886669"/>
 <node id="5309676693" visible="true" version="2" changeset="99601411" timestamp="2021-02-19T14:39:38Z" user="mulgist" uid="12368943" lat="35.0202881" lon="126.7887958"/>
 <node id="5309676720" visible="true" version="1" changeset="55000270" timestamp="2017-12-29T04:55:57Z" user="FUKUTAN" uid="5207199" lat="35.0122964" lon="126.7796030"/>
 <node id="5309677721" visible="true" version="1" changeset="55000270" timestamp="2017-12-29T04:55:57Z" user="FUKUTAN" uid="5207199" lat="35.0117335" lon="126.7785529"/>
 <node id="5309677722" visible="true" version="1" changeset="55000270" timestamp="2017-12-29T04:55:57Z" user="FUKUTAN" uid="5207199" lat="35.0111595" lon="126.7816065"/>
 <node id="5309677764" visible="true" version="2" changeset="99219143" timestamp="2021-02-13T16:03:11Z" user="mulgist" uid="12368943" lat="35.0249940" lon="126.7897065"/>
 <node id="5309677806" visible="true" version="2" changeset="141712425" timestamp="2023-09-25T05:17:57Z" user="FUKUTAN" uid="5207199" lat="35.0148548" lon="126.7856296"/>
 <node id="5309677808" visible="true" version="1" changeset="55000270" timestamp="2017-12-29T04:55:58Z" user="FUKUTAN" uid="5207199" lat="35.0139411" lon="126.7869220"/>
 <node id="5309677809" visible="true" version="1" changeset="55000270" timestamp="2017-12-29T04:55:58Z" user="FUKUTAN" uid="5207199" lat="35.0137294" lon="126.7868617"/>
 <node id="5309677810" visible="true" version="2" changeset="144325400" timestamp="2023-11-22T12:55:22Z" user="asdfqwer51" uid="3350410" lat="35.0135982" lon="126.7868571"/>
 <node id="5309677811" visible="true" version="1" changeset="55000270" timestamp="2017-12-29T04:55:58Z" user="FUKUTAN" uid="5207199" lat="35.0138544" lon="126.7868973"/>
 <node id="5309677812" visible="true" version="1" changeset="55000270" timestamp="2017-12-29T04:55:58Z" user="FUKUTAN" uid="5207199" lat="35.0138875" lon="126.7866543"/>
 <node id="5309677813" visible="true" version="1" changeset="55000270" timestamp="2017-12-29T04:55:58Z" user="FUKUTAN" uid="5207199" lat="35.0139308" lon="126.7864328"/>
 <node id="5309677814" visible="true" version="1" changeset="55000270" timestamp="2017-12-29T04:55:58Z" user="FUKUTAN" uid="5207199" lat="35.0140041" lon="126.7861279"/>
 <node id="5309677815" visible="true" version="1" changeset="55000270" timestamp="2017-12-29T04:55:58Z" user="FUKUTAN" uid="5207199" lat="35.0140906" lon="126.7858270"/>
 <node id="5309677816" visible="true" version="1" changeset="55000270" timestamp="2017-12-29T04:55:58Z" user="FUKUTAN" uid="5207199" lat="35.0141589" lon="126.7856034"/>
 <node id="5309677817" visible="true" version="2" changeset="99601411" timestamp="2021-02-19T14:39:38Z" user="mulgist" uid="12368943" lat="35.0143069" lon="126.7854153"/>
 <node id="5309677818" visible="true" version="2" changeset="99601411" timestamp="2021-02-19T14:39:38Z" user="mulgist" uid="12368943" lat="35.0144259" lon="126.7851097"/>
 <node id="5309677819" visible="true" version="1" changeset="55000270" timestamp="2017-12-29T04:55:58Z" user="FUKUTAN" uid="5207199" lat="35.0145451" lon="126.7847456"/>
 <node id="5309677820" visible="true" version="2" changeset="99601411" timestamp="2021-02-19T14:39:38Z" user="mulgist" uid="12368943" lat="35.0146486" lon="126.7845636"/>
 <node id="5309677821" visible="true" version="2" changeset="99601411" timestamp="2021-02-19T14:39:38Z" user="mulgist" uid="12368943" lat="35.0165541" lon="126.7857090"/>
 <node id="5309677822" visible="true" version="2" changeset="99601411" timestamp="2021-02-19T14:39:38Z" user="mulgist" uid="12368943" lat="35.0165477" lon="126.7858361"/>
 <node id="5309677823" visible="true" version="2" changeset="99601411" timestamp="2021-02-19T14:39:38Z" user="mulgist" uid="12368943" lat="35.0164836" lon="126.7856990"/>
 <node id="5309677824" visible="true" version="2" changeset="99601411" timestamp="2021-02-19T14:39:38Z" user="mulgist" uid="12368943" lat="35.0164750" lon="126.7858235"/>
 <node id="5309677825" visible="true" version="2" changeset="99601411" timestamp="2021-02-19T14:39:38Z" user="mulgist" uid="12368943" lat="35.0162326" lon="126.7857605"/>
 <node id="5312136034" visible="true" version="1" changeset="55036702" timestamp="2017-12-30T15:05:29Z" user="FUKUTAN" uid="5207199" lat="35.0109007" lon="126.7764338"/>
 <node id="5312143165" visible="true" version="2" changeset="144326721" timestamp="2023-11-22T13:28:24Z" user="asdfqwer51" uid="3350410" lat="35.0204019" lon="126.7949698"/>
 <node id="5312143166" visible="true" version="2" changeset="144326721" timestamp="2023-11-22T13:28:24Z" user="asdfqwer51" uid="3350410" lat="35.0200933" lon="126.7949805"/>
 <node id="5312143167" visible="true" version="2" changeset="144326721" timestamp="2023-11-22T13:28:24Z" user="asdfqwer51" uid="3350410" lat="35.0200955" lon="126.7952769"/>
 <node id="5312143168" visible="true" version="2" changeset="144326721" timestamp="2023-11-22T13:28:24Z" user="asdfqwer51" uid="3350410" lat="35.0203910" lon="126.7952863"/>
 <node id="5312143169" visible="true" version="2" changeset="144326721" timestamp="2023-11-22T13:28:24Z" user="asdfqwer51" uid="3350410" lat="35.0204601" lon="126.7952219"/>
 <node id="5312143170" visible="true" version="2" changeset="144326721" timestamp="2023-11-22T13:28:24Z" user="asdfqwer51" uid="3350410" lat="35.0205337" lon="126.7952152"/>
 <node id="5312143172" visible="true" version="3" changeset="144326721" timestamp="2023-11-22T13:28:24Z" user="asdfqwer51" uid="3350410" lat="35.0207786" lon="126.7959459"/>
 <node id="5312143173" visible="true" version="2" changeset="144326721" timestamp="2023-11-22T13:28:24Z" user="asdfqwer51" uid="3350410" lat="35.0209148" lon="126.7959448"/>
 <node id="5312143174" visible="true" version="2" changeset="144326721" timestamp="2023-11-22T13:28:24Z" user="asdfqwer51" uid="3350410" lat="35.0209126" lon="126.7953976"/>
 <node id="5312143175" visible="true" version="2" changeset="144326721" timestamp="2023-11-22T13:28:24Z" user="asdfqwer51" uid="3350410" lat="35.0209039" lon="126.7953574"/>
 <node id="5312143176" visible="true" version="2" changeset="144326721" timestamp="2023-11-22T13:28:24Z" user="asdfqwer51" uid="3350410" lat="35.0208720" lon="126.7953091"/>
 <node id="5312143177" visible="true" version="2" changeset="144326721" timestamp="2023-11-22T13:28:24Z" user="asdfqwer51" uid="3350410" lat="35.0206238" lon="126.7950462"/>
 <node id="5312143178" visible="true" version="2" changeset="144326721" timestamp="2023-11-22T13:28:24Z" user="asdfqwer51" uid="3350410" lat="35.0205886" lon="126.7950422"/>
 <node id="5312143179" visible="true" version="2" changeset="144326721" timestamp="2023-11-22T13:28:24Z" user="asdfqwer51" uid="3350410" lat="35.0204799" lon="126.7950422"/>
 <node id="5312143180" visible="true" version="2" changeset="144326721" timestamp="2023-11-22T13:28:24Z" user="asdfqwer51" uid="3350410" lat="35.0206539" lon="126.7950641"/>
 <node id="5312143181" visible="true" version="2" changeset="144326721" timestamp="2023-11-22T13:28:24Z" user="asdfqwer51" uid="3350410" lat="35.0205625" lon="126.7952297"/>
 <node id="5312143182" visible="true" version="2" changeset="144326721" timestamp="2023-11-22T13:28:24Z" user="asdfqwer51" uid="3350410" lat="35.0208912" lon="126.7953346"/>
 <node id="5312200003" visible="true" version="2" changeset="99630021" timestamp="2021-02-20T08:24:13Z" user="mulgist" uid="12368943" lat="35.0181919" lon="126.7926054"/>
 <node id="5312200004" visible="true" version="2" changeset="99630021" timestamp="2021-02-20T08:24:13Z" user="mulgist" uid="12368943" lat="35.0182110" lon="126.7924709"/>
 <node id="5312200005" visible="true" version="2" changeset="99630021" timestamp="2021-02-20T08:24:13Z" user="mulgist" uid="12368943" lat="35.0182624" lon="126.7923135"/>
 <node id="5312200006" visible="true" version="2" changeset="99630021" timestamp="2021-02-20T08:24:13Z" user="mulgist" uid="12368943" lat="35.0183758" lon="126.7922205"/>
 <node id="5312200007" visible="true" version="3" changeset="99630021" timestamp="2021-02-20T08:24:13Z" user="mulgist" uid="12368943" lat="35.0184936" lon="126.7920950"/>
 <node id="5312200008" visible="true" version="2" changeset="99601411" timestamp="2021-02-19T14:39:38Z" user="mulgist" uid="12368943" lat="35.0186518" lon="126.7920451"/>
 <node id="5312200009" visible="true" version="2" changeset="99601411" timestamp="2021-02-19T14:39:38Z" user="mulgist" uid="12368943" lat="35.0187259" lon="126.7920115"/>
 <node id="5312200010" visible="true" version="2" changeset="99601411" timestamp="2021-02-19T14:39:38Z" user="mulgist" uid="12368943" lat="35.0192494" lon="126.7913762"/>
 <node id="5312200011" visible="true" version="2" changeset="99601411" timestamp="2021-02-19T14:39:38Z" user="mulgist" uid="12368943" lat="35.0192582" lon="126.7912270"/>
 <node id="5312200012" visible="true" version="2" changeset="99601411" timestamp="2021-02-19T14:39:38Z" user="mulgist" uid="12368943" lat="35.0192655" lon="126.7911491"/>
 <node id="5312200013" visible="true" version="2" changeset="99601411" timestamp="2021-02-19T14:39:38Z" user="mulgist" uid="12368943" lat="35.0193075" lon="126.7910953"/>
 <node id="5312200014" visible="true" version="2" changeset="99601411" timestamp="2021-02-19T14:39:38Z" user="mulgist" uid="12368943" lat="35.0194045" lon="126.7910738"/>
 <node id="5312200015" visible="true" version="2" changeset="99601411" timestamp="2021-02-19T14:39:38Z" user="mulgist" uid="12368943" lat="35.0195613" lon="126.7910283"/>
 <node id="5312200016" visible="true" version="2" changeset="99601411" timestamp="2021-02-19T14:39:38Z" user="mulgist" uid="12368943" lat="35.0196396" lon="126.7909645"/>
 <node id="5312200017" visible="true" version="2" changeset="99601411" timestamp="2021-02-19T14:39:38Z" user="mulgist" uid="12368943" lat="35.0197044" lon="126.7909193"/>
 <node id="5312200019" visible="true" version="2" changeset="99601411" timestamp="2021-02-19T14:39:38Z" user="mulgist" uid="12368943" lat="35.0198155" lon="126.7907841"/>
 <node id="5312200021" visible="true" version="2" changeset="99601411" timestamp="2021-02-19T14:39:38Z" user="mulgist" uid="12368943" lat="35.0199047" lon="126.7907052"/>
 <node id="5312200024" visible="true" version="2" changeset="99601411" timestamp="2021-02-19T14:39:38Z" user="mulgist" uid="12368943" lat="35.0201837" lon="126.7907597"/>
 <node id="5312200025" visible="true" version="2" changeset="99601411" timestamp="2021-02-19T14:39:38Z" user="mulgist" uid="12368943" lat="35.0202647" lon="126.7907278"/>
 <node id="5312200026" visible="true" version="2" changeset="144332579" timestamp="2023-11-22T16:15:50Z" user="asdfqwer51" uid="3350410" lat="35.0202417" lon="126.7906077"/>
 <node id="5312200028" visible="true" version="2" changeset="99601411" timestamp="2021-02-19T14:39:38Z" user="mulgist" uid="12368943" lat="35.0204616" lon="126.7906891"/>
 <node id="5312200029" visible="true" version="1" changeset="55037900" timestamp="2017-12-30T15:59:04Z" user="FUKUTAN" uid="5207199" lat="35.0205317" lon="126.7907056"/>
 <node id="5312200030" visible="true" version="2" changeset="99601411" timestamp="2021-02-19T14:39:38Z" user="mulgist" uid="12368943" lat="35.0207703" lon="126.7908084"/>
 <node id="5312200031" visible="true" version="2" changeset="99601411" timestamp="2021-02-19T14:39:38Z" user="mulgist" uid="12368943" lat="35.0207722" lon="126.7908808"/>
 <node id="5354443485" visible="true" version="3" changeset="144332579" timestamp="2023-11-22T16:15:50Z" user="asdfqwer51" uid="3350410" lat="35.0205564" lon="126.7937124"/>
 <node id="5354443486" visible="true" version="3" changeset="144332579" timestamp="2023-11-22T16:15:50Z" user="asdfqwer51" uid="3350410" lat="35.0203911" lon="126.7934948"/>
 <node id="5354443487" visible="true" version="3" changeset="144332579" timestamp="2023-11-22T16:15:50Z" user="asdfqwer51" uid="3350410" lat="35.0203416" lon="126.7934924"/>
 <node id="5354443488" visible="true" version="3" changeset="144332579" timestamp="2023-11-22T16:15:50Z" user="asdfqwer51" uid="3350410" lat="35.0201556" lon="126.7937159"/>
 <node id="5354443489" visible="true" version="3" changeset="144332579" timestamp="2023-11-22T16:15:50Z" user="asdfqwer51" uid="3350410" lat="35.0201597" lon="126.7940610"/>
 <node id="5354443490" visible="true" version="3" changeset="144332579" timestamp="2023-11-22T16:15:50Z" user="asdfqwer51" uid="3350410" lat="35.0205525" lon="126.7940319"/>
 <node id="5354443491" visible="true" version="2" changeset="99630021" timestamp="2021-02-20T08:24:13Z" user="mulgist" uid="12368943" lat="35.0201787" lon="126.7924186"/>
 <node id="5354443492" visible="true" version="3" changeset="144332579" timestamp="2023-11-22T16:15:50Z" user="asdfqwer51" uid="3350410" lat="35.0206958" lon="126.7920579"/>
 <node id="5354443493" visible="true" version="3" changeset="144332579" timestamp="2023-11-22T16:15:50Z" user="asdfqwer51" uid="3350410" lat="35.0206956" lon="126.7922988"/>
 <node id="5354443494" visible="true" version="3" changeset="144332579" timestamp="2023-11-22T16:15:50Z" user="asdfqwer51" uid="3350410" lat="35.0210231" lon="126.7922993"/>
 <node id="5354443495" visible="true" version="3" changeset="144332579" timestamp="2023-11-22T16:15:50Z" user="asdfqwer51" uid="3350410" lat="35.0210234" lon="126.7920760"/>
 <node id="5354443496" visible="true" version="3" changeset="144332579" timestamp="2023-11-22T16:15:50Z" user="asdfqwer51" uid="3350410" lat="35.0208515" lon="126.7920757"/>
 <node id="5354443497" visible="true" version="3" changeset="144332579" timestamp="2023-11-22T16:15:50Z" user="asdfqwer51" uid="3350410" lat="35.0208515" lon="126.7920582"/>
 <node id="5354443498" visible="true" version="4" changeset="144332579" timestamp="2023-11-22T16:15:50Z" user="asdfqwer51" uid="3350410" lat="35.0186525" lon="126.7925097"/>
 <node id="5354443499" visible="true" version="4" changeset="144332579" timestamp="2023-11-22T16:15:50Z" user="asdfqwer51" uid="3350410" lat="35.0184168" lon="126.7927894"/>
 <node id="5354443500" visible="true" version="4" changeset="144332579" timestamp="2023-11-22T16:15:50Z" user="asdfqwer51" uid="3350410" lat="35.0186679" lon="126.7931049"/>
 <node id="5354443501" visible="true" version="4" changeset="144332579" timestamp="2023-11-22T16:15:50Z" user="asdfqwer51" uid="3350410" lat="35.0189035" lon="126.7928252"/>
 <node id="5354443504" visible="true" version="2" changeset="144332579" timestamp="2023-11-22T16:15:50Z" user="asdfqwer51" uid="3350410" lat="35.0178425" lon="126.7932814"/>
 <node id="5354443505" visible="true" version="1" changeset="55652821" timestamp="2018-01-22T12:03:58Z" user="FUKUTAN" uid="5207199" lat="35.0171949" lon="126.7942937"/>
 <node id="5354443506" visible="true" version="2" changeset="65892810" timestamp="2018-12-30T17:32:41Z" user="FUKUTAN" uid="5207199" lat="35.0204730" lon="126.7881769"/>
 <node id="5354443507" visible="true" version="2" changeset="99219143" timestamp="2021-02-13T16:03:11Z" user="mulgist" uid="12368943" lat="35.0207645" lon="126.7898569"/>
 <node id="5354443508" visible="true" version="2" changeset="99219143" timestamp="2021-02-13T16:03:11Z" user="mulgist" uid="12368943" lat="35.0207954" lon="126.7898136"/>
 <node id="5354443509" visible="true" version="2" changeset="99219143" timestamp="2021-02-13T16:03:11Z" user="mulgist" uid="12368943" lat="35.0208524" lon="126.7897831"/>
 <node id="5354443510" visible="true" version="2" changeset="99219143" timestamp="2021-02-13T16:03:11Z" user="mulgist" uid="12368943" lat="35.0209314" lon="126.7897521"/>
 <node id="5354443511" visible="true" version="2" changeset="99219143" timestamp="2021-02-13T16:03:11Z" user="mulgist" uid="12368943" lat="35.0210065" lon="126.7897424"/>
 <node id="5354443512" visible="true" version="2" changeset="99219143" timestamp="2021-02-13T16:03:11Z" user="mulgist" uid="12368943" lat="35.0214410" lon="126.7898002"/>
 <node id="5354443513" visible="true" version="2" changeset="99219143" timestamp="2021-02-13T16:03:11Z" user="mulgist" uid="12368943" lat="35.0215105" lon="126.7898268"/>
 <node id="5354443514" visible="true" version="2" changeset="99219143" timestamp="2021-02-13T16:03:11Z" user="mulgist" uid="12368943" lat="35.0215376" lon="126.7898929"/>
 <node id="5354443515" visible="true" version="2" changeset="99219143" timestamp="2021-02-13T16:03:11Z" user="mulgist" uid="12368943" lat="35.0218790" lon="126.7898841"/>
 <node id="5354443516" visible="true" version="2" changeset="99219143" timestamp="2021-02-13T16:03:11Z" user="mulgist" uid="12368943" lat="35.0222011" lon="126.7896464"/>
 <node id="5354443517" visible="true" version="2" changeset="99219143" timestamp="2021-02-13T16:03:11Z" user="mulgist" uid="12368943" lat="35.0223056" lon="126.7897323"/>
 <node id="5354443518" visible="true" version="2" changeset="99219143" timestamp="2021-02-13T16:03:11Z" user="mulgist" uid="12368943" lat="35.0224488" lon="126.7898139"/>
 <node id="5354443519" visible="true" version="2" changeset="99219143" timestamp="2021-02-13T16:03:11Z" user="mulgist" uid="12368943" lat="35.0225376" lon="126.7898064"/>
 <node id="5354443520" visible="true" version="2" changeset="99219143" timestamp="2021-02-13T16:03:11Z" user="mulgist" uid="12368943" lat="35.0226086" lon="126.7898209"/>
 <node id="5354444821" visible="true" version="2" changeset="60015981" timestamp="2018-06-20T16:17:08Z" user="FUKUTAN" uid="5207199" lat="35.0229996" lon="126.7898833"/>
 <node id="5354444822" visible="true" version="2" changeset="99219143" timestamp="2021-02-13T16:03:11Z" user="mulgist" uid="12368943" lat="35.0216610" lon="126.7898970"/>
 <node id="5354444828" visible="true" version="4" changeset="144332579" timestamp="2023-11-22T16:15:50Z" user="asdfqwer51" uid="3350410" lat="35.0195267" lon="126.7930832"/>
 <node id="5354444829" visible="true" version="4" changeset="144332579" timestamp="2023-11-22T16:15:50Z" user="asdfqwer51" uid="3350410" lat="35.0193573" lon="126.7931621"/>
 <node id="5354444830" visible="true" version="4" changeset="144332579" timestamp="2023-11-22T16:15:50Z" user="asdfqwer51" uid="3350410" lat="35.0193576" lon="126.7932121"/>
 <node id="5354444831" visible="true" version="4" changeset="144332579" timestamp="2023-11-22T16:15:50Z" user="asdfqwer51" uid="3350410" lat="35.0193248" lon="126.7932124"/>
 <node id="5354444832" visible="true" version="4" changeset="144332579" timestamp="2023-11-22T16:15:50Z" user="asdfqwer51" uid="3350410" lat="35.0193251" lon="126.7932528"/>
 <node id="5354444833" visible="true" version="4" changeset="144332579" timestamp="2023-11-22T16:15:50Z" user="asdfqwer51" uid="3350410" lat="35.0192443" lon="126.7932535"/>
 <node id="5354444836" visible="true" version="4" changeset="144332579" timestamp="2023-11-22T16:15:50Z" user="asdfqwer51" uid="3350410" lat="35.0192423" lon="126.7935126"/>
 <node id="5354444837" visible="true" version="4" changeset="144332579" timestamp="2023-11-22T16:15:50Z" user="asdfqwer51" uid="3350410" lat="35.0194548" lon="126.7935188"/>
 <node id="5354444838" visible="true" version="4" changeset="144332579" timestamp="2023-11-22T16:15:50Z" user="asdfqwer51" uid="3350410" lat="35.0195246" lon="126.7934520"/>
 <node id="5354444839" visible="true" version="2" changeset="99630021" timestamp="2021-02-20T08:24:13Z" user="mulgist" uid="12368943" lat="35.0205946" lon="126.7918594"/>
 <node id="5354444840" visible="true" version="2" changeset="99630021" timestamp="2021-02-20T08:24:13Z" user="mulgist" uid="12368943" lat="35.0205422" lon="126.7917901"/>
 <node id="5354444841" visible="true" version="2" changeset="99630021" timestamp="2021-02-20T08:24:13Z" user="mulgist" uid="12368943" lat="35.0203303" lon="126.7917886"/>
 <node id="5354444842" visible="true" version="2" changeset="99630021" timestamp="2021-02-20T08:24:13Z" user="mulgist" uid="12368943" lat="35.0203293" lon="126.7919869"/>
 <node id="5354444843" visible="true" version="2" changeset="99630021" timestamp="2021-02-20T08:24:13Z" user="mulgist" uid="12368943" lat="35.0203889" lon="126.7919873"/>
 <node id="5354444844" visible="true" version="2" changeset="99630021" timestamp="2021-02-20T08:24:13Z" user="mulgist" uid="12368943" lat="35.0203881" lon="126.7921527"/>
 <node id="5354444845" visible="true" version="2" changeset="99630021" timestamp="2021-02-20T08:24:13Z" user="mulgist" uid="12368943" lat="35.0203228" lon="126.7921522"/>
 <node id="5354444846" visible="true" version="2" changeset="99630021" timestamp="2021-02-20T08:24:13Z" user="mulgist" uid="12368943" lat="35.0203220" lon="126.7923178"/>
 <node id="5354444847" visible="true" version="2" changeset="99630021" timestamp="2021-02-20T08:24:13Z" user="mulgist" uid="12368943" lat="35.0205340" lon="126.7923193"/>
 <node id="5354444848" visible="true" version="2" changeset="99630021" timestamp="2021-02-20T08:24:13Z" user="mulgist" uid="12368943" lat="35.0205895" lon="126.7922631"/>
 <node id="5354444849" visible="true" version="4" changeset="144332579" timestamp="2023-11-22T16:15:50Z" user="asdfqwer51" uid="3350410" lat="35.0170422" lon="126.7936553"/>
 <node id="5354444850" visible="true" version="4" changeset="144332579" timestamp="2023-11-22T16:15:50Z" user="asdfqwer51" uid="3350410" lat="35.0169299" lon="126.7936804"/>
 <node id="5354444851" visible="true" version="2" changeset="144332579" timestamp="2023-11-22T16:15:50Z" user="asdfqwer51" uid="3350410" lat="35.0165039" lon="126.7937255"/>
 <node id="5354444852" visible="true" version="2" changeset="144332579" timestamp="2023-11-22T16:15:50Z" user="asdfqwer51" uid="3350410" lat="35.0170359" lon="126.7935777"/>
 <node id="5354444853" visible="true" version="2" changeset="144332579" timestamp="2023-11-22T16:15:50Z" user="asdfqwer51" uid="3350410" lat="35.0177845" lon="126.7931573"/>
 <node id="5354444854" visible="true" version="2" changeset="144332579" timestamp="2023-11-22T16:15:50Z" user="asdfqwer51" uid="3350410" lat="35.0172134" lon="126.7935434"/>
 <node id="5354444855" visible="true" version="3" changeset="144332579" timestamp="2023-11-22T16:15:50Z" user="asdfqwer51" uid="3350410" lat="35.0165104" lon="126.7938230"/>
 <node id="5354444856" visible="true" version="4" changeset="144332579" timestamp="2023-11-22T16:15:50Z" user="asdfqwer51" uid="3350410" lat="35.0168214" lon="126.7937126"/>
 <node id="5354444857" visible="true" version="4" changeset="144332579" timestamp="2023-11-22T16:15:50Z" user="asdfqwer51" uid="3350410" lat="35.0166581" lon="126.7937675"/>
 <node id="5354444859" visible="true" version="2" changeset="144332579" timestamp="2023-11-22T16:15:50Z" user="asdfqwer51" uid="3350410" lat="35.0152147" lon="126.7953429"/>
 <node id="5354444860" visible="true" version="1" changeset="55652821" timestamp="2018-01-22T12:03:59Z" user="FUKUTAN" uid="5207199" lat="35.0147659" lon="126.7954882"/>
 <node id="5354444862" visible="true" version="2" changeset="60015981" timestamp="2018-06-20T16:17:08Z" user="FUKUTAN" uid="5207199" lat="35.0110931" lon="126.7954781"/>
 <node id="5668172344" visible="true" version="4" changeset="144326721" timestamp="2023-11-22T13:28:24Z" user="asdfqwer51" uid="3350410" lat="35.0176835" lon="126.7963047"/>
 <node id="5668172347" visible="true" version="3" changeset="144326721" timestamp="2023-11-22T13:28:24Z" user="asdfqwer51" uid="3350410" lat="35.0192626" lon="126.7962857"/>
 <node id="5668172348" visible="true" version="3" changeset="144326721" timestamp="2023-11-22T13:28:24Z" user="asdfqwer51" uid="3350410" lat="35.0189228" lon="126.7962937"/>
 <node id="5668172349" visible="true" version="3" changeset="144326721" timestamp="2023-11-22T13:28:24Z" user="asdfqwer51" uid="3350410" lat="35.0189301" lon="126.7948094"/>
 <node id="5668172351" visible="true" version="3" changeset="144326721" timestamp="2023-11-22T13:28:24Z" user="asdfqwer51" uid="3350410" lat="35.0187764" lon="126.7957388"/>
 <node id="5668172354" visible="true" version="3" changeset="144326721" timestamp="2023-11-22T13:28:24Z" user="asdfqwer51" uid="3350410" lat="35.0187757" lon="126.7948095"/>
 <node id="5668172355" visible="true" version="3" changeset="144326721" timestamp="2023-11-22T13:28:24Z" user="asdfqwer51" uid="3350410" lat="35.0190921" lon="126.7948092"/>
 <node id="5668172356" visible="true" version="3" changeset="144326721" timestamp="2023-11-22T13:28:24Z" user="asdfqwer51" uid="3350410" lat="35.0190928" lon="126.7960674"/>
 <node id="5668172357" visible="true" version="3" changeset="144326721" timestamp="2023-11-22T13:28:24Z" user="asdfqwer51" uid="3350410" lat="35.0189239" lon="126.7960675"/>
 <node id="5668172358" visible="true" version="3" changeset="144326721" timestamp="2023-11-22T13:28:24Z" user="asdfqwer51" uid="3350410" lat="35.0187761" lon="126.7953386"/>
 <node id="5668172359" visible="true" version="3" changeset="144326721" timestamp="2023-11-22T13:28:24Z" user="asdfqwer51" uid="3350410" lat="35.0189274" lon="126.7953417"/>
 <node id="5668172360" visible="true" version="3" changeset="144326721" timestamp="2023-11-22T13:28:24Z" user="asdfqwer51" uid="3350410" lat="35.0190924" lon="126.7953451"/>
 <node id="5668172361" visible="true" version="3" changeset="144326721" timestamp="2023-11-22T13:28:24Z" user="asdfqwer51" uid="3350410" lat="35.0189255" lon="126.7957328"/>
 <node id="5668172362" visible="true" version="3" changeset="144326721" timestamp="2023-11-22T13:28:24Z" user="asdfqwer51" uid="3350410" lat="35.0189234" lon="126.7961678"/>
 <node id="5705916938" visible="true" version="1" changeset="60015981" timestamp="2018-06-20T16:17:07Z" user="FUKUTAN" uid="5207199" lat="35.0112351" lon="126.7955022"/>
 <node id="5705916939" visible="true" version="1" changeset="60015981" timestamp="2018-06-20T16:17:07Z" user="FUKUTAN" uid="5207199" lat="35.0109803" lon="126.7954491"/>
 <node id="5705916940" visible="true" version="1" changeset="60015981" timestamp="2018-06-20T16:17:07Z" user="FUKUTAN" uid="5207199" lat="35.0107348" lon="126.7953437"/>
 <node id="5705916941" visible="true" version="1" changeset="60015981" timestamp="2018-06-20T16:17:07Z" user="FUKUTAN" uid="5207199" lat="35.0104464" lon="126.7951369"/>
 <node id="5705916942" visible="true" version="3" changeset="124040733" timestamp="2022-07-25T08:53:04Z" user="FUKUTAN" uid="5207199" lat="35.0156381" lon="126.7898185"/>
 <node id="5705916943" visible="true" version="3" changeset="124040733" timestamp="2022-07-25T08:53:04Z" user="FUKUTAN" uid="5207199" lat="35.0155507" lon="126.7897585"/>
 <node id="5705916944" visible="true" version="3" changeset="144332579" timestamp="2023-11-22T16:15:50Z" user="asdfqwer51" uid="3350410" lat="35.0163353" lon="126.7938913"/>
 <node id="5705916949" visible="true" version="1" changeset="60015981" timestamp="2018-06-20T16:17:07Z" user="FUKUTAN" uid="5207199" lat="35.0234989" lon="126.7898859"/>
 <node id="6147535664" visible="true" version="3" changeset="144332579" timestamp="2023-11-22T16:15:50Z" user="asdfqwer51" uid="3350410" lat="35.0195560" lon="126.7911879"/>
 <node id="6147535665" visible="true" version="3" changeset="144332579" timestamp="2023-11-22T16:15:50Z" user="asdfqwer51" uid="3350410" lat="35.0197245" lon="126.7910692"/>
 <node id="6147535666" visible="true" version="3" changeset="144332579" timestamp="2023-11-22T16:15:50Z" user="asdfqwer51" uid="3350410" lat="35.0173060" lon="126.7936244"/>
 <node id="6147535667" visible="true" version="2" changeset="144332579" timestamp="2023-11-22T16:15:50Z" user="asdfqwer51" uid="3350410" lat="35.0176862" lon="126.7937395"/>
 <node id="6147535668" visible="true" version="3" changeset="144332579" timestamp="2023-11-22T16:15:50Z" user="asdfqwer51" uid="3350410" lat="35.0171639" lon="126.7936307"/>
 <node id="6147535669" visible="true" version="2" changeset="99630021" timestamp="2021-02-20T08:24:13Z" user="mulgist" uid="12368943" lat="35.0200328" lon="126.7917127"/>
 <node id="6147535670" visible="true" version="2" changeset="99630021" timestamp="2021-02-20T08:24:13Z" user="mulgist" uid="12368943" lat="35.0199817" lon="126.7917356"/>
 <node id="6147537044" visible="true" version="1" changeset="65610732" timestamp="2018-12-19T13:03:33Z" user="FUKUTAN" uid="5207199" lat="35.0164753" lon="126.7945488"/>
 <node id="6147537045" visible="true" version="1" changeset="65610732" timestamp="2018-12-19T13:03:33Z" user="FUKUTAN" uid="5207199" lat="35.0168096" lon="126.7943805"/>
 <node id="6147537046" visible="true" version="1" changeset="65610732" timestamp="2018-12-19T13:03:33Z" user="FUKUTAN" uid="5207199" lat="35.0158212" lon="126.7950232"/>
 <node id="6147537047" visible="true" version="3" changeset="144332579" timestamp="2023-11-22T16:15:50Z" user="asdfqwer51" uid="3350410" lat="35.0151714" lon="126.7946401"/>
 <node id="6147537048" visible="true" version="3" changeset="144332579" timestamp="2023-11-22T16:15:50Z" user="asdfqwer51" uid="3350410" lat="35.0150492" lon="126.7952266"/>
 <node id="6147537050" visible="true" version="3" changeset="150569043" timestamp="2024-04-27T08:27:03Z" user="mulgist" uid="12368943" lat="35.0124280" lon="126.7943786"/>
 <node id="6147537051" visible="true" version="2" changeset="127916765" timestamp="2022-10-22T10:41:35Z" user="FUKUTAN" uid="5207199" lat="35.0127255" lon="126.7945000"/>
 <node id="6147537052" visible="true" version="2" changeset="127916765" timestamp="2022-10-22T10:41:35Z" user="FUKUTAN" uid="5207199" lat="35.0128084" lon="126.7945019"/>
 <node id="6147537053" visible="true" version="2" changeset="127916765" timestamp="2022-10-22T10:41:35Z" user="FUKUTAN" uid="5207199" lat="35.0129444" lon="126.7944810"/>
 <node id="6147537054" visible="true" version="1" changeset="65610732" timestamp="2018-12-19T13:03:34Z" user="FUKUTAN" uid="5207199" lat="35.0130392" lon="126.7944370"/>
 <node id="6147537055" visible="true" version="1" changeset="65610732" timestamp="2018-12-19T13:03:34Z" user="FUKUTAN" uid="5207199" lat="35.0131653" lon="126.7943110"/>
 <node id="6147537056" visible="true" version="1" changeset="65610732" timestamp="2018-12-19T13:03:34Z" user="FUKUTAN" uid="5207199" lat="35.0132346" lon="126.7941630"/>
 <node id="6147537057" visible="true" version="1" changeset="65610732" timestamp="2018-12-19T13:03:34Z" user="FUKUTAN" uid="5207199" lat="35.0132579" lon="126.7940332"/>
 <node id="6147537077" visible="true" version="1" changeset="65610732" timestamp="2018-12-19T13:03:34Z" user="FUKUTAN" uid="5207199" lat="35.0159203" lon="126.7952056"/>
 <node id="6147537078" visible="true" version="2" changeset="96332427" timestamp="2020-12-23T14:29:14Z" user="mulgist" uid="12368943" lat="35.0164432" lon="126.7948004"/>
 <node id="6147537079" visible="true" version="2" changeset="96332427" timestamp="2020-12-23T14:29:14Z" user="mulgist" uid="12368943" lat="35.0170397" lon="126.7945487"/>
 <node id="6147537080" visible="true" version="1" changeset="65610732" timestamp="2018-12-19T13:03:34Z" user="FUKUTAN" uid="5207199" lat="35.0157528" lon="126.7953187"/>
 <node id="6147537081" visible="true" version="2" changeset="96725193" timestamp="2020-12-31T10:49:44Z" user="mulgist" uid="12368943" lat="35.0156470" lon="126.7953942"/>
 <node id="6147537185" visible="true" version="3" changeset="124040733" timestamp="2022-07-25T08:53:04Z" user="FUKUTAN" uid="5207199" lat="35.0156717" lon="126.7898588"/>
 <node id="6147537186" visible="true" version="3" changeset="185763174" timestamp="2026-07-15T06:14:42Z" user="야광멧돼지" uid="12393144" lat="35.0168851" lon="126.7906436"/>
 <node id="6147537187" visible="true" version="3" changeset="185763174" timestamp="2026-07-15T06:14:42Z" user="야광멧돼지" uid="12393144" lat="35.0168589" lon="126.7906199"/>
 <node id="6147537188" visible="true" version="3" changeset="185763174" timestamp="2026-07-15T06:14:42Z" user="야광멧돼지" uid="12393144" lat="35.0168298" lon="126.7905794"/>
 <node id="6147537189" visible="true" version="3" changeset="185763174" timestamp="2026-07-15T06:14:42Z" user="야광멧돼지" uid="12393144" lat="35.0167952" lon="126.7905033"/>
 <node id="6147537190" visible="true" version="3" changeset="185763174" timestamp="2026-07-15T06:14:42Z" user="야광멧돼지" uid="12393144" lat="35.0167814" lon="126.7904172"/>
 <node id="6147537191" visible="true" version="3" changeset="185763174" timestamp="2026-07-15T06:14:42Z" user="야광멧돼지" uid="12393144" lat="35.0167827" lon="126.7903361"/>
 <node id="6147537192" visible="true" version="3" changeset="185763174" timestamp="2026-07-15T06:14:42Z" user="야광멧돼지" uid="12393144" lat="35.0168090" lon="126.7902566"/>
 <node id="6147537193" visible="true" version="3" changeset="185763174" timestamp="2026-07-15T06:14:42Z" user="야광멧돼지" uid="12393144" lat="35.0168436" lon="126.7902228"/>
 <node id="6147537194" visible="true" version="3" changeset="185763174" timestamp="2026-07-15T06:14:42Z" user="야광멧돼지" uid="12393144" lat="35.0168838" lon="126.7902009"/>
 <node id="6147537195" visible="true" version="3" changeset="185763174" timestamp="2026-07-15T06:14:42Z" user="야광멧돼지" uid="12393144" lat="35.0169114" lon="126.7901975"/>
 <node id="6147537196" visible="true" version="3" changeset="185763174" timestamp="2026-07-15T06:14:42Z" user="야광멧돼지" uid="12393144" lat="35.0169530" lon="126.7902127"/>
 <node id="6147537197" visible="true" version="3" changeset="185763174" timestamp="2026-07-15T06:14:42Z" user="야광멧돼지" uid="12393144" lat="35.0169903" lon="126.7902482"/>
 <node id="6147537198" visible="true" version="3" changeset="185763174" timestamp="2026-07-15T06:14:42Z" user="야광멧돼지" uid="12393144" lat="35.0170471" lon="126.7903597"/>
 <node id="6147537199" visible="true" version="3" changeset="185763174" timestamp="2026-07-15T06:14:42Z" user="야광멧돼지" uid="12393144" lat="35.0170637" lon="126.7904290"/>
 <node id="6147537200" visible="true" version="3" changeset="185763174" timestamp="2026-07-15T06:14:42Z" user="야광멧돼지" uid="12393144" lat="35.0170678" lon="126.7905118"/>
 <node id="6147537201" visible="true" version="3" changeset="185763174" timestamp="2026-07-15T06:14:42Z" user="야광멧돼지" uid="12393144" lat="35.0170567" lon="126.7905709"/>
 <node id="6147537202" visible="true" version="3" changeset="185763174" timestamp="2026-07-15T06:14:42Z" user="야광멧돼지" uid="12393144" lat="35.0170277" lon="126.7906216"/>
 <node id="6147537203" visible="true" version="3" changeset="185763174" timestamp="2026-07-15T06:14:42Z" user="야광멧돼지" uid="12393144" lat="35.0169903" lon="126.7906520"/>
 <node id="6147537204" visible="true" version="3" changeset="185763174" timestamp="2026-07-15T06:14:42Z" user="야광멧돼지" uid="12393144" lat="35.0169419" lon="126.7906605"/>
 <node id="6147537205" visible="true" version="3" changeset="185763174" timestamp="2026-07-15T06:14:42Z" user="야광멧돼지" uid="12393144" lat="35.0169142" lon="126.7906571"/>
 <node id="6147537206" visible="true" version="3" changeset="185763174" timestamp="2026-07-15T06:14:42Z" user="야광멧돼지" uid="12393144" lat="35.0170215" lon="126.7902904"/>
 <node id="6173261537" visible="true" version="2" changeset="171918325" timestamp="2025-09-14T13:36:20Z" user="FUKUTAN" uid="5207199" lat="35.0194489" lon="126.7864238"/>
 <node id="6173261538" visible="true" version="1" changeset="65892810" timestamp="2018-12-30T17:32:38Z" user="FUKUTAN" uid="5207199" lat="35.0205389" lon="126.7882028"/>
 <node id="6173261539" visible="true" version="1" changeset="65892810" timestamp="2018-12-30T17:32:38Z" user="FUKUTAN" uid="5207199" lat="35.0206929" lon="126.7882354"/>
 <node id="6173261540" visible="true" version="1" changeset="65892810" timestamp="2018-12-30T17:32:38Z" user="FUKUTAN" uid="5207199" lat="35.0186098" lon="126.7856734"/>
 <node id="6173261541" visible="true" version="1" changeset="65892810" timestamp="2018-12-30T17:32:38Z" user="FUKUTAN" uid="5207199" lat="35.0186349" lon="126.7859085"/>
 <node id="6173261542" visible="true" version="1" changeset="65892810" timestamp="2018-12-30T17:32:38Z" user="FUKUTAN" uid="5207199" lat="35.0191262" lon="126.7845334"/>
 <node id="6173261543" visible="true" version="1" changeset="65892810" timestamp="2018-12-30T17:32:38Z" user="FUKUTAN" uid="5207199" lat="35.0192725" lon="126.7836433"/>
 <node id="6173261544" visible="true" version="1" changeset="65892810" timestamp="2018-12-30T17:32:38Z" user="FUKUTAN" uid="5207199" lat="35.0192070" lon="126.7835790"/>
 <node id="6173261545" visible="true" version="1" changeset="65892810" timestamp="2018-12-30T17:32:38Z" user="FUKUTAN" uid="5207199" lat="35.0193768" lon="126.7833233"/>
 <node id="6173261546" visible="true" version="1" changeset="65892810" timestamp="2018-12-30T17:32:38Z" user="FUKUTAN" uid="5207199" lat="35.0196287" lon="126.7835987"/>
 <node id="6173261547" visible="true" version="1" changeset="65892810" timestamp="2018-12-30T17:32:38Z" user="FUKUTAN" uid="5207199" lat="35.0195870" lon="126.7836663"/>
 <node id="6173261548" visible="true" version="1" changeset="65892810" timestamp="2018-12-30T17:32:38Z" user="FUKUTAN" uid="5207199" lat="35.0196203" lon="126.7837064"/>
 <node id="6173261549" visible="true" version="1" changeset="65892810" timestamp="2018-12-30T17:32:38Z" user="FUKUTAN" uid="5207199" lat="35.0195394" lon="126.7842198"/>
 <node id="6173261550" visible="true" version="1" changeset="65892810" timestamp="2018-12-30T17:32:38Z" user="FUKUTAN" uid="5207199" lat="35.0195300" lon="126.7842183"/>
 <node id="6173261551" visible="true" version="1" changeset="65892810" timestamp="2018-12-30T17:32:38Z" user="FUKUTAN" uid="5207199" lat="35.0195271" lon="126.7842403"/>
 <node id="6173261552" visible="true" version="1" changeset="65892810" timestamp="2018-12-30T17:32:38Z" user="FUKUTAN" uid="5207199" lat="35.0195489" lon="126.7842446"/>
 <node id="6173261553" visible="true" version="1" changeset="65892810" timestamp="2018-12-30T17:32:38Z" user="FUKUTAN" uid="5207199" lat="35.0195362" lon="126.7844297"/>
 <node id="6173261554" visible="true" version="1" changeset="65892810" timestamp="2018-12-30T17:32:38Z" user="FUKUTAN" uid="5207199" lat="35.0194841" lon="126.7846087"/>
 <node id="6173261555" visible="true" version="1" changeset="65892810" timestamp="2018-12-30T17:32:38Z" user="FUKUTAN" uid="5207199" lat="35.0195552" lon="126.7841141"/>
 <node id="6173261556" visible="true" version="1" changeset="65892810" timestamp="2018-12-30T17:32:38Z" user="FUKUTAN" uid="5207199" lat="35.0195775" lon="126.7840546"/>
 <node id="6173261557" visible="true" version="1" changeset="65892810" timestamp="2018-12-30T17:32:38Z" user="FUKUTAN" uid="5207199" lat="35.0200321" lon="126.7843202"/>
 <node id="6173261558" visible="true" version="1" changeset="65892810" timestamp="2018-12-30T17:32:38Z" user="FUKUTAN" uid="5207199" lat="35.0197107" lon="126.7843179"/>
 <node id="6173261559" visible="true" version="1" changeset="65892810" timestamp="2018-12-30T17:32:38Z" user="FUKUTAN" uid="5207199" lat="35.0197090" lon="126.7846596"/>
 <node id="6173261560" visible="true" version="1" changeset="65892810" timestamp="2018-12-30T17:32:38Z" user="FUKUTAN" uid="5207199" lat="35.0200304" lon="126.7846619"/>
 <node id="6173261561" visible="true" version="1" changeset="65892810" timestamp="2018-12-30T17:32:38Z" user="FUKUTAN" uid="5207199" lat="35.0202477" lon="126.7842477"/>
 <node id="6173261562" visible="true" version="1" changeset="65892810" timestamp="2018-12-30T17:32:38Z" user="FUKUTAN" uid="5207199" lat="35.0200454" lon="126.7842461"/>
 <node id="6173261563" visible="true" version="1" changeset="65892810" timestamp="2018-12-30T17:32:38Z" user="FUKUTAN" uid="5207199" lat="35.0200432" lon="126.7846600"/>
 <node id="6173261564" visible="true" version="1" changeset="65892810" timestamp="2018-12-30T17:32:38Z" user="FUKUTAN" uid="5207199" lat="35.0202455" lon="126.7846616"/>
 <node id="6173263016" visible="true" version="2" changeset="144397454" timestamp="2023-11-24T08:19:48Z" user="asdfqwer51" uid="3350410" lat="35.0206407" lon="126.7854766"/>
 <node id="6173263017" visible="true" version="2" changeset="144397454" timestamp="2023-11-24T08:19:48Z" user="asdfqwer51" uid="3350410" lat="35.0206404" lon="126.7851923"/>
 <node id="6173263018" visible="true" version="2" changeset="144397454" timestamp="2023-11-24T08:19:48Z" user="asdfqwer51" uid="3350410" lat="35.0210061" lon="126.7851918"/>
 <node id="6173263019" visible="true" version="2" changeset="144397454" timestamp="2023-11-24T08:19:48Z" user="asdfqwer51" uid="3350410" lat="35.0210406" lon="126.7859335"/>
 <node id="6173263020" visible="true" version="2" changeset="144397454" timestamp="2023-11-24T08:19:48Z" user="asdfqwer51" uid="3350410" lat="35.0207507" lon="126.7859339"/>
 <node id="6173263021" visible="true" version="2" changeset="144397454" timestamp="2023-11-24T08:19:48Z" user="asdfqwer51" uid="3350410" lat="35.0207503" lon="126.7854764"/>
 <node id="6173263022" visible="true" version="2" changeset="144397454" timestamp="2023-11-24T08:19:48Z" user="asdfqwer51" uid="3350410" lat="35.0210400" lon="126.7852413"/>
 <node id="6173263036" visible="true" version="3" changeset="144332579" timestamp="2023-11-22T16:15:50Z" user="asdfqwer51" uid="3350410" lat="35.0183983" lon="126.7934012"/>
 <node id="6173263037" visible="true" version="3" changeset="144332579" timestamp="2023-11-22T16:15:50Z" user="asdfqwer51" uid="3350410" lat="35.0182471" lon="126.7932056"/>
 <node id="6173263038" visible="true" version="3" changeset="144332579" timestamp="2023-11-22T16:15:50Z" user="asdfqwer51" uid="3350410" lat="35.0182692" lon="126.7931799"/>
 <node id="6173263039" visible="true" version="3" changeset="144332579" timestamp="2023-11-22T16:15:50Z" user="asdfqwer51" uid="3350410" lat="35.0181840" lon="126.7930650"/>
 <node id="6173263040" visible="true" version="3" changeset="144332579" timestamp="2023-11-22T16:15:50Z" user="asdfqwer51" uid="3350410" lat="35.0178936" lon="126.7934293"/>
 <node id="6173263041" visible="true" version="3" changeset="144332579" timestamp="2023-11-22T16:15:50Z" user="asdfqwer51" uid="3350410" lat="35.0179317" lon="126.7935271"/>
 <node id="6173263042" visible="true" version="3" changeset="144332579" timestamp="2023-11-22T16:15:50Z" user="asdfqwer51" uid="3350410" lat="35.0182862" lon="126.7935357"/>
 <node id="7071884022" visible="true" version="2" changeset="144397454" timestamp="2023-11-24T08:19:48Z" user="asdfqwer51" uid="3350410" lat="35.0210134" lon="126.7859520"/>
 <node id="7071884023" visible="true" version="2" changeset="144397454" timestamp="2023-11-24T08:19:48Z" user="asdfqwer51" uid="3350410" lat="35.0208686" lon="126.7859532"/>
 <node id="7071884024" visible="true" version="2" changeset="144397454" timestamp="2023-11-24T08:19:48Z" user="asdfqwer51" uid="3350410" lat="35.0208697" lon="126.7861405"/>
 <node id="7071884025" visible="true" version="2" changeset="144397454" timestamp="2023-11-24T08:19:48Z" user="asdfqwer51" uid="3350410" lat="35.0208179" lon="126.7861409"/>
 <node id="7071884026" visible="true" version="2" changeset="144397454" timestamp="2023-11-24T08:19:48Z" user="asdfqwer51" uid="3350410" lat="35.0208174" lon="126.7860665"/>
 <node id="7071884027" visible="true" version="2" changeset="144397454" timestamp="2023-11-24T08:19:48Z" user="asdfqwer51" uid="3350410" lat="35.0207086" lon="126.7860674"/>
 <node id="7071884028" visible="true" version="2" changeset="144397454" timestamp="2023-11-24T08:19:48Z" user="asdfqwer51" uid="3350410" lat="35.0207102" lon="126.7863248"/>
 <node id="7071884029" visible="true" version="2" changeset="144397454" timestamp="2023-11-24T08:19:48Z" user="asdfqwer51" uid="3350410" lat="35.0210480" lon="126.7863218"/>
 <node id="7071884030" visible="true" version="2" changeset="144397454" timestamp="2023-11-24T08:19:48Z" user="asdfqwer51" uid="3350410" lat="35.0210464" lon="126.7860670"/>
 <node id="8251716087" visible="true" version="1" changeset="96260348" timestamp="2020-12-22T12:58:52Z" user="mulgist" uid="12368943" lat="35.0153331" lon="126.7962665"/>
 <node id="8251716088" visible="true" version="1" changeset="96260348" timestamp="2020-12-22T12:58:52Z" user="mulgist" uid="12368943" lat="35.0153332" lon="126.7957320"/>
 <node id="8251716089" visible="true" version="1" changeset="96260348" timestamp="2020-12-22T12:58:52Z" user="mulgist" uid="12368943" lat="35.0152371" lon="126.7957333"/>
 <node id="8251716090" visible="true" version="1" changeset="96260348" timestamp="2020-12-22T12:58:52Z" user="mulgist" uid="12368943" lat="35.0152357" lon="126.7962661"/>
 <node id="8251716091" visible="true" version="1" changeset="96260348" timestamp="2020-12-22T12:58:52Z" user="mulgist" uid="12368943" lat="35.0153347" lon="126.7959117"/>
 <node id="8251716092" visible="true" version="1" changeset="96260348" timestamp="2020-12-22T12:58:52Z" user="mulgist" uid="12368943" lat="35.0153644" lon="126.7960983"/>
 <node id="8251716093" visible="true" version="1" changeset="96260348" timestamp="2020-12-22T12:58:52Z" user="mulgist" uid="12368943" lat="35.0153343" lon="126.7960974"/>
 <node id="8251716094" visible="true" version="1" changeset="96260348" timestamp="2020-12-22T12:58:52Z" user="mulgist" uid="12368943" lat="35.0153334" lon="126.7961800"/>
 <node id="8251716095" visible="true" version="1" changeset="96260348" timestamp="2020-12-22T12:58:52Z" user="mulgist" uid="12368943" lat="35.0153642" lon="126.7961784"/>
 <node id="8251716096" visible="true" version="1" changeset="96260348" timestamp="2020-12-22T12:58:52Z" user="mulgist" uid="12368943" lat="35.0153654" lon="126.7958256"/>
 <node id="8251716097" visible="true" version="1" changeset="96260348" timestamp="2020-12-22T12:58:52Z" user="mulgist" uid="12368943" lat="35.0153344" lon="126.7958254"/>
 <node id="8251716098" visible="true" version="1" changeset="96260348" timestamp="2020-12-22T12:58:52Z" user="mulgist" uid="12368943" lat="35.0153651" lon="126.7959118"/>
 <node id="8251752623" visible="true" version="1" changeset="96260348" timestamp="2020-12-22T12:58:52Z" user="mulgist" uid="12368943" lat="35.0159566" lon="126.7960159"/>
 <node id="8251752624" visible="true" version="1" changeset="96260348" timestamp="2020-12-22T12:58:52Z" user="mulgist" uid="12368943" lat="35.0159445" lon="126.7959306"/>
 <node id="8251752625" visible="true" version="1" changeset="96260348" timestamp="2020-12-22T12:58:52Z" user="mulgist" uid="12368943" lat="35.0159746" lon="126.7959225"/>
 <node id="8251752626" visible="true" version="1" changeset="96260348" timestamp="2020-12-22T12:58:52Z" user="mulgist" uid="12368943" lat="35.0159634" lon="126.7958436"/>
 <node id="8251752627" visible="true" version="1" changeset="96260348" timestamp="2020-12-22T12:58:52Z" user="mulgist" uid="12368943" lat="35.0159335" lon="126.7958491"/>
 <node id="8251752628" visible="true" version="1" changeset="96260348" timestamp="2020-12-22T12:58:52Z" user="mulgist" uid="12368943" lat="35.0159074" lon="126.7956662"/>
 <node id="8251752629" visible="true" version="1" changeset="96260348" timestamp="2020-12-22T12:58:52Z" user="mulgist" uid="12368943" lat="35.0159374" lon="126.7956598"/>
 <node id="8251752630" visible="true" version="1" changeset="96260348" timestamp="2020-12-22T12:58:52Z" user="mulgist" uid="12368943" lat="35.0159253" lon="126.7955748"/>
 <node id="8251752631" visible="true" version="1" changeset="96260348" timestamp="2020-12-22T12:58:52Z" user="mulgist" uid="12368943" lat="35.0158947" lon="126.7955813"/>
 <node id="8251752632" visible="true" version="1" changeset="96260348" timestamp="2020-12-22T12:58:52Z" user="mulgist" uid="12368943" lat="35.0158802" lon="126.7954895"/>
 <node id="8251752633" visible="true" version="1" changeset="96260348" timestamp="2020-12-22T12:58:52Z" user="mulgist" uid="12368943" lat="35.0157857" lon="126.7955114"/>
 <node id="8251752634" visible="true" version="1" changeset="96260348" timestamp="2020-12-22T12:58:52Z" user="mulgist" uid="12368943" lat="35.0158606" lon="126.7960363"/>
 <node id="8251752635" visible="true" version="1" changeset="96260348" timestamp="2020-12-22T12:58:52Z" user="mulgist" uid="12368943" lat="35.0164760" lon="126.7956308"/>
 <node id="8251752636" visible="true" version="1" changeset="96260348" timestamp="2020-12-22T12:58:52Z" user="mulgist" uid="12368943" lat="35.0164635" lon="126.7955457"/>
 <node id="8251752637" visible="true" version="1" changeset="96260348" timestamp="2020-12-22T12:58:52Z" user="mulgist" uid="12368943" lat="35.0164936" lon="126.7955373"/>
 <node id="8251752638" visible="true" version="1" changeset="96260348" timestamp="2020-12-22T12:58:52Z" user="mulgist" uid="12368943" lat="35.0164819" lon="126.7954585"/>
 <node id="8251752639" visible="true" version="1" changeset="96260348" timestamp="2020-12-22T12:58:52Z" user="mulgist" uid="12368943" lat="35.0164521" lon="126.7954642"/>
 <node id="8251752640" visible="true" version="1" changeset="96260348" timestamp="2020-12-22T12:58:52Z" user="mulgist" uid="12368943" lat="35.0164251" lon="126.7952815"/>
 <node id="8251752641" visible="true" version="1" changeset="96260348" timestamp="2020-12-22T12:58:52Z" user="mulgist" uid="12368943" lat="35.0164551" lon="126.7952749"/>
 <node id="8251752642" visible="true" version="1" changeset="96260348" timestamp="2020-12-22T12:58:52Z" user="mulgist" uid="12368943" lat="35.0164425" lon="126.7951900"/>
 <node id="8251752643" visible="true" version="1" changeset="96260348" timestamp="2020-12-22T12:58:52Z" user="mulgist" uid="12368943" lat="35.0164120" lon="126.7951967"/>
 <node id="8251752644" visible="true" version="1" changeset="96260348" timestamp="2020-12-22T12:58:52Z" user="mulgist" uid="12368943" lat="35.0163971" lon="126.7951050"/>
 <node id="8251752645" visible="true" version="1" changeset="96260348" timestamp="2020-12-22T12:58:52Z" user="mulgist" uid="12368943" lat="35.0163027" lon="126.7951276"/>
 <node id="8251752646" visible="true" version="1" changeset="96260348" timestamp="2020-12-22T12:58:52Z" user="mulgist" uid="12368943" lat="35.0163801" lon="126.7956519"/>
 <node id="8251752671" visible="true" version="1" changeset="96260348" timestamp="2020-12-22T12:58:52Z" user="mulgist" uid="12368943" lat="35.0170463" lon="126.7961569"/>
 <node id="8251752672" visible="true" version="1" changeset="96260348" timestamp="2020-12-22T12:58:52Z" user="mulgist" uid="12368943" lat="35.0170452" lon="126.7960704"/>
 <node id="8251752673" visible="true" version="1" changeset="96260348" timestamp="2020-12-22T12:58:52Z" user="mulgist" uid="12368943" lat="35.0170760" lon="126.7960681"/>
 <node id="8251752674" visible="true" version="1" changeset="96260348" timestamp="2020-12-22T12:58:52Z" user="mulgist" uid="12368943" lat="35.0170749" lon="126.7959881"/>
 <node id="8251752675" visible="true" version="1" changeset="96260348" timestamp="2020-12-22T12:58:52Z" user="mulgist" uid="12368943" lat="35.0170447" lon="126.7959878"/>
 <node id="8251752676" visible="true" version="1" changeset="96260348" timestamp="2020-12-22T12:58:52Z" user="mulgist" uid="12368943" lat="35.0170422" lon="126.7958021"/>
 <node id="8251752677" visible="true" version="1" changeset="96260348" timestamp="2020-12-22T12:58:52Z" user="mulgist" uid="12368943" lat="35.0170726" lon="126.7958015"/>
 <node id="8251752678" visible="true" version="1" changeset="96260348" timestamp="2020-12-22T12:58:52Z" user="mulgist" uid="12368943" lat="35.0170714" lon="126.7957153"/>
 <node id="8251752679" visible="true" version="1" changeset="96260348" timestamp="2020-12-22T12:58:52Z" user="mulgist" uid="12368943" lat="35.0170404" lon="126.7957159"/>
 <node id="8251752680" visible="true" version="1" changeset="96260348" timestamp="2020-12-22T12:58:52Z" user="mulgist" uid="12368943" lat="35.0170377" lon="126.7956225"/>
 <node id="8251752681" visible="true" version="1" changeset="96260348" timestamp="2020-12-22T12:58:52Z" user="mulgist" uid="12368943" lat="35.0169416" lon="126.7956262"/>
 <node id="8251752682" visible="true" version="1" changeset="96260348" timestamp="2020-12-22T12:58:52Z" user="mulgist" uid="12368943" lat="35.0169489" lon="126.7961589"/>
 <node id="8251752683" visible="true" version="1" changeset="96260348" timestamp="2020-12-22T12:58:52Z" user="mulgist" uid="12368943" lat="35.0170710" lon="126.7953941"/>
 <node id="8251752684" visible="true" version="1" changeset="96260348" timestamp="2020-12-22T12:58:52Z" user="mulgist" uid="12368943" lat="35.0170580" lon="126.7953090"/>
 <node id="8251752685" visible="true" version="1" changeset="96260348" timestamp="2020-12-22T12:58:52Z" user="mulgist" uid="12368943" lat="35.0170881" lon="126.7953004"/>
 <node id="8251752686" visible="true" version="1" changeset="96260348" timestamp="2020-12-22T12:58:52Z" user="mulgist" uid="12368943" lat="35.0170760" lon="126.7952217"/>
 <node id="8251752687" visible="true" version="1" changeset="96260348" timestamp="2020-12-22T12:58:52Z" user="mulgist" uid="12368943" lat="35.0170462" lon="126.7952277"/>
 <node id="8251752688" visible="true" version="1" changeset="96260348" timestamp="2020-12-22T12:58:52Z" user="mulgist" uid="12368943" lat="35.0170182" lon="126.7950452"/>
 <node id="8251752689" visible="true" version="1" changeset="96260348" timestamp="2020-12-22T12:58:52Z" user="mulgist" uid="12368943" lat="35.0170481" lon="126.7950383"/>
 <node id="8251752690" visible="true" version="1" changeset="96260348" timestamp="2020-12-22T12:58:52Z" user="mulgist" uid="12368943" lat="35.0170351" lon="126.7949536"/>
 <node id="8251752691" visible="true" version="1" changeset="96260348" timestamp="2020-12-22T12:58:52Z" user="mulgist" uid="12368943" lat="35.0170046" lon="126.7949605"/>
 <node id="8251752692" visible="true" version="1" changeset="96260348" timestamp="2020-12-22T12:58:52Z" user="mulgist" uid="12368943" lat="35.0169892" lon="126.7948690"/>
 <node id="8251752693" visible="true" version="1" changeset="96260348" timestamp="2020-12-22T12:58:52Z" user="mulgist" uid="12368943" lat="35.0168949" lon="126.7948923"/>
 <node id="8251752694" visible="true" version="1" changeset="96260348" timestamp="2020-12-22T12:58:52Z" user="mulgist" uid="12368943" lat="35.0169753" lon="126.7954160"/>
 <node id="8251752695" visible="true" version="1" changeset="96260348" timestamp="2020-12-22T12:58:52Z" user="mulgist" uid="12368943" lat="35.0160701" lon="126.7953034"/>
 <node id="8251752696" visible="true" version="1" changeset="96260348" timestamp="2020-12-22T12:58:52Z" user="mulgist" uid="12368943" lat="35.0162099" lon="126.7955969"/>
 <node id="8251752697" visible="true" version="1" changeset="96260348" timestamp="2020-12-22T12:58:52Z" user="mulgist" uid="12368943" lat="35.0163125" lon="126.7955240"/>
 <node id="8251752698" visible="true" version="1" changeset="96260348" timestamp="2020-12-22T12:58:52Z" user="mulgist" uid="12368943" lat="35.0161728" lon="126.7952305"/>
 <node id="8251861429" visible="true" version="1" changeset="96263032" timestamp="2020-12-22T13:47:50Z" user="mulgist" uid="12368943" lat="35.0158710" lon="126.7949871"/>
 <node id="8251861430" visible="true" version="1" changeset="96263032" timestamp="2020-12-22T13:47:50Z" user="mulgist" uid="12368943" lat="35.0161922" lon="126.7957123"/>
 <node id="8251861431" visible="true" version="1" changeset="96263032" timestamp="2020-12-22T13:47:50Z" user="mulgist" uid="12368943" lat="35.0162473" lon="126.7958990"/>
 <node id="8251861432" visible="true" version="1" changeset="96263032" timestamp="2020-12-22T13:47:50Z" user="mulgist" uid="12368943" lat="35.0162705" lon="126.7960947"/>
 <node id="8251861433" visible="true" version="1" changeset="96263032" timestamp="2020-12-22T13:47:50Z" user="mulgist" uid="12368943" lat="35.0162681" lon="126.7962800"/>
 <node id="8251861434" visible="true" version="1" changeset="96263032" timestamp="2020-12-22T13:47:50Z" user="mulgist" uid="12368943" lat="35.0162387" lon="126.7964667"/>
 <node id="8251861435" visible="true" version="1" changeset="96263032" timestamp="2020-12-22T13:47:50Z" user="mulgist" uid="12368943" lat="35.0162008" lon="126.7966416"/>
 <node id="8251861436" visible="true" version="1" changeset="96263032" timestamp="2020-12-22T13:47:50Z" user="mulgist" uid="12368943" lat="35.0161971" lon="126.7967507"/>
 <node id="8251861437" visible="true" version="1" changeset="96263032" timestamp="2020-12-22T13:47:50Z" user="mulgist" uid="12368943" lat="35.0161995" lon="126.7968747"/>
 <node id="8251861438" visible="true" version="1" changeset="96263032" timestamp="2020-12-22T13:47:50Z" user="mulgist" uid="12368943" lat="35.0162203" lon="126.7970300"/>
 <node id="8251861439" visible="true" version="1" changeset="96263032" timestamp="2020-12-22T13:47:50Z" user="mulgist" uid="12368943" lat="35.0162546" lon="126.7971600"/>
 <node id="8251861440" visible="true" version="1" changeset="96263032" timestamp="2020-12-22T13:47:50Z" user="mulgist" uid="12368943" lat="35.0162826" lon="126.7972646"/>
 <node id="8251861441" visible="true" version="1" changeset="96263032" timestamp="2020-12-22T13:47:50Z" user="mulgist" uid="12368943" lat="35.0163252" lon="126.7973549"/>
 <node id="8251861442" visible="true" version="1" changeset="96263032" timestamp="2020-12-22T13:47:50Z" user="mulgist" uid="12368943" lat="35.0162270" lon="126.7958155"/>
 <node id="8251861443" visible="true" version="1" changeset="96263032" timestamp="2020-12-22T13:47:50Z" user="mulgist" uid="12368943" lat="35.0162185" lon="126.7957903"/>
 <node id="8251861444" visible="true" version="1" changeset="96263032" timestamp="2020-12-22T13:47:50Z" user="mulgist" uid="12368943" lat="35.0163166" lon="126.7958210"/>
 <node id="8251861445" visible="true" version="1" changeset="96263032" timestamp="2020-12-22T13:47:50Z" user="mulgist" uid="12368943" lat="35.0164445" lon="126.7958482"/>
 <node id="8251861446" visible="true" version="1" changeset="96263032" timestamp="2020-12-22T13:47:50Z" user="mulgist" uid="12368943" lat="35.0165410" lon="126.7958437"/>
 <node id="8251861447" visible="true" version="1" changeset="96263032" timestamp="2020-12-22T13:47:50Z" user="mulgist" uid="12368943" lat="35.0166560" lon="126.7958188"/>
 <node id="8251861448" visible="true" version="1" changeset="96263032" timestamp="2020-12-22T13:47:50Z" user="mulgist" uid="12368943" lat="35.0167394" lon="126.7958029"/>
 <node id="8251861449" visible="true" version="1" changeset="96263032" timestamp="2020-12-22T13:47:50Z" user="mulgist" uid="12368943" lat="35.0168154" lon="126.7958029"/>
 <node id="8251861450" visible="true" version="1" changeset="96263032" timestamp="2020-12-22T13:47:50Z" user="mulgist" uid="12368943" lat="35.0166809" lon="126.7958140"/>
 <node id="8251861451" visible="true" version="1" changeset="96263032" timestamp="2020-12-22T13:47:50Z" user="mulgist" uid="12368943" lat="35.0165762" lon="126.7951576"/>
 <node id="8251861452" visible="true" version="1" changeset="96263032" timestamp="2020-12-22T13:47:50Z" user="mulgist" uid="12368943" lat="35.0168099" lon="126.7951576"/>
 <node id="8251861453" visible="true" version="1" changeset="96263032" timestamp="2020-12-22T13:47:50Z" user="mulgist" uid="12368943" lat="35.0167950" lon="126.7950602"/>
 <node id="8251861454" visible="true" version="1" changeset="96263032" timestamp="2020-12-22T13:47:50Z" user="mulgist" uid="12368943" lat="35.0167542" lon="126.7950036"/>
 <node id="8251861455" visible="true" version="1" changeset="96263032" timestamp="2020-12-22T13:47:50Z" user="mulgist" uid="12368943" lat="35.0166986" lon="126.7949900"/>
 <node id="8251861456" visible="true" version="1" changeset="96263032" timestamp="2020-12-22T13:47:50Z" user="mulgist" uid="12368943" lat="35.0166393" lon="126.7949968"/>
 <node id="8251861457" visible="true" version="1" changeset="96263032" timestamp="2020-12-22T13:47:50Z" user="mulgist" uid="12368943" lat="35.0165985" lon="126.7950625"/>
 <node id="8251861458" visible="true" version="1" changeset="96263032" timestamp="2020-12-22T13:47:50Z" user="mulgist" uid="12368943" lat="35.0165985" lon="126.7950874"/>
 <node id="8251861459" visible="true" version="1" changeset="96263032" timestamp="2020-12-22T13:47:50Z" user="mulgist" uid="12368943" lat="35.0168266" lon="126.7967698"/>
 <node id="8251861460" visible="true" version="1" changeset="96263032" timestamp="2020-12-22T13:47:50Z" user="mulgist" uid="12368943" lat="35.0168099" lon="126.7968196"/>
 <node id="8251861461" visible="true" version="1" changeset="96263032" timestamp="2020-12-22T13:47:50Z" user="mulgist" uid="12368943" lat="35.0167635" lon="126.7968241"/>
 <node id="8251861462" visible="true" version="1" changeset="96263032" timestamp="2020-12-22T13:47:50Z" user="mulgist" uid="12368943" lat="35.0166411" lon="126.7968174"/>
 <node id="8251861463" visible="true" version="1" changeset="96263032" timestamp="2020-12-22T13:47:50Z" user="mulgist" uid="12368943" lat="35.0166170" lon="126.7967789"/>
 <node id="8251861464" visible="true" version="1" changeset="96263032" timestamp="2020-12-22T13:47:50Z" user="mulgist" uid="12368943" lat="35.0166170" lon="126.7963441"/>
 <node id="8251861465" visible="true" version="1" changeset="96263032" timestamp="2020-12-22T13:47:50Z" user="mulgist" uid="12368943" lat="35.0166318" lon="126.7963101"/>
 <node id="8251861466" visible="true" version="1" changeset="96263032" timestamp="2020-12-22T13:47:50Z" user="mulgist" uid="12368943" lat="35.0166578" lon="126.7962920"/>
 <node id="8251861467" visible="true" version="1" changeset="96263032" timestamp="2020-12-22T13:47:50Z" user="mulgist" uid="12368943" lat="35.0168211" lon="126.7962919"/>
 <node id="8251861468" visible="true" version="1" changeset="96263032" timestamp="2020-12-22T13:47:50Z" user="mulgist" uid="12368943" lat="35.0162688" lon="126.7962245"/>
 <node id="8251861469" visible="true" version="1" changeset="96263032" timestamp="2020-12-22T13:47:50Z" user="mulgist" uid="12368943" lat="35.0154464" lon="126.7962142"/>
 <node id="8251861470" visible="true" version="1" changeset="96263032" timestamp="2020-12-22T13:47:50Z" user="mulgist" uid="12368943" lat="35.0154452" lon="126.7968053"/>
 <node id="8251861471" visible="true" version="1" changeset="96263032" timestamp="2020-12-22T13:47:50Z" user="mulgist" uid="12368943" lat="35.0154452" lon="126.7958271"/>
 <node id="8251861472" visible="true" version="1" changeset="96263032" timestamp="2020-12-22T13:47:50Z" user="mulgist" uid="12368943" lat="35.0154507" lon="126.7957569"/>
 <node id="8251861473" visible="true" version="1" changeset="96263032" timestamp="2020-12-22T13:47:50Z" user="mulgist" uid="12368943" lat="35.0154730" lon="126.7957252"/>
 <node id="8251861474" visible="true" version="1" changeset="96263032" timestamp="2020-12-22T13:47:50Z" user="mulgist" uid="12368943" lat="35.0155119" lon="126.7957048"/>
 <node id="8251861475" visible="true" version="1" changeset="96263032" timestamp="2020-12-22T13:47:50Z" user="mulgist" uid="12368943" lat="35.0155657" lon="126.7957048"/>
 <node id="8251861476" visible="true" version="1" changeset="96263032" timestamp="2020-12-22T13:47:50Z" user="mulgist" uid="12368943" lat="35.0156362" lon="126.7957094"/>
 <node id="8251861477" visible="true" version="1" changeset="96263032" timestamp="2020-12-22T13:47:50Z" user="mulgist" uid="12368943" lat="35.0156881" lon="126.7957207"/>
 <node id="8251861478" visible="true" version="1" changeset="96263032" timestamp="2020-12-22T13:47:50Z" user="mulgist" uid="12368943" lat="35.0157196" lon="126.7957841"/>
 <node id="8251862435" visible="true" version="1" changeset="96263032" timestamp="2020-12-22T13:47:50Z" user="mulgist" uid="12368943" lat="35.0151996" lon="126.7957788"/>
 <node id="8251862436" visible="true" version="1" changeset="96263032" timestamp="2020-12-22T13:47:50Z" user="mulgist" uid="12368943" lat="35.0151953" lon="126.7968199"/>
 <node id="8251862437" visible="true" version="1" changeset="96263032" timestamp="2020-12-22T13:47:50Z" user="mulgist" uid="12368943" lat="35.0152145" lon="126.7968979"/>
 <node id="8251862438" visible="true" version="2" changeset="96780587" timestamp="2021-01-01T17:12:51Z" user="mulgist" uid="12368943" lat="35.0152479" lon="126.7969545"/>
 <node id="8251862439" visible="true" version="2" changeset="96780587" timestamp="2021-01-01T17:12:51Z" user="mulgist" uid="12368943" lat="35.0153189" lon="126.7969553"/>
 <node id="8251862440" visible="true" version="1" changeset="96263032" timestamp="2020-12-22T13:47:50Z" user="mulgist" uid="12368943" lat="35.0170346" lon="126.7969599"/>
 <node id="8251862441" visible="true" version="1" changeset="96263032" timestamp="2020-12-22T13:47:50Z" user="mulgist" uid="12368943" lat="35.0170689" lon="126.7969300"/>
 <node id="8251862442" visible="true" version="1" changeset="96263032" timestamp="2020-12-22T13:47:50Z" user="mulgist" uid="12368943" lat="35.0170909" lon="126.7968912"/>
 <node id="8251862443" visible="true" version="1" changeset="96263032" timestamp="2020-12-22T13:47:50Z" user="mulgist" uid="12368943" lat="35.0170982" lon="126.7968225"/>
 <node id="8251862444" visible="true" version="1" changeset="96263032" timestamp="2020-12-22T13:47:50Z" user="mulgist" uid="12368943" lat="35.0171112" lon="126.7952883"/>
 <node id="8251862445" visible="true" version="1" changeset="96263032" timestamp="2020-12-22T13:47:50Z" user="mulgist" uid="12368943" lat="35.0171032" lon="126.7951818"/>
 <node id="8251862446" visible="true" version="1" changeset="96263032" timestamp="2020-12-22T13:47:50Z" user="mulgist" uid="12368943" lat="35.0170789" lon="126.7949532"/>
 <node id="8251862447" visible="true" version="1" changeset="96263032" timestamp="2020-12-22T13:47:50Z" user="mulgist" uid="12368943" lat="35.0170434" lon="126.7948152"/>
 <node id="8251862448" visible="true" version="1" changeset="96263032" timestamp="2020-12-22T13:47:50Z" user="mulgist" uid="12368943" lat="35.0170031" lon="126.7947639"/>
 <node id="8251862449" visible="true" version="1" changeset="96263032" timestamp="2020-12-22T13:47:50Z" user="mulgist" uid="12368943" lat="35.0169401" lon="126.7947856"/>
 <node id="8251862450" visible="true" version="1" changeset="96263032" timestamp="2020-12-22T13:47:50Z" user="mulgist" uid="12368943" lat="35.0168626" lon="126.7948033"/>
 <node id="8251862451" visible="true" version="1" changeset="96263032" timestamp="2020-12-22T13:47:50Z" user="mulgist" uid="12368943" lat="35.0168552" lon="126.7948472"/>
 <node id="8251862452" visible="true" version="1" changeset="96263032" timestamp="2020-12-22T13:47:50Z" user="mulgist" uid="12368943" lat="35.0168846" lon="126.7950623"/>
 <node id="8251862453" visible="true" version="1" changeset="96263032" timestamp="2020-12-22T13:47:50Z" user="mulgist" uid="12368943" lat="35.0168993" lon="126.7952087"/>
 <node id="8251862454" visible="true" version="1" changeset="96263032" timestamp="2020-12-22T13:47:50Z" user="mulgist" uid="12368943" lat="35.0169213" lon="126.7969589"/>
 <node id="8251862456" visible="true" version="2" changeset="96780587" timestamp="2021-01-01T17:12:51Z" user="mulgist" uid="12368943" lat="35.0157675" lon="126.7969505"/>
 <node id="8251862468" visible="true" version="1" changeset="96263032" timestamp="2020-12-22T13:47:50Z" user="mulgist" uid="12368943" lat="35.0159643" lon="126.7969504"/>
 <node id="8251862478" visible="true" version="1" changeset="96263032" timestamp="2020-12-22T13:47:50Z" user="mulgist" uid="12368943" lat="35.0161081" lon="126.7962225"/>
 <node id="8251862479" visible="true" version="1" changeset="96263032" timestamp="2020-12-22T13:47:50Z" user="mulgist" uid="12368943" lat="35.0160879" lon="126.7961894"/>
 <node id="8251862480" visible="true" version="1" changeset="96263032" timestamp="2020-12-22T13:47:50Z" user="mulgist" uid="12368943" lat="35.0160021" lon="126.7955793"/>
 <node id="8251862494" visible="true" version="1" changeset="96263032" timestamp="2020-12-22T13:47:50Z" user="mulgist" uid="12368943" lat="35.0165791" lon="126.7973206"/>
 <node id="8251862495" visible="true" version="1" changeset="96263032" timestamp="2020-12-22T13:47:50Z" user="mulgist" uid="12368943" lat="35.0163748" lon="126.7973045"/>
 <node id="8251862496" visible="true" version="1" changeset="96263032" timestamp="2020-12-22T13:47:50Z" user="mulgist" uid="12368943" lat="35.0163133" lon="126.7971811"/>
 <node id="8251862497" visible="true" version="1" changeset="96263032" timestamp="2020-12-22T13:47:50Z" user="mulgist" uid="12368943" lat="35.0162583" lon="126.7970175"/>
 <node id="8251862498" visible="true" version="1" changeset="96263032" timestamp="2020-12-22T13:47:50Z" user="mulgist" uid="12368943" lat="35.0162430" lon="126.7968512"/>
 <node id="8251862499" visible="true" version="1" changeset="96263032" timestamp="2020-12-22T13:47:50Z" user="mulgist" uid="12368943" lat="35.0162386" lon="126.7966983"/>
 <node id="8251862500" visible="true" version="1" changeset="96263032" timestamp="2020-12-22T13:47:50Z" user="mulgist" uid="12368943" lat="35.0162561" lon="126.7965722"/>
 <node id="8251862501" visible="true" version="1" changeset="96263032" timestamp="2020-12-22T13:47:50Z" user="mulgist" uid="12368943" lat="35.0163133" lon="126.7963362"/>
 <node id="8251862502" visible="true" version="1" changeset="96263032" timestamp="2020-12-22T13:47:50Z" user="mulgist" uid="12368943" lat="35.0163155" lon="126.7962128"/>
 <node id="8251862503" visible="true" version="1" changeset="96263032" timestamp="2020-12-22T13:47:50Z" user="mulgist" uid="12368943" lat="35.0163111" lon="126.7960143"/>
 <node id="8251862504" visible="true" version="1" changeset="96263032" timestamp="2020-12-22T13:47:50Z" user="mulgist" uid="12368943" lat="35.0162935" lon="126.7959071"/>
 <node id="8251862505" visible="true" version="1" changeset="96263032" timestamp="2020-12-22T13:47:50Z" user="mulgist" uid="12368943" lat="35.0163177" lon="126.7958802"/>
 <node id="8251862506" visible="true" version="1" changeset="96263032" timestamp="2020-12-22T13:47:50Z" user="mulgist" uid="12368943" lat="35.0163616" lon="126.7958695"/>
 <node id="8251862507" visible="true" version="1" changeset="96263032" timestamp="2020-12-22T13:47:50Z" user="mulgist" uid="12368943" lat="35.0164165" lon="126.7958856"/>
 <node id="8251862508" visible="true" version="1" changeset="96263032" timestamp="2020-12-22T13:47:50Z" user="mulgist" uid="12368943" lat="35.0165219" lon="126.7959044"/>
 <node id="8251862509" visible="true" version="1" changeset="96263032" timestamp="2020-12-22T13:47:50Z" user="mulgist" uid="12368943" lat="35.0166032" lon="126.7958856"/>
 <node id="8251862510" visible="true" version="1" changeset="96263032" timestamp="2020-12-22T13:47:50Z" user="mulgist" uid="12368943" lat="35.0166867" lon="126.7958615"/>
 <node id="8251862511" visible="true" version="1" changeset="96263032" timestamp="2020-12-22T13:47:50Z" user="mulgist" uid="12368943" lat="35.0167438" lon="126.7958561"/>
 <node id="8251862512" visible="true" version="1" changeset="96263032" timestamp="2020-12-22T13:47:50Z" user="mulgist" uid="12368943" lat="35.0167856" lon="126.7958829"/>
 <node id="8251862513" visible="true" version="1" changeset="96263032" timestamp="2020-12-22T13:47:50Z" user="mulgist" uid="12368943" lat="35.0167987" lon="126.7959205"/>
 <node id="8251862514" visible="true" version="1" changeset="96263032" timestamp="2020-12-22T13:47:50Z" user="mulgist" uid="12368943" lat="35.0167987" lon="126.7961994"/>
 <node id="8251862515" visible="true" version="1" changeset="96263032" timestamp="2020-12-22T13:47:50Z" user="mulgist" uid="12368943" lat="35.0167921" lon="126.7962397"/>
 <node id="8251862516" visible="true" version="1" changeset="96263032" timestamp="2020-12-22T13:47:50Z" user="mulgist" uid="12368943" lat="35.0167460" lon="126.7962504"/>
 <node id="8251862517" visible="true" version="1" changeset="96263032" timestamp="2020-12-22T13:47:50Z" user="mulgist" uid="12368943" lat="35.0166603" lon="126.7962557"/>
 <node id="8251862518" visible="true" version="1" changeset="96263032" timestamp="2020-12-22T13:47:50Z" user="mulgist" uid="12368943" lat="35.0165351" lon="126.7962557"/>
 <node id="8251862519" visible="true" version="1" changeset="96263032" timestamp="2020-12-22T13:47:50Z" user="mulgist" uid="12368943" lat="35.0165088" lon="126.7962853"/>
 <node id="8251862520" visible="true" version="1" changeset="96263032" timestamp="2020-12-22T13:47:50Z" user="mulgist" uid="12368943" lat="35.0165087" lon="126.7969553"/>
 <node id="8251862521" visible="true" version="1" changeset="96263032" timestamp="2020-12-22T13:47:50Z" user="mulgist" uid="12368943" lat="35.0162524" lon="126.7969530"/>
 <node id="8251862522" visible="true" version="1" changeset="96263032" timestamp="2020-12-22T13:47:50Z" user="mulgist" uid="12368943" lat="35.0162064" lon="126.7961811"/>
 <node id="8251862523" visible="true" version="1" changeset="96263032" timestamp="2020-12-22T13:47:50Z" user="mulgist" uid="12368943" lat="35.0161653" lon="126.7961087"/>
 <node id="8251862524" visible="true" version="1" changeset="96263032" timestamp="2020-12-22T13:47:50Z" user="mulgist" uid="12368943" lat="35.0161452" lon="126.7960352"/>
 <node id="8251862525" visible="true" version="1" changeset="96263032" timestamp="2020-12-22T13:47:50Z" user="mulgist" uid="12368943" lat="35.0161586" lon="126.7959593"/>
 <node id="8251862526" visible="true" version="1" changeset="96263032" timestamp="2020-12-22T13:47:50Z" user="mulgist" uid="12368943" lat="35.0161873" lon="126.7959336"/>
 <node id="8251862527" visible="true" version="1" changeset="96263032" timestamp="2020-12-22T13:47:50Z" user="mulgist" uid="12368943" lat="35.0161873" lon="126.7959033"/>
 <node id="8251862528" visible="true" version="1" changeset="96263032" timestamp="2020-12-22T13:47:50Z" user="mulgist" uid="12368943" lat="35.0161538" lon="126.7958250"/>
 <node id="8251862529" visible="true" version="1" changeset="96263032" timestamp="2020-12-22T13:47:50Z" user="mulgist" uid="12368943" lat="35.0158995" lon="126.7952856"/>
 <node id="8251862530" visible="true" version="1" changeset="96263032" timestamp="2020-12-22T13:47:50Z" user="mulgist" uid="12368943" lat="35.0162959" lon="126.7959216"/>
 <node id="8251862531" visible="true" version="1" changeset="96263032" timestamp="2020-12-22T13:47:50Z" user="mulgist" uid="12368943" lat="35.0161873" lon="126.7959231"/>
 <node id="8251862532" visible="true" version="1" changeset="96263032" timestamp="2020-12-22T13:47:50Z" user="mulgist" uid="12368943" lat="35.0162500" lon="126.7959222">
  <tag k="crossing" v="marked"/>
  <tag k="highway" v="crossing"/>
 </node>
 <node id="8251862533" visible="true" version="1" changeset="96263032" timestamp="2020-12-22T13:47:50Z" user="mulgist" uid="12368943" lat="35.0162100" lon="126.7969526">
  <tag k="crossing" v="marked"/>
  <tag k="highway" v="crossing"/>
 </node>
 <node id="8254946973" visible="true" version="1" changeset="96332427" timestamp="2020-12-23T14:29:14Z" user="mulgist" uid="12368943" lat="35.0176826" lon="126.7992354"/>
 <node id="8254946974" visible="true" version="1" changeset="96332427" timestamp="2020-12-23T14:29:14Z" user="mulgist" uid="12368943" lat="35.0176010" lon="126.7997547"/>
 <node id="8254946975" visible="true" version="1" changeset="96332427" timestamp="2020-12-23T14:29:14Z" user="mulgist" uid="12368943" lat="35.0175728" lon="126.8006923"/>
 <node id="8254946976" visible="true" version="1" changeset="96332427" timestamp="2020-12-23T14:29:14Z" user="mulgist" uid="12368943" lat="35.0175693" lon="126.7945333"/>
 <node id="8254946977" visible="true" version="2" changeset="96383241" timestamp="2020-12-24T11:54:34Z" user="mulgist" uid="12368943" lat="35.0173272" lon="126.7945415"/>
 <node id="8254946978" visible="true" version="3" changeset="144332579" timestamp="2023-11-22T16:15:50Z" user="asdfqwer51" uid="3350410" lat="35.0173569" lon="126.7935312"/>
 <node id="8254946979" visible="true" version="1" changeset="96332427" timestamp="2020-12-23T14:29:14Z" user="mulgist" uid="12368943" lat="35.0173207" lon="126.7955883"/>
 <node id="8254946980" visible="true" version="1" changeset="96332427" timestamp="2020-12-23T14:29:14Z" user="mulgist" uid="12368943" lat="35.0175613" lon="126.7968879"/>
 <node id="8254946981" visible="true" version="1" changeset="96332427" timestamp="2020-12-23T14:29:14Z" user="mulgist" uid="12368943" lat="35.0172598" lon="126.7972994"/>
 <node id="8254946982" visible="true" version="1" changeset="96332427" timestamp="2020-12-23T14:29:14Z" user="mulgist" uid="12368943" lat="35.0173714" lon="126.7988940"/>
 <node id="8254946983" visible="true" version="1" changeset="96332427" timestamp="2020-12-23T14:29:14Z" user="mulgist" uid="12368943" lat="35.0174526" lon="126.7998052"/>
 <node id="8254946984" visible="true" version="1" changeset="96332427" timestamp="2020-12-23T14:29:14Z" user="mulgist" uid="12368943" lat="35.0172931" lon="126.8002169"/>
 <node id="8254946985" visible="true" version="1" changeset="96332427" timestamp="2020-12-23T14:29:14Z" user="mulgist" uid="12368943" lat="35.0173815" lon="126.8005956"/>
 <node id="8254946986" visible="true" version="1" changeset="96332427" timestamp="2020-12-23T14:29:14Z" user="mulgist" uid="12368943" lat="35.0174308" lon="126.8006363"/>
 <node id="8254946987" visible="true" version="1" changeset="96332427" timestamp="2020-12-23T14:29:14Z" user="mulgist" uid="12368943" lat="35.0174859" lon="126.8006522"/>
 <node id="8254946988" visible="true" version="1" changeset="96332427" timestamp="2020-12-23T14:29:14Z" user="mulgist" uid="12368943" lat="35.0175453" lon="126.8006558"/>
 <node id="8254946989" visible="true" version="1" changeset="96332427" timestamp="2020-12-23T14:29:14Z" user="mulgist" uid="12368943" lat="35.0175743" lon="126.8005938"/>
 <node id="8254946990" visible="true" version="1" changeset="96332427" timestamp="2020-12-23T14:29:14Z" user="mulgist" uid="12368943" lat="35.0175497" lon="126.8005000"/>
 <node id="8254946991" visible="true" version="1" changeset="96332427" timestamp="2020-12-23T14:29:14Z" user="mulgist" uid="12368943" lat="35.0175047" lon="126.8004717"/>
 <node id="8254946992" visible="true" version="1" changeset="96332427" timestamp="2020-12-23T14:29:14Z" user="mulgist" uid="12368943" lat="35.0174468" lon="126.8004576"/>
 <node id="8254946993" visible="true" version="1" changeset="96332427" timestamp="2020-12-23T14:29:14Z" user="mulgist" uid="12368943" lat="35.0174120" lon="126.8004841"/>
 <node id="8254946994" visible="true" version="1" changeset="96332427" timestamp="2020-12-23T14:29:14Z" user="mulgist" uid="12368943" lat="35.0173714" lon="126.8005524"/>
 <node id="8254946997" visible="true" version="1" changeset="96332427" timestamp="2020-12-23T14:29:14Z" user="mulgist" uid="12368943" lat="35.0173118" lon="126.7980422"/>
 <node id="8254946999" visible="true" version="1" changeset="96332427" timestamp="2020-12-23T14:29:14Z" user="mulgist" uid="12368943" lat="35.0173550" lon="126.7986599"/>
 <node id="8254947000" visible="true" version="1" changeset="96332427" timestamp="2020-12-23T14:29:14Z" user="mulgist" uid="12368943" lat="35.0173599" lon="126.7958000"/>
 <node id="8254947001" visible="true" version="1" changeset="96332427" timestamp="2020-12-23T14:29:14Z" user="mulgist" uid="12368943" lat="35.0174701" lon="126.7947307"/>
 <node id="8254947002" visible="true" version="1" changeset="96332427" timestamp="2020-12-23T14:29:14Z" user="mulgist" uid="12368943" lat="35.0175914" lon="126.7946281"/>
 <node id="8254947003" visible="true" version="2" changeset="96383241" timestamp="2020-12-24T11:54:34Z" user="mulgist" uid="12368943" lat="35.0173057" lon="126.7951519"/>
 <node id="8254947004" visible="true" version="1" changeset="96332427" timestamp="2020-12-23T14:29:14Z" user="mulgist" uid="12368943" lat="35.0175925" lon="126.7952439"/>
 <node id="8254947005" visible="true" version="1" changeset="96332427" timestamp="2020-12-23T14:29:14Z" user="mulgist" uid="12368943" lat="35.0174035" lon="126.7971033"/>
 <node id="8254947015" visible="true" version="1" changeset="96332427" timestamp="2020-12-23T14:29:14Z" user="mulgist" uid="12368943" lat="35.0151097" lon="126.7967060"/>
 <node id="8254947033" visible="true" version="1" changeset="96332427" timestamp="2020-12-23T14:29:14Z" user="mulgist" uid="12368943" lat="35.0137674" lon="126.7968729"/>
 <node id="8254947034" visible="true" version="1" changeset="96332427" timestamp="2020-12-23T14:29:14Z" user="mulgist" uid="12368943" lat="35.0151105" lon="126.7964623"/>
 <node id="8254947038" visible="true" version="1" changeset="96332427" timestamp="2020-12-23T14:29:14Z" user="mulgist" uid="12368943" lat="35.0151119" lon="126.7961161"/>
 <node id="8254947039" visible="true" version="1" changeset="96332427" timestamp="2020-12-23T14:29:14Z" user="mulgist" uid="12368943" lat="35.0149978" lon="126.7961207"/>
 <node id="8254947040" visible="true" version="1" changeset="96332427" timestamp="2020-12-23T14:29:14Z" user="mulgist" uid="12368943" lat="35.0150001" lon="126.7959067"/>
 <node id="8254947041" visible="true" version="1" changeset="96332427" timestamp="2020-12-23T14:29:14Z" user="mulgist" uid="12368943" lat="35.0149954" lon="126.7963471"/>
 <node id="8254947042" visible="true" version="1" changeset="96332427" timestamp="2020-12-23T14:29:14Z" user="mulgist" uid="12368943" lat="35.0148409" lon="126.7963446"/>
 <node id="8254947043" visible="true" version="1" changeset="96332427" timestamp="2020-12-23T14:29:14Z" user="mulgist" uid="12368943" lat="35.0148455" lon="126.7959043"/>
 <node id="8254947062" visible="true" version="1" changeset="96332427" timestamp="2020-12-23T14:29:14Z" user="mulgist" uid="12368943" lat="35.0137639" lon="126.7962111"/>
 <node id="8254947063" visible="true" version="1" changeset="96332427" timestamp="2020-12-23T14:29:14Z" user="mulgist" uid="12368943" lat="35.0173235" lon="126.7982089"/>
 <node id="8254947065" visible="true" version="1" changeset="96332427" timestamp="2020-12-23T14:29:14Z" user="mulgist" uid="12368943" lat="35.0137601" lon="126.7958185"/>
 <node id="8254947066" visible="true" version="1" changeset="96332427" timestamp="2020-12-23T14:29:14Z" user="mulgist" uid="12368943" lat="35.0137946" lon="126.7957660"/>
 <node id="8254947067" visible="true" version="1" changeset="96332427" timestamp="2020-12-23T14:29:14Z" user="mulgist" uid="12368943" lat="35.0138262" lon="126.7957294"/>
 <node id="8254947068" visible="true" version="1" changeset="96332427" timestamp="2020-12-23T14:29:14Z" user="mulgist" uid="12368943" lat="35.0139028" lon="126.7957152"/>
 <node id="8254947069" visible="true" version="1" changeset="96332427" timestamp="2020-12-23T14:29:14Z" user="mulgist" uid="12368943" lat="35.0144674" lon="126.7957078"/>
 <node id="8254947070" visible="true" version="1" changeset="96332427" timestamp="2020-12-23T14:29:14Z" user="mulgist" uid="12368943" lat="35.0145659" lon="126.7956739"/>
 <node id="8254947071" visible="true" version="1" changeset="96332427" timestamp="2020-12-23T14:29:14Z" user="mulgist" uid="12368943" lat="35.0147617" lon="126.7956431"/>
 <node id="8254947072" visible="true" version="1" changeset="96332427" timestamp="2020-12-23T14:29:14Z" user="mulgist" uid="12368943" lat="35.0149131" lon="126.7956030"/>
 <node id="8254947073" visible="true" version="1" changeset="96332427" timestamp="2020-12-23T14:29:14Z" user="mulgist" uid="12368943" lat="35.0151142" lon="126.7955599"/>
 <node id="8254947074" visible="true" version="2" changeset="96725193" timestamp="2020-12-31T10:49:44Z" user="mulgist" uid="12368943" lat="35.0154360" lon="126.7954506"/>
 <node id="8254947075" visible="true" version="2" changeset="96725193" timestamp="2020-12-31T10:49:44Z" user="mulgist" uid="12368943" lat="35.0155823" lon="126.7954050"/>
 <node id="8254947076" visible="true" version="2" changeset="96725193" timestamp="2020-12-31T10:49:44Z" user="mulgist" uid="12368943" lat="35.0157395" lon="126.7953065"/>
 <node id="8254947077" visible="true" version="2" changeset="96725193" timestamp="2020-12-31T10:49:44Z" user="mulgist" uid="12368943" lat="35.0158618" lon="126.7952279"/>
 <node id="8254947078" visible="true" version="1" changeset="96332427" timestamp="2020-12-23T14:29:14Z" user="mulgist" uid="12368943" lat="35.0164357" lon="126.7947660"/>
 <node id="8254947079" visible="true" version="1" changeset="96332427" timestamp="2020-12-23T14:29:14Z" user="mulgist" uid="12368943" lat="35.0166954" lon="126.7946298"/>
 <node id="8254947080" visible="true" version="1" changeset="96332427" timestamp="2020-12-23T14:29:14Z" user="mulgist" uid="12368943" lat="35.0169484" lon="126.7945383"/>
 <node id="8254947081" visible="true" version="2" changeset="144332579" timestamp="2023-11-22T16:15:50Z" user="asdfqwer51" uid="3350410" lat="35.0170807" lon="126.7945051"/>
 <node id="8254947083" visible="true" version="2" changeset="96725193" timestamp="2020-12-31T10:49:44Z" user="mulgist" uid="12368943" lat="35.0159941" lon="126.7951334"/>
 <node id="8254947084" visible="true" version="2" changeset="144332579" timestamp="2023-11-22T16:15:50Z" user="asdfqwer51" uid="3350410" lat="35.0174422" lon="126.7944328"/>
 <node id="8254947085" visible="true" version="2" changeset="144332579" timestamp="2023-11-22T16:15:50Z" user="asdfqwer51" uid="3350410" lat="35.0175461" lon="126.7944328"/>
 <node id="8254947086" visible="true" version="2" changeset="144332579" timestamp="2023-11-22T16:15:50Z" user="asdfqwer51" uid="3350410" lat="35.0175819" lon="126.7944800"/>
 <node id="8254947087" visible="true" version="2" changeset="144332579" timestamp="2023-11-22T16:15:50Z" user="asdfqwer51" uid="3350410" lat="35.0176093" lon="126.7945693"/>
 <node id="8254947088" visible="true" version="1" changeset="96332427" timestamp="2020-12-23T14:29:14Z" user="mulgist" uid="12368943" lat="35.0176276" lon="126.8006369"/>
 <node id="8254947089" visible="true" version="1" changeset="96332427" timestamp="2020-12-23T14:29:14Z" user="mulgist" uid="12368943" lat="35.0176046" lon="126.8007046"/>
 <node id="8254947090" visible="true" version="1" changeset="96332427" timestamp="2020-12-23T14:29:14Z" user="mulgist" uid="12368943" lat="35.0175568" lon="126.8007303"/>
 <node id="8254947091" visible="true" version="1" changeset="96332427" timestamp="2020-12-23T14:29:14Z" user="mulgist" uid="12368943" lat="35.0174880" lon="126.8007326"/>
 <node id="8254947092" visible="true" version="1" changeset="96332427" timestamp="2020-12-23T14:29:14Z" user="mulgist" uid="12368943" lat="35.0174019" lon="126.8007093"/>
 <node id="8254947093" visible="true" version="1" changeset="96332427" timestamp="2020-12-23T14:29:14Z" user="mulgist" uid="12368943" lat="35.0169957" lon="126.8005762"/>
 <node id="8254947094" visible="true" version="1" changeset="96332427" timestamp="2020-12-23T14:29:14Z" user="mulgist" uid="12368943" lat="35.0169384" lon="126.8005785"/>
 <node id="8254947095" visible="true" version="1" changeset="96332427" timestamp="2020-12-23T14:29:14Z" user="mulgist" uid="12368943" lat="35.0168810" lon="126.8005715"/>
 <node id="8254947096" visible="true" version="1" changeset="96332427" timestamp="2020-12-23T14:29:14Z" user="mulgist" uid="12368943" lat="35.0163608" lon="126.8004524"/>
 <node id="8254947097" visible="true" version="1" changeset="96332427" timestamp="2020-12-23T14:29:14Z" user="mulgist" uid="12368943" lat="35.0162977" lon="126.8003754"/>
 <node id="8254947098" visible="true" version="1" changeset="96332427" timestamp="2020-12-23T14:29:14Z" user="mulgist" uid="12368943" lat="35.0161044" lon="126.8003170"/>
 <node id="8254947099" visible="true" version="1" changeset="96332427" timestamp="2020-12-23T14:29:14Z" user="mulgist" uid="12368943" lat="35.0159763" lon="126.8004011"/>
 <node id="8254947100" visible="true" version="1" changeset="96332427" timestamp="2020-12-23T14:29:14Z" user="mulgist" uid="12368943" lat="35.0143854" lon="126.8004011"/>
 <node id="8254947101" visible="true" version="1" changeset="96332427" timestamp="2020-12-23T14:29:14Z" user="mulgist" uid="12368943" lat="35.0142707" lon="126.8003660"/>
 <node id="8254947102" visible="true" version="1" changeset="96332427" timestamp="2020-12-23T14:29:14Z" user="mulgist" uid="12368943" lat="35.0138882" lon="126.8003660"/>
 <node id="8254947103" visible="true" version="1" changeset="96332427" timestamp="2020-12-23T14:29:14Z" user="mulgist" uid="12368943" lat="35.0138423" lon="126.8003357"/>
 <node id="8254947104" visible="true" version="2" changeset="144397454" timestamp="2023-11-24T08:19:48Z" user="asdfqwer51" uid="3350410" lat="35.0137597" lon="126.8002208"/>
 <node id="8254947105" visible="true" version="1" changeset="96332427" timestamp="2020-12-23T14:29:14Z" user="mulgist" uid="12368943" lat="35.0137658" lon="126.7993746"/>
 <node id="8254947106" visible="true" version="1" changeset="96332427" timestamp="2020-12-23T14:29:14Z" user="mulgist" uid="12368943" lat="35.0176161" lon="126.7982095"/>
 <node id="8254947107" visible="true" version="1" changeset="96332427" timestamp="2020-12-23T14:29:14Z" user="mulgist" uid="12368943" lat="35.0147827" lon="126.7958389"/>
 <node id="8254947108" visible="true" version="1" changeset="96332427" timestamp="2020-12-23T14:29:14Z" user="mulgist" uid="12368943" lat="35.0144987" lon="126.7958355"/>
 <node id="8254947109" visible="true" version="1" changeset="96332427" timestamp="2020-12-23T14:29:14Z" user="mulgist" uid="12368943" lat="35.0144968" lon="126.7960784"/>
 <node id="8254947110" visible="true" version="1" changeset="96332427" timestamp="2020-12-23T14:29:14Z" user="mulgist" uid="12368943" lat="35.0147808" lon="126.7960817"/>
 <node id="8254947111" visible="true" version="1" changeset="96332427" timestamp="2020-12-23T14:29:14Z" user="mulgist" uid="12368943" lat="35.0143405" lon="126.7957095"/>
 <node id="8254947112" visible="true" version="1" changeset="96332427" timestamp="2020-12-23T14:29:14Z" user="mulgist" uid="12368943" lat="35.0143438" lon="126.7958671"/>
 <node id="8254947113" visible="true" version="1" changeset="96332427" timestamp="2020-12-23T14:29:14Z" user="mulgist" uid="12368943" lat="35.0144985" lon="126.7958591"/>
 <node id="8254947114" visible="true" version="1" changeset="96332427" timestamp="2020-12-23T14:29:14Z" user="mulgist" uid="12368943" lat="35.0144984" lon="126.7958727"/>
 <node id="8254947115" visible="true" version="1" changeset="96332427" timestamp="2020-12-23T14:29:14Z" user="mulgist" uid="12368943" lat="35.0144968" lon="126.7961646"/>
 <node id="8254947116" visible="true" version="2" changeset="96545122" timestamp="2020-12-28T15:20:53Z" user="mulgist" uid="12368943" lat="35.0142602" lon="126.7961606"/>
 <node id="8254947117" visible="true" version="2" changeset="96545122" timestamp="2020-12-28T15:20:53Z" user="mulgist" uid="12368943" lat="35.0142631" lon="126.7958651"/>
 <node id="8254947118" visible="true" version="2" changeset="96545122" timestamp="2020-12-28T15:20:53Z" user="mulgist" uid="12368943" lat="35.0142851" lon="126.7958636"/>
 <node id="8254947119" visible="true" version="1" changeset="96332427" timestamp="2020-12-23T14:29:14Z" user="mulgist" uid="12368943" lat="35.0142846" lon="126.7955300"/>
 <node id="8254947120" visible="true" version="1" changeset="96332427" timestamp="2020-12-23T14:29:14Z" user="mulgist" uid="12368943" lat="35.0138714" lon="126.7957210"/>
 <node id="8254947121" visible="true" version="1" changeset="96332427" timestamp="2020-12-23T14:29:14Z" user="mulgist" uid="12368943" lat="35.0138759" lon="126.7953877"/>
 <node id="8254947122" visible="true" version="1" changeset="96332427" timestamp="2020-12-23T14:29:14Z" user="mulgist" uid="12368943" lat="35.0138740" lon="126.7955311">
  <tag k="crossing" v="marked"/>
  <tag k="highway" v="crossing"/>
 </node>
 <node id="8254947123" visible="true" version="1" changeset="96332427" timestamp="2020-12-23T14:29:14Z" user="mulgist" uid="12368943" lat="35.0143287" lon="126.7957093"/>
 <node id="8254947124" visible="true" version="1" changeset="96332427" timestamp="2020-12-23T14:29:14Z" user="mulgist" uid="12368943" lat="35.0142108" lon="126.7957121"/>
 <node id="8254947125" visible="true" version="1" changeset="96332427" timestamp="2020-12-23T14:29:14Z" user="mulgist" uid="12368943" lat="35.0141876" lon="126.7957115"/>
 <node id="8254947128" visible="true" version="1" changeset="96332427" timestamp="2020-12-23T14:29:14Z" user="mulgist" uid="12368943" lat="35.0137689" lon="126.7981710"/>
 <node id="8254947139" visible="true" version="1" changeset="96332427" timestamp="2020-12-23T14:29:14Z" user="mulgist" uid="12368943" lat="35.0134848" lon="126.7970433"/>
 <node id="8254947140" visible="true" version="1" changeset="96332427" timestamp="2020-12-23T14:29:14Z" user="mulgist" uid="12368943" lat="35.0134898" lon="126.7970088"/>
 <node id="8254947141" visible="true" version="1" changeset="96332427" timestamp="2020-12-23T14:29:14Z" user="mulgist" uid="12368943" lat="35.0134840" lon="126.7967160"/>
 <node id="8254947142" visible="true" version="1" changeset="96332427" timestamp="2020-12-23T14:29:14Z" user="mulgist" uid="12368943" lat="35.0134804" lon="126.7958057"/>
 <node id="8254947143" visible="true" version="1" changeset="96332427" timestamp="2020-12-23T14:29:14Z" user="mulgist" uid="12368943" lat="35.0137650" lon="126.7958110"/>
 <node id="8254947144" visible="true" version="1" changeset="96332427" timestamp="2020-12-23T14:29:14Z" user="mulgist" uid="12368943" lat="35.0136257" lon="126.7958084">
  <tag k="crossing" v="marked"/>
  <tag k="highway" v="crossing"/>
 </node>
 <node id="8254947168" visible="true" version="1" changeset="96332427" timestamp="2020-12-23T14:29:14Z" user="mulgist" uid="12368943" lat="35.0174226" lon="126.7951912"/>
 <node id="8254947169" visible="true" version="1" changeset="96332427" timestamp="2020-12-23T14:29:14Z" user="mulgist" uid="12368943" lat="35.0142849" lon="126.7957103">
  <tag k="crossing" v="marked"/>
  <tag k="highway" v="crossing"/>
 </node>
 <node id="8254947170" visible="true" version="2" changeset="96780587" timestamp="2021-01-01T17:12:51Z" user="mulgist" uid="12368943" lat="35.0136288" lon="126.7981871">
  <tag k="crossing" v="marked"/>
  <tag k="highway" v="crossing"/>
 </node>
 <node id="8254947171" visible="true" version="1" changeset="96332427" timestamp="2020-12-23T14:29:14Z" user="mulgist" uid="12368943" lat="35.0137688" lon="126.7982053"/>
 <node id="8254986470" visible="true" version="1" changeset="96333248" timestamp="2020-12-23T14:45:22Z" user="mulgist" uid="12368943" lat="35.0166098" lon="126.7948902"/>
 <node id="8254986471" visible="true" version="1" changeset="96333248" timestamp="2020-12-23T14:45:22Z" user="mulgist" uid="12368943" lat="35.0164406" lon="126.7949680"/>
 <node id="8254986472" visible="true" version="1" changeset="96333248" timestamp="2020-12-23T14:45:22Z" user="mulgist" uid="12368943" lat="35.0162759" lon="126.7951128"/>
 <node id="8254986473" visible="true" version="1" changeset="96333248" timestamp="2020-12-23T14:45:22Z" user="mulgist" uid="12368943" lat="35.0162298" lon="126.7951852"/>
 <node id="8254986474" visible="true" version="1" changeset="96333248" timestamp="2020-12-23T14:45:22Z" user="mulgist" uid="12368943" lat="35.0161067" lon="126.7952121"/>
 <node id="8254986475" visible="true" version="1" changeset="96333248" timestamp="2020-12-23T14:45:22Z" user="mulgist" uid="12368943" lat="35.0160408" lon="126.7952523"/>
 <node id="8254986476" visible="true" version="1" changeset="96333248" timestamp="2020-12-23T14:45:22Z" user="mulgist" uid="12368943" lat="35.0160496" lon="126.7953086"/>
 <node id="8254986477" visible="true" version="1" changeset="96333248" timestamp="2020-12-23T14:45:22Z" user="mulgist" uid="12368943" lat="35.0161243" lon="126.7954830"/>
 <node id="8254986478" visible="true" version="1" changeset="96333248" timestamp="2020-12-23T14:45:22Z" user="mulgist" uid="12368943" lat="35.0161990" lon="126.7956332"/>
 <node id="8254986479" visible="true" version="1" changeset="96333248" timestamp="2020-12-23T14:45:22Z" user="mulgist" uid="12368943" lat="35.0162649" lon="126.7957297"/>
 <node id="8254986480" visible="true" version="1" changeset="96333248" timestamp="2020-12-23T14:45:22Z" user="mulgist" uid="12368943" lat="35.0163154" lon="126.7957297"/>
 <node id="8254986481" visible="true" version="1" changeset="96333248" timestamp="2020-12-23T14:45:22Z" user="mulgist" uid="12368943" lat="35.0164231" lon="126.7957297"/>
 <node id="8254986482" visible="true" version="1" changeset="96333248" timestamp="2020-12-23T14:45:22Z" user="mulgist" uid="12368943" lat="35.0164934" lon="126.7957512"/>
 <node id="8254986483" visible="true" version="1" changeset="96333248" timestamp="2020-12-23T14:45:22Z" user="mulgist" uid="12368943" lat="35.0165659" lon="126.7957673"/>
 <node id="8254986484" visible="true" version="1" changeset="96333248" timestamp="2020-12-23T14:45:22Z" user="mulgist" uid="12368943" lat="35.0167675" lon="126.7955139"/>
 <node id="8254986485" visible="true" version="1" changeset="96333248" timestamp="2020-12-23T14:45:22Z" user="mulgist" uid="12368943" lat="35.0167525" lon="126.7955424"/>
 <node id="8254986486" visible="true" version="1" changeset="96333248" timestamp="2020-12-23T14:45:22Z" user="mulgist" uid="12368943" lat="35.0167475" lon="126.7956054"/>
 <node id="8254986487" visible="true" version="1" changeset="96333248" timestamp="2020-12-23T14:45:22Z" user="mulgist" uid="12368943" lat="35.0167591" lon="126.7956460"/>
 <node id="8254986488" visible="true" version="1" changeset="96333248" timestamp="2020-12-23T14:45:22Z" user="mulgist" uid="12368943" lat="35.0167824" lon="126.7956806"/>
 <node id="8254986489" visible="true" version="1" changeset="96333248" timestamp="2020-12-23T14:45:22Z" user="mulgist" uid="12368943" lat="35.0167791" lon="126.7957355"/>
 <node id="8254986490" visible="true" version="1" changeset="96333248" timestamp="2020-12-23T14:45:22Z" user="mulgist" uid="12368943" lat="35.0167525" lon="126.7957558"/>
 <node id="8254986491" visible="true" version="1" changeset="96333248" timestamp="2020-12-23T14:45:22Z" user="mulgist" uid="12368943" lat="35.0167158" lon="126.7957578"/>
 <node id="8254986492" visible="true" version="1" changeset="96333248" timestamp="2020-12-23T14:45:22Z" user="mulgist" uid="12368943" lat="35.0166975" lon="126.7957314"/>
 <node id="8254986493" visible="true" version="1" changeset="96333248" timestamp="2020-12-23T14:45:22Z" user="mulgist" uid="12368943" lat="35.0166859" lon="126.7956948"/>
 <node id="8254986494" visible="true" version="1" changeset="96333248" timestamp="2020-12-23T14:45:22Z" user="mulgist" uid="12368943" lat="35.0166892" lon="126.7956623"/>
 <node id="8254986495" visible="true" version="1" changeset="96333248" timestamp="2020-12-23T14:45:22Z" user="mulgist" uid="12368943" lat="35.0167549" lon="126.7956314"/>
 <node id="8254986496" visible="true" version="1" changeset="96333248" timestamp="2020-12-23T14:45:22Z" user="mulgist" uid="12368943" lat="35.0167605" lon="126.7960039"/>
 <node id="8254986497" visible="true" version="1" changeset="96333248" timestamp="2020-12-23T14:45:22Z" user="mulgist" uid="12368943" lat="35.0167528" lon="126.7961320"/>
 <node id="8254986498" visible="true" version="1" changeset="96333248" timestamp="2020-12-23T14:45:22Z" user="mulgist" uid="12368943" lat="35.0164952" lon="126.7959268"/>
 <node id="8254986499" visible="true" version="1" changeset="96333248" timestamp="2020-12-23T14:45:22Z" user="mulgist" uid="12368943" lat="35.0164837" lon="126.7959735"/>
 <node id="8254986500" visible="true" version="1" changeset="96333248" timestamp="2020-12-23T14:45:22Z" user="mulgist" uid="12368943" lat="35.0164933" lon="126.7960179"/>
 <node id="8254986501" visible="true" version="1" changeset="96333248" timestamp="2020-12-23T14:45:22Z" user="mulgist" uid="12368943" lat="35.0165181" lon="126.7960412"/>
 <node id="8254986502" visible="true" version="1" changeset="96333248" timestamp="2020-12-23T14:45:22Z" user="mulgist" uid="12368943" lat="35.0165545" lon="126.7960342"/>
 <node id="8254986503" visible="true" version="1" changeset="96333248" timestamp="2020-12-23T14:45:22Z" user="mulgist" uid="12368943" lat="35.0165717" lon="126.7960179"/>
 <node id="8254986504" visible="true" version="1" changeset="96333248" timestamp="2020-12-23T14:45:22Z" user="mulgist" uid="12368943" lat="35.0165755" lon="126.7959829"/>
 <node id="8254986505" visible="true" version="1" changeset="96333248" timestamp="2020-12-23T14:45:22Z" user="mulgist" uid="12368943" lat="35.0165640" lon="126.7959385"/>
 <node id="8255005742" visible="true" version="2" changeset="96780587" timestamp="2021-01-01T17:12:51Z" user="mulgist" uid="12368943" lat="35.0153836" lon="126.7969480"/>
 <node id="8255005743" visible="true" version="1" changeset="96333248" timestamp="2020-12-23T14:45:22Z" user="mulgist" uid="12368943" lat="35.0153862" lon="126.7957016"/>
 <node id="8255005744" visible="true" version="1" changeset="96333248" timestamp="2020-12-23T14:45:22Z" user="mulgist" uid="12368943" lat="35.0154128" lon="126.7956467"/>
 <node id="8255005745" visible="true" version="1" changeset="96333248" timestamp="2020-12-23T14:45:22Z" user="mulgist" uid="12368943" lat="35.0154595" lon="126.7956121"/>
 <node id="8255005746" visible="true" version="1" changeset="96333248" timestamp="2020-12-23T14:45:22Z" user="mulgist" uid="12368943" lat="35.0155127" lon="126.7955735"/>
 <node id="8255005747" visible="true" version="1" changeset="96333248" timestamp="2020-12-23T14:45:22Z" user="mulgist" uid="12368943" lat="35.0156060" lon="126.7955186"/>
 <node id="8255005748" visible="true" version="1" changeset="96333248" timestamp="2020-12-23T14:45:22Z" user="mulgist" uid="12368943" lat="35.0159442" lon="126.7953804"/>
 <node id="8255005749" visible="true" version="1" changeset="96333248" timestamp="2020-12-23T14:45:22Z" user="mulgist" uid="12368943" lat="35.0159347" lon="126.7954668"/>
 <node id="8255005750" visible="true" version="1" changeset="96333248" timestamp="2020-12-23T14:45:22Z" user="mulgist" uid="12368943" lat="35.0160401" lon="126.7961347"/>
 <node id="8255005751" visible="true" version="1" changeset="96333248" timestamp="2020-12-23T14:45:22Z" user="mulgist" uid="12368943" lat="35.0160226" lon="126.7961507"/>
 <node id="8255005752" visible="true" version="1" changeset="96333248" timestamp="2020-12-23T14:45:22Z" user="mulgist" uid="12368943" lat="35.0159896" lon="126.7961534"/>
 <node id="8255005753" visible="true" version="1" changeset="96333248" timestamp="2020-12-23T14:45:22Z" user="mulgist" uid="12368943" lat="35.0159567" lon="126.7961373"/>
 <node id="8255005754" visible="true" version="1" changeset="96333248" timestamp="2020-12-23T14:45:22Z" user="mulgist" uid="12368943" lat="35.0158468" lon="126.7961722"/>
 <node id="8255005755" visible="true" version="1" changeset="96333248" timestamp="2020-12-23T14:45:22Z" user="mulgist" uid="12368943" lat="35.0158161" lon="126.7961749"/>
 <node id="8255005756" visible="true" version="1" changeset="96333248" timestamp="2020-12-23T14:45:22Z" user="mulgist" uid="12368943" lat="35.0157611" lon="126.7961373"/>
 <node id="8255005757" visible="true" version="1" changeset="96333248" timestamp="2020-12-23T14:45:22Z" user="mulgist" uid="12368943" lat="35.0156909" lon="126.7961239"/>
 <node id="8255005758" visible="true" version="1" changeset="96333248" timestamp="2020-12-23T14:45:22Z" user="mulgist" uid="12368943" lat="35.0156293" lon="126.7961373"/>
 <node id="8255005759" visible="true" version="1" changeset="96333248" timestamp="2020-12-23T14:45:22Z" user="mulgist" uid="12368943" lat="35.0153850" lon="126.7961346"/>
 <node id="8255005760" visible="true" version="1" changeset="96333248" timestamp="2020-12-23T14:45:22Z" user="mulgist" uid="12368943" lat="35.0154462" lon="126.7961353">
  <tag k="highway" v="crossing"/>
 </node>
 <node id="8257427193" visible="true" version="1" changeset="96383241" timestamp="2020-12-24T11:54:34Z" user="mulgist" uid="12368943" lat="35.0173362" lon="126.7931268"/>
 <node id="8257427194" visible="true" version="1" changeset="96383241" timestamp="2020-12-24T11:54:34Z" user="mulgist" uid="12368943" lat="35.0173200" lon="126.7946459"/>
 <node id="8257427195" visible="true" version="2" changeset="144332579" timestamp="2023-11-22T16:15:50Z" user="asdfqwer51" uid="3350410" lat="35.0173576" lon="126.7944383"/>
 <node id="8257427196" visible="true" version="2" changeset="99630021" timestamp="2021-02-20T08:24:13Z" user="mulgist" uid="12368943" lat="35.0173363" lon="126.7928953"/>
 <node id="8257427197" visible="true" version="2" changeset="144332579" timestamp="2023-11-22T16:15:50Z" user="asdfqwer51" uid="3350410" lat="35.0178882" lon="126.7929324"/>
 <node id="8257427198" visible="true" version="2" changeset="144332579" timestamp="2023-11-22T16:15:50Z" user="asdfqwer51" uid="3350410" lat="35.0173899" lon="126.7929337"/>
 <node id="8257427199" visible="true" version="2" changeset="144332579" timestamp="2023-11-22T16:15:50Z" user="asdfqwer51" uid="3350410" lat="35.0174659" lon="126.7935294"/>
 <node id="8257427200" visible="true" version="2" changeset="144332579" timestamp="2023-11-22T16:15:50Z" user="asdfqwer51" uid="3350410" lat="35.0178686" lon="126.7930330"/>
 <node id="8267153325" visible="true" version="2" changeset="144326721" timestamp="2023-11-22T13:28:24Z" user="asdfqwer51" uid="3350410" lat="35.0187400" lon="126.7957436"/>
 <node id="8267153326" visible="true" version="2" changeset="144326721" timestamp="2023-11-22T13:28:24Z" user="asdfqwer51" uid="3350410" lat="35.0187105" lon="126.7957739"/>
 <node id="8267153327" visible="true" version="2" changeset="144326721" timestamp="2023-11-22T13:28:24Z" user="asdfqwer51" uid="3350410" lat="35.0187101" lon="126.7959790"/>
 <node id="8267153328" visible="true" version="2" changeset="144326721" timestamp="2023-11-22T13:28:24Z" user="asdfqwer51" uid="3350410" lat="35.0186855" lon="126.7960302"/>
 <node id="8267153329" visible="true" version="2" changeset="144326721" timestamp="2023-11-22T13:28:24Z" user="asdfqwer51" uid="3350410" lat="35.0186594" lon="126.7960410"/>
 <node id="8267153330" visible="true" version="2" changeset="144326721" timestamp="2023-11-22T13:28:24Z" user="asdfqwer51" uid="3350410" lat="35.0186146" lon="126.7960467"/>
 <node id="8267153331" visible="true" version="1" changeset="96545122" timestamp="2020-12-28T15:20:53Z" user="mulgist" uid="12368943" lat="35.0191881" lon="126.7946382"/>
 <node id="8267153332" visible="true" version="1" changeset="96545122" timestamp="2020-12-28T15:20:53Z" user="mulgist" uid="12368943" lat="35.0191887" lon="126.7962732"/>
 <node id="8267153333" visible="true" version="1" changeset="96545122" timestamp="2020-12-28T15:20:53Z" user="mulgist" uid="12368943" lat="35.0177957" lon="126.7962738"/>
 <node id="8267153334" visible="true" version="1" changeset="96545122" timestamp="2020-12-28T15:20:53Z" user="mulgist" uid="12368943" lat="35.0177952" lon="126.7946390"/>
 <node id="8267153335" visible="true" version="1" changeset="96545122" timestamp="2020-12-28T15:20:53Z" user="mulgist" uid="12368943" lat="35.0183507" lon="126.7950782"/>
 <node id="8267153336" visible="true" version="1" changeset="96545122" timestamp="2020-12-28T15:20:53Z" user="mulgist" uid="12368943" lat="35.0183698" lon="126.7954962"/>
 <node id="8267153337" visible="true" version="1" changeset="96545122" timestamp="2020-12-28T15:20:53Z" user="mulgist" uid="12368943" lat="35.0183392" lon="126.7956293"/>
 <node id="8267153338" visible="true" version="1" changeset="96545122" timestamp="2020-12-28T15:20:53Z" user="mulgist" uid="12368943" lat="35.0184023" lon="126.7959889"/>
 <node id="8267153339" visible="true" version="1" changeset="96545122" timestamp="2020-12-28T15:20:53Z" user="mulgist" uid="12368943" lat="35.0186624" lon="126.7959982"/>
 <node id="8267153340" visible="true" version="1" changeset="96545122" timestamp="2020-12-28T15:20:53Z" user="mulgist" uid="12368943" lat="35.0186662" lon="126.7949568"/>
 <node id="8267153341" visible="true" version="1" changeset="96545122" timestamp="2020-12-28T15:20:53Z" user="mulgist" uid="12368943" lat="35.0187522" lon="126.7949545"/>
 <node id="8267153342" visible="true" version="1" changeset="96545122" timestamp="2020-12-28T15:20:53Z" user="mulgist" uid="12368943" lat="35.0187542" lon="126.7947793"/>
 <node id="8267153343" visible="true" version="1" changeset="96545122" timestamp="2020-12-28T15:20:53Z" user="mulgist" uid="12368943" lat="35.0181269" lon="126.7947677"/>
 <node id="8267153344" visible="true" version="1" changeset="96545122" timestamp="2020-12-28T15:20:53Z" user="mulgist" uid="12368943" lat="35.0181556" lon="126.7948704"/>
 <node id="8267153345" visible="true" version="1" changeset="96545122" timestamp="2020-12-28T15:20:53Z" user="mulgist" uid="12368943" lat="35.0181575" lon="126.7949848"/>
 <node id="8267153346" visible="true" version="1" changeset="96545122" timestamp="2020-12-28T15:20:53Z" user="mulgist" uid="12368943" lat="35.0182445" lon="126.7949836"/>
 <node id="8267153347" visible="true" version="1" changeset="96545122" timestamp="2020-12-28T15:20:53Z" user="mulgist" uid="12368943" lat="35.0182460" lon="126.7950041"/>
 <node id="8267153348" visible="true" version="1" changeset="96545122" timestamp="2020-12-28T15:20:53Z" user="mulgist" uid="12368943" lat="35.0183978" lon="126.7950073"/>
 <node id="8267153349" visible="true" version="1" changeset="96545122" timestamp="2020-12-28T15:20:53Z" user="mulgist" uid="12368943" lat="35.0183991" lon="126.7950789"/>
 <node id="8267153350" visible="true" version="2" changeset="144326721" timestamp="2023-11-22T13:28:24Z" user="asdfqwer51" uid="3350410" lat="35.0177788" lon="126.7962094"/>
 <node id="8267153351" visible="true" version="1" changeset="96545122" timestamp="2020-12-28T15:20:53Z" user="mulgist" uid="12368943" lat="35.0177727" lon="126.7945915"/>
 <node id="8267153352" visible="true" version="1" changeset="96545122" timestamp="2020-12-28T15:20:53Z" user="mulgist" uid="12368943" lat="35.0177884" lon="126.7945254"/>
 <node id="8267153353" visible="true" version="1" changeset="96545122" timestamp="2020-12-28T15:20:53Z" user="mulgist" uid="12368943" lat="35.0178290" lon="126.7944817"/>
 <node id="8267153354" visible="true" version="1" changeset="96545122" timestamp="2020-12-28T15:20:53Z" user="mulgist" uid="12368943" lat="35.0183867" lon="126.7945002"/>
 <node id="8267153355" visible="true" version="1" changeset="96545122" timestamp="2020-12-28T15:20:53Z" user="mulgist" uid="12368943" lat="35.0184851" lon="126.7944633"/>
 <node id="8267153356" visible="true" version="1" changeset="96545122" timestamp="2020-12-28T15:20:53Z" user="mulgist" uid="12368943" lat="35.0188884" lon="126.7944509"/>
 <node id="8267153357" visible="true" version="1" changeset="96545122" timestamp="2020-12-28T15:20:53Z" user="mulgist" uid="12368943" lat="35.0189994" lon="126.7944941"/>
 <node id="8267153358" visible="true" version="2" changeset="96725193" timestamp="2020-12-31T10:49:44Z" user="mulgist" uid="12368943" lat="35.0191718" lon="126.7944878"/>
 <node id="8267153365" visible="true" version="1" changeset="96545122" timestamp="2020-12-28T15:20:53Z" user="mulgist" uid="12368943" lat="35.0177797" lon="126.7953917"/>
 <node id="8267153366" visible="true" version="1" changeset="96545122" timestamp="2020-12-28T15:20:53Z" user="mulgist" uid="12368943" lat="35.0183653" lon="126.7953988">
  <tag k="entrance" v="yes"/>
 </node>
 <node id="8267153367" visible="true" version="1" changeset="96545122" timestamp="2020-12-28T15:20:53Z" user="mulgist" uid="12368943" lat="35.0183641" lon="126.7957712"/>
 <node id="8267153368" visible="true" version="1" changeset="96545122" timestamp="2020-12-28T15:20:53Z" user="mulgist" uid="12368943" lat="35.0182682" lon="126.7957752"/>
 <node id="8267153369" visible="true" version="1" changeset="96545122" timestamp="2020-12-28T15:20:53Z" user="mulgist" uid="12368943" lat="35.0182733" lon="126.7954003"/>
 <node id="8267153370" visible="true" version="2" changeset="144326721" timestamp="2023-11-22T13:28:24Z" user="asdfqwer51" uid="3350410" lat="35.0206198" lon="126.7953014"/>
 <node id="8267153371" visible="true" version="2" changeset="144326721" timestamp="2023-11-22T13:28:24Z" user="asdfqwer51" uid="3350410" lat="35.0206198" lon="126.7960224"/>
 <node id="8267153372" visible="true" version="2" changeset="144326721" timestamp="2023-11-22T13:28:24Z" user="asdfqwer51" uid="3350410" lat="35.0208354" lon="126.7962699"/>
 <node id="8267153373" visible="true" version="2" changeset="144326721" timestamp="2023-11-22T13:28:24Z" user="asdfqwer51" uid="3350410" lat="35.0209269" lon="126.7961509"/>
 <node id="8267153374" visible="true" version="2" changeset="144326721" timestamp="2023-11-22T13:28:24Z" user="asdfqwer51" uid="3350410" lat="35.0207734" lon="126.7959844"/>
 <node id="8267175337" visible="true" version="1" changeset="96545122" timestamp="2020-12-28T15:20:53Z" user="mulgist" uid="12368943" lat="35.0176892" lon="126.7970981"/>
 <node id="8267175341" visible="true" version="1" changeset="96545122" timestamp="2020-12-28T15:20:53Z" user="mulgist" uid="12368943" lat="35.0176149" lon="126.7974819"/>
 <node id="8267175342" visible="true" version="1" changeset="96545122" timestamp="2020-12-28T15:20:53Z" user="mulgist" uid="12368943" lat="35.0176913" lon="126.7974840">
  <tag k="crossing" v="marked"/>
  <tag k="highway" v="crossing"/>
 </node>
 <node id="8267175370" visible="true" version="1" changeset="96545122" timestamp="2020-12-28T15:20:53Z" user="mulgist" uid="12368943" lat="35.0206048" lon="126.7964033"/>
 <node id="8267175387" visible="true" version="2" changeset="176319095" timestamp="2025-12-23T17:30:15Z" user="aaei924" uid="10626814" lat="35.0210783" lon="126.7971076"/>
 <node id="8267175410" visible="true" version="1" changeset="96545122" timestamp="2020-12-28T15:20:53Z" user="mulgist" uid="12368943" lat="35.0138240" lon="126.7958587"/>
 <node id="8267175411" visible="true" version="1" changeset="96545122" timestamp="2020-12-28T15:20:53Z" user="mulgist" uid="12368943" lat="35.0138226" lon="126.7959978"/>
 <node id="8267175412" visible="true" version="1" changeset="96545122" timestamp="2020-12-28T15:20:53Z" user="mulgist" uid="12368943" lat="35.0140868" lon="126.7960017"/>
 <node id="8267175413" visible="true" version="1" changeset="96545122" timestamp="2020-12-28T15:20:53Z" user="mulgist" uid="12368943" lat="35.0140853" lon="126.7961581"/>
 <node id="8267175414" visible="true" version="1" changeset="96545122" timestamp="2020-12-28T15:20:53Z" user="mulgist" uid="12368943" lat="35.0150840" lon="126.7956629"/>
 <node id="8267175415" visible="true" version="1" changeset="96545122" timestamp="2020-12-28T15:20:53Z" user="mulgist" uid="12368943" lat="35.0150842" lon="126.7970331"/>
 <node id="8267175416" visible="true" version="1" changeset="96545122" timestamp="2020-12-28T15:20:53Z" user="mulgist" uid="12368943" lat="35.0137920" lon="126.7961744"/>
 <node id="8267175417" visible="true" version="1" changeset="96545122" timestamp="2020-12-28T15:20:53Z" user="mulgist" uid="12368943" lat="35.0148090" lon="126.7961929"/>
 <node id="8267175418" visible="true" version="1" changeset="96545122" timestamp="2020-12-28T15:20:53Z" user="mulgist" uid="12368943" lat="35.0148191" lon="126.7957369"/>
 <node id="8267210518" visible="true" version="1" changeset="96545919" timestamp="2020-12-28T15:35:40Z" user="mulgist" uid="12368943" lat="35.0175723" lon="126.8005862"/>
 <node id="8267210521" visible="true" version="1" changeset="96545919" timestamp="2020-12-28T15:35:40Z" user="mulgist" uid="12368943" lat="35.0176232" lon="126.7997168"/>
 <node id="8270223191" visible="true" version="1" changeset="96607455" timestamp="2020-12-29T14:14:53Z" user="mulgist" uid="12368943" lat="35.0176908" lon="126.7985608"/>
 <node id="8273070006" visible="true" version="2" changeset="144326721" timestamp="2023-11-22T13:28:24Z" user="asdfqwer51" uid="3350410" lat="35.0199375" lon="126.7948691"/>
 <node id="8273070007" visible="true" version="2" changeset="144326721" timestamp="2023-11-22T13:28:24Z" user="asdfqwer51" uid="3350410" lat="35.0199423" lon="126.7952176"/>
 <node id="8273070017" visible="true" version="1" changeset="96646660" timestamp="2020-12-30T07:15:21Z" user="mulgist" uid="12368943" lat="35.0197428" lon="126.7945643"/>
 <node id="8273070018" visible="true" version="1" changeset="96646660" timestamp="2020-12-30T07:15:21Z" user="mulgist" uid="12368943" lat="35.0197411" lon="126.7963884"/>
 <node id="8273070019" visible="true" version="1" changeset="96646660" timestamp="2020-12-30T07:15:21Z" user="mulgist" uid="12368943" lat="35.0210172" lon="126.7945928"/>
 <node id="8273070020" visible="true" version="1" changeset="96646660" timestamp="2020-12-30T07:15:21Z" user="mulgist" uid="12368943" lat="35.0209673" lon="126.7945359"/>
 <node id="8277939283" visible="true" version="2" changeset="176319095" timestamp="2025-12-23T17:30:15Z" user="aaei924" uid="10626814" lat="35.0210370" lon="126.7991481"/>
 <node id="8278019997" visible="true" version="2" changeset="176319095" timestamp="2025-12-23T17:30:15Z" user="aaei924" uid="10626814" lat="35.0210514" lon="126.7975562"/>
 <node id="8278020078" visible="true" version="2" changeset="176319095" timestamp="2025-12-23T17:30:15Z" user="aaei924" uid="10626814" lat="35.0210596" lon="126.7991080"/>
 <node id="8278020079" visible="true" version="2" changeset="176319095" timestamp="2025-12-23T17:30:15Z" user="aaei924" uid="10626814" lat="35.0210688" lon="126.7990450"/>
 <node id="8278020080" visible="true" version="2" changeset="176319095" timestamp="2025-12-23T17:30:15Z" user="aaei924" uid="10626814" lat="35.0210613" lon="126.7986627"/>
 <node id="8278020081" visible="true" version="2" changeset="176319095" timestamp="2025-12-23T17:30:15Z" user="aaei924" uid="10626814" lat="35.0210787" lon="126.7985580"/>
 <node id="8278020082" visible="true" version="2" changeset="176319095" timestamp="2025-12-23T17:30:15Z" user="aaei924" uid="10626814" lat="35.0210824" lon="126.7979711"/>
 <node id="8278020083" visible="true" version="1" changeset="96725193" timestamp="2020-12-31T10:49:44Z" user="mulgist" uid="12368943" lat="35.0210786" lon="126.7953344"/>
 <node id="8278020084" visible="true" version="1" changeset="96725193" timestamp="2020-12-31T10:49:44Z" user="mulgist" uid="12368943" lat="35.0210544" lon="126.7952104"/>
 <node id="8278020085" visible="true" version="1" changeset="96725193" timestamp="2020-12-31T10:49:44Z" user="mulgist" uid="12368943" lat="35.0210394" lon="126.7945999"/>
 <node id="8278020086" visible="true" version="1" changeset="96725193" timestamp="2020-12-31T10:49:44Z" user="mulgist" uid="12368943" lat="35.0210277" lon="126.7945460"/>
 <node id="8278020087" visible="true" version="1" changeset="96725193" timestamp="2020-12-31T10:49:44Z" user="mulgist" uid="12368943" lat="35.0209969" lon="126.7945043"/>
 <node id="8278020088" visible="true" version="1" changeset="96725193" timestamp="2020-12-31T10:49:44Z" user="mulgist" uid="12368943" lat="35.0209519" lon="126.7944932"/>
 <node id="8278020089" visible="true" version="1" changeset="96725193" timestamp="2020-12-31T10:49:44Z" user="mulgist" uid="12368943" lat="35.0203292" lon="126.7944962"/>
 <node id="8278020090" visible="true" version="1" changeset="96725193" timestamp="2020-12-31T10:49:44Z" user="mulgist" uid="12368943" lat="35.0201902" lon="126.7944962"/>
 <node id="8278020091" visible="true" version="1" changeset="96725193" timestamp="2020-12-31T10:49:44Z" user="mulgist" uid="12368943" lat="35.0202464" lon="126.7944962">
  <tag k="crossing" v="marked"/>
  <tag k="highway" v="crossing"/>
 </node>
 <node id="8278020092" visible="true" version="1" changeset="96725193" timestamp="2020-12-31T10:49:44Z" user="mulgist" uid="12368943" lat="35.0193552" lon="126.7944891"/>
 <node id="8278020093" visible="true" version="1" changeset="96725193" timestamp="2020-12-31T10:49:44Z" user="mulgist" uid="12368943" lat="35.0192258" lon="126.7944891"/>
 <node id="8278020094" visible="true" version="2" changeset="144332579" timestamp="2023-11-22T16:15:50Z" user="asdfqwer51" uid="3350410" lat="35.0191483" lon="126.7941354"/>
 <node id="8278020095" visible="true" version="2" changeset="144332579" timestamp="2023-11-22T16:15:50Z" user="asdfqwer51" uid="3350410" lat="35.0191567" lon="126.7942869">
  <tag k="crossing" v="marked"/>
  <tag k="highway" v="crossing"/>
 </node>
 <node id="8278020096" visible="true" version="3" changeset="144332579" timestamp="2023-11-22T16:15:50Z" user="asdfqwer51" uid="3350410" lat="35.0178184" lon="126.7936111">
  <tag k="crossing" v="marked"/>
  <tag k="highway" v="crossing"/>
 </node>
 <node id="8278020159" visible="true" version="1" changeset="96725193" timestamp="2020-12-31T10:49:44Z" user="mulgist" uid="12368943" lat="35.0206170" lon="126.7961833"/>
 <node id="8278020160" visible="true" version="1" changeset="96725193" timestamp="2020-12-31T10:49:44Z" user="mulgist" uid="12368943" lat="35.0205242" lon="126.7960577"/>
 <node id="8278020161" visible="true" version="1" changeset="96725193" timestamp="2020-12-31T10:49:44Z" user="mulgist" uid="12368943" lat="35.0204547" lon="126.7959604"/>
 <node id="8278020162" visible="true" version="2" changeset="144326721" timestamp="2023-11-22T13:28:24Z" user="asdfqwer51" uid="3350410" lat="35.0203398" lon="126.7957308"/>
 <node id="8278020163" visible="true" version="2" changeset="144326721" timestamp="2023-11-22T13:28:24Z" user="asdfqwer51" uid="3350410" lat="35.0210335" lon="126.7945725"/>
 <node id="8278020164" visible="true" version="2" changeset="144326721" timestamp="2023-11-22T13:28:24Z" user="asdfqwer51" uid="3350410" lat="35.0207804" lon="126.7948432"/>
 <node id="8278020165" visible="true" version="2" changeset="144326721" timestamp="2023-11-22T13:28:24Z" user="asdfqwer51" uid="3350410" lat="35.0204383" lon="126.7953634"/>
 <node id="8278020166" visible="true" version="2" changeset="144326721" timestamp="2023-11-22T13:28:24Z" user="asdfqwer51" uid="3350410" lat="35.0204079" lon="126.7954183"/>
 <node id="8278020167" visible="true" version="2" changeset="144326721" timestamp="2023-11-22T13:28:24Z" user="asdfqwer51" uid="3350410" lat="35.0198928" lon="126.7962123"/>
 <node id="8278020168" visible="true" version="2" changeset="144326721" timestamp="2023-11-22T13:28:24Z" user="asdfqwer51" uid="3350410" lat="35.0199638" lon="126.7953211"/>
 <node id="8278020169" visible="true" version="2" changeset="144326721" timestamp="2023-11-22T13:28:24Z" user="asdfqwer51" uid="3350410" lat="35.0199904" lon="126.7954410"/>
 <node id="8278020170" visible="true" version="2" changeset="144326721" timestamp="2023-11-22T13:28:24Z" user="asdfqwer51" uid="3350410" lat="35.0199817" lon="126.7954491"/>
 <node id="8278020171" visible="true" version="2" changeset="144326721" timestamp="2023-11-22T13:28:24Z" user="asdfqwer51" uid="3350410" lat="35.0199757" lon="126.7954602"/>
 <node id="8278020172" visible="true" version="2" changeset="144326721" timestamp="2023-11-22T13:28:24Z" user="asdfqwer51" uid="3350410" lat="35.0199730" lon="126.7954730"/>
 <node id="8278020173" visible="true" version="2" changeset="144326721" timestamp="2023-11-22T13:28:24Z" user="asdfqwer51" uid="3350410" lat="35.0200163" lon="126.7955154"/>
 <node id="8278020174" visible="true" version="2" changeset="144326721" timestamp="2023-11-22T13:28:24Z" user="asdfqwer51" uid="3350410" lat="35.0200260" lon="126.7955093"/>
 <node id="8278020175" visible="true" version="2" changeset="144326721" timestamp="2023-11-22T13:28:24Z" user="asdfqwer51" uid="3350410" lat="35.0200336" lon="126.7954996"/>
 <node id="8278020176" visible="true" version="2" changeset="144326721" timestamp="2023-11-22T13:28:24Z" user="asdfqwer51" uid="3350410" lat="35.0200382" lon="126.7954873"/>
 <node id="8278020177" visible="true" version="2" changeset="144326721" timestamp="2023-11-22T13:28:24Z" user="asdfqwer51" uid="3350410" lat="35.0199738" lon="126.7954863"/>
 <node id="8278020178" visible="true" version="2" changeset="144326721" timestamp="2023-11-22T13:28:24Z" user="asdfqwer51" uid="3350410" lat="35.0199780" lon="126.7954986"/>
 <node id="8278020179" visible="true" version="2" changeset="144326721" timestamp="2023-11-22T13:28:24Z" user="asdfqwer51" uid="3350410" lat="35.0199853" lon="126.7955085"/>
 <node id="8278020180" visible="true" version="2" changeset="144326721" timestamp="2023-11-22T13:28:24Z" user="asdfqwer51" uid="3350410" lat="35.0199948" lon="126.7955150"/>
 <node id="8278020181" visible="true" version="2" changeset="144326721" timestamp="2023-11-22T13:28:24Z" user="asdfqwer51" uid="3350410" lat="35.0200055" lon="126.7955174"/>
 <node id="8278020182" visible="true" version="2" changeset="144326721" timestamp="2023-11-22T13:28:24Z" user="asdfqwer51" uid="3350410" lat="35.0200393" lon="126.7954740"/>
 <node id="8278020183" visible="true" version="2" changeset="144326721" timestamp="2023-11-22T13:28:24Z" user="asdfqwer51" uid="3350410" lat="35.0200367" lon="126.7954609"/>
 <node id="8278020184" visible="true" version="2" changeset="144326721" timestamp="2023-11-22T13:28:24Z" user="asdfqwer51" uid="3350410" lat="35.0200308" lon="126.7954496"/>
 <node id="8278020185" visible="true" version="2" changeset="144326721" timestamp="2023-11-22T13:28:24Z" user="asdfqwer51" uid="3350410" lat="35.0200222" lon="126.7954412"/>
 <node id="8278020186" visible="true" version="2" changeset="144326721" timestamp="2023-11-22T13:28:24Z" user="asdfqwer51" uid="3350410" lat="35.0200118" lon="126.7954368"/>
 <node id="8278020187" visible="true" version="2" changeset="144326721" timestamp="2023-11-22T13:28:24Z" user="asdfqwer51" uid="3350410" lat="35.0200008" lon="126.7954367"/>
 <node id="8278020188" visible="true" version="2" changeset="144326721" timestamp="2023-11-22T13:28:24Z" user="asdfqwer51" uid="3350410" lat="35.0200103" lon="126.7955165"/>
 <node id="8278020189" visible="true" version="2" changeset="144326721" timestamp="2023-11-22T13:28:24Z" user="asdfqwer51" uid="3350410" lat="35.0200561" lon="126.7957330"/>
 <node id="8278020190" visible="true" version="2" changeset="144326721" timestamp="2023-11-22T13:28:24Z" user="asdfqwer51" uid="3350410" lat="35.0200775" lon="126.7957464"/>
 <node id="8278020191" visible="true" version="2" changeset="144326721" timestamp="2023-11-22T13:28:24Z" user="asdfqwer51" uid="3350410" lat="35.0200923" lon="126.7957996"/>
 <node id="8278020192" visible="true" version="2" changeset="144326721" timestamp="2023-11-22T13:28:24Z" user="asdfqwer51" uid="3350410" lat="35.0201635" lon="126.7959208"/>
 <node id="8278020193" visible="true" version="2" changeset="144326721" timestamp="2023-11-22T13:28:24Z" user="asdfqwer51" uid="3350410" lat="35.0199408" lon="126.7955451"/>
 <node id="8278020194" visible="true" version="2" changeset="144326721" timestamp="2023-11-22T13:28:24Z" user="asdfqwer51" uid="3350410" lat="35.0199251" lon="126.7955831"/>
 <node id="8278020195" visible="true" version="2" changeset="144326721" timestamp="2023-11-22T13:28:24Z" user="asdfqwer51" uid="3350410" lat="35.0198997" lon="126.7955994"/>
 <node id="8278020196" visible="true" version="2" changeset="144326721" timestamp="2023-11-22T13:28:24Z" user="asdfqwer51" uid="3350410" lat="35.0198749" lon="126.7955953"/>
 <node id="8278020197" visible="true" version="2" changeset="144326721" timestamp="2023-11-22T13:28:24Z" user="asdfqwer51" uid="3350410" lat="35.0198653" lon="126.7955755"/>
 <node id="8278020198" visible="true" version="2" changeset="144326721" timestamp="2023-11-22T13:28:24Z" user="asdfqwer51" uid="3350410" lat="35.0198706" lon="126.7955451"/>
 <node id="8278020199" visible="true" version="2" changeset="144326721" timestamp="2023-11-22T13:28:24Z" user="asdfqwer51" uid="3350410" lat="35.0198926" lon="126.7955270"/>
 <node id="8278020200" visible="true" version="2" changeset="144326721" timestamp="2023-11-22T13:28:24Z" user="asdfqwer51" uid="3350410" lat="35.0198667" lon="126.7955875"/>
 <node id="8278020201" visible="true" version="2" changeset="144326721" timestamp="2023-11-22T13:28:24Z" user="asdfqwer51" uid="3350410" lat="35.0198636" lon="126.7955580"/>
 <node id="8278020202" visible="true" version="2" changeset="144326721" timestamp="2023-11-22T13:28:24Z" user="asdfqwer51" uid="3350410" lat="35.0198873" lon="126.7956009"/>
 <node id="8278020203" visible="true" version="2" changeset="144326721" timestamp="2023-11-22T13:28:24Z" user="asdfqwer51" uid="3350410" lat="35.0199129" lon="126.7955959"/>
 <node id="8278020204" visible="true" version="2" changeset="144326721" timestamp="2023-11-22T13:28:24Z" user="asdfqwer51" uid="3350410" lat="35.0199370" lon="126.7955696"/>
 <node id="8278020205" visible="true" version="2" changeset="144326721" timestamp="2023-11-22T13:28:24Z" user="asdfqwer51" uid="3350410" lat="35.0199064" lon="126.7953671"/>
 <node id="8278020206" visible="true" version="2" changeset="144326721" timestamp="2023-11-22T13:28:24Z" user="asdfqwer51" uid="3350410" lat="35.0199233" lon="126.7954542"/>
 <node id="8278020207" visible="true" version="1" changeset="96725193" timestamp="2020-12-31T10:49:44Z" user="mulgist" uid="12368943" lat="35.0158895" lon="126.7952640"/>
 <node id="8278020208" visible="true" version="1" changeset="96725193" timestamp="2020-12-31T10:49:44Z" user="mulgist" uid="12368943" lat="35.0159498" lon="126.7951650">
  <tag k="crossing" v="marked"/>
  <tag k="highway" v="crossing"/>
 </node>
 <node id="8278020209" visible="true" version="1" changeset="96725193" timestamp="2020-12-31T10:49:44Z" user="mulgist" uid="12368943" lat="35.0158413" lon="126.7952411"/>
 <node id="8278020210" visible="true" version="1" changeset="96725193" timestamp="2020-12-31T10:49:44Z" user="mulgist" uid="12368943" lat="35.0160214" lon="126.7951107"/>
 <node id="8281350575" visible="true" version="1" changeset="96780587" timestamp="2021-01-01T17:12:51Z" user="mulgist" uid="12368943" lat="35.0129685" lon="126.7959935"/>
 <node id="8281350576" visible="true" version="1" changeset="96780587" timestamp="2021-01-01T17:12:51Z" user="mulgist" uid="12368943" lat="35.0129696" lon="126.7961703"/>
 <node id="8281350577" visible="true" version="1" changeset="96780587" timestamp="2021-01-01T17:12:51Z" user="mulgist" uid="12368943" lat="35.0132611" lon="126.7961675"/>
 <node id="8281350578" visible="true" version="1" changeset="96780587" timestamp="2021-01-01T17:12:51Z" user="mulgist" uid="12368943" lat="35.0132605" lon="126.7960745"/>
 <node id="8281350579" visible="true" version="1" changeset="96780587" timestamp="2021-01-01T17:12:51Z" user="mulgist" uid="12368943" lat="35.0133098" lon="126.7960741"/>
 <node id="8281350580" visible="true" version="1" changeset="96780587" timestamp="2021-01-01T17:12:51Z" user="mulgist" uid="12368943" lat="35.0133093" lon="126.7959903"/>
 <node id="8281350581" visible="true" version="1" changeset="96780587" timestamp="2021-01-01T17:12:51Z" user="mulgist" uid="12368943" lat="35.0134382" lon="126.7958584"/>
 <node id="8281350582" visible="true" version="1" changeset="96780587" timestamp="2021-01-01T17:12:51Z" user="mulgist" uid="12368943" lat="35.0129598" lon="126.7958576"/>
 <node id="8281350583" visible="true" version="1" changeset="96780587" timestamp="2021-01-01T17:12:51Z" user="mulgist" uid="12368943" lat="35.0129594" lon="126.7961785"/>
 <node id="8281350584" visible="true" version="1" changeset="96780587" timestamp="2021-01-01T17:12:51Z" user="mulgist" uid="12368943" lat="35.0134379" lon="126.7961793"/>
 <node id="8281350585" visible="true" version="1" changeset="96780587" timestamp="2021-01-01T17:12:51Z" user="mulgist" uid="12368943" lat="35.0134331" lon="126.7961723"/>
 <node id="8281350586" visible="true" version="1" changeset="96780587" timestamp="2021-01-01T17:12:51Z" user="mulgist" uid="12368943" lat="35.0134339" lon="126.7958674"/>
 <node id="8281350587" visible="true" version="1" changeset="96780587" timestamp="2021-01-01T17:12:51Z" user="mulgist" uid="12368943" lat="35.0131056" lon="126.7958662"/>
 <node id="8281350588" visible="true" version="1" changeset="96780587" timestamp="2021-01-01T17:12:51Z" user="mulgist" uid="12368943" lat="35.0131053" lon="126.7959695"/>
 <node id="8281350589" visible="true" version="1" changeset="96780587" timestamp="2021-01-01T17:12:51Z" user="mulgist" uid="12368943" lat="35.0133675" lon="126.7959706"/>
 <node id="8281350590" visible="true" version="1" changeset="96780587" timestamp="2021-01-01T17:12:51Z" user="mulgist" uid="12368943" lat="35.0133670" lon="126.7961721"/>
 <node id="8281350591" visible="true" version="1" changeset="96780587" timestamp="2021-01-01T17:12:51Z" user="mulgist" uid="12368943" lat="35.0130339" lon="126.7955279"/>
 <node id="8281350592" visible="true" version="1" changeset="96780587" timestamp="2021-01-01T17:12:51Z" user="mulgist" uid="12368943" lat="35.0130339" lon="126.7959484"/>
 <node id="8281350593" visible="true" version="1" changeset="96780587" timestamp="2021-01-01T17:12:51Z" user="mulgist" uid="12368943" lat="35.0133741" lon="126.7959519"/>
 <node id="8281350594" visible="true" version="1" changeset="96780587" timestamp="2021-01-01T17:12:51Z" user="mulgist" uid="12368943" lat="35.0133732" lon="126.7961095"/>
 <node id="8281350611" visible="true" version="1" changeset="96780587" timestamp="2021-01-01T17:12:51Z" user="mulgist" uid="12368943" lat="35.0129203" lon="126.7955272"/>
 <node id="8281390423" visible="true" version="1" changeset="96780587" timestamp="2021-01-01T17:12:51Z" user="mulgist" uid="12368943" lat="35.0134843" lon="126.7967324"/>
 <node id="8281390442" visible="true" version="1" changeset="96780587" timestamp="2021-01-01T17:12:51Z" user="mulgist" uid="12368943" lat="35.0134819" lon="126.7961729"/>
 <node id="8281390458" visible="true" version="1" changeset="96780587" timestamp="2021-01-01T17:12:51Z" user="mulgist" uid="12368943" lat="35.0191857" lon="126.7945609"/>
 <node id="8281390459" visible="true" version="1" changeset="96780587" timestamp="2021-01-01T17:12:51Z" user="mulgist" uid="12368943" lat="35.0191907" lon="126.7963885"/>
 <node id="8281390480" visible="true" version="1" changeset="96780587" timestamp="2021-01-01T17:12:51Z" user="mulgist" uid="12368943" lat="35.0192829" lon="126.7942841"/>
 <node id="8281390482" visible="true" version="2" changeset="144326721" timestamp="2023-11-22T13:28:24Z" user="asdfqwer51" uid="3350410" lat="35.0195267" lon="126.7962897"/>
 <node id="8281390484" visible="true" version="2" changeset="144326721" timestamp="2023-11-22T13:28:24Z" user="asdfqwer51" uid="3350410" lat="35.0192708" lon="126.7944891">
  <tag k="crossing" v="marked"/>
  <tag k="highway" v="crossing"/>
 </node>
 <node id="8281390485" visible="true" version="2" changeset="144326721" timestamp="2023-11-22T13:28:24Z" user="asdfqwer51" uid="3350410" lat="35.0193698" lon="126.7962873"/>
 <node id="8281390486" visible="true" version="2" changeset="144326721" timestamp="2023-11-22T13:28:24Z" user="asdfqwer51" uid="3350410" lat="35.0193668" lon="126.7959036"/>
 <node id="8281390487" visible="true" version="2" changeset="144326721" timestamp="2023-11-22T13:28:24Z" user="asdfqwer51" uid="3350410" lat="35.0192665" lon="126.7959048"/>
 <node id="8281390488" visible="true" version="2" changeset="144326721" timestamp="2023-11-22T13:28:24Z" user="asdfqwer51" uid="3350410" lat="35.0192674" lon="126.7948270"/>
 <node id="8281390489" visible="true" version="2" changeset="144326721" timestamp="2023-11-22T13:28:24Z" user="asdfqwer51" uid="3350410" lat="35.0195101" lon="126.7948332"/>
 <node id="8281390490" visible="true" version="2" changeset="144326721" timestamp="2023-11-22T13:28:24Z" user="asdfqwer51" uid="3350410" lat="35.0195112" lon="126.7946683"/>
 <node id="8281390491" visible="true" version="2" changeset="144326721" timestamp="2023-11-22T13:28:24Z" user="asdfqwer51" uid="3350410" lat="35.0193893" lon="126.7946656"/>
 <node id="8281390492" visible="true" version="2" changeset="144326721" timestamp="2023-11-22T13:28:24Z" user="asdfqwer51" uid="3350410" lat="35.0196177" lon="126.7948319"/>
 <node id="8281390493" visible="true" version="2" changeset="144326721" timestamp="2023-11-22T13:28:24Z" user="asdfqwer51" uid="3350410" lat="35.0196469" lon="126.7948131"/>
 <node id="8281390494" visible="true" version="2" changeset="144326721" timestamp="2023-11-22T13:28:24Z" user="asdfqwer51" uid="3350410" lat="35.0196732" lon="126.7947675"/>
 <node id="8281390495" visible="true" version="2" changeset="144326721" timestamp="2023-11-22T13:28:24Z" user="asdfqwer51" uid="3350410" lat="35.0196787" lon="126.7947152"/>
 <node id="8281390496" visible="true" version="2" changeset="144326721" timestamp="2023-11-22T13:28:24Z" user="asdfqwer51" uid="3350410" lat="35.0196639" lon="126.7946683"/>
 <node id="8281390497" visible="true" version="2" changeset="144326721" timestamp="2023-11-22T13:28:24Z" user="asdfqwer51" uid="3350410" lat="35.0196254" lon="126.7946347"/>
 <node id="8281390498" visible="true" version="2" changeset="144326721" timestamp="2023-11-22T13:28:24Z" user="asdfqwer51" uid="3350410" lat="35.0195694" lon="126.7946267">
  <tag k="amenity" v="parking"/>
  <tag k="layer" v="-1"/>
  <tag k="parking" v="underground"/>
 </node>
 <node id="8281390499" visible="true" version="1" changeset="96780587" timestamp="2021-01-01T17:12:51Z" user="mulgist" uid="12368943" lat="35.0137688" lon="126.7982209"/>
 <node id="8281390500" visible="true" version="1" changeset="96780587" timestamp="2021-01-01T17:12:51Z" user="mulgist" uid="12368943" lat="35.0151085" lon="126.7969483"/>
 <node id="8281390501" visible="true" version="2" changeset="144332579" timestamp="2023-11-22T16:15:50Z" user="asdfqwer51" uid="3350410" lat="35.0168799" lon="126.7945614"/>
 <node id="8420734080" visible="true" version="1" changeset="99219143" timestamp="2021-02-13T16:03:11Z" user="mulgist" uid="12368943" lat="35.0245570" lon="126.7897145"/>
 <node id="8420734082" visible="true" version="2" changeset="99601411" timestamp="2021-02-19T14:39:38Z" user="mulgist" uid="12368943" lat="35.0206067" lon="126.7895056"/>
 <node id="8420734083" visible="true" version="2" changeset="99601411" timestamp="2021-02-19T14:39:38Z" user="mulgist" uid="12368943" lat="35.0207061" lon="126.7897249"/>
 <node id="8420734084" visible="true" version="1" changeset="99219143" timestamp="2021-02-13T16:03:11Z" user="mulgist" uid="12368943" lat="35.0224750" lon="126.7897654"/>
 <node id="8420734085" visible="true" version="1" changeset="99219143" timestamp="2021-02-13T16:03:11Z" user="mulgist" uid="12368943" lat="35.0210550" lon="126.7895655"/>
 <node id="8420734087" visible="true" version="2" changeset="99601411" timestamp="2021-02-19T14:39:38Z" user="mulgist" uid="12368943" lat="35.0146918" lon="126.7892652"/>
 <node id="8420734088" visible="true" version="1" changeset="99219143" timestamp="2021-02-13T16:03:11Z" user="mulgist" uid="12368943" lat="35.0146275" lon="126.7892131"/>
 <node id="8436597952" visible="true" version="1" changeset="99562383" timestamp="2021-02-19T05:10:29Z" user="mulgist" uid="12368943" lat="35.0247477" lon="126.7896932"/>
 <node id="8436597953" visible="true" version="1" changeset="99562383" timestamp="2021-02-19T05:10:29Z" user="mulgist" uid="12368943" lat="35.0242708" lon="126.7895083"/>
 <node id="8436597954" visible="true" version="1" changeset="99562383" timestamp="2021-02-19T05:10:29Z" user="mulgist" uid="12368943" lat="35.0236080" lon="126.7897240"/>
 <node id="8436597955" visible="true" version="1" changeset="99562383" timestamp="2021-02-19T05:10:29Z" user="mulgist" uid="12368943" lat="35.0231917" lon="126.7896069"/>
 <node id="8436597956" visible="true" version="1" changeset="99562383" timestamp="2021-02-19T05:10:29Z" user="mulgist" uid="12368943" lat="35.0231917" lon="126.7894159"/>
 <node id="8436597957" visible="true" version="1" changeset="99562383" timestamp="2021-02-19T05:10:29Z" user="mulgist" uid="12368943" lat="35.0224536" lon="126.7893974"/>
 <node id="8436597958" visible="true" version="1" changeset="99562383" timestamp="2021-02-19T05:10:29Z" user="mulgist" uid="12368943" lat="35.0222997" lon="126.7895268"/>
 <node id="8436597959" visible="true" version="1" changeset="99562383" timestamp="2021-02-19T05:10:29Z" user="mulgist" uid="12368943" lat="35.0220777" lon="126.7894097"/>
 <node id="8436597960" visible="true" version="1" changeset="99562383" timestamp="2021-02-19T05:10:29Z" user="mulgist" uid="12368943" lat="35.0209692" lon="126.7894559"/>
 <node id="8438286325" visible="true" version="1" changeset="99601411" timestamp="2021-02-19T14:39:38Z" user="mulgist" uid="12368943" lat="35.0228349" lon="126.7894070"/>
 <node id="8438286326" visible="true" version="1" changeset="99601411" timestamp="2021-02-19T14:39:38Z" user="mulgist" uid="12368943" lat="35.0228273" lon="126.7898558"/>
 <node id="8438286330" visible="true" version="1" changeset="99601411" timestamp="2021-02-19T14:39:38Z" user="mulgist" uid="12368943" lat="35.0210718" lon="126.7887460"/>
 <node id="8438286331" visible="true" version="1" changeset="99601411" timestamp="2021-02-19T14:39:38Z" user="mulgist" uid="12368943" lat="35.0209863" lon="126.7905018"/>
 <node id="8438286332" visible="true" version="1" changeset="99601411" timestamp="2021-02-19T14:39:38Z" user="mulgist" uid="12368943" lat="35.0208150" lon="126.7889573"/>
 <node id="8438286333" visible="true" version="1" changeset="99601411" timestamp="2021-02-19T14:39:38Z" user="mulgist" uid="12368943" lat="35.0207705" lon="126.7892497"/>
 <node id="8438286334" visible="true" version="3" changeset="185763392" timestamp="2026-07-15T06:20:29Z" user="야광멧돼지" uid="12393144" lat="35.0205200" lon="126.7897518"/>
 <node id="8438286335" visible="true" version="1" changeset="99601411" timestamp="2021-02-19T14:39:38Z" user="mulgist" uid="12368943" lat="35.0203430" lon="126.7907036"/>
 <node id="8438286336" visible="true" version="3" changeset="185763392" timestamp="2026-07-15T06:20:29Z" user="야광멧돼지" uid="12393144" lat="35.0191864" lon="126.7909742"/>
 <node id="8438286337" visible="true" version="1" changeset="99601411" timestamp="2021-02-19T14:39:38Z" user="mulgist" uid="12368943" lat="35.0210994" lon="126.7904844"/>
 <node id="8438286338" visible="true" version="1" changeset="99601411" timestamp="2021-02-19T14:39:38Z" user="mulgist" uid="12368943" lat="35.0210275" lon="126.7904875"/>
 <node id="8438286339" visible="true" version="1" changeset="99601411" timestamp="2021-02-19T14:39:38Z" user="mulgist" uid="12368943" lat="35.0209228" lon="126.7905491"/>
 <node id="8438286340" visible="true" version="1" changeset="99601411" timestamp="2021-02-19T14:39:38Z" user="mulgist" uid="12368943" lat="35.0208193" lon="126.7906662"/>
 <node id="8438286341" visible="true" version="1" changeset="99601411" timestamp="2021-02-19T14:39:38Z" user="mulgist" uid="12368943" lat="35.0207512" lon="126.7909250"/>
 <node id="8438286342" visible="true" version="1" changeset="99601411" timestamp="2021-02-19T14:39:38Z" user="mulgist" uid="12368943" lat="35.0209143" lon="126.7905586"/>
 <node id="8438286343" visible="true" version="1" changeset="99601411" timestamp="2021-02-19T14:39:38Z" user="mulgist" uid="12368943" lat="35.0210880" lon="126.7908140"/>
 <node id="8438286344" visible="true" version="1" changeset="99601411" timestamp="2021-02-19T14:39:38Z" user="mulgist" uid="12368943" lat="35.0210666" lon="126.7908603"/>
 <node id="8438286345" visible="true" version="1" changeset="99601411" timestamp="2021-02-19T14:39:38Z" user="mulgist" uid="12368943" lat="35.0210627" lon="126.7904859"/>
 <node id="8438286346" visible="true" version="1" changeset="99601411" timestamp="2021-02-19T14:39:38Z" user="mulgist" uid="12368943" lat="35.0210628" lon="126.7906939"/>
 <node id="8438286347" visible="true" version="1" changeset="99601411" timestamp="2021-02-19T14:39:38Z" user="mulgist" uid="12368943" lat="35.0210298" lon="126.7907284"/>
 <node id="8438286348" visible="true" version="1" changeset="99601411" timestamp="2021-02-19T14:39:38Z" user="mulgist" uid="12368943" lat="35.0209806" lon="126.7907928"/>
 <node id="8438286349" visible="true" version="1" changeset="99601411" timestamp="2021-02-19T14:39:38Z" user="mulgist" uid="12368943" lat="35.0209190" lon="126.7908603"/>
 <node id="8438286350" visible="true" version="1" changeset="99601411" timestamp="2021-02-19T14:39:38Z" user="mulgist" uid="12368943" lat="35.0207620" lon="126.7908592"/>
 <node id="8438286351" visible="true" version="2" changeset="185763392" timestamp="2026-07-15T06:20:29Z" user="야광멧돼지" uid="12393144" lat="35.0187320" lon="126.7893320"/>
 <node id="8438286352" visible="true" version="2" changeset="185763392" timestamp="2026-07-15T06:20:29Z" user="야광멧돼지" uid="12393144" lat="35.0185910" lon="126.7892866"/>
 <node id="8438286353" visible="true" version="2" changeset="185763392" timestamp="2026-07-15T06:20:29Z" user="야광멧돼지" uid="12393144" lat="35.0185149" lon="126.7891910"/>
 <node id="8438286354" visible="true" version="2" changeset="185763392" timestamp="2026-07-15T06:20:29Z" user="야광멧돼지" uid="12393144" lat="35.0183901" lon="126.7891250"/>
 <node id="8438286355" visible="true" version="2" changeset="124040733" timestamp="2022-07-25T08:53:04Z" user="FUKUTAN" uid="5207199" lat="35.0178274" lon="126.7884192"/>
 <node id="8438286356" visible="true" version="1" changeset="99601411" timestamp="2021-02-19T14:39:38Z" user="mulgist" uid="12368943" lat="35.0154460" lon="126.7876078"/>
 <node id="8438286357" visible="true" version="1" changeset="99601411" timestamp="2021-02-19T14:39:38Z" user="mulgist" uid="12368943" lat="35.0155411" lon="126.7879214"/>
 <node id="8438286358" visible="true" version="1" changeset="99601411" timestamp="2021-02-19T14:39:38Z" user="mulgist" uid="12368943" lat="35.0155307" lon="126.7859279"/>
 <node id="8438286359" visible="true" version="2" changeset="144398789" timestamp="2023-11-24T08:57:10Z" user="asdfqwer51" uid="3350410" lat="35.0210287" lon="126.7884837"/>
 <node id="8438286360" visible="true" version="1" changeset="99601411" timestamp="2021-02-19T14:39:38Z" user="mulgist" uid="12368943" lat="35.0210300" lon="126.7893913"/>
 <node id="8438286361" visible="true" version="1" changeset="99601411" timestamp="2021-02-19T14:39:38Z" user="mulgist" uid="12368943" lat="35.0210717" lon="126.7907450"/>
 <node id="8438286362" visible="true" version="1" changeset="99601411" timestamp="2021-02-19T14:39:38Z" user="mulgist" uid="12368943" lat="35.0195613" lon="126.7910890"/>
 <node id="8438286363" visible="true" version="1" changeset="99601411" timestamp="2021-02-19T14:39:38Z" user="mulgist" uid="12368943" lat="35.0179923" lon="126.7915608"/>
 <node id="8438286364" visible="true" version="1" changeset="99601411" timestamp="2021-02-19T14:39:38Z" user="mulgist" uid="12368943" lat="35.0160691" lon="126.7901257"/>
 <node id="8438286365" visible="true" version="1" changeset="99601411" timestamp="2021-02-19T14:39:38Z" user="mulgist" uid="12368943" lat="35.0156680" lon="126.7902096"/>
 <node id="8438286366" visible="true" version="1" changeset="99601411" timestamp="2021-02-19T14:39:38Z" user="mulgist" uid="12368943" lat="35.0156504" lon="126.7902914"/>
 <node id="8438286367" visible="true" version="1" changeset="99601411" timestamp="2021-02-19T14:39:38Z" user="mulgist" uid="12368943" lat="35.0156767" lon="126.7903947"/>
 <node id="8438286368" visible="true" version="1" changeset="99601411" timestamp="2021-02-19T14:39:38Z" user="mulgist" uid="12368943" lat="35.0157053" lon="126.7904349"/>
 <node id="8438286369" visible="true" version="1" changeset="99601411" timestamp="2021-02-19T14:39:38Z" user="mulgist" uid="12368943" lat="35.0157086" lon="126.7905905"/>
 <node id="8438286370" visible="true" version="1" changeset="99601411" timestamp="2021-02-19T14:39:38Z" user="mulgist" uid="12368943" lat="35.0156504" lon="126.7905905"/>
 <node id="8438286371" visible="true" version="1" changeset="99601411" timestamp="2021-02-19T14:39:38Z" user="mulgist" uid="12368943" lat="35.0156504" lon="126.7906442"/>
 <node id="8438286372" visible="true" version="1" changeset="99601411" timestamp="2021-02-19T14:39:38Z" user="mulgist" uid="12368943" lat="35.0156592" lon="126.7907058"/>
 <node id="8438286373" visible="true" version="1" changeset="99601411" timestamp="2021-02-19T14:39:38Z" user="mulgist" uid="12368943" lat="35.0156833" lon="126.7907541"/>
 <node id="8438286374" visible="true" version="1" changeset="99601411" timestamp="2021-02-19T14:39:38Z" user="mulgist" uid="12368943" lat="35.0157119" lon="126.7907944"/>
 <node id="8438286375" visible="true" version="1" changeset="99601411" timestamp="2021-02-19T14:39:38Z" user="mulgist" uid="12368943" lat="35.0157591" lon="126.7908359"/>
 <node id="8438286376" visible="true" version="1" changeset="99601411" timestamp="2021-02-19T14:39:38Z" user="mulgist" uid="12368943" lat="35.0158074" lon="126.7908359"/>
 <node id="8438286377" visible="true" version="1" changeset="99601411" timestamp="2021-02-19T14:39:38Z" user="mulgist" uid="12368943" lat="35.0158261" lon="126.7908359"/>
 <node id="8438286378" visible="true" version="1" changeset="99601411" timestamp="2021-02-19T14:39:38Z" user="mulgist" uid="12368943" lat="35.0158250" lon="126.7909177"/>
 <node id="8438286379" visible="true" version="1" changeset="99601411" timestamp="2021-02-19T14:39:38Z" user="mulgist" uid="12368943" lat="35.0159887" lon="126.7909231"/>
 <node id="8438286380" visible="true" version="2" changeset="185763174" timestamp="2026-07-15T06:14:42Z" user="야광멧돼지" uid="12393144" lat="35.0158839" lon="126.7902082"/>
 <node id="8438286381" visible="true" version="2" changeset="124040733" timestamp="2022-07-25T08:53:04Z" user="FUKUTAN" uid="5207199" lat="35.0139331" lon="126.7899069">
  <tag k="crossing" v="marked"/>
  <tag k="highway" v="crossing"/>
 </node>
 <node id="8438286382" visible="true" version="2" changeset="185763174" timestamp="2026-07-15T06:14:42Z" user="야광멧돼지" uid="12393144" lat="35.0171569" lon="126.7895355"/>
 <node id="8438286383" visible="true" version="2" changeset="185763174" timestamp="2026-07-15T06:14:42Z" user="야광멧돼지" uid="12393144" lat="35.0170656" lon="126.7905942"/>
 <node id="8438286384" visible="true" version="2" changeset="185763174" timestamp="2026-07-15T06:14:42Z" user="야광멧돼지" uid="12393144" lat="35.0170236" lon="126.7906446"/>
 <node id="8438286385" visible="true" version="2" changeset="185763174" timestamp="2026-07-15T06:14:42Z" user="야광멧돼지" uid="12393144" lat="35.0169767" lon="126.7906504"/>
 <node id="8438286386" visible="true" version="2" changeset="185763174" timestamp="2026-07-15T06:14:42Z" user="야광멧돼지" uid="12393144" lat="35.0169126" lon="126.7906399"/>
 <node id="8438286387" visible="true" version="2" changeset="185763174" timestamp="2026-07-15T06:14:42Z" user="야광멧돼지" uid="12393144" lat="35.0168362" lon="126.7905932"/>
 <node id="8438286388" visible="true" version="2" changeset="185763174" timestamp="2026-07-15T06:14:42Z" user="야광멧돼지" uid="12393144" lat="35.0167950" lon="126.7905383"/>
 <node id="8438286389" visible="true" version="2" changeset="185763174" timestamp="2026-07-15T06:14:42Z" user="야광멧돼지" uid="12393144" lat="35.0167654" lon="126.7904461"/>
 <node id="8438286390" visible="true" version="2" changeset="185763174" timestamp="2026-07-15T06:14:42Z" user="야광멧돼지" uid="12393144" lat="35.0167791" lon="126.7903000"/>
 <node id="8438286391" visible="true" version="2" changeset="185763174" timestamp="2026-07-15T06:14:42Z" user="야광멧돼지" uid="12393144" lat="35.0168094" lon="126.7902383"/>
 <node id="8438286392" visible="true" version="2" changeset="185763174" timestamp="2026-07-15T06:14:42Z" user="야광멧돼지" uid="12393144" lat="35.0168677" lon="126.7902126"/>
 <node id="8438286393" visible="true" version="2" changeset="185763174" timestamp="2026-07-15T06:14:42Z" user="야광멧돼지" uid="12393144" lat="35.0169289" lon="126.7902149"/>
 <node id="8438286394" visible="true" version="2" changeset="185763174" timestamp="2026-07-15T06:14:42Z" user="야광멧돼지" uid="12393144" lat="35.0169643" lon="126.7902187"/>
 <node id="8438286395" visible="true" version="2" changeset="185763174" timestamp="2026-07-15T06:14:42Z" user="야광멧돼지" uid="12393144" lat="35.0170064" lon="126.7902546"/>
 <node id="8438286396" visible="true" version="2" changeset="185763174" timestamp="2026-07-15T06:14:42Z" user="야광멧돼지" uid="12393144" lat="35.0170398" lon="126.7903153"/>
 <node id="8438286397" visible="true" version="2" changeset="185763174" timestamp="2026-07-15T06:14:42Z" user="야광멧돼지" uid="12393144" lat="35.0170695" lon="126.7904076"/>
 <node id="8438286398" visible="true" version="2" changeset="185763174" timestamp="2026-07-15T06:14:42Z" user="야광멧돼지" uid="12393144" lat="35.0170886" lon="126.7905068"/>
 <node id="8438286399" visible="true" version="2" changeset="185763174" timestamp="2026-07-15T06:14:42Z" user="야광멧돼지" uid="12393144" lat="35.0165816" lon="126.7908036"/>
 <node id="8438286401" visible="true" version="2" changeset="124040733" timestamp="2022-07-25T08:53:04Z" user="FUKUTAN" uid="5207199" lat="35.0148060" lon="126.7901234"/>
 <node id="8438286402" visible="true" version="2" changeset="124040733" timestamp="2022-07-25T08:53:04Z" user="FUKUTAN" uid="5207199" lat="35.0148060" lon="126.7901939"/>
 <node id="8438286403" visible="true" version="2" changeset="124040733" timestamp="2022-07-25T08:53:04Z" user="FUKUTAN" uid="5207199" lat="35.0148707" lon="126.7901939"/>
 <node id="8438286404" visible="true" version="2" changeset="124040733" timestamp="2022-07-25T08:53:04Z" user="FUKUTAN" uid="5207199" lat="35.0148707" lon="126.7901234"/>
 <node id="8438286405" visible="true" version="2" changeset="185763174" timestamp="2026-07-15T06:14:42Z" user="야광멧돼지" uid="12393144" lat="35.0155296" lon="126.7911200"/>
 <node id="8438286406" visible="true" version="1" changeset="99601411" timestamp="2021-02-19T14:39:38Z" user="mulgist" uid="12368943" lat="35.0150263" lon="126.7924272"/>
 <node id="8438286407" visible="true" version="1" changeset="99601411" timestamp="2021-02-19T14:39:38Z" user="mulgist" uid="12368943" lat="35.0146738" lon="126.7925322"/>
 <node id="8438286408" visible="true" version="2" changeset="185763174" timestamp="2026-07-15T06:14:42Z" user="야광멧돼지" uid="12393144" lat="35.0166135" lon="126.7901557"/>
 <node id="8438286409" visible="true" version="2" changeset="185763174" timestamp="2026-07-15T06:14:42Z" user="야광멧돼지" uid="12393144" lat="35.0164682" lon="126.7901441"/>
 <node id="8438286410" visible="true" version="2" changeset="185763174" timestamp="2026-07-15T06:14:42Z" user="야광멧돼지" uid="12393144" lat="35.0163324" lon="126.7901067"/>
 <node id="8438286411" visible="true" version="2" changeset="185763174" timestamp="2026-07-15T06:14:42Z" user="야광멧돼지" uid="12393144" lat="35.0162177" lon="126.7900437"/>
 <node id="8438286412" visible="true" version="2" changeset="185763174" timestamp="2026-07-15T06:14:42Z" user="야광멧돼지" uid="12393144" lat="35.0161048" lon="126.7900577"/>
 <node id="8438286413" visible="true" version="2" changeset="185763174" timestamp="2026-07-15T06:14:42Z" user="야광멧돼지" uid="12393144" lat="35.0159468" lon="126.7901779"/>
 <node id="8438286414" visible="true" version="1" changeset="99601411" timestamp="2021-02-19T14:39:38Z" user="mulgist" uid="12368943" lat="35.0179050" lon="126.7925629"/>
 <node id="8438286415" visible="true" version="1" changeset="99601411" timestamp="2021-02-19T14:39:38Z" user="mulgist" uid="12368943" lat="35.0181002" lon="126.7913112"/>
 <node id="8438286416" visible="true" version="2" changeset="141712425" timestamp="2023-09-25T05:17:57Z" user="FUKUTAN" uid="5207199" lat="35.0144517" lon="126.7860439"/>
 <node id="8438286417" visible="true" version="2" changeset="141712425" timestamp="2023-09-25T05:17:57Z" user="FUKUTAN" uid="5207199" lat="35.0146703" lon="126.7857983"/>
 <node id="8438286418" visible="true" version="1" changeset="99601411" timestamp="2021-02-19T14:39:38Z" user="mulgist" uid="12368943" lat="35.0145210" lon="126.7858346"/>
 <node id="8438286419" visible="true" version="1" changeset="99601411" timestamp="2021-02-19T14:39:38Z" user="mulgist" uid="12368943" lat="35.0144876" lon="126.7855493"/>
 <node id="8438286420" visible="true" version="1" changeset="99601411" timestamp="2021-02-19T14:39:38Z" user="mulgist" uid="12368943" lat="35.0141862" lon="126.7851660"/>
 <node id="8438286421" visible="true" version="1" changeset="99601411" timestamp="2021-02-19T14:39:38Z" user="mulgist" uid="12368943" lat="35.0143896" lon="126.7853268"/>
 <node id="8438286422" visible="true" version="1" changeset="99601411" timestamp="2021-02-19T14:39:38Z" user="mulgist" uid="12368943" lat="35.0143702" lon="126.7852527"/>
 <node id="8438286423" visible="true" version="1" changeset="99601411" timestamp="2021-02-19T14:39:38Z" user="mulgist" uid="12368943" lat="35.0143353" lon="126.7853425"/>
 <node id="8438286424" visible="true" version="1" changeset="99601411" timestamp="2021-02-19T14:39:38Z" user="mulgist" uid="12368943" lat="35.0137472" lon="126.7849992"/>
 <node id="8438286426" visible="true" version="1" changeset="99601411" timestamp="2021-02-19T14:39:38Z" user="mulgist" uid="12368943" lat="35.0118671" lon="126.7833315"/>
 <node id="8438286428" visible="true" version="2" changeset="124040733" timestamp="2022-07-25T08:53:04Z" user="FUKUTAN" uid="5207199" lat="35.0112371" lon="126.7815051"/>
 <node id="8438286429" visible="true" version="1" changeset="99601411" timestamp="2021-02-19T14:39:38Z" user="mulgist" uid="12368943" lat="35.0110646" lon="126.7793745"/>
 <node id="8438286434" visible="true" version="1" changeset="99601411" timestamp="2021-02-19T14:39:38Z" user="mulgist" uid="12368943" lat="35.0203179" lon="126.7890743"/>
 <node id="8438286435" visible="true" version="1" changeset="99601411" timestamp="2021-02-19T14:39:38Z" user="mulgist" uid="12368943" lat="35.0202630" lon="126.7889201"/>
 <node id="8438286436" visible="true" version="1" changeset="99601411" timestamp="2021-02-19T14:39:38Z" user="mulgist" uid="12368943" lat="35.0201740" lon="126.7887900"/>
 <node id="8438286437" visible="true" version="1" changeset="99601411" timestamp="2021-02-19T14:39:38Z" user="mulgist" uid="12368943" lat="35.0200565" lon="126.7888061"/>
 <node id="8438286438" visible="true" version="1" changeset="99601411" timestamp="2021-02-19T14:39:38Z" user="mulgist" uid="12368943" lat="35.0199775" lon="126.7889268"/>
 <node id="8438286439" visible="true" version="1" changeset="99601411" timestamp="2021-02-19T14:39:38Z" user="mulgist" uid="12368943" lat="35.0200093" lon="126.7890394"/>
 <node id="8438286440" visible="true" version="1" changeset="99601411" timestamp="2021-02-19T14:39:38Z" user="mulgist" uid="12368943" lat="35.0201016" lon="126.7891145"/>
 <node id="8438286441" visible="true" version="1" changeset="99601411" timestamp="2021-02-19T14:39:38Z" user="mulgist" uid="12368943" lat="35.0201587" lon="126.7891601"/>
 <node id="8438286442" visible="true" version="1" changeset="99601411" timestamp="2021-02-19T14:39:38Z" user="mulgist" uid="12368943" lat="35.0201472" lon="126.7891884"/>
 <node id="8438286443" visible="true" version="1" changeset="99601411" timestamp="2021-02-19T14:39:38Z" user="mulgist" uid="12368943" lat="35.0202141" lon="126.7888486"/>
 <node id="8438286444" visible="true" version="1" changeset="99601411" timestamp="2021-02-19T14:39:38Z" user="mulgist" uid="12368943" lat="35.0189077" lon="126.7877792"/>
 <node id="8438286445" visible="true" version="1" changeset="99601411" timestamp="2021-02-19T14:39:38Z" user="mulgist" uid="12368943" lat="35.0190107" lon="126.7879932"/>
 <node id="8438286446" visible="true" version="1" changeset="99601411" timestamp="2021-02-19T14:39:38Z" user="mulgist" uid="12368943" lat="35.0192321" lon="126.7873234"/>
 <node id="8438286447" visible="true" version="2" changeset="124040733" timestamp="2022-07-25T08:53:04Z" user="FUKUTAN" uid="5207199" lat="35.0186484" lon="126.7873949"/>
 <node id="8438286449" visible="true" version="3" changeset="133576907" timestamp="2023-03-12T08:16:26Z" user="FUKUTAN" uid="5207199" lat="35.0185618" lon="126.7847284">
  <tag k="crossing" v="marked"/>
  <tag k="highway" v="crossing"/>
 </node>
 <node id="8438286452" visible="true" version="1" changeset="99601411" timestamp="2021-02-19T14:39:38Z" user="mulgist" uid="12368943" lat="35.0167526" lon="126.7858889"/>
 <node id="8438286453" visible="true" version="1" changeset="99601411" timestamp="2021-02-19T14:39:38Z" user="mulgist" uid="12368943" lat="35.0154778" lon="126.7846077"/>
 <node id="8438286454" visible="true" version="1" changeset="99601411" timestamp="2021-02-19T14:39:38Z" user="mulgist" uid="12368943" lat="35.0144612" lon="126.7841953"/>
 <node id="8438286455" visible="true" version="1" changeset="99601411" timestamp="2021-02-19T14:39:38Z" user="mulgist" uid="12368943" lat="35.0152108" lon="126.7845998"/>
 <node id="8438286456" visible="true" version="1" changeset="99601411" timestamp="2021-02-19T14:39:38Z" user="mulgist" uid="12368943" lat="35.0151983" lon="126.7844776"/>
 <node id="8438286457" visible="true" version="1" changeset="99601411" timestamp="2021-02-19T14:39:38Z" user="mulgist" uid="12368943" lat="35.0152286" lon="126.7843698"/>
 <node id="8438286458" visible="true" version="1" changeset="99601411" timestamp="2021-02-19T14:39:38Z" user="mulgist" uid="12368943" lat="35.0154292" lon="126.7848890"/>
 <node id="8438286459" visible="true" version="1" changeset="99601411" timestamp="2021-02-19T14:39:38Z" user="mulgist" uid="12368943" lat="35.0155559" lon="126.7849047"/>
 <node id="8438286460" visible="true" version="1" changeset="99601411" timestamp="2021-02-19T14:39:38Z" user="mulgist" uid="12368943" lat="35.0156758" lon="126.7848632"/>
 <node id="8438286461" visible="true" version="1" changeset="99601411" timestamp="2021-02-19T14:39:38Z" user="mulgist" uid="12368943" lat="35.0157441" lon="126.7848031"/>
 <node id="8438286462" visible="true" version="1" changeset="99601411" timestamp="2021-02-19T14:39:38Z" user="mulgist" uid="12368943" lat="35.0157840" lon="126.7847470"/>
 <node id="8438286463" visible="true" version="1" changeset="99601411" timestamp="2021-02-19T14:39:38Z" user="mulgist" uid="12368943" lat="35.0164076" lon="126.7851188"/>
 <node id="8438286464" visible="true" version="1" changeset="99601411" timestamp="2021-02-19T14:39:38Z" user="mulgist" uid="12368943" lat="35.0163914" lon="126.7852803"/>
 <node id="8438286465" visible="true" version="1" changeset="99601411" timestamp="2021-02-19T14:39:38Z" user="mulgist" uid="12368943" lat="35.0164365" lon="126.7854180"/>
 <node id="8438286466" visible="true" version="1" changeset="99601411" timestamp="2021-02-19T14:39:38Z" user="mulgist" uid="12368943" lat="35.0165041" lon="126.7855377"/>
 <node id="8438286467" visible="true" version="1" changeset="99601411" timestamp="2021-02-19T14:39:38Z" user="mulgist" uid="12368943" lat="35.0165828" lon="126.7856036"/>
 <node id="8438286468" visible="true" version="1" changeset="99601411" timestamp="2021-02-19T14:39:38Z" user="mulgist" uid="12368943" lat="35.0168928" lon="126.7855832"/>
 <node id="8438286469" visible="true" version="1" changeset="99601411" timestamp="2021-02-19T14:39:38Z" user="mulgist" uid="12368943" lat="35.0169960" lon="126.7854412"/>
 <node id="8438286470" visible="true" version="1" changeset="99601411" timestamp="2021-02-19T14:39:38Z" user="mulgist" uid="12368943" lat="35.0169510" lon="126.7855223"/>
 <node id="8438286471" visible="true" version="1" changeset="99601411" timestamp="2021-02-19T14:39:38Z" user="mulgist" uid="12368943" lat="35.0166122" lon="126.7862411"/>
 <node id="8438286473" visible="true" version="3" changeset="144397454" timestamp="2023-11-24T08:19:48Z" user="asdfqwer51" uid="3350410" lat="35.0190567" lon="126.7812073">
  <tag k="crossing" v="marked"/>
  <tag k="highway" v="crossing"/>
 </node>
 <node id="8440076342" visible="true" version="2" changeset="144332579" timestamp="2023-11-22T16:15:50Z" user="asdfqwer51" uid="3350410" lat="35.0151022" lon="126.7953787"/>
 <node id="8440076343" visible="true" version="1" changeset="99630021" timestamp="2021-02-20T08:24:13Z" user="mulgist" uid="12368943" lat="35.0145807" lon="126.7944213"/>
 <node id="8440076344" visible="true" version="1" changeset="99630021" timestamp="2021-02-20T08:24:13Z" user="mulgist" uid="12368943" lat="35.0141180" lon="126.7920806"/>
 <node id="8440076345" visible="true" version="1" changeset="99630021" timestamp="2021-02-20T08:24:13Z" user="mulgist" uid="12368943" lat="35.0140899" lon="126.7916302"/>
 <node id="8440076346" visible="true" version="1" changeset="99630021" timestamp="2021-02-20T08:24:13Z" user="mulgist" uid="12368943" lat="35.0142225" lon="126.7910337"/>
 <node id="8440076347" visible="true" version="2" changeset="144332579" timestamp="2023-11-22T16:15:50Z" user="asdfqwer51" uid="3350410" lat="35.0175016" lon="126.7944328"/>
 <node id="8440076348" visible="true" version="2" changeset="144332579" timestamp="2023-11-22T16:15:50Z" user="asdfqwer51" uid="3350410" lat="35.0174944" lon="126.7940841"/>
 <node id="8440076349" visible="true" version="2" changeset="144332579" timestamp="2023-11-22T16:15:50Z" user="asdfqwer51" uid="3350410" lat="35.0174960" lon="126.7942923">
  <tag k="crossing" v="marked"/>
  <tag k="highway" v="crossing"/>
 </node>
 <node id="8440076350" visible="true" version="2" changeset="144332579" timestamp="2023-11-22T16:15:50Z" user="asdfqwer51" uid="3350410" lat="35.0176051" lon="126.7940409"/>
 <node id="8440076351" visible="true" version="2" changeset="144332579" timestamp="2023-11-22T16:15:50Z" user="asdfqwer51" uid="3350410" lat="35.0175494" lon="126.7940804"/>
 <node id="8440076353" visible="true" version="2" changeset="144332579" timestamp="2023-11-22T16:15:50Z" user="asdfqwer51" uid="3350410" lat="35.0174251" lon="126.7940894"/>
 <node id="8440076354" visible="true" version="2" changeset="144332579" timestamp="2023-11-22T16:15:50Z" user="asdfqwer51" uid="3350410" lat="35.0172322" lon="126.7941047"/>
 <node id="8440076355" visible="true" version="2" changeset="144332579" timestamp="2023-11-22T16:15:50Z" user="asdfqwer51" uid="3350410" lat="35.0169489" lon="126.7941668"/>
 <node id="8440076356" visible="true" version="2" changeset="144332579" timestamp="2023-11-22T16:15:50Z" user="asdfqwer51" uid="3350410" lat="35.0167090" lon="126.7942749"/>
 <node id="8440076357" visible="true" version="2" changeset="144332579" timestamp="2023-11-22T16:15:50Z" user="asdfqwer51" uid="3350410" lat="35.0163574" lon="126.7944540"/>
 <node id="8440076358" visible="true" version="2" changeset="144332579" timestamp="2023-11-22T16:15:50Z" user="asdfqwer51" uid="3350410" lat="35.0155304" lon="126.7950357"/>
 <node id="8440076359" visible="true" version="2" changeset="144332579" timestamp="2023-11-22T16:15:50Z" user="asdfqwer51" uid="3350410" lat="35.0152039" lon="126.7951985"/>
 <node id="8440076360" visible="true" version="2" changeset="144332579" timestamp="2023-11-22T16:15:50Z" user="asdfqwer51" uid="3350410" lat="35.0151529" lon="126.7952041"/>
 <node id="8440076361" visible="true" version="2" changeset="144332579" timestamp="2023-11-22T16:15:50Z" user="asdfqwer51" uid="3350410" lat="35.0151029" lon="126.7951835"/>
 <node id="8440076362" visible="true" version="2" changeset="144332579" timestamp="2023-11-22T16:15:50Z" user="asdfqwer51" uid="3350410" lat="35.0150217" lon="126.7948697"/>
 <node id="8440076363" visible="true" version="2" changeset="144332579" timestamp="2023-11-22T16:15:50Z" user="asdfqwer51" uid="3350410" lat="35.0150424" lon="126.7948132"/>
 <node id="8440076364" visible="true" version="2" changeset="144332579" timestamp="2023-11-22T16:15:50Z" user="asdfqwer51" uid="3350410" lat="35.0150735" lon="126.7947810"/>
 <node id="8440076365" visible="true" version="2" changeset="144332579" timestamp="2023-11-22T16:15:50Z" user="asdfqwer51" uid="3350410" lat="35.0154110" lon="126.7945734"/>
 <node id="8440076366" visible="true" version="2" changeset="144332579" timestamp="2023-11-22T16:15:50Z" user="asdfqwer51" uid="3350410" lat="35.0159911" lon="126.7941658"/>
 <node id="8440076367" visible="true" version="2" changeset="144332579" timestamp="2023-11-22T16:15:50Z" user="asdfqwer51" uid="3350410" lat="35.0164054" lon="126.7939483"/>
 <node id="8440076368" visible="true" version="1" changeset="99630021" timestamp="2021-02-20T08:24:13Z" user="mulgist" uid="12368943" lat="35.0167122" lon="126.7938563"/>
 <node id="8440076369" visible="true" version="1" changeset="99630021" timestamp="2021-02-20T08:24:13Z" user="mulgist" uid="12368943" lat="35.0169586" lon="126.7937802"/>
 <node id="8440076370" visible="true" version="1" changeset="99630021" timestamp="2021-02-20T08:24:13Z" user="mulgist" uid="12368943" lat="35.0172963" lon="126.7937253"/>
 <node id="8440076371" visible="true" version="1" changeset="99630021" timestamp="2021-02-20T08:24:13Z" user="mulgist" uid="12368943" lat="35.0175590" lon="126.7937306"/>
 <node id="8440076372" visible="true" version="1" changeset="99630021" timestamp="2021-02-20T08:24:13Z" user="mulgist" uid="12368943" lat="35.0176054" lon="126.7937802"/>
 <node id="8440076373" visible="true" version="1" changeset="99630021" timestamp="2021-02-20T08:24:13Z" user="mulgist" uid="12368943" lat="35.0176156" lon="126.7938669"/>
 <node id="8440076374" visible="true" version="2" changeset="144332579" timestamp="2023-11-22T16:15:50Z" user="asdfqwer51" uid="3350410" lat="35.0156400" lon="126.7949686"/>
 <node id="8440076375" visible="true" version="2" changeset="144332579" timestamp="2023-11-22T16:15:50Z" user="asdfqwer51" uid="3350410" lat="35.0157749" lon="126.7952791"/>
 <node id="8440076376" visible="true" version="2" changeset="144332579" timestamp="2023-11-22T16:15:50Z" user="asdfqwer51" uid="3350410" lat="35.0157019" lon="126.7951111">
  <tag k="crossing" v="marked"/>
  <tag k="highway" v="crossing"/>
 </node>
 <node id="8440076377" visible="true" version="2" changeset="144332579" timestamp="2023-11-22T16:15:50Z" user="asdfqwer51" uid="3350410" lat="35.0159343" lon="126.7947646"/>
 <node id="8440076378" visible="true" version="1" changeset="99630021" timestamp="2021-02-20T08:24:13Z" user="mulgist" uid="12368943" lat="35.0160711" lon="126.7950694"/>
 <node id="8440076379" visible="true" version="2" changeset="144332579" timestamp="2023-11-22T16:15:50Z" user="asdfqwer51" uid="3350410" lat="35.0159941" lon="126.7948979">
  <tag k="crossing" v="marked"/>
  <tag k="highway" v="crossing"/>
 </node>
 <node id="8440076380" visible="true" version="1" changeset="99630021" timestamp="2021-02-20T08:24:13Z" user="mulgist" uid="12368943" lat="35.0179457" lon="126.7930570"/>
 <node id="8440076381" visible="true" version="1" changeset="99630021" timestamp="2021-02-20T08:24:13Z" user="mulgist" uid="12368943" lat="35.0177809" lon="126.7932949"/>
 <node id="8440076382" visible="true" version="1" changeset="99630021" timestamp="2021-02-20T08:24:13Z" user="mulgist" uid="12368943" lat="35.0176893" lon="126.7934961"/>
 <node id="8440076383" visible="true" version="1" changeset="99630021" timestamp="2021-02-20T08:24:13Z" user="mulgist" uid="12368943" lat="35.0176660" lon="126.7935612"/>
 <node id="8440076384" visible="true" version="2" changeset="144332579" timestamp="2023-11-22T16:15:50Z" user="asdfqwer51" uid="3350410" lat="35.0176060" lon="126.7935673"/>
 <node id="8440076385" visible="true" version="2" changeset="144332579" timestamp="2023-11-22T16:15:50Z" user="asdfqwer51" uid="3350410" lat="35.0172506" lon="126.7935622"/>
 <node id="8440076386" visible="true" version="2" changeset="144332579" timestamp="2023-11-22T16:15:50Z" user="asdfqwer51" uid="3350410" lat="35.0168864" lon="126.7936323"/>
 <node id="8440076387" visible="true" version="2" changeset="144332579" timestamp="2023-11-22T16:15:50Z" user="asdfqwer51" uid="3350410" lat="35.0166126" lon="126.7937105"/>
 <node id="8440076388" visible="true" version="2" changeset="144332579" timestamp="2023-11-22T16:15:50Z" user="asdfqwer51" uid="3350410" lat="35.0162231" lon="126.7938823"/>
 <node id="8440076389" visible="true" version="2" changeset="144332579" timestamp="2023-11-22T16:15:50Z" user="asdfqwer51" uid="3350410" lat="35.0158260" lon="126.7941374"/>
 <node id="8440076390" visible="true" version="2" changeset="144332579" timestamp="2023-11-22T16:15:50Z" user="asdfqwer51" uid="3350410" lat="35.0154806" lon="126.7943753"/>
 <node id="8440076391" visible="true" version="2" changeset="144332579" timestamp="2023-11-22T16:15:50Z" user="asdfqwer51" uid="3350410" lat="35.0151798" lon="126.7945816"/>
 <node id="8440076392" visible="true" version="1" changeset="99630021" timestamp="2021-02-20T08:24:13Z" user="mulgist" uid="12368943" lat="35.0149259" lon="126.7947442"/>
 <node id="8440076393" visible="true" version="1" changeset="99630021" timestamp="2021-02-20T08:24:13Z" user="mulgist" uid="12368943" lat="35.0149076" lon="126.7947706"/>
 <node id="8440076394" visible="true" version="1" changeset="99630021" timestamp="2021-02-20T08:24:13Z" user="mulgist" uid="12368943" lat="35.0150075" lon="126.7952077"/>
 <node id="8440076395" visible="true" version="1" changeset="99630021" timestamp="2021-02-20T08:24:13Z" user="mulgist" uid="12368943" lat="35.0150058" lon="126.7952666"/>
 <node id="8440076396" visible="true" version="1" changeset="99630021" timestamp="2021-02-20T08:24:13Z" user="mulgist" uid="12368943" lat="35.0149676" lon="126.7953073"/>
 <node id="8440076397" visible="true" version="1" changeset="99630021" timestamp="2021-02-20T08:24:13Z" user="mulgist" uid="12368943" lat="35.0149193" lon="126.7953317"/>
 <node id="8440076398" visible="true" version="1" changeset="99630021" timestamp="2021-02-20T08:24:13Z" user="mulgist" uid="12368943" lat="35.0143585" lon="126.7954109"/>
 <node id="8440076399" visible="true" version="1" changeset="99630021" timestamp="2021-02-20T08:24:13Z" user="mulgist" uid="12368943" lat="35.0142536" lon="126.7953764"/>
 <node id="8440076400" visible="true" version="2" changeset="144332579" timestamp="2023-11-22T16:15:50Z" user="asdfqwer51" uid="3350410" lat="35.0179977" lon="126.7929969">
  <tag k="crossing" v="marked"/>
  <tag k="highway" v="crossing"/>
 </node>
 <node id="8440076401" visible="true" version="2" changeset="144332579" timestamp="2023-11-22T16:15:50Z" user="asdfqwer51" uid="3350410" lat="35.0202791" lon="126.7940664"/>
 <node id="8440076402" visible="true" version="2" changeset="144332579" timestamp="2023-11-22T16:15:50Z" user="asdfqwer51" uid="3350410" lat="35.0203742" lon="126.7940399"/>
 <node id="8440076403" visible="true" version="2" changeset="144332579" timestamp="2023-11-22T16:15:50Z" user="asdfqwer51" uid="3350410" lat="35.0204737" lon="126.7936036"/>
 <node id="8440076404" visible="true" version="1" changeset="99630021" timestamp="2021-02-20T08:24:13Z" user="mulgist" uid="12368943" lat="35.0189829" lon="126.7922094"/>
 <node id="8440076405" visible="true" version="1" changeset="99630021" timestamp="2021-02-20T08:24:13Z" user="mulgist" uid="12368943" lat="35.0195814" lon="126.7929296"/>
 <node id="8440076406" visible="true" version="1" changeset="99630021" timestamp="2021-02-20T08:24:13Z" user="mulgist" uid="12368943" lat="35.0196466" lon="126.7929261"/>
 <node id="8440076407" visible="true" version="1" changeset="99630021" timestamp="2021-02-20T08:24:13Z" user="mulgist" uid="12368943" lat="35.0200596" lon="126.7924235"/>
 <node id="8440076408" visible="true" version="1" changeset="99630021" timestamp="2021-02-20T08:24:13Z" user="mulgist" uid="12368943" lat="35.0200582" lon="126.7923793"/>
 <node id="8440076409" visible="true" version="1" changeset="99630021" timestamp="2021-02-20T08:24:13Z" user="mulgist" uid="12368943" lat="35.0194539" lon="126.7916360"/>
 <node id="8440076410" visible="true" version="1" changeset="99630021" timestamp="2021-02-20T08:24:13Z" user="mulgist" uid="12368943" lat="35.0193785" lon="126.7916219"/>
 <node id="8440076411" visible="true" version="1" changeset="99630021" timestamp="2021-02-20T08:24:13Z" user="mulgist" uid="12368943" lat="35.0189901" lon="126.7920926"/>
 <node id="8440076412" visible="true" version="1" changeset="99630021" timestamp="2021-02-20T08:24:13Z" user="mulgist" uid="12368943" lat="35.0193589" lon="126.7916456"/>
 <node id="8440076413" visible="true" version="2" changeset="144332579" timestamp="2023-11-22T16:15:50Z" user="asdfqwer51" uid="3350410" lat="35.0191890" lon="126.7914495"/>
 <node id="8440076414" visible="true" version="2" changeset="144332579" timestamp="2023-11-22T16:15:50Z" user="asdfqwer51" uid="3350410" lat="35.0192647" lon="126.7915577">
  <tag k="crossing" v="marked"/>
  <tag k="highway" v="crossing"/>
 </node>
 <node id="8440076415" visible="true" version="1" changeset="99630021" timestamp="2021-02-20T08:24:13Z" user="mulgist" uid="12368943" lat="35.0188723" lon="126.7919420"/>
 <node id="8440076416" visible="true" version="2" changeset="144332579" timestamp="2023-11-22T16:15:50Z" user="asdfqwer51" uid="3350410" lat="35.0189076" lon="126.7919886">
  <tag k="crossing" v="marked"/>
  <tag k="highway" v="crossing"/>
 </node>
 <node id="8440089517" visible="true" version="1" changeset="99630021" timestamp="2021-02-20T08:24:13Z" user="mulgist" uid="12368943" lat="35.0194075" lon="126.7916273"/>
 <node id="8440089518" visible="true" version="1" changeset="99630021" timestamp="2021-02-20T08:24:13Z" user="mulgist" uid="12368943" lat="35.0195261" lon="126.7914748"/>
 <node id="8440089519" visible="true" version="1" changeset="99630021" timestamp="2021-02-20T08:24:13Z" user="mulgist" uid="12368943" lat="35.0194668" lon="126.7915511">
  <tag k="crossing" v="marked"/>
  <tag k="highway" v="crossing"/>
 </node>
 <node id="8440089520" visible="true" version="1" changeset="99630021" timestamp="2021-02-20T08:24:13Z" user="mulgist" uid="12368943" lat="35.0195399" lon="126.7914380"/>
 <node id="8440089521" visible="true" version="1" changeset="99630021" timestamp="2021-02-20T08:24:13Z" user="mulgist" uid="12368943" lat="35.0196194" lon="126.7913364"/>
 <node id="8440089522" visible="true" version="1" changeset="99630021" timestamp="2021-02-20T08:24:13Z" user="mulgist" uid="12368943" lat="35.0197595" lon="126.7912193"/>
 <node id="8440089523" visible="true" version="1" changeset="99630021" timestamp="2021-02-20T08:24:13Z" user="mulgist" uid="12368943" lat="35.0198781" lon="126.7911592"/>
 <node id="8440089524" visible="true" version="1" changeset="99630021" timestamp="2021-02-20T08:24:13Z" user="mulgist" uid="12368943" lat="35.0200080" lon="126.7911284"/>
 <node id="8440089525" visible="true" version="1" changeset="99630021" timestamp="2021-02-20T08:24:13Z" user="mulgist" uid="12368943" lat="35.0201682" lon="126.7911191"/>
 <node id="8440089526" visible="true" version="2" changeset="144332579" timestamp="2023-11-22T16:15:50Z" user="asdfqwer51" uid="3350410" lat="35.0205051" lon="126.7911199"/>
 <node id="8440089527" visible="true" version="2" changeset="144332579" timestamp="2023-11-22T16:15:50Z" user="asdfqwer51" uid="3350410" lat="35.0205863" lon="126.7911765"/>
 <node id="8440089528" visible="true" version="2" changeset="144332579" timestamp="2023-11-22T16:15:50Z" user="asdfqwer51" uid="3350410" lat="35.0205834" lon="126.7915406"/>
 <node id="8440089529" visible="true" version="2" changeset="144332579" timestamp="2023-11-22T16:15:50Z" user="asdfqwer51" uid="3350410" lat="35.0205244" lon="126.7915957"/>
 <node id="8440089530" visible="true" version="2" changeset="144332579" timestamp="2023-11-22T16:15:50Z" user="asdfqwer51" uid="3350410" lat="35.0200237" lon="126.7915976"/>
 <node id="8440089531" visible="true" version="2" changeset="144332579" timestamp="2023-11-22T16:15:50Z" user="asdfqwer51" uid="3350410" lat="35.0199778" lon="126.7916112"/>
 <node id="8440089532" visible="true" version="2" changeset="144332579" timestamp="2023-11-22T16:15:50Z" user="asdfqwer51" uid="3350410" lat="35.0198725" lon="126.7916774"/>
 <node id="8440089533" visible="true" version="2" changeset="144332579" timestamp="2023-11-22T16:15:50Z" user="asdfqwer51" uid="3350410" lat="35.0197937" lon="126.7917709"/>
 <node id="8440089534" visible="true" version="2" changeset="144332579" timestamp="2023-11-22T16:15:50Z" user="asdfqwer51" uid="3350410" lat="35.0197290" lon="126.7917676"/>
 <node id="8440089535" visible="true" version="1" changeset="99630021" timestamp="2021-02-20T08:24:13Z" user="mulgist" uid="12368943" lat="35.0195413" lon="126.7915551"/>
 <node id="8440089537" visible="true" version="2" changeset="144332579" timestamp="2023-11-22T16:15:50Z" user="asdfqwer51" uid="3350410" lat="35.0205083" lon="126.7909212"/>
 <node id="8440089538" visible="true" version="2" changeset="144332579" timestamp="2023-11-22T16:15:50Z" user="asdfqwer51" uid="3350410" lat="35.0204991" lon="126.7909821">
  <tag k="crossing" v="marked"/>
  <tag k="highway" v="crossing"/>
 </node>
 <node id="8440089539" visible="true" version="1" changeset="99630021" timestamp="2021-02-20T08:24:13Z" user="mulgist" uid="12368943" lat="35.0199109" lon="126.7918971"/>
 <node id="8440089540" visible="true" version="1" changeset="99630021" timestamp="2021-02-20T08:24:13Z" user="mulgist" uid="12368943" lat="35.0199059" lon="126.7920050"/>
 <node id="8440089541" visible="true" version="1" changeset="99630021" timestamp="2021-02-20T08:24:13Z" user="mulgist" uid="12368943" lat="35.0201607" lon="126.7923084"/>
 <node id="8440089542" visible="true" version="1" changeset="99630021" timestamp="2021-02-20T08:24:13Z" user="mulgist" uid="12368943" lat="35.0202099" lon="126.7923362"/>
 <node id="8440089543" visible="true" version="1" changeset="99630021" timestamp="2021-02-20T08:24:13Z" user="mulgist" uid="12368943" lat="35.0205379" lon="126.7923362"/>
 <node id="8440089544" visible="true" version="1" changeset="99630021" timestamp="2021-02-20T08:24:13Z" user="mulgist" uid="12368943" lat="35.0205997" lon="126.7922715"/>
 <node id="8440089545" visible="true" version="1" changeset="99630021" timestamp="2021-02-20T08:24:13Z" user="mulgist" uid="12368943" lat="35.0206023" lon="126.7918263"/>
 <node id="8440089546" visible="true" version="1" changeset="99630021" timestamp="2021-02-20T08:24:13Z" user="mulgist" uid="12368943" lat="35.0205177" lon="126.7917662"/>
 <node id="8440089547" visible="true" version="1" changeset="99630021" timestamp="2021-02-20T08:24:13Z" user="mulgist" uid="12368943" lat="35.0200560" lon="126.7917662"/>
 <node id="8440089549" visible="true" version="1" changeset="99630021" timestamp="2021-02-20T08:24:13Z" user="mulgist" uid="12368943" lat="35.0205690" lon="126.7918026"/>
 <node id="8440089550" visible="true" version="2" changeset="144332579" timestamp="2023-11-22T16:15:50Z" user="asdfqwer51" uid="3350410" lat="35.0205218" lon="126.7916756">
  <tag k="crossing" v="marked"/>
  <tag k="highway" v="crossing"/>
 </node>
 <node id="8440089551" visible="true" version="2" changeset="144332579" timestamp="2023-11-22T16:15:50Z" user="asdfqwer51" uid="3350410" lat="35.0201773" lon="126.7924419"/>
 <node id="8440089552" visible="true" version="2" changeset="144332579" timestamp="2023-11-22T16:15:50Z" user="asdfqwer51" uid="3350410" lat="35.0196588" lon="126.7930704"/>
 <node id="8440089553" visible="true" version="2" changeset="144332579" timestamp="2023-11-22T16:15:50Z" user="asdfqwer51" uid="3350410" lat="35.0196474" lon="126.7934586"/>
 <node id="8440089554" visible="true" version="2" changeset="144332579" timestamp="2023-11-22T16:15:50Z" user="asdfqwer51" uid="3350410" lat="35.0201215" lon="126.7935025"/>
 <node id="8440089555" visible="true" version="2" changeset="144332579" timestamp="2023-11-22T16:15:50Z" user="asdfqwer51" uid="3350410" lat="35.0205689" lon="126.7929888"/>
 <node id="8440089556" visible="true" version="2" changeset="144332579" timestamp="2023-11-22T16:15:50Z" user="asdfqwer51" uid="3350410" lat="35.0205689" lon="126.7925020"/>
 <node id="8440089557" visible="true" version="2" changeset="144332579" timestamp="2023-11-22T16:15:50Z" user="asdfqwer51" uid="3350410" lat="35.0205122" lon="126.7924434"/>
 <node id="8440089558" visible="true" version="1" changeset="99630021" timestamp="2021-02-20T08:24:13Z" user="mulgist" uid="12368943" lat="35.0205639" lon="126.7923090"/>
 <node id="8440089559" visible="true" version="2" changeset="144332579" timestamp="2023-11-22T16:15:50Z" user="asdfqwer51" uid="3350410" lat="35.0205438" lon="126.7924761"/>
 <node id="8440089560" visible="true" version="1" changeset="99630021" timestamp="2021-02-20T08:24:13Z" user="mulgist" uid="12368943" lat="35.0205638" lon="126.7924153">
  <tag k="crossing" v="marked"/>
  <tag k="highway" v="crossing"/>
 </node>
 <node id="8440089561" visible="true" version="2" changeset="144332579" timestamp="2023-11-22T16:15:50Z" user="asdfqwer51" uid="3350410" lat="35.0206770" lon="126.7925082"/>
 <node id="8440089562" visible="true" version="1" changeset="99630021" timestamp="2021-02-20T08:24:13Z" user="mulgist" uid="12368943" lat="35.0206341" lon="126.7925488">
  <tag k="crossing" v="marked"/>
  <tag k="highway" v="crossing"/>
 </node>
 <node id="8440089564" visible="true" version="1" changeset="99630021" timestamp="2021-02-20T08:24:13Z" user="mulgist" uid="12368943" lat="35.0210483" lon="126.7910739"/>
 <node id="8440089565" visible="true" version="1" changeset="99630021" timestamp="2021-02-20T08:24:13Z" user="mulgist" uid="12368943" lat="35.0210490" lon="126.7909842">
  <tag k="crossing" v="marked"/>
  <tag k="highway" v="crossing"/>
 </node>
 <node id="8440089566" visible="true" version="2" changeset="144332579" timestamp="2023-11-22T16:15:50Z" user="asdfqwer51" uid="3350410" lat="35.0208127" lon="126.7910296"/>
 <node id="8440089567" visible="true" version="2" changeset="144332579" timestamp="2023-11-22T16:15:50Z" user="asdfqwer51" uid="3350410" lat="35.0207344" lon="126.7910898"/>
 <node id="8440089568" visible="true" version="2" changeset="144332579" timestamp="2023-11-22T16:15:50Z" user="asdfqwer51" uid="3350410" lat="35.0207025" lon="126.7911668"/>
 <node id="8440089569" visible="true" version="2" changeset="144332579" timestamp="2023-11-22T16:15:50Z" user="asdfqwer51" uid="3350410" lat="35.0206869" lon="126.7913572"/>
 <node id="8440089570" visible="true" version="2" changeset="144332579" timestamp="2023-11-22T16:15:50Z" user="asdfqwer51" uid="3350410" lat="35.0206735" lon="126.7930547"/>
 <node id="8440089571" visible="true" version="2" changeset="144332579" timestamp="2023-11-22T16:15:50Z" user="asdfqwer51" uid="3350410" lat="35.0201468" lon="126.7936856"/>
 <node id="8440089572" visible="true" version="2" changeset="144332579" timestamp="2023-11-22T16:15:50Z" user="asdfqwer51" uid="3350410" lat="35.0178701" lon="126.7936670"/>
 <node id="8440089573" visible="true" version="2" changeset="144332579" timestamp="2023-11-22T16:15:50Z" user="asdfqwer51" uid="3350410" lat="35.0177895" lon="126.7936529"/>
 <node id="8440089574" visible="true" version="2" changeset="144332579" timestamp="2023-11-22T16:15:50Z" user="asdfqwer51" uid="3350410" lat="35.0177485" lon="126.7937076"/>
 <node id="8440089575" visible="true" version="2" changeset="144332579" timestamp="2023-11-22T16:15:50Z" user="asdfqwer51" uid="3350410" lat="35.0177675" lon="126.7940400"/>
 <node id="8440089576" visible="true" version="3" changeset="144332579" timestamp="2023-11-22T16:15:50Z" user="asdfqwer51" uid="3350410" lat="35.0203229" lon="126.7932574"/>
 <node id="8440089577" visible="true" version="3" changeset="144332579" timestamp="2023-11-22T16:15:50Z" user="asdfqwer51" uid="3350410" lat="35.0204066" lon="126.7933915"/>
 <node id="8440089578" visible="true" version="3" changeset="144332579" timestamp="2023-11-22T16:15:50Z" user="asdfqwer51" uid="3350410" lat="35.0203626" lon="126.7933272">
  <tag k="crossing" v="marked"/>
  <tag k="highway" v="crossing"/>
 </node>
 <node id="8440089579" visible="true" version="3" changeset="144332579" timestamp="2023-11-22T16:15:50Z" user="asdfqwer51" uid="3350410" lat="35.0199309" lon="126.7927625"/>
 <node id="8440089580" visible="true" version="2" changeset="100536009" timestamp="2021-03-06T13:32:44Z" user="mulgist" uid="12368943" lat="35.0198481" lon="126.7926769"/>
 <node id="8440089581" visible="true" version="2" changeset="100536009" timestamp="2021-03-06T13:32:44Z" user="mulgist" uid="12368943" lat="35.0198992" lon="126.7927362">
  <tag k="crossing" v="marked"/>
  <tag k="highway" v="crossing"/>
 </node>
 <node id="8440089582" visible="true" version="2" changeset="144332579" timestamp="2023-11-22T16:15:50Z" user="asdfqwer51" uid="3350410" lat="35.0191735" lon="126.7927356"/>
 <node id="8440089583" visible="true" version="2" changeset="144332579" timestamp="2023-11-22T16:15:50Z" user="asdfqwer51" uid="3350410" lat="35.0185767" lon="126.7934149"/>
 <node id="8440089584" visible="true" version="2" changeset="144332579" timestamp="2023-11-22T16:15:50Z" user="asdfqwer51" uid="3350410" lat="35.0185654" lon="126.7934796"/>
 <node id="8440089585" visible="true" version="2" changeset="144332579" timestamp="2023-11-22T16:15:50Z" user="asdfqwer51" uid="3350410" lat="35.0185931" lon="126.7935397"/>
 <node id="8440089586" visible="true" version="2" changeset="144332579" timestamp="2023-11-22T16:15:50Z" user="asdfqwer51" uid="3350410" lat="35.0186537" lon="126.7935520"/>
 <node id="8440089587" visible="true" version="2" changeset="144332579" timestamp="2023-11-22T16:15:50Z" user="asdfqwer51" uid="3350410" lat="35.0194520" lon="126.7935505"/>
 <node id="8440089588" visible="true" version="2" changeset="144332579" timestamp="2023-11-22T16:15:50Z" user="asdfqwer51" uid="3350410" lat="35.0194988" lon="126.7935274"/>
 <node id="8440089589" visible="true" version="2" changeset="144332579" timestamp="2023-11-22T16:15:50Z" user="asdfqwer51" uid="3350410" lat="35.0195550" lon="126.7934658"/>
 <node id="8440089590" visible="true" version="2" changeset="144332579" timestamp="2023-11-22T16:15:50Z" user="asdfqwer51" uid="3350410" lat="35.0195585" lon="126.7930856"/>
 <node id="8440089591" visible="true" version="2" changeset="144332579" timestamp="2023-11-22T16:15:50Z" user="asdfqwer51" uid="3350410" lat="35.0188527" lon="126.7922577"/>
 <node id="8440089592" visible="true" version="2" changeset="144332579" timestamp="2023-11-22T16:15:50Z" user="asdfqwer51" uid="3350410" lat="35.0187935" lon="126.7922685"/>
 <node id="8440089593" visible="true" version="2" changeset="144332579" timestamp="2023-11-22T16:15:50Z" user="asdfqwer51" uid="3350410" lat="35.0178891" lon="126.7933831"/>
 <node id="8440089594" visible="true" version="2" changeset="144332579" timestamp="2023-11-22T16:15:50Z" user="asdfqwer51" uid="3350410" lat="35.0178639" lon="126.7934771"/>
 <node id="8440089595" visible="true" version="2" changeset="144332579" timestamp="2023-11-22T16:15:50Z" user="asdfqwer51" uid="3350410" lat="35.0179270" lon="126.7935464"/>
 <node id="8440089596" visible="true" version="2" changeset="144332579" timestamp="2023-11-22T16:15:50Z" user="asdfqwer51" uid="3350410" lat="35.0183269" lon="126.7935433"/>
 <node id="8440089597" visible="true" version="2" changeset="144332579" timestamp="2023-11-22T16:15:50Z" user="asdfqwer51" uid="3350410" lat="35.0192222" lon="126.7927121"/>
 <node id="8440089598" visible="true" version="2" changeset="144332579" timestamp="2023-11-22T16:15:50Z" user="asdfqwer51" uid="3350410" lat="35.0191177" lon="126.7925932"/>
 <node id="8440089599" visible="true" version="2" changeset="144332579" timestamp="2023-11-22T16:15:50Z" user="asdfqwer51" uid="3350410" lat="35.0191568" lon="126.7926421">
  <tag k="crossing" v="marked"/>
  <tag k="highway" v="crossing"/>
 </node>
 <node id="8440089609" visible="true" version="1" changeset="99630021" timestamp="2021-02-20T08:24:13Z" user="mulgist" uid="12368943" lat="35.0196541" lon="126.7929169"/>
 <node id="8440089610" visible="true" version="2" changeset="144332579" timestamp="2023-11-22T16:15:50Z" user="asdfqwer51" uid="3350410" lat="35.0197217" lon="126.7929941"/>
 <node id="8440089611" visible="true" version="1" changeset="99630021" timestamp="2021-02-20T08:24:13Z" user="mulgist" uid="12368943" lat="35.0200371" lon="126.7924510"/>
 <node id="8440089612" visible="true" version="2" changeset="144332579" timestamp="2023-11-22T16:15:50Z" user="asdfqwer51" uid="3350410" lat="35.0201086" lon="126.7925252"/>
 <node id="8440089613" visible="true" version="1" changeset="99630021" timestamp="2021-02-20T08:24:13Z" user="mulgist" uid="12368943" lat="35.0200879" lon="126.7925182">
  <tag k="crossing" v="marked"/>
  <tag k="highway" v="crossing"/>
 </node>
 <node id="8440089614" visible="true" version="1" changeset="99630021" timestamp="2021-02-20T08:24:13Z" user="mulgist" uid="12368943" lat="35.0196894" lon="126.7929668">
  <tag k="crossing" v="marked"/>
  <tag k="highway" v="crossing"/>
 </node>
 <node id="8440089615" visible="true" version="2" changeset="144332579" timestamp="2023-11-22T16:15:50Z" user="asdfqwer51" uid="3350410" lat="35.0197040" lon="126.7935284"/>
 <node id="8440089616" visible="true" version="2" changeset="144332579" timestamp="2023-11-22T16:15:50Z" user="asdfqwer51" uid="3350410" lat="35.0196086" lon="126.7935279">
  <tag k="crossing" v="marked"/>
  <tag k="highway" v="crossing"/>
 </node>
 <node id="8440089617" visible="true" version="2" changeset="144332579" timestamp="2023-11-22T16:15:50Z" user="asdfqwer51" uid="3350410" lat="35.0197044" lon="126.7936798"/>
 <node id="8440089618" visible="true" version="2" changeset="144332579" timestamp="2023-11-22T16:15:50Z" user="asdfqwer51" uid="3350410" lat="35.0197060" lon="126.7936178">
  <tag k="crossing" v="marked"/>
  <tag k="highway" v="crossing"/>
 </node>
 <node id="8440089619" visible="true" version="2" changeset="144332579" timestamp="2023-11-22T16:15:50Z" user="asdfqwer51" uid="3350410" lat="35.0185883" lon="126.7934018"/>
 <node id="8440089620" visible="true" version="2" changeset="144332579" timestamp="2023-11-22T16:15:50Z" user="asdfqwer51" uid="3350410" lat="35.0185217" lon="126.7933093"/>
 <node id="8440089621" visible="true" version="2" changeset="144332579" timestamp="2023-11-22T16:15:50Z" user="asdfqwer51" uid="3350410" lat="35.0185587" lon="126.7933644">
  <tag k="crossing" v="marked"/>
  <tag k="highway" v="crossing"/>
 </node>
 <node id="8440089622" visible="true" version="2" changeset="144332579" timestamp="2023-11-22T16:15:50Z" user="asdfqwer51" uid="3350410" lat="35.0186387" lon="126.7935503"/>
 <node id="8440089623" visible="true" version="2" changeset="144332579" timestamp="2023-11-22T16:15:50Z" user="asdfqwer51" uid="3350410" lat="35.0186221" lon="126.7936732"/>
 <node id="8440089624" visible="true" version="2" changeset="144332579" timestamp="2023-11-22T16:15:50Z" user="asdfqwer51" uid="3350410" lat="35.0186437" lon="126.7936084">
  <tag k="crossing" v="marked"/>
  <tag k="highway" v="crossing"/>
 </node>
 <node id="8440089625" visible="true" version="2" changeset="144332579" timestamp="2023-11-22T16:15:50Z" user="asdfqwer51" uid="3350410" lat="35.0178712" lon="126.7934852"/>
 <node id="8440089627" visible="true" version="2" changeset="144332579" timestamp="2023-11-22T16:15:50Z" user="asdfqwer51" uid="3350410" lat="35.0176573" lon="126.7940414">
  <tag k="crossing" v="marked"/>
  <tag k="highway" v="crossing"/>
 </node>
 <node id="8440089628" visible="true" version="2" changeset="144332579" timestamp="2023-11-22T16:15:50Z" user="asdfqwer51" uid="3350410" lat="35.0197641" lon="126.7917811"/>
 <node id="8440089629" visible="true" version="1" changeset="99630021" timestamp="2021-02-20T08:24:13Z" user="mulgist" uid="12368943" lat="35.0199076" lon="126.7919684"/>
 <node id="8440089630" visible="true" version="1" changeset="99630021" timestamp="2021-02-20T08:24:13Z" user="mulgist" uid="12368943" lat="35.0198487" lon="126.7918863">
  <tag k="crossing" v="marked"/>
  <tag k="highway" v="crossing"/>
 </node>
 <node id="8440089631" visible="true" version="2" changeset="144332579" timestamp="2023-11-22T16:15:50Z" user="asdfqwer51" uid="3350410" lat="35.0206818" lon="126.7917785"/>
 <node id="8440089632" visible="true" version="1" changeset="99630021" timestamp="2021-02-20T08:24:13Z" user="mulgist" uid="12368943" lat="35.0205974" lon="126.7918228"/>
 <node id="8440089633" visible="true" version="1" changeset="99630021" timestamp="2021-02-20T08:24:13Z" user="mulgist" uid="12368943" lat="35.0206334" lon="126.7918216">
  <tag k="crossing" v="marked"/>
  <tag k="highway" v="crossing"/>
 </node>
 <node id="8440089634" visible="true" version="1" changeset="99630021" timestamp="2021-02-20T08:24:13Z" user="mulgist" uid="12368943" lat="35.0206394" lon="126.7911277">
  <tag k="crossing" v="marked"/>
  <tag k="highway" v="crossing"/>
 </node>
 <node id="8440089636" visible="true" version="2" changeset="144332579" timestamp="2023-11-22T16:15:50Z" user="asdfqwer51" uid="3350410" lat="35.0194016" lon="126.7912277"/>
 <node id="8440089637" visible="true" version="2" changeset="144332579" timestamp="2023-11-22T16:15:50Z" user="asdfqwer51" uid="3350410" lat="35.0194539" lon="126.7913058">
  <tag k="crossing" v="marked"/>
  <tag k="highway" v="crossing"/>
 </node>
 <node id="8440089638" visible="true" version="2" changeset="144332579" timestamp="2023-11-22T16:15:50Z" user="asdfqwer51" uid="3350410" lat="35.0187842" lon="126.7922801"/>
 <node id="8440089639" visible="true" version="1" changeset="99630021" timestamp="2021-02-20T08:24:13Z" user="mulgist" uid="12368943" lat="35.0186825" lon="126.7921815"/>
 <node id="8440089640" visible="true" version="2" changeset="144332579" timestamp="2023-11-22T16:15:50Z" user="asdfqwer51" uid="3350410" lat="35.0187276" lon="126.7922179">
  <tag k="crossing" v="marked"/>
  <tag k="highway" v="crossing"/>
 </node>
 <node id="8440089641" visible="true" version="2" changeset="144332579" timestamp="2023-11-22T16:15:50Z" user="asdfqwer51" uid="3350410" lat="35.0181682" lon="126.7930392"/>
 <node id="8440089642" visible="true" version="1" changeset="99630021" timestamp="2021-02-20T08:24:13Z" user="mulgist" uid="12368943" lat="35.0180693" lon="126.7929161"/>
 <node id="8440089643" visible="true" version="2" changeset="144332579" timestamp="2023-11-22T16:15:50Z" user="asdfqwer51" uid="3350410" lat="35.0181078" lon="126.7929529">
  <tag k="crossing" v="marked"/>
  <tag k="highway" v="crossing"/>
 </node>
 <node id="8440089644" visible="true" version="2" changeset="144332579" timestamp="2023-11-22T16:15:50Z" user="asdfqwer51" uid="3350410" lat="35.0176140" lon="126.7936174">
  <tag k="crossing" v="marked"/>
  <tag k="highway" v="crossing"/>
 </node>
 <node id="8449650028" visible="true" version="1" changeset="99833188" timestamp="2021-02-23T14:03:21Z" user="mulgist" uid="12368943" lat="35.0168049" lon="126.7951252"/>
 <node id="8449650123" visible="true" version="2" changeset="144332579" timestamp="2023-11-22T16:15:50Z" user="asdfqwer51" uid="3350410" lat="35.0178232" lon="126.7940906"/>
 <node id="8449650124" visible="true" version="2" changeset="144332579" timestamp="2023-11-22T16:15:50Z" user="asdfqwer51" uid="3350410" lat="35.0182120" lon="126.7940853"/>
 <node id="8449650125" visible="true" version="2" changeset="144332579" timestamp="2023-11-22T16:15:50Z" user="asdfqwer51" uid="3350410" lat="35.0183042" lon="126.7941282"/>
 <node id="8449650126" visible="true" version="2" changeset="144332579" timestamp="2023-11-22T16:15:50Z" user="asdfqwer51" uid="3350410" lat="35.0202787" lon="126.7941416"/>
 <node id="8449650127" visible="true" version="2" changeset="144332579" timestamp="2023-11-22T16:15:50Z" user="asdfqwer51" uid="3350410" lat="35.0204303" lon="126.7940772"/>
 <node id="8449650128" visible="true" version="2" changeset="144332579" timestamp="2023-11-22T16:15:50Z" user="asdfqwer51" uid="3350410" lat="35.0209238" lon="126.7941201"/>
 <node id="8449650129" visible="true" version="2" changeset="144332579" timestamp="2023-11-22T16:15:50Z" user="asdfqwer51" uid="3350410" lat="35.0209787" lon="126.7940933"/>
 <node id="8449650130" visible="true" version="2" changeset="144332579" timestamp="2023-11-22T16:15:50Z" user="asdfqwer51" uid="3350410" lat="35.0210095" lon="126.7940531"/>
 <node id="8449650131" visible="true" version="2" changeset="144332579" timestamp="2023-11-22T16:15:50Z" user="asdfqwer51" uid="3350410" lat="35.0210249" lon="126.7939834"/>
 <node id="8449650132" visible="true" version="2" changeset="144332579" timestamp="2023-11-22T16:15:50Z" user="asdfqwer51" uid="3350410" lat="35.0210402" lon="126.7934156"/>
 <node id="8449650133" visible="true" version="2" changeset="144332579" timestamp="2023-11-22T16:15:50Z" user="asdfqwer51" uid="3350410" lat="35.0210798" lon="126.7932466"/>
 <node id="8449650134" visible="true" version="2" changeset="144332579" timestamp="2023-11-22T16:15:50Z" user="asdfqwer51" uid="3350410" lat="35.0210864" lon="126.7919565"/>
 <node id="8449650135" visible="true" version="2" changeset="144332579" timestamp="2023-11-22T16:15:50Z" user="asdfqwer51" uid="3350410" lat="35.0210578" lon="126.7918036"/>
 <node id="8449650136" visible="true" version="3" changeset="144332579" timestamp="2023-11-22T16:15:50Z" user="asdfqwer51" uid="3350410" lat="35.0210819" lon="126.7911664"/>
 <node id="8449650137" visible="true" version="2" changeset="144332579" timestamp="2023-11-22T16:15:50Z" user="asdfqwer51" uid="3350410" lat="35.0210776" lon="126.7910967"/>
 <node id="8449650138" visible="true" version="2" changeset="144332579" timestamp="2023-11-22T16:15:50Z" user="asdfqwer51" uid="3350410" lat="35.0210666" lon="126.7910672"/>
 <node id="8449650139" visible="true" version="1" changeset="99833188" timestamp="2021-02-23T14:03:21Z" user="mulgist" uid="12368943" lat="35.0209436" lon="126.7944932"/>
 <node id="8449650140" visible="true" version="1" changeset="99833188" timestamp="2021-02-23T14:03:21Z" user="mulgist" uid="12368943" lat="35.0209458" lon="126.7942831">
  <tag k="crossing" v="marked"/>
  <tag k="highway" v="crossing"/>
 </node>
 <node id="8449650141" visible="true" version="2" changeset="144332579" timestamp="2023-11-22T16:15:50Z" user="asdfqwer51" uid="3350410" lat="35.0195933" lon="126.7936811"/>
 <node id="8449650142" visible="true" version="2" changeset="144332579" timestamp="2023-11-22T16:15:50Z" user="asdfqwer51" uid="3350410" lat="35.0195947" lon="126.7941209"/>
 <node id="8449650143" visible="true" version="2" changeset="144332579" timestamp="2023-11-22T16:15:50Z" user="asdfqwer51" uid="3350410" lat="35.0209448" lon="126.7938307"/>
 <node id="8449650144" visible="true" version="2" changeset="144332579" timestamp="2023-11-22T16:15:50Z" user="asdfqwer51" uid="3350410" lat="35.0210301" lon="126.7937905"/>
 <node id="8449650145" visible="true" version="2" changeset="144332579" timestamp="2023-11-22T16:15:50Z" user="asdfqwer51" uid="3350410" lat="35.0207250" lon="126.7941029"/>
 <node id="8449650146" visible="true" version="2" changeset="144332579" timestamp="2023-11-22T16:15:50Z" user="asdfqwer51" uid="3350410" lat="35.0209930" lon="126.7940747"/>
 <node id="8465313347" visible="true" version="2" changeset="144332579" timestamp="2023-11-22T16:15:50Z" user="asdfqwer51" uid="3350410" lat="35.0210164" lon="126.7940219"/>
 <node id="8491474146" visible="true" version="2" changeset="144332579" timestamp="2023-11-22T16:15:50Z" user="asdfqwer51" uid="3350410" lat="35.0204866" lon="126.7933472"/>
 <node id="8491474147" visible="true" version="2" changeset="144332579" timestamp="2023-11-22T16:15:50Z" user="asdfqwer51" uid="3350410" lat="35.0206605" lon="126.7935667"/>
 <node id="8491474148" visible="true" version="2" changeset="144332579" timestamp="2023-11-22T16:15:50Z" user="asdfqwer51" uid="3350410" lat="35.0209996" lon="126.7935897"/>
 <node id="8491474149" visible="true" version="2" changeset="144332579" timestamp="2023-11-22T16:15:50Z" user="asdfqwer51" uid="3350410" lat="35.0210089" lon="126.7930588"/>
 <node id="8491474150" visible="true" version="2" changeset="144332579" timestamp="2023-11-22T16:15:50Z" user="asdfqwer51" uid="3350410" lat="35.0206910" lon="126.7930694"/>
 <node id="8491474151" visible="true" version="2" changeset="144332579" timestamp="2023-11-22T16:15:50Z" user="asdfqwer51" uid="3350410" lat="35.0207210" lon="126.7937049"/>
 <node id="8491474152" visible="true" version="2" changeset="144332579" timestamp="2023-11-22T16:15:50Z" user="asdfqwer51" uid="3350410" lat="35.0197444" lon="126.7940594"/>
 <node id="8491474153" visible="true" version="2" changeset="144332579" timestamp="2023-11-22T16:15:50Z" user="asdfqwer51" uid="3350410" lat="35.0197450" lon="126.7939091"/>
 <node id="8491474154" visible="true" version="2" changeset="144332579" timestamp="2023-11-22T16:15:50Z" user="asdfqwer51" uid="3350410" lat="35.0198653" lon="126.7939097"/>
 <node id="8491474155" visible="true" version="2" changeset="144332579" timestamp="2023-11-22T16:15:50Z" user="asdfqwer51" uid="3350410" lat="35.0198657" lon="126.7937978"/>
 <node id="8491474156" visible="true" version="2" changeset="144332579" timestamp="2023-11-22T16:15:50Z" user="asdfqwer51" uid="3350410" lat="35.0201280" lon="126.7938006"/>
 <node id="8491474157" visible="true" version="2" changeset="144332579" timestamp="2023-11-22T16:15:50Z" user="asdfqwer51" uid="3350410" lat="35.0201284" lon="126.7940629"/>
 <node id="8491474158" visible="true" version="2" changeset="144332579" timestamp="2023-11-22T16:15:50Z" user="asdfqwer51" uid="3350410" lat="35.0197378" lon="126.7940579"/>
 <node id="8491474159" visible="true" version="2" changeset="144332579" timestamp="2023-11-22T16:15:50Z" user="asdfqwer51" uid="3350410" lat="35.0196113" lon="126.7940609"/>
 <node id="8491474160" visible="true" version="2" changeset="144332579" timestamp="2023-11-22T16:15:50Z" user="asdfqwer51" uid="3350410" lat="35.0196079" lon="126.7937103"/>
 <node id="8491474161" visible="true" version="2" changeset="144332579" timestamp="2023-11-22T16:15:50Z" user="asdfqwer51" uid="3350410" lat="35.0198593" lon="126.7937103"/>
 <node id="8491474162" visible="true" version="2" changeset="144332579" timestamp="2023-11-22T16:15:50Z" user="asdfqwer51" uid="3350410" lat="35.0198593" lon="126.7938932"/>
 <node id="8491474163" visible="true" version="2" changeset="144332579" timestamp="2023-11-22T16:15:50Z" user="asdfqwer51" uid="3350410" lat="35.0197386" lon="126.7938943"/>
 <node id="8491474164" visible="true" version="2" changeset="144332579" timestamp="2023-11-22T16:15:50Z" user="asdfqwer51" uid="3350410" lat="35.0199600" lon="126.7936841"/>
 <node id="8491474165" visible="true" version="2" changeset="144332579" timestamp="2023-11-22T16:15:50Z" user="asdfqwer51" uid="3350410" lat="35.0199592" lon="126.7937845"/>
 <node id="8491474166" visible="true" version="2" changeset="144332579" timestamp="2023-11-22T16:15:50Z" user="asdfqwer51" uid="3350410" lat="35.0196853" lon="126.7937855"/>
 <node id="8491474167" visible="true" version="2" changeset="144332579" timestamp="2023-11-22T16:15:50Z" user="asdfqwer51" uid="3350410" lat="35.0196845" lon="126.7940121"/>
 <node id="8491474168" visible="true" version="2" changeset="144332579" timestamp="2023-11-22T16:15:50Z" user="asdfqwer51" uid="3350410" lat="35.0206977" lon="126.7924259"/>
 <node id="8491474169" visible="true" version="2" changeset="144332579" timestamp="2023-11-22T16:15:50Z" user="asdfqwer51" uid="3350410" lat="35.0206970" lon="126.7930381"/>
 <node id="8491474170" visible="true" version="2" changeset="144332579" timestamp="2023-11-22T16:15:50Z" user="asdfqwer51" uid="3350410" lat="35.0210358" lon="126.7930358"/>
 <node id="8491474171" visible="true" version="2" changeset="144332579" timestamp="2023-11-22T16:15:50Z" user="asdfqwer51" uid="3350410" lat="35.0210398" lon="126.7924237"/>
 <node id="8491474172" visible="true" version="2" changeset="144332579" timestamp="2023-11-22T16:15:50Z" user="asdfqwer51" uid="3350410" lat="35.0207137" lon="126.7914037"/>
 <node id="8491474173" visible="true" version="2" changeset="144332579" timestamp="2023-11-22T16:15:50Z" user="asdfqwer51" uid="3350410" lat="35.0207069" lon="126.7917382"/>
 <node id="8491474174" visible="true" version="2" changeset="144332579" timestamp="2023-11-22T16:15:50Z" user="asdfqwer51" uid="3350410" lat="35.0210100" lon="126.7917386"/>
 <node id="8491474175" visible="true" version="2" changeset="144332579" timestamp="2023-11-22T16:15:50Z" user="asdfqwer51" uid="3350410" lat="35.0210158" lon="126.7914026"/>
 <node id="8491474176" visible="true" version="2" changeset="144332579" timestamp="2023-11-22T16:15:50Z" user="asdfqwer51" uid="3350410" lat="35.0207200" lon="126.7913878"/>
 <node id="8491474177" visible="true" version="2" changeset="144332579" timestamp="2023-11-22T16:15:50Z" user="asdfqwer51" uid="3350410" lat="35.0207208" lon="126.7911540"/>
 <node id="8491474178" visible="true" version="2" changeset="144332579" timestamp="2023-11-22T16:15:50Z" user="asdfqwer51" uid="3350410" lat="35.0207724" lon="126.7910859"/>
 <node id="8491474179" visible="true" version="2" changeset="144332579" timestamp="2023-11-22T16:15:50Z" user="asdfqwer51" uid="3350410" lat="35.0209971" lon="126.7910778"/>
 <node id="8491474180" visible="true" version="2" changeset="144332579" timestamp="2023-11-22T16:15:50Z" user="asdfqwer51" uid="3350410" lat="35.0210471" lon="126.7911276"/>
 <node id="8491474181" visible="true" version="2" changeset="144332579" timestamp="2023-11-22T16:15:50Z" user="asdfqwer51" uid="3350410" lat="35.0210437" lon="126.7913868"/>
 <node id="8512587332" visible="true" version="2" changeset="144332579" timestamp="2023-11-22T16:15:50Z" user="asdfqwer51" uid="3350410" lat="35.0198987" lon="126.7928234"/>
 <node id="8512587333" visible="true" version="2" changeset="144332579" timestamp="2023-11-22T16:15:50Z" user="asdfqwer51" uid="3350410" lat="35.0197142" lon="126.7930336"/>
 <node id="8512587334" visible="true" version="2" changeset="144332579" timestamp="2023-11-22T16:15:50Z" user="asdfqwer51" uid="3350410" lat="35.0196797" lon="126.7930978"/>
 <node id="8512587335" visible="true" version="2" changeset="144332579" timestamp="2023-11-22T16:15:50Z" user="asdfqwer51" uid="3350410" lat="35.0196692" lon="126.7934446"/>
 <node id="8512587336" visible="true" version="2" changeset="144332579" timestamp="2023-11-22T16:15:50Z" user="asdfqwer51" uid="3350410" lat="35.0196989" lon="126.7934901"/>
 <node id="8512587337" visible="true" version="2" changeset="144332579" timestamp="2023-11-22T16:15:50Z" user="asdfqwer51" uid="3350410" lat="35.0200668" lon="126.7934841"/>
 <node id="8512587338" visible="true" version="2" changeset="144332579" timestamp="2023-11-22T16:15:50Z" user="asdfqwer51" uid="3350410" lat="35.0202603" lon="126.7932605"/>
 <node id="8512587339" visible="true" version="2" changeset="144332579" timestamp="2023-11-22T16:15:50Z" user="asdfqwer51" uid="3350410" lat="35.0199922" lon="126.7927024"/>
 <node id="8512587340" visible="true" version="2" changeset="144332579" timestamp="2023-11-22T16:15:50Z" user="asdfqwer51" uid="3350410" lat="35.0203426" lon="126.7931624"/>
 <node id="8512587341" visible="true" version="2" changeset="144332579" timestamp="2023-11-22T16:15:50Z" user="asdfqwer51" uid="3350410" lat="35.0204733" lon="126.7930175"/>
 <node id="8512587342" visible="true" version="2" changeset="144332579" timestamp="2023-11-22T16:15:50Z" user="asdfqwer51" uid="3350410" lat="35.0203250" lon="126.7928284"/>
 <node id="8512587343" visible="true" version="2" changeset="144332579" timestamp="2023-11-22T16:15:50Z" user="asdfqwer51" uid="3350410" lat="35.0205348" lon="126.7928284"/>
 <node id="8512587344" visible="true" version="2" changeset="144332579" timestamp="2023-11-22T16:15:50Z" user="asdfqwer51" uid="3350410" lat="35.0205370" lon="126.7925294"/>
 <node id="8512587345" visible="true" version="2" changeset="144332579" timestamp="2023-11-22T16:15:50Z" user="asdfqwer51" uid="3350410" lat="35.0204997" lon="126.7924851"/>
 <node id="8512587346" visible="true" version="2" changeset="144332579" timestamp="2023-11-22T16:15:50Z" user="asdfqwer51" uid="3350410" lat="35.0201899" lon="126.7924811"/>
 <node id="8512587347" visible="true" version="1" changeset="100942064" timestamp="2021-03-13T06:03:15Z" user="mulgist" uid="12368943" lat="35.0199341" lon="126.7919114"/>
 <node id="8512587348" visible="true" version="1" changeset="100942064" timestamp="2021-03-13T06:03:15Z" user="mulgist" uid="12368943" lat="35.0199309" lon="126.7919918"/>
 <node id="8512587349" visible="true" version="1" changeset="100942064" timestamp="2021-03-13T06:03:15Z" user="mulgist" uid="12368943" lat="35.0201747" lon="126.7922856"/>
 <node id="8512587350" visible="true" version="1" changeset="100942064" timestamp="2021-03-13T06:03:15Z" user="mulgist" uid="12368943" lat="35.0202186" lon="126.7923151"/>
 <node id="8512587351" visible="true" version="1" changeset="100942064" timestamp="2021-03-13T06:03:15Z" user="mulgist" uid="12368943" lat="35.0203065" lon="126.7923151"/>
 <node id="8512587352" visible="true" version="1" changeset="100942064" timestamp="2021-03-13T06:03:15Z" user="mulgist" uid="12368943" lat="35.0203131" lon="126.7917893"/>
 <node id="8512587353" visible="true" version="1" changeset="100942064" timestamp="2021-03-13T06:03:15Z" user="mulgist" uid="12368943" lat="35.0200550" lon="126.7917867"/>
 <node id="8512587354" visible="true" version="1" changeset="100942064" timestamp="2021-03-13T06:03:15Z" user="mulgist" uid="12368943" lat="35.0191825" lon="126.7918595"/>
 <node id="8512587355" visible="true" version="2" changeset="144332579" timestamp="2023-11-22T16:15:50Z" user="asdfqwer51" uid="3350410" lat="35.0185994" lon="126.7934529"/>
 <node id="8512587356" visible="true" version="2" changeset="144332579" timestamp="2023-11-22T16:15:50Z" user="asdfqwer51" uid="3350410" lat="35.0186166" lon="126.7935277"/>
 <node id="8512587357" visible="true" version="2" changeset="144332579" timestamp="2023-11-22T16:15:50Z" user="asdfqwer51" uid="3350410" lat="35.0192151" lon="126.7935230"/>
 <node id="8512587358" visible="true" version="2" changeset="144332579" timestamp="2023-11-22T16:15:50Z" user="asdfqwer51" uid="3350410" lat="35.0192094" lon="126.7933023"/>
 <node id="8512587359" visible="true" version="2" changeset="144332579" timestamp="2023-11-22T16:15:50Z" user="asdfqwer51" uid="3350410" lat="35.0190662" lon="126.7933067"/>
 <node id="8512587360" visible="true" version="2" changeset="144332579" timestamp="2023-11-22T16:15:50Z" user="asdfqwer51" uid="3350410" lat="35.0190452" lon="126.7932723"/>
 <node id="8512587361" visible="true" version="2" changeset="144332579" timestamp="2023-11-22T16:15:50Z" user="asdfqwer51" uid="3350410" lat="35.0191160" lon="126.7931549"/>
 <node id="8512587362" visible="true" version="2" changeset="144332579" timestamp="2023-11-22T16:15:50Z" user="asdfqwer51" uid="3350410" lat="35.0189995" lon="126.7929942"/>
 <node id="8512587363" visible="true" version="2" changeset="144332579" timestamp="2023-11-22T16:15:50Z" user="asdfqwer51" uid="3350410" lat="35.0190187" lon="126.7929827"/>
 <node id="8512587364" visible="true" version="2" changeset="144332579" timestamp="2023-11-22T16:15:50Z" user="asdfqwer51" uid="3350410" lat="35.0191922" lon="126.7932299"/>
 <node id="8512587365" visible="true" version="2" changeset="144332579" timestamp="2023-11-22T16:15:50Z" user="asdfqwer51" uid="3350410" lat="35.0195196" lon="126.7930688"/>
 <node id="8512587366" visible="true" version="2" changeset="144332579" timestamp="2023-11-22T16:15:50Z" user="asdfqwer51" uid="3350410" lat="35.0192723" lon="126.7927900"/>
 <node id="8512587367" visible="true" version="2" changeset="144332579" timestamp="2023-11-22T16:15:50Z" user="asdfqwer51" uid="3350410" lat="35.0191954" lon="126.7927823"/>
 <node id="8512587368" visible="true" version="2" changeset="144332579" timestamp="2023-11-22T16:15:50Z" user="asdfqwer51" uid="3350410" lat="35.0186689" lon="126.7925073"/>
 <node id="8512587369" visible="true" version="2" changeset="144332579" timestamp="2023-11-22T16:15:50Z" user="asdfqwer51" uid="3350410" lat="35.0189117" lon="126.7928104"/>
 <node id="8512587370" visible="true" version="2" changeset="144332579" timestamp="2023-11-22T16:15:50Z" user="asdfqwer51" uid="3350410" lat="35.0190720" lon="126.7926213"/>
 <node id="8512587371" visible="true" version="2" changeset="144332579" timestamp="2023-11-22T16:15:50Z" user="asdfqwer51" uid="3350410" lat="35.0190753" lon="126.7925636"/>
 <node id="8512587372" visible="true" version="2" changeset="144332579" timestamp="2023-11-22T16:15:50Z" user="asdfqwer51" uid="3350410" lat="35.0188787" lon="126.7923209"/>
 <node id="8512587373" visible="true" version="2" changeset="144332579" timestamp="2023-11-22T16:15:50Z" user="asdfqwer51" uid="3350410" lat="35.0188315" lon="126.7923209"/>
 <node id="8515603866" visible="true" version="1" changeset="100975184" timestamp="2021-03-14T01:47:50Z" user="LuxuryCoop_Import" uid="12611025" lat="35.0133066" lon="126.7902377">
  <tag k="addr:housenumber" v="70"/>
  <tag k="addr:street" v="호수로"/>
  <tag k="amenity" v="restaurant"/>
  <tag k="cuisine" v="korean"/>
  <tag k="internet_access" v="wlan"/>
  <tag k="name" v="해아추어탕"/>
  <tag k="phone" v="+82 61 334 8820"/>
  <tag k="reservation" v="yes"/>
  <tag k="source" v="공공데이터포털"/>
  <tag k="source:date" v="2020-11-20 9:34"/>
  <tag k="takeaway" v="yes"/>
 </node>
 <node id="8515603870" visible="true" version="1" changeset="100975184" timestamp="2021-03-14T01:47:50Z" user="LuxuryCoop_Import" uid="12611025" lat="35.0188533" lon="126.7925547">
  <tag k="addr:door" v="105.106"/>
  <tag k="addr:housenumber" v="22"/>
  <tag k="addr:street" v="배멧1길"/>
  <tag k="amenity" v="restaurant"/>
  <tag k="internet_access" v="wlan"/>
  <tag k="name" v="진성루"/>
  <tag k="phone" v="+82 61 333 9677"/>
  <tag k="reservation" v="yes"/>
  <tag k="source" v="공공데이터포털"/>
  <tag k="source:date" v="2020-11-24 15:07"/>
  <tag k="takeaway" v="yes"/>
 </node>
 <node id="8515603875" visible="true" version="1" changeset="100975184" timestamp="2021-03-14T01:47:50Z" user="LuxuryCoop_Import" uid="12611025" lat="35.0197241" lon="126.7859787">
  <tag k="addr:door" v="117.118"/>
  <tag k="addr:housenumber" v="19-7"/>
  <tag k="addr:street" v="배멧3길"/>
  <tag k="amenity" v="restaurant"/>
  <tag k="cuisine" v="korean"/>
  <tag k="internet_access" v="wlan"/>
  <tag k="name" v="왕십리돌곱창구이"/>
  <tag k="phone" v="+82 61 334 7722"/>
  <tag k="reservation" v="yes"/>
  <tag k="source" v="공공데이터포털"/>
  <tag k="source:date" v="2020-11-19 9:36"/>
  <tag k="takeaway" v="yes"/>
 </node>
 <node id="8515603890" visible="true" version="1" changeset="100975184" timestamp="2021-03-14T01:47:50Z" user="LuxuryCoop_Import" uid="12611025" lat="35.0203799" lon="126.7914172">
  <tag k="addr:door" v="우성드림시티상가101"/>
  <tag k="addr:housenumber" v="46"/>
  <tag k="addr:street" v="배멧1길"/>
  <tag k="amenity" v="restaurant"/>
  <tag k="capacity" v="13"/>
  <tag k="cuisine" v="korean"/>
  <tag k="internet_access" v="wlan"/>
  <tag k="name" v="무등산염소탕"/>
  <tag k="phone" v="+82 61 336 9989"/>
  <tag k="reservation" v="yes"/>
  <tag k="source" v="공공데이터포털"/>
  <tag k="source:date" v="2020-11-19 15:38"/>
  <tag k="takeaway" v="yes"/>
 </node>
 <node id="8515603894" visible="true" version="1" changeset="100975184" timestamp="2021-03-14T01:47:50Z" user="LuxuryCoop_Import" uid="12611025" lat="35.0203794" lon="126.7913481">
  <tag k="addr:housenumber" v="46"/>
  <tag k="addr:street" v="배멧1길"/>
  <tag k="amenity" v="restaurant"/>
  <tag k="cuisine" v="korean"/>
  <tag k="internet_access" v="wlan"/>
  <tag k="name" v="미풍해장국나주혁신본점"/>
  <tag k="phone" v="+82 61 335 6333"/>
  <tag k="reservation" v="yes"/>
  <tag k="source" v="공공데이터포털"/>
  <tag k="source:date" v="2020-11-19 15:28"/>
  <tag k="takeaway" v="yes"/>
 </node>
 <node id="8515703223" visible="true" version="1" changeset="100975184" timestamp="2021-03-14T01:47:20Z" user="LuxuryCoop_Import" uid="12611025" lat="35.0188731" lon="126.7925889">
  <tag k="addr:housenumber" v="22"/>
  <tag k="addr:street" v="배멧1길"/>
  <tag k="amenity" v="restaurant"/>
  <tag k="cuisine" v="fish"/>
  <tag k="internet_access" v="wlan"/>
  <tag k="name" v="아지트횟집"/>
  <tag k="phone" v="+82 61 337 9289"/>
  <tag k="reservation" v="yes"/>
  <tag k="source" v="공공데이터포털"/>
  <tag k="source:date" v="2020-11-19 18:51"/>
  <tag k="takeaway" v="yes"/>
 </node>
 <node id="8515709575" visible="true" version="1" changeset="100975184" timestamp="2021-03-14T01:47:51Z" user="LuxuryCoop_Import" uid="12611025" lat="35.0180960" lon="126.7934113">
  <tag k="addr:door" v="휴먼프라자114.115"/>
  <tag k="addr:housenumber" v="10"/>
  <tag k="addr:street" v="배멧1길"/>
  <tag k="amenity" v="restaurant"/>
  <tag k="cuisine" v="korean"/>
  <tag k="internet_access" v="wlan"/>
  <tag k="name" v="전설의김또깡고깃집빛가람점"/>
  <tag k="phone" v="+82 61 334 9691"/>
  <tag k="reservation" v="yes"/>
  <tag k="source" v="공공데이터포털"/>
  <tag k="source:date" v="2020-11-19 18:39"/>
  <tag k="takeaway" v="no"/>
 </node>
 <node id="8515709579" visible="true" version="1" changeset="100975184" timestamp="2021-03-14T01:47:51Z" user="LuxuryCoop_Import" uid="12611025" lat="35.0133215" lon="126.7905357">
  <tag k="addr:door" v="다일빌딩203"/>
  <tag k="addr:housenumber" v="74"/>
  <tag k="addr:street" v="호수로"/>
  <tag k="amenity" v="restaurant"/>
  <tag k="capacity" v="12"/>
  <tag k="internet_access" v="wlan"/>
  <tag k="name" v="고모네뽈찜"/>
  <tag k="phone" v="+82 61 334 1986"/>
  <tag k="reservation" v="yes"/>
  <tag k="source" v="공공데이터포털"/>
  <tag k="source:date" v="2020-11-19 18:54"/>
  <tag k="takeaway" v="yes"/>
 </node>
 <node id="8515709881" visible="true" version="1" changeset="100975184" timestamp="2021-03-14T01:47:48Z" user="LuxuryCoop_Import" uid="12611025" lat="35.0202010" lon="126.7861270">
  <tag k="addr:door" v="204.205"/>
  <tag k="addr:housenumber" v="19-13"/>
  <tag k="addr:street" v="배멧3길"/>
  <tag k="amenity" v="restaurant"/>
  <tag k="capacity" v="23"/>
  <tag k="cuisine" v="korean"/>
  <tag k="internet_access" v="wlan"/>
  <tag k="name" v="전주양반돌솥밥"/>
  <tag k="phone" v="+82 61 334 5578"/>
  <tag k="reservation" v="yes"/>
  <tag k="source" v="공공데이터포털"/>
  <tag k="source:date" v="2020-11-19 11:37"/>
  <tag k="takeaway" v="yes"/>
 </node>
 <node id="8515709884" visible="true" version="1" changeset="100975184" timestamp="2021-03-14T01:47:48Z" user="LuxuryCoop_Import" uid="12611025" lat="35.0207777" lon="126.7933338">
  <tag k="addr:door" v="206"/>
  <tag k="addr:housenumber" v="746"/>
  <tag k="addr:street" v="빛가람로"/>
  <tag k="amenity" v="restaurant"/>
  <tag k="capacity" v="8"/>
  <tag k="cuisine" v="korean"/>
  <tag k="internet_access" v="wlan"/>
  <tag k="name" v="빛가람미촌"/>
  <tag k="phone" v="+82 61 333 2322"/>
  <tag k="reservation" v="yes"/>
  <tag k="source" v="공공데이터포털"/>
  <tag k="source:date" v="2020-11-25 14:51"/>
  <tag k="takeaway" v="yes"/>
 </node>
 <node id="8515709886" visible="true" version="1" changeset="100975184" timestamp="2021-03-14T01:47:48Z" user="LuxuryCoop_Import" uid="12611025" lat="35.0191242" lon="126.7921506">
  <tag k="addr:door" v="101.102.103"/>
  <tag k="addr:housenumber" v="26"/>
  <tag k="addr:street" v="배멧1길"/>
  <tag k="amenity" v="restaurant"/>
  <tag k="internet_access" v="no"/>
  <tag k="name" v="일품왕소금구이"/>
  <tag k="phone" v="+82 61 334 5777"/>
  <tag k="reservation" v="yes"/>
  <tag k="source" v="공공데이터포털"/>
  <tag k="source:date" v="2020-11-19 18:41"/>
  <tag k="takeaway" v="no"/>
 </node>
 <node id="8515709895" visible="true" version="1" changeset="100975184" timestamp="2021-03-14T01:47:48Z" user="LuxuryCoop_Import" uid="12611025" lat="35.0181350" lon="126.7933583">
  <tag k="addr:door" v="휴먼프라자108호.109"/>
  <tag k="addr:housenumber" v="10"/>
  <tag k="addr:street" v="배멧1길"/>
  <tag k="amenity" v="restaurant"/>
  <tag k="cuisine" v="beef"/>
  <tag k="internet_access" v="wlan"/>
  <tag k="name" v="영암한우"/>
  <tag k="phone" v="+82 61 803 9200"/>
  <tag k="reservation" v="yes"/>
  <tag k="source" v="공공데이터포털"/>
  <tag k="source:date" v="2020-11-23 16:04"/>
  <tag k="takeaway" v="yes"/>
 </node>
 <node id="8515709897" visible="true" version="3" changeset="163971755" timestamp="2025-03-23T05:18:51Z" user="chiho_kang" uid="10604125" lat="35.0181464" lon="126.7938820">
  <tag k="addr:city" v="나주시"/>
  <tag k="addr:door" v="108.109.110.111"/>
  <tag k="addr:housename" v="아주타워제1동"/>
  <tag k="addr:housenumber" v="355"/>
  <tag k="addr:postcode" v="58325"/>
  <tag k="addr:province" v="전라남도"/>
  <tag k="addr:street" v="그린로"/>
  <tag k="addr:subdistrict" v="빛가람동"/>
  <tag k="amenity" v="restaurant"/>
  <tag k="cuisine" v="fish"/>
  <tag k="internet_access" v="wlan"/>
  <tag k="name" v="어란"/>
  <tag k="phone" v="+82 61 333 3233"/>
  <tag k="reservation" v="yes"/>
  <tag k="source" v="공공데이터포털"/>
  <tag k="source:date" v="2020-11-19 18:31"/>
  <tag k="takeaway" v="yes"/>
 </node>
 <node id="8515709902" visible="true" version="1" changeset="100975184" timestamp="2021-03-14T01:47:48Z" user="LuxuryCoop_Import" uid="12611025" lat="35.0181443" lon="126.7934113">
  <tag k="addr:housenumber" v="10"/>
  <tag k="addr:street" v="배멧1길"/>
  <tag k="amenity" v="restaurant"/>
  <tag k="internet_access" v="wlan"/>
  <tag k="level" v="4"/>
  <tag k="name" v="더하이난"/>
  <tag k="phone" v="+82 61 334 6666"/>
  <tag k="reservation" v="yes"/>
  <tag k="source" v="공공데이터포털"/>
  <tag k="source:date" v="2020-11-25 13:05"/>
  <tag k="takeaway" v="yes"/>
 </node>
 <node id="8515709906" visible="true" version="1" changeset="100975184" timestamp="2021-03-14T01:47:48Z" user="LuxuryCoop_Import" uid="12611025" lat="35.0193571" lon="126.7933549">
  <tag k="addr:door" v="101호.103"/>
  <tag k="addr:housenumber" v="17"/>
  <tag k="addr:street" v="배멧2길"/>
  <tag k="amenity" v="restaurant"/>
  <tag k="internet_access" v="wlan"/>
  <tag k="name" v="여수바다민물장어"/>
  <tag k="phone" v="+82 61 337 8892"/>
  <tag k="reservation" v="yes"/>
  <tag k="source" v="공공데이터포털"/>
  <tag k="source:date" v="2020-11-20 10:31"/>
  <tag k="takeaway" v="yes"/>
 </node>
 <node id="8515711827" visible="true" version="1" changeset="100975184" timestamp="2021-03-14T01:47:50Z" user="LuxuryCoop_Import" uid="12611025" lat="35.0166300" lon="126.7844532">
  <tag k="addr:door" v="109.11"/>
  <tag k="addr:housenumber" v="204"/>
  <tag k="addr:street" v="문화로"/>
  <tag k="amenity" v="restaurant"/>
  <tag k="cuisine" v="congee"/>
  <tag k="internet_access" v="wlan"/>
  <tag k="name" v="명품상무팥죽나주혁신점"/>
  <tag k="phone" v="+82 61 333 5711"/>
  <tag k="reservation" v="yes"/>
  <tag k="source" v="공공데이터포털"/>
  <tag k="source:date" v="2020-11-19 9:31"/>
  <tag k="takeaway" v="yes"/>
 </node>
 <node id="8515711828" visible="true" version="1" changeset="100975184" timestamp="2021-03-14T01:47:50Z" user="LuxuryCoop_Import" uid="12611025" lat="35.0177719" lon="126.7852089">
  <tag k="addr:door" v="158"/>
  <tag k="addr:housenumber" v="216"/>
  <tag k="addr:street" v="문화로"/>
  <tag k="amenity" v="restaurant"/>
  <tag k="internet_access" v="wlan"/>
  <tag k="name" v="효비초밥"/>
  <tag k="phone" v="+82 61 820 7009"/>
  <tag k="reservation" v="yes"/>
  <tag k="source" v="공공데이터포털"/>
  <tag k="source:date" v="2020-11-19 9:33"/>
  <tag k="takeaway" v="yes"/>
 </node>
 <node id="9355272317" visible="true" version="4" changeset="144397454" timestamp="2023-11-24T08:19:48Z" user="asdfqwer51" uid="3350410" lat="35.0171107" lon="126.7944364">
  <tag k="bus" v="yes"/>
  <tag k="departures_board" v="realtime"/>
  <tag k="highway" v="bus_stop"/>
  <tag k="name" v="루멘하임아파트"/>
  <tag k="name:en" v="Lumenheim Apartment"/>
  <tag k="name:ko" v="루멘하임아파트"/>
  <tag k="operator" v="나주시"/>
  <tag k="public_transport" v="platform"/>
  <tag k="ref" v="2880"/>
  <tag k="shelter" v="yes"/>
 </node>
 <node id="9355272321" visible="true" version="3" changeset="144397454" timestamp="2023-11-24T08:19:48Z" user="asdfqwer51" uid="3350410" lat="35.0167941" lon="126.7942638">
  <tag k="bus" v="yes"/>
  <tag k="departures_board" v="realtime"/>
  <tag k="highway" v="bus_stop"/>
  <tag k="name" v="루멘하임아파트"/>
  <tag k="name:en" v="Lumenheim Apartment"/>
  <tag k="operator" v="나주시"/>
  <tag k="public_transport" v="platform"/>
  <tag k="ref" v="2879"/>
  <tag k="shelter" v="yes"/>
 </node>
 <node id="9355272339" visible="true" version="3" changeset="144397454" timestamp="2023-11-24T08:19:48Z" user="asdfqwer51" uid="3350410" lat="35.0143964" lon="126.7842107">
  <tag k="bus" v="yes"/>
  <tag k="departures_board" v="realtime"/>
  <tag k="highway" v="bus_stop"/>
  <tag k="name" v="이지더원아파트"/>
  <tag k="name:en" v="EG the 1 Apartments"/>
  <tag k="operator" v="나주시"/>
  <tag k="public_transport" v="platform"/>
  <tag k="ref" v="2887"/>
  <tag k="shelter" v="yes"/>
 </node>
 <node id="9355272375" visible="true" version="2" changeset="132610737" timestamp="2023-02-16T05:19:26Z" user="KSMEB" uid="3737374" lat="35.0205387" lon="126.7941378">
  <tag k="bus" v="yes"/>
  <tag k="departures_board" v="realtime"/>
  <tag k="highway" v="bus_stop"/>
  <tag k="name" v="전파진흥원"/>
  <tag k="name:en" v="Korea Communications Agency"/>
  <tag k="operator" v="나주시"/>
  <tag k="public_transport" v="platform"/>
  <tag k="ref" v="2875"/>
  <tag k="shelter" v="yes"/>
 </node>
 <node id="9355272376" visible="true" version="2" changeset="132610737" timestamp="2023-02-16T05:19:26Z" user="KSMEB" uid="3737374" lat="35.0206623" lon="126.7944544">
  <tag k="bus" v="yes"/>
  <tag k="departures_board" v="realtime"/>
  <tag k="highway" v="bus_stop"/>
  <tag k="name" v="전파진흥원"/>
  <tag k="name:en" v="Korea Communications Agency"/>
  <tag k="operator" v="나주시"/>
  <tag k="public_transport" v="platform"/>
  <tag k="ref" v="2876"/>
  <tag k="shelter" v="yes"/>
 </node>
 <node id="9355272377" visible="true" version="2" changeset="132610737" timestamp="2023-02-16T05:19:26Z" user="KSMEB" uid="3737374" lat="35.0206182" lon="126.7851551">
  <tag k="bus" v="yes"/>
  <tag k="departures_board" v="realtime"/>
  <tag k="highway" v="bus_stop"/>
  <tag k="name" v="사학연금공단"/>
  <tag k="name:en" v="Teachers' Pension"/>
  <tag k="operator" v="나주시"/>
  <tag k="public_transport" v="platform"/>
  <tag k="ref" v="2872"/>
  <tag k="shelter" v="yes"/>
 </node>
 <node id="9355272378" visible="true" version="3" changeset="144397454" timestamp="2023-11-24T08:19:48Z" user="asdfqwer51" uid="3350410" lat="35.0205667" lon="126.7847852">
  <tag k="bus" v="yes"/>
  <tag k="departures_board" v="realtime"/>
  <tag k="highway" v="bus_stop"/>
  <tag k="name" v="사학연금공단"/>
  <tag k="name:en" v="Teachers' Pension"/>
  <tag k="operator" v="나주시"/>
  <tag k="public_transport" v="platform"/>
  <tag k="ref" v="2871"/>
  <tag k="shelter" v="yes"/>
 </node>
 <node id="9905166605" visible="true" version="2" changeset="185763392" timestamp="2026-07-15T06:20:29Z" user="야광멧돼지" uid="12393144" lat="35.0200216" lon="126.7898724"/>
 <node id="9905166606" visible="true" version="1" changeset="123960556" timestamp="2022-07-23T03:06:23Z" user="FUKUTAN" uid="5207199" lat="35.0205168" lon="126.7895645"/>
 <node id="9905166607" visible="true" version="1" changeset="123960556" timestamp="2022-07-23T03:06:23Z" user="FUKUTAN" uid="5207199" lat="35.0202526" lon="126.7894372"/>
 <node id="9905166608" visible="true" version="1" changeset="123960556" timestamp="2022-07-23T03:06:23Z" user="FUKUTAN" uid="5207199" lat="35.0199788" lon="126.7892241"/>
 <node id="9905166609" visible="true" version="1" changeset="123960556" timestamp="2022-07-23T03:06:23Z" user="FUKUTAN" uid="5207199" lat="35.0195745" lon="126.7887075"/>
 <node id="9905166610" visible="true" version="1" changeset="123960556" timestamp="2022-07-23T03:06:23Z" user="FUKUTAN" uid="5207199" lat="35.0207784" lon="126.7896227"/>
 <node id="9905166611" visible="true" version="1" changeset="123960556" timestamp="2022-07-23T03:06:23Z" user="FUKUTAN" uid="5207199" lat="35.0205508" lon="126.7896480"/>
 <node id="9905166612" visible="true" version="1" changeset="123960556" timestamp="2022-07-23T03:06:23Z" user="FUKUTAN" uid="5207199" lat="35.0204015" lon="126.7896185"/>
 <node id="9905166613" visible="true" version="1" changeset="123960556" timestamp="2022-07-23T03:06:23Z" user="FUKUTAN" uid="5207199" lat="35.0198022" lon="126.7895348"/>
 <node id="9905166614" visible="true" version="1" changeset="123960556" timestamp="2022-07-23T03:06:23Z" user="FUKUTAN" uid="5207199" lat="35.0191644" lon="126.7891508"/>
 <node id="9905166615" visible="true" version="1" changeset="123960556" timestamp="2022-07-23T03:06:23Z" user="FUKUTAN" uid="5207199" lat="35.0187705" lon="126.7885483"/>
 <node id="9905166616" visible="true" version="1" changeset="123960556" timestamp="2022-07-23T03:06:23Z" user="FUKUTAN" uid="5207199" lat="35.0177838" lon="126.7873855"/>
 <node id="9905228717" visible="true" version="1" changeset="123960556" timestamp="2022-07-23T03:06:23Z" user="FUKUTAN" uid="5207199" lat="35.0174969" lon="126.7869932"/>
 <node id="9905228718" visible="true" version="1" changeset="123960556" timestamp="2022-07-23T03:06:23Z" user="FUKUTAN" uid="5207199" lat="35.0171450" lon="126.7869372"/>
 <node id="9905228719" visible="true" version="1" changeset="123960556" timestamp="2022-07-23T03:06:23Z" user="FUKUTAN" uid="5207199" lat="35.0158064" lon="126.7867177"/>
 <node id="9905228720" visible="true" version="1" changeset="123960556" timestamp="2022-07-23T03:06:23Z" user="FUKUTAN" uid="5207199" lat="35.0153972" lon="126.7866617"/>
 <node id="9905228721" visible="true" version="1" changeset="123960556" timestamp="2022-07-23T03:06:23Z" user="FUKUTAN" uid="5207199" lat="35.0152174" lon="126.7865449"/>
 <node id="9905228722" visible="true" version="1" changeset="123960556" timestamp="2022-07-23T03:06:23Z" user="FUKUTAN" uid="5207199" lat="35.0205754" lon="126.7895777"/>
 <node id="9905228723" visible="true" version="1" changeset="123960556" timestamp="2022-07-23T03:06:23Z" user="FUKUTAN" uid="5207199" lat="35.0207545" lon="126.7895869"/>
 <node id="9905228724" visible="true" version="1" changeset="123960556" timestamp="2022-07-23T03:06:23Z" user="FUKUTAN" uid="5207199" lat="35.0208756" lon="126.7895792"/>
 <node id="9905228725" visible="true" version="1" changeset="123960556" timestamp="2022-07-23T03:06:23Z" user="FUKUTAN" uid="5207199" lat="35.0210195" lon="126.7895500"/>
 <node id="9905228726" visible="true" version="1" changeset="123960556" timestamp="2022-07-23T03:06:23Z" user="FUKUTAN" uid="5207199" lat="35.0210538" lon="126.7895377"/>
 <node id="9905228727" visible="true" version="1" changeset="123960556" timestamp="2022-07-23T03:06:23Z" user="FUKUTAN" uid="5207199" lat="35.0210547" lon="126.7895994"/>
 <node id="9905228728" visible="true" version="1" changeset="123960556" timestamp="2022-07-23T03:06:23Z" user="FUKUTAN" uid="5207199" lat="35.0208327" lon="126.7896409"/>
 <node id="9905228729" visible="true" version="1" changeset="123960556" timestamp="2022-07-23T03:06:23Z" user="FUKUTAN" uid="5207199" lat="35.0207772" lon="126.7896501"/>
 <node id="9905228730" visible="true" version="1" changeset="123960556" timestamp="2022-07-23T03:06:23Z" user="FUKUTAN" uid="5207199" lat="35.0207318" lon="126.7896686"/>
 <node id="9905228739" visible="true" version="1" changeset="123960556" timestamp="2022-07-23T03:06:23Z" user="FUKUTAN" uid="5207199" lat="35.0222386" lon="126.7896097"/>
 <node id="9905228797" visible="true" version="1" changeset="123960556" timestamp="2022-07-23T03:06:23Z" user="FUKUTAN" uid="5207199" lat="35.0229414" lon="126.7896321"/>
 <node id="9909151238" visible="true" version="1" changeset="124040733" timestamp="2022-07-25T08:53:04Z" user="FUKUTAN" uid="5207199" lat="35.0183157" lon="126.7869685"/>
 <node id="9909151239" visible="true" version="1" changeset="124040733" timestamp="2022-07-25T08:53:04Z" user="FUKUTAN" uid="5207199" lat="35.0185809" lon="126.7872883"/>
 <node id="9909151240" visible="true" version="1" changeset="124040733" timestamp="2022-07-25T08:53:04Z" user="FUKUTAN" uid="5207199" lat="35.0186749" lon="126.7874661"/>
 <node id="9909151241" visible="true" version="1" changeset="124040733" timestamp="2022-07-25T08:53:04Z" user="FUKUTAN" uid="5207199" lat="35.0181005" lon="126.7872633"/>
 <node id="9909151242" visible="true" version="1" changeset="124040733" timestamp="2022-07-25T08:53:04Z" user="FUKUTAN" uid="5207199" lat="35.0182069" lon="126.7873934"/>
 <node id="9909151243" visible="true" version="1" changeset="124040733" timestamp="2022-07-25T08:53:04Z" user="FUKUTAN" uid="5207199" lat="35.0182618" lon="126.7874332"/>
 <node id="9909151244" visible="true" version="1" changeset="124040733" timestamp="2022-07-25T08:53:04Z" user="FUKUTAN" uid="5207199" lat="35.0180894" lon="126.7869028"/>
 <node id="9909151245" visible="true" version="1" changeset="124040733" timestamp="2022-07-25T08:53:04Z" user="FUKUTAN" uid="5207199" lat="35.0177059" lon="126.7864067"/>
 <node id="9909151246" visible="true" version="1" changeset="124040733" timestamp="2022-07-25T08:53:04Z" user="FUKUTAN" uid="5207199" lat="35.0176919" lon="126.7863973"/>
 <node id="9909151247" visible="true" version="1" changeset="124040733" timestamp="2022-07-25T08:53:04Z" user="FUKUTAN" uid="5207199" lat="35.0176669" lon="126.7863825"/>
 <node id="9909151306" visible="true" version="2" changeset="142293243" timestamp="2023-10-08T07:35:55Z" user="FUKUTAN" uid="5207199" lat="35.0112794" lon="126.7910332">
  <tag k="highway" v="crossing"/>
 </node>
 <node id="9909151307" visible="true" version="2" changeset="142293243" timestamp="2023-10-08T07:35:55Z" user="FUKUTAN" uid="5207199" lat="35.0099317" lon="126.7910243">
  <tag k="highway" v="crossing"/>
 </node>
 <node id="9909151308" visible="true" version="1" changeset="124040733" timestamp="2022-07-25T08:53:04Z" user="FUKUTAN" uid="5207199" lat="35.0106001" lon="126.7910253"/>
 <node id="9909151309" visible="true" version="1" changeset="124040733" timestamp="2022-07-25T08:53:04Z" user="FUKUTAN" uid="5207199" lat="35.0105938" lon="126.7882558"/>
 <node id="9909151311" visible="true" version="1" changeset="124040733" timestamp="2022-07-25T08:53:04Z" user="FUKUTAN" uid="5207199" lat="35.0124801" lon="126.7894880"/>
 <node id="9909151312" visible="true" version="1" changeset="124040733" timestamp="2022-07-25T08:53:04Z" user="FUKUTAN" uid="5207199" lat="35.0123092" lon="126.7896463"/>
 <node id="9909151314" visible="true" version="2" changeset="144325400" timestamp="2023-11-22T12:55:22Z" user="asdfqwer51" uid="3350410" lat="35.0124823" lon="126.7882332"/>
 <node id="9909151315" visible="true" version="1" changeset="124040733" timestamp="2022-07-25T08:53:04Z" user="FUKUTAN" uid="5207199" lat="35.0124801" lon="126.7893827">
  <tag k="highway" v="crossing"/>
 </node>
 <node id="9909151316" visible="true" version="1" changeset="124040733" timestamp="2022-07-25T08:53:04Z" user="FUKUTAN" uid="5207199" lat="35.0124798" lon="126.7898738">
  <tag k="highway" v="crossing"/>
 </node>
 <node id="9909151317" visible="true" version="1" changeset="124040733" timestamp="2022-07-25T08:53:04Z" user="FUKUTAN" uid="5207199" lat="35.0124788" lon="126.7910235"/>
 <node id="9909151318" visible="true" version="1" changeset="124040733" timestamp="2022-07-25T08:53:04Z" user="FUKUTAN" uid="5207199" lat="35.0140641" lon="126.7897979"/>
 <node id="9909151319" visible="true" version="1" changeset="124040733" timestamp="2022-07-25T08:53:04Z" user="FUKUTAN" uid="5207199" lat="35.0150831" lon="126.7897377"/>
 <node id="9909151320" visible="true" version="1" changeset="124040733" timestamp="2022-07-25T08:53:04Z" user="FUKUTAN" uid="5207199" lat="35.0154542" lon="126.7897391"/>
 <node id="9909151321" visible="true" version="1" changeset="124040733" timestamp="2022-07-25T08:53:04Z" user="FUKUTAN" uid="5207199" lat="35.0150338" lon="126.7912224"/>
 <node id="9909151322" visible="true" version="1" changeset="124040733" timestamp="2022-07-25T08:53:04Z" user="FUKUTAN" uid="5207199" lat="35.0153759" lon="126.7912171"/>
 <node id="9909151323" visible="true" version="1" changeset="124040733" timestamp="2022-07-25T08:53:04Z" user="FUKUTAN" uid="5207199" lat="35.0155338" lon="126.7911216"/>
 <node id="9909151324" visible="true" version="1" changeset="124040733" timestamp="2022-07-25T08:53:04Z" user="FUKUTAN" uid="5207199" lat="35.0155875" lon="126.7910331"/>
 <node id="9909151325" visible="true" version="1" changeset="124040733" timestamp="2022-07-25T08:53:04Z" user="FUKUTAN" uid="5207199" lat="35.0155860" lon="126.7908473"/>
 <node id="9909151326" visible="true" version="1" changeset="124040733" timestamp="2022-07-25T08:53:04Z" user="FUKUTAN" uid="5207199" lat="35.0155437" lon="126.7911390"/>
 <node id="9909151327" visible="true" version="1" changeset="124040733" timestamp="2022-07-25T08:53:04Z" user="FUKUTAN" uid="5207199" lat="35.0150239" lon="126.7906303"/>
 <node id="9909151328" visible="true" version="1" changeset="124040733" timestamp="2022-07-25T08:53:04Z" user="FUKUTAN" uid="5207199" lat="35.0155456" lon="126.7906256"/>
 <node id="9909151329" visible="true" version="1" changeset="124040733" timestamp="2022-07-25T08:53:04Z" user="FUKUTAN" uid="5207199" lat="35.0152867" lon="126.7912185"/>
 <node id="9909151330" visible="true" version="1" changeset="124040733" timestamp="2022-07-25T08:53:04Z" user="FUKUTAN" uid="5207199" lat="35.0152847" lon="126.7907587"/>
 <node id="9909151331" visible="true" version="1" changeset="124040733" timestamp="2022-07-25T08:53:04Z" user="FUKUTAN" uid="5207199" lat="35.0154470" lon="126.7911741"/>
 <node id="9909151332" visible="true" version="1" changeset="124040733" timestamp="2022-07-25T08:53:04Z" user="FUKUTAN" uid="5207199" lat="35.0154424" lon="126.7907563"/>
 <node id="9909151333" visible="true" version="1" changeset="124040733" timestamp="2022-07-25T08:53:04Z" user="FUKUTAN" uid="5207199" lat="35.0150261" lon="126.7907587"/>
 <node id="9909151334" visible="true" version="1" changeset="124040733" timestamp="2022-07-25T08:53:04Z" user="FUKUTAN" uid="5207199" lat="35.0149108" lon="126.7912214"/>
 <node id="9909151335" visible="true" version="1" changeset="124040733" timestamp="2022-07-25T08:53:04Z" user="FUKUTAN" uid="5207199" lat="35.0149005" lon="126.7902583"/>
 <node id="9909151336" visible="true" version="1" changeset="124040733" timestamp="2022-07-25T08:53:04Z" user="FUKUTAN" uid="5207199" lat="35.0149044" lon="126.7906300"/>
 <node id="9909151337" visible="true" version="1" changeset="124040733" timestamp="2022-07-25T08:53:04Z" user="FUKUTAN" uid="5207199" lat="35.0149058" lon="126.7907603"/>
 <node id="9909151338" visible="true" version="1" changeset="124040733" timestamp="2022-07-25T08:53:04Z" user="FUKUTAN" uid="5207199" lat="35.0149929" lon="126.7888679"/>
 <node id="9909151449" visible="true" version="1" changeset="124040733" timestamp="2022-07-25T08:53:04Z" user="FUKUTAN" uid="5207199" lat="35.0113531" lon="126.7817441"/>
 <node id="9909151450" visible="true" version="1" changeset="124040733" timestamp="2022-07-25T08:53:04Z" user="FUKUTAN" uid="5207199" lat="35.0113713" lon="126.7810255"/>
 <node id="9909151451" visible="true" version="1" changeset="124040733" timestamp="2022-07-25T08:53:04Z" user="FUKUTAN" uid="5207199" lat="35.0112463" lon="126.7805813"/>
 <node id="9909151524" visible="true" version="2" changeset="144325400" timestamp="2023-11-22T12:55:22Z" user="asdfqwer51" uid="3350410" lat="35.0099448" lon="126.7882582">
  <tag k="highway" v="crossing"/>
 </node>
 <node id="9909151525" visible="true" version="3" changeset="142293243" timestamp="2023-10-08T07:35:55Z" user="FUKUTAN" uid="5207199" lat="35.0131321" lon="126.7882425">
  <tag k="highway" v="crossing"/>
 </node>
 <node id="9909151526" visible="true" version="1" changeset="124040733" timestamp="2022-07-25T08:53:04Z" user="FUKUTAN" uid="5207199" lat="35.0094733" lon="126.7882598">
  <tag k="highway" v="crossing"/>
 </node>
 <node id="9909151527" visible="true" version="2" changeset="142293243" timestamp="2023-10-08T07:35:55Z" user="FUKUTAN" uid="5207199" lat="35.0112592" lon="126.7882535">
  <tag k="highway" v="crossing"/>
 </node>
 <node id="9909151528" visible="true" version="4" changeset="144325400" timestamp="2023-11-22T12:55:22Z" user="asdfqwer51" uid="3350410" lat="35.0118145" lon="126.7882297">
  <tag k="highway" v="crossing"/>
 </node>
 <node id="9909151529" visible="true" version="1" changeset="124040733" timestamp="2022-07-25T08:53:04Z" user="FUKUTAN" uid="5207199" lat="35.0118121" lon="126.7910257">
  <tag k="highway" v="crossing"/>
 </node>
 <node id="9909151530" visible="true" version="1" changeset="124040733" timestamp="2022-07-25T08:53:04Z" user="FUKUTAN" uid="5207199" lat="35.0131244" lon="126.7910214">
  <tag k="highway" v="crossing"/>
 </node>
 <node id="9909151531" visible="true" version="1" changeset="124040733" timestamp="2022-07-25T08:53:04Z" user="FUKUTAN" uid="5207199" lat="35.0115504" lon="126.7922100">
  <tag k="highway" v="crossing"/>
 </node>
 <node id="10120628522" visible="true" version="1" changeset="127916765" timestamp="2022-10-22T10:41:35Z" user="FUKUTAN" uid="5207199" lat="35.0087595" lon="126.7910366"/>
 <node id="10120628523" visible="true" version="1" changeset="127916765" timestamp="2022-10-22T10:41:35Z" user="FUKUTAN" uid="5207199" lat="35.0086953" lon="126.7911223"/>
 <node id="10120628524" visible="true" version="1" changeset="127916765" timestamp="2022-10-22T10:41:35Z" user="FUKUTAN" uid="5207199" lat="35.0090363" lon="126.7910321">
  <tag k="highway" v="crossing"/>
 </node>
 <node id="10120628544" visible="true" version="1" changeset="127916765" timestamp="2022-10-22T10:41:35Z" user="FUKUTAN" uid="5207199" lat="35.0087871" lon="126.7882503"/>
 <node id="10120628545" visible="true" version="1" changeset="127916765" timestamp="2022-10-22T10:41:35Z" user="FUKUTAN" uid="5207199" lat="35.0086801" lon="126.7881735"/>
 <node id="10120628589" visible="true" version="1" changeset="127916765" timestamp="2022-10-22T10:41:35Z" user="FUKUTAN" uid="5207199" lat="35.0125709" lon="126.7944599"/>
 <node id="10120628590" visible="true" version="1" changeset="127916765" timestamp="2022-10-22T10:41:35Z" user="FUKUTAN" uid="5207199" lat="35.0128687" lon="126.7944959"/>
 <node id="10120628591" visible="true" version="1" changeset="127916765" timestamp="2022-10-22T10:41:35Z" user="FUKUTAN" uid="5207199" lat="35.0121292" lon="126.7930743"/>
 <node id="10120628592" visible="true" version="1" changeset="127916765" timestamp="2022-10-22T10:41:35Z" user="FUKUTAN" uid="5207199" lat="35.0120569" lon="126.7930693"/>
 <node id="10120628593" visible="true" version="1" changeset="127916765" timestamp="2022-10-22T10:41:35Z" user="FUKUTAN" uid="5207199" lat="35.0118897" lon="126.7929606"/>
 <node id="10120628594" visible="true" version="1" changeset="127916765" timestamp="2022-10-22T10:41:35Z" user="FUKUTAN" uid="5207199" lat="35.0118334" lon="126.7928236"/>
 <node id="10120628595" visible="true" version="1" changeset="127916765" timestamp="2022-10-22T10:41:35Z" user="FUKUTAN" uid="5207199" lat="35.0136212" lon="126.7952594">
  <tag k="crossing" v="marked"/>
  <tag k="highway" v="crossing"/>
 </node>
 <node id="10250221741" visible="true" version="2" changeset="132610737" timestamp="2023-02-16T05:19:26Z" user="KSMEB" uid="3737374" lat="35.0168472" lon="126.7904778">
  <tag k="ele" v="83.1"/>
  <tag k="name" v="베메산"/>
  <tag k="natural" v="peak"/>
 </node>
 <node id="10719045182" visible="true" version="1" changeset="133403728" timestamp="2023-03-07T13:38:58Z" user="FUKUTAN" uid="5207199" lat="35.0122380" lon="126.7930749"/>
 <node id="10719045189" visible="true" version="1" changeset="133403728" timestamp="2023-03-07T13:38:58Z" user="FUKUTAN" uid="5207199" lat="35.0132382" lon="126.7951894"/>
 <node id="10719045190" visible="true" version="1" changeset="133403728" timestamp="2023-03-07T13:38:58Z" user="FUKUTAN" uid="5207199" lat="35.0132454" lon="126.7943719"/>
 <node id="10719045191" visible="true" version="1" changeset="133403728" timestamp="2023-03-07T13:38:58Z" user="FUKUTAN" uid="5207199" lat="35.0131821" lon="126.7942822"/>
 <node id="10719045193" visible="true" version="2" changeset="144397454" timestamp="2023-11-24T08:19:48Z" user="asdfqwer51" uid="3350410" lat="35.0186017" lon="126.7811548"/>
 <node id="10719045194" visible="true" version="1" changeset="133403728" timestamp="2023-03-07T13:38:58Z" user="FUKUTAN" uid="5207199" lat="35.0179537" lon="126.7811027"/>
 <node id="10719045195" visible="true" version="2" changeset="144397454" timestamp="2023-11-24T08:19:48Z" user="asdfqwer51" uid="3350410" lat="35.0177263" lon="126.7818263"/>
 <node id="10719045196" visible="true" version="1" changeset="133403728" timestamp="2023-03-07T13:38:58Z" user="FUKUTAN" uid="5207199" lat="35.0171801" lon="126.7830937"/>
 <node id="10729277274" visible="true" version="1" changeset="133576907" timestamp="2023-03-12T08:16:26Z" user="FUKUTAN" uid="5207199" lat="35.0198439" lon="126.7849487"/>
 <node id="10729277275" visible="true" version="1" changeset="133576907" timestamp="2023-03-12T08:16:26Z" user="FUKUTAN" uid="5207199" lat="35.0196894" lon="126.7849411"/>
 <node id="10729277276" visible="true" version="1" changeset="133576907" timestamp="2023-03-12T08:16:26Z" user="FUKUTAN" uid="5207199" lat="35.0152500" lon="126.7829696"/>
 <node id="10729277277" visible="true" version="1" changeset="133576907" timestamp="2023-03-12T08:16:26Z" user="FUKUTAN" uid="5207199" lat="35.0147387" lon="126.7824666"/>
 <node id="10729277292" visible="true" version="2" changeset="144397454" timestamp="2023-11-24T08:19:48Z" user="asdfqwer51" uid="3350410" lat="35.0159923" lon="126.7835150"/>
 <node id="10729284652" visible="true" version="1" changeset="133576767" timestamp="2023-03-12T08:09:37Z" user="FUKUTAN" uid="5207199" lat="35.0136274" lon="126.7971320"/>
 <node id="10729284657" visible="true" version="1" changeset="133576767" timestamp="2023-03-12T08:09:37Z" user="FUKUTAN" uid="5207199" lat="35.0137677" lon="126.7971303">
  <tag k="highway" v="crossing"/>
 </node>
 <node id="10729284671" visible="true" version="1" changeset="133576767" timestamp="2023-03-12T08:09:37Z" user="FUKUTAN" uid="5207199" lat="35.0114318" lon="126.7826903"/>
 <node id="11217164568" visible="true" version="2" changeset="144325400" timestamp="2023-11-22T12:55:22Z" user="asdfqwer51" uid="3350410" lat="35.0143801" lon="126.7838467"/>
 <node id="11217164570" visible="true" version="1" changeset="141712425" timestamp="2023-09-25T05:17:57Z" user="FUKUTAN" uid="5207199" lat="35.0147846" lon="126.7856944"/>
 <node id="11217164571" visible="true" version="1" changeset="141712425" timestamp="2023-09-25T05:17:57Z" user="FUKUTAN" uid="5207199" lat="35.0160368" lon="126.7852879"/>
 <node id="11217164586" visible="true" version="1" changeset="141712425" timestamp="2023-09-25T05:17:57Z" user="FUKUTAN" uid="5207199" lat="35.0139580" lon="126.7910180"/>
 <node id="11217164587" visible="true" version="1" changeset="141712425" timestamp="2023-09-25T05:17:57Z" user="FUKUTAN" uid="5207199" lat="35.0139447" lon="126.7903168"/>
 <node id="11217164588" visible="true" version="1" changeset="141712425" timestamp="2023-09-25T05:17:57Z" user="FUKUTAN" uid="5207199" lat="35.0139314" lon="126.7902964"/>
 <node id="11217164589" visible="true" version="1" changeset="141712425" timestamp="2023-09-25T05:17:57Z" user="FUKUTAN" uid="5207199" lat="35.0139064" lon="126.7902842"/>
 <node id="11217164590" visible="true" version="1" changeset="141712425" timestamp="2023-09-25T05:17:57Z" user="FUKUTAN" uid="5207199" lat="35.0138354" lon="126.7902801"/>
 <node id="11247572746" visible="true" version="1" changeset="142293243" timestamp="2023-10-08T07:35:55Z" user="FUKUTAN" uid="5207199" lat="35.0188008" lon="126.7863280"/>
 <node id="11247572747" visible="true" version="1" changeset="142293243" timestamp="2023-10-08T07:35:55Z" user="FUKUTAN" uid="5207199" lat="35.0184845" lon="126.7864086"/>
 <node id="11247572768" visible="true" version="1" changeset="142293243" timestamp="2023-10-08T07:35:55Z" user="FUKUTAN" uid="5207199" lat="35.0195660" lon="126.7784529"/>
 <node id="11247572770" visible="true" version="1" changeset="142293243" timestamp="2023-10-08T07:35:55Z" user="FUKUTAN" uid="5207199" lat="35.0195993" lon="126.7782837"/>
 <node id="11364530168" visible="true" version="1" changeset="144253772" timestamp="2023-11-20T16:16:32Z" user="asdfqwer51" uid="3350410" lat="35.0193070" lon="126.7803779"/>
 <node id="11368479652" visible="true" version="1" changeset="144324593" timestamp="2023-11-22T12:33:34Z" user="asdfqwer51" uid="3350410" lat="35.0137956" lon="126.7846050"/>
 <node id="11368479659" visible="true" version="1" changeset="144324593" timestamp="2023-11-22T12:33:34Z" user="asdfqwer51" uid="3350410" lat="35.0143235" lon="126.7820372"/>
 <node id="11368479662" visible="true" version="1" changeset="144324593" timestamp="2023-11-22T12:33:34Z" user="asdfqwer51" uid="3350410" lat="35.0105190" lon="126.7825758"/>
 <node id="11368479664" visible="true" version="1" changeset="144324593" timestamp="2023-11-22T12:33:34Z" user="asdfqwer51" uid="3350410" lat="35.0101821" lon="126.7833249">
  <tag k="highway" v="traffic_signals"/>
  <tag k="traffic_signals" v="signal"/>
 </node>
 <node id="11368479666" visible="true" version="1" changeset="144324593" timestamp="2023-11-22T12:33:34Z" user="asdfqwer51" uid="3350410" lat="35.0099862" lon="126.7836894"/>
 <node id="11368479668" visible="true" version="1" changeset="144324593" timestamp="2023-11-22T12:33:34Z" user="asdfqwer51" uid="3350410" lat="35.0098930" lon="126.7839692"/>
 <node id="11368511170" visible="true" version="1" changeset="144324593" timestamp="2023-11-22T12:33:34Z" user="asdfqwer51" uid="3350410" lat="35.0097831" lon="126.7843187"/>
 <node id="11368511172" visible="true" version="1" changeset="144324593" timestamp="2023-11-22T12:33:34Z" user="asdfqwer51" uid="3350410" lat="35.0096981" lon="126.7846389"/>
 <node id="11368511174" visible="true" version="1" changeset="144324593" timestamp="2023-11-22T12:33:34Z" user="asdfqwer51" uid="3350410" lat="35.0096455" lon="126.7848725"/>
 <node id="11368511177" visible="true" version="1" changeset="144324593" timestamp="2023-11-22T12:33:34Z" user="asdfqwer51" uid="3350410" lat="35.0095696" lon="126.7853330"/>
 <node id="11368511179" visible="true" version="2" changeset="144397454" timestamp="2023-11-24T08:19:48Z" user="asdfqwer51" uid="3350410" lat="35.0095264" lon="126.7857267">
  <tag k="highway" v="traffic_signals"/>
  <tag k="traffic_signals" v="signal"/>
 </node>
 <node id="11368511181" visible="true" version="1" changeset="144324593" timestamp="2023-11-22T12:33:34Z" user="asdfqwer51" uid="3350410" lat="35.0095166" lon="126.7858748"/>
 <node id="11368511183" visible="true" version="1" changeset="144324593" timestamp="2023-11-22T12:33:34Z" user="asdfqwer51" uid="3350410" lat="35.0094639" lon="126.7870805">
  <tag k="highway" v="traffic_signals"/>
  <tag k="traffic_signals" v="signal"/>
 </node>
 <node id="11368511185" visible="true" version="1" changeset="144324593" timestamp="2023-11-22T12:33:34Z" user="asdfqwer51" uid="3350410" lat="35.0112617" lon="126.7870433"/>
 <node id="11368511186" visible="true" version="1" changeset="144324593" timestamp="2023-11-22T12:33:34Z" user="asdfqwer51" uid="3350410" lat="35.0105905" lon="126.7870614"/>
 <node id="11368511187" visible="true" version="1" changeset="144324593" timestamp="2023-11-22T12:33:34Z" user="asdfqwer51" uid="3350410" lat="35.0099437" lon="126.7870634"/>
 <node id="11368585992" visible="true" version="1" changeset="144326721" timestamp="2023-11-22T13:28:24Z" user="asdfqwer51" uid="3350410" lat="35.0191635" lon="126.7948047"/>
 <node id="11368585993" visible="true" version="1" changeset="144326721" timestamp="2023-11-22T13:28:24Z" user="asdfqwer51" uid="3350410" lat="35.0191614" lon="126.7960868"/>
 <node id="11368585994" visible="true" version="1" changeset="144326721" timestamp="2023-11-22T13:28:24Z" user="asdfqwer51" uid="3350410" lat="35.0191297" lon="126.7960868"/>
 <node id="11368585995" visible="true" version="1" changeset="144326721" timestamp="2023-11-22T13:28:24Z" user="asdfqwer51" uid="3350410" lat="35.0191296" lon="126.7961599"/>
 <node id="11368585996" visible="true" version="1" changeset="144326721" timestamp="2023-11-22T13:28:24Z" user="asdfqwer51" uid="3350410" lat="35.0189680" lon="126.7961595"/>
 <node id="11368585997" visible="true" version="1" changeset="144326721" timestamp="2023-11-22T13:28:24Z" user="asdfqwer51" uid="3350410" lat="35.0189681" lon="126.7960942"/>
 <node id="11368585998" visible="true" version="1" changeset="144326721" timestamp="2023-11-22T13:28:24Z" user="asdfqwer51" uid="3350410" lat="35.0188569" lon="126.7960939"/>
 <node id="11368585999" visible="true" version="1" changeset="144326721" timestamp="2023-11-22T13:28:24Z" user="asdfqwer51" uid="3350410" lat="35.0188570" lon="126.7960148"/>
 <node id="11368586000" visible="true" version="1" changeset="144326721" timestamp="2023-11-22T13:28:24Z" user="asdfqwer51" uid="3350410" lat="35.0188112" lon="126.7960147"/>
 <node id="11368586001" visible="true" version="1" changeset="144326721" timestamp="2023-11-22T13:28:24Z" user="asdfqwer51" uid="3350410" lat="35.0188115" lon="126.7957814"/>
 <node id="11368586002" visible="true" version="1" changeset="144326721" timestamp="2023-11-22T13:28:24Z" user="asdfqwer51" uid="3350410" lat="35.0186949" lon="126.7957812"/>
 <node id="11368586003" visible="true" version="1" changeset="144326721" timestamp="2023-11-22T13:28:24Z" user="asdfqwer51" uid="3350410" lat="35.0186960" lon="126.7949759"/>
 <node id="11368586004" visible="true" version="1" changeset="144326721" timestamp="2023-11-22T13:28:24Z" user="asdfqwer51" uid="3350410" lat="35.0188011" lon="126.7949761"/>
 <node id="11368586005" visible="true" version="1" changeset="144326721" timestamp="2023-11-22T13:28:24Z" user="asdfqwer51" uid="3350410" lat="35.0188015" lon="126.7947225"/>
 <node id="11368586006" visible="true" version="1" changeset="144326721" timestamp="2023-11-22T13:28:24Z" user="asdfqwer51" uid="3350410" lat="35.0191171" lon="126.7947232"/>
 <node id="11368586007" visible="true" version="1" changeset="144326721" timestamp="2023-11-22T13:28:24Z" user="asdfqwer51" uid="3350410" lat="35.0191169" lon="126.7948046"/>
 <node id="11368586008" visible="true" version="1" changeset="144326721" timestamp="2023-11-22T13:28:24Z" user="asdfqwer51" uid="3350410" lat="35.0195985" lon="126.7962033"/>
 <node id="11368586009" visible="true" version="1" changeset="144326721" timestamp="2023-11-22T13:28:24Z" user="asdfqwer51" uid="3350410" lat="35.0192707" lon="126.7944493"/>
 <node id="11368586010" visible="true" version="1" changeset="144326721" timestamp="2023-11-22T13:28:24Z" user="asdfqwer51" uid="3350410" lat="35.0192723" lon="126.7942842"/>
 <node id="11368586011" visible="true" version="1" changeset="144326721" timestamp="2023-11-22T13:28:24Z" user="asdfqwer51" uid="3350410" lat="35.0193618" lon="126.7945846"/>
 <node id="11368586012" visible="true" version="1" changeset="144326721" timestamp="2023-11-22T13:28:24Z" user="asdfqwer51" uid="3350410" lat="35.0193610" lon="126.7946426"/>
 <node id="11368586013" visible="true" version="1" changeset="144326721" timestamp="2023-11-22T13:28:24Z" user="asdfqwer51" uid="3350410" lat="35.0195083" lon="126.7946456"/>
 <node id="11368586014" visible="true" version="1" changeset="144326721" timestamp="2023-11-22T13:28:24Z" user="asdfqwer51" uid="3350410" lat="35.0195091" lon="126.7945877"/>
 <node id="11368586015" visible="true" version="1" changeset="144326721" timestamp="2023-11-22T13:28:24Z" user="asdfqwer51" uid="3350410" lat="35.0192340" lon="126.7948017"/>
 <node id="11368586016" visible="true" version="1" changeset="144326721" timestamp="2023-11-22T13:28:24Z" user="asdfqwer51" uid="3350410" lat="35.0192349" lon="126.7961655"/>
 <node id="11368586017" visible="true" version="1" changeset="144326721" timestamp="2023-11-22T13:28:24Z" user="asdfqwer51" uid="3350410" lat="35.0191902" lon="126.7961655"/>
 <node id="11368586018" visible="true" version="1" changeset="144326721" timestamp="2023-11-22T13:28:24Z" user="asdfqwer51" uid="3350410" lat="35.0191895" lon="126.7948017"/>
 <node id="11368586019" visible="true" version="1" changeset="144326721" timestamp="2023-11-22T13:28:24Z" user="asdfqwer51" uid="3350410" lat="35.0196770" lon="126.7956431"/>
 <node id="11368586020" visible="true" version="1" changeset="144326721" timestamp="2023-11-22T13:28:24Z" user="asdfqwer51" uid="3350410" lat="35.0196751" lon="126.7961147"/>
 <node id="11368586021" visible="true" version="1" changeset="144326721" timestamp="2023-11-22T13:28:24Z" user="asdfqwer51" uid="3350410" lat="35.0195452" lon="126.7961139"/>
 <node id="11368586022" visible="true" version="1" changeset="144326721" timestamp="2023-11-22T13:28:24Z" user="asdfqwer51" uid="3350410" lat="35.0195471" lon="126.7956423"/>
 <node id="11368586023" visible="true" version="1" changeset="144326721" timestamp="2023-11-22T13:28:24Z" user="asdfqwer51" uid="3350410" lat="35.0196798" lon="126.7961326"/>
 <node id="11368586024" visible="true" version="1" changeset="144326721" timestamp="2023-11-22T13:28:24Z" user="asdfqwer51" uid="3350410" lat="35.0196773" lon="126.7963186"/>
 <node id="11368586025" visible="true" version="1" changeset="144326721" timestamp="2023-11-22T13:28:24Z" user="asdfqwer51" uid="3350410" lat="35.0195740" lon="126.7963369"/>
 <node id="11368586026" visible="true" version="1" changeset="144326721" timestamp="2023-11-22T13:28:24Z" user="asdfqwer51" uid="3350410" lat="35.0192952" lon="126.7963409"/>
 <node id="11368586027" visible="true" version="1" changeset="144326721" timestamp="2023-11-22T13:28:24Z" user="asdfqwer51" uid="3350410" lat="35.0192969" lon="126.7959608"/>
 <node id="11368586028" visible="true" version="1" changeset="144326721" timestamp="2023-11-22T13:28:24Z" user="asdfqwer51" uid="3350410" lat="35.0193959" lon="126.7959557"/>
 <node id="11368586029" visible="true" version="1" changeset="144326721" timestamp="2023-11-22T13:28:24Z" user="asdfqwer51" uid="3350410" lat="35.0193959" lon="126.7958775"/>
 <node id="11368586030" visible="true" version="1" changeset="144326721" timestamp="2023-11-22T13:28:24Z" user="asdfqwer51" uid="3350410" lat="35.0194450" lon="126.7958775"/>
 <node id="11368586031" visible="true" version="1" changeset="144326721" timestamp="2023-11-22T13:28:24Z" user="asdfqwer51" uid="3350410" lat="35.0194459" lon="126.7961397"/>
 <node id="11368586032" visible="true" version="1" changeset="144326721" timestamp="2023-11-22T13:28:24Z" user="asdfqwer51" uid="3350410" lat="35.0196651" lon="126.7949202"/>
 <node id="11368586033" visible="true" version="1" changeset="144326721" timestamp="2023-11-22T13:28:24Z" user="asdfqwer51" uid="3350410" lat="35.0196702" lon="126.7955887"/>
 <node id="11368586034" visible="true" version="1" changeset="144326721" timestamp="2023-11-22T13:28:24Z" user="asdfqwer51" uid="3350410" lat="35.0195339" lon="126.7955903"/>
 <node id="11368586035" visible="true" version="1" changeset="144326721" timestamp="2023-11-22T13:28:24Z" user="asdfqwer51" uid="3350410" lat="35.0195288" lon="126.7949218"/>
 <node id="11368586036" visible="true" version="1" changeset="144326721" timestamp="2023-11-22T13:28:24Z" user="asdfqwer51" uid="3350410" lat="35.0195331" lon="126.7954863"/>
 <node id="11368586037" visible="true" version="1" changeset="144326721" timestamp="2023-11-22T13:28:24Z" user="asdfqwer51" uid="3350410" lat="35.0193285" lon="126.7956142"/>
 <node id="11368586038" visible="true" version="1" changeset="144326721" timestamp="2023-11-22T13:28:24Z" user="asdfqwer51" uid="3350410" lat="35.0193242" lon="126.7949083"/>
 <node id="11368586039" visible="true" version="1" changeset="144326721" timestamp="2023-11-22T13:28:24Z" user="asdfqwer51" uid="3350410" lat="35.0193491" lon="126.7955433"/>
 <node id="11368586040" visible="true" version="1" changeset="144326721" timestamp="2023-11-22T13:28:24Z" user="asdfqwer51" uid="3350410" lat="35.0195292" lon="126.7949702"/>
 <node id="11368586041" visible="true" version="1" changeset="144326721" timestamp="2023-11-22T13:28:24Z" user="asdfqwer51" uid="3350410" lat="35.0193424" lon="126.7949552"/>
 <node id="11368586042" visible="true" version="1" changeset="144326721" timestamp="2023-11-22T13:28:24Z" user="asdfqwer51" uid="3350410" lat="35.0195328" lon="126.7954447"/>
 <node id="11368586043" visible="true" version="1" changeset="144326721" timestamp="2023-11-22T13:28:24Z" user="asdfqwer51" uid="3350410" lat="35.0202270" lon="126.7948645"/>
 <node id="11368586044" visible="true" version="1" changeset="144326721" timestamp="2023-11-22T13:28:24Z" user="asdfqwer51" uid="3350410" lat="35.0201844" lon="126.7945815"/>
 <node id="11368586045" visible="true" version="1" changeset="144326721" timestamp="2023-11-22T13:28:24Z" user="asdfqwer51" uid="3350410" lat="35.0201842" lon="126.7948338"/>
 <node id="11368586046" visible="true" version="1" changeset="144326721" timestamp="2023-11-22T13:28:24Z" user="asdfqwer51" uid="3350410" lat="35.0200146" lon="126.7948336"/>
 <node id="11368586047" visible="true" version="1" changeset="144326721" timestamp="2023-11-22T13:28:24Z" user="asdfqwer51" uid="3350410" lat="35.0200143" lon="126.7953111"/>
 <node id="11368586048" visible="true" version="1" changeset="144326721" timestamp="2023-11-22T13:28:24Z" user="asdfqwer51" uid="3350410" lat="35.0197740" lon="126.7953109"/>
 <node id="11368586049" visible="true" version="1" changeset="144326721" timestamp="2023-11-22T13:28:24Z" user="asdfqwer51" uid="3350410" lat="35.0197744" lon="126.7945811"/>
 <node id="11368586050" visible="true" version="1" changeset="144326721" timestamp="2023-11-22T13:28:24Z" user="asdfqwer51" uid="3350410" lat="35.0200035" lon="126.7952165"/>
 <node id="11368586051" visible="true" version="1" changeset="144326721" timestamp="2023-11-22T13:28:24Z" user="asdfqwer51" uid="3350410" lat="35.0198151" lon="126.7952200"/>
 <node id="11368586052" visible="true" version="1" changeset="144326721" timestamp="2023-11-22T13:28:24Z" user="asdfqwer51" uid="3350410" lat="35.0197890" lon="126.7951899"/>
 <node id="11368893167" visible="true" version="1" changeset="144332579" timestamp="2023-11-22T16:15:50Z" user="asdfqwer51" uid="3350410" lat="35.0149708" lon="126.7947500"/>
 <node id="11368893168" visible="true" version="1" changeset="144332579" timestamp="2023-11-22T16:15:50Z" user="asdfqwer51" uid="3350410" lat="35.0159779" lon="126.7941017"/>
 <node id="11368911169" visible="true" version="1" changeset="144332579" timestamp="2023-11-22T16:15:50Z" user="asdfqwer51" uid="3350410" lat="35.0159915" lon="126.7940130"/>
 <node id="11368911170" visible="true" version="1" changeset="144332579" timestamp="2023-11-22T16:15:50Z" user="asdfqwer51" uid="3350410" lat="35.0163828" lon="126.7938066"/>
 <node id="11368911171" visible="true" version="1" changeset="144332579" timestamp="2023-11-22T16:15:50Z" user="asdfqwer51" uid="3350410" lat="35.0170437" lon="126.7935929"/>
 <node id="11368911172" visible="true" version="1" changeset="144332579" timestamp="2023-11-22T16:15:50Z" user="asdfqwer51" uid="3350410" lat="35.0175369" lon="126.7935303"/>
 <node id="11368911173" visible="true" version="1" changeset="144332579" timestamp="2023-11-22T16:15:50Z" user="asdfqwer51" uid="3350410" lat="35.0174618" lon="126.7934599"/>
 <node id="11368911174" visible="true" version="1" changeset="144332579" timestamp="2023-11-22T16:15:50Z" user="asdfqwer51" uid="3350410" lat="35.0173978" lon="126.7934529"/>
 <node id="11368911175" visible="true" version="1" changeset="144332579" timestamp="2023-11-22T16:15:50Z" user="asdfqwer51" uid="3350410" lat="35.0171648" lon="126.7944733"/>
 <node id="11368911176" visible="true" version="1" changeset="144332579" timestamp="2023-11-22T16:15:50Z" user="asdfqwer51" uid="3350410" lat="35.0200952" lon="126.7936092"/>
 <node id="11368911177" visible="true" version="1" changeset="144332579" timestamp="2023-11-22T16:15:50Z" user="asdfqwer51" uid="3350410" lat="35.0201281" lon="126.7935868"/>
 <node id="11368911178" visible="true" version="1" changeset="144332579" timestamp="2023-11-22T16:15:50Z" user="asdfqwer51" uid="3350410" lat="35.0200829" lon="126.7935297"/>
 <node id="11372883793" visible="true" version="1" changeset="144397454" timestamp="2023-11-24T08:19:48Z" user="asdfqwer51" uid="3350410" lat="35.0137143" lon="126.7892647">
  <tag k="bus" v="yes"/>
  <tag k="highway" v="bus_stop"/>
  <tag k="name" v="빛가람전망대입구"/>
  <tag k="name:en" v="Bitgaram Tower Entrance"/>
  <tag k="name:ko" v="빛가람전망대입구"/>
  <tag k="public_transport" v="platform"/>
  <tag k="ref" v="2889"/>
 </node>
 <node id="11372883794" visible="true" version="1" changeset="144397454" timestamp="2023-11-24T08:19:48Z" user="asdfqwer51" uid="3350410" lat="35.0134615" lon="126.7901425">
  <tag k="bus" v="yes"/>
  <tag k="highway" v="bus_stop"/>
  <tag k="name" v="빛가람전망대입구"/>
  <tag k="name:en" v="Bitgaram Tower Entrance"/>
  <tag k="name:ko" v="빛가람전망대입구"/>
  <tag k="public_transport" v="platform"/>
  <tag k="ref" v="2890"/>
 </node>
 <node id="11372883797" visible="true" version="1" changeset="144397454" timestamp="2023-11-24T08:19:48Z" user="asdfqwer51" uid="3350410" lat="35.0150863" lon="126.7831282"/>
 <node id="11372883798" visible="true" version="1" changeset="144397454" timestamp="2023-11-24T08:19:48Z" user="asdfqwer51" uid="3350410" lat="35.0150679" lon="126.7831628"/>
 <node id="11372883799" visible="true" version="1" changeset="144397454" timestamp="2023-11-24T08:19:48Z" user="asdfqwer51" uid="3350410" lat="35.0150350" lon="126.7831369"/>
 <node id="11372883800" visible="true" version="1" changeset="144397454" timestamp="2023-11-24T08:19:48Z" user="asdfqwer51" uid="3350410" lat="35.0147137" lon="126.7837446"/>
 <node id="11372883801" visible="true" version="1" changeset="144397454" timestamp="2023-11-24T08:19:48Z" user="asdfqwer51" uid="3350410" lat="35.0146826" lon="126.7837202"/>
 <node id="11372883802" visible="true" version="1" changeset="144397454" timestamp="2023-11-24T08:19:48Z" user="asdfqwer51" uid="3350410" lat="35.0146390" lon="126.7838027"/>
 <node id="11372883803" visible="true" version="1" changeset="144397454" timestamp="2023-11-24T08:19:48Z" user="asdfqwer51" uid="3350410" lat="35.0148210" lon="126.7839460"/>
 <node id="11372883804" visible="true" version="1" changeset="144397454" timestamp="2023-11-24T08:19:48Z" user="asdfqwer51" uid="3350410" lat="35.0151052" lon="126.7834082"/>
 <node id="11372883805" visible="true" version="1" changeset="144397454" timestamp="2023-11-24T08:19:48Z" user="asdfqwer51" uid="3350410" lat="35.0153358" lon="126.7835899"/>
 <node id="11372883806" visible="true" version="1" changeset="144397454" timestamp="2023-11-24T08:19:48Z" user="asdfqwer51" uid="3350410" lat="35.0150964" lon="126.7840428"/>
 <node id="11372883807" visible="true" version="1" changeset="144397454" timestamp="2023-11-24T08:19:48Z" user="asdfqwer51" uid="3350410" lat="35.0150645" lon="126.7840177"/>
 <node id="11372883808" visible="true" version="1" changeset="144397454" timestamp="2023-11-24T08:19:48Z" user="asdfqwer51" uid="3350410" lat="35.0150149" lon="126.7841115"/>
 <node id="11372883809" visible="true" version="1" changeset="144397454" timestamp="2023-11-24T08:19:48Z" user="asdfqwer51" uid="3350410" lat="35.0152044" lon="126.7842610"/>
 <node id="11372883810" visible="true" version="1" changeset="144397454" timestamp="2023-11-24T08:19:48Z" user="asdfqwer51" uid="3350410" lat="35.0155925" lon="126.7835276"/>
 <node id="11372883811" visible="true" version="1" changeset="144397454" timestamp="2023-11-24T08:19:48Z" user="asdfqwer51" uid="3350410" lat="35.0173214" lon="126.7841064">
  <tag k="bus" v="yes"/>
  <tag k="highway" v="bus_stop"/>
  <tag k="name" v="한전KPS"/>
  <tag k="name:en" v="KEPCO KPS"/>
  <tag k="name:ko" v="한전KPS"/>
  <tag k="public_transport" v="platform"/>
  <tag k="ref" v="6109"/>
 </node>
 <node id="11372883827" visible="true" version="1" changeset="144397454" timestamp="2023-11-24T08:19:48Z" user="asdfqwer51" uid="3350410" lat="35.0186539" lon="126.7837081"/>
 <node id="11372883828" visible="true" version="1" changeset="144397454" timestamp="2023-11-24T08:19:48Z" user="asdfqwer51" uid="3350410" lat="35.0185992" lon="126.7836851"/>
 <node id="11372883829" visible="true" version="1" changeset="144397454" timestamp="2023-11-24T08:19:48Z" user="asdfqwer51" uid="3350410" lat="35.0181033" lon="126.7842749"/>
 <node id="11372883830" visible="true" version="1" changeset="144397454" timestamp="2023-11-24T08:19:48Z" user="asdfqwer51" uid="3350410" lat="35.0180019" lon="126.7842911"/>
 <node id="11372883831" visible="true" version="1" changeset="144397454" timestamp="2023-11-24T08:19:48Z" user="asdfqwer51" uid="3350410" lat="35.0175528" lon="126.7840606"/>
 <node id="11372883832" visible="true" version="1" changeset="144397454" timestamp="2023-11-24T08:19:48Z" user="asdfqwer51" uid="3350410" lat="35.0175053" lon="126.7839718"/>
 <node id="11372883833" visible="true" version="1" changeset="144397454" timestamp="2023-11-24T08:19:48Z" user="asdfqwer51" uid="3350410" lat="35.0174227" lon="126.7838973"/>
 <node id="11372883834" visible="true" version="1" changeset="144397454" timestamp="2023-11-24T08:19:48Z" user="asdfqwer51" uid="3350410" lat="35.0173426" lon="126.7838881"/>
 <node id="11372883835" visible="true" version="1" changeset="144397454" timestamp="2023-11-24T08:19:48Z" user="asdfqwer51" uid="3350410" lat="35.0172527" lon="126.7839081"/>
 <node id="11372883836" visible="true" version="1" changeset="144397454" timestamp="2023-11-24T08:19:48Z" user="asdfqwer51" uid="3350410" lat="35.0172139" lon="126.7839131"/>
 <node id="11372883854" visible="true" version="1" changeset="144397454" timestamp="2023-11-24T08:19:48Z" user="asdfqwer51" uid="3350410" lat="35.0177551" lon="126.7817576"/>
 <node id="11372883860" visible="true" version="1" changeset="144397454" timestamp="2023-11-24T08:19:48Z" user="asdfqwer51" uid="3350410" lat="35.0182039" lon="126.7811194"/>
 <node id="11372883865" visible="true" version="1" changeset="144397454" timestamp="2023-11-24T08:19:48Z" user="asdfqwer51" uid="3350410" lat="35.0175666" lon="126.7823830"/>
 <node id="11372883866" visible="true" version="1" changeset="144397454" timestamp="2023-11-24T08:19:48Z" user="asdfqwer51" uid="3350410" lat="35.0174386" lon="126.7825764"/>
 <node id="11372883867" visible="true" version="1" changeset="144397454" timestamp="2023-11-24T08:19:48Z" user="asdfqwer51" uid="3350410" lat="35.0174452" lon="126.7826282"/>
 <node id="11372883868" visible="true" version="1" changeset="144397454" timestamp="2023-11-24T08:19:48Z" user="asdfqwer51" uid="3350410" lat="35.0173806" lon="126.7827567"/>
 <node id="11372883884" visible="true" version="1" changeset="144397454" timestamp="2023-11-24T08:19:48Z" user="asdfqwer51" uid="3350410" lat="35.0173547" lon="126.7827930"/>
 <node id="11372883891" visible="true" version="1" changeset="144397454" timestamp="2023-11-24T08:19:48Z" user="asdfqwer51" uid="3350410" lat="35.0170968" lon="126.7834323"/>
 <node id="11372883911" visible="true" version="2" changeset="164491659" timestamp="2025-04-04T06:05:51Z" user="skss" uid="22708813" lat="35.0172765" lon="126.7845245">
  <tag k="bus" v="yes"/>
  <tag k="highway" v="bus_stop"/>
  <tag k="name" v="NH아동병원"/>
  <tag k="name:en" v="NH Children's Hospital"/>
  <tag k="name:ko" v="NH아동병원"/>
  <tag k="public_transport" v="platform"/>
  <tag k="ref" v="6108"/>
 </node>
 <node id="11853901432" visible="true" version="1" changeset="150569043" timestamp="2024-04-27T08:27:03Z" user="mulgist" uid="12368943" lat="35.0134327" lon="126.7931797"/>
 <node id="11853901433" visible="true" version="1" changeset="150569043" timestamp="2024-04-27T08:27:03Z" user="mulgist" uid="12368943" lat="35.0134427" lon="126.7945450"/>
 <node id="11853901434" visible="true" version="1" changeset="150569043" timestamp="2024-04-27T08:27:03Z" user="mulgist" uid="12368943" lat="35.0124988" lon="126.7952757"/>
 <node id="11853901435" visible="true" version="1" changeset="150569043" timestamp="2024-04-27T08:27:03Z" user="mulgist" uid="12368943" lat="35.0130761" lon="126.7924094"/>
 <node id="11853901436" visible="true" version="1" changeset="150569043" timestamp="2024-04-27T08:27:03Z" user="mulgist" uid="12368943" lat="35.0130775" lon="126.7930660"/>
 <node id="11853901437" visible="true" version="1" changeset="150569043" timestamp="2024-04-27T08:27:03Z" user="mulgist" uid="12368943" lat="35.0131751" lon="126.7930657"/>
 <node id="11853901438" visible="true" version="1" changeset="150569043" timestamp="2024-04-27T08:27:03Z" user="mulgist" uid="12368943" lat="35.0131736" lon="126.7924090"/>
 <node id="11853901463" visible="true" version="1" changeset="150569043" timestamp="2024-04-27T08:27:03Z" user="mulgist" uid="12368943" lat="35.0129067" lon="126.7938754"/>
 <node id="11853901464" visible="true" version="1" changeset="150569043" timestamp="2024-04-27T08:27:03Z" user="mulgist" uid="12368943" lat="35.0127319" lon="126.7941108"/>
 <node id="11853901465" visible="true" version="1" changeset="150569043" timestamp="2024-04-27T08:27:03Z" user="mulgist" uid="12368943" lat="35.0129669" lon="126.7943709"/>
 <node id="11853901466" visible="true" version="1" changeset="150569043" timestamp="2024-04-27T08:27:03Z" user="mulgist" uid="12368943" lat="35.0130248" lon="126.7942928"/>
 <node id="11853901467" visible="true" version="1" changeset="150569043" timestamp="2024-04-27T08:27:03Z" user="mulgist" uid="12368943" lat="35.0128563" lon="126.7941063"/>
 <node id="11853901468" visible="true" version="1" changeset="150569043" timestamp="2024-04-27T08:27:03Z" user="mulgist" uid="12368943" lat="35.0129731" lon="126.7939489"/>
 <node id="11853921969" visible="true" version="1" changeset="150569043" timestamp="2024-04-27T08:27:03Z" user="mulgist" uid="12368943" lat="35.0131989" lon="126.7935926"/>
 <node id="11853921970" visible="true" version="1" changeset="150569043" timestamp="2024-04-27T08:27:03Z" user="mulgist" uid="12368943" lat="35.0132540" lon="126.7934753"/>
 <node id="11853921971" visible="true" version="1" changeset="150569043" timestamp="2024-04-27T08:27:03Z" user="mulgist" uid="12368943" lat="35.0132650" lon="126.7933626"/>
 <node id="11853921972" visible="true" version="1" changeset="150569043" timestamp="2024-04-27T08:27:03Z" user="mulgist" uid="12368943" lat="35.0132562" lon="126.7932795"/>
 <node id="11853921973" visible="true" version="1" changeset="150569043" timestamp="2024-04-27T08:27:03Z" user="mulgist" uid="12368943" lat="35.0132045" lon="126.7932205"/>
 <node id="11853921974" visible="true" version="1" changeset="150569043" timestamp="2024-04-27T08:27:03Z" user="mulgist" uid="12368943" lat="35.0132368" lon="126.7937089"/>
 <node id="11853921975" visible="true" version="1" changeset="150569043" timestamp="2024-04-27T08:27:03Z" user="mulgist" uid="12368943" lat="35.0130880" lon="126.7937610"/>
 <node id="11853921976" visible="true" version="1" changeset="150569043" timestamp="2024-04-27T08:27:03Z" user="mulgist" uid="12368943" lat="35.0130305" lon="126.7936014"/>
 <node id="11853921977" visible="true" version="1" changeset="150569043" timestamp="2024-04-27T08:27:03Z" user="mulgist" uid="12368943" lat="35.0129231" lon="126.7934540"/>
 <node id="11853921978" visible="true" version="1" changeset="150569043" timestamp="2024-04-27T08:27:03Z" user="mulgist" uid="12368943" lat="35.0131079" lon="126.7938748"/>
 <node id="11853921979" visible="true" version="1" changeset="150569043" timestamp="2024-04-27T08:27:03Z" user="mulgist" uid="12368943" lat="35.0131154" lon="126.7940039"/>
 <node id="11853921980" visible="true" version="1" changeset="150569043" timestamp="2024-04-27T08:27:03Z" user="mulgist" uid="12368943" lat="35.0130597" lon="126.7941706"/>
 <node id="11853921981" visible="true" version="1" changeset="150569043" timestamp="2024-04-27T08:27:03Z" user="mulgist" uid="12368943" lat="35.0126712" lon="126.7944903"/>
 <node id="11853921986" visible="true" version="1" changeset="150569043" timestamp="2024-04-27T08:27:03Z" user="mulgist" uid="12368943" lat="35.0122679" lon="126.7942123"/>
 <node id="11853922000" visible="true" version="1" changeset="150569043" timestamp="2024-04-27T08:27:03Z" user="mulgist" uid="12368943" lat="35.0129864" lon="126.7945765"/>
 <node id="11853922001" visible="true" version="1" changeset="150569043" timestamp="2024-04-27T08:27:03Z" user="mulgist" uid="12368943" lat="35.0129846" lon="126.7951572"/>
 <node id="11853922002" visible="true" version="1" changeset="150569043" timestamp="2024-04-27T08:27:03Z" user="mulgist" uid="12368943" lat="35.0130812" lon="126.7951576"/>
 <node id="11853922003" visible="true" version="1" changeset="150569043" timestamp="2024-04-27T08:27:03Z" user="mulgist" uid="12368943" lat="35.0130829" lon="126.7945769"/>
 <node id="11853922004" visible="true" version="1" changeset="150569043" timestamp="2024-04-27T08:27:03Z" user="mulgist" uid="12368943" lat="35.0129856" lon="126.7948396"/>
 <node id="12728134249" visible="true" version="3" changeset="165710589" timestamp="2025-05-02T09:42:06Z" user="chiho_kang" uid="10604125" lat="35.0178300" lon="126.7847685">
  <tag k="addr:city" v="나주시"/>
  <tag k="addr:door" v="106"/>
  <tag k="addr:housenumber" v="216"/>
  <tag k="addr:province" v="전라남도"/>
  <tag k="addr:street" v="문화로"/>
  <tag k="addr:subdistrict" v="빛가람동"/>
  <tag k="name" v="크린토피아 나주혁신한전kps점"/>
  <tag k="shop" v="laundry"/>
 </node>
 <node id="13142494999" visible="true" version="1" changeset="171918325" timestamp="2025-09-14T13:36:20Z" user="FUKUTAN" uid="5207199" lat="35.0199107" lon="126.7856156"/>
 <node id="13142495000" visible="true" version="1" changeset="171918325" timestamp="2025-09-14T13:36:20Z" user="FUKUTAN" uid="5207199" lat="35.0204543" lon="126.7861366">
  <tag k="branch" v="나주혁신코어점"/>
  <tag k="brand" v="GS25"/>
  <tag k="brand:wikidata" v="Q624041"/>
  <tag k="name" v="GS25"/>
  <tag k="shop" v="convenience"/>
 </node>
 <node id="13142587601" visible="true" version="1" changeset="171918325" timestamp="2025-09-14T13:36:20Z" user="FUKUTAN" uid="5207199" lat="35.0196586" lon="126.7857870">
  <tag k="branch" v="R나주혁신중앙점"/>
  <tag k="brand" v="이마트24"/>
  <tag k="brand:en" v="emart24"/>
  <tag k="brand:ko" v="이마트24"/>
  <tag k="brand:wikidata" v="Q16219674"/>
  <tag k="name" v="이마트24"/>
  <tag k="name:en" v="emart24"/>
  <tag k="name:ko" v="이마트24"/>
  <tag k="shop" v="convenience"/>
 </node>
 <node id="13142587602" visible="true" version="1" changeset="171918325" timestamp="2025-09-14T13:36:20Z" user="FUKUTAN" uid="5207199" lat="35.0192024" lon="126.7864618">
  <tag k="amenity" v="cafe"/>
  <tag k="name" v="더리터 나주혁신점"/>
  <tag k="outdoor_seating" v="no"/>
 </node>
 <node id="13142587603" visible="true" version="1" changeset="171918325" timestamp="2025-09-14T13:36:20Z" user="FUKUTAN" uid="5207199" lat="35.0189128" lon="126.7852178">
  <tag k="amenity" v="cafe"/>
  <tag k="branch" v="나주혁신문화로점"/>
  <tag k="brand" v="컴포즈커피"/>
  <tag k="brand:en" v="Compose Coffee"/>
  <tag k="brand:ko" v="컴포즈커피"/>
  <tag k="brand:wikidata" v="Q120997937"/>
  <tag k="cuisine" v="coffee_shop"/>
  <tag k="internet_access" v="wlan"/>
  <tag k="name" v="컴포즈커피"/>
  <tag k="name:en" v="Compose Coffee"/>
  <tag k="name:ko" v="컴포즈커피"/>
  <tag k="outdoor_seating" v="no"/>
  <tag k="takeaway" v="yes"/>
 </node>
 <node id="13142587604" visible="true" version="1" changeset="171918325" timestamp="2025-09-14T13:36:20Z" user="FUKUTAN" uid="5207199" lat="35.0165532" lon="126.7855069"/>
 <node id="13142587605" visible="true" version="1" changeset="171918325" timestamp="2025-09-14T13:36:20Z" user="FUKUTAN" uid="5207199" lat="35.0166238" lon="126.7853097"/>
 <node id="13142587606" visible="true" version="1" changeset="171918325" timestamp="2025-09-14T13:36:20Z" user="FUKUTAN" uid="5207199" lat="35.0165904" lon="126.7852065"/>
 <node id="13142587607" visible="true" version="1" changeset="171918325" timestamp="2025-09-14T13:36:20Z" user="FUKUTAN" uid="5207199" lat="35.0164277" lon="126.7851248"/>
 <node id="13142587608" visible="true" version="1" changeset="171918325" timestamp="2025-09-14T13:36:20Z" user="FUKUTAN" uid="5207199" lat="35.0164232" lon="126.7851733"/>
 <node id="13142587609" visible="true" version="1" changeset="171918325" timestamp="2025-09-14T13:36:20Z" user="FUKUTAN" uid="5207199" lat="35.0164232" lon="126.7852311"/>
 <node id="13142587610" visible="true" version="1" changeset="171918325" timestamp="2025-09-14T13:36:20Z" user="FUKUTAN" uid="5207199" lat="35.0164314" lon="126.7853020"/>
 <node id="13142587611" visible="true" version="1" changeset="171918325" timestamp="2025-09-14T13:36:20Z" user="FUKUTAN" uid="5207199" lat="35.0164466" lon="126.7853520"/>
 <node id="13142587612" visible="true" version="1" changeset="171918325" timestamp="2025-09-14T13:36:20Z" user="FUKUTAN" uid="5207199" lat="35.0164687" lon="126.7854083"/>
 <node id="13142587613" visible="true" version="1" changeset="171918325" timestamp="2025-09-14T13:36:20Z" user="FUKUTAN" uid="5207199" lat="35.0164914" lon="126.7854460"/>
 <node id="13142587614" visible="true" version="1" changeset="171918325" timestamp="2025-09-14T13:36:20Z" user="FUKUTAN" uid="5207199" lat="35.0165141" lon="126.7854760"/>
 <node id="13142587615" visible="true" version="1" changeset="171918325" timestamp="2025-09-14T13:36:20Z" user="FUKUTAN" uid="5207199" lat="35.0191303" lon="126.7858607"/>
 <node id="13142587616" visible="true" version="1" changeset="171918325" timestamp="2025-09-14T13:36:20Z" user="FUKUTAN" uid="5207199" lat="35.0191622" lon="126.7858606"/>
 <node id="13142587617" visible="true" version="1" changeset="171918325" timestamp="2025-09-14T13:36:20Z" user="FUKUTAN" uid="5207199" lat="35.0191622" lon="126.7858753"/>
 <node id="13142587618" visible="true" version="1" changeset="171918325" timestamp="2025-09-14T13:36:20Z" user="FUKUTAN" uid="5207199" lat="35.0192855" lon="126.7858748"/>
 <node id="13142587619" visible="true" version="1" changeset="171918325" timestamp="2025-09-14T13:36:20Z" user="FUKUTAN" uid="5207199" lat="35.0192857" lon="126.7859271"/>
 <node id="13142587620" visible="true" version="1" changeset="171918325" timestamp="2025-09-14T13:36:20Z" user="FUKUTAN" uid="5207199" lat="35.0194156" lon="126.7859265"/>
 <node id="13142587621" visible="true" version="1" changeset="171918325" timestamp="2025-09-14T13:36:20Z" user="FUKUTAN" uid="5207199" lat="35.0194151" lon="126.7857342"/>
 <node id="13142587622" visible="true" version="1" changeset="171918325" timestamp="2025-09-14T13:36:20Z" user="FUKUTAN" uid="5207199" lat="35.0193667" lon="126.7856577"/>
 <node id="13142587623" visible="true" version="1" changeset="171918325" timestamp="2025-09-14T13:36:20Z" user="FUKUTAN" uid="5207199" lat="35.0191299" lon="126.7856583"/>
 <node id="13142587624" visible="true" version="1" changeset="171918325" timestamp="2025-09-14T13:36:20Z" user="FUKUTAN" uid="5207199" lat="35.0191265" lon="126.7858569"/>
 <node id="13142587625" visible="true" version="1" changeset="171918325" timestamp="2025-09-14T13:36:20Z" user="FUKUTAN" uid="5207199" lat="35.0191252" lon="126.7856412"/>
 <node id="13142587626" visible="true" version="1" changeset="171918325" timestamp="2025-09-14T13:36:20Z" user="FUKUTAN" uid="5207199" lat="35.0189568" lon="126.7856435"/>
 <node id="13142587627" visible="true" version="1" changeset="171918325" timestamp="2025-09-14T13:36:20Z" user="FUKUTAN" uid="5207199" lat="35.0189581" lon="126.7855911"/>
 <node id="13142587628" visible="true" version="1" changeset="171918325" timestamp="2025-09-14T13:36:20Z" user="FUKUTAN" uid="5207199" lat="35.0187928" lon="126.7855557"/>
 <node id="13142587629" visible="true" version="1" changeset="171918325" timestamp="2025-09-14T13:36:20Z" user="FUKUTAN" uid="5207199" lat="35.0187398" lon="126.7856065"/>
 <node id="13142587630" visible="true" version="1" changeset="171918325" timestamp="2025-09-14T13:36:20Z" user="FUKUTAN" uid="5207199" lat="35.0187379" lon="126.7857852"/>
 <node id="13142587631" visible="true" version="1" changeset="171918325" timestamp="2025-09-14T13:36:20Z" user="FUKUTAN" uid="5207199" lat="35.0187623" lon="126.7859260"/>
 <node id="13142587632" visible="true" version="1" changeset="171918325" timestamp="2025-09-14T13:36:20Z" user="FUKUTAN" uid="5207199" lat="35.0188887" lon="126.7859213"/>
 <node id="13142587633" visible="true" version="1" changeset="171918325" timestamp="2025-09-14T13:36:20Z" user="FUKUTAN" uid="5207199" lat="35.0188874" lon="126.7858653"/>
 <node id="13273395548" visible="true" version="1" changeset="174046299" timestamp="2025-11-01T05:13:14Z" user="torisugari" uid="22158042" lat="35.0205379" lon="126.7942797">
  <tag k="bus" v="yes"/>
  <tag k="name" v="전파진흥원"/>
  <tag k="name:en" v="Korea Communications Agency"/>
  <tag k="operator" v="나주시"/>
  <tag k="public_transport" v="stop_position"/>
 </node>
 <node id="13273395549" visible="true" version="1" changeset="174046299" timestamp="2025-11-01T05:13:14Z" user="torisugari" uid="22158042" lat="35.0206633" lon="126.7942807">
  <tag k="bus" v="yes"/>
  <tag k="name" v="전파진흥원"/>
  <tag k="name:en" v="Korea Communications Agency"/>
  <tag k="operator" v="나주시"/>
  <tag k="public_transport" v="stop_position"/>
 </node>
 <node id="13895216068" visible="true" version="2" changeset="183726681" timestamp="2026-06-06T08:12:23Z" user="mueschel" uid="616774" lat="35.0153500" lon="126.7846200">
  <tag k="check_date" v="2025-10-24"/>
  <tag k="count" v="1"/>
  <tag k="man_made" v="surveillance"/>
  <tag k="operator" v="나주시청"/>
  <tag k="operator:phone" v="+82 61 339 4705"/>
  <tag k="surveillance" v="public"/>
  <tag k="surveillance:purpose" v="다목적"/>
  <tag k="surveillance:type" v="camera"/>
 </node>
 <node id="13895216711" visible="true" version="2" changeset="183726681" timestamp="2026-06-06T08:12:23Z" user="mueschel" uid="616774" lat="35.0206300" lon="126.7864100">
  <tag k="check_date" v="2025-10-24"/>
  <tag k="count" v="1"/>
  <tag k="man_made" v="surveillance"/>
  <tag k="operator" v="나주시청"/>
  <tag k="operator:phone" v="+82 61 339 4705"/>
  <tag k="surveillance" v="public"/>
  <tag k="surveillance:purpose" v="다목적"/>
  <tag k="surveillance:type" v="camera"/>
 </node>
 <node id="13895216746" visible="true" version="2" changeset="183726681" timestamp="2026-06-06T08:12:23Z" user="mueschel" uid="616774" lat="35.0186100" lon="126.7848500">
  <tag k="check_date" v="2025-10-24"/>
  <tag k="count" v="1"/>
  <tag k="man_made" v="surveillance"/>
  <tag k="operator" v="나주시청"/>
  <tag k="operator:phone" v="+82 61 339 4705"/>
  <tag k="surveillance" v="public"/>
  <tag k="surveillance:purpose" v="다목적"/>
  <tag k="surveillance:type" v="camera"/>
 </node>
 <node id="13895216798" visible="true" version="2" changeset="183726681" timestamp="2026-06-06T08:12:23Z" user="mueschel" uid="616774" lat="35.0159900" lon="126.7950400">
  <tag k="check_date" v="2025-10-24"/>
  <tag k="count" v="1"/>
  <tag k="man_made" v="surveillance"/>
  <tag k="operator" v="나주시청"/>
  <tag k="operator:phone" v="+82 61 339 4705"/>
  <tag k="surveillance" v="public"/>
  <tag k="surveillance:purpose" v="다목적"/>
  <tag k="surveillance:type" v="camera"/>
 </node>
 <node id="13895216799" visible="true" version="2" changeset="183726681" timestamp="2026-06-06T08:12:23Z" user="mueschel" uid="616774" lat="35.0174900" lon="126.7944000">
  <tag k="check_date" v="2025-10-24"/>
  <tag k="count" v="1"/>
  <tag k="man_made" v="surveillance"/>
  <tag k="operator" v="나주시청"/>
  <tag k="operator:phone" v="+82 61 339 4705"/>
  <tag k="surveillance" v="public"/>
  <tag k="surveillance:purpose" v="다목적"/>
  <tag k="surveillance:type" v="camera"/>
 </node>
 <node id="13895216807" visible="true" version="2" changeset="183726681" timestamp="2026-06-06T08:12:23Z" user="mueschel" uid="616774" lat="35.0160550" lon="126.7939850">
  <tag k="check_date" v="2025-10-24"/>
  <tag k="count" v="1"/>
  <tag k="man_made" v="surveillance"/>
  <tag k="operator" v="나주시청"/>
  <tag k="operator:phone" v="+82 61 339 4705"/>
  <tag k="surveillance" v="public"/>
  <tag k="surveillance:purpose" v="다목적"/>
  <tag k="surveillance:type" v="camera"/>
 </node>
 <node id="13895216812" visible="true" version="2" changeset="183726681" timestamp="2026-06-06T08:12:23Z" user="mueschel" uid="616774" lat="35.0201200" lon="126.7925000">
  <tag k="check_date" v="2025-10-24"/>
  <tag k="count" v="1"/>
  <tag k="man_made" v="surveillance"/>
  <tag k="operator" v="나주시청"/>
  <tag k="operator:phone" v="+82 61 339 4705"/>
  <tag k="surveillance" v="public"/>
  <tag k="surveillance:purpose" v="다목적"/>
  <tag k="surveillance:type" v="camera"/>
 </node>
 <node id="13895216930" visible="true" version="2" changeset="183726685" timestamp="2026-06-06T08:12:25Z" user="mueschel" uid="616774" lat="35.0136700" lon="126.7869100">
  <tag k="check_date" v="2025-10-24"/>
  <tag k="count" v="1"/>
  <tag k="man_made" v="surveillance"/>
  <tag k="operator" v="나주시청"/>
  <tag k="operator:phone" v="+82 61 339 4705"/>
  <tag k="surveillance" v="public"/>
  <tag k="surveillance:purpose" v="다목적"/>
  <tag k="surveillance:type" v="camera"/>
 </node>
 <node id="13895216951" visible="true" version="2" changeset="183726685" timestamp="2026-06-06T08:12:25Z" user="mueschel" uid="616774" lat="35.0136400" lon="126.7921600">
  <tag k="check_date" v="2025-10-24"/>
  <tag k="count" v="1"/>
  <tag k="man_made" v="surveillance"/>
  <tag k="operator" v="나주시청"/>
  <tag k="operator:phone" v="+82 61 339 4705"/>
  <tag k="surveillance" v="public"/>
  <tag k="surveillance:purpose" v="다목적"/>
  <tag k="surveillance:type" v="camera"/>
 </node>
 <node id="13895216959" visible="true" version="2" changeset="183726685" timestamp="2026-06-06T08:12:25Z" user="mueschel" uid="616774" lat="35.0206300" lon="126.7915900">
  <tag k="check_date" v="2025-10-24"/>
  <tag k="count" v="1"/>
  <tag k="man_made" v="surveillance"/>
  <tag k="operator" v="나주시청"/>
  <tag k="operator:phone" v="+82 61 339 4705"/>
  <tag k="surveillance" v="public"/>
  <tag k="surveillance:purpose" v="다목적"/>
  <tag k="surveillance:type" v="camera"/>
 </node>
 <node id="13895216984" visible="true" version="2" changeset="183726685" timestamp="2026-06-06T08:12:25Z" user="mueschel" uid="616774" lat="35.0192600" lon="126.7868300">
  <tag k="check_date" v="2025-10-24"/>
  <tag k="count" v="1"/>
  <tag k="man_made" v="surveillance"/>
  <tag k="operator" v="나주시청"/>
  <tag k="operator:phone" v="+82 61 339 4705"/>
  <tag k="surveillance" v="public"/>
  <tag k="surveillance:purpose" v="다목적"/>
  <tag k="surveillance:type" v="camera"/>
 </node>
 <node id="13895217019" visible="true" version="2" changeset="183726685" timestamp="2026-06-06T08:12:25Z" user="mueschel" uid="616774" lat="35.0149900" lon="126.7948500">
  <tag k="check_date" v="2025-10-24"/>
  <tag k="count" v="1"/>
  <tag k="man_made" v="surveillance"/>
  <tag k="operator" v="나주시청"/>
  <tag k="operator:phone" v="+82 61 339 4705"/>
  <tag k="surveillance" v="public"/>
  <tag k="surveillance:purpose" v="다목적"/>
  <tag k="surveillance:type" v="camera"/>
 </node>
 <node id="13895217095" visible="true" version="2" changeset="183726685" timestamp="2026-06-06T08:12:25Z" user="mueschel" uid="616774" lat="35.0143100" lon="126.7842100">
  <tag k="check_date" v="2025-10-24"/>
  <tag k="count" v="1"/>
  <tag k="man_made" v="surveillance"/>
  <tag k="operator" v="나주시청"/>
  <tag k="operator:phone" v="+82 61 339 4705"/>
  <tag k="surveillance" v="public"/>
  <tag k="surveillance:purpose" v="다목적"/>
  <tag k="surveillance:type" v="camera"/>
 </node>
 <node id="13895217113" visible="true" version="2" changeset="183726685" timestamp="2026-06-06T08:12:25Z" user="mueschel" uid="616774" lat="35.0207000" lon="126.7898600">
  <tag k="check_date" v="2025-10-24"/>
  <tag k="count" v="1"/>
  <tag k="man_made" v="surveillance"/>
  <tag k="operator" v="나주시청"/>
  <tag k="operator:phone" v="+82 61 339 4705"/>
  <tag k="surveillance" v="public"/>
  <tag k="surveillance:purpose" v="다목적"/>
  <tag k="surveillance:type" v="camera"/>
 </node>
 <node id="13895217291" visible="true" version="2" changeset="183726685" timestamp="2026-06-06T08:12:25Z" user="mueschel" uid="616774" lat="35.0131500" lon="126.7874700">
  <tag k="check_date" v="2025-10-24"/>
  <tag k="count" v="1"/>
  <tag k="man_made" v="surveillance"/>
  <tag k="operator" v="나주시청"/>
  <tag k="operator:phone" v="+82 61 339 4705"/>
  <tag k="surveillance" v="public"/>
  <tag k="surveillance:purpose" v="다목적"/>
  <tag k="surveillance:type" v="camera"/>
 </node>
 <node id="13895217336" visible="true" version="2" changeset="183726685" timestamp="2026-06-06T08:12:25Z" user="mueschel" uid="616774" lat="35.0136500" lon="126.7901500">
  <tag k="check_date" v="2025-10-24"/>
  <tag k="count" v="1"/>
  <tag k="man_made" v="surveillance"/>
  <tag k="operator" v="나주시청"/>
  <tag k="operator:phone" v="+82 61 339 4705"/>
  <tag k="surveillance" v="public"/>
  <tag k="surveillance:purpose" v="다목적"/>
  <tag k="surveillance:type" v="camera"/>
 </node>
 <node id="13895217365" visible="true" version="1" changeset="183383974" timestamp="2026-05-30T05:54:38Z" user="LuxuryCoop_Import" uid="12611025" lat="35.0155310" lon="126.7841420">
  <tag k="check_date" v="2025-10-24"/>
  <tag k="count" v="1"/>
  <tag k="man_made" v="surveillance"/>
  <tag k="operator" v="나주시청"/>
  <tag k="surveillance" v="public"/>
  <tag k="surveillance:type" v="camera"/>
 </node>
 <node id="13895217389" visible="true" version="2" changeset="183726685" timestamp="2026-06-06T08:12:25Z" user="mueschel" uid="616774" lat="35.0131700" lon="126.7918300">
  <tag k="check_date" v="2025-10-24"/>
  <tag k="count" v="1"/>
  <tag k="man_made" v="surveillance"/>
  <tag k="operator" v="나주시청"/>
  <tag k="operator:phone" v="+82 61 339 4705"/>
  <tag k="surveillance" v="public"/>
  <tag k="surveillance:purpose" v="다목적"/>
  <tag k="surveillance:type" v="camera"/>
 </node>
 <node id="13895217404" visible="true" version="2" changeset="183726685" timestamp="2026-06-06T08:12:25Z" user="mueschel" uid="616774" lat="35.0182700" lon="126.7857300">
  <tag k="check_date" v="2025-10-24"/>
  <tag k="count" v="1"/>
  <tag k="man_made" v="surveillance"/>
  <tag k="operator" v="나주시청"/>
  <tag k="operator:phone" v="+82 61 339 4705"/>
  <tag k="surveillance" v="public"/>
  <tag k="surveillance:purpose" v="다목적"/>
  <tag k="surveillance:type" v="camera"/>
 </node>
 <node id="13895217416" visible="true" version="2" changeset="183726685" timestamp="2026-06-06T08:12:25Z" user="mueschel" uid="616774" lat="35.0160820" lon="126.7949020">
  <tag k="check_date" v="2025-10-24"/>
  <tag k="count" v="1"/>
  <tag k="man_made" v="surveillance"/>
  <tag k="operator" v="나주시청"/>
  <tag k="operator:phone" v="+82 61 339 8869"/>
  <tag k="surveillance" v="public"/>
  <tag k="surveillance:purpose" v="교통단속"/>
  <tag k="surveillance:type" v="camera"/>
 </node>
 <node id="13895217468" visible="true" version="2" changeset="183726685" timestamp="2026-06-06T08:12:25Z" user="mueschel" uid="616774" lat="35.0187400" lon="126.7920500">
  <tag k="check_date" v="2025-10-24"/>
  <tag k="count" v="1"/>
  <tag k="man_made" v="surveillance"/>
  <tag k="operator" v="나주시청"/>
  <tag k="operator:phone" v="+82 61 339 4705"/>
  <tag k="surveillance" v="public"/>
  <tag k="surveillance:purpose" v="다목적"/>
  <tag k="surveillance:type" v="camera"/>
 </node>
 <node id="13895217469" visible="true" version="2" changeset="183726685" timestamp="2026-06-06T08:12:25Z" user="mueschel" uid="616774" lat="35.0131600" lon="126.7893000">
  <tag k="check_date" v="2025-10-24"/>
  <tag k="count" v="1"/>
  <tag k="man_made" v="surveillance"/>
  <tag k="operator" v="나주시청"/>
  <tag k="operator:phone" v="+82 61 339 4705"/>
  <tag k="surveillance" v="public"/>
  <tag k="surveillance:purpose" v="다목적"/>
  <tag k="surveillance:type" v="camera"/>
 </node>
 <node id="13895217582" visible="true" version="2" changeset="183726685" timestamp="2026-06-06T08:12:25Z" user="mueschel" uid="616774" lat="35.0137300" lon="126.7853900">
  <tag k="check_date" v="2025-10-24"/>
  <tag k="count" v="1"/>
  <tag k="man_made" v="surveillance"/>
  <tag k="operator" v="나주시청"/>
  <tag k="operator:phone" v="+82 61 339 4705"/>
  <tag k="surveillance" v="public"/>
  <tag k="surveillance:purpose" v="다목적"/>
  <tag k="surveillance:type" v="camera"/>
 </node>
 <node id="13895217586" visible="true" version="2" changeset="183726685" timestamp="2026-06-06T08:12:25Z" user="mueschel" uid="616774" lat="35.0184000" lon="126.7937200">
  <tag k="check_date" v="2025-10-24"/>
  <tag k="count" v="1"/>
  <tag k="man_made" v="surveillance"/>
  <tag k="operator" v="나주시청"/>
  <tag k="operator:phone" v="+82 61 339 4705"/>
  <tag k="surveillance" v="public"/>
  <tag k="surveillance:purpose" v="다목적"/>
  <tag k="surveillance:type" v="camera"/>
 </node>
 <node id="13895217618" visible="true" version="1" changeset="183383974" timestamp="2026-05-30T05:54:38Z" user="LuxuryCoop_Import" uid="12611025" lat="35.0174797" lon="126.7845853">
  <tag k="check_date" v="2025-10-24"/>
  <tag k="man_made" v="surveillance"/>
  <tag k="operator" v="나주시청"/>
  <tag k="surveillance" v="public"/>
  <tag k="surveillance:type" v="camera"/>
 </node>
 <node id="13895217798" visible="true" version="2" changeset="183726685" timestamp="2026-06-06T08:12:25Z" user="mueschel" uid="616774" lat="35.0195400" lon="126.7855400">
  <tag k="check_date" v="2025-10-24"/>
  <tag k="count" v="1"/>
  <tag k="man_made" v="surveillance"/>
  <tag k="operator" v="나주시청"/>
  <tag k="operator:phone" v="+82 61 339 4705"/>
  <tag k="surveillance" v="public"/>
  <tag k="surveillance:purpose" v="다목적"/>
  <tag k="surveillance:type" v="camera"/>
 </node>
 <node id="13895217816" visible="true" version="2" changeset="183726685" timestamp="2026-06-06T08:12:25Z" user="mueschel" uid="616774" lat="35.0165700" lon="126.7853500">
  <tag k="check_date" v="2025-10-24"/>
  <tag k="count" v="1"/>
  <tag k="man_made" v="surveillance"/>
  <tag k="operator" v="나주시청"/>
  <tag k="operator:phone" v="+82 61 339 4705"/>
  <tag k="surveillance" v="public"/>
  <tag k="surveillance:purpose" v="다목적"/>
  <tag k="surveillance:type" v="camera"/>
 </node>
 <node id="13999247642" visible="true" version="1" changeset="185384076" timestamp="2026-07-09T04:28:27Z" user="samdasooooooo" uid="14457606" lat="35.0130209" lon="126.7847163"/>
 <node id="13999247643" visible="true" version="1" changeset="185384076" timestamp="2026-07-09T04:28:27Z" user="samdasooooooo" uid="14457606" lat="35.0129439" lon="126.7846386"/>
 <node id="13999247644" visible="true" version="1" changeset="185384076" timestamp="2026-07-09T04:28:27Z" user="samdasooooooo" uid="14457606" lat="35.0126541" lon="126.7851621"/>
 <node id="13999247645" visible="true" version="1" changeset="185384076" timestamp="2026-07-09T04:28:27Z" user="samdasooooooo" uid="14457606" lat="35.0127294" lon="126.7852439"/>
 <node id="13999573527" visible="true" version="1" changeset="185392139" timestamp="2026-07-09T08:22:13Z" user="samdasooooooo" uid="14457606" lat="35.0133836" lon="126.7850081"/>
 <node id="13999573528" visible="true" version="1" changeset="185392139" timestamp="2026-07-09T08:22:13Z" user="samdasooooooo" uid="14457606" lat="35.0134322" lon="126.7850511"/>
 <node id="13999573529" visible="true" version="1" changeset="185392139" timestamp="2026-07-09T08:22:13Z" user="samdasooooooo" uid="14457606" lat="35.0131173" lon="126.7855988"/>
 <node id="13999573530" visible="true" version="1" changeset="185392139" timestamp="2026-07-09T08:22:13Z" user="samdasooooooo" uid="14457606" lat="35.0130603" lon="126.7855419"/>
 <node id="13999573531" visible="true" version="1" changeset="185392139" timestamp="2026-07-09T08:22:13Z" user="samdasooooooo" uid="14457606" lat="35.0133255" lon="126.7858809"/>
 <node id="13999573532" visible="true" version="1" changeset="185392139" timestamp="2026-07-09T08:22:13Z" user="samdasooooooo" uid="14457606" lat="35.0132613" lon="126.7858733"/>
 <node id="13999573533" visible="true" version="1" changeset="185392139" timestamp="2026-07-09T08:22:13Z" user="samdasooooooo" uid="14457606" lat="35.0131981" lon="126.7864894"/>
 <node id="13999573534" visible="true" version="1" changeset="185392139" timestamp="2026-07-09T08:22:13Z" user="samdasooooooo" uid="14457606" lat="35.0132665" lon="126.7864970"/>
 <node id="13999573535" visible="true" version="1" changeset="185392139" timestamp="2026-07-09T08:22:13Z" user="samdasooooooo" uid="14457606" lat="35.0132333" lon="126.7865488"/>
 <node id="13999573536" visible="true" version="1" changeset="185392139" timestamp="2026-07-09T08:22:13Z" user="samdasooooooo" uid="14457606" lat="35.0131670" lon="126.7865577"/>
 <node id="13999573537" visible="true" version="1" changeset="185392139" timestamp="2026-07-09T08:22:13Z" user="samdasooooooo" uid="14457606" lat="35.0131629" lon="126.7868815"/>
 <node id="13999573538" visible="true" version="1" changeset="185392139" timestamp="2026-07-09T08:22:13Z" user="samdasooooooo" uid="14457606" lat="35.0132281" lon="126.7868752"/>
 <node id="14016780149" visible="true" version="1" changeset="185763392" timestamp="2026-07-15T06:20:29Z" user="야광멧돼지" uid="12393144" lat="35.0179279" lon="126.7886815"/>
 <node id="14016780150" visible="true" version="1" changeset="185763392" timestamp="2026-07-15T06:20:29Z" user="야광멧돼지" uid="12393144" lat="35.0180307" lon="126.7887769"/>
 <node id="14016780151" visible="true" version="1" changeset="185763392" timestamp="2026-07-15T06:20:29Z" user="야광멧돼지" uid="12393144" lat="35.0180965" lon="126.7888870"/>
 <node id="14016780152" visible="true" version="1" changeset="185763392" timestamp="2026-07-15T06:20:29Z" user="야광멧돼지" uid="12393144" lat="35.0182051" lon="126.7891558"/>
 <node id="14016780153" visible="true" version="1" changeset="185763392" timestamp="2026-07-15T06:20:29Z" user="야광멧돼지" uid="12393144" lat="35.0182621" lon="126.7891704"/>
 <node id="14016780154" visible="true" version="1" changeset="185763392" timestamp="2026-07-15T06:20:29Z" user="야광멧돼지" uid="12393144" lat="35.0186942" lon="126.7892527"/>
 <node id="14016780155" visible="true" version="1" changeset="185763392" timestamp="2026-07-15T06:20:29Z" user="야광멧돼지" uid="12393144" lat="35.0187481" lon="126.7895097"/>
 <node id="14016780156" visible="true" version="1" changeset="185763392" timestamp="2026-07-15T06:20:29Z" user="야광멧돼지" uid="12393144" lat="35.0187899" lon="126.7901220"/>
 <node id="14016780157" visible="true" version="1" changeset="185763392" timestamp="2026-07-15T06:20:29Z" user="야광멧돼지" uid="12393144" lat="35.0189689" lon="126.7901517"/>
 <node id="14016780158" visible="true" version="1" changeset="185763392" timestamp="2026-07-15T06:20:29Z" user="야광멧돼지" uid="12393144" lat="35.0193211" lon="126.7899149"/>
 <node id="14016780159" visible="true" version="1" changeset="185763392" timestamp="2026-07-15T06:20:29Z" user="야광멧돼지" uid="12393144" lat="35.0202080" lon="126.7898350"/>
 <node id="14016780160" visible="true" version="1" changeset="185763392" timestamp="2026-07-15T06:20:29Z" user="야광멧돼지" uid="12393144" lat="35.0200806" lon="126.7898989"/>
 <node id="14016780161" visible="true" version="1" changeset="185763392" timestamp="2026-07-15T06:20:29Z" user="야광멧돼지" uid="12393144" lat="35.0199991" lon="126.7900922"/>
 <node id="14016780162" visible="true" version="1" changeset="185763392" timestamp="2026-07-15T06:20:29Z" user="야광멧돼지" uid="12393144" lat="35.0183545" lon="126.7912799"/>
 <node id="14016792745" visible="true" version="1" changeset="185763174" timestamp="2026-07-15T06:14:42Z" user="야광멧돼지" uid="12393144" lat="35.0170604" lon="126.7906292"/>
 <node id="14016792746" visible="true" version="1" changeset="185763174" timestamp="2026-07-15T06:14:42Z" user="야광멧돼지" uid="12393144" lat="35.0169693" lon="126.7902192"/>
 <node id="14016792747" visible="true" version="1" changeset="185763174" timestamp="2026-07-15T06:14:42Z" user="야광멧돼지" uid="12393144" lat="35.0169629" lon="126.7902283"/>
 <node id="14016792748" visible="true" version="1" changeset="185763174" timestamp="2026-07-15T06:14:42Z" user="야광멧돼지" uid="12393144" lat="35.0170109" lon="126.7902576"/>
 <node id="14016792749" visible="true" version="1" changeset="185763174" timestamp="2026-07-15T06:14:42Z" user="야광멧돼지" uid="12393144" lat="35.0167721" lon="126.7903142"/>
 <node id="14016792750" visible="true" version="1" changeset="185763174" timestamp="2026-07-15T06:14:42Z" user="야광멧돼지" uid="12393144" lat="35.0159355" lon="126.7902191"/>
 <node id="14016792751" visible="true" version="1" changeset="185763174" timestamp="2026-07-15T06:14:42Z" user="야광멧돼지" uid="12393144" lat="35.0159367" lon="126.7903621"/>
 <node id="14016792752" visible="true" version="1" changeset="185763174" timestamp="2026-07-15T06:14:42Z" user="야광멧돼지" uid="12393144" lat="35.0159792" lon="126.7903786"/>
 <node id="14069806803" visible="true" version="1" changeset="186847487" timestamp="2026-08-03T04:33:08Z" user="Kaduna" uid="20432991" lat="35.0163891" lon="126.7845624"/>
 <node id="14069806804" visible="true" version="1" changeset="186847487" timestamp="2026-08-03T04:33:08Z" user="Kaduna" uid="20432991" lat="35.0165394" lon="126.7841403"/>
 <way id="256676879" visible="true" version="35" changeset="174046299" timestamp="2025-11-01T05:13:14Z" user="torisugari" uid="22158042">
  <nd ref="2668227973"/>
  <nd ref="8449650140"/>
  <nd ref="13273395549"/>
  <nd ref="13273395548"/>
  <nd ref="5180189925"/>
  <nd ref="8281390480"/>
  <nd ref="11368586010"/>
  <nd ref="8278020095"/>
  <nd ref="5291647167"/>
  <nd ref="8440076349"/>
  <nd ref="5354443505"/>
  <nd ref="3317874411"/>
  <nd ref="6147537045"/>
  <nd ref="3317874413"/>
  <nd ref="6147537044"/>
  <nd ref="8440076379"/>
  <nd ref="8251861429"/>
  <nd ref="6147537046"/>
  <nd ref="8440076376"/>
  <nd ref="3317874412"/>
  <nd ref="3317874403"/>
  <nd ref="5354444859"/>
  <nd ref="8440076342"/>
  <nd ref="5354444860"/>
  <nd ref="3317874404"/>
  <nd ref="8254947119"/>
  <nd ref="8254947122"/>
  <nd ref="3317874405"/>
  <nd ref="8281350591"/>
  <nd ref="8281350611"/>
  <nd ref="5291647213"/>
  <nd ref="5705916938"/>
  <nd ref="5354444862"/>
  <nd ref="5705916939"/>
  <nd ref="3317874401"/>
  <nd ref="5705916940"/>
  <nd ref="3317874397"/>
  <nd ref="5705916941"/>
  <nd ref="5180185987"/>
  <nd ref="5180185988"/>
  <nd ref="3317874408"/>
  <nd ref="5180185989"/>
  <nd ref="5307960025"/>
  <nd ref="3413882908"/>
  <nd ref="5307960024"/>
  <nd ref="5180185990"/>
  <nd ref="5291647321"/>
  <nd ref="4974385193"/>
  <nd ref="4628676584"/>
  <nd ref="9909151526"/>
  <nd ref="11368511183"/>
  <nd ref="11368511181"/>
  <nd ref="11368511179"/>
  <nd ref="11368511177"/>
  <nd ref="11368511174"/>
  <nd ref="11368511172"/>
  <nd ref="11368511170"/>
  <nd ref="11368479668"/>
  <nd ref="11368479666"/>
  <nd ref="11368479664"/>
  <nd ref="11368479662"/>
  <nd ref="4666430917"/>
  <nd ref="3317874416"/>
  <nd ref="5309677722"/>
  <nd ref="8438286428"/>
  <tag k="highway" v="tertiary"/>
  <tag k="name" v="그린로"/>
  <tag k="name:en" v="Green-ro"/>
  <tag k="name:ko" v="그린로"/>
 </way>
 <way id="256676892" visible="true" version="24" changeset="144324593" timestamp="2023-11-22T12:33:34Z" user="asdfqwer51" uid="3350410">
  <nd ref="5299313883"/>
  <nd ref="3317874395"/>
  <nd ref="5307960102"/>
  <nd ref="5307960050"/>
  <nd ref="3317874406"/>
  <nd ref="3317878068"/>
  <nd ref="5181474096"/>
  <nd ref="5307960117"/>
  <nd ref="3317878064"/>
  <nd ref="3413882939"/>
  <nd ref="3317878067"/>
  <nd ref="5312136034"/>
  <nd ref="5180185953"/>
  <nd ref="3317878065"/>
  <nd ref="5309677721"/>
  <nd ref="5180189939"/>
  <nd ref="5309676720"/>
  <nd ref="2623136271"/>
  <nd ref="11368479659"/>
  <nd ref="10729277277"/>
  <nd ref="5291647185"/>
  <nd ref="10729277276"/>
  <nd ref="3413883086"/>
  <nd ref="10729277292"/>
  <nd ref="5181473806"/>
  <nd ref="2623136267"/>
  <nd ref="5180190020"/>
  <nd ref="3413883116"/>
  <nd ref="5181473095"/>
  <nd ref="5307971365"/>
  <nd ref="8438286449"/>
  <nd ref="2623136274"/>
  <nd ref="4974391611"/>
  <nd ref="5181474045"/>
  <nd ref="3413883140"/>
  <nd ref="10729277275"/>
  <nd ref="10729277274"/>
  <nd ref="5291647156"/>
  <tag k="highway" v="tertiary"/>
  <tag k="name" v="문화로"/>
  <tag k="name:en" v="Munhwa-ro"/>
  <tag k="name:ko" v="문화로"/>
 </way>
 <way id="260699066" visible="true" version="12" changeset="176313032" timestamp="2025-12-23T15:05:33Z" user="aaei924" uid="10626814">
  <nd ref="2662276083"/>
  <nd ref="8254946973"/>
  <nd ref="8270223191"/>
  <nd ref="4976383007"/>
  <nd ref="8267175342"/>
  <nd ref="8267175337"/>
  <nd ref="5668172344"/>
  <nd ref="5291647167"/>
  <tag k="highway" v="tertiary"/>
  <tag k="name" v="진흥길"/>
  <tag k="name:en" v="Jinheung-gil"/>
  <tag k="name:ko" v="진흥길"/>
 </way>
 <way id="260699070" visible="true" version="21" changeset="144325400" timestamp="2023-11-22T12:55:22Z" user="asdfqwer51" uid="3350410">
  <nd ref="5291647173"/>
  <nd ref="5291647175"/>
  <nd ref="5291647177"/>
  <nd ref="5309677810"/>
  <nd ref="5291647179"/>
  <nd ref="5307959902"/>
  <nd ref="4974385190"/>
  <nd ref="5291647189"/>
  <nd ref="5291647191"/>
  <nd ref="10120628595"/>
  <nd ref="3317874405"/>
  <nd ref="8254947144"/>
  <nd ref="10729284652"/>
  <nd ref="8254947170"/>
  <nd ref="5180189974"/>
  <nd ref="2623137544"/>
  <tag k="highway" v="tertiary"/>
  <tag k="name" v="호수로"/>
  <tag k="name:en" v="Hosu-ro"/>
  <tag k="name:ko" v="호수로"/>
 </way>
 <way id="325118714" visible="true" version="10" changeset="144325400" timestamp="2023-11-22T12:55:22Z" user="asdfqwer51" uid="3350410">
  <nd ref="5291647191"/>
  <nd ref="5291647209"/>
  <nd ref="4974385198"/>
  <nd ref="5291647211"/>
  <nd ref="5291647212"/>
  <nd ref="9909151531"/>
  <nd ref="5291647216"/>
  <nd ref="5291647217"/>
  <nd ref="5291647219"/>
  <nd ref="5291647220"/>
  <nd ref="5291647321"/>
  <tag k="highway" v="tertiary"/>
  <tag k="name" v="월정3길"/>
  <tag k="name:en" v="Woljeong 3-gil"/>
  <tag k="name:ko" v="월정3길"/>
 </way>
 <way id="325120125" visible="true" version="10" changeset="176313032" timestamp="2025-12-23T15:05:33Z" user="aaei924" uid="10626814">
  <nd ref="3317872746"/>
  <nd ref="11247572770"/>
  <nd ref="11247572768"/>
  <nd ref="3317872744"/>
  <nd ref="11364530168"/>
  <nd ref="4974391618"/>
  <nd ref="3413883141"/>
  <nd ref="3413883137"/>
  <nd ref="3413883135"/>
  <nd ref="2623136274"/>
  <tag k="highway" v="tertiary"/>
  <tag k="name" v="교육길"/>
  <tag k="name:en" v="Gyoyuk-gil"/>
  <tag k="name:ko" v="교육길"/>
 </way>
 <way id="334275355" visible="true" version="2" changeset="29671642" timestamp="2015-03-23T07:07:53Z" user="generalred" uid="118851">
  <nd ref="3413883114"/>
  <nd ref="3413883108"/>
  <tag k="highway" v="service"/>
 </way>
 <way id="334275357" visible="true" version="2" changeset="29671642" timestamp="2015-03-23T07:07:53Z" user="generalred" uid="118851">
  <nd ref="3413883080"/>
  <nd ref="3413883075"/>
  <tag k="highway" v="service"/>
 </way>
 <way id="334275362" visible="true" version="4" changeset="186847487" timestamp="2026-08-03T04:33:08Z" user="Kaduna" uid="20432991">
  <nd ref="3413883116"/>
  <nd ref="3413883118"/>
  <nd ref="3413883114"/>
  <nd ref="14069806803"/>
  <nd ref="3413883080"/>
  <nd ref="3413883078"/>
  <nd ref="3413883086"/>
  <tag k="highway" v="service"/>
 </way>
 <way id="334275373" visible="true" version="7" changeset="144332579" timestamp="2023-11-22T16:15:50Z" user="asdfqwer51" uid="3350410">
  <nd ref="3413883174"/>
  <nd ref="8440089634"/>
  <nd ref="3413883172"/>
  <nd ref="8440089633"/>
  <nd ref="3413883171"/>
  <nd ref="8440089562"/>
  <nd ref="3413883170"/>
  <nd ref="8440089578"/>
  <nd ref="11368911177"/>
  <nd ref="11368911176"/>
  <nd ref="3413883159"/>
  <nd ref="8440089618"/>
  <nd ref="3413883148"/>
  <nd ref="8440089624"/>
  <nd ref="3413883128"/>
  <nd ref="8278020096"/>
  <nd ref="5291647168"/>
  <tag k="highway" v="residential"/>
  <tag k="name" v="배멧2길"/>
  <tag k="name:en" v="Baemet 2-gil"/>
  <tag k="name:ko" v="배멧2길"/>
 </way>
 <way id="334275386" visible="true" version="1" changeset="29671622" timestamp="2015-03-23T07:06:19Z" user="generalred" uid="118851">
  <nd ref="3413883145"/>
  <nd ref="3413883144"/>
  <tag k="highway" v="residential"/>
 </way>
 <way id="334275390" visible="true" version="5" changeset="144397454" timestamp="2023-11-24T08:19:48Z" user="asdfqwer51" uid="3350410">
  <nd ref="3413883141"/>
  <nd ref="8438286473"/>
  <nd ref="10719045193"/>
  <nd ref="11372883860"/>
  <nd ref="3413883129"/>
  <nd ref="10719045194"/>
  <nd ref="5180190013"/>
  <nd ref="5180190014"/>
  <nd ref="11372883854"/>
  <nd ref="10719045195"/>
  <nd ref="5180190015"/>
  <nd ref="5180190016"/>
  <nd ref="11372883865"/>
  <nd ref="11372883866"/>
  <nd ref="11372883867"/>
  <nd ref="11372883868"/>
  <nd ref="11372883884"/>
  <nd ref="5180190017"/>
  <nd ref="5180190018"/>
  <nd ref="10719045196"/>
  <nd ref="5180190019"/>
  <nd ref="11372883891"/>
  <nd ref="5180190020"/>
  <tag k="highway" v="service"/>
 </way>
 <way id="334275396" visible="true" version="2" changeset="99630021" timestamp="2021-02-20T08:24:13Z" user="mulgist" uid="12368943">
  <nd ref="3413883142"/>
  <nd ref="8440089599"/>
  <nd ref="8440089621"/>
  <nd ref="3413883128"/>
  <tag k="highway" v="residential"/>
 </way>
 <way id="334275400" visible="true" version="5" changeset="144326721" timestamp="2023-11-22T13:28:24Z" user="asdfqwer51" uid="3350410">
  <nd ref="5180189925"/>
  <nd ref="8278020091"/>
  <nd ref="5180189970"/>
  <nd ref="3413883161"/>
  <nd ref="11368586043"/>
  <nd ref="8273070006"/>
  <nd ref="5180185975"/>
  <tag k="highway" v="service"/>
  <tag k="service" v="parking_aisle"/>
 </way>
 <way id="334275403" visible="true" version="1" changeset="29671622" timestamp="2015-03-23T07:06:19Z" user="generalred" uid="118851">
  <nd ref="3413883151"/>
  <nd ref="3413883150"/>
  <tag k="highway" v="service"/>
 </way>
 <way id="334275407" visible="true" version="4" changeset="99630021" timestamp="2021-02-20T08:24:13Z" user="mulgist" uid="12368943">
  <nd ref="3413883172"/>
  <nd ref="8440089550"/>
  <nd ref="3413883154"/>
  <nd ref="6147535669"/>
  <nd ref="6147535670"/>
  <nd ref="5181474046"/>
  <nd ref="8440089630"/>
  <nd ref="3413883149"/>
  <tag k="highway" v="residential"/>
 </way>
 <way id="334275413" visible="true" version="3" changeset="99630021" timestamp="2021-02-20T08:24:13Z" user="mulgist" uid="12368943">
  <nd ref="5354443491"/>
  <nd ref="3413883149"/>
  <nd ref="8440089519"/>
  <nd ref="3413883146"/>
  <tag k="highway" v="residential"/>
 </way>
 <way id="334275415" visible="true" version="1" changeset="29671622" timestamp="2015-03-23T07:06:20Z" user="generalred" uid="118851">
  <nd ref="3413883147"/>
  <nd ref="3413883142"/>
  <nd ref="3413883134"/>
  <tag k="highway" v="residential"/>
 </way>
 <way id="334275419" visible="true" version="3" changeset="75057121" timestamp="2019-09-29T09:29:43Z" user="octel" uid="238290">
  <nd ref="3413883016"/>
  <nd ref="3413883004"/>
  <nd ref="3413883001"/>
  <nd ref="3413883017"/>
  <tag k="highway" v="residential"/>
  <tag k="name" v="월정1길"/>
  <tag k="name:en" v="Woljeong 1-gil"/>
  <tag k="name:ko" v="월정1길"/>
 </way>
 <way id="334275420" visible="true" version="7" changeset="124040733" timestamp="2022-07-25T08:53:04Z" user="FUKUTAN" uid="5207199">
  <nd ref="5291647209"/>
  <nd ref="5180186009"/>
  <nd ref="5180186006"/>
  <nd ref="9909151530"/>
  <nd ref="5180186005"/>
  <nd ref="5180186002"/>
  <nd ref="3413883012"/>
  <tag k="highway" v="residential"/>
  <tag k="name" v="월정3길"/>
  <tag k="name:en" v="Woljeong 3-gil"/>
  <tag k="name:ko" v="월정3길"/>
 </way>
 <way id="334275432" visible="true" version="3" changeset="75057121" timestamp="2019-09-29T09:29:43Z" user="octel" uid="238290">
  <nd ref="3413883014"/>
  <nd ref="3413883002"/>
  <nd ref="3413883003"/>
  <nd ref="3413883015"/>
  <tag k="highway" v="residential"/>
  <tag k="name" v="월정1길"/>
  <tag k="name:en" v="Woljeong 1-gil"/>
  <tag k="name:ko" v="월정1길"/>
 </way>
 <way id="334275440" visible="true" version="5" changeset="99630021" timestamp="2021-02-20T08:24:13Z" user="mulgist" uid="12368943">
  <nd ref="3413883171"/>
  <nd ref="8440089560"/>
  <nd ref="5354443491"/>
  <nd ref="8440089613"/>
  <nd ref="8440089581"/>
  <nd ref="8440089614"/>
  <nd ref="3413883147"/>
  <nd ref="8440089616"/>
  <nd ref="3413883148"/>
  <tag k="highway" v="residential"/>
 </way>
 <way id="334275457" visible="true" version="6" changeset="171918325" timestamp="2025-09-14T13:36:20Z" user="FUKUTAN" uid="5207199">
  <nd ref="3413883138"/>
  <nd ref="6173261537"/>
  <nd ref="3413883145"/>
  <nd ref="3413883175"/>
  <nd ref="3413883173"/>
  <nd ref="13142494999"/>
  <nd ref="3413883144"/>
  <nd ref="5181474002"/>
  <nd ref="3413883131"/>
  <tag k="highway" v="residential"/>
  <tag k="name" v="배멧3길"/>
  <tag k="name:en" v="Baemet 3-gil"/>
  <tag k="name:ko" v="배멧3길"/>
 </way>
 <way id="334275809" visible="true" version="10" changeset="185763392" timestamp="2026-07-15T06:20:29Z" user="야광멧돼지" uid="12393144">
  <nd ref="3413889807"/>
  <nd ref="3413887588"/>
  <nd ref="3413887587"/>
  <nd ref="3413889793"/>
  <nd ref="3413889795"/>
  <nd ref="3413889796"/>
  <nd ref="3413887590"/>
  <nd ref="3413889794"/>
  <nd ref="3413887592"/>
  <nd ref="3413887589"/>
  <nd ref="3413889800"/>
  <nd ref="8420734088"/>
  <nd ref="8420734087"/>
  <nd ref="5181473629"/>
  <nd ref="3413889817"/>
  <nd ref="3413889834"/>
  <nd ref="9909151338"/>
  <nd ref="3413889831"/>
  <nd ref="3413889828"/>
  <nd ref="3413889849"/>
  <nd ref="8438286357"/>
  <nd ref="8438286356"/>
  <nd ref="3413889851"/>
  <nd ref="3413889854"/>
  <nd ref="3413889856"/>
  <nd ref="3413889858"/>
  <nd ref="3413889862"/>
  <nd ref="5181473544"/>
  <nd ref="3413889864"/>
  <nd ref="3413889865"/>
  <nd ref="3413889866"/>
  <nd ref="3413889868"/>
  <nd ref="5307959874"/>
  <nd ref="14016780149"/>
  <nd ref="5181473700"/>
  <nd ref="14016780150"/>
  <nd ref="3413889870"/>
  <nd ref="14016780151"/>
  <nd ref="14016780152"/>
  <nd ref="14016780153"/>
  <nd ref="8438286354"/>
  <nd ref="8438286353"/>
  <nd ref="8438286352"/>
  <nd ref="14016780154"/>
  <nd ref="8438286351"/>
  <nd ref="3413889882"/>
  <nd ref="14016780155"/>
  <nd ref="14016780156"/>
  <nd ref="14016780157"/>
  <nd ref="3413889880"/>
  <nd ref="3413889899"/>
  <nd ref="14016780158"/>
  <nd ref="5180189924"/>
  <nd ref="5180189923"/>
  <nd ref="5180189922"/>
  <nd ref="5180189921"/>
  <nd ref="9905166605"/>
  <nd ref="3413889901"/>
  <nd ref="5181473612"/>
  <nd ref="9905166606"/>
  <nd ref="9905166607"/>
  <nd ref="3413889900"/>
  <nd ref="9905166608"/>
  <nd ref="3413889897"/>
  <nd ref="9905166609"/>
  <nd ref="3413889894"/>
  <nd ref="5180186020"/>
  <nd ref="3413889892"/>
  <nd ref="8438286445"/>
  <nd ref="3413889890"/>
  <nd ref="8438286444"/>
  <nd ref="3413889889"/>
  <nd ref="3413889887"/>
  <nd ref="3413889885"/>
  <nd ref="3413889884"/>
  <nd ref="3413889879"/>
  <nd ref="3413889876"/>
  <nd ref="3413889867"/>
  <nd ref="3413889863"/>
  <nd ref="3413889861"/>
  <nd ref="3413889860"/>
  <nd ref="8438286471"/>
  <nd ref="3413889859"/>
  <nd ref="3413889857"/>
  <nd ref="3413889824"/>
  <nd ref="3413889819"/>
  <nd ref="3413889810"/>
  <nd ref="8438286358"/>
  <nd ref="3413889807"/>
  <tag k="natural" v="water"/>
  <tag k="water" v="lake"/>
 </way>
 <way id="334275812" visible="true" version="10" changeset="133576767" timestamp="2023-03-12T08:09:37Z" user="FUKUTAN" uid="5207199">
  <nd ref="3413887588"/>
  <nd ref="8438286418"/>
  <nd ref="8438286419"/>
  <nd ref="8438286421"/>
  <nd ref="8438286420"/>
  <nd ref="8438286424"/>
  <nd ref="3413887579"/>
  <nd ref="3413887578"/>
  <nd ref="4666430897"/>
  <nd ref="4666430898"/>
  <nd ref="3413887577"/>
  <nd ref="8438286426"/>
  <nd ref="4666430899"/>
  <nd ref="3413887576"/>
  <nd ref="10729284671"/>
  <nd ref="5307960286"/>
  <nd ref="4666430900"/>
  <nd ref="9909151449"/>
  <nd ref="3413887575"/>
  <nd ref="9909151450"/>
  <nd ref="3413887574"/>
  <nd ref="9909151451"/>
  <nd ref="3413887573"/>
  <nd ref="3413887572"/>
  <nd ref="8438286429"/>
  <nd ref="3413887571"/>
  <nd ref="3413887570"/>
  <nd ref="3413887569"/>
  <nd ref="3413887568"/>
  <nd ref="5307960049"/>
  <nd ref="4981244089"/>
  <nd ref="4981244090"/>
  <nd ref="4981244091"/>
  <nd ref="4981244092"/>
  <nd ref="4981244093"/>
  <nd ref="4981244094"/>
  <nd ref="5309416068"/>
  <nd ref="4981244095"/>
  <tag k="waterway" v="stream"/>
 </way>
 <way id="472429644" visible="true" version="11" changeset="163971755" timestamp="2025-03-23T05:18:51Z" user="chiho_kang" uid="10604125">
  <nd ref="5291647190"/>
  <nd ref="3413883019"/>
  <nd ref="4666425417"/>
  <nd ref="4666425418"/>
  <nd ref="11853901434"/>
  <nd ref="5291647214"/>
  <nd ref="5291647199"/>
  <nd ref="11853901433"/>
  <nd ref="11853901432"/>
  <nd ref="5291647194"/>
  <nd ref="5291647190"/>
  <tag k="addr:city" v="나주시"/>
  <tag k="addr:housenumber" v="17"/>
  <tag k="addr:postcode" v="58328"/>
  <tag k="addr:province" v="전라남도"/>
  <tag k="addr:street" v="월정3길"/>
  <tag k="addr:subdistrict" v="빛가람동"/>
  <tag k="landuse" v="residential"/>
  <tag k="name" v="빛가람 LH 5단지"/>
  <tag k="name:en" v="Bitgaram LH 5th Apartment Complex"/>
  <tag k="name:ko" v="빛가람 LH 5단지"/>
  <tag k="operator" v="한국토지주택공사"/>
  <tag k="residential" v="apartments"/>
 </way>
 <way id="472430125" visible="true" version="8" changeset="163971755" timestamp="2025-03-23T05:18:51Z" user="chiho_kang" uid="10604125">
  <nd ref="4666430901"/>
  <nd ref="4666430902"/>
  <nd ref="4666430903"/>
  <nd ref="4666430904"/>
  <nd ref="4666430905"/>
  <nd ref="4666430906"/>
  <nd ref="4666430907"/>
  <nd ref="5291647174"/>
  <nd ref="5291647176"/>
  <nd ref="5291647178"/>
  <nd ref="3413883013"/>
  <nd ref="3413882979"/>
  <nd ref="4666430901"/>
  <tag k="addr:city" v="나주시"/>
  <tag k="addr:housenumber" v="20"/>
  <tag k="addr:postcode" v="58328"/>
  <tag k="addr:province" v="전라남도"/>
  <tag k="addr:street" v="월정1길"/>
  <tag k="addr:subdistrict" v="빛가람동"/>
  <tag k="landuse" v="residential"/>
  <tag k="name" v="빛가람 영무예다음"/>
  <tag k="name:en" v="Bitgaram Yeongmu Yedaum"/>
  <tag k="name:ko" v="빛가람 영무예다음"/>
  <tag k="residential" v="apartments"/>
 </way>
 <way id="473493176" visible="true" version="9" changeset="163971755" timestamp="2025-03-23T05:18:51Z" user="chiho_kang" uid="10604125">
  <nd ref="4675967298"/>
  <nd ref="4675967299"/>
  <nd ref="4675967300"/>
  <nd ref="4675967301"/>
  <nd ref="5181473112"/>
  <nd ref="4675967302"/>
  <nd ref="6147537081"/>
  <nd ref="6147537080"/>
  <nd ref="6147537077"/>
  <nd ref="4675967303"/>
  <nd ref="6147537078"/>
  <nd ref="4675967304"/>
  <nd ref="5309416703"/>
  <nd ref="6147537079"/>
  <nd ref="4675967298"/>
  <tag k="addr:city" v="나주시"/>
  <tag k="addr:housenumber" v="328"/>
  <tag k="addr:postcode" v="58324"/>
  <tag k="addr:province" v="전라남도"/>
  <tag k="addr:street" v="그린로"/>
  <tag k="addr:subdistrict" v="빛가람동"/>
  <tag k="landuse" v="residential"/>
  <tag k="name" v="루멘하임"/>
  <tag k="name:en" v="Lumenheim"/>
  <tag k="name:ko" v="루멘하임"/>
  <tag k="operator" v="(주)부영주택"/>
  <tag k="residential" v="apartments"/>
 </way>
 <way id="508048284" visible="true" version="3" changeset="127916765" timestamp="2022-10-22T10:41:35Z" user="FUKUTAN" uid="5207199">
  <nd ref="4974385190"/>
  <nd ref="9909151525"/>
  <nd ref="9909151314"/>
  <nd ref="9909151528"/>
  <nd ref="4974385191"/>
  <nd ref="9909151527"/>
  <nd ref="9909151309"/>
  <nd ref="9909151524"/>
  <nd ref="9909151526"/>
  <nd ref="4974385192"/>
  <nd ref="10120628544"/>
  <nd ref="10120628545"/>
  <tag k="highway" v="pedestrian"/>
 </way>
 <way id="508048287" visible="true" version="5" changeset="127916765" timestamp="2022-10-22T10:41:35Z" user="FUKUTAN" uid="5207199">
  <nd ref="10120628523"/>
  <nd ref="10120628522"/>
  <nd ref="10120628524"/>
  <nd ref="4974385193"/>
  <nd ref="9909151307"/>
  <nd ref="9909151308"/>
  <nd ref="9909151306"/>
  <nd ref="4974385194"/>
  <nd ref="9909151529"/>
  <nd ref="9909151317"/>
  <nd ref="9909151530"/>
  <nd ref="5291647188"/>
  <tag k="highway" v="pedestrian"/>
 </way>
 <way id="508048290" visible="true" version="3" changeset="124040733" timestamp="2022-07-25T08:53:04Z" user="FUKUTAN" uid="5207199">
  <nd ref="3413882984"/>
  <nd ref="9909151315"/>
  <nd ref="3413883018"/>
  <tag k="highway" v="residential"/>
  <tag k="name" v="월정1길"/>
  <tag k="name:en" v="Woljeong 1-gil"/>
  <tag k="name:ko" v="월정1길"/>
 </way>
 <way id="508048291" visible="true" version="4" changeset="124040733" timestamp="2022-07-25T08:53:04Z" user="FUKUTAN" uid="5207199">
  <nd ref="3413883018"/>
  <nd ref="3413883017"/>
  <nd ref="3413883016"/>
  <nd ref="9909151525"/>
  <nd ref="3413883015"/>
  <nd ref="3413883014"/>
  <nd ref="5291647180"/>
  <tag k="highway" v="residential"/>
  <tag k="name" v="월정1길"/>
  <tag k="name:en" v="Woljeong 1-gil"/>
  <tag k="name:ko" v="월정1길"/>
 </way>
 <way id="508048292" visible="true" version="4" changeset="124040733" timestamp="2022-07-25T08:53:04Z" user="FUKUTAN" uid="5207199">
  <nd ref="3413883012"/>
  <nd ref="5180185991"/>
  <nd ref="9909151316"/>
  <nd ref="5180185992"/>
  <nd ref="3413882978"/>
  <tag k="highway" v="residential"/>
  <tag k="name" v="월정3길"/>
  <tag k="name:en" v="Woljeong 3-gil"/>
  <tag k="name:ko" v="월정3길"/>
 </way>
 <way id="508048295" visible="true" version="6" changeset="144325400" timestamp="2023-11-22T12:55:22Z" user="asdfqwer51" uid="3350410">
  <nd ref="4974385202"/>
  <nd ref="5181473117"/>
  <nd ref="5181473116"/>
  <nd ref="4628676584"/>
  <nd ref="5181473538"/>
  <nd ref="5181473118"/>
  <nd ref="5181473119"/>
  <nd ref="5181473120"/>
  <nd ref="5181473521"/>
  <nd ref="5181473808"/>
  <nd ref="5181473522"/>
  <nd ref="5181473523"/>
  <nd ref="5181473524"/>
  <nd ref="5181473525"/>
  <nd ref="5181473526"/>
  <nd ref="5181473527"/>
  <nd ref="9909151312"/>
  <nd ref="5181473528"/>
  <nd ref="5181473529"/>
  <nd ref="5181473993"/>
  <nd ref="5181473530"/>
  <nd ref="5181473531"/>
  <tag k="highway" v="footway"/>
 </way>
 <way id="508048299" visible="true" version="13" changeset="144332579" timestamp="2023-11-22T16:15:50Z" user="asdfqwer51" uid="3350410">
  <nd ref="3413883041"/>
  <nd ref="8438286457"/>
  <nd ref="8438286456"/>
  <nd ref="8438286455"/>
  <nd ref="4974385216"/>
  <nd ref="8438286458"/>
  <nd ref="8438286459"/>
  <nd ref="8438286460"/>
  <nd ref="8438286461"/>
  <nd ref="8438286462"/>
  <nd ref="8438286463"/>
  <nd ref="8438286464"/>
  <nd ref="8438286465"/>
  <nd ref="8438286466"/>
  <nd ref="8438286467"/>
  <nd ref="4974385217"/>
  <nd ref="8438286468"/>
  <nd ref="8438286470"/>
  <nd ref="8438286469"/>
  <nd ref="4974385218"/>
  <nd ref="5181473786"/>
  <nd ref="4974385219"/>
  <nd ref="5181473787"/>
  <nd ref="4974385220"/>
  <nd ref="5181473789"/>
  <nd ref="5181473788"/>
  <nd ref="4974386221"/>
  <nd ref="4974386222"/>
  <nd ref="8438286359"/>
  <nd ref="5309676689"/>
  <nd ref="5181473635"/>
  <nd ref="9905228726"/>
  <nd ref="9905228727"/>
  <nd ref="8438286361"/>
  <nd ref="4974386223"/>
  <nd ref="5312200031"/>
  <nd ref="4974386224"/>
  <nd ref="8438286362"/>
  <nd ref="4974386225"/>
  <nd ref="4974386226"/>
  <nd ref="8257427200"/>
  <nd ref="5354444853"/>
  <nd ref="4974386227"/>
  <nd ref="11368911172"/>
  <nd ref="8257427199"/>
  <nd ref="8254946978"/>
  <nd ref="5354444854"/>
  <nd ref="5354444852"/>
  <nd ref="3413883117"/>
  <nd ref="5354444851"/>
  <nd ref="5181473111"/>
  <nd ref="5181473110"/>
  <nd ref="5181473726"/>
  <nd ref="5181473109"/>
  <nd ref="5181473751"/>
  <nd ref="4974386230"/>
  <nd ref="5291647204"/>
  <nd ref="4974386231"/>
  <nd ref="5291647203"/>
  <nd ref="5291647202"/>
  <nd ref="5291647201"/>
  <nd ref="5291647200"/>
  <nd ref="4974386232"/>
  <nd ref="5180190341"/>
  <nd ref="5291647198"/>
  <nd ref="5291647197"/>
  <nd ref="5291647196"/>
  <nd ref="5180189972"/>
  <nd ref="5291647208"/>
  <nd ref="5291647207"/>
  <nd ref="5291647206"/>
  <nd ref="5291647205"/>
  <nd ref="4974386233"/>
  <nd ref="5180189973"/>
  <nd ref="2662277293"/>
  <nd ref="4666430908"/>
  <nd ref="4981242795"/>
  <nd ref="5291647184"/>
  <nd ref="5291647183"/>
  <nd ref="5291647170"/>
  <nd ref="5181473682"/>
  <nd ref="3413883041"/>
  <tag k="leisure" v="park"/>
  <tag k="name" v="빛가람호수공원"/>
 </way>
 <way id="508048300" visible="true" version="3" changeset="53130301" timestamp="2017-10-21T15:00:07Z" user="FUKUTAN" uid="5207199">
  <nd ref="5180190184"/>
  <nd ref="4974386234"/>
  <nd ref="4974386235"/>
  <tag k="electrified" v="rail"/>
  <tag k="railway" v="monorail"/>
 </way>
 <way id="508048953" visible="true" version="4" changeset="185763392" timestamp="2026-07-15T06:20:29Z" user="야광멧돼지" uid="12393144">
  <nd ref="4974391637"/>
  <nd ref="4974391638"/>
  <nd ref="4974391639"/>
  <nd ref="4974391640"/>
  <nd ref="4974391641"/>
  <nd ref="4974391642"/>
  <nd ref="4974391643"/>
  <nd ref="4974391644"/>
  <nd ref="4974391645"/>
  <nd ref="4974391646"/>
  <nd ref="4974391665"/>
  <nd ref="8438286364"/>
  <nd ref="4974391647"/>
  <nd ref="5181473684"/>
  <nd ref="4974391648"/>
  <nd ref="5181473683"/>
  <nd ref="4974391649"/>
  <nd ref="4974391650"/>
  <nd ref="4974391651"/>
  <nd ref="4974391652"/>
  <nd ref="4974391653"/>
  <nd ref="4974391654"/>
  <nd ref="8438286414"/>
  <nd ref="4974391655"/>
  <nd ref="4974391656"/>
  <nd ref="4974391657"/>
  <nd ref="5181473958"/>
  <nd ref="4974391658"/>
  <nd ref="14016780162"/>
  <nd ref="4974391659"/>
  <nd ref="4974391660"/>
  <nd ref="4974391661"/>
  <nd ref="4974391664"/>
  <nd ref="4974391637"/>
  <tag k="name" v="베메산"/>
  <tag k="natural" v="wood"/>
 </way>
 <way id="508303720" visible="true" version="5" changeset="99630021" timestamp="2021-02-20T08:24:13Z" user="mulgist" uid="12368943">
  <nd ref="8254947073"/>
  <nd ref="8254947038"/>
  <nd ref="8254947034"/>
  <nd ref="8254947015"/>
  <nd ref="8281390500"/>
  <nd ref="4976383010"/>
  <nd ref="4976383013"/>
  <tag k="highway" v="footway"/>
 </way>
 <way id="508838333" visible="true" version="4" changeset="144324593" timestamp="2023-11-22T12:33:34Z" user="asdfqwer51" uid="3350410">
  <nd ref="4981242796"/>
  <nd ref="4981242797"/>
  <nd ref="4981242798"/>
  <nd ref="4981242799"/>
  <nd ref="11368479652"/>
  <nd ref="5181473545"/>
  <nd ref="5181473546"/>
  <nd ref="4981242796"/>
  <tag k="addr:housenumber" v="10"/>
  <tag k="addr:postcode" v="58328"/>
  <tag k="addr:street" v="호수로"/>
  <tag k="landuse" v="residential"/>
  <tag k="name" v="빛가람 이지더원"/>
  <tag k="name:en" v="Bitgaram EG The One"/>
  <tag k="name:ko" v="빛가람 이지더원"/>
  <tag k="residential" v="apartments"/>
 </way>
 <way id="534052720" visible="true" version="2" changeset="75057121" timestamp="2019-09-29T09:29:43Z" user="octel" uid="238290">
  <nd ref="5180186002"/>
  <nd ref="5180186003"/>
  <nd ref="5180186004"/>
  <nd ref="5180186005"/>
  <tag k="highway" v="residential"/>
  <tag k="name" v="월정3길"/>
  <tag k="name:en" v="Woljeong 3-gil"/>
  <tag k="name:ko" v="월정3길"/>
 </way>
 <way id="534052721" visible="true" version="2" changeset="75057121" timestamp="2019-09-29T09:29:43Z" user="octel" uid="238290">
  <nd ref="5180186006"/>
  <nd ref="5180186007"/>
  <nd ref="5180186008"/>
  <nd ref="5180186009"/>
  <tag k="highway" v="residential"/>
  <tag k="name" v="월정3길"/>
  <tag k="name:en" v="Woljeong 3-gil"/>
  <tag k="name:ko" v="월정3길"/>
 </way>
 <way id="534052738" visible="true" version="1" changeset="53130301" timestamp="2017-10-21T14:59:49Z" user="FUKUTAN" uid="5207199">
  <nd ref="5180185975"/>
  <nd ref="5180189969"/>
  <nd ref="5180189970"/>
  <tag k="highway" v="service"/>
  <tag k="service" v="parking_aisle"/>
 </way>
 <way id="534052750" visible="true" version="7" changeset="150569043" timestamp="2024-04-27T08:27:03Z" user="mulgist" uid="12368943">
  <nd ref="5291647211"/>
  <nd ref="5180190166"/>
  <nd ref="10120628594"/>
  <nd ref="5180190167"/>
  <nd ref="10120628593"/>
  <nd ref="5180190168"/>
  <nd ref="5180190169"/>
  <nd ref="10120628592"/>
  <nd ref="10120628591"/>
  <nd ref="10719045182"/>
  <nd ref="5180190170"/>
  <nd ref="5180190171"/>
  <nd ref="5180190172"/>
  <nd ref="5180190173"/>
  <nd ref="5180190174"/>
  <nd ref="5180190175"/>
  <nd ref="11853921969"/>
  <nd ref="5181473596"/>
  <nd ref="11853921974"/>
  <nd ref="5180190176"/>
  <nd ref="5180190177"/>
  <nd ref="6147537057"/>
  <nd ref="5181473595"/>
  <nd ref="6147537056"/>
  <nd ref="5180190178"/>
  <nd ref="10719045191"/>
  <nd ref="6147537055"/>
  <nd ref="5180190179"/>
  <nd ref="6147537054"/>
  <nd ref="5180190180"/>
  <nd ref="6147537053"/>
  <nd ref="10120628590"/>
  <nd ref="6147537052"/>
  <nd ref="6147537051"/>
  <nd ref="11853921981"/>
  <nd ref="5180190181"/>
  <nd ref="10120628589"/>
  <nd ref="5180190182"/>
  <nd ref="6147537050"/>
  <nd ref="11853921986"/>
  <nd ref="5180190183"/>
  <tag k="highway" v="service"/>
 </way>
 <way id="534052753" visible="true" version="3" changeset="144332579" timestamp="2023-11-22T16:15:50Z" user="asdfqwer51" uid="3350410">
  <nd ref="5180190186"/>
  <nd ref="5180190192"/>
  <nd ref="5180190187"/>
  <nd ref="5180190189"/>
  <nd ref="5180190190"/>
  <tag k="highway" v="service"/>
  <tag k="service" v="parking_aisle"/>
 </way>
 <way id="534052756" visible="true" version="1" changeset="53130301" timestamp="2017-10-21T14:59:50Z" user="FUKUTAN" uid="5207199">
  <nd ref="5180190190"/>
  <nd ref="5180190191"/>
  <nd ref="5180190194"/>
  <nd ref="5180190192"/>
  <tag k="highway" v="service"/>
  <tag k="service" v="parking_aisle"/>
 </way>
 <way id="534052758" visible="true" version="2" changeset="144332579" timestamp="2023-11-22T16:15:50Z" user="asdfqwer51" uid="3350410">
  <nd ref="5180190187"/>
  <nd ref="5180190194"/>
  <tag k="highway" v="service"/>
  <tag k="service" v="parking_aisle"/>
 </way>
 <way id="534052760" visible="true" version="7" changeset="99601411" timestamp="2021-02-19T14:39:38Z" user="mulgist" uid="12368943">
  <nd ref="8420734082"/>
  <nd ref="5181473639"/>
  <nd ref="5309676693"/>
  <nd ref="5181473771"/>
  <nd ref="5181473783"/>
  <nd ref="8438286446"/>
  <nd ref="5180190203"/>
  <nd ref="5181474001"/>
  <nd ref="5180190204"/>
  <nd ref="5181473753"/>
  <nd ref="5181473758"/>
  <nd ref="5180190206"/>
  <nd ref="5180190207"/>
  <nd ref="5180190208"/>
  <tag k="highway" v="path"/>
 </way>
 <way id="534052762" visible="true" version="6" changeset="99601411" timestamp="2021-02-19T14:39:38Z" user="mulgist" uid="12368943">
  <nd ref="8438286416"/>
  <nd ref="5180190218"/>
  <nd ref="5307959899"/>
  <nd ref="5307959906"/>
  <nd ref="5180190219"/>
  <nd ref="5307959901"/>
  <nd ref="5180190220"/>
  <nd ref="5309677808"/>
  <nd ref="5307959900"/>
  <nd ref="5307959903"/>
  <nd ref="5180190321"/>
  <nd ref="5180190322"/>
  <nd ref="5180190323"/>
  <nd ref="5307959909"/>
  <nd ref="5180190324"/>
  <nd ref="5180190325"/>
  <nd ref="5180190326"/>
  <nd ref="5180190327"/>
  <nd ref="5180190328"/>
  <nd ref="8438286381"/>
  <nd ref="5180190329"/>
  <nd ref="5180190330"/>
  <nd ref="5180190331"/>
  <nd ref="5180190332"/>
  <nd ref="5180190333"/>
  <nd ref="5180190334"/>
  <nd ref="5180190335"/>
  <nd ref="5180190336"/>
  <nd ref="5180190337"/>
  <nd ref="5180190338"/>
  <nd ref="5180190339"/>
  <nd ref="5180190340"/>
  <nd ref="5291647192"/>
  <tag k="highway" v="path"/>
 </way>
 <way id="534052766" visible="true" version="6" changeset="99630021" timestamp="2021-02-20T08:24:13Z" user="mulgist" uid="12368943">
  <nd ref="5181473629"/>
  <nd ref="8420734087"/>
  <nd ref="8420734088"/>
  <nd ref="5181473627"/>
  <nd ref="5181473626"/>
  <nd ref="5180190343"/>
  <nd ref="5181473631"/>
  <nd ref="5180190344"/>
  <nd ref="5180190345"/>
  <nd ref="5180190346"/>
  <nd ref="8440076346"/>
  <nd ref="5180190347"/>
  <nd ref="8440076345"/>
  <nd ref="5180190348"/>
  <nd ref="8440076344"/>
  <nd ref="5180190349"/>
  <nd ref="5180190350"/>
  <nd ref="5180190351"/>
  <nd ref="5180190352"/>
  <nd ref="5180190353"/>
  <nd ref="5180190354"/>
  <nd ref="5180190355"/>
  <nd ref="5180190356"/>
  <nd ref="5180190357"/>
  <nd ref="5181473811"/>
  <nd ref="5180190358"/>
  <nd ref="5181473812"/>
  <nd ref="5180190359"/>
  <nd ref="5180190360"/>
  <nd ref="5180190361"/>
  <nd ref="5180190362"/>
  <nd ref="5180190363"/>
  <nd ref="5180190364"/>
  <nd ref="5180190365"/>
  <nd ref="5180190366"/>
  <nd ref="5180190367"/>
  <nd ref="5180190368"/>
  <nd ref="5180190369"/>
  <nd ref="5180190370"/>
  <nd ref="5180190371"/>
  <nd ref="5181473817"/>
  <nd ref="5180190372"/>
  <nd ref="5180190373"/>
  <nd ref="5180190374"/>
  <nd ref="5180190375"/>
  <nd ref="5180190376"/>
  <nd ref="5180190377"/>
  <nd ref="5181473624"/>
  <nd ref="5181473630"/>
  <nd ref="5181473625"/>
  <nd ref="5181473629"/>
  <tag k="natural" v="water"/>
  <tag k="water" v="pond"/>
 </way>
 <way id="534052769" visible="true" version="7" changeset="141712425" timestamp="2023-09-25T05:17:57Z" user="FUKUTAN" uid="5207199">
  <nd ref="5291647189"/>
  <nd ref="5180190378"/>
  <nd ref="5180190379"/>
  <nd ref="11217164590"/>
  <nd ref="5180190380"/>
  <nd ref="5180190381"/>
  <nd ref="5180190382"/>
  <nd ref="5180190383"/>
  <nd ref="8438286381"/>
  <nd ref="5180190384"/>
  <nd ref="9909151318"/>
  <nd ref="5180190385"/>
  <nd ref="5180190386"/>
  <nd ref="5180190387"/>
  <nd ref="5180190388"/>
  <nd ref="9909151319"/>
  <nd ref="9909151320"/>
  <nd ref="5180190390"/>
  <nd ref="5705916943"/>
  <nd ref="5180190391"/>
  <nd ref="5705916942"/>
  <nd ref="6147537185"/>
  <nd ref="5180190392"/>
  <nd ref="5180190393"/>
  <tag k="highway" v="service"/>
 </way>
 <way id="534225867" visible="true" version="5" changeset="185763392" timestamp="2026-07-15T06:20:29Z" user="야광멧돼지" uid="12393144">
  <nd ref="5181473597"/>
  <nd ref="5181473598"/>
  <nd ref="8438286336"/>
  <nd ref="5181473599"/>
  <nd ref="5181473600"/>
  <nd ref="5181473601"/>
  <nd ref="5181473602"/>
  <nd ref="5181473603"/>
  <nd ref="5181473604"/>
  <nd ref="5181473605"/>
  <nd ref="5312200026"/>
  <nd ref="5181473606"/>
  <nd ref="5181473607"/>
  <nd ref="5181473608"/>
  <nd ref="5181473609"/>
  <nd ref="5181473610"/>
  <nd ref="5181473611"/>
  <nd ref="8438286334"/>
  <nd ref="14016780159"/>
  <nd ref="14016780160"/>
  <nd ref="5181473613"/>
  <nd ref="14016780161"/>
  <nd ref="5181473614"/>
  <nd ref="5181473615"/>
  <nd ref="5181473616"/>
  <nd ref="5181473617"/>
  <nd ref="5181473618"/>
  <nd ref="5181473619"/>
  <nd ref="5181473620"/>
  <nd ref="5181473621"/>
  <nd ref="5181473622"/>
  <nd ref="5181473623"/>
  <nd ref="5181473597"/>
  <tag k="addr:city" v="나주시"/>
  <tag k="addr:housenumber" v="45"/>
  <tag k="addr:postcode" v="58325"/>
  <tag k="addr:province" v="전라남도"/>
  <tag k="addr:street" v="배멧1길"/>
  <tag k="addr:subdistrict" v="빛가람동"/>
  <tag k="leisure" v="miniature_golf"/>
  <tag k="name" v="파크골프장"/>
  <tag k="operator" v="빛가람호수공원"/>
 </way>
 <way id="534225870" visible="true" version="8" changeset="124040733" timestamp="2022-07-25T08:53:04Z" user="FUKUTAN" uid="5207199">
  <nd ref="5181473634"/>
  <nd ref="8438286360"/>
  <nd ref="5181473636"/>
  <nd ref="5181473637"/>
  <nd ref="5181473638"/>
  <nd ref="5181473639"/>
  <nd ref="5181473640"/>
  <nd ref="5181473641"/>
  <nd ref="8438286442"/>
  <nd ref="5181473642"/>
  <nd ref="5181473643"/>
  <nd ref="5181473644"/>
  <nd ref="5181473645"/>
  <nd ref="5181473646"/>
  <nd ref="5181473773"/>
  <nd ref="5181473647"/>
  <nd ref="5181473648"/>
  <nd ref="5181473649"/>
  <nd ref="5181473650"/>
  <nd ref="5181473651"/>
  <nd ref="5181473652"/>
  <nd ref="5181473994"/>
  <nd ref="9909151240"/>
  <nd ref="5181473653"/>
  <nd ref="5181473654"/>
  <nd ref="9909151243"/>
  <nd ref="9909151242"/>
  <nd ref="5181473752"/>
  <nd ref="9909151241"/>
  <nd ref="5307959873"/>
  <nd ref="5181473657"/>
  <nd ref="5181473658"/>
  <nd ref="5181473659"/>
  <nd ref="5181473660"/>
  <nd ref="9909151245"/>
  <nd ref="9909151246"/>
  <nd ref="9909151247"/>
  <nd ref="5181473661"/>
  <nd ref="5181473662"/>
  <nd ref="5181473663"/>
  <nd ref="5181473664"/>
  <nd ref="5181473665"/>
  <nd ref="5181473666"/>
  <nd ref="5181473667"/>
  <nd ref="5181473668"/>
  <nd ref="5181473669"/>
  <nd ref="8438286452"/>
  <nd ref="5181473670"/>
  <nd ref="5309677822"/>
  <nd ref="5309677824"/>
  <nd ref="5309677825"/>
  <nd ref="5181473674"/>
  <nd ref="5307959916"/>
  <nd ref="5307959915"/>
  <nd ref="5181473676"/>
  <nd ref="5181473677"/>
  <nd ref="5181473678"/>
  <nd ref="5181473679"/>
  <nd ref="5181473680"/>
  <nd ref="5309677820"/>
  <nd ref="5181473681"/>
  <nd ref="8438286454"/>
  <tag k="highway" v="path"/>
 </way>
 <way id="534225871" visible="true" version="4" changeset="124040733" timestamp="2022-07-25T08:53:04Z" user="FUKUTAN" uid="5207199">
  <nd ref="5181473685"/>
  <nd ref="5181473686"/>
  <nd ref="5181473687"/>
  <nd ref="5181473688"/>
  <nd ref="5181473689"/>
  <nd ref="5181473690"/>
  <nd ref="5181473692"/>
  <nd ref="5181473693"/>
  <nd ref="5181473694"/>
  <nd ref="5181473695"/>
  <nd ref="9909151326"/>
  <nd ref="5181473697"/>
  <nd ref="5181473698"/>
  <nd ref="5181473699"/>
  <nd ref="5181473685"/>
  <tag k="amenity" v="parking"/>
 </way>
 <way id="534225872" visible="true" version="6" changeset="144332579" timestamp="2023-11-22T16:15:50Z" user="asdfqwer51" uid="3350410">
  <nd ref="5180190339"/>
  <nd ref="5181473701"/>
  <nd ref="5181473809"/>
  <nd ref="5181473703"/>
  <nd ref="5181473704"/>
  <nd ref="5181473705"/>
  <nd ref="5181473706"/>
  <nd ref="5181473707"/>
  <nd ref="5181473708"/>
  <nd ref="5181473709"/>
  <nd ref="5181473710"/>
  <nd ref="5181473711"/>
  <nd ref="5181473712"/>
  <nd ref="5181473713"/>
  <nd ref="5181473714"/>
  <nd ref="5181473715"/>
  <nd ref="5181473716"/>
  <nd ref="5181473717"/>
  <nd ref="5181473718"/>
  <nd ref="5181473719"/>
  <nd ref="5181473720"/>
  <nd ref="5181473721"/>
  <nd ref="5181473722"/>
  <nd ref="5181473723"/>
  <nd ref="5181473724"/>
  <nd ref="5181473725"/>
  <nd ref="8440076343"/>
  <nd ref="5181473727"/>
  <nd ref="5181473728"/>
  <nd ref="5181473729"/>
  <nd ref="5181473730"/>
  <nd ref="5181473731"/>
  <nd ref="5181473732"/>
  <nd ref="5181473733"/>
  <nd ref="5181473734"/>
  <nd ref="5181473735"/>
  <nd ref="5181473736"/>
  <nd ref="5181473737"/>
  <nd ref="5181473738"/>
  <nd ref="5181473739"/>
  <nd ref="5181473741"/>
  <nd ref="5181473742"/>
  <nd ref="8257427196"/>
  <nd ref="5181473744"/>
  <nd ref="5181473748"/>
  <nd ref="5181473750"/>
  <nd ref="5181473749"/>
  <nd ref="5312200003"/>
  <nd ref="5312200004"/>
  <nd ref="5312200005"/>
  <nd ref="5312200006"/>
  <nd ref="5312200007"/>
  <nd ref="5312200008"/>
  <nd ref="5312200009"/>
  <nd ref="8440076413"/>
  <nd ref="5312200010"/>
  <nd ref="5312200011"/>
  <nd ref="5312200012"/>
  <nd ref="5312200013"/>
  <nd ref="5312200014"/>
  <nd ref="5312200015"/>
  <nd ref="5312200016"/>
  <nd ref="5312200017"/>
  <nd ref="5312200019"/>
  <nd ref="5312200021"/>
  <nd ref="5312200024"/>
  <nd ref="5312200025"/>
  <nd ref="8438286335"/>
  <nd ref="5312200028"/>
  <nd ref="5312200029"/>
  <nd ref="5312200030"/>
  <tag k="highway" v="path"/>
 </way>
 <way id="534225873" visible="true" version="3" changeset="124040733" timestamp="2022-07-25T08:53:04Z" user="FUKUTAN" uid="5207199">
  <nd ref="9909151241"/>
  <nd ref="5181473999"/>
  <nd ref="5181473753"/>
  <nd ref="5181473756"/>
  <tag k="highway" v="path"/>
 </way>
 <way id="534225874" visible="true" version="4" changeset="124040733" timestamp="2022-07-25T08:53:04Z" user="FUKUTAN" uid="5207199">
  <nd ref="5181473757"/>
  <nd ref="5181473758"/>
  <nd ref="9909151244"/>
  <nd ref="5307959873"/>
  <tag k="highway" v="path"/>
 </way>
 <way id="534225875" visible="true" version="2" changeset="99601411" timestamp="2021-02-19T14:39:38Z" user="mulgist" uid="12368943">
  <nd ref="5181473761"/>
  <nd ref="5181473749"/>
  <nd ref="5181473949"/>
  <nd ref="5181473763"/>
  <nd ref="5181473764"/>
  <nd ref="5181473765"/>
  <nd ref="5181473766"/>
  <nd ref="5181473767"/>
  <nd ref="5181473768"/>
  <tag k="highway" v="path"/>
 </way>
 <way id="534225876" visible="true" version="2" changeset="99601411" timestamp="2021-02-19T14:39:38Z" user="mulgist" uid="12368943">
  <nd ref="5181473769"/>
  <nd ref="5181473771"/>
  <nd ref="5181473772"/>
  <nd ref="5181473773"/>
  <nd ref="5181473774"/>
  <nd ref="5181473775"/>
  <nd ref="5181473776"/>
  <nd ref="5181473777"/>
  <nd ref="5181473778"/>
  <nd ref="5181473779"/>
  <nd ref="5181473780"/>
  <nd ref="5181473781"/>
  <nd ref="5181473651"/>
  <nd ref="5181473782"/>
  <nd ref="5181473783"/>
  <tag k="highway" v="path"/>
 </way>
 <way id="534225877" visible="true" version="1" changeset="53148353" timestamp="2017-10-22T10:43:59Z" user="FUKUTAN" uid="5207199">
  <nd ref="5181473757"/>
  <nd ref="5181473790"/>
  <tag k="bridge" v="yes"/>
  <tag k="highway" v="footway"/>
  <tag k="layer" v="1"/>
 </way>
 <way id="534225878" visible="true" version="1" changeset="53148353" timestamp="2017-10-22T10:43:59Z" user="FUKUTAN" uid="5207199">
  <nd ref="5181473790"/>
  <nd ref="5181473791"/>
  <nd ref="5181473792"/>
  <nd ref="5181473793"/>
  <nd ref="5181473794"/>
  <nd ref="5181473795"/>
  <tag k="highway" v="footway"/>
 </way>
 <way id="534225879" visible="true" version="1" changeset="53148353" timestamp="2017-10-22T10:43:59Z" user="FUKUTAN" uid="5207199">
  <nd ref="5181473796"/>
  <nd ref="5181473797"/>
  <nd ref="5181473791"/>
  <tag k="highway" v="footway"/>
 </way>
 <way id="534225881" visible="true" version="2" changeset="99601411" timestamp="2021-02-19T14:39:38Z" user="mulgist" uid="12368943">
  <nd ref="5181473809"/>
  <nd ref="5181473810"/>
  <tag k="bridge" v="yes"/>
  <tag k="highway" v="path"/>
  <tag k="layer" v="1"/>
 </way>
 <way id="534225882" visible="true" version="2" changeset="99601411" timestamp="2021-02-19T14:39:38Z" user="mulgist" uid="12368943">
  <nd ref="5181473810"/>
  <nd ref="5181473816"/>
  <nd ref="5181473813"/>
  <nd ref="5181473814"/>
  <nd ref="8438286407"/>
  <nd ref="5181473816"/>
  <tag k="highway" v="path"/>
 </way>
 <way id="534225883" visible="true" version="2" changeset="99601411" timestamp="2021-02-19T14:39:38Z" user="mulgist" uid="12368943">
  <nd ref="5181473814"/>
  <nd ref="8438286406"/>
  <tag k="bridge" v="yes"/>
  <tag k="highway" v="path"/>
  <tag k="layer" v="1"/>
 </way>
 <way id="534225884" visible="true" version="2" changeset="99601411" timestamp="2021-02-19T14:39:38Z" user="mulgist" uid="12368943">
  <nd ref="5181473813"/>
  <nd ref="5181473820"/>
  <nd ref="5181473818"/>
  <nd ref="5181473819"/>
  <tag k="bridge" v="yes"/>
  <tag k="highway" v="path"/>
  <tag k="layer" v="1"/>
 </way>
 <way id="534225885" visible="true" version="2" changeset="99601411" timestamp="2021-02-19T14:39:38Z" user="mulgist" uid="12368943">
  <nd ref="5181473820"/>
  <nd ref="5181473921"/>
  <nd ref="5181473922"/>
  <nd ref="5181473725"/>
  <tag k="bridge" v="yes"/>
  <tag k="highway" v="path"/>
  <tag k="layer" v="1"/>
 </way>
 <way id="534225886" visible="true" version="2" changeset="99601411" timestamp="2021-02-19T14:39:38Z" user="mulgist" uid="12368943">
  <nd ref="8438286406"/>
  <nd ref="5181473927"/>
  <nd ref="5181473923"/>
  <nd ref="5181473924"/>
  <nd ref="5181473925"/>
  <nd ref="5181473926"/>
  <tag k="highway" v="path"/>
 </way>
 <way id="534225887" visible="true" version="2" changeset="99601411" timestamp="2021-02-19T14:39:38Z" user="mulgist" uid="12368943">
  <nd ref="5181473927"/>
  <nd ref="5181473928"/>
  <nd ref="5181473929"/>
  <nd ref="5181473930"/>
  <nd ref="5181473931"/>
  <nd ref="5181473932"/>
  <nd ref="5181473933"/>
  <nd ref="5181473934"/>
  <nd ref="5181473935"/>
  <nd ref="5181473937"/>
  <tag k="highway" v="path"/>
 </way>
 <way id="534225888" visible="true" version="3" changeset="99601411" timestamp="2021-02-19T14:39:38Z" user="mulgist" uid="12368943">
  <nd ref="5181473938"/>
  <nd ref="5181473939"/>
  <nd ref="5181473940"/>
  <nd ref="5181473937"/>
  <nd ref="5181473941"/>
  <nd ref="5181473942"/>
  <nd ref="5181473943"/>
  <nd ref="5181473944"/>
  <nd ref="5181473945"/>
  <nd ref="5181473946"/>
  <nd ref="5181473947"/>
  <nd ref="5181473948"/>
  <nd ref="5181473949"/>
  <nd ref="5181473950"/>
  <nd ref="5181473951"/>
  <nd ref="5181473952"/>
  <nd ref="5181473953"/>
  <nd ref="5181473954"/>
  <nd ref="5181473955"/>
  <nd ref="5181473956"/>
  <nd ref="5181473957"/>
  <nd ref="8438286363"/>
  <nd ref="5181473959"/>
  <nd ref="8438286415"/>
  <nd ref="5181473961"/>
  <nd ref="5181473963"/>
  <nd ref="5181473964"/>
  <nd ref="5181473966"/>
  <nd ref="5181473967"/>
  <nd ref="5181473969"/>
  <nd ref="5307959876"/>
  <nd ref="5307959877"/>
  <nd ref="5181473972"/>
  <nd ref="5181473973"/>
  <nd ref="5181473974"/>
  <nd ref="5181473975"/>
  <nd ref="5181473976"/>
  <nd ref="5181473977"/>
  <nd ref="5181473978"/>
  <nd ref="5181473979"/>
  <nd ref="5181473980"/>
  <nd ref="5181473981"/>
  <nd ref="5181473982"/>
  <nd ref="5181473983"/>
  <nd ref="5181473984"/>
  <nd ref="5181473985"/>
  <nd ref="5181473986"/>
  <nd ref="5181473987"/>
  <nd ref="5181473988"/>
  <nd ref="5181473989"/>
  <tag k="highway" v="path"/>
 </way>
 <way id="534225889" visible="true" version="1" changeset="53148353" timestamp="2017-10-22T10:44:00Z" user="FUKUTAN" uid="5207199">
  <nd ref="5181473989"/>
  <nd ref="5181473990"/>
  <tag k="bridge" v="yes"/>
  <tag k="highway" v="footway"/>
  <tag k="layer" v="1"/>
 </way>
 <way id="534225890" visible="true" version="1" changeset="53148353" timestamp="2017-10-22T10:44:00Z" user="FUKUTAN" uid="5207199">
  <nd ref="5181473990"/>
  <nd ref="5181473991"/>
  <tag k="highway" v="footway"/>
 </way>
 <way id="534225892" visible="true" version="3" changeset="124040733" timestamp="2022-07-25T08:53:04Z" user="FUKUTAN" uid="5207199">
  <nd ref="9909151240"/>
  <nd ref="8438286447"/>
  <nd ref="9909151239"/>
  <nd ref="5181473995"/>
  <nd ref="5181473996"/>
  <nd ref="5181473997"/>
  <nd ref="5181473998"/>
  <nd ref="9909151238"/>
  <nd ref="5181473999"/>
  <nd ref="9909151244"/>
  <tag k="highway" v="path"/>
 </way>
 <way id="534225893" visible="true" version="2" changeset="99601411" timestamp="2021-02-19T14:39:38Z" user="mulgist" uid="12368943">
  <nd ref="5181473995"/>
  <nd ref="5181474001"/>
  <tag k="highway" v="path"/>
 </way>
 <way id="534225899" visible="true" version="2" changeset="144397454" timestamp="2023-11-24T08:19:48Z" user="asdfqwer51" uid="3350410">
  <nd ref="5181474050"/>
  <nd ref="5181474051"/>
  <nd ref="11372883836"/>
  <nd ref="11372883835"/>
  <nd ref="11372883834"/>
  <nd ref="11372883833"/>
  <nd ref="11372883832"/>
  <nd ref="11372883831"/>
  <nd ref="5181474052"/>
  <nd ref="11372883830"/>
  <nd ref="11372883829"/>
  <nd ref="5181474053"/>
  <nd ref="5181474054"/>
  <nd ref="11372883828"/>
  <nd ref="11372883827"/>
  <nd ref="5181474055"/>
  <nd ref="5181474056"/>
  <nd ref="5181474050"/>
  <tag k="landuse" v="commercial"/>
  <tag k="name" v="한전KPS"/>
  <tag k="name:en" v="KEPCO KPS"/>
  <tag k="name:ko" v="한전KPS"/>
 </way>
 <way id="534225903" visible="true" version="2" changeset="142293243" timestamp="2023-10-08T07:35:55Z" user="FUKUTAN" uid="5207199">
  <nd ref="3413883133"/>
  <nd ref="5181474072"/>
  <nd ref="11247572747"/>
  <nd ref="5181474073"/>
  <nd ref="5181474074"/>
  <tag k="highway" v="service"/>
  <tag k="service" v="parking_aisle"/>
 </way>
 <way id="534225910" visible="true" version="1" changeset="53148353" timestamp="2017-10-22T10:44:01Z" user="FUKUTAN" uid="5207199">
  <nd ref="5181474079"/>
  <nd ref="5181474083"/>
  <nd ref="5181474080"/>
  <tag k="highway" v="service"/>
  <tag k="service" v="parking_aisle"/>
 </way>
 <way id="547664350" visible="true" version="7" changeset="176313032" timestamp="2025-12-23T15:05:33Z" user="aaei924" uid="10626814">
  <nd ref="5291647160"/>
  <nd ref="6173261539"/>
  <nd ref="3413883167"/>
  <nd ref="6173261538"/>
  <nd ref="5354443506"/>
  <nd ref="5180190196"/>
  <nd ref="4974391612"/>
  <nd ref="3413883153"/>
  <nd ref="3413883138"/>
  <nd ref="11247572746"/>
  <nd ref="5181474070"/>
  <nd ref="3413883133"/>
  <nd ref="5181474071"/>
  <nd ref="6173261541"/>
  <nd ref="3413883130"/>
  <nd ref="6173261540"/>
  <nd ref="3413883131"/>
  <nd ref="2623136274"/>
  <tag k="highway" v="tertiary"/>
  <tag k="name" v="배멧3길"/>
  <tag k="name:en" v="Baemet 3-gil"/>
  <tag k="name:ko" v="배멧3길"/>
 </way>
 <way id="547664353" visible="true" version="8" changeset="176313032" timestamp="2025-12-23T15:05:33Z" user="aaei924" uid="10626814">
  <nd ref="5291647167"/>
  <nd ref="8440089627"/>
  <nd ref="6147535667"/>
  <nd ref="5291647168"/>
  <nd ref="2662276079"/>
  <nd ref="5354443504"/>
  <nd ref="5180190185"/>
  <nd ref="8440089643"/>
  <nd ref="8440089640"/>
  <nd ref="3413883134"/>
  <nd ref="8440076416"/>
  <nd ref="8440076414"/>
  <nd ref="3413883146"/>
  <nd ref="8440089637"/>
  <nd ref="6147535664"/>
  <nd ref="5180190195"/>
  <nd ref="6147535665"/>
  <nd ref="2662276081"/>
  <nd ref="5181474047"/>
  <nd ref="5180189932"/>
  <nd ref="8440089538"/>
  <nd ref="3413883174"/>
  <nd ref="8440089565"/>
  <nd ref="5291647161"/>
  <tag k="highway" v="tertiary"/>
  <tag k="name" v="배멧1길"/>
  <tag k="name:en" v="Baemet 1-gil"/>
  <tag k="name:ko" v="배멧1길"/>
 </way>
 <way id="547664354" visible="true" version="6" changeset="144332579" timestamp="2023-11-22T16:15:50Z" user="asdfqwer51" uid="3350410">
  <nd ref="8440076342"/>
  <nd ref="6147537048"/>
  <nd ref="3413883056"/>
  <nd ref="11368893167"/>
  <nd ref="6147537047"/>
  <nd ref="5180189929"/>
  <nd ref="11368893168"/>
  <nd ref="5180189928"/>
  <nd ref="5705916944"/>
  <nd ref="5354444855"/>
  <nd ref="5354444857"/>
  <nd ref="5354444856"/>
  <nd ref="5354444850"/>
  <nd ref="5354444849"/>
  <nd ref="6147535668"/>
  <nd ref="6147535666"/>
  <nd ref="8440089644"/>
  <nd ref="5291647168"/>
  <tag k="highway" v="residential"/>
  <tag k="name" v="그린로"/>
  <tag k="name:ko" v="그린로"/>
 </way>
 <way id="547664356" visible="true" version="3" changeset="141712425" timestamp="2023-09-25T05:17:57Z" user="FUKUTAN" uid="5207199">
  <nd ref="5291647173"/>
  <nd ref="5291647187"/>
  <tag k="bridge" v="yes"/>
  <tag k="highway" v="tertiary"/>
  <tag k="layer" v="1"/>
  <tag k="name" v="호수로"/>
  <tag k="name:en" v="Hosu-ro"/>
  <tag k="name:ko" v="호수로"/>
 </way>
 <way id="547664357" visible="true" version="3" changeset="141712425" timestamp="2023-09-25T05:17:57Z" user="FUKUTAN" uid="5207199">
  <nd ref="5291647187"/>
  <nd ref="5291647172"/>
  <nd ref="5291647171"/>
  <nd ref="11217164568"/>
  <nd ref="5291647169"/>
  <nd ref="5181473807"/>
  <nd ref="5291647186"/>
  <nd ref="5291647185"/>
  <tag k="highway" v="tertiary"/>
  <tag k="name" v="호수로"/>
  <tag k="name:en" v="Hosu-ro"/>
  <tag k="name:ko" v="호수로"/>
 </way>
 <way id="549492174" visible="true" version="3" changeset="185763174" timestamp="2026-07-15T06:14:42Z" user="야광멧돼지" uid="12393144">
  <nd ref="5181473938"/>
  <nd ref="8438286405"/>
  <nd ref="5307959836"/>
  <nd ref="5307959837"/>
  <nd ref="5307959838"/>
  <nd ref="5307959841"/>
  <nd ref="5307959842"/>
  <nd ref="5307959843"/>
  <nd ref="5307959872"/>
  <nd ref="5307959844"/>
  <nd ref="5307959845"/>
  <nd ref="5307959846"/>
  <nd ref="5307959847"/>
  <nd ref="5307959848"/>
  <nd ref="5307959849"/>
  <nd ref="5307959850"/>
  <nd ref="8438286399"/>
  <nd ref="5307959854"/>
  <nd ref="5307959855"/>
  <nd ref="5307959857"/>
  <nd ref="5307959858"/>
  <nd ref="5307959859"/>
  <nd ref="5307959860"/>
  <nd ref="5307959861"/>
  <nd ref="5307959862"/>
  <nd ref="5307959863"/>
  <nd ref="8438286383"/>
  <nd ref="5307959864"/>
  <nd ref="5307959865"/>
  <nd ref="5307959866"/>
  <nd ref="14016792747"/>
  <nd ref="8438286394"/>
  <nd ref="5307959867"/>
  <nd ref="8438286382"/>
  <nd ref="5307959869"/>
  <nd ref="5307959871"/>
  <tag k="highway" v="path"/>
  <tag k="layer" v="-1"/>
 </way>
 <way id="549492175" visible="true" version="2" changeset="99601411" timestamp="2021-02-19T14:39:38Z" user="mulgist" uid="12368943">
  <nd ref="5307959873"/>
  <nd ref="8438286355"/>
  <tag k="bridge" v="yes"/>
  <tag k="highway" v="path"/>
  <tag k="layer" v="1"/>
 </way>
 <way id="549492176" visible="true" version="2" changeset="99601411" timestamp="2021-02-19T14:39:38Z" user="mulgist" uid="12368943">
  <nd ref="8438286355"/>
  <nd ref="5307959875"/>
  <nd ref="5307959876"/>
  <tag k="highway" v="path"/>
 </way>
 <way id="549492177" visible="true" version="2" changeset="99601411" timestamp="2021-02-19T14:39:38Z" user="mulgist" uid="12368943">
  <nd ref="5307959877"/>
  <nd ref="5307959878"/>
  <nd ref="5307959879"/>
  <nd ref="5307959881"/>
  <nd ref="5307959882"/>
  <nd ref="5307959871"/>
  <nd ref="5307959883"/>
  <nd ref="5307959884"/>
  <nd ref="5307959885"/>
  <nd ref="5307959886"/>
  <nd ref="5307959888"/>
  <nd ref="5307959889"/>
  <nd ref="5307959890"/>
  <nd ref="5307959891"/>
  <nd ref="5307959892"/>
  <nd ref="5307959894"/>
  <nd ref="5307959895"/>
  <nd ref="5307959898"/>
  <nd ref="5181473956"/>
  <tag k="highway" v="path"/>
 </way>
 <way id="549492178" visible="true" version="2" changeset="99601411" timestamp="2021-02-19T14:39:38Z" user="mulgist" uid="12368943">
  <nd ref="5307959902"/>
  <nd ref="5307959903"/>
  <nd ref="5307959907"/>
  <nd ref="5307959904"/>
  <nd ref="5307959905"/>
  <nd ref="5307959906"/>
  <tag k="highway" v="path"/>
 </way>
 <way id="549492179" visible="true" version="2" changeset="99601411" timestamp="2021-02-19T14:39:38Z" user="mulgist" uid="12368943">
  <nd ref="5307959907"/>
  <nd ref="5307959908"/>
  <nd ref="5307959909"/>
  <nd ref="5307959910"/>
  <tag k="highway" v="path"/>
 </way>
 <way id="549492180" visible="true" version="2" changeset="99601411" timestamp="2021-02-19T14:39:38Z" user="mulgist" uid="12368943">
  <nd ref="5307959911"/>
  <nd ref="5307959912"/>
  <nd ref="8438286453"/>
  <tag k="highway" v="footway"/>
 </way>
 <way id="549492181" visible="true" version="2" changeset="99601411" timestamp="2021-02-19T14:39:38Z" user="mulgist" uid="12368943">
  <nd ref="5307959916"/>
  <nd ref="5307959917"/>
  <tag k="highway" v="path"/>
 </way>
 <way id="549493788" visible="true" version="2" changeset="99601411" timestamp="2021-02-19T14:39:38Z" user="mulgist" uid="12368943">
  <nd ref="5307971359"/>
  <nd ref="5307971360"/>
  <nd ref="5307971361"/>
  <nd ref="5307971362"/>
  <nd ref="5307971363"/>
  <nd ref="5307971364"/>
  <nd ref="5307971359"/>
  <tag k="amenity" v="parking"/>
  <tag k="building" v="yes"/>
  <tag k="name" v="도원주차빌딩"/>
  <tag k="parking" v="multi-storey"/>
 </way>
 <way id="549493790" visible="true" version="1" changeset="54975531" timestamp="2017-12-28T07:35:50Z" user="FUKUTAN" uid="5207199">
  <nd ref="5307971366"/>
  <nd ref="5307971367"/>
  <nd ref="5307971368"/>
  <nd ref="5307971369"/>
  <nd ref="5307971370"/>
  <nd ref="5307971371"/>
  <nd ref="5307971374"/>
  <nd ref="5307971372"/>
  <nd ref="5307971375"/>
  <nd ref="5307971376"/>
  <nd ref="5307971373"/>
  <nd ref="5307971366"/>
  <tag k="building" v="yes"/>
  <tag k="name" v="사립학교교직원연금공단"/>
  <tag k="office" v="yes"/>
 </way>
 <way id="549647587" visible="true" version="2" changeset="96332427" timestamp="2020-12-23T14:29:14Z" user="mulgist" uid="12368943">
  <nd ref="5309416704"/>
  <nd ref="8254946976"/>
  <nd ref="5309416705"/>
  <nd ref="8254946977"/>
  <nd ref="5309416706"/>
  <nd ref="4675967298"/>
  <nd ref="4675967299"/>
  <nd ref="5309416707"/>
  <nd ref="5309416708"/>
  <nd ref="5309416709"/>
  <nd ref="8254946975"/>
  <nd ref="5309416710"/>
  <nd ref="8254946974"/>
  <nd ref="8254947004"/>
  <nd ref="8254947002"/>
  <nd ref="5309416704"/>
  <tag k="leisure" v="park"/>
 </way>
 <way id="549649370" visible="true" version="2" changeset="99630021" timestamp="2021-02-20T08:24:13Z" user="mulgist" uid="12368943">
  <nd ref="8440089577"/>
  <nd ref="5309434108"/>
  <tag k="highway" v="footway"/>
 </way>
 <way id="549649371" visible="true" version="4" changeset="100536009" timestamp="2021-03-06T13:32:44Z" user="mulgist" uid="12368943">
  <nd ref="5309434118"/>
  <nd ref="5309434119"/>
  <nd ref="5309434120"/>
  <nd ref="8449650143"/>
  <nd ref="5309434121"/>
  <nd ref="5309434122"/>
  <nd ref="5309434123"/>
  <nd ref="5309434124"/>
  <nd ref="5309434125"/>
  <nd ref="5309434126"/>
  <nd ref="8491474151"/>
  <nd ref="5309434108"/>
  <nd ref="5309434109"/>
  <nd ref="5309434113"/>
  <nd ref="5309434114"/>
  <nd ref="5309434115"/>
  <nd ref="5309434116"/>
  <nd ref="5309434117"/>
  <nd ref="5309434110"/>
  <nd ref="5309434111"/>
  <nd ref="5309434112"/>
  <nd ref="5309434118"/>
  <tag k="highway" v="footway"/>
 </way>
 <way id="549672773" visible="true" version="2" changeset="99601411" timestamp="2021-02-19T14:39:38Z" user="mulgist" uid="12368943">
  <nd ref="8438286330"/>
  <nd ref="5309676690"/>
  <nd ref="8438286332"/>
  <nd ref="5309676692"/>
  <nd ref="5309676693"/>
  <tag k="highway" v="path"/>
 </way>
 <way id="549672796" visible="true" version="1" changeset="55000270" timestamp="2017-12-29T04:56:03Z" user="FUKUTAN" uid="5207199">
  <nd ref="5309677808"/>
  <nd ref="5309677811"/>
  <nd ref="5309677809"/>
  <nd ref="5309677810"/>
  <tag k="footway" v="sidewalk"/>
  <tag k="highway" v="footway"/>
 </way>
 <way id="549672797" visible="true" version="2" changeset="99601411" timestamp="2021-02-19T14:39:38Z" user="mulgist" uid="12368943">
  <nd ref="5309677811"/>
  <nd ref="5309677812"/>
  <nd ref="5309677813"/>
  <nd ref="5309677814"/>
  <nd ref="5309677815"/>
  <nd ref="5309677816"/>
  <nd ref="5309677817"/>
  <nd ref="8438286423"/>
  <tag k="highway" v="path"/>
 </way>
 <way id="549672798" visible="true" version="2" changeset="99601411" timestamp="2021-02-19T14:39:38Z" user="mulgist" uid="12368943">
  <nd ref="5309677821"/>
  <nd ref="5309677822"/>
  <tag k="highway" v="path"/>
 </way>
 <way id="549672800" visible="true" version="2" changeset="99601411" timestamp="2021-02-19T14:39:38Z" user="mulgist" uid="12368943">
  <nd ref="5180190212"/>
  <nd ref="5309677825"/>
  <tag k="highway" v="path"/>
 </way>
 <way id="549929002" visible="true" version="3" changeset="101803460" timestamp="2021-03-26T16:17:35Z" user="sebastic" uid="665748">
  <nd ref="5312143179"/>
  <nd ref="5312143165"/>
  <nd ref="5312143166"/>
  <nd ref="5312143167"/>
  <nd ref="5312143168"/>
  <nd ref="5312143169"/>
  <nd ref="5312143170"/>
  <nd ref="5312143181"/>
  <nd ref="8267153370"/>
 </way>
 <way id="554857653" visible="true" version="4" changeset="163971755" timestamp="2025-03-23T05:18:51Z" user="chiho_kang" uid="10604125">
  <nd ref="5354443485"/>
  <nd ref="8440076403"/>
  <nd ref="5354443486"/>
  <nd ref="5354443487"/>
  <nd ref="5354443488"/>
  <nd ref="5354443489"/>
  <nd ref="8440076401"/>
  <nd ref="8440076402"/>
  <nd ref="5354443490"/>
  <nd ref="5354443485"/>
  <tag k="addr:city" v="나주시"/>
  <tag k="addr:housenumber" v="379"/>
  <tag k="addr:postcode" v="58325"/>
  <tag k="addr:province" v="전라남도"/>
  <tag k="addr:street" v="그린로"/>
  <tag k="addr:subdistrict" v="빛가람동"/>
  <tag k="building" v="residential"/>
  <tag k="building:levels" v="12"/>
  <tag k="name" v="포레루체오피스텔"/>
 </way>
 <way id="554857656" visible="true" version="3" changeset="163971755" timestamp="2025-03-23T05:18:51Z" user="chiho_kang" uid="10604125">
  <nd ref="5354443492"/>
  <nd ref="5354443493"/>
  <nd ref="5354443494"/>
  <nd ref="5354443495"/>
  <nd ref="5354443496"/>
  <nd ref="5354443497"/>
  <nd ref="5354443492"/>
  <tag k="addr:city" v="나주시"/>
  <tag k="addr:housenumber" v="736"/>
  <tag k="addr:postcode" v="58325"/>
  <tag k="addr:province" v="전라남도"/>
  <tag k="addr:street" v="빛가람로"/>
  <tag k="addr:subdistrict" v="빛가람동"/>
  <tag k="building" v="commercial"/>
  <tag k="building:levels" v="7"/>
  <tag k="name" v="센트럴빌딩"/>
 </way>
 <way id="554857658" visible="true" version="4" changeset="163971755" timestamp="2025-03-23T05:18:51Z" user="chiho_kang" uid="10604125">
  <nd ref="5354443498"/>
  <nd ref="5354443499"/>
  <nd ref="5354443500"/>
  <nd ref="5354443501"/>
  <nd ref="5354443498"/>
  <tag k="addr:city" v="나주시"/>
  <tag k="addr:housenumber" v="18"/>
  <tag k="addr:postcode" v="58325"/>
  <tag k="addr:province" v="전라남도"/>
  <tag k="addr:street" v="배멧1길"/>
  <tag k="addr:subdistrict" v="빛가람동"/>
  <tag k="building" v="commercial"/>
  <tag k="building:levels" v="6"/>
  <tag k="name" v="센트럴프라자"/>
 </way>
 <way id="554857660" visible="true" version="3" changeset="99601411" timestamp="2021-02-19T14:39:38Z" user="mulgist" uid="12368943">
  <nd ref="5354443507"/>
  <nd ref="5354443508"/>
  <nd ref="5354443509"/>
  <nd ref="5354443510"/>
  <nd ref="5354443511"/>
  <nd ref="5354443512"/>
  <nd ref="5354443513"/>
  <nd ref="5354443514"/>
  <nd ref="5354444822"/>
  <nd ref="5354443515"/>
  <nd ref="5354443516"/>
  <nd ref="5354443517"/>
  <nd ref="5354443518"/>
  <nd ref="5354443519"/>
  <nd ref="5354443520"/>
  <nd ref="8438286326"/>
  <nd ref="5354444821"/>
  <nd ref="5705916949"/>
  <tag k="highway" v="path"/>
 </way>
 <way id="554857665" visible="true" version="4" changeset="163971755" timestamp="2025-03-23T05:18:51Z" user="chiho_kang" uid="10604125">
  <nd ref="5354444828"/>
  <nd ref="5354444829"/>
  <nd ref="5354444830"/>
  <nd ref="5354444831"/>
  <nd ref="5354444832"/>
  <nd ref="5354444833"/>
  <nd ref="5354444836"/>
  <nd ref="5354444837"/>
  <nd ref="5354444838"/>
  <nd ref="5354444828"/>
  <tag k="addr:city" v="나주시"/>
  <tag k="addr:housenumber" v="17"/>
  <tag k="addr:postcode" v="58325"/>
  <tag k="addr:province" v="전라남도"/>
  <tag k="addr:street" v="배멧2길"/>
  <tag k="addr:subdistrict" v="빛가람동"/>
  <tag k="building" v="commercial"/>
  <tag k="building:levels" v="4"/>
  <tag k="name" v="퍼스트빌딩"/>
 </way>
 <way id="554857668" visible="true" version="3" changeset="163971755" timestamp="2025-03-23T05:18:51Z" user="chiho_kang" uid="10604125">
  <nd ref="5354444839"/>
  <nd ref="5354444840"/>
  <nd ref="5354444841"/>
  <nd ref="5354444842"/>
  <nd ref="5354444843"/>
  <nd ref="5354444844"/>
  <nd ref="5354444845"/>
  <nd ref="5354444846"/>
  <nd ref="5354444847"/>
  <nd ref="5354444848"/>
  <nd ref="5354444839"/>
  <tag k="addr:city" v="나주시"/>
  <tag k="addr:housenumber" v="41"/>
  <tag k="addr:postcode" v="58325"/>
  <tag k="addr:province" v="전라남도"/>
  <tag k="addr:street" v="배멧2길"/>
  <tag k="addr:subdistrict" v="빛가람동"/>
  <tag k="building" v="commercial"/>
  <tag k="building:levels" v="5"/>
  <tag k="name" v="프라임타워"/>
 </way>
 <way id="594386000" visible="true" version="2" changeset="144326721" timestamp="2023-11-22T13:28:24Z" user="asdfqwer51" uid="3350410">
  <nd ref="5668172348"/>
  <nd ref="5668172362"/>
  <nd ref="5668172357"/>
  <nd ref="5668172361"/>
  <nd ref="5668172359"/>
  <nd ref="5668172349"/>
  <tag k="highway" v="service"/>
  <tag k="service" v="parking_aisle"/>
 </way>
 <way id="594386002" visible="true" version="2" changeset="144326721" timestamp="2023-11-22T13:28:24Z" user="asdfqwer51" uid="3350410">
  <nd ref="5668172351"/>
  <nd ref="5668172358"/>
  <nd ref="5668172354"/>
  <nd ref="5668172349"/>
  <nd ref="5668172355"/>
  <nd ref="5668172360"/>
  <nd ref="5668172356"/>
  <nd ref="5668172357"/>
  <tag k="highway" v="service"/>
  <tag k="service" v="parking_aisle"/>
 </way>
 <way id="594386003" visible="true" version="1" changeset="59586125" timestamp="2018-06-06T02:34:12Z" user="FUKUTAN" uid="5207199">
  <nd ref="5668172358"/>
  <nd ref="5668172359"/>
  <nd ref="5668172360"/>
  <tag k="highway" v="service"/>
  <tag k="service" v="parking_aisle"/>
 </way>
 <way id="594386004" visible="true" version="2" changeset="144326721" timestamp="2023-11-22T13:28:24Z" user="asdfqwer51" uid="3350410">
  <nd ref="5668172361"/>
  <nd ref="5668172351"/>
  <nd ref="8267153325"/>
  <nd ref="8267153326"/>
  <nd ref="8267153327"/>
  <nd ref="8267153328"/>
  <nd ref="8267153329"/>
  <nd ref="8267153330"/>
  <tag k="highway" v="service"/>
  <tag k="service" v="parking_aisle"/>
 </way>
 <way id="656235304" visible="true" version="3" changeset="163971755" timestamp="2025-03-23T05:18:51Z" user="chiho_kang" uid="10604125">
  <nd ref="6147537186"/>
  <nd ref="6147537187"/>
  <nd ref="6147537188"/>
  <nd ref="6147537189"/>
  <nd ref="6147537190"/>
  <nd ref="6147537191"/>
  <nd ref="6147537192"/>
  <nd ref="6147537193"/>
  <nd ref="6147537194"/>
  <nd ref="6147537195"/>
  <nd ref="6147537196"/>
  <nd ref="6147537197"/>
  <nd ref="6147537206"/>
  <nd ref="6147537198"/>
  <nd ref="6147537199"/>
  <nd ref="6147537200"/>
  <nd ref="6147537201"/>
  <nd ref="6147537202"/>
  <nd ref="6147537203"/>
  <nd ref="6147537204"/>
  <nd ref="6147537205"/>
  <nd ref="6147537186"/>
  <tag k="addr:city" v="나주시"/>
  <tag k="addr:housenumber" v="77"/>
  <tag k="addr:postcode" v="58325"/>
  <tag k="addr:province" v="전라남도"/>
  <tag k="addr:street" v="호수로"/>
  <tag k="addr:subdistrict" v="빛가람동"/>
  <tag k="building" v="yes"/>
  <tag k="leisure" v="bird_hide"/>
  <tag k="name" v="배메산전망대"/>
 </way>
 <way id="659348983" visible="true" version="1" changeset="65892810" timestamp="2018-12-30T17:32:40Z" user="FUKUTAN" uid="5207199">
  <nd ref="6173261542"/>
  <nd ref="6173261543"/>
  <nd ref="6173261544"/>
  <nd ref="6173261545"/>
  <nd ref="6173261546"/>
  <nd ref="6173261547"/>
  <nd ref="6173261548"/>
  <nd ref="6173261556"/>
  <nd ref="6173261555"/>
  <nd ref="6173261549"/>
  <nd ref="6173261550"/>
  <nd ref="6173261551"/>
  <nd ref="6173261552"/>
  <nd ref="6173261553"/>
  <nd ref="6173261554"/>
  <nd ref="6173261542"/>
  <tag k="building" v="public"/>
  <tag k="name" v="aT한국농수산식품유통공사"/>
 </way>
 <way id="659348984" visible="true" version="1" changeset="65892810" timestamp="2018-12-30T17:32:40Z" user="FUKUTAN" uid="5207199">
  <nd ref="6173261557"/>
  <nd ref="6173261558"/>
  <nd ref="6173261559"/>
  <nd ref="6173261560"/>
  <nd ref="6173261557"/>
  <tag k="leisure" v="pitch"/>
  <tag k="sport" v="tennis"/>
 </way>
 <way id="659348985" visible="true" version="1" changeset="65892810" timestamp="2018-12-30T17:32:40Z" user="FUKUTAN" uid="5207199">
  <nd ref="6173261561"/>
  <nd ref="6173261562"/>
  <nd ref="6173261563"/>
  <nd ref="6173261564"/>
  <nd ref="6173261561"/>
  <tag k="leisure" v="pitch"/>
  <tag k="sport" v="soccer"/>
 </way>
 <way id="659348992" visible="true" version="1" changeset="65892810" timestamp="2018-12-30T17:32:40Z" user="FUKUTAN" uid="5207199">
  <nd ref="6173263016"/>
  <nd ref="6173263017"/>
  <nd ref="6173263018"/>
  <nd ref="6173263022"/>
  <nd ref="6173263019"/>
  <nd ref="6173263020"/>
  <nd ref="6173263021"/>
  <nd ref="6173263016"/>
  <tag k="building" v="commercial"/>
 </way>
 <way id="659348995" visible="true" version="3" changeset="163971755" timestamp="2025-03-23T05:18:51Z" user="chiho_kang" uid="10604125">
  <nd ref="6173263036"/>
  <nd ref="6173263037"/>
  <nd ref="6173263038"/>
  <nd ref="6173263039"/>
  <nd ref="6173263040"/>
  <nd ref="6173263041"/>
  <nd ref="6173263042"/>
  <nd ref="6173263036"/>
  <tag k="addr:city" v="나주시"/>
  <tag k="addr:housenumber" v="10"/>
  <tag k="addr:postcode" v="58325"/>
  <tag k="addr:province" v="전라남도"/>
  <tag k="addr:street" v="배멧1길"/>
  <tag k="addr:subdistrict" v="빛가람동"/>
  <tag k="building" v="commercial"/>
  <tag k="building:levels" v="6"/>
  <tag k="name" v="휴먼스프라자"/>
 </way>
 <way id="729505234" visible="true" version="3" changeset="144325400" timestamp="2023-11-22T12:55:22Z" user="asdfqwer51" uid="3350410">
  <nd ref="5291647179"/>
  <nd ref="5291647180"/>
  <nd ref="4974385197"/>
  <nd ref="5291647181"/>
  <nd ref="4974385184"/>
  <nd ref="11368511185"/>
  <nd ref="11368511186"/>
  <nd ref="11368511187"/>
  <nd ref="11368511183"/>
  <tag k="highway" v="tertiary"/>
  <tag k="name" v="월정1길"/>
  <tag k="name:en" v="Woljeong 1-gil"/>
  <tag k="name:ko" v="월정1길"/>
 </way>
 <way id="757276602" visible="true" version="1" changeset="78680093" timestamp="2019-12-20T11:27:32Z" user="FUKUTAN" uid="5207199">
  <nd ref="7071884022"/>
  <nd ref="7071884023"/>
  <nd ref="7071884024"/>
  <nd ref="7071884025"/>
  <nd ref="7071884026"/>
  <nd ref="7071884027"/>
  <nd ref="7071884028"/>
  <nd ref="7071884029"/>
  <nd ref="7071884030"/>
  <nd ref="7071884022"/>
  <tag k="building" v="yes"/>
 </way>
 <way id="887519765" visible="true" version="3" changeset="163971755" timestamp="2025-03-23T05:18:51Z" user="chiho_kang" uid="10604125">
  <nd ref="8251716087"/>
  <nd ref="8251716094"/>
  <nd ref="8251716095"/>
  <nd ref="8251716092"/>
  <nd ref="8251716093"/>
  <nd ref="8251716091"/>
  <nd ref="8251716098"/>
  <nd ref="8251716096"/>
  <nd ref="8251716097"/>
  <nd ref="8251716088"/>
  <nd ref="8251716089"/>
  <nd ref="8251716090"/>
  <nd ref="8251716087"/>
  <tag k="addr:city" v="나주시"/>
  <tag k="addr:housenumber" v="328"/>
  <tag k="addr:postcode" v="58324"/>
  <tag k="addr:province" v="전라남도"/>
  <tag k="addr:street" v="그린로"/>
  <tag k="addr:subdistrict" v="빛가람동"/>
  <tag k="building" v="apartments"/>
  <tag k="building:levels" v="18"/>
  <tag k="name" v="111동"/>
  <tag k="note" v="루멘하임"/>
 </way>
 <way id="887519768" visible="true" version="3" changeset="163971755" timestamp="2025-03-23T05:18:51Z" user="chiho_kang" uid="10604125">
  <nd ref="8251752623"/>
  <nd ref="8251752624"/>
  <nd ref="8251752625"/>
  <nd ref="8251752626"/>
  <nd ref="8251752627"/>
  <nd ref="8251752628"/>
  <nd ref="8251752629"/>
  <nd ref="8251752630"/>
  <nd ref="8251752631"/>
  <nd ref="8251752632"/>
  <nd ref="8251752633"/>
  <nd ref="8251752634"/>
  <nd ref="8251752623"/>
  <tag k="addr:city" v="나주시"/>
  <tag k="addr:housenumber" v="328"/>
  <tag k="addr:postcode" v="58324"/>
  <tag k="addr:province" v="전라남도"/>
  <tag k="addr:street" v="그린로"/>
  <tag k="addr:subdistrict" v="빛가람동"/>
  <tag k="building" v="apartments"/>
  <tag k="building:levels" v="19"/>
  <tag k="name" v="108동"/>
  <tag k="note" v="루멘하임"/>
 </way>
 <way id="887519769" visible="true" version="3" changeset="163971755" timestamp="2025-03-23T05:18:51Z" user="chiho_kang" uid="10604125">
  <nd ref="8251752635"/>
  <nd ref="8251752636"/>
  <nd ref="8251752637"/>
  <nd ref="8251752638"/>
  <nd ref="8251752639"/>
  <nd ref="8251752640"/>
  <nd ref="8251752641"/>
  <nd ref="8251752642"/>
  <nd ref="8251752643"/>
  <nd ref="8251752644"/>
  <nd ref="8251752645"/>
  <nd ref="8251752646"/>
  <nd ref="8251752635"/>
  <tag k="addr:city" v="나주시"/>
  <tag k="addr:housenumber" v="328"/>
  <tag k="addr:postcode" v="58324"/>
  <tag k="addr:province" v="전라남도"/>
  <tag k="addr:street" v="그린로"/>
  <tag k="addr:subdistrict" v="빛가람동"/>
  <tag k="building" v="apartments"/>
  <tag k="building:levels" v="19"/>
  <tag k="name" v="105동"/>
  <tag k="note" v="루멘하임"/>
 </way>
 <way id="887519772" visible="true" version="3" changeset="163971755" timestamp="2025-03-23T05:18:51Z" user="chiho_kang" uid="10604125">
  <nd ref="8251752671"/>
  <nd ref="8251752672"/>
  <nd ref="8251752673"/>
  <nd ref="8251752674"/>
  <nd ref="8251752675"/>
  <nd ref="8251752676"/>
  <nd ref="8251752677"/>
  <nd ref="8251752678"/>
  <nd ref="8251752679"/>
  <nd ref="8251752680"/>
  <nd ref="8251752681"/>
  <nd ref="8251752682"/>
  <nd ref="8251752671"/>
  <tag k="addr:city" v="나주시"/>
  <tag k="addr:housenumber" v="328"/>
  <tag k="addr:postcode" v="58324"/>
  <tag k="addr:province" v="전라남도"/>
  <tag k="addr:street" v="그린로"/>
  <tag k="addr:subdistrict" v="빛가람동"/>
  <tag k="building" v="apartments"/>
  <tag k="building:levels" v="20"/>
  <tag k="name" v="102동"/>
  <tag k="note" v="루멘하임"/>
 </way>
 <way id="887519773" visible="true" version="3" changeset="163971755" timestamp="2025-03-23T05:18:51Z" user="chiho_kang" uid="10604125">
  <nd ref="8251752683"/>
  <nd ref="8251752684"/>
  <nd ref="8251752685"/>
  <nd ref="8251752686"/>
  <nd ref="8251752687"/>
  <nd ref="8251752688"/>
  <nd ref="8251752689"/>
  <nd ref="8251752690"/>
  <nd ref="8251752691"/>
  <nd ref="8251752692"/>
  <nd ref="8251752693"/>
  <nd ref="8251752694"/>
  <nd ref="8251752683"/>
  <tag k="addr:city" v="나주시"/>
  <tag k="addr:housenumber" v="328"/>
  <tag k="addr:postcode" v="58324"/>
  <tag k="addr:province" v="전라남도"/>
  <tag k="addr:street" v="그린로"/>
  <tag k="addr:subdistrict" v="빛가람동"/>
  <tag k="building" v="apartments"/>
  <tag k="building:levels" v="20"/>
  <tag k="name" v="101동"/>
  <tag k="note" v="루멘하임"/>
 </way>
 <way id="887519774" visible="true" version="3" changeset="163971755" timestamp="2025-03-23T05:18:51Z" user="chiho_kang" uid="10604125">
  <nd ref="8251752695"/>
  <nd ref="8251752696"/>
  <nd ref="8251752697"/>
  <nd ref="8251752698"/>
  <nd ref="8251752695"/>
  <tag k="addr:city" v="나주시"/>
  <tag k="addr:housenumber" v="330"/>
  <tag k="addr:postcode" v="58324"/>
  <tag k="addr:province" v="전라남도"/>
  <tag k="addr:street" v="그린로"/>
  <tag k="addr:subdistrict" v="빛가람동"/>
  <tag k="building" v="commercial"/>
  <tag k="building:levels" v="2"/>
  <tag k="name" v="상가동"/>
  <tag k="note" v="루멘하임"/>
  <tag k="smoking" v="no"/>
 </way>
 <way id="887532637" visible="true" version="3" changeset="96725193" timestamp="2020-12-31T10:49:44Z" user="mulgist" uid="12368943">
  <nd ref="8251861429"/>
  <nd ref="8278020208"/>
  <nd ref="8251861430"/>
  <nd ref="8251861443"/>
  <nd ref="8251861442"/>
  <nd ref="8251861431"/>
  <nd ref="8251862532"/>
  <nd ref="8251861432"/>
  <nd ref="8251861468"/>
  <nd ref="8251861433"/>
  <nd ref="8251861434"/>
  <nd ref="8251861435"/>
  <nd ref="8251861436"/>
  <nd ref="8251861437"/>
  <nd ref="8251862533"/>
  <nd ref="8251861438"/>
  <nd ref="8251861439"/>
  <nd ref="8251861440"/>
  <nd ref="8251861441"/>
  <tag k="highway" v="residential"/>
 </way>
 <way id="887532638" visible="true" version="1" changeset="96263032" timestamp="2020-12-22T13:47:50Z" user="mulgist" uid="12368943">
  <nd ref="8251861443"/>
  <nd ref="8251861444"/>
  <nd ref="8251861445"/>
  <nd ref="8251861446"/>
  <nd ref="8251861447"/>
  <nd ref="8251861450"/>
  <nd ref="8251861448"/>
  <nd ref="8251861449"/>
  <tag k="highway" v="residential"/>
 </way>
 <way id="887532639" visible="true" version="2" changeset="99833188" timestamp="2021-02-23T14:03:21Z" user="mulgist" uid="12368943">
  <nd ref="8251861450"/>
  <nd ref="8251861451"/>
  <tag k="highway" v="service"/>
  <tag k="service" v="parking_aisle"/>
 </way>
 <way id="887532640" visible="true" version="2" changeset="99833188" timestamp="2021-02-23T14:03:21Z" user="mulgist" uid="12368943">
  <nd ref="8251861449"/>
  <nd ref="8251861452"/>
  <nd ref="8449650028"/>
  <tag k="highway" v="service"/>
  <tag k="service" v="parking_aisle"/>
 </way>
 <way id="887532641" visible="true" version="2" changeset="99833188" timestamp="2021-02-23T14:03:21Z" user="mulgist" uid="12368943">
  <nd ref="8251861449"/>
  <nd ref="8251861467"/>
  <nd ref="8251861459"/>
  <nd ref="8251861460"/>
  <nd ref="8251861461"/>
  <nd ref="8251861462"/>
  <nd ref="8251861463"/>
  <nd ref="8251861464"/>
  <nd ref="8251861465"/>
  <nd ref="8251861466"/>
  <nd ref="8251861467"/>
  <tag k="highway" v="service"/>
  <tag k="service" v="parking_aisle"/>
 </way>
 <way id="887532643" visible="true" version="3" changeset="99833188" timestamp="2021-02-23T14:03:21Z" user="mulgist" uid="12368943">
  <nd ref="8251861470"/>
  <nd ref="8251861469"/>
  <nd ref="8255005760"/>
  <nd ref="8251861471"/>
  <nd ref="8251861472"/>
  <tag k="highway" v="service"/>
  <tag k="service" v="parking_aisle"/>
 </way>
 <way id="887532650" visible="true" version="4" changeset="96780587" timestamp="2021-01-01T17:12:51Z" user="mulgist" uid="12368943">
  <nd ref="8251862435"/>
  <nd ref="8251862436"/>
  <nd ref="8251862437"/>
  <nd ref="8251862438"/>
  <nd ref="8251862439"/>
  <nd ref="8255005742"/>
  <nd ref="8251862456"/>
  <nd ref="8251862468"/>
  <nd ref="8251862533"/>
  <nd ref="8251862521"/>
  <nd ref="8251862520"/>
  <nd ref="8251862454"/>
  <nd ref="8251862440"/>
  <nd ref="8251862441"/>
  <nd ref="8251862442"/>
  <nd ref="8251862443"/>
  <nd ref="8251862444"/>
  <nd ref="8251862445"/>
  <nd ref="8251862446"/>
  <nd ref="8251862447"/>
  <nd ref="8251862448"/>
  <nd ref="8251862449"/>
  <nd ref="8251862450"/>
  <tag k="highway" v="path"/>
 </way>
 <way id="887532651" visible="true" version="3" changeset="96333248" timestamp="2020-12-23T14:45:22Z" user="mulgist" uid="12368943">
  <nd ref="8251862450"/>
  <nd ref="8251862451"/>
  <nd ref="8251862452"/>
  <nd ref="8251862453"/>
  <nd ref="8251862454"/>
  <tag k="highway" v="path"/>
 </way>
 <way id="887532655" visible="true" version="2" changeset="99833188" timestamp="2021-02-23T14:03:21Z" user="mulgist" uid="12368943">
  <nd ref="8251862478"/>
  <nd ref="8251862479"/>
  <nd ref="8251862480"/>
  <tag k="highway" v="service"/>
  <tag k="service" v="parking_aisle"/>
 </way>
 <way id="887532659" visible="true" version="3" changeset="96333248" timestamp="2020-12-23T14:45:22Z" user="mulgist" uid="12368943">
  <nd ref="8251862494"/>
  <nd ref="8251862495"/>
  <nd ref="8251862496"/>
  <nd ref="8251862497"/>
  <nd ref="8251862521"/>
  <nd ref="8251862498"/>
  <nd ref="8251862499"/>
  <nd ref="8251862500"/>
  <nd ref="8251862501"/>
  <nd ref="8251862502"/>
  <nd ref="8251862503"/>
  <nd ref="8251862530"/>
  <nd ref="8251862504"/>
  <nd ref="8251862505"/>
  <nd ref="8251862506"/>
  <nd ref="8251862507"/>
  <nd ref="8251862508"/>
  <nd ref="8251862509"/>
  <nd ref="8251862510"/>
  <nd ref="8251862511"/>
  <nd ref="8251862512"/>
  <nd ref="8251862513"/>
  <nd ref="8254986496"/>
  <nd ref="8254986497"/>
  <nd ref="8251862514"/>
  <nd ref="8251862515"/>
  <nd ref="8251862516"/>
  <nd ref="8251862517"/>
  <nd ref="8251862518"/>
  <nd ref="8251862519"/>
  <nd ref="8251862520"/>
  <tag k="highway" v="path"/>
 </way>
 <way id="887532660" visible="true" version="5" changeset="96725193" timestamp="2020-12-31T10:49:44Z" user="mulgist" uid="12368943">
  <nd ref="8251862522"/>
  <nd ref="8251862523"/>
  <nd ref="8251862524"/>
  <nd ref="8251862525"/>
  <nd ref="8251862526"/>
  <nd ref="8251862531"/>
  <nd ref="8251862527"/>
  <nd ref="8251862528"/>
  <nd ref="8255005748"/>
  <nd ref="8251862529"/>
  <nd ref="8278020207"/>
  <nd ref="8278020209"/>
  <tag k="highway" v="path"/>
 </way>
 <way id="887532661" visible="true" version="1" changeset="96263032" timestamp="2020-12-22T13:47:50Z" user="mulgist" uid="12368943">
  <nd ref="8251862530"/>
  <nd ref="8251862532"/>
  <nd ref="8251862531"/>
  <tag k="crossing" v="marked"/>
  <tag k="footway" v="crossing"/>
  <tag k="highway" v="footway"/>
 </way>
 <way id="887875374" visible="true" version="3" changeset="99630021" timestamp="2021-02-20T08:24:13Z" user="mulgist" uid="12368943">
  <nd ref="8257427194"/>
  <nd ref="8257427193"/>
  <tag k="bridge" v="yes"/>
  <tag k="highway" v="footway"/>
  <tag k="layer" v="1"/>
 </way>
 <way id="887875375" visible="true" version="3" changeset="96545919" timestamp="2020-12-28T15:35:40Z" user="mulgist" uid="12368943">
  <nd ref="8257427194"/>
  <nd ref="8254947003"/>
  <nd ref="8254946979"/>
  <nd ref="8254947000"/>
  <nd ref="8254946980"/>
  <nd ref="8254947005"/>
  <nd ref="8254946981"/>
  <nd ref="8254946997"/>
  <nd ref="8254947063"/>
  <nd ref="8254946999"/>
  <nd ref="8254946982"/>
  <nd ref="8254946983"/>
  <nd ref="8254946984"/>
  <nd ref="8254946994"/>
  <nd ref="8254946985"/>
  <nd ref="8254946986"/>
  <nd ref="8254946987"/>
  <nd ref="8254946988"/>
  <nd ref="8254946989"/>
  <nd ref="8267210518"/>
  <nd ref="8254946990"/>
  <nd ref="8254946991"/>
  <nd ref="8254946992"/>
  <nd ref="8254946993"/>
  <nd ref="8254946994"/>
  <tag k="highway" v="path"/>
 </way>
 <way id="887875378" visible="true" version="1" changeset="96332427" timestamp="2020-12-23T14:29:14Z" user="mulgist" uid="12368943">
  <nd ref="8254947000"/>
  <nd ref="8254947168"/>
  <nd ref="8254947001"/>
  <nd ref="8254947002"/>
  <tag k="highway" v="path"/>
 </way>
 <way id="887875379" visible="true" version="1" changeset="96332427" timestamp="2020-12-23T14:29:14Z" user="mulgist" uid="12368943">
  <nd ref="8254947003"/>
  <nd ref="8254947168"/>
  <nd ref="8254947004"/>
  <tag k="highway" v="path"/>
 </way>
 <way id="887875387" visible="true" version="1" changeset="96332427" timestamp="2020-12-23T14:29:14Z" user="mulgist" uid="12368943">
  <nd ref="8254947040"/>
  <nd ref="8254947039"/>
  <nd ref="8254947041"/>
  <nd ref="8254947042"/>
  <nd ref="8254947043"/>
  <nd ref="8254947040"/>
  <tag k="leisure" v="pitch"/>
 </way>
 <way id="887875391" visible="true" version="6" changeset="144332579" timestamp="2023-11-22T16:15:50Z" user="asdfqwer51" uid="3350410">
  <nd ref="8257427195"/>
  <nd ref="11368911175"/>
  <nd ref="8254947081"/>
  <nd ref="8254947080"/>
  <nd ref="8281390501"/>
  <nd ref="8254947079"/>
  <nd ref="8254947078"/>
  <nd ref="8440076378"/>
  <nd ref="8278020210"/>
  <nd ref="8254947083"/>
  <tag k="highway" v="footway"/>
 </way>
 <way id="887875392" visible="true" version="6" changeset="99630021" timestamp="2021-02-20T08:24:13Z" user="mulgist" uid="12368943">
  <nd ref="8257427195"/>
  <nd ref="8254947084"/>
  <nd ref="8440076347"/>
  <nd ref="8254947085"/>
  <nd ref="8254947086"/>
  <nd ref="8254947087"/>
  <nd ref="8267175341"/>
  <nd ref="8254947106"/>
  <nd ref="8267210521"/>
  <nd ref="8254947088"/>
  <nd ref="8254947089"/>
  <nd ref="8254947090"/>
  <nd ref="8254947091"/>
  <nd ref="8254947092"/>
  <nd ref="8254947093"/>
  <nd ref="8254947094"/>
  <nd ref="8254947095"/>
  <nd ref="8254947096"/>
  <nd ref="8254947097"/>
  <nd ref="8254947098"/>
  <nd ref="8254947099"/>
  <nd ref="8254947100"/>
  <nd ref="8254947101"/>
  <nd ref="8254947102"/>
  <nd ref="8254947103"/>
  <nd ref="8254947104"/>
  <nd ref="8254947105"/>
  <nd ref="8281390499"/>
  <nd ref="8254947171"/>
  <tag k="highway" v="footway"/>
 </way>
 <way id="887875393" visible="true" version="2" changeset="163971755" timestamp="2025-03-23T05:18:51Z" user="chiho_kang" uid="10604125">
  <nd ref="8254947107"/>
  <nd ref="8254947108"/>
  <nd ref="8254947113"/>
  <nd ref="8254947114"/>
  <nd ref="8254947109"/>
  <nd ref="8254947110"/>
  <nd ref="8254947107"/>
  <tag k="addr:city" v="나주시"/>
  <tag k="addr:housenumber" v="312"/>
  <tag k="addr:postcode" v="58324"/>
  <tag k="addr:province" v="전라남도"/>
  <tag k="addr:street" v="그린로"/>
  <tag k="addr:subdistrict" v="빛가람동"/>
  <tag k="amenity" v="post_office"/>
  <tag k="building" v="yes"/>
  <tag k="name" v="빛가람우체국"/>
  <tag k="operator" v="우정사업본부 전남지방우정청"/>
 </way>
 <way id="887875394" visible="true" version="1" changeset="96332427" timestamp="2020-12-23T14:29:14Z" user="mulgist" uid="12368943">
  <nd ref="8254947111"/>
  <nd ref="8254947112"/>
  <nd ref="8254947113"/>
  <tag k="highway" v="path"/>
 </way>
 <way id="887875395" visible="true" version="2" changeset="96545122" timestamp="2020-12-28T15:20:53Z" user="mulgist" uid="12368943">
  <nd ref="8254947114"/>
  <nd ref="8254947109"/>
  <nd ref="8254947115"/>
  <nd ref="8254947116"/>
  <nd ref="8254947117"/>
  <nd ref="8254947118"/>
  <nd ref="8254947114"/>
  <tag k="amenity" v="parking"/>
  <tag k="operator" v="빛가람우체국"/>
  <tag k="operator:type" v="government"/>
  <tag k="parking" v="surface"/>
 </way>
 <way id="887875396" visible="true" version="2" changeset="96545122" timestamp="2020-12-28T15:20:53Z" user="mulgist" uid="12368943">
  <nd ref="8254947118"/>
  <nd ref="8254947169"/>
  <nd ref="8254947119"/>
  <tag k="highway" v="service"/>
  <tag k="service" v="parking_aisle"/>
 </way>
 <way id="887875397" visible="true" version="2" changeset="150569043" timestamp="2024-04-27T08:27:03Z" user="mulgist" uid="12368943">
  <nd ref="8254947120"/>
  <nd ref="8254947122"/>
  <nd ref="8254947121"/>
  <tag k="crossing" v="marked"/>
  <tag k="crossing:markings" v="zebra"/>
  <tag k="footway" v="crossing"/>
  <tag k="highway" v="footway"/>
 </way>
 <way id="887875398" visible="true" version="3" changeset="133576767" timestamp="2023-03-12T08:09:37Z" user="FUKUTAN" uid="5207199">
  <nd ref="8254947124"/>
  <nd ref="8254947125"/>
  <nd ref="8254947068"/>
  <nd ref="8254947120"/>
  <nd ref="8254947067"/>
  <nd ref="8254947066"/>
  <nd ref="8254947143"/>
  <nd ref="8254947065"/>
  <nd ref="8254947062"/>
  <nd ref="8254947033"/>
  <nd ref="10729284657"/>
  <nd ref="8254947128"/>
  <tag k="highway" v="footway"/>
 </way>
 <way id="887875399" visible="true" version="1" changeset="96332427" timestamp="2020-12-23T14:29:14Z" user="mulgist" uid="12368943">
  <nd ref="8254947123"/>
  <nd ref="8254947169"/>
  <nd ref="8254947124"/>
  <tag k="crossing" v="marked"/>
  <tag k="footway" v="crossing"/>
  <tag k="highway" v="footway"/>
 </way>
 <way id="887875404" visible="true" version="3" changeset="99630021" timestamp="2021-02-20T08:24:13Z" user="mulgist" uid="12368943">
  <nd ref="8254947139"/>
  <nd ref="8254947140"/>
  <nd ref="8281390423"/>
  <nd ref="8254947141"/>
  <nd ref="8281390442"/>
  <nd ref="8254947142"/>
  <tag k="highway" v="footway"/>
 </way>
 <way id="887875405" visible="true" version="2" changeset="150569043" timestamp="2024-04-27T08:27:03Z" user="mulgist" uid="12368943">
  <nd ref="8254947142"/>
  <nd ref="8254947144"/>
  <nd ref="8254947143"/>
  <tag k="crossing" v="marked"/>
  <tag k="crossing:markings" v="zebra"/>
  <tag k="footway" v="crossing"/>
  <tag k="highway" v="footway"/>
 </way>
 <way id="887878631" visible="true" version="1" changeset="96333248" timestamp="2020-12-23T14:45:22Z" user="mulgist" uid="12368943">
  <nd ref="8251862450"/>
  <nd ref="8254986470"/>
  <nd ref="8254986471"/>
  <nd ref="8254986472"/>
  <nd ref="8254986473"/>
  <nd ref="8254986474"/>
  <nd ref="8254986475"/>
  <nd ref="8254986476"/>
  <nd ref="8254986477"/>
  <nd ref="8254986478"/>
  <nd ref="8254986479"/>
  <nd ref="8254986480"/>
  <nd ref="8254986481"/>
  <nd ref="8254986482"/>
  <nd ref="8254986483"/>
  <nd ref="8254986471"/>
  <tag k="highway" v="path"/>
 </way>
 <way id="887878632" visible="true" version="1" changeset="96333248" timestamp="2020-12-23T14:45:22Z" user="mulgist" uid="12368943">
  <nd ref="8254986484"/>
  <nd ref="8254986485"/>
  <nd ref="8254986486"/>
  <nd ref="8254986495"/>
  <nd ref="8254986487"/>
  <nd ref="8254986488"/>
  <nd ref="8254986489"/>
  <nd ref="8254986490"/>
  <nd ref="8254986491"/>
  <nd ref="8254986492"/>
  <nd ref="8254986493"/>
  <nd ref="8254986494"/>
  <nd ref="8254986495"/>
  <tag k="highway" v="path"/>
 </way>
 <way id="887878633" visible="true" version="1" changeset="96333248" timestamp="2020-12-23T14:45:22Z" user="mulgist" uid="12368943">
  <nd ref="8251862508"/>
  <nd ref="8254986498"/>
  <nd ref="8254986499"/>
  <nd ref="8254986500"/>
  <nd ref="8254986501"/>
  <nd ref="8254986502"/>
  <nd ref="8254986503"/>
  <nd ref="8254986504"/>
  <nd ref="8254986505"/>
  <nd ref="8251862508"/>
  <tag k="highway" v="path"/>
 </way>
 <way id="887878639" visible="true" version="1" changeset="96333248" timestamp="2020-12-23T14:45:22Z" user="mulgist" uid="12368943">
  <nd ref="8255005742"/>
  <nd ref="8255005759"/>
  <nd ref="8255005743"/>
  <nd ref="8255005744"/>
  <nd ref="8255005745"/>
  <nd ref="8255005746"/>
  <nd ref="8255005747"/>
  <nd ref="8251862529"/>
  <tag k="highway" v="path"/>
 </way>
 <way id="887878640" visible="true" version="1" changeset="96333248" timestamp="2020-12-23T14:45:22Z" user="mulgist" uid="12368943">
  <nd ref="8255005748"/>
  <nd ref="8255005749"/>
  <nd ref="8255005750"/>
  <nd ref="8255005751"/>
  <nd ref="8255005752"/>
  <nd ref="8255005753"/>
  <nd ref="8255005754"/>
  <nd ref="8255005755"/>
  <nd ref="8255005756"/>
  <nd ref="8255005757"/>
  <nd ref="8255005758"/>
  <nd ref="8255005760"/>
  <nd ref="8255005759"/>
  <tag k="highway" v="path"/>
 </way>
 <way id="888163044" visible="true" version="1" changeset="96383241" timestamp="2020-12-24T11:54:34Z" user="mulgist" uid="12368943">
  <nd ref="8257427193"/>
  <nd ref="8257427196"/>
  <tag k="highway" v="path"/>
 </way>
 <way id="888163045" visible="true" version="2" changeset="144332579" timestamp="2023-11-22T16:15:50Z" user="asdfqwer51" uid="3350410">
  <nd ref="8257427197"/>
  <nd ref="8257427198"/>
  <nd ref="11368911174"/>
  <nd ref="11368911173"/>
  <nd ref="8257427199"/>
  <nd ref="11368911172"/>
  <nd ref="4974386227"/>
  <nd ref="5354444853"/>
  <nd ref="8257427200"/>
  <nd ref="8257427197"/>
  <tag k="amenity" v="parking"/>
 </way>
 <way id="889260196" visible="true" version="3" changeset="163971755" timestamp="2025-03-23T05:18:51Z" user="chiho_kang" uid="10604125">
  <nd ref="8267153331"/>
  <nd ref="11368586018"/>
  <nd ref="11368586017"/>
  <nd ref="8267153332"/>
  <nd ref="8267153333"/>
  <nd ref="8267153334"/>
  <nd ref="8267153331"/>
  <tag k="addr:city" v="나주시"/>
  <tag k="addr:housenumber" v="9"/>
  <tag k="addr:postcode" v="58324"/>
  <tag k="addr:province" v="전라남도"/>
  <tag k="addr:street" v="진흥길"/>
  <tag k="addr:subdistrict" v="빛가람동"/>
  <tag k="landuse" v="commercial"/>
  <tag k="name" v="한국인터넷진흥원"/>
  <tag k="name:en" v="Korea Internet &amp; Security Agency"/>
  <tag k="name:ko" v="한국인터넷진흥원"/>
 </way>
 <way id="889260197" visible="true" version="4" changeset="163971755" timestamp="2025-03-23T05:18:51Z" user="chiho_kang" uid="10604125">
  <nd ref="8267153335"/>
  <nd ref="8267153366"/>
  <nd ref="8267153336"/>
  <nd ref="8267153337"/>
  <nd ref="8267153367"/>
  <nd ref="8267153338"/>
  <nd ref="8267153339"/>
  <nd ref="8267153340"/>
  <nd ref="8267153341"/>
  <nd ref="8267153342"/>
  <nd ref="8267153343"/>
  <nd ref="8267153344"/>
  <nd ref="8267153345"/>
  <nd ref="8267153346"/>
  <nd ref="8267153347"/>
  <nd ref="8267153348"/>
  <nd ref="8267153349"/>
  <nd ref="8267153335"/>
  <tag k="addr:city" v="나주시"/>
  <tag k="addr:housenumber" v="9"/>
  <tag k="addr:postcode" v="58324"/>
  <tag k="addr:province" v="전라남도"/>
  <tag k="addr:street" v="진흥길"/>
  <tag k="addr:subdistrict" v="빛가람동"/>
  <tag k="building" v="public"/>
 </way>
 <way id="889260198" visible="true" version="3" changeset="99630021" timestamp="2021-02-20T08:24:13Z" user="mulgist" uid="12368943">
  <nd ref="8267153350"/>
  <nd ref="8267153365"/>
  <nd ref="8267153351"/>
  <nd ref="8267153352"/>
  <nd ref="8267153353"/>
  <nd ref="8267153354"/>
  <nd ref="8267153355"/>
  <nd ref="8267153356"/>
  <nd ref="8267153357"/>
  <nd ref="8267153358"/>
  <nd ref="8278020093"/>
  <tag k="highway" v="footway"/>
 </way>
 <way id="889260200" visible="true" version="1" changeset="96545122" timestamp="2020-12-28T15:20:53Z" user="mulgist" uid="12368943">
  <nd ref="8267153365"/>
  <nd ref="8267153369"/>
  <nd ref="8267153366"/>
  <tag k="highway" v="path"/>
 </way>
 <way id="889260201" visible="true" version="1" changeset="96545122" timestamp="2020-12-28T15:20:53Z" user="mulgist" uid="12368943">
  <nd ref="8267153367"/>
  <nd ref="8267153368"/>
  <nd ref="8267153369"/>
  <tag k="highway" v="path"/>
 </way>
 <way id="889260202" visible="true" version="2" changeset="101803460" timestamp="2021-03-26T16:17:35Z" user="sebastic" uid="665748">
  <nd ref="8267153370"/>
  <nd ref="8267153371"/>
 </way>
 <way id="889260203" visible="true" version="1" changeset="96545122" timestamp="2020-12-28T15:20:53Z" user="mulgist" uid="12368943">
  <nd ref="5312143172"/>
  <nd ref="5312143173"/>
  <nd ref="5312143174"/>
  <nd ref="5312143175"/>
  <nd ref="5312143182"/>
  <nd ref="5312143176"/>
  <nd ref="5312143180"/>
  <nd ref="5312143177"/>
  <nd ref="5312143178"/>
  <nd ref="5312143179"/>
 </way>
 <way id="889260204" visible="true" version="1" changeset="96545122" timestamp="2020-12-28T15:20:53Z" user="mulgist" uid="12368943">
  <nd ref="8267153371"/>
  <nd ref="8267153372"/>
  <nd ref="8267153373"/>
  <nd ref="8267153374"/>
  <nd ref="5312143172"/>
 </way>
 <way id="889260231" visible="true" version="1" changeset="96545122" timestamp="2020-12-28T15:20:53Z" user="mulgist" uid="12368943">
  <nd ref="8254947117"/>
  <nd ref="8267175410"/>
  <nd ref="8267175411"/>
  <nd ref="8267175412"/>
  <nd ref="8267175413"/>
  <nd ref="8254947116"/>
  <nd ref="8254947117"/>
  <tag k="amenity" v="parking"/>
  <tag k="operator" v="빛가람파출소"/>
  <tag k="parking" v="surface"/>
 </way>
 <way id="889260232" visible="true" version="1" changeset="96545122" timestamp="2020-12-28T15:20:53Z" user="mulgist" uid="12368943">
  <nd ref="8267175414"/>
  <nd ref="8267175415"/>
  <nd ref="4976383011"/>
  <nd ref="8267175416"/>
  <nd ref="8267175417"/>
  <nd ref="8267175418"/>
  <nd ref="8267175414"/>
  <tag k="leisure" v="park"/>
 </way>
 <way id="890025293" visible="true" version="2" changeset="144326721" timestamp="2023-11-22T13:28:24Z" user="asdfqwer51" uid="3350410">
  <nd ref="8273070006"/>
  <nd ref="8273070007"/>
  <tag k="highway" v="service"/>
  <tag k="service" v="parking_aisle"/>
 </way>
 <way id="890025295" visible="true" version="3" changeset="163971755" timestamp="2025-03-23T05:18:51Z" user="chiho_kang" uid="10604125">
  <nd ref="8273070017"/>
  <nd ref="8273070018"/>
  <nd ref="5181473584"/>
  <nd ref="8273070019"/>
  <nd ref="8273070020"/>
  <nd ref="8273070017"/>
  <tag k="addr:city" v="나주시"/>
  <tag k="addr:housenumber" v="760"/>
  <tag k="addr:postcode" v="58324"/>
  <tag k="addr:province" v="전라남도"/>
  <tag k="addr:street" v="빛가람로"/>
  <tag k="addr:subdistrict" v="빛가람동"/>
  <tag k="landuse" v="commercial"/>
  <tag k="name" v="한국방송통신전파진흥원"/>
  <tag k="name:en" v="Korea Communications Agency"/>
  <tag k="name:ko" v="한국방송통신전파진흥원"/>
 </way>
 <way id="890679538" visible="true" version="4" changeset="144326721" timestamp="2023-11-22T13:28:24Z" user="asdfqwer51" uid="3350410">
  <nd ref="8277939283"/>
  <nd ref="8278020078"/>
  <nd ref="8278020079"/>
  <nd ref="8278020080"/>
  <nd ref="8278020081"/>
  <nd ref="8278020082"/>
  <nd ref="8278019997"/>
  <nd ref="8267175387"/>
  <nd ref="8278020083"/>
  <nd ref="8278020084"/>
  <nd ref="8278020085"/>
  <nd ref="8278020163"/>
  <nd ref="8278020086"/>
  <nd ref="8278020087"/>
  <nd ref="8278020088"/>
  <nd ref="8449650139"/>
  <nd ref="8278020089"/>
  <tag k="highway" v="footway"/>
 </way>
 <way id="890679539" visible="true" version="1" changeset="96725193" timestamp="2020-12-31T10:49:44Z" user="mulgist" uid="12368943">
  <nd ref="8278020089"/>
  <nd ref="8278020091"/>
  <nd ref="8278020090"/>
  <tag k="crossing" v="marked"/>
  <tag k="footway" v="crossing"/>
  <tag k="highway" v="footway"/>
 </way>
 <way id="890679540" visible="true" version="2" changeset="99630021" timestamp="2021-02-20T08:24:13Z" user="mulgist" uid="12368943">
  <nd ref="8278020090"/>
  <nd ref="8278020092"/>
  <tag k="highway" v="footway"/>
 </way>
 <way id="890679541" visible="true" version="1" changeset="96725193" timestamp="2020-12-31T10:49:44Z" user="mulgist" uid="12368943">
  <nd ref="8267153358"/>
  <nd ref="8278020095"/>
  <nd ref="8278020094"/>
  <tag k="crossing" v="marked"/>
  <tag k="footway" v="crossing"/>
  <tag k="highway" v="footway"/>
 </way>
 <way id="890679542" visible="true" version="2" changeset="96780587" timestamp="2021-01-01T17:12:51Z" user="mulgist" uid="12368943">
  <nd ref="8278020092"/>
  <nd ref="8281390484"/>
  <nd ref="8278020093"/>
  <tag k="crossing" v="marked"/>
  <tag k="footway" v="crossing"/>
  <tag k="highway" v="footway"/>
 </way>
 <way id="890679557" visible="true" version="1" changeset="96725193" timestamp="2020-12-31T10:49:44Z" user="mulgist" uid="12368943">
  <nd ref="8267175370"/>
  <nd ref="8278020159"/>
  <nd ref="8278020160"/>
  <nd ref="8278020161"/>
  <nd ref="8278020162"/>
  <tag k="highway" v="path"/>
 </way>
 <way id="890679558" visible="true" version="1" changeset="96725193" timestamp="2020-12-31T10:49:44Z" user="mulgist" uid="12368943">
  <nd ref="8278020163"/>
  <nd ref="8278020164"/>
  <nd ref="8278020165"/>
  <nd ref="8278020166"/>
  <nd ref="8278020162"/>
  <nd ref="8278020192"/>
  <nd ref="8278020167"/>
  <tag k="highway" v="path"/>
  <tag k="layer" v="-1"/>
 </way>
 <way id="890679559" visible="true" version="1" changeset="96725193" timestamp="2020-12-31T10:49:44Z" user="mulgist" uid="12368943">
  <nd ref="8278020168"/>
  <nd ref="8278020169"/>
  <tag k="highway" v="path"/>
 </way>
 <way id="890679560" visible="true" version="1" changeset="96725193" timestamp="2020-12-31T10:49:44Z" user="mulgist" uid="12368943">
  <nd ref="8278020182"/>
  <nd ref="8278020183"/>
  <nd ref="8278020184"/>
  <nd ref="8278020185"/>
  <nd ref="8278020186"/>
  <nd ref="8278020187"/>
  <nd ref="8278020169"/>
  <nd ref="8278020170"/>
  <nd ref="8278020171"/>
  <nd ref="8278020172"/>
  <nd ref="8278020177"/>
  <nd ref="8278020178"/>
  <nd ref="8278020179"/>
  <nd ref="8278020180"/>
  <nd ref="8278020181"/>
  <nd ref="8278020188"/>
  <nd ref="8278020173"/>
  <nd ref="8278020174"/>
  <nd ref="8278020175"/>
  <nd ref="8278020176"/>
  <nd ref="8278020182"/>
  <tag k="highway" v="path"/>
 </way>
 <way id="890679561" visible="true" version="1" changeset="96725193" timestamp="2020-12-31T10:49:44Z" user="mulgist" uid="12368943">
  <nd ref="8278020188"/>
  <nd ref="8278020189"/>
  <nd ref="8278020190"/>
  <nd ref="8278020191"/>
  <nd ref="8278020192"/>
  <tag k="highway" v="path"/>
 </way>
 <way id="890679562" visible="true" version="1" changeset="96725193" timestamp="2020-12-31T10:49:44Z" user="mulgist" uid="12368943">
  <nd ref="8278020205"/>
  <nd ref="8278020206"/>
  <nd ref="8278020193"/>
  <nd ref="8278020204"/>
  <nd ref="8278020194"/>
  <nd ref="8278020203"/>
  <nd ref="8278020195"/>
  <nd ref="8278020202"/>
  <nd ref="8278020196"/>
  <nd ref="8278020200"/>
  <nd ref="8278020197"/>
  <nd ref="8278020201"/>
  <nd ref="8278020198"/>
  <nd ref="8278020199"/>
  <tag k="highway" v="path"/>
 </way>
 <way id="890679563" visible="true" version="1" changeset="96725193" timestamp="2020-12-31T10:49:44Z" user="mulgist" uid="12368943">
  <nd ref="8278020171"/>
  <nd ref="8278020206"/>
  <tag k="highway" v="path"/>
 </way>
 <way id="890679564" visible="true" version="2" changeset="99630021" timestamp="2021-02-20T08:24:13Z" user="mulgist" uid="12368943">
  <nd ref="8254947077"/>
  <nd ref="8278020209"/>
  <nd ref="8440076375"/>
  <nd ref="8254947076"/>
  <nd ref="8254947075"/>
  <nd ref="8254947074"/>
  <nd ref="8254947073"/>
  <nd ref="8254947072"/>
  <nd ref="8254947071"/>
  <nd ref="8254947070"/>
  <nd ref="8254947069"/>
  <nd ref="8254947111"/>
  <nd ref="8254947123"/>
  <tag k="highway" v="footway"/>
 </way>
 <way id="890679565" visible="true" version="1" changeset="96725193" timestamp="2020-12-31T10:49:44Z" user="mulgist" uid="12368943">
  <nd ref="8254947083"/>
  <nd ref="8278020208"/>
  <nd ref="8254947077"/>
  <tag k="crossing" v="marked"/>
  <tag k="footway" v="crossing"/>
  <tag k="highway" v="footway"/>
 </way>
 <way id="890679566" visible="true" version="1" changeset="96725193" timestamp="2020-12-31T10:49:44Z" user="mulgist" uid="12368943">
  <nd ref="8254986475"/>
  <nd ref="8278020210"/>
  <tag k="highway" v="path"/>
 </way>
 <way id="891014001" visible="true" version="3" changeset="163971755" timestamp="2025-03-23T05:18:51Z" user="chiho_kang" uid="10604125">
  <nd ref="8281350575"/>
  <nd ref="8281350576"/>
  <nd ref="8281350577"/>
  <nd ref="8281350578"/>
  <nd ref="8281350579"/>
  <nd ref="8281350580"/>
  <nd ref="8281350575"/>
  <tag k="addr:city" v="나주시"/>
  <tag k="addr:housenumber" v="296"/>
  <tag k="addr:postcode" v="58329"/>
  <tag k="addr:province" v="전라남도"/>
  <tag k="addr:street" v="그린로"/>
  <tag k="addr:subdistrict" v="빛가람동"/>
  <tag k="amenity" v="fire_station"/>
  <tag k="building" v="yes"/>
  <tag k="operator" v="나주소방서"/>
 </way>
 <way id="891014002" visible="true" version="3" changeset="163971755" timestamp="2025-03-23T05:18:51Z" user="chiho_kang" uid="10604125">
  <nd ref="8281350581"/>
  <nd ref="8281350582"/>
  <nd ref="8281350583"/>
  <nd ref="8281350584"/>
  <nd ref="8281350581"/>
  <tag k="addr:city" v="나주시"/>
  <tag k="addr:housenumber" v="296"/>
  <tag k="addr:postcode" v="58329"/>
  <tag k="addr:province" v="전라남도"/>
  <tag k="addr:street" v="그린로"/>
  <tag k="addr:subdistrict" v="빛가람동"/>
  <tag k="landuse" v="commercial"/>
  <tag k="name" v="빛가람119안전센터"/>
  <tag k="name:en" v="Bitgaram 119 Safety Center"/>
  <tag k="name:ko" v="빛가람119안전센터"/>
 </way>
 <way id="891014003" visible="true" version="1" changeset="96780587" timestamp="2021-01-01T17:12:51Z" user="mulgist" uid="12368943">
  <nd ref="8281350585"/>
  <nd ref="8281350586"/>
  <nd ref="8281350587"/>
  <nd ref="8281350588"/>
  <nd ref="8281350589"/>
  <nd ref="8281350590"/>
  <nd ref="8281350585"/>
  <tag k="amenity" v="parking"/>
 </way>
 <way id="891014004" visible="true" version="1" changeset="96780587" timestamp="2021-01-01T17:12:51Z" user="mulgist" uid="12368943">
  <nd ref="8281350591"/>
  <nd ref="8281350592"/>
  <nd ref="8281350593"/>
  <nd ref="8281350594"/>
  <tag k="highway" v="service"/>
  <tag k="service" v="parking_aisle"/>
 </way>
 <way id="891014020" visible="true" version="3" changeset="163971755" timestamp="2025-03-23T05:18:51Z" user="chiho_kang" uid="10604125">
  <nd ref="8273070017"/>
  <nd ref="8281390458"/>
  <nd ref="8267153331"/>
  <nd ref="11368586018"/>
  <nd ref="11368586017"/>
  <nd ref="8267153332"/>
  <nd ref="8281390459"/>
  <nd ref="8273070018"/>
  <nd ref="8273070017"/>
  <tag k="addr:city" v="나주시"/>
  <tag k="addr:housenumber" v="370"/>
  <tag k="addr:postcode" v="58324"/>
  <tag k="addr:province" v="전라남도"/>
  <tag k="addr:street" v="그린로"/>
  <tag k="addr:subdistrict" v="빛가람동"/>
  <tag k="landuse" v="commercial"/>
  <tag k="name" v="에너지밸리기업개발원"/>
  <tag k="name:en" v="Energy Valley Enterprise Development Institute"/>
  <tag k="name:ko" v="에너지밸리기업개발원"/>
 </way>
 <way id="891014024" visible="true" version="2" changeset="144326721" timestamp="2023-11-22T13:28:24Z" user="asdfqwer51" uid="3350410">
  <nd ref="11368586010"/>
  <nd ref="11368586009"/>
  <nd ref="8281390484"/>
  <nd ref="8281390488"/>
  <nd ref="8281390487"/>
  <nd ref="5668172347"/>
  <nd ref="8281390485"/>
  <nd ref="8281390482"/>
  <nd ref="11368586008"/>
  <tag k="highway" v="service"/>
  <tag k="service" v="parking_aisle"/>
 </way>
 <way id="891014025" visible="true" version="1" changeset="96780587" timestamp="2021-01-01T17:12:51Z" user="mulgist" uid="12368943">
  <nd ref="8281390485"/>
  <nd ref="8281390486"/>
  <nd ref="8281390487"/>
  <tag k="highway" v="service"/>
  <tag k="service" v="parking_aisle"/>
 </way>
 <way id="891014026" visible="true" version="1" changeset="96780587" timestamp="2021-01-01T17:12:51Z" user="mulgist" uid="12368943">
  <nd ref="8281390488"/>
  <nd ref="8281390489"/>
  <nd ref="8281390490"/>
  <nd ref="8281390491"/>
  <tag k="highway" v="service"/>
  <tag k="service" v="parking_aisle"/>
 </way>
 <way id="891014027" visible="true" version="1" changeset="96780587" timestamp="2021-01-01T17:12:51Z" user="mulgist" uid="12368943">
  <nd ref="8281390489"/>
  <nd ref="8281390492"/>
  <nd ref="8281390493"/>
  <nd ref="8281390494"/>
  <nd ref="8281390495"/>
  <nd ref="8281390496"/>
  <nd ref="8281390497"/>
  <nd ref="8281390498"/>
  <tag k="highway" v="service"/>
  <tag k="service" v="parking_aisle"/>
 </way>
 <way id="891014031" visible="true" version="1" changeset="96780587" timestamp="2021-01-01T17:12:51Z" user="mulgist" uid="12368943">
  <nd ref="8251862450"/>
  <nd ref="8281390501"/>
  <tag k="highway" v="path"/>
 </way>
 <way id="906841840" visible="true" version="2" changeset="99601411" timestamp="2021-02-19T14:39:38Z" user="mulgist" uid="12368943">
  <nd ref="8438286331"/>
  <nd ref="5180190197"/>
  <nd ref="5354443507"/>
  <nd ref="8420734083"/>
  <tag k="highway" v="path"/>
 </way>
 <way id="906841841" visible="true" version="2" changeset="99601411" timestamp="2021-02-19T14:39:38Z" user="mulgist" uid="12368943">
  <nd ref="8420734083"/>
  <nd ref="8420734082"/>
  <tag k="bridge" v="yes"/>
  <tag k="highway" v="path"/>
  <tag k="layer" v="1"/>
 </way>
 <way id="906841842" visible="true" version="2" changeset="123960556" timestamp="2022-07-23T03:06:23Z" user="FUKUTAN" uid="5207199">
  <nd ref="3413889903"/>
  <nd ref="8420734080"/>
  <nd ref="5181474027"/>
  <nd ref="5181474026"/>
  <nd ref="5181474025"/>
  <nd ref="5181474024"/>
  <nd ref="5181474023"/>
  <nd ref="5181474022"/>
  <nd ref="9905228797"/>
  <nd ref="5181474021"/>
  <nd ref="5181474020"/>
  <nd ref="8420734084"/>
  <nd ref="5181474019"/>
  <nd ref="9905228739"/>
  <nd ref="5309434105"/>
  <nd ref="5309434106"/>
  <nd ref="5181474018"/>
  <nd ref="5309434107"/>
  <nd ref="5181474017"/>
  <nd ref="8420734085"/>
  <nd ref="9905166610"/>
  <nd ref="9905166611"/>
  <nd ref="9905166612"/>
  <nd ref="9905166613"/>
  <nd ref="9905166614"/>
  <nd ref="9905166615"/>
  <nd ref="9905166616"/>
  <nd ref="9905228717"/>
  <nd ref="9905228718"/>
  <nd ref="9905228719"/>
  <nd ref="9905228720"/>
  <nd ref="9905228721"/>
  <nd ref="3413887588"/>
  <tag k="waterway" v="stream"/>
 </way>
 <way id="908605661" visible="true" version="2" changeset="99601411" timestamp="2021-02-19T14:39:38Z" user="mulgist" uid="12368943">
  <nd ref="5309677764"/>
  <nd ref="8436597952"/>
  <nd ref="8436597953"/>
  <nd ref="8436597954"/>
  <nd ref="8436597955"/>
  <nd ref="8436597956"/>
  <nd ref="8438286325"/>
  <nd ref="8436597957"/>
  <nd ref="8436597958"/>
  <nd ref="8436597959"/>
  <nd ref="8436597960"/>
  <nd ref="5181473636"/>
  <tag k="highway" v="path"/>
 </way>
 <way id="908801767" visible="true" version="1" changeset="99601411" timestamp="2021-02-19T14:39:38Z" user="mulgist" uid="12368943">
  <nd ref="8438286332"/>
  <nd ref="8438286333"/>
  <nd ref="5181473639"/>
  <tag k="highway" v="path"/>
 </way>
 <way id="908801768" visible="true" version="1" changeset="99601411" timestamp="2021-02-19T14:39:38Z" user="mulgist" uid="12368943">
  <nd ref="8438286337"/>
  <nd ref="8438286345"/>
  <nd ref="8438286338"/>
  <nd ref="8438286331"/>
  <nd ref="8438286339"/>
  <nd ref="8438286342"/>
  <nd ref="8438286340"/>
  <nd ref="5312200030"/>
  <nd ref="8438286350"/>
  <nd ref="8438286341"/>
  <tag k="highway" v="path"/>
 </way>
 <way id="908801769" visible="true" version="1" changeset="99601411" timestamp="2021-02-19T14:39:38Z" user="mulgist" uid="12368943">
  <nd ref="8438286342"/>
  <nd ref="8438286347"/>
  <nd ref="8438286343"/>
  <tag k="highway" v="path"/>
 </way>
 <way id="908801770" visible="true" version="1" changeset="99601411" timestamp="2021-02-19T14:39:38Z" user="mulgist" uid="12368943">
  <nd ref="8438286340"/>
  <nd ref="8438286348"/>
  <nd ref="8438286344"/>
  <tag k="highway" v="path"/>
 </way>
 <way id="908801771" visible="true" version="1" changeset="99601411" timestamp="2021-02-19T14:39:38Z" user="mulgist" uid="12368943">
  <nd ref="8438286345"/>
  <nd ref="8438286346"/>
  <nd ref="8438286347"/>
  <nd ref="8438286348"/>
  <nd ref="8438286349"/>
  <nd ref="8438286350"/>
  <tag k="highway" v="path"/>
 </way>
 <way id="908801772" visible="true" version="3" changeset="185763174" timestamp="2026-07-15T06:14:42Z" user="야광멧돼지" uid="12393144">
  <nd ref="8438286365"/>
  <nd ref="8438286366"/>
  <nd ref="8438286367"/>
  <nd ref="8438286368"/>
  <nd ref="8438286369"/>
  <nd ref="8438286370"/>
  <nd ref="8438286371"/>
  <nd ref="8438286372"/>
  <nd ref="8438286373"/>
  <nd ref="8438286374"/>
  <nd ref="8438286375"/>
  <nd ref="8438286376"/>
  <nd ref="8438286377"/>
  <nd ref="8438286378"/>
  <nd ref="8438286379"/>
  <nd ref="4974386235"/>
  <nd ref="14016792752"/>
  <nd ref="14016792751"/>
  <nd ref="14016792750"/>
  <nd ref="8438286380"/>
  <nd ref="8438286365"/>
  <tag k="addr:city" v="나주시"/>
  <tag k="addr:housenumber" v="77"/>
  <tag k="addr:postcode" v="58325"/>
  <tag k="addr:province" v="전라남도"/>
  <tag k="addr:street" v="호수로"/>
  <tag k="addr:subdistrict" v="빛가람동"/>
  <tag k="amenity" v="exhibition_centre"/>
  <tag k="building" v="yes"/>
  <tag k="name" v="전시관리동"/>
  <tag k="operator" v="빛가람호수공원"/>
  <tag k="operator:type" v="government"/>
 </way>
 <way id="908801773" visible="true" version="2" changeset="185763174" timestamp="2026-07-15T06:14:42Z" user="야광멧돼지" uid="12393144">
  <nd ref="8438286384"/>
  <nd ref="8438286385"/>
  <nd ref="8438286386"/>
  <nd ref="8438286387"/>
  <nd ref="5180190184"/>
  <nd ref="8438286388"/>
  <nd ref="8438286389"/>
  <nd ref="14016792749"/>
  <nd ref="8438286390"/>
  <nd ref="8438286391"/>
  <nd ref="8438286392"/>
  <nd ref="8438286393"/>
  <nd ref="8438286394"/>
  <nd ref="14016792746"/>
  <nd ref="8438286395"/>
  <nd ref="14016792748"/>
  <nd ref="8438286396"/>
  <nd ref="8438286397"/>
  <nd ref="8438286398"/>
  <nd ref="8438286383"/>
  <nd ref="14016792745"/>
  <nd ref="8438286384"/>
  <tag k="highway" v="path"/>
  <tag k="layer" v="-1"/>
 </way>
 <way id="908801774" visible="true" version="1" changeset="99601411" timestamp="2021-02-19T14:39:38Z" user="mulgist" uid="12368943">
  <nd ref="8438286401"/>
  <nd ref="8438286402"/>
  <nd ref="8438286403"/>
  <nd ref="8438286404"/>
  <nd ref="8438286401"/>
  <tag k="amenity" v="toilets"/>
  <tag k="building" v="yes"/>
  <tag k="unisex" v="yes"/>
 </way>
 <way id="908801775" visible="true" version="1" changeset="99601411" timestamp="2021-02-19T14:39:38Z" user="mulgist" uid="12368943">
  <nd ref="8438286390"/>
  <nd ref="8438286408"/>
  <nd ref="8438286409"/>
  <nd ref="8438286410"/>
  <nd ref="8438286411"/>
  <nd ref="8438286412"/>
  <nd ref="8438286413"/>
  <tag k="blind" v="limited"/>
  <tag k="playground" v="slide"/>
  <tag k="playground:theme" v="rock"/>
  <tag k="wheelchair" v="no"/>
 </way>
 <way id="908801776" visible="true" version="2" changeset="141712425" timestamp="2023-09-25T05:17:57Z" user="FUKUTAN" uid="5207199">
  <nd ref="5180190208"/>
  <nd ref="5180190209"/>
  <nd ref="5309677821"/>
  <nd ref="5309677823"/>
  <nd ref="5180190212"/>
  <nd ref="5180190213"/>
  <nd ref="11217164571"/>
  <nd ref="5180190214"/>
  <nd ref="5180190215"/>
  <nd ref="5307959917"/>
  <nd ref="5307959911"/>
  <nd ref="5180190216"/>
  <nd ref="5307959913"/>
  <nd ref="5181473678"/>
  <nd ref="5309677806"/>
  <nd ref="11217164570"/>
  <nd ref="8438286417"/>
  <tag k="highway" v="path"/>
 </way>
 <way id="908801777" visible="true" version="1" changeset="99601411" timestamp="2021-02-19T14:39:38Z" user="mulgist" uid="12368943">
  <nd ref="8438286417"/>
  <nd ref="8438286416"/>
  <tag k="bridge" v="yes"/>
  <tag k="highway" v="path"/>
  <tag k="layer" v="1"/>
 </way>
 <way id="908801778" visible="true" version="1" changeset="99601411" timestamp="2021-02-19T14:39:38Z" user="mulgist" uid="12368943">
  <nd ref="8438286422"/>
  <nd ref="5309677818"/>
  <nd ref="5309677819"/>
  <nd ref="5309677820"/>
  <tag k="highway" v="path"/>
 </way>
 <way id="908801779" visible="true" version="1" changeset="99601411" timestamp="2021-02-19T14:39:38Z" user="mulgist" uid="12368943">
  <nd ref="8438286423"/>
  <nd ref="8438286422"/>
  <tag k="bridge" v="yes"/>
  <tag k="highway" v="path"/>
  <tag k="layer" v="1"/>
 </way>
 <way id="908801786" visible="true" version="1" changeset="99601411" timestamp="2021-02-19T14:39:38Z" user="mulgist" uid="12368943">
  <nd ref="8438286434"/>
  <nd ref="8438286435"/>
  <nd ref="8438286443"/>
  <nd ref="8438286436"/>
  <nd ref="8438286437"/>
  <nd ref="8438286438"/>
  <nd ref="8438286439"/>
  <nd ref="8438286440"/>
  <nd ref="8438286441"/>
  <nd ref="8438286434"/>
  <tag k="leisure" v="playground"/>
  <tag k="operator" v="빛가람호수공원"/>
 </way>
 <way id="908801787" visible="true" version="1" changeset="99601411" timestamp="2021-02-19T14:39:38Z" user="mulgist" uid="12368943">
  <nd ref="8438286442"/>
  <nd ref="8438286441"/>
  <tag k="highway" v="path"/>
 </way>
 <way id="908801788" visible="true" version="1" changeset="99601411" timestamp="2021-02-19T14:39:38Z" user="mulgist" uid="12368943">
  <nd ref="5309676693"/>
  <nd ref="8438286443"/>
  <tag k="highway" v="path"/>
 </way>
 <way id="908801789" visible="true" version="1" changeset="99601411" timestamp="2021-02-19T14:39:38Z" user="mulgist" uid="12368943">
  <nd ref="8438286446"/>
  <nd ref="5181473784"/>
  <nd ref="5181473785"/>
  <tag k="highway" v="path"/>
 </way>
 <way id="908801790" visible="true" version="1" changeset="99601411" timestamp="2021-02-19T14:39:38Z" user="mulgist" uid="12368943">
  <nd ref="5181473796"/>
  <nd ref="8438286449"/>
  <nd ref="5181473756"/>
  <tag k="crossing" v="marked"/>
  <tag k="footway" v="crossing"/>
  <tag k="highway" v="footway"/>
 </way>
 <way id="908801793" visible="true" version="1" changeset="99601411" timestamp="2021-02-19T14:39:38Z" user="mulgist" uid="12368943">
  <nd ref="3413883118"/>
  <nd ref="5180190208"/>
  <tag k="highway" v="footway"/>
 </way>
 <way id="908984030" visible="true" version="1" changeset="99630021" timestamp="2021-02-20T08:24:13Z" user="mulgist" uid="12368943">
  <nd ref="8440076347"/>
  <nd ref="8440076349"/>
  <nd ref="8440076348"/>
  <tag k="crossing" v="marked"/>
  <tag k="footway" v="crossing"/>
  <tag k="highway" v="footway"/>
 </way>
 <way id="908984031" visible="true" version="2" changeset="144332579" timestamp="2023-11-22T16:15:50Z" user="asdfqwer51" uid="3350410">
  <nd ref="8440076350"/>
  <nd ref="8440076351"/>
  <nd ref="8440076348"/>
  <nd ref="8440076353"/>
  <nd ref="8440076354"/>
  <nd ref="8440076355"/>
  <nd ref="8440076356"/>
  <nd ref="8440076357"/>
  <nd ref="8440076377"/>
  <nd ref="8440076374"/>
  <nd ref="8440076358"/>
  <nd ref="8440076359"/>
  <nd ref="8440076360"/>
  <nd ref="8440076361"/>
  <nd ref="8440076362"/>
  <nd ref="8440076363"/>
  <nd ref="8440076364"/>
  <nd ref="8440076365"/>
  <nd ref="8440076366"/>
  <nd ref="8440076367"/>
  <nd ref="8440076368"/>
  <nd ref="8440076369"/>
  <nd ref="8440076370"/>
  <nd ref="8440076371"/>
  <nd ref="8440076372"/>
  <nd ref="8440076373"/>
  <nd ref="8440076350"/>
  <tag k="highway" v="footway"/>
 </way>
 <way id="908984032" visible="true" version="1" changeset="99630021" timestamp="2021-02-20T08:24:13Z" user="mulgist" uid="12368943">
  <nd ref="8440076374"/>
  <nd ref="8440076376"/>
  <nd ref="8440076375"/>
  <tag k="crossing" v="marked"/>
  <tag k="footway" v="crossing"/>
  <tag k="highway" v="footway"/>
 </way>
 <way id="908984033" visible="true" version="1" changeset="99630021" timestamp="2021-02-20T08:24:13Z" user="mulgist" uid="12368943">
  <nd ref="8440076377"/>
  <nd ref="8440076379"/>
  <nd ref="8440076378"/>
  <tag k="crossing" v="marked"/>
  <tag k="footway" v="crossing"/>
  <tag k="highway" v="footway"/>
 </way>
 <way id="908984034" visible="true" version="2" changeset="144332579" timestamp="2023-11-22T16:15:50Z" user="asdfqwer51" uid="3350410">
  <nd ref="5181473761"/>
  <nd ref="8440089642"/>
  <nd ref="8440076400"/>
  <nd ref="8440076380"/>
  <nd ref="8440076381"/>
  <nd ref="8440076382"/>
  <nd ref="8440076383"/>
  <nd ref="8440076384"/>
  <nd ref="8440076385"/>
  <nd ref="11368911171"/>
  <nd ref="8440076386"/>
  <nd ref="8440076387"/>
  <nd ref="11368911170"/>
  <nd ref="8440076388"/>
  <nd ref="11368911169"/>
  <nd ref="8440076389"/>
  <nd ref="8440076390"/>
  <nd ref="8440076391"/>
  <nd ref="8440076392"/>
  <nd ref="8440076393"/>
  <nd ref="8440076394"/>
  <nd ref="8440076395"/>
  <nd ref="8440076396"/>
  <nd ref="8440076397"/>
  <nd ref="8440076398"/>
  <nd ref="8440076399"/>
  <nd ref="8254947121"/>
  <tag k="highway" v="footway"/>
 </way>
 <way id="908984035" visible="true" version="2" changeset="100942064" timestamp="2021-03-13T06:03:15Z" user="mulgist" uid="12368943">
  <nd ref="8440076404"/>
  <nd ref="8440076405"/>
  <nd ref="8440076406"/>
  <nd ref="8440089609"/>
  <nd ref="8440089580"/>
  <nd ref="8440089611"/>
  <nd ref="8440076407"/>
  <nd ref="8440076408"/>
  <nd ref="8440076409"/>
  <nd ref="8440089517"/>
  <nd ref="8440076410"/>
  <nd ref="8440076412"/>
  <nd ref="8512587354"/>
  <nd ref="8440076411"/>
  <nd ref="8440076404"/>
  <tag k="highway" v="footway"/>
 </way>
 <way id="908984036" visible="true" version="1" changeset="99630021" timestamp="2021-02-20T08:24:13Z" user="mulgist" uid="12368943">
  <nd ref="8440076412"/>
  <nd ref="8440076414"/>
  <nd ref="8440076413"/>
  <tag k="crossing" v="marked"/>
  <tag k="footway" v="crossing"/>
  <tag k="highway" v="footway"/>
 </way>
 <way id="908984037" visible="true" version="1" changeset="99630021" timestamp="2021-02-20T08:24:13Z" user="mulgist" uid="12368943">
  <nd ref="8440076411"/>
  <nd ref="8440076416"/>
  <nd ref="8440076415"/>
  <tag k="crossing" v="marked"/>
  <tag k="footway" v="crossing"/>
  <tag k="highway" v="footway"/>
 </way>
 <way id="908984038" visible="true" version="1" changeset="99630021" timestamp="2021-02-20T08:24:13Z" user="mulgist" uid="12368943">
  <nd ref="8440089517"/>
  <nd ref="8440089519"/>
  <nd ref="8440089518"/>
  <tag k="crossing" v="marked"/>
  <tag k="footway" v="crossing"/>
  <tag k="highway" v="footway"/>
 </way>
 <way id="908984039" visible="true" version="2" changeset="144332579" timestamp="2023-11-22T16:15:50Z" user="asdfqwer51" uid="3350410">
  <nd ref="8440089518"/>
  <nd ref="8440089520"/>
  <nd ref="8440089521"/>
  <nd ref="8440089522"/>
  <nd ref="8440089523"/>
  <nd ref="8440089524"/>
  <nd ref="8440089525"/>
  <nd ref="8440089526"/>
  <nd ref="8440089527"/>
  <nd ref="8440089528"/>
  <nd ref="8440089529"/>
  <nd ref="8440089530"/>
  <nd ref="8440089531"/>
  <nd ref="8440089532"/>
  <nd ref="8440089533"/>
  <nd ref="8440089628"/>
  <nd ref="8440089534"/>
  <nd ref="8440089535"/>
  <nd ref="8440089518"/>
  <tag k="highway" v="footway"/>
 </way>
 <way id="908984040" visible="true" version="2" changeset="144332579" timestamp="2023-11-22T16:15:50Z" user="asdfqwer51" uid="3350410">
  <nd ref="8440089526"/>
  <nd ref="8440089538"/>
  <nd ref="8440089537"/>
  <tag k="crossing" v="marked"/>
  <tag k="footway" v="crossing"/>
  <tag k="highway" v="footway"/>
 </way>
 <way id="908984041" visible="true" version="1" changeset="99630021" timestamp="2021-02-20T08:24:13Z" user="mulgist" uid="12368943">
  <nd ref="8440089539"/>
  <nd ref="8440089629"/>
  <nd ref="8440089540"/>
  <nd ref="8440089541"/>
  <nd ref="8440089542"/>
  <nd ref="8440089543"/>
  <nd ref="8440089558"/>
  <nd ref="8440089544"/>
  <nd ref="8440089545"/>
  <nd ref="8440089632"/>
  <nd ref="8440089549"/>
  <nd ref="8440089546"/>
  <nd ref="8440089547"/>
  <nd ref="8440089539"/>
  <tag k="highway" v="footway"/>
 </way>
 <way id="908984042" visible="true" version="2" changeset="144332579" timestamp="2023-11-22T16:15:50Z" user="asdfqwer51" uid="3350410">
  <nd ref="8440089529"/>
  <nd ref="8440089550"/>
  <nd ref="8440089549"/>
  <tag k="crossing" v="marked"/>
  <tag k="footway" v="crossing"/>
  <tag k="highway" v="footway"/>
 </way>
 <way id="908984043" visible="true" version="2" changeset="144332579" timestamp="2023-11-22T16:15:50Z" user="asdfqwer51" uid="3350410">
  <nd ref="8440089551"/>
  <nd ref="8440089612"/>
  <nd ref="8440089579"/>
  <nd ref="8440089610"/>
  <nd ref="8440089552"/>
  <nd ref="8440089553"/>
  <nd ref="8440089615"/>
  <nd ref="11368911178"/>
  <nd ref="8440089554"/>
  <nd ref="8440089576"/>
  <nd ref="8440089555"/>
  <nd ref="8440089556"/>
  <nd ref="8440089559"/>
  <nd ref="8440089557"/>
  <nd ref="8440089551"/>
  <tag k="highway" v="footway"/>
 </way>
 <way id="908984044" visible="true" version="1" changeset="99630021" timestamp="2021-02-20T08:24:13Z" user="mulgist" uid="12368943">
  <nd ref="8440089558"/>
  <nd ref="8440089560"/>
  <nd ref="8440089559"/>
  <tag k="crossing" v="marked"/>
  <tag k="footway" v="crossing"/>
  <tag k="highway" v="footway"/>
 </way>
 <way id="908984045" visible="true" version="1" changeset="99630021" timestamp="2021-02-20T08:24:13Z" user="mulgist" uid="12368943">
  <nd ref="8440089556"/>
  <nd ref="8440089562"/>
  <nd ref="8440089561"/>
  <tag k="crossing" v="marked"/>
  <tag k="footway" v="crossing"/>
  <tag k="highway" v="footway"/>
 </way>
 <way id="908984047" visible="true" version="3" changeset="100536009" timestamp="2021-03-06T13:32:44Z" user="mulgist" uid="12368943">
  <nd ref="8440089564"/>
  <nd ref="8440089566"/>
  <nd ref="8440089567"/>
  <nd ref="8440089568"/>
  <nd ref="8440089569"/>
  <nd ref="8440089631"/>
  <nd ref="8440089561"/>
  <nd ref="8440089570"/>
  <nd ref="8440089577"/>
  <nd ref="8440089571"/>
  <nd ref="8491474164"/>
  <nd ref="8440089617"/>
  <nd ref="8449650141"/>
  <nd ref="8440089623"/>
  <nd ref="8440089572"/>
  <nd ref="8440089573"/>
  <nd ref="8440089574"/>
  <nd ref="8440089575"/>
  <tag k="highway" v="footway"/>
 </way>
 <way id="908984048" visible="true" version="1" changeset="99630021" timestamp="2021-02-20T08:24:13Z" user="mulgist" uid="12368943">
  <nd ref="8440089576"/>
  <nd ref="8440089578"/>
  <nd ref="8440089577"/>
  <tag k="crossing" v="marked"/>
  <tag k="footway" v="crossing"/>
  <tag k="highway" v="footway"/>
 </way>
 <way id="908984049" visible="true" version="1" changeset="99630021" timestamp="2021-02-20T08:24:13Z" user="mulgist" uid="12368943">
  <nd ref="8440089576"/>
  <nd ref="8440089579"/>
  <tag k="highway" v="footway"/>
 </way>
 <way id="908984050" visible="true" version="1" changeset="99630021" timestamp="2021-02-20T08:24:13Z" user="mulgist" uid="12368943">
  <nd ref="8440089579"/>
  <nd ref="8440089581"/>
  <nd ref="8440089580"/>
  <tag k="crossing" v="marked"/>
  <tag k="footway" v="crossing"/>
  <tag k="highway" v="footway"/>
 </way>
 <way id="908984051" visible="true" version="2" changeset="144332579" timestamp="2023-11-22T16:15:50Z" user="asdfqwer51" uid="3350410">
  <nd ref="8440089591"/>
  <nd ref="8440089592"/>
  <nd ref="8440089638"/>
  <nd ref="8440089641"/>
  <nd ref="8440089593"/>
  <nd ref="8440089594"/>
  <nd ref="8440089625"/>
  <nd ref="8440089595"/>
  <nd ref="8440089596"/>
  <nd ref="8440089620"/>
  <nd ref="8440089598"/>
  <nd ref="8440089591"/>
  <tag k="highway" v="footway"/>
 </way>
 <way id="908984052" visible="true" version="2" changeset="144332579" timestamp="2023-11-22T16:15:50Z" user="asdfqwer51" uid="3350410">
  <nd ref="8440089582"/>
  <nd ref="8440089619"/>
  <nd ref="8440089583"/>
  <nd ref="8440089584"/>
  <nd ref="8440089585"/>
  <nd ref="8440089622"/>
  <nd ref="8440089586"/>
  <nd ref="8440089587"/>
  <nd ref="8440089588"/>
  <nd ref="8440089589"/>
  <nd ref="8440089590"/>
  <nd ref="8440089597"/>
  <nd ref="8440089582"/>
  <tag k="highway" v="footway"/>
 </way>
 <way id="908984053" visible="true" version="1" changeset="99630021" timestamp="2021-02-20T08:24:13Z" user="mulgist" uid="12368943">
  <nd ref="8440089597"/>
  <nd ref="8440089599"/>
  <nd ref="8440089598"/>
  <tag k="crossing" v="marked"/>
  <tag k="footway" v="crossing"/>
  <tag k="highway" v="footway"/>
 </way>
 <way id="908984056" visible="true" version="1" changeset="99630021" timestamp="2021-02-20T08:24:13Z" user="mulgist" uid="12368943">
  <nd ref="8440089609"/>
  <nd ref="8440089614"/>
  <nd ref="8440089610"/>
  <tag k="crossing" v="marked"/>
  <tag k="footway" v="crossing"/>
  <tag k="highway" v="footway"/>
 </way>
 <way id="908984057" visible="true" version="1" changeset="99630021" timestamp="2021-02-20T08:24:13Z" user="mulgist" uid="12368943">
  <nd ref="8440089611"/>
  <nd ref="8440089613"/>
  <nd ref="8440089612"/>
  <tag k="crossing" v="marked"/>
  <tag k="footway" v="crossing"/>
  <tag k="highway" v="footway"/>
 </way>
 <way id="908984058" visible="true" version="1" changeset="99630021" timestamp="2021-02-20T08:24:13Z" user="mulgist" uid="12368943">
  <nd ref="8440089615"/>
  <nd ref="8440089616"/>
  <nd ref="8440089588"/>
  <tag k="crossing" v="marked"/>
  <tag k="footway" v="crossing"/>
  <tag k="highway" v="footway"/>
 </way>
 <way id="908984059" visible="true" version="1" changeset="99630021" timestamp="2021-02-20T08:24:13Z" user="mulgist" uid="12368943">
  <nd ref="8440089615"/>
  <nd ref="8440089618"/>
  <nd ref="8440089617"/>
  <tag k="crossing" v="marked"/>
  <tag k="footway" v="crossing"/>
  <tag k="highway" v="footway"/>
 </way>
 <way id="908984060" visible="true" version="1" changeset="99630021" timestamp="2021-02-20T08:24:13Z" user="mulgist" uid="12368943">
  <nd ref="8440089619"/>
  <nd ref="8440089621"/>
  <nd ref="8440089620"/>
  <tag k="crossing" v="marked"/>
  <tag k="footway" v="crossing"/>
  <tag k="highway" v="footway"/>
 </way>
 <way id="908984061" visible="true" version="1" changeset="99630021" timestamp="2021-02-20T08:24:13Z" user="mulgist" uid="12368943">
  <nd ref="8440089622"/>
  <nd ref="8440089624"/>
  <nd ref="8440089623"/>
  <tag k="crossing" v="marked"/>
  <tag k="footway" v="crossing"/>
  <tag k="highway" v="footway"/>
 </way>
 <way id="908984062" visible="true" version="1" changeset="99630021" timestamp="2021-02-20T08:24:13Z" user="mulgist" uid="12368943">
  <nd ref="8440089625"/>
  <nd ref="8278020096"/>
  <nd ref="8440089573"/>
  <tag k="crossing" v="marked"/>
  <tag k="footway" v="crossing"/>
  <tag k="highway" v="footway"/>
 </way>
 <way id="908984063" visible="true" version="2" changeset="144332579" timestamp="2023-11-22T16:15:50Z" user="asdfqwer51" uid="3350410">
  <nd ref="8440089575"/>
  <nd ref="8440089627"/>
  <nd ref="8440076350"/>
  <tag k="crossing" v="marked"/>
  <tag k="footway" v="crossing"/>
  <tag k="highway" v="footway"/>
 </way>
 <way id="908984064" visible="true" version="1" changeset="99630021" timestamp="2021-02-20T08:24:13Z" user="mulgist" uid="12368943">
  <nd ref="8440089628"/>
  <nd ref="8440089630"/>
  <nd ref="8440089629"/>
  <tag k="crossing" v="marked"/>
  <tag k="footway" v="crossing"/>
  <tag k="highway" v="footway"/>
 </way>
 <way id="908984065" visible="true" version="1" changeset="99630021" timestamp="2021-02-20T08:24:13Z" user="mulgist" uid="12368943">
  <nd ref="8440089631"/>
  <nd ref="8440089633"/>
  <nd ref="8440089632"/>
  <tag k="crossing" v="marked"/>
  <tag k="footway" v="crossing"/>
  <tag k="highway" v="footway"/>
 </way>
 <way id="908984066" visible="true" version="2" changeset="144332579" timestamp="2023-11-22T16:15:50Z" user="asdfqwer51" uid="3350410">
  <nd ref="8440089567"/>
  <nd ref="8440089634"/>
  <nd ref="8440089526"/>
  <tag k="crossing" v="marked"/>
  <tag k="footway" v="crossing"/>
  <tag k="highway" v="footway"/>
 </way>
 <way id="908984067" visible="true" version="2" changeset="144332579" timestamp="2023-11-22T16:15:50Z" user="asdfqwer51" uid="3350410">
  <nd ref="8440089520"/>
  <nd ref="8440089637"/>
  <nd ref="8440089636"/>
  <tag k="crossing" v="marked"/>
  <tag k="footway" v="crossing"/>
  <tag k="highway" v="footway"/>
 </way>
 <way id="908984068" visible="true" version="1" changeset="99630021" timestamp="2021-02-20T08:24:13Z" user="mulgist" uid="12368943">
  <nd ref="8440089638"/>
  <nd ref="8440089640"/>
  <nd ref="8440089639"/>
  <tag k="crossing" v="marked"/>
  <tag k="footway" v="crossing"/>
  <tag k="highway" v="footway"/>
 </way>
 <way id="908984069" visible="true" version="1" changeset="99630021" timestamp="2021-02-20T08:24:13Z" user="mulgist" uid="12368943">
  <nd ref="8440089641"/>
  <nd ref="8440089643"/>
  <nd ref="8440089642"/>
  <tag k="crossing" v="marked"/>
  <tag k="footway" v="crossing"/>
  <tag k="highway" v="footway"/>
 </way>
 <way id="908984070" visible="true" version="1" changeset="99630021" timestamp="2021-02-20T08:24:13Z" user="mulgist" uid="12368943">
  <nd ref="8440076383"/>
  <nd ref="8440089644"/>
  <nd ref="8440076372"/>
  <tag k="crossing" v="marked"/>
  <tag k="footway" v="crossing"/>
  <tag k="highway" v="footway"/>
 </way>
 <way id="910029067" visible="true" version="1" changeset="99833188" timestamp="2021-02-23T14:03:21Z" user="mulgist" uid="12368943">
  <nd ref="8251861472"/>
  <nd ref="8251861473"/>
  <nd ref="8251861474"/>
  <nd ref="8251861475"/>
  <nd ref="8251861476"/>
  <nd ref="8251861477"/>
  <nd ref="8251861478"/>
  <tag k="highway" v="service"/>
  <tag k="service" v="parking_aisle"/>
 </way>
 <way id="910029068" visible="true" version="1" changeset="99833188" timestamp="2021-02-23T14:03:21Z" user="mulgist" uid="12368943">
  <nd ref="8449650028"/>
  <nd ref="8251861453"/>
  <nd ref="8251861454"/>
  <nd ref="8251861455"/>
  <nd ref="8251861456"/>
  <nd ref="8251861457"/>
  <nd ref="8251861458"/>
  <tag k="highway" v="service"/>
  <tag k="service" v="parking_aisle"/>
 </way>
 <way id="910029105" visible="true" version="2" changeset="100124997" timestamp="2021-02-28T07:30:07Z" user="mulgist" uid="12368943">
  <nd ref="8440089575"/>
  <nd ref="8449650123"/>
  <nd ref="8449650124"/>
  <nd ref="8449650125"/>
  <nd ref="8278020094"/>
  <nd ref="8449650142"/>
  <nd ref="8449650126"/>
  <nd ref="8449650127"/>
  <nd ref="8449650145"/>
  <nd ref="8449650128"/>
  <nd ref="8449650129"/>
  <nd ref="8449650146"/>
  <nd ref="8449650130"/>
  <nd ref="8465313347"/>
  <nd ref="8449650131"/>
  <nd ref="8449650144"/>
  <nd ref="8449650132"/>
  <nd ref="8449650133"/>
  <nd ref="8449650134"/>
  <nd ref="8449650135"/>
  <nd ref="8449650136"/>
  <nd ref="8449650137"/>
  <nd ref="8449650138"/>
  <nd ref="8440089564"/>
  <tag k="highway" v="footway"/>
 </way>
 <way id="910029106" visible="true" version="1" changeset="99833188" timestamp="2021-02-23T14:03:21Z" user="mulgist" uid="12368943">
  <nd ref="8449650128"/>
  <nd ref="8449650140"/>
  <nd ref="8449650139"/>
  <tag k="crossing" v="marked"/>
  <tag k="footway" v="crossing"/>
  <tag k="highway" v="footway"/>
 </way>
 <way id="910029107" visible="true" version="1" changeset="99833188" timestamp="2021-02-23T14:03:21Z" user="mulgist" uid="12368943">
  <nd ref="8449650141"/>
  <nd ref="8449650142"/>
  <tag k="highway" v="footway"/>
 </way>
 <way id="910029108" visible="true" version="1" changeset="99833188" timestamp="2021-02-23T14:03:21Z" user="mulgist" uid="12368943">
  <nd ref="8449650143"/>
  <nd ref="8449650144"/>
  <tag k="highway" v="footway"/>
 </way>
 <way id="910029109" visible="true" version="1" changeset="99833188" timestamp="2021-02-23T14:03:21Z" user="mulgist" uid="12368943">
  <nd ref="5309434117"/>
  <nd ref="8449650145"/>
  <tag k="highway" v="footway"/>
 </way>
 <way id="910029110" visible="true" version="1" changeset="99833188" timestamp="2021-02-23T14:03:21Z" user="mulgist" uid="12368943">
  <nd ref="5309434118"/>
  <nd ref="8449650146"/>
  <tag k="highway" v="footway"/>
 </way>
 <way id="914137834" visible="true" version="2" changeset="163971755" timestamp="2025-03-23T05:18:51Z" user="chiho_kang" uid="10604125">
  <nd ref="8491474146"/>
  <nd ref="8491474147"/>
  <nd ref="8491474148"/>
  <nd ref="8491474149"/>
  <nd ref="8491474150"/>
  <nd ref="8491474146"/>
  <tag k="addr:city" v="나주시"/>
  <tag k="addr:housenumber" v="746"/>
  <tag k="addr:postcode" v="58325"/>
  <tag k="addr:province" v="전라남도"/>
  <tag k="addr:street" v="빛가람로"/>
  <tag k="addr:subdistrict" v="빛가람동"/>
  <tag k="building" v="commercial"/>
  <tag k="building:levels" v="7"/>
  <tag k="name" v="S-타워"/>
 </way>
 <way id="914137835" visible="true" version="2" changeset="163971755" timestamp="2025-03-23T05:18:51Z" user="chiho_kang" uid="10604125">
  <nd ref="8491474152"/>
  <nd ref="8491474153"/>
  <nd ref="8491474154"/>
  <nd ref="8491474155"/>
  <nd ref="8491474156"/>
  <nd ref="8491474157"/>
  <nd ref="8491474152"/>
  <tag k="addr:city" v="나주시"/>
  <tag k="addr:housenumber" v="24"/>
  <tag k="addr:postcode" v="58325"/>
  <tag k="addr:province" v="전라남도"/>
  <tag k="addr:street" v="배멧2길"/>
  <tag k="addr:subdistrict" v="빛가람동"/>
  <tag k="building" v="commercial"/>
  <tag k="name" v="전기공사공제조합"/>
 </way>
 <way id="914137836" visible="true" version="1" changeset="100536009" timestamp="2021-03-06T13:32:44Z" user="mulgist" uid="12368943">
  <nd ref="8491474158"/>
  <nd ref="8491474159"/>
  <nd ref="8491474160"/>
  <nd ref="8491474161"/>
  <nd ref="8491474162"/>
  <nd ref="8491474163"/>
  <nd ref="8491474158"/>
  <tag k="amenity" v="parking"/>
  <tag k="operator" v="전기공사공제조합"/>
 </way>
 <way id="914137837" visible="true" version="1" changeset="100536009" timestamp="2021-03-06T13:32:44Z" user="mulgist" uid="12368943">
  <nd ref="8491474164"/>
  <nd ref="8491474165"/>
  <nd ref="8491474166"/>
  <nd ref="8491474167"/>
  <tag k="highway" v="service"/>
  <tag k="service" v="parking_aisle"/>
 </way>
 <way id="914137838" visible="true" version="2" changeset="163971755" timestamp="2025-03-23T05:18:51Z" user="chiho_kang" uid="10604125">
  <nd ref="8491474168"/>
  <nd ref="8491474169"/>
  <nd ref="8491474170"/>
  <nd ref="8491474171"/>
  <nd ref="8491474168"/>
  <tag k="addr:city" v="나주시"/>
  <tag k="addr:housenumber" v="740"/>
  <tag k="addr:postcode" v="58325"/>
  <tag k="addr:province" v="전라남도"/>
  <tag k="addr:street" v="빛가람로"/>
  <tag k="addr:subdistrict" v="빛가람동"/>
  <tag k="building" v="commercial"/>
  <tag k="building:levels" v="8"/>
  <tag k="name" v="한빛타워"/>
 </way>
 <way id="914137839" visible="true" version="2" changeset="163971755" timestamp="2025-03-23T05:18:51Z" user="chiho_kang" uid="10604125">
  <nd ref="8491474172"/>
  <nd ref="8491474173"/>
  <nd ref="8491474174"/>
  <nd ref="8491474175"/>
  <nd ref="8491474172"/>
  <tag k="addr:city" v="나주시"/>
  <tag k="addr:housenumber" v="730"/>
  <tag k="addr:postcode" v="58325"/>
  <tag k="addr:province" v="전라남도"/>
  <tag k="addr:street" v="빛가람로"/>
  <tag k="addr:subdistrict" v="빛가람동"/>
  <tag k="building" v="commercial"/>
  <tag k="building:levels" v="6"/>
  <tag k="name" v="진우타워"/>
 </way>
 <way id="914137840" visible="true" version="2" changeset="163971755" timestamp="2025-03-23T05:18:51Z" user="chiho_kang" uid="10604125">
  <nd ref="8491474176"/>
  <nd ref="8491474177"/>
  <nd ref="8491474178"/>
  <nd ref="8491474179"/>
  <nd ref="8491474180"/>
  <nd ref="8491474181"/>
  <nd ref="8491474176"/>
  <tag k="addr:city" v="나주시"/>
  <tag k="addr:housenumber" v="50"/>
  <tag k="addr:postcode" v="58325"/>
  <tag k="addr:province" v="전라남도"/>
  <tag k="addr:street" v="배멧1길"/>
  <tag k="addr:subdistrict" v="빛가람동"/>
  <tag k="building" v="commercial"/>
  <tag k="building:levels" v="5"/>
  <tag k="name" v="혁신타워"/>
 </way>
 <way id="916542855" visible="true" version="2" changeset="163971755" timestamp="2025-03-23T05:18:51Z" user="chiho_kang" uid="10604125">
  <nd ref="8512587332"/>
  <nd ref="8512587333"/>
  <nd ref="8512587334"/>
  <nd ref="8512587335"/>
  <nd ref="8512587336"/>
  <nd ref="8512587337"/>
  <nd ref="8512587338"/>
  <nd ref="8512587332"/>
  <tag k="addr:city" v="나주시"/>
  <tag k="addr:housenumber" v="25"/>
  <tag k="addr:postcode" v="58325"/>
  <tag k="addr:province" v="전라남도"/>
  <tag k="addr:street" v="배멧2길"/>
  <tag k="addr:subdistrict" v="빛가람동"/>
  <tag k="building" v="commercial"/>
  <tag k="building:levels" v="3"/>
  <tag k="name" v="스페이스코웍빌딩"/>
 </way>
 <way id="916542856" visible="true" version="2" changeset="163971755" timestamp="2025-03-23T05:18:51Z" user="chiho_kang" uid="10604125">
  <nd ref="8512587339"/>
  <nd ref="8512587340"/>
  <nd ref="8512587341"/>
  <nd ref="8512587342"/>
  <nd ref="8512587343"/>
  <nd ref="8512587344"/>
  <nd ref="8512587345"/>
  <nd ref="8512587346"/>
  <nd ref="8512587339"/>
  <tag k="addr:city" v="나주시"/>
  <tag k="addr:housenumber" v="39"/>
  <tag k="addr:postcode" v="58325"/>
  <tag k="addr:province" v="전라남도"/>
  <tag k="addr:street" v="배멧2길"/>
  <tag k="addr:subdistrict" v="빛가람동"/>
  <tag k="building" v="commercial"/>
  <tag k="building:levels" v="3"/>
  <tag k="name" v="로데오빌딩"/>
 </way>
 <way id="916542857" visible="true" version="2" changeset="163971755" timestamp="2025-03-23T05:18:51Z" user="chiho_kang" uid="10604125">
  <nd ref="8512587347"/>
  <nd ref="8512587348"/>
  <nd ref="8512587349"/>
  <nd ref="8512587350"/>
  <nd ref="8512587351"/>
  <nd ref="8512587352"/>
  <nd ref="8512587353"/>
  <nd ref="8512587347"/>
  <tag k="addr:city" v="나주시"/>
  <tag k="addr:housenumber" v="43"/>
  <tag k="addr:postcode" v="58325"/>
  <tag k="addr:province" v="전라남도"/>
  <tag k="addr:street" v="배멧2길"/>
  <tag k="addr:subdistrict" v="빛가람동"/>
  <tag k="brand" v="HOLIUS"/>
  <tag k="building" v="residential"/>
  <tag k="building:levels" v="8"/>
  <tag k="name" v="홀리어스관광호텔"/>
  <tag k="tourism" v="hotel"/>
 </way>
 <way id="916542858" visible="true" version="1" changeset="100942064" timestamp="2021-03-13T06:03:15Z" user="mulgist" uid="12368943">
  <nd ref="8440089580"/>
  <nd ref="8512587354"/>
  <tag k="highway" v="footway"/>
 </way>
 <way id="916542859" visible="true" version="2" changeset="163971755" timestamp="2025-03-23T05:18:51Z" user="chiho_kang" uid="10604125">
  <nd ref="8512587355"/>
  <nd ref="8512587356"/>
  <nd ref="8512587357"/>
  <nd ref="8512587358"/>
  <nd ref="8512587359"/>
  <nd ref="8512587360"/>
  <nd ref="8512587361"/>
  <nd ref="8512587362"/>
  <nd ref="8512587355"/>
  <tag k="addr:city" v="나주시"/>
  <tag k="addr:housenumber" v="13"/>
  <tag k="addr:postcode" v="58325"/>
  <tag k="addr:province" v="전라남도"/>
  <tag k="addr:street" v="배멧2길"/>
  <tag k="addr:subdistrict" v="빛가람동"/>
  <tag k="brand" v="DUPLEX"/>
  <tag k="building" v="residential"/>
  <tag k="building:levels" v="8"/>
  <tag k="name" v="듀플렉스호텔"/>
  <tag k="tourism" v="hotel"/>
 </way>
 <way id="916542860" visible="true" version="2" changeset="163971755" timestamp="2025-03-23T05:18:51Z" user="chiho_kang" uid="10604125">
  <nd ref="8512587363"/>
  <nd ref="8512587364"/>
  <nd ref="8512587365"/>
  <nd ref="8512587366"/>
  <nd ref="8512587367"/>
  <nd ref="8512587363"/>
  <tag k="addr:city" v="나주시"/>
  <tag k="addr:housenumber" v="19"/>
  <tag k="addr:postcode" v="58325"/>
  <tag k="addr:province" v="전라남도"/>
  <tag k="addr:street" v="배멧2길"/>
  <tag k="addr:subdistrict" v="빛가람동"/>
  <tag k="brand" v="GRAND"/>
  <tag k="building" v="residential"/>
  <tag k="building:levels" v="8"/>
  <tag k="name" v="그랜드호텔"/>
  <tag k="tourism" v="hotel"/>
 </way>
 <way id="916542861" visible="true" version="2" changeset="163971755" timestamp="2025-03-23T05:18:51Z" user="chiho_kang" uid="10604125">
  <nd ref="8512587368"/>
  <nd ref="8512587369"/>
  <nd ref="8512587370"/>
  <nd ref="8512587371"/>
  <nd ref="8512587372"/>
  <nd ref="8512587373"/>
  <nd ref="8512587368"/>
  <tag k="addr:city" v="나주시"/>
  <tag k="addr:housenumber" v="22"/>
  <tag k="addr:postcode" v="58325"/>
  <tag k="addr:province" v="전라남도"/>
  <tag k="addr:street" v="배멧1길"/>
  <tag k="addr:subdistrict" v="빛가람동"/>
  <tag k="building" v="commercial"/>
  <tag k="building:levels" v="5"/>
  <tag k="name" v="주영타워"/>
 </way>
 <way id="1080671721" visible="true" version="1" changeset="123960556" timestamp="2022-07-23T03:06:23Z" user="FUKUTAN" uid="5207199">
  <nd ref="9905166606"/>
  <nd ref="9905228722"/>
  <nd ref="9905228723"/>
  <nd ref="9905228724"/>
  <nd ref="9905228725"/>
  <nd ref="9905228726"/>
  <nd ref="9905228727"/>
  <nd ref="9905228728"/>
  <nd ref="9905228729"/>
  <nd ref="9905228730"/>
  <nd ref="5181473612"/>
  <nd ref="9905166606"/>
  <tag k="natural" v="water"/>
  <tag k="water" v="river"/>
 </way>
 <way id="1081106481" visible="true" version="1" changeset="124040733" timestamp="2022-07-25T08:53:04Z" user="FUKUTAN" uid="5207199">
  <nd ref="5180190388"/>
  <nd ref="9909151327"/>
  <nd ref="9909151333"/>
  <nd ref="9909151321"/>
  <nd ref="9909151329"/>
  <nd ref="9909151322"/>
  <nd ref="9909151331"/>
  <nd ref="9909151323"/>
  <nd ref="9909151324"/>
  <nd ref="9909151325"/>
  <tag k="highway" v="service"/>
  <tag k="service" v="parking_aisle"/>
 </way>
 <way id="1081106482" visible="true" version="1" changeset="124040733" timestamp="2022-07-25T08:53:04Z" user="FUKUTAN" uid="5207199">
  <nd ref="9909151336"/>
  <nd ref="9909151327"/>
  <nd ref="9909151328"/>
  <tag k="highway" v="service"/>
  <tag k="service" v="parking_aisle"/>
 </way>
 <way id="1081106483" visible="true" version="1" changeset="124040733" timestamp="2022-07-25T08:53:04Z" user="FUKUTAN" uid="5207199">
  <nd ref="9909151329"/>
  <nd ref="9909151330"/>
  <tag k="highway" v="service"/>
  <tag k="service" v="parking_aisle"/>
 </way>
 <way id="1081106484" visible="true" version="1" changeset="124040733" timestamp="2022-07-25T08:53:04Z" user="FUKUTAN" uid="5207199">
  <nd ref="9909151331"/>
  <nd ref="9909151332"/>
  <nd ref="9909151330"/>
  <nd ref="9909151333"/>
  <nd ref="9909151337"/>
  <tag k="highway" v="service"/>
  <tag k="service" v="parking_aisle"/>
 </way>
 <way id="1081106485" visible="true" version="1" changeset="124040733" timestamp="2022-07-25T08:53:04Z" user="FUKUTAN" uid="5207199">
  <nd ref="9909151321"/>
  <nd ref="9909151334"/>
  <nd ref="9909151337"/>
  <nd ref="9909151336"/>
  <nd ref="9909151335"/>
  <tag k="highway" v="service"/>
  <tag k="service" v="parking_aisle"/>
 </way>
 <way id="1152417483" visible="true" version="1" changeset="133403728" timestamp="2023-03-07T13:38:58Z" user="FUKUTAN" uid="5207199">
  <nd ref="10719045189"/>
  <nd ref="10719045190"/>
  <nd ref="10719045191"/>
  <tag k="highway" v="service"/>
  <tag k="service" v="parking_aisle"/>
 </way>
 <way id="1210676507" visible="true" version="1" changeset="141712425" timestamp="2023-09-25T05:17:57Z" user="FUKUTAN" uid="5207199">
  <nd ref="5180190378"/>
  <nd ref="11217164586"/>
  <nd ref="11217164587"/>
  <nd ref="11217164588"/>
  <nd ref="11217164589"/>
  <nd ref="11217164590"/>
  <tag k="highway" v="service"/>
  <tag k="service" v="parking_aisle"/>
 </way>
 <way id="1225898336" visible="true" version="1" changeset="144325400" timestamp="2023-11-22T12:55:22Z" user="asdfqwer51" uid="3350410">
  <nd ref="5181473531"/>
  <nd ref="5181473992"/>
  <nd ref="9909151311"/>
  <nd ref="5181473532"/>
  <nd ref="5181473533"/>
  <nd ref="5181473534"/>
  <nd ref="5181473535"/>
  <nd ref="5181473536"/>
  <nd ref="5181473537"/>
  <tag k="highway" v="pedestrian"/>
 </way>
 <way id="1225903015" visible="true" version="1" changeset="144326721" timestamp="2023-11-22T13:28:24Z" user="asdfqwer51" uid="3350410">
  <nd ref="11368585992"/>
  <nd ref="11368585993"/>
  <nd ref="11368585994"/>
  <nd ref="11368585995"/>
  <nd ref="11368585996"/>
  <nd ref="11368585997"/>
  <nd ref="11368585998"/>
  <nd ref="11368585999"/>
  <nd ref="11368586000"/>
  <nd ref="11368586001"/>
  <nd ref="11368586002"/>
  <nd ref="11368586003"/>
  <nd ref="11368586004"/>
  <nd ref="11368586005"/>
  <nd ref="11368586006"/>
  <nd ref="11368586007"/>
  <nd ref="11368585992"/>
  <tag k="amenity" v="parking"/>
 </way>
 <way id="1225903016" visible="true" version="1" changeset="144326721" timestamp="2023-11-22T13:28:24Z" user="asdfqwer51" uid="3350410">
  <nd ref="11368586011"/>
  <nd ref="11368586012"/>
  <nd ref="11368586013"/>
  <nd ref="11368586014"/>
  <nd ref="11368586011"/>
  <tag k="amenity" v="parking"/>
 </way>
 <way id="1225903017" visible="true" version="1" changeset="144326721" timestamp="2023-11-22T13:28:24Z" user="asdfqwer51" uid="3350410">
  <nd ref="11368586015"/>
  <nd ref="11368586016"/>
  <nd ref="11368586017"/>
  <nd ref="11368586018"/>
  <nd ref="11368586015"/>
  <tag k="amenity" v="parking"/>
 </way>
 <way id="1225903018" visible="true" version="1" changeset="144326721" timestamp="2023-11-22T13:28:24Z" user="asdfqwer51" uid="3350410">
  <nd ref="11368586019"/>
  <nd ref="11368586020"/>
  <nd ref="11368586021"/>
  <nd ref="11368586022"/>
  <nd ref="11368586019"/>
  <tag k="addr:housenumber" v="370"/>
  <tag k="addr:postcode" v="58324"/>
  <tag k="addr:street" v="그린로"/>
  <tag k="building" v="public"/>
  <tag k="name" v="시험인증동"/>
  <tag k="name:en" v="Test Certicifate Building"/>
  <tag k="name:ko" v="시험인증동"/>
 </way>
 <way id="1225903019" visible="true" version="1" changeset="144326721" timestamp="2023-11-22T13:28:24Z" user="asdfqwer51" uid="3350410">
  <nd ref="11368586023"/>
  <nd ref="11368586024"/>
  <nd ref="11368586025"/>
  <nd ref="11368586026"/>
  <nd ref="11368586027"/>
  <nd ref="11368586028"/>
  <nd ref="11368586029"/>
  <nd ref="11368586030"/>
  <nd ref="11368586031"/>
  <nd ref="11368586023"/>
  <tag k="amenity" v="parking"/>
 </way>
 <way id="1225903020" visible="true" version="1" changeset="144326721" timestamp="2023-11-22T13:28:24Z" user="asdfqwer51" uid="3350410">
  <nd ref="11368586032"/>
  <nd ref="11368586033"/>
  <nd ref="11368586034"/>
  <nd ref="11368586036"/>
  <nd ref="11368586037"/>
  <nd ref="11368586038"/>
  <nd ref="11368586035"/>
  <nd ref="11368586032"/>
 </way>
 <way id="1225903021" visible="true" version="1" changeset="144326721" timestamp="2023-11-22T13:28:24Z" user="asdfqwer51" uid="3350410">
  <nd ref="11368586042"/>
  <nd ref="11368586039"/>
  <nd ref="11368586041"/>
  <nd ref="11368586040"/>
  <nd ref="11368586042"/>
  <tag k="area" v="yes"/>
 </way>
 <way id="1225903022" visible="true" version="1" changeset="144326721" timestamp="2023-11-22T13:28:24Z" user="asdfqwer51" uid="3350410">
  <nd ref="11368586044"/>
  <nd ref="11368586045"/>
  <nd ref="11368586046"/>
  <nd ref="11368586047"/>
  <nd ref="11368586048"/>
  <nd ref="11368586049"/>
  <nd ref="11368586044"/>
  <tag k="amenity" v="parking"/>
 </way>
 <way id="1225903023" visible="true" version="1" changeset="144326721" timestamp="2023-11-22T13:28:24Z" user="asdfqwer51" uid="3350410">
  <nd ref="11368586050"/>
  <nd ref="8273070007"/>
  <nd ref="11368586051"/>
  <nd ref="11368586052"/>
  <tag k="highway" v="service"/>
  <tag k="service" v="parking_aisle"/>
 </way>
 <way id="1225939185" visible="true" version="1" changeset="144332579" timestamp="2023-11-22T16:15:50Z" user="asdfqwer51" uid="3350410">
  <nd ref="5180190185"/>
  <nd ref="8440076400"/>
  <nd ref="5180190186"/>
  <tag k="highway" v="service"/>
  <tag k="service" v="parking_aisle"/>
 </way>
 <way id="1226411025" visible="true" version="1" changeset="144397454" timestamp="2023-11-24T08:19:48Z" user="asdfqwer51" uid="3350410">
  <nd ref="11372883797"/>
  <nd ref="11372883798"/>
  <nd ref="11372883799"/>
  <nd ref="11372883800"/>
  <nd ref="11372883801"/>
  <nd ref="11372883802"/>
  <nd ref="11372883803"/>
  <nd ref="11372883804"/>
  <nd ref="11372883805"/>
  <nd ref="11372883806"/>
  <nd ref="11372883807"/>
  <nd ref="11372883808"/>
  <nd ref="11372883809"/>
  <nd ref="11372883810"/>
  <nd ref="11372883797"/>
  <tag k="addr:housenumber" v="184"/>
  <tag k="addr:postcode" v="58325"/>
  <tag k="addr:street" v="문화로"/>
  <tag k="building" v="apartments"/>
 </way>
 <way id="1276732819" visible="true" version="2" changeset="163971755" timestamp="2025-03-23T05:18:51Z" user="chiho_kang" uid="10604125">
  <nd ref="11853901435"/>
  <nd ref="11853901436"/>
  <nd ref="11853901437"/>
  <nd ref="11853901438"/>
  <nd ref="11853901435"/>
  <tag k="addr:city" v="나주시"/>
  <tag k="addr:housenumber" v="17"/>
  <tag k="addr:postcode" v="58328"/>
  <tag k="addr:province" v="전라남도"/>
  <tag k="addr:street" v="월정3길"/>
  <tag k="addr:subdistrict" v="빛가람동"/>
  <tag k="building" v="apartments"/>
  <tag k="building:levels" v="9"/>
  <tag k="name" v="504동"/>
  <tag k="note" v="빛가람 LH 5단지 아파트"/>
 </way>
 <way id="1276732825" visible="true" version="2" changeset="163971755" timestamp="2025-03-23T05:18:51Z" user="chiho_kang" uid="10604125">
  <nd ref="11853901463"/>
  <nd ref="11853901464"/>
  <nd ref="11853901465"/>
  <nd ref="11853901466"/>
  <nd ref="11853901467"/>
  <nd ref="11853901468"/>
  <nd ref="11853901463"/>
  <tag k="addr:city" v="나주시"/>
  <tag k="addr:housenumber" v="17"/>
  <tag k="addr:postcode" v="58328"/>
  <tag k="addr:province" v="전라남도"/>
  <tag k="addr:street" v="월정3길"/>
  <tag k="addr:subdistrict" v="빛가람동"/>
  <tag k="building" v="apartments"/>
  <tag k="building:levels" v="15"/>
  <tag k="name" v="506동"/>
  <tag k="note" v="빛가람 LH 5단지 아파트"/>
 </way>
 <way id="1276732826" visible="true" version="1" changeset="150569043" timestamp="2024-04-27T08:27:03Z" user="mulgist" uid="12368943">
  <nd ref="11853921969"/>
  <nd ref="11853921970"/>
  <nd ref="11853921971"/>
  <nd ref="11853921972"/>
  <nd ref="11853921973"/>
  <tag k="highway" v="service"/>
  <tag k="service" v="parking_aisle"/>
 </way>
 <way id="1276732827" visible="true" version="1" changeset="150569043" timestamp="2024-04-27T08:27:03Z" user="mulgist" uid="12368943">
  <nd ref="11853921974"/>
  <nd ref="11853921975"/>
  <nd ref="11853921976"/>
  <nd ref="11853921977"/>
  <tag k="highway" v="service"/>
  <tag k="service" v="parking_aisle"/>
 </way>
 <way id="1276732828" visible="true" version="1" changeset="150569043" timestamp="2024-04-27T08:27:03Z" user="mulgist" uid="12368943">
  <nd ref="11853921975"/>
  <nd ref="11853921978"/>
  <nd ref="11853921979"/>
  <nd ref="11853921980"/>
  <tag k="highway" v="service"/>
  <tag k="service" v="parking_aisle"/>
 </way>
 <way id="1276732834" visible="true" version="2" changeset="163971755" timestamp="2025-03-23T05:18:51Z" user="chiho_kang" uid="10604125">
  <nd ref="11853922000"/>
  <nd ref="11853922004"/>
  <nd ref="11853922001"/>
  <nd ref="11853922002"/>
  <nd ref="11853922003"/>
  <nd ref="11853922000"/>
  <tag k="addr:city" v="나주시"/>
  <tag k="addr:housenumber" v="17"/>
  <tag k="addr:postcode" v="58328"/>
  <tag k="addr:province" v="전라남도"/>
  <tag k="addr:street" v="월정3길"/>
  <tag k="addr:subdistrict" v="빛가람동"/>
  <tag k="building" v="apartments"/>
  <tag k="building:levels" v="15"/>
  <tag k="name" v="507동"/>
  <tag k="note" v="빛가람 LH 5단지 아파트"/>
 </way>
 <way id="1429725288" visible="true" version="1" changeset="171918325" timestamp="2025-09-14T13:36:20Z" user="FUKUTAN" uid="5207199">
  <nd ref="13142587604"/>
  <nd ref="13142587605"/>
  <nd ref="13142587606"/>
  <nd ref="13142587607"/>
  <nd ref="13142587608"/>
  <nd ref="13142587609"/>
  <nd ref="13142587610"/>
  <nd ref="13142587611"/>
  <nd ref="13142587612"/>
  <nd ref="13142587613"/>
  <nd ref="13142587614"/>
  <nd ref="13142587604"/>
  <tag k="building" v="yes"/>
  <tag k="name" v="호텔뷰"/>
  <tag k="tourism" v="hotel"/>
 </way>
 <way id="1429725289" visible="true" version="1" changeset="171918325" timestamp="2025-09-14T13:36:20Z" user="FUKUTAN" uid="5207199">
  <nd ref="13142587615"/>
  <nd ref="13142587616"/>
  <nd ref="13142587617"/>
  <nd ref="13142587618"/>
  <nd ref="13142587619"/>
  <nd ref="13142587620"/>
  <nd ref="13142587621"/>
  <nd ref="13142587622"/>
  <nd ref="13142587623"/>
  <nd ref="13142587615"/>
  <tag k="building" v="yes"/>
  <tag k="name" v="마루오호텔"/>
  <tag k="tourism" v="hotel"/>
 </way>
 <way id="1429725290" visible="true" version="1" changeset="171918325" timestamp="2025-09-14T13:36:20Z" user="FUKUTAN" uid="5207199">
  <nd ref="13142587624"/>
  <nd ref="13142587625"/>
  <nd ref="13142587626"/>
  <nd ref="13142587627"/>
  <nd ref="13142587628"/>
  <nd ref="13142587629"/>
  <nd ref="13142587630"/>
  <nd ref="13142587631"/>
  <nd ref="13142587632"/>
  <nd ref="13142587633"/>
  <nd ref="13142587624"/>
  <tag k="building" v="yes"/>
  <tag k="name" v="레이크45호텔"/>
  <tag k="tourism" v="hotel"/>
 </way>
 <way id="1536724440" visible="true" version="1" changeset="185384076" timestamp="2026-07-09T04:28:27Z" user="samdasooooooo" uid="14457606">
  <nd ref="13999247642"/>
  <nd ref="13999247643"/>
  <nd ref="13999247644"/>
  <nd ref="13999247645"/>
  <nd ref="13999247642"/>
  <tag k="addr:city" v="나주시"/>
  <tag k="addr:province" v="전라남도"/>
  <tag k="building" v="apartments"/>
 </way>
 <way id="1536775912" visible="true" version="1" changeset="185392139" timestamp="2026-07-09T08:22:13Z" user="samdasooooooo" uid="14457606">
  <nd ref="13999573527"/>
  <nd ref="13999573528"/>
  <nd ref="13999573529"/>
  <nd ref="13999573530"/>
  <nd ref="13999573527"/>
  <tag k="building" v="apartments"/>
 </way>
 <way id="1536775913" visible="true" version="1" changeset="185392139" timestamp="2026-07-09T08:22:13Z" user="samdasooooooo" uid="14457606">
  <nd ref="13999573531"/>
  <nd ref="13999573532"/>
  <nd ref="13999573533"/>
  <nd ref="13999573534"/>
  <nd ref="13999573531"/>
  <tag k="building" v="apartments"/>
 </way>
 <way id="1536775914" visible="true" version="1" changeset="185392139" timestamp="2026-07-09T08:22:13Z" user="samdasooooooo" uid="14457606">
  <nd ref="13999573535"/>
  <nd ref="13999573536"/>
  <nd ref="13999573537"/>
  <nd ref="13999573538"/>
  <nd ref="13999573535"/>
  <tag k="building" v="apartments"/>
 </way>
 <way id="1546878211" visible="true" version="1" changeset="186847487" timestamp="2026-08-03T04:33:08Z" user="Kaduna" uid="20432991">
  <nd ref="14069806804"/>
  <nd ref="14069806803"/>
  <tag k="highway" v="service"/>
 </way>
 <relation id="12104285" visible="true" version="4" changeset="163971755" timestamp="2025-03-23T05:18:51Z" user="chiho_kang" uid="10604125">
  <member type="way" ref="549929002" role="outer"/>
  <member type="way" ref="889260203" role="outer"/>
  <member type="way" ref="889260202" role="outer"/>
  <member type="way" ref="889260204" role="outer"/>
  <tag k="addr:city" v="나주시"/>
  <tag k="addr:housenumber" v="760"/>
  <tag k="addr:postcode" v="58324"/>
  <tag k="addr:province" v="전라남도"/>
  <tag k="addr:street" v="빛가람로"/>
  <tag k="addr:subdistrict" v="빛가람동"/>
  <tag k="building" v="public"/>
  <tag k="type" v="multipolygon"/>
 </relation>
 <relation id="16738216" visible="true" version="1" changeset="144323504" timestamp="2023-11-22T12:04:40Z" user="asdfqwer51" uid="3350410">
  <member type="way" ref="325119900" role="from"/>
  <member type="node" ref="5299313883" role="via"/>
  <member type="way" ref="549492190" role="to"/>
  <tag k="restriction" v="no_straight_on"/>
  <tag k="type" v="restriction"/>
 </relation>
 <relation id="16738217" visible="true" version="1" changeset="144323504" timestamp="2023-11-22T12:04:40Z" user="asdfqwer51" uid="3350410">
  <member type="way" ref="549492190" role="from"/>
  <member type="node" ref="5299313883" role="via"/>
  <member type="way" ref="325119900" role="to"/>
  <tag k="restriction" v="no_straight_on"/>
  <tag k="type" v="restriction"/>
 </relation>
 <relation id="16738422" visible="true" version="1" changeset="144326721" timestamp="2023-11-22T13:28:24Z" user="asdfqwer51" uid="3350410">
  <member type="way" ref="1225903020" role="outer"/>
  <member type="way" ref="1225903021" role="inner"/>
  <tag k="addr:housenumber" v="370"/>
  <tag k="addr:postcode" v="58324"/>
  <tag k="addr:street" v="그린로"/>
  <tag k="building" v="public"/>
  <tag k="name" v="본관동"/>
  <tag k="name:en" v="Main Building"/>
  <tag k="name:ko" v="본관동"/>
  <tag k="type" v="multipolygon"/>
 </relation>
 <relation id="19780256" visible="true" version="1" changeset="174046299" timestamp="2025-11-01T05:13:14Z" user="torisugari" uid="22158042">
  <member type="node" ref="13273395548" role="stop"/>
  <member type="node" ref="9355272375" role="platform"/>
  <tag k="name" v="전파진흥원"/>
  <tag k="name:en" v="Korea Communications Agency"/>
  <tag k="operator" v="나주시"/>
  <tag k="public_transport" v="stop_area"/>
  <tag k="type" v="public_transport"/>
 </relation>
 <relation id="19780257" visible="true" version="1" changeset="174046299" timestamp="2025-11-01T05:13:14Z" user="torisugari" uid="22158042">
  <member type="node" ref="13273395549" role="stop"/>
  <member type="node" ref="9355272376" role="platform"/>
  <tag k="name" v="전파진흥원"/>
  <tag k="name:en" v="Korea Communications Agency"/>
  <tag k="operator" v="나주시"/>
  <tag k="public_transport" v="stop_area"/>
  <tag k="type" v="public_transport"/>
 </relation>
</osm>
