{"type":"FeatureCollection","source":"OpenStreetMap contributors, ODbL","bbox":[126.703,34.994,126.721,35.008],"features":[{"type":"Feature","id":"node/368608292","properties":{"addr:city":"나주시","addr:housenumber":"188","addr:postcode":"58267","addr:province":"전라남도","addr:street":"영산포로","addr:subdistrict":"영산동","amenity":"police","name":"나주경찰서 영산파출소","name:en":"Naju Police Station","name:ko":"나주경찰서 영산파출소","name:ko-Latn":"Najugyeongchalseo"},"geometry":{"type":"Point","coordinates":[126.7103498,34.9980671]}},{"type":"Feature","id":"node/368627264","properties":{"amenity":"school","isced:level":"3","name":"전남미용고등학교","name:en":"Jeonnammiyong High School","name:ko-Latn":"Jeonnammiyonggodeunghakgyo","wikidata":"Q16097821"},"geometry":{"type":"Point","coordinates":[126.7117,34.998095]}},{"type":"Feature","id":"node/368658914","properties":{"amenity":"library","name":"나주시립도서관","name:en":"Naju City Library","name:ko":"나주시립도서관","name:ko-Latn":"Najusiripdoseogwan"},"geometry":{"type":"Point","coordinates":[126.7094547,34.9986769]}},{"type":"Feature","id":"node/368719198","properties":{"name":"부영모텔","name:en":"Buyeong Motel","name:ko":"부영모텔","name:ko-Latn":"Buyeongmotel","tourism":"motel"},"geometry":{"type":"Point","coordinates":[126.7111291,35.0005487]}},{"type":"Feature","id":"node/368719206","properties":{"name":"대주모텔","name:en":"Daeju Motel","name:ko":"대주모텔","name:ko-Latn":"Daejumotel","tourism":"motel"},"geometry":{"type":"Point","coordinates":[126.70739,35.003305]}},{"type":"Feature","id":"node/368845680","properties":{"amenity":"doctors","healthcare":"doctor","healthcare:speciality":"ophthalmology","name":"아이안과 영산포점","name:en":"Ai Eye Clinic","name:ko":"아이안과 영산포점"},"geometry":{"type":"Point","coordinates":[126.7139664,34.9951386]}},{"type":"Feature","id":"node/368845697","properties":{"amenity":"hospital","name":"김영섭병원","name:en":"Gimyeongseop Hospital","name:ko":"김영섭병원","name:ko-Latn":"Gimyeongseopbyeongwon"},"geometry":{"type":"Point","coordinates":[126.713394,34.995571]}},{"type":"Feature","id":"node/368845748","properties":{"amenity":"clinic","healthcare":"clinic","healthcare:speciality":"traditional_chinese_medicine","name":"영산한의원","name:en":"Yeongsan Oriental Medicine Clinic","name:ko":"영산한의원","name:ko-Latn":"Yeongsanhanuiwon"},"geometry":{"type":"Point","coordinates":[126.7129273,34.9954397]}},{"type":"Feature","id":"node/368845831","properties":{"amenity":"hospital","name":"동산의원","name:en":"Dongsan Clinic","name:ko":"동산의원","name:ko-Latn":"Dongsanuiwon"},"geometry":{"type":"Point","coordinates":[126.713248,34.995118]}},{"type":"Feature","id":"node/368860032","properties":{"leisure":"sauna","name":"부영사우나","name:en":"Buyeong Sauna","name:ko":"부영사우나","name:ko-Latn":"Buyeongsauna"},"geometry":{"type":"Point","coordinates":[126.7111482,35.0004972]}},{"type":"Feature","id":"node/368874869","properties":{"leisure":"sauna","name":"보람온천","name:en":"Boram Hot Spring","name:ko":"보람온천","name:ko-Latn":"Boramoncheon","natural":"spring"},"geometry":{"type":"Point","coordinates":[126.71296,34.994593]}},{"type":"Feature","id":"node/368898676","properties":{"name":"농자재전시관","name:en":"Nongjajae Exhibition Hall","name:ko":"농자재전시관","name:ko-Latn":"Nongjajaejeonsigwan","tourism":"museum"},"geometry":{"type":"Point","coordinates":[126.711034,35.006345]}},{"type":"Feature","id":"node/368902860","properties":{"addr:city":"나주시","addr:housenumber":"8","addr:postcode":"58264","addr:province":"전라남도","addr:street":"삼영1길","addr:subdistrict":"삼영동","amenity":"townhall","government":"administrative","name":"영강동 행정복지센터","name:en":"Yeonggangdong Community Service Center","name:ko":"영강동 행정복지센터","name:ko-Latn":"Yeonggangdong Juminsenteo","office":"government","website":"https://www.naju.go.kr/"},"geometry":{"type":"Point","coordinates":[126.7069442,35.0040653]}},{"type":"Feature","id":"node/368902864","properties":{"addr:city":"나주시","addr:housenumber":"3872","addr:postcode":"58268","addr:province":"전라남도","addr:street":"예향로","addr:subdistrict":"영산동","amenity":"townhall","government":"administrative","name":"영산동 행정복지센터","name:en":"Yeongsandong Community Service Center","name:ko":"영산동 행정복지센터","name:ko-Latn":"Yeongsandong Juminsenteo","office":"government","website":"https://www.naju.go.kr/"},"geometry":{"type":"Point","coordinates":[126.713993,34.9997014]}},{"type":"Feature","id":"node/368925587","properties":{"amenity":"school","isced:level":"2","name":"나주영산중학교","name:en":"Naju Yeongsan Middle School","name:ko-Latn":"Najuyeongsanjunghakgyo"},"geometry":{"type":"Point","coordinates":[126.7143302,35.0079651]}},{"type":"Feature","id":"node/368941039","properties":{"name":"나주축협","name:en":"Naju National Livestock Cooperative Federation","name:ko":"나주축협","name:ko-Latn":"Najuchukhyeop","shop":"supermarket"},"geometry":{"type":"Point","coordinates":[126.714715,34.995188]}},{"type":"Feature","id":"node/414671629","properties":{"highway":"traffic_signals","name":"이창동삼거리","name:en":"Ichang-dong Intersection","name:ko":"이창동삼거리","traffic_signals":"signal"},"geometry":{"type":"Point","coordinates":[126.714073,34.9948722]}},{"type":"Feature","id":"node/414671635","properties":{"highway":"traffic_signals","name":"영강사거리","name:en":"Yeonggang Crossroad","name:ko":"영강사거리","name:ko-Latn":"Yeonggangsageori","traffic_signals":"signal"},"geometry":{"type":"Point","coordinates":[126.7105066,35.0060699]}},{"type":"Feature","id":"node/415166288","properties":{"name":"삼영동","name:el":"Σάμιονγκ-ντονγκ","name:en":"Samyeong-dong","name:ko":"삼영동","name:ko-Latn":"Samyeong-dong","place":"quarter"},"geometry":{"type":"Point","coordinates":[126.7039927,35.0066483]}},{"type":"Feature","id":"node/436408778","properties":{"highway":"traffic_signals","name":"노인복지회관앞","name:en":"Senior Welfare Center Intersection","name:ko":"노인복지회관앞","traffic_signals":"signal"},"geometry":{"type":"Point","coordinates":[126.7133681,35.0000879]}},{"type":"Feature","id":"node/1438118261","properties":{"highway":"traffic_signals","name":"이창사거리","name:en":"Ichang Sageori","name:ko":"이창사거리","traffic_signals":"signal"},"geometry":{"type":"Point","coordinates":[126.7142712,34.9957619]}},{"type":"Feature","id":"node/1438174858","properties":{"highway":"traffic_signals","name":"영산포터미널삼거리","name:en":"Yeongsanpo Terminal Intersection","name:ko":"영산포터미널삼거리","traffic_signals":"signal"},"geometry":{"type":"Point","coordinates":[126.7122548,34.9939841]}},{"type":"Feature","id":"node/1438175086","properties":{"highway":"traffic_signals","name":"영산대교사거리","name:en":"Yeongsan Bridge Sageori","name:ko":"영산대교사거리"},"geometry":{"type":"Point","coordinates":[126.7129968,35.0013727]}},{"type":"Feature","id":"node/1438175212","properties":{"junction":"yes","name":"영강삼거리","name:en":"Yeonggang Saamgeori","name:ko":"영강삼거리"},"geometry":{"type":"Point","coordinates":[126.7095529,35.006755]}},{"type":"Feature","id":"node/5786723757","properties":{"name:en":"Old train","tourism":"attraction"},"geometry":{"type":"Point","coordinates":[126.7074135,35.0051156]}},{"type":"Feature","id":"node/5786723758","properties":{"brand":"GS25","brand:wikidata":"Q624041","name":"GS25","name:en":"GS 25","shop":"convenience"},"geometry":{"type":"Point","coordinates":[126.7061559,34.9953793]}},{"type":"Feature","id":"node/5786723759","properties":{"amenity":"pharmacy","name:en":"Nongmin Pharmacy"},"geometry":{"type":"Point","coordinates":[126.7137595,34.9947402]}},{"type":"Feature","id":"node/5786724157","properties":{"amenity":"bank","name:en":"NH NongHyup"},"geometry":{"type":"Point","coordinates":[126.7077872,35.0045761]}},{"type":"Feature","id":"node/5786724158","properties":{"name:en":"Asian Mart (Thai & Vietnamese)","shop":"convenience"},"geometry":{"type":"Point","coordinates":[126.7061683,34.9960637]}},{"type":"Feature","id":"node/5786724159","properties":{"amenity":"post_office","name:en":"Korea Post"},"geometry":{"type":"Point","coordinates":[126.7097516,34.9977965]}},{"type":"Feature","id":"node/5786726255","properties":{"name:en":"Ministop","shop":"convenience"},"geometry":{"type":"Point","coordinates":[126.707532,35.0044989]}},{"type":"Feature","id":"node/5786726256","properties":{"name:en":"S","tourism":"hotel"},"geometry":{"type":"Point","coordinates":[126.7121685,35.0011388]}},{"type":"Feature","id":"node/5786726257","properties":{"name:en":"Lighthouse","tourism":"attraction"},"geometry":{"type":"Point","coordinates":[126.7046655,34.9988103]}},{"type":"Feature","id":"node/5786726258","properties":{"name:en":"Ministop","shop":"convenience"},"geometry":{"type":"Point","coordinates":[126.7069303,34.9946023]}},{"type":"Feature","id":"node/5786726259","properties":{"amenity":"fire_station","name:en":"Ichang Fire Station"},"geometry":{"type":"Point","coordinates":[126.7065339,34.9949726]}},{"type":"Feature","id":"node/5786764354","properties":{"name:en":"River cruises","tourism":"attraction"},"geometry":{"type":"Point","coordinates":[126.7086254,34.9996433]}},{"type":"Feature","id":"node/5786769753","properties":{"amenity":"cafe","name:en":"Cafe Bono"},"geometry":{"type":"Point","coordinates":[126.7083519,35.0034217]}},{"type":"Feature","id":"node/5786770353","properties":{"name:en":"Lighthouse","tourism":"attraction"},"geometry":{"type":"Point","coordinates":[126.7089549,34.9996406]}},{"type":"Feature","id":"node/5786770354","properties":{"brand":"세븐일레븐","brand:en":"7-Eleven","brand:ko":"세븐일레븐","brand:wikidata":"Q259340","name":"세븐일레븐","name:en":"7-Eleven","name:ko":"세븐일레븐","shop":"convenience"},"geometry":{"type":"Point","coordinates":[126.7133554,34.995742]}},{"type":"Feature","id":"node/5787443353","properties":{"amenity":"fuel","name:en":"SK"},"geometry":{"type":"Point","coordinates":[126.713478,34.9944756]}},{"type":"Feature","id":"node/7450363271","properties":{"amenity":"toilets"},"geometry":{"type":"Point","coordinates":[126.7108154,35.0077604]}},{"type":"Feature","id":"node/7483363416","properties":{"highway":"crossing"},"geometry":{"type":"Point","coordinates":[126.697556,35.0032305]}},{"type":"Feature","id":"node/7845860822","properties":{"addr:city":"나주시","addr:housenumber":"182-7","addr:postcode":"58267","addr:province":"전라남도","addr:street":"영산포로","addr:subdistrict":"이창동","amenity":"townhall","government":"administrative","name":"이창동 행정복지센터","name:ko":"이창동 행정복지센터","office":"government","website":"https://www.naju.go.kr/"},"geometry":{"type":"Point","coordinates":[126.7105557,34.9975888]}},{"type":"Feature","id":"node/8263286425","properties":{"highway":"crossing"},"geometry":{"type":"Point","coordinates":[126.689773,35.0025739]}},{"type":"Feature","id":"node/8515603849","properties":{"addr:housenumber":"26","addr:street":"남교1길","amenity":"restaurant","capacity":"88","cuisine":"korean","internet_access":"wlan","name":"조선참숯불구이","phone":"+82 61 336 3392","reservation":"yes","source":"공공데이터포털","source:date":"2020-11-13 15:23","takeaway":"no"},"geometry":{"type":"Point","coordinates":[126.7172716,34.9959585]}},{"type":"Feature","id":"node/8515603860","properties":{"addr:housenumber":"38","addr:street":"이창1길","amenity":"restaurant","capacity":"80","internet_access":"wlan","name":"소문장","phone":"+82 61 332 4933","reservation":"yes","source":"공공데이터포털","source:date":"2020-11-13 14:24","takeaway":"yes"},"geometry":{"type":"Point","coordinates":[126.7107038,34.9967786]}},{"type":"Feature","id":"node/8515603905","properties":{"addr:housenumber":"12","addr:street":"이창1길","amenity":"restaurant","capacity":"36","cuisine":"fish","internet_access":"wlan","level":"1","name":"청록회포차","phone":"+82 61 332 9233","reservation":"yes","source":"공공데이터포털","source:date":"2020-11-13 13:58","takeaway":"yes"},"geometry":{"type":"Point","coordinates":[126.7128058,34.9958065]}},{"type":"Feature","id":"node/8515603910","properties":{"addr:housenumber":"2-1","addr:street":"영산3길","amenity":"restaurant","capacity":"24","cuisine":"korean","internet_access":"wlan","name":"홍어1번지","phone":"+82 61 332 7444","reservation":"yes","source":"공공데이터포털","source:date":"2020-11-11 15:27","takeaway":"yes"},"geometry":{"type":"Point","coordinates":[126.7104228,34.9997805]}},{"type":"Feature","id":"node/8515702357","properties":{"addr:housenumber":"262","addr:street":"영산포로","amenity":"restaurant","cuisine":"fish","internet_access":"wlan","name":"날으는사시미","phone":"+82 61 331 4477","reservation":"yes","source":"공공데이터포털","source:date":"2020-11-13 16:02","takeaway":"yes"},"geometry":{"type":"Point","coordinates":[126.7079086,35.0044509]}},{"type":"Feature","id":"node/8515703298","properties":{"addr:housenumber":"252","addr:street":"영산포로","amenity":"restaurant","cuisine":"coffee_shop","internet_access":"wlan","level":"2","name":"등대카페","phone":"+82 61 333 0365","reservation":"yes","source":"공공데이터포털","source:date":"2020-11-17 17:25","takeaway":"yes"},"geometry":{"type":"Point","coordinates":[126.7082906,35.0035572]}},{"type":"Feature","id":"node/8515707192","properties":{"addr:housenumber":"263-1","addr:street":"영산포로","amenity":"restaurant","capacity":"72","cuisine":"korean","internet_access":"no","name":"한남식당","phone":"+82 61 334 3720","reservation":"yes","source":"공공데이터포털","source:date":"2020-11-25 22:05","takeaway":"yes"},"geometry":{"type":"Point","coordinates":[126.7072502,35.0046186]}},{"type":"Feature","id":"node/8515709571","properties":{"addr:housenumber":"22","addr:street":"풍물시장1길","amenity":"restaurant","internet_access":"wlan","name":"100돼지","phone":"+82 61 336 6999","reservation":"yes","source":"공공데이터포털","source:date":"2020-11-17 15:45","takeaway":"no"},"geometry":{"type":"Point","coordinates":[126.7084762,34.9940754]}},{"type":"Feature","id":"node/8515709576","properties":{"addr:housenumber":"14","addr:street":"이창1길","amenity":"restaurant","internet_access":"wlan","level":"1","name":"상하이","phone":"+82 61 336 7200","reservation":"yes","source":"공공데이터포털","source:date":"2020-11-13 13:57","takeaway":"yes"},"geometry":{"type":"Point","coordinates":[126.7127214,34.9958286]}},{"type":"Feature","id":"node/8515709580","properties":{"addr:housenumber":"35-6","addr:street":"풍물시장2길","amenity":"restaurant","capacity":"32","cuisine":"korean","internet_access":"wlan","name":"거북이","phone":"+82 61 333 8591","reservation":"yes","source":"공공데이터포털","source:date":"2020-10-29 9:23","takeaway":"yes"},"geometry":{"type":"Point","coordinates":[126.7087209,34.9943969]}},{"type":"Feature","id":"node/8515709596","properties":{"addr:housenumber":"14-4","addr:street":"금영로","amenity":"restaurant","cuisine":"korean","internet_access":"wlan","name":"울엄마밥상","phone":"+82 61 334 8913","reservation":"yes","source":"공공데이터포털","source:date":"2020-11-11 10:51","takeaway":"no"},"geometry":{"type":"Point","coordinates":[126.7155102,34.9945639]}},{"type":"Feature","id":"node/8515709598","properties":{"addr:housenumber":"6","addr:street":"영산3길","amenity":"restaurant","capacity":"90","cuisine":"korean","internet_access":"wlan","name":"영산포홍어","phone":"+82 61 337 5000","reservation":"yes","source":"공공데이터포털","source:date":"2020-11-13 17:52","takeaway":"yes"},"geometry":{"type":"Point","coordinates":[126.7107026,34.9999316]}},{"type":"Feature","id":"node/8515709603","properties":{"addr:housenumber":"3-1","addr:street":"이창1길","amenity":"restaurant","internet_access":"wlan","name":"충만치킨영산포점","phone":"+82 61 930 9292","reservation":"yes","source":"공공데이터포털","source:date":"2020-10-29 11:56","takeaway":"yes"},"geometry":{"type":"Point","coordinates":[126.71378,34.9956016]}},{"type":"Feature","id":"node/8515709616","properties":{"addr:housenumber":"17","addr:street":"이창택지길","amenity":"restaurant","capacity":"64","cuisine":"korean","internet_access":"wlan","level":"1","name":"영산포버드나무집","phone":"+82 61 337 6692","reservation":"yes","source":"공공데이터포털","source:date":"2020-11-11 15:16","takeaway":"yes"},"geometry":{"type":"Point","coordinates":[126.7050001,34.9944695]}},{"type":"Feature","id":"node/8515709750","properties":{"addr:housenumber":"8","addr:street":"영산3길","amenity":"restaurant","capacity":"40","cuisine":"korean","internet_access":"wlan","name":"강변홍어","phone":"+82 61 334 5403","reservation":"yes","source":"공공데이터포털","source:date":"2020-11-23 14:27","takeaway":"yes"},"geometry":{"type":"Point","coordinates":[126.7108336,35.000045]}},{"type":"Feature","id":"node/8515709751","properties":{"addr:housenumber":"202","addr:street":"영산포로","amenity":"restaurant","capacity":"68","cuisine":"korean","internet_access":"wlan","name":"금일홍어","phone":"+82 61 334 0092","reservation":"yes","source":"공공데이터포털","source:date":"2020-11-23 14:48","takeaway":"yes"},"geometry":{"type":"Point","coordinates":[126.7104417,34.9993408]}},{"type":"Feature","id":"node/8515709877","properties":{"addr:housenumber":"3795","addr:street":"예향로","amenity":"restaurant","cuisine":"fish","internet_access":"wlan","name":"바다향영산포점","phone":"+82 61 334 9133","reservation":"yes","source":"공공데이터포털","source:date":"2020-11-11 14:30","takeaway":"yes"},"geometry":{"type":"Point","coordinates":[126.7119854,34.9942084]}},{"type":"Feature","id":"node/8515709901","properties":{"addr:housenumber":"1","addr:street":"석산길","amenity":"restaurant","internet_access":"wlan","name":"이가네숯불갈비","phone":"+82 61 333 2999","reservation":"yes","source":"공공데이터포털","source:date":"2020-12-29 15:25","takeaway":"yes"},"geometry":{"type":"Point","coordinates":[126.7201472,34.9960685]}},{"type":"Feature","id":"node/8515709905","properties":{"addr:housenumber":"28","addr:street":"주면2길","amenity":"restaurant","cuisine":"italian","internet_access":"wlan","name":"영산나루","phone":"+82 61 332 2131","reservation":"yes","source":"공공데이터포털","source:date":"2020-12-29 15:24","takeaway":"no"},"geometry":{"type":"Point","coordinates":[126.7051787,34.998287]}},{"type":"Feature","id":"node/8515709968","properties":{"addr:housenumber":"39","addr:street":"풍물시장2길","amenity":"restaurant","capacity":"8","internet_access":"no","name":"아구1번지","phone":"+82 61 334 6886","reservation":"yes","source":"공공데이터포털","source:date":"2020-11-13 15:29","takeaway":"yes"},"geometry":{"type":"Point","coordinates":[126.7090966,34.9942508]}},{"type":"Feature","id":"node/8515711919","properties":{"addr:housenumber":"54","addr:street":"풍물시장2길","amenity":"restaurant","cuisine":"korean","internet_access":"wlan","name":"미가","phone":"+82 61 333 0505","reservation":"yes","source":"공공데이터포털","source:date":"2020-12-29 15:22","takeaway":"yes"},"geometry":{"type":"Point","coordinates":[126.7107368,34.9947253]}},{"type":"Feature","id":"node/8515711930","properties":{"addr:housenumber":"262","addr:street":"영산포로","amenity":"restaurant","capacity":"20","cuisine":"korean","internet_access":"wlan","name":"송죽회관","phone":"+82 61 334 2694","reservation":"yes","source":"공공데이터포털","source:date":"2020-11-11 15:56","takeaway":"no"},"geometry":{"type":"Point","coordinates":[126.7079193,35.0044119]}},{"type":"Feature","id":"node/8515711931","properties":{"addr:housenumber":"6-10","addr:street":"이창택지길","amenity":"restaurant","cuisine":"korean","internet_access":"wlan","name":"호남식당","phone":"+82 61 333 7066","reservation":"yes","source":"공공데이터포털","source:date":"2020-11-18 14:15","takeaway":"yes"},"geometry":{"type":"Point","coordinates":[126.706696,34.9947159]}},{"type":"Feature","id":"node/9355272360","properties":{"bus":"yes","highway":"bus_stop","name":"노인복지회관","name:en":"Senior Welfare Center","name:ko":"노인복지회관","public_transport":"platform","ref":"1262"},"geometry":{"type":"Point","coordinates":[126.7133636,34.9995987]}},{"type":"Feature","id":"node/9355272361","properties":{"bus":"yes","highway":"bus_stop","name":"노인복지회관","name:en":"Senior Welfare Center","name:ko":"노인복지회관","public_transport":"platform","ref":"1263"},"geometry":{"type":"Point","coordinates":[126.7135641,34.9996681]}},{"type":"Feature","id":"node/9357607890","properties":{"bus":"yes","highway":"bus_stop","name":"영산포터미널","name:en":"Yeongsanpo Terminal","name:ko":"영산포터미널","public_transport":"platform","short_name":"영산포터미널"},"geometry":{"type":"Point","coordinates":[126.7126748,34.9942906]}},{"type":"Feature","id":"node/9357607891","properties":{"bus":"yes","departures_board":"no","highway":"bus_stop","name":"남교동","name:en":"Namgyo-dong","name:ko":"남교동","public_transport":"platform","ref":"1198","shelter":"no","short_name":"남교동"},"geometry":{"type":"Point","coordinates":[126.7138673,34.9970387]}},{"type":"Feature","id":"node/9357607892","properties":{"bus":"yes","highway":"bus_stop","name":"남교동","name:en":"Namgyo-dong","name:ko":"남교동","public_transport":"platform","ref":"1199","shelter":"yes","short_name":"남교동"},"geometry":{"type":"Point","coordinates":[126.7141766,34.9967091]}},{"type":"Feature","id":"node/9357607893","properties":{"bus":"yes","highway":"bus_stop","name":"영산포터미널","name:ko":"영산포터미널","public_transport":"platform","short_name":"영산포터미널"},"geometry":{"type":"Point","coordinates":[126.7127744,34.9941299]}},{"type":"Feature","id":"node/9357607902","properties":{"bench":"yes","bus":"yes","highway":"bus_stop","name":"영강사거리.영산대교","name:en":"Yeonggang Sageori & Yeongsan Bridge","name:ko":"영강사거리.영산대교","public_transport":"platform","ref":"1954","shelter":"yes","short_name":"영산대교"},"geometry":{"type":"Point","coordinates":[126.7107974,35.0058815]}},{"type":"Feature","id":"node/9918587264","properties":{"power":"tower"},"geometry":{"type":"Point","coordinates":[126.714085,35.0102995]}},{"type":"Feature","id":"node/9918587265","properties":{"power":"tower"},"geometry":{"type":"Point","coordinates":[126.7153832,35.0089967]}},{"type":"Feature","id":"node/9918587266","properties":{"power":"tower"},"geometry":{"type":"Point","coordinates":[126.7201495,35.004203]}},{"type":"Feature","id":"node/9918587267","properties":{"power":"tower"},"geometry":{"type":"Point","coordinates":[126.7207852,35.0035724]}},{"type":"Feature","id":"node/10250220027","properties":{"ele":"54.3","name":"노봉산","natural":"peak"},"geometry":{"type":"Point","coordinates":[126.71795,34.99918]}},{"type":"Feature","id":"node/11138991206","properties":{"amenity":"bicycle_parking"},"geometry":{"type":"Point","coordinates":[126.7082806,35.003345]}},{"type":"Feature","id":"node/11138996405","properties":{"amenity":"bicycle_parking"},"geometry":{"type":"Point","coordinates":[126.7160814,35.0007608]}},{"type":"Feature","id":"node/11315552050","properties":{"addr:housenumber":"3803","addr:postcode":"58274","addr:street":"예향로","amenity":"bank","branch":"영산포지점","name":"광주은행","name:en":"Kwangju Bank","name:ko":"광주은행"},"geometry":{"type":"Point","coordinates":[126.7125192,34.9944733]}},{"type":"Feature","id":"node/11315552051","properties":{"addr:housenumber":"3803","addr:postcode":"58274","addr:street":"예향로","branch":"영산포터미널점","brand":"GS25","brand:wikidata":"Q624041","name":"GS25","shop":"convenience"},"geometry":{"type":"Point","coordinates":[126.7127733,34.9945982]}},{"type":"Feature","id":"node/11315565274","properties":{"amenity":"community_centre","name":"나주시노인복지관","name:en":"Naju Senior Welfare Center","name:ko":"나주시노인복지관"},"geometry":{"type":"Point","coordinates":[126.713924,34.9999979]}},{"type":"Feature","id":"node/11315565293","properties":{"amenity":"taxi"},"geometry":{"type":"Point","coordinates":[126.7095783,35.0065598]}},{"type":"Feature","id":"node/11315565294","properties":{"bus":"yes","highway":"bus_stop","name":"영산포철도공원(동)","name:en":"Yeongsanpo Train Park (East)","name:ko":"영산포철도공원(동)","public_transport":"platform","ref":"1951"},"geometry":{"type":"Point","coordinates":[126.7099102,35.0062871]}},{"type":"Feature","id":"node/11315565295","properties":{"bus":"yes","highway":"bus_stop","name":"영강사거리","name:en":"Yeonggng Sageori","name:ko":"영강사거리","public_transport":"platform","ref":"1953"},"geometry":{"type":"Point","coordinates":[126.7099697,35.0054063]}},{"type":"Feature","id":"node/11315565296","properties":{"bus":"yes","highway":"bus_stop","name":"영강삼거리","name:en":"Yeonggang Samgeori","name:ko":"영강삼거리","public_transport":"platform","ref":"3104"},"geometry":{"type":"Point","coordinates":[126.7093733,35.0065911]}},{"type":"Feature","id":"node/11315565298","properties":{"bus":"yes","highway":"bus_stop","name":"영강삼거리","name:en":"Yeonggang Samgeori","name:ko":"영강삼거리","public_transport":"platform","ref":"1950"},"geometry":{"type":"Point","coordinates":[126.7090957,35.00654]}},{"type":"Feature","id":"node/12854977404","properties":{"barrier":"bollard"},"geometry":{"type":"Point","coordinates":[126.7081047,35.0031484]}},{"type":"Feature","id":"node/12854977405","properties":{"barrier":"bollard"},"geometry":{"type":"Point","coordinates":[126.705883,35.0025662]}},{"type":"Feature","id":"node/12854977406","properties":{"barrier":"bollard"},"geometry":{"type":"Point","coordinates":[126.7055967,35.0025052]}},{"type":"Feature","id":"node/12854977407","properties":{"barrier":"bollard"},"geometry":{"type":"Point","coordinates":[126.7044435,35.0022274]}},{"type":"Feature","id":"node/12854977410","properties":{"barrier":"bollard"},"geometry":{"type":"Point","coordinates":[126.7040795,35.0021476]}},{"type":"Feature","id":"node/13734114060","properties":{"highway":"crossing"},"geometry":{"type":"Point","coordinates":[126.7081172,35.0032509]}},{"type":"Feature","id":"node/13734114064","properties":{"highway":"crossing"},"geometry":{"type":"Point","coordinates":[126.7081795,35.0034255]}},{"type":"Feature","id":"node/13895216046","properties":{"check_date":"2025-10-24","count":"1","man_made":"surveillance","operator":"나주시청","operator:phone":"+82 61 339 4705","surveillance":"public","surveillance:purpose":"다목적","surveillance:type":"camera"},"geometry":{"type":"Point","coordinates":[126.71057,35.00576]}},{"type":"Feature","id":"node/13895216054","properties":{"check_date":"2025-10-24","count":"1","man_made":"surveillance","operator":"나주시청","operator:phone":"+82 61 339 4705","surveillance":"public","surveillance:purpose":"다목적","surveillance:type":"camera"},"geometry":{"type":"Point","coordinates":[126.70612,34.99556]}},{"type":"Feature","id":"node/13895216066","properties":{"check_date":"2025-10-24","count":"1","man_made":"surveillance","operator":"나주시청","operator:phone":"+82 61 339 4705","surveillance":"public","surveillance:purpose":"다목적","surveillance:type":"camera"},"geometry":{"type":"Point","coordinates":[126.711269,34.99891]}},{"type":"Feature","id":"node/13895216092","properties":{"check_date":"2025-10-24","count":"1","man_made":"surveillance","operator":"나주시청","operator:phone":"+82 61 339 4705","surveillance":"public","surveillance:purpose":"다목적","surveillance:type":"camera"},"geometry":{"type":"Point","coordinates":[126.710294,34.999068]}},{"type":"Feature","id":"node/13895216691","properties":{"check_date":"2025-10-24","count":"1","man_made":"surveillance","operator":"나주시청","operator:phone":"+82 61 339 4705","surveillance":"public","surveillance:purpose":"다목적","surveillance:type":"camera"},"geometry":{"type":"Point","coordinates":[126.71341,35.00675]}},{"type":"Feature","id":"node/13895216699","properties":{"check_date":"2025-10-24","count":"1","man_made":"surveillance","operator":"나주시청","operator:phone":"+82 61 339 4705","surveillance":"public","surveillance:purpose":"다목적","surveillance:type":"camera"},"geometry":{"type":"Point","coordinates":[126.706817,34.996312]}},{"type":"Feature","id":"node/13895216710","properties":{"check_date":"2025-10-24","count":"1","man_made":"surveillance","operator":"나주시청","operator:phone":"+82 61 339 4705","surveillance":"public","surveillance:purpose":"다목적","surveillance:type":"camera"},"geometry":{"type":"Point","coordinates":[126.710221,35.004901]}},{"type":"Feature","id":"node/13895216719","properties":{"check_date":"2025-10-24","count":"1","man_made":"surveillance","operator":"나주시청","operator:phone":"+82 61 339 4705","surveillance":"public","surveillance:purpose":"다목적","surveillance:type":"camera"},"geometry":{"type":"Point","coordinates":[126.711251,35.005095]}},{"type":"Feature","id":"node/13895216756","properties":{"check_date":"2025-10-24","count":"1","man_made":"surveillance","operator":"나주시청","operator:phone":"+82 61 339 8869","surveillance":"public","surveillance:purpose":"교통단속","surveillance:type":"camera"},"geometry":{"type":"Point","coordinates":[126.71396,34.99495]}},{"type":"Feature","id":"node/13895216779","properties":{"check_date":"2025-10-24","count":"1","man_made":"surveillance","operator":"나주시청","operator:phone":"+82 61 339 4705","surveillance":"public","surveillance:purpose":"다목적","surveillance:type":"camera"},"geometry":{"type":"Point","coordinates":[126.7136,35.00677]}},{"type":"Feature","id":"node/13895216788","properties":{"check_date":"2025-10-24","count":"1","man_made":"surveillance","operator":"나주시청","operator:phone":"+82 61 339 4705","surveillance":"public","surveillance:purpose":"다목적","surveillance:type":"camera"},"geometry":{"type":"Point","coordinates":[126.71203,34.995496]}},{"type":"Feature","id":"node/13895216810","properties":{"check_date":"2025-10-24","count":"1","man_made":"surveillance","operator":"나주시청","operator:phone":"+82 61 339 4705","surveillance":"public","surveillance:purpose":"다목적","surveillance:type":"camera"},"geometry":{"type":"Point","coordinates":[126.71584,34.99591]}},{"type":"Feature","id":"node/13895216814","properties":{"check_date":"2025-10-24","count":"1","man_made":"surveillance","operator":"나주시청","operator:phone":"+82 61 339 4705","surveillance":"public","surveillance:purpose":"다목적","surveillance:type":"camera"},"geometry":{"type":"Point","coordinates":[126.70504,34.99586]}},{"type":"Feature","id":"node/13895216827","properties":{"check_date":"2025-10-24","count":"1","man_made":"surveillance","operator":"나주시청","operator:phone":"+82 61 339 4705","surveillance":"public","surveillance:purpose":"다목적","surveillance:type":"camera"},"geometry":{"type":"Point","coordinates":[126.71362,34.99452]}},{"type":"Feature","id":"node/13895216843","properties":{"check_date":"2025-10-24","count":"1","man_made":"surveillance","operator":"나주시청","operator:phone":"+82 61 339 4705","surveillance":"public","surveillance:purpose":"다목적","surveillance:type":"camera"},"geometry":{"type":"Point","coordinates":[126.7098725,35.0041584]}},{"type":"Feature","id":"node/13895216855","properties":{"check_date":"2025-10-24","count":"1","man_made":"surveillance","operator":"나주시청","operator:phone":"+82 61 339 4705","surveillance":"public","surveillance:purpose":"다목적","surveillance:type":"camera"},"geometry":{"type":"Point","coordinates":[126.717433,35.002905]}},{"type":"Feature","id":"node/13895216876","properties":{"check_date":"2025-10-24","count":"1","man_made":"surveillance","operator":"나주시청","operator:phone":"+82 61 339 4705","surveillance":"public","surveillance:purpose":"다목적","surveillance:type":"camera"},"geometry":{"type":"Point","coordinates":[126.71107,34.99964]}},{"type":"Feature","id":"node/13895216900","properties":{"check_date":"2025-10-24","count":"1","man_made":"surveillance","operator":"나주시청","operator:phone":"+82 61 339 4705","surveillance":"public","surveillance:purpose":"다목적","surveillance:type":"camera"},"geometry":{"type":"Point","coordinates":[126.715227,34.998201]}},{"type":"Feature","id":"node/13895216905","properties":{"check_date":"2025-10-24","count":"1","man_made":"surveillance","operator":"나주시청","operator:phone":"+82 61 339 4705","surveillance":"public","surveillance:purpose":"다목적","surveillance:type":"camera"},"geometry":{"type":"Point","coordinates":[126.71357,35.00131]}},{"type":"Feature","id":"node/13895216911","properties":{"check_date":"2025-10-24","count":"1","man_made":"surveillance","operator":"나주시청","operator:phone":"+82 61 339 4705","surveillance":"public","surveillance:purpose":"다목적","surveillance:type":"camera"},"geometry":{"type":"Point","coordinates":[126.71019,34.99903]}},{"type":"Feature","id":"node/13895216912","properties":{"check_date":"2025-10-24","count":"1","man_made":"surveillance","operator":"나주시청","operator:phone":"+82 61 339 4705","surveillance":"public","surveillance:purpose":"다목적","surveillance:type":"camera"},"geometry":{"type":"Point","coordinates":[126.70595,34.99871]}},{"type":"Feature","id":"node/13895216917","properties":{"check_date":"2025-10-24","count":"1","man_made":"surveillance","operator":"나주시청","operator:phone":"+82 61 339 4705","surveillance":"public","surveillance:purpose":"다목적","surveillance:type":"camera"},"geometry":{"type":"Point","coordinates":[126.71115,34.99863]}},{"type":"Feature","id":"node/13895216948","properties":{"check_date":"2025-10-24","count":"1","man_made":"surveillance","operator":"나주시청","operator:phone":"+82 61 339 4705","surveillance":"public","surveillance:purpose":"다목적","surveillance:type":"camera"},"geometry":{"type":"Point","coordinates":[126.71628,34.99715]}},{"type":"Feature","id":"node/13895216950","properties":{"check_date":"2025-10-24","count":"1","man_made":"surveillance","operator":"나주시청","operator:phone":"+82 61 339 4705","surveillance":"public","surveillance:purpose":"다목적","surveillance:type":"camera"},"geometry":{"type":"Point","coordinates":[126.71184,35.00657]}},{"type":"Feature","id":"node/13895216957","properties":{"check_date":"2025-10-24","count":"1","man_made":"surveillance","operator":"나주시청","operator:phone":"+82 61 339 4705","surveillance":"public","surveillance:purpose":"다목적","surveillance:type":"camera"},"geometry":{"type":"Point","coordinates":[126.712064,34.995005]}},{"type":"Feature","id":"node/13895216985","properties":{"check_date":"2025-10-24","count":"1","man_made":"surveillance","operator":"나주시청","operator:phone":"+82 61 339 4705","surveillance":"public","surveillance:purpose":"다목적","surveillance:type":"camera"},"geometry":{"type":"Point","coordinates":[126.712917,34.998807]}},{"type":"Feature","id":"node/13895216992","properties":{"check_date":"2025-10-24","count":"1","man_made":"surveillance","operator":"나주시청","operator:phone":"+82 61 339 4705","surveillance":"public","surveillance:purpose":"다목적","surveillance:type":"camera"},"geometry":{"type":"Point","coordinates":[126.71145,35.00632]}},{"type":"Feature","id":"node/13895216998","properties":{"check_date":"2025-10-24","count":"1","man_made":"surveillance","operator":"나주시청","operator:phone":"+82 61 339 4705","surveillance":"public","surveillance:purpose":"다목적","surveillance:type":"camera"},"geometry":{"type":"Point","coordinates":[126.712055,34.998744]}},{"type":"Feature","id":"node/13895217034","properties":{"check_date":"2025-10-24","count":"1","man_made":"surveillance","operator":"나주시청","operator:phone":"+82 61 339 4705","surveillance":"public","surveillance:purpose":"다목적","surveillance:type":"camera"},"geometry":{"type":"Point","coordinates":[126.708311,35.003431]}},{"type":"Feature","id":"node/13895217041","properties":{"check_date":"2025-10-24","count":"1","man_made":"surveillance","operator":"나주시청","operator:phone":"+82 61 339 4705","surveillance":"public","surveillance:purpose":"다목적","surveillance:type":"camera"},"geometry":{"type":"Point","coordinates":[126.71434,34.99495]}},{"type":"Feature","id":"node/13895217069","properties":{"check_date":"2025-10-24","count":"1","man_made":"surveillance","operator":"나주시청","operator:phone":"+82 61 339 4705","surveillance":"public","surveillance:purpose":"다목적","surveillance:type":"camera"},"geometry":{"type":"Point","coordinates":[126.71485,35.00014]}},{"type":"Feature","id":"node/13895217098","properties":{"check_date":"2025-10-24","count":"1","man_made":"surveillance","operator":"나주시청","operator:phone":"+82 61 339 4705","surveillance":"public","surveillance:purpose":"다목적","surveillance:type":"camera"},"geometry":{"type":"Point","coordinates":[126.709244,34.99885]}},{"type":"Feature","id":"node/13895217101","properties":{"check_date":"2025-10-24","count":"1","man_made":"surveillance","operator":"나주시청","operator:phone":"+82 61 339 4705","surveillance":"public","surveillance:purpose":"다목적","surveillance:type":"camera"},"geometry":{"type":"Point","coordinates":[126.713381,35.000739]}},{"type":"Feature","id":"node/13895217212","properties":{"check_date":"2025-10-24","count":"1","man_made":"surveillance","operator":"나주시청","operator:phone":"+82 61 339 4705","surveillance":"public","surveillance:purpose":"다목적","surveillance:type":"camera"},"geometry":{"type":"Point","coordinates":[126.713827,35.00074]}},{"type":"Feature","id":"node/13895217220","properties":{"check_date":"2025-10-24","count":"1","man_made":"surveillance","operator":"나주시청","operator:phone":"+82 61 339 4705","surveillance":"public","surveillance:purpose":"다목적","surveillance:type":"camera"},"geometry":{"type":"Point","coordinates":[126.70596,34.99483]}},{"type":"Feature","id":"node/13895217239","properties":{"check_date":"2025-10-24","count":"1","man_made":"surveillance","operator":"나주시청","operator:phone":"+82 61 339 4705","surveillance":"public","surveillance:purpose":"다목적","surveillance:type":"camera"},"geometry":{"type":"Point","coordinates":[126.71019,34.99735]}},{"type":"Feature","id":"node/13895217244","properties":{"check_date":"2025-10-24","count":"1","man_made":"surveillance","operator":"나주시청","operator:phone":"+82 61 339 4705","surveillance":"public","surveillance:purpose":"다목적","surveillance:type":"camera"},"geometry":{"type":"Point","coordinates":[126.714949,34.995799]}},{"type":"Feature","id":"node/13895217253","properties":{"check_date":"2025-10-24","count":"1","man_made":"surveillance","operator":"나주시청","operator:phone":"+82 61 339 4705","surveillance":"public","surveillance:purpose":"다목적","surveillance:type":"camera"},"geometry":{"type":"Point","coordinates":[126.7086291,35.0033741]}},{"type":"Feature","id":"node/13895217260","properties":{"check_date":"2025-10-24","count":"1","man_made":"surveillance","operator":"나주시청","operator:phone":"+82 61 339 4705","surveillance":"public","surveillance:purpose":"다목적","surveillance:type":"camera"},"geometry":{"type":"Point","coordinates":[126.709454,35.006024]}},{"type":"Feature","id":"node/13895217298","properties":{"check_date":"2025-10-24","count":"1","man_made":"surveillance","operator":"나주시청","operator:phone":"+82 61 339 4705","surveillance":"public","surveillance:purpose":"다목적","surveillance:type":"camera"},"geometry":{"type":"Point","coordinates":[126.71817,34.997588]}},{"type":"Feature","id":"node/13895217317","properties":{"check_date":"2025-10-24","count":"1","man_made":"surveillance","operator":"나주시청","operator:phone":"+82 61 339 4705","surveillance":"public","surveillance:purpose":"다목적","surveillance:type":"camera"},"geometry":{"type":"Point","coordinates":[126.70737,35.00487]}},{"type":"Feature","id":"node/13895217332","properties":{"check_date":"2025-10-24","count":"1","man_made":"surveillance","operator":"나주시청","operator:phone":"+82 61 339 4705","surveillance":"public","surveillance:purpose":"다목적","surveillance:type":"camera"},"geometry":{"type":"Point","coordinates":[126.714398,34.995086]}},{"type":"Feature","id":"node/13895217334","properties":{"check_date":"2025-10-24","count":"1","man_made":"surveillance","operator":"나주시청","operator:phone":"+82 61 339 4705","surveillance":"public","surveillance:purpose":"다목적","surveillance:type":"camera"},"geometry":{"type":"Point","coordinates":[126.7119,34.9998112]}},{"type":"Feature","id":"node/13895217342","properties":{"check_date":"2025-10-24","count":"1","man_made":"surveillance","operator":"나주시청","operator:phone":"+82 61 339 4705","surveillance":"public","surveillance:purpose":"다목적","surveillance:type":"camera"},"geometry":{"type":"Point","coordinates":[126.7083,34.99797]}},{"type":"Feature","id":"node/13895217354","properties":{"check_date":"2025-10-24","count":"1","man_made":"surveillance","operator":"나주시청","operator:phone":"+82 61 339 4705","surveillance":"public","surveillance:purpose":"다목적","surveillance:type":"camera"},"geometry":{"type":"Point","coordinates":[126.713073,35.000773]}},{"type":"Feature","id":"node/13895217358","properties":{"check_date":"2025-10-24","count":"1","man_made":"surveillance","operator":"나주시청","operator:phone":"+82 61 339 4705","surveillance":"public","surveillance:purpose":"다목적","surveillance:type":"camera"},"geometry":{"type":"Point","coordinates":[126.70454,34.99684]}},{"type":"Feature","id":"node/13895217368","properties":{"check_date":"2025-10-24","count":"1","man_made":"surveillance","operator":"나주시청","operator:phone":"+82 61 339 8869","surveillance":"public","surveillance:purpose":"교통단속","surveillance:type":"camera"},"geometry":{"type":"Point","coordinates":[126.707562,35.004492]}},{"type":"Feature","id":"node/13895217372","properties":{"check_date":"2025-10-24","count":"1","man_made":"surveillance","operator":"나주시청","operator:phone":"+82 61 339 4705","surveillance":"public","surveillance:purpose":"다목적","surveillance:type":"camera"},"geometry":{"type":"Point","coordinates":[126.71345,34.9957]}},{"type":"Feature","id":"node/13895217410","properties":{"check_date":"2025-10-24","count":"1","man_made":"surveillance","operator":"나주시청","operator:phone":"+82 61 339 4705","surveillance":"public","surveillance:purpose":"다목적","surveillance:type":"camera"},"geometry":{"type":"Point","coordinates":[126.713174,35.001444]}},{"type":"Feature","id":"node/13895217423","properties":{"check_date":"2025-10-24","count":"1","man_made":"surveillance","operator":"나주시청","operator:phone":"+82 61 339 8869","surveillance":"public","surveillance:purpose":"교통단속","surveillance:type":"camera"},"geometry":{"type":"Point","coordinates":[126.71201,35.0067]}},{"type":"Feature","id":"node/13895217439","properties":{"check_date":"2025-10-24","count":"1","man_made":"surveillance","operator":"나주시청","operator:phone":"+82 61 339 4705","surveillance":"public","surveillance:purpose":"다목적","surveillance:type":"camera"},"geometry":{"type":"Point","coordinates":[126.71031,34.99659]}},{"type":"Feature","id":"node/13895217445","properties":{"check_date":"2025-10-24","count":"1","man_made":"surveillance","operator":"나주시청","operator:phone":"+82 61 339 4705","surveillance":"public","surveillance:purpose":"다목적","surveillance:type":"camera"},"geometry":{"type":"Point","coordinates":[126.710204,34.999887]}},{"type":"Feature","id":"node/13895217449","properties":{"check_date":"2025-10-24","count":"1","man_made":"surveillance","operator":"나주시청","operator:phone":"+82 61 339 4705","surveillance":"public","surveillance:purpose":"다목적","surveillance:type":"camera"},"geometry":{"type":"Point","coordinates":[126.720373,34.99649]}},{"type":"Feature","id":"node/13895217456","properties":{"check_date":"2025-10-24","count":"1","man_made":"surveillance","operator":"나주시청","operator:phone":"+82 61 339 4705","surveillance":"public","surveillance:purpose":"다목적","surveillance:type":"camera"},"geometry":{"type":"Point","coordinates":[126.70847,34.9995]}},{"type":"Feature","id":"node/13895217465","properties":{"check_date":"2025-10-24","count":"1","man_made":"surveillance","operator":"나주시청","operator:phone":"+82 61 339 4705","surveillance":"public","surveillance:purpose":"다목적","surveillance:type":"camera"},"geometry":{"type":"Point","coordinates":[126.712919,34.998863]}},{"type":"Feature","id":"node/13895217474","properties":{"check_date":"2025-10-24","count":"1","man_made":"surveillance","operator":"나주시청","operator:phone":"+82 61 339 4705","surveillance":"public","surveillance:purpose":"다목적","surveillance:type":"camera"},"geometry":{"type":"Point","coordinates":[126.70723,34.99508]}},{"type":"Feature","id":"node/13895217476","properties":{"check_date":"2025-10-24","count":"1","man_made":"surveillance","operator":"나주시청","operator:phone":"+82 61 339 4705","surveillance":"public","surveillance:purpose":"다목적","surveillance:type":"camera"},"geometry":{"type":"Point","coordinates":[126.709377,35.004478]}},{"type":"Feature","id":"node/13895217477","properties":{"check_date":"2025-10-24","count":"1","man_made":"surveillance","operator":"나주시청","operator:phone":"+82 61 339 4705","surveillance":"public","surveillance:purpose":"다목적","surveillance:type":"camera"},"geometry":{"type":"Point","coordinates":[126.71488,34.99485]}},{"type":"Feature","id":"node/13895217478","properties":{"check_date":"2025-10-24","count":"1","man_made":"surveillance","operator":"나주시청","operator:phone":"+82 61 339 4705","surveillance":"public","surveillance:purpose":"다목적","surveillance:type":"camera"},"geometry":{"type":"Point","coordinates":[126.710328,35.004484]}},{"type":"Feature","id":"node/13895217484","properties":{"check_date":"2025-10-24","count":"1","man_made":"surveillance","operator":"나주시청","operator:phone":"+82 61 339 4705","surveillance":"public","surveillance:purpose":"다목적","surveillance:type":"camera"},"geometry":{"type":"Point","coordinates":[126.70595,34.99508]}},{"type":"Feature","id":"node/13895217504","properties":{"check_date":"2025-10-24","count":"1","man_made":"surveillance","operator":"나주시청","operator:phone":"+82 61 339 4705","surveillance":"public","surveillance:purpose":"다목적","surveillance:type":"camera"},"geometry":{"type":"Point","coordinates":[126.708152,34.995139]}},{"type":"Feature","id":"node/13895217507","properties":{"check_date":"2025-10-24","count":"1","man_made":"surveillance","operator":"나주시청","operator:phone":"+82 61 339 4705","surveillance":"public","surveillance:purpose":"다목적","surveillance:type":"camera"},"geometry":{"type":"Point","coordinates":[126.712653,35.000001]}},{"type":"Feature","id":"node/13895217527","properties":{"check_date":"2025-10-24","count":"1","man_made":"surveillance","operator":"나주시청","operator:phone":"+82 61 339 4705","surveillance":"public","surveillance:purpose":"다목적","surveillance:type":"camera"},"geometry":{"type":"Point","coordinates":[126.70927,34.99547]}},{"type":"Feature","id":"node/13895217531","properties":{"check_date":"2025-10-24","count":"1","man_made":"surveillance","operator":"나주시청","operator:phone":"+82 61 339 4705","surveillance":"public","surveillance:purpose":"다목적","surveillance:type":"camera"},"geometry":{"type":"Point","coordinates":[126.70783,34.99691]}},{"type":"Feature","id":"node/13895217547","properties":{"check_date":"2025-10-24","count":"1","man_made":"surveillance","operator":"나주시청","operator:phone":"+82 61 339 4705","surveillance":"public","surveillance:purpose":"다목적","surveillance:type":"camera"},"geometry":{"type":"Point","coordinates":[126.714785,35.001349]}},{"type":"Feature","id":"node/13895217570","properties":{"check_date":"2025-10-24","count":"1","man_made":"surveillance","operator":"나주시청","operator:phone":"+82 61 339 4705","surveillance":"public","surveillance:purpose":"다목적","surveillance:type":"camera"},"geometry":{"type":"Point","coordinates":[126.7054,34.99676]}},{"type":"Feature","id":"node/13895217636","properties":{"check_date":"2025-10-24","count":"1","man_made":"surveillance","operator":"나주시청","operator:phone":"+82 61 339 4705","surveillance":"public","surveillance:purpose":"다목적","surveillance:type":"camera"},"geometry":{"type":"Point","coordinates":[126.708536,34.996372]}},{"type":"Feature","id":"node/13895217642","properties":{"check_date":"2025-10-24","count":"1","man_made":"surveillance","operator":"나주시청","operator:phone":"+82 61 339 4705","surveillance":"public","surveillance:purpose":"다목적","surveillance:type":"camera"},"geometry":{"type":"Point","coordinates":[126.713146,34.996161]}},{"type":"Feature","id":"node/13895217645","properties":{"check_date":"2025-10-24","count":"1","man_made":"surveillance","operator":"나주시청","operator:phone":"+82 61 339 4705","surveillance":"public","surveillance:purpose":"다목적","surveillance:type":"camera"},"geometry":{"type":"Point","coordinates":[126.712478,35.000444]}},{"type":"Feature","id":"node/13895217652","properties":{"check_date":"2025-10-24","count":"1","man_made":"surveillance","operator":"나주시청","operator:phone":"+82 61 339 4705","surveillance":"public","surveillance:purpose":"다목적","surveillance:type":"camera"},"geometry":{"type":"Point","coordinates":[126.711113,34.999477]}},{"type":"Feature","id":"node/13895217659","properties":{"check_date":"2025-10-24","count":"1","man_made":"surveillance","operator":"나주시청","operator:phone":"+82 61 339 4705","surveillance":"public","surveillance:purpose":"다목적","surveillance:type":"camera"},"geometry":{"type":"Point","coordinates":[126.712662,34.999418]}},{"type":"Feature","id":"node/13895217669","properties":{"check_date":"2025-10-24","count":"1","man_made":"surveillance","operator":"나주시청","operator:phone":"+82 61 339 4705","surveillance":"public","surveillance:purpose":"다목적","surveillance:type":"camera"},"geometry":{"type":"Point","coordinates":[126.71003,35.00643]}},{"type":"Feature","id":"node/13895217684","properties":{"check_date":"2025-10-24","count":"1","man_made":"surveillance","operator":"나주시청","operator:phone":"+82 61 339 4705","surveillance":"public","surveillance:purpose":"다목적","surveillance:type":"camera"},"geometry":{"type":"Point","coordinates":[126.70626,35.0049]}},{"type":"Feature","id":"node/13895217698","properties":{"check_date":"2025-10-24","count":"1","man_made":"surveillance","operator":"나주시청","operator:phone":"+82 61 339 4705","surveillance":"public","surveillance:purpose":"다목적","surveillance:type":"camera"},"geometry":{"type":"Point","coordinates":[126.71019,34.99984]}},{"type":"Feature","id":"node/13895217718","properties":{"check_date":"2025-10-24","count":"1","man_made":"surveillance","operator":"나주시청","operator:phone":"+82 61 339 4705","surveillance":"public","surveillance:purpose":"다목적","surveillance:type":"camera"},"geometry":{"type":"Point","coordinates":[126.718016,34.99619]}},{"type":"Feature","id":"node/13895217745","properties":{"check_date":"2025-10-24","count":"1","man_made":"surveillance","operator":"나주시청","operator:phone":"+82 61 339 4705","surveillance":"public","surveillance:purpose":"다목적","surveillance:type":"camera"},"geometry":{"type":"Point","coordinates":[126.714234,34.99973]}},{"type":"Feature","id":"node/13895217754","properties":{"check_date":"2025-10-24","count":"1","man_made":"surveillance","operator":"나주시청","operator:phone":"+82 61 339 4705","surveillance":"public","surveillance:purpose":"다목적","surveillance:type":"camera"},"geometry":{"type":"Point","coordinates":[126.7078,34.99558]}},{"type":"Feature","id":"node/13895217755","properties":{"check_date":"2025-10-24","count":"1","man_made":"surveillance","operator":"나주시청","operator:phone":"+82 61 339 4705","surveillance":"public","surveillance:purpose":"다목적","surveillance:type":"camera"},"geometry":{"type":"Point","coordinates":[126.714065,35.000131]}},{"type":"Feature","id":"node/13895217756","properties":{"check_date":"2025-10-24","count":"1","man_made":"surveillance","operator":"나주시청","operator:phone":"+82 61 339 4705","surveillance":"public","surveillance:purpose":"다목적","surveillance:type":"camera"},"geometry":{"type":"Point","coordinates":[126.71299,34.99461]}},{"type":"Feature","id":"node/13895217760","properties":{"check_date":"2025-10-24","count":"1","man_made":"surveillance","operator":"나주시청","operator:phone":"+82 61 339 4705","surveillance":"public","surveillance:purpose":"다목적","surveillance:type":"camera"},"geometry":{"type":"Point","coordinates":[126.713404,34.999487]}},{"type":"Feature","id":"node/13895217762","properties":{"check_date":"2025-10-24","count":"1","man_made":"surveillance","operator":"나주시청","operator:phone":"+82 61 339 4705","surveillance":"public","surveillance:purpose":"다목적","surveillance:type":"camera"},"geometry":{"type":"Point","coordinates":[126.70406,34.995586]}},{"type":"Feature","id":"node/13895217764","properties":{"check_date":"2025-10-24","count":"1","man_made":"surveillance","operator":"나주시청","operator:phone":"+82 61 339 4705","surveillance":"public","surveillance:purpose":"다목적","surveillance:type":"camera"},"geometry":{"type":"Point","coordinates":[126.71016,34.99467]}},{"type":"Feature","id":"node/13895217780","properties":{"check_date":"2025-10-24","count":"1","man_made":"surveillance","operator":"나주시청","operator:phone":"+82 61 339 4705","surveillance":"public","surveillance:purpose":"다목적","surveillance:type":"camera"},"geometry":{"type":"Point","coordinates":[126.71677,35.00069]}},{"type":"Feature","id":"node/13895217789","properties":{"check_date":"2025-10-24","count":"1","man_made":"surveillance","operator":"나주시청","operator:phone":"+82 61 339 4705","surveillance":"public","surveillance:purpose":"다목적","surveillance:type":"camera"},"geometry":{"type":"Point","coordinates":[126.71241,35.00768]}},{"type":"Feature","id":"node/13895217813","properties":{"check_date":"2025-10-24","count":"1","man_made":"surveillance","operator":"나주시청","operator:phone":"+82 61 339 4705","surveillance":"public","surveillance:purpose":"다목적","surveillance:type":"camera"},"geometry":{"type":"Point","coordinates":[126.70872,34.99863]}},{"type":"Feature","id":"node/13895217819","properties":{"check_date":"2025-10-24","count":"1","man_made":"surveillance","operator":"나주시청","operator:phone":"+82 61 339 8869","surveillance":"public","surveillance:purpose":"교통단속","surveillance:type":"camera"},"geometry":{"type":"Point","coordinates":[126.712889,34.995504]}},{"type":"Feature","id":"node/13895217820","properties":{"check_date":"2025-10-24","count":"1","man_made":"surveillance","operator":"나주시청","operator:phone":"+82 61 339 4705","surveillance":"public","surveillance:purpose":"다목적","surveillance:type":"camera"},"geometry":{"type":"Point","coordinates":[126.70813,35.00308]}},{"type":"Feature","id":"node/13895217823","properties":{"check_date":"2025-10-24","count":"1","man_made":"surveillance","operator":"나주시청","operator:phone":"+82 61 339 4705","surveillance":"public","surveillance:purpose":"다목적","surveillance:type":"camera"},"geometry":{"type":"Point","coordinates":[126.71597,35.00102]}},{"type":"Feature","id":"way/37411274","properties":{"highway":"residential","name":"가마태길","name:en":"Gamatae-gil","name:ko":"가마태길"},"geometry":{"type":"LineString","coordinates":[[126.7166707,34.9951217],[126.7173221,34.994514],[126.717428,34.9944349],[126.717508,34.9943864],[126.7175794,34.9943554],[126.7177313,34.99431],[126.7178371,34.994289],[126.7179262,34.9942791],[126.7180805,34.9942697],[126.7182554,34.9942778],[126.7187573,34.9943333],[126.7204212,34.9945175],[126.7211863,34.9945848]]}},{"type":"Feature","id":"way/68862718","properties":{"highway":"primary","name":"예향로","name:en":"Yehyang-ro","name:ko":"예향로","ref":"13"},"geometry":{"type":"LineString","coordinates":[[126.714073,34.9948722],[126.7141276,34.9949367],[126.7141983,34.9950407],[126.7142364,34.9951092],[126.714269,34.99518],[126.7142987,34.9952594],[126.7143115,34.9953543],[126.7142712,34.9957619],[126.7141451,34.9963908],[126.7140463,34.9968631],[126.7138718,34.9978433],[126.7138009,34.998178],[126.7136419,34.9989283],[126.7136207,34.9990279],[126.7135213,34.9994438],[126.7133681,35.0000879],[126.7133456,35.0001785]]}},{"type":"Feature","id":"way/130634029","properties":{"highway":"residential","name":"이창택지길","name:en":"Ichangtaekji-gil","name:ko":"이창택지길"},"geometry":{"type":"LineString","coordinates":[[126.70666,34.9939466],[126.7061858,34.9941321],[126.7058442,34.9942657],[126.7054194,34.9944318],[126.7051403,34.994541],[126.7046567,34.9947302],[126.7041887,34.9949132]]}},{"type":"Feature","id":"way/130634033","properties":{"highway":"residential","noname":"yes"},"geometry":{"type":"LineString","coordinates":[[126.7121445,34.9951966],[126.7112808,34.9955206]]}},{"type":"Feature","id":"way/130634034","properties":{"highway":"residential","name":"이창택지길","name:en":"Ichangtaekji-gil","name:ko":"이창택지길"},"geometry":{"type":"LineString","coordinates":[[126.7034811,34.9967698],[126.7037188,34.9968081],[126.7041429,34.9968785],[126.704552,34.9969464],[126.7049492,34.9970138],[126.7053678,34.9970818],[126.7055287,34.9971085],[126.7057691,34.9971484],[126.7061703,34.997215]]}},{"type":"Feature","id":"way/130634039","properties":{"highway":"residential","name":"풍물시장2길","name:en":"Pungmulsijang 2-gil","name:ko":"풍물시장2길"},"geometry":{"type":"LineString","coordinates":[[126.7066222,34.9923948],[126.7066019,34.9924619],[126.706569,34.9925345],[126.706534,34.9925962],[126.7064426,34.9927066],[126.7065275,34.9928335],[126.7067591,34.9932423],[126.7069429,34.9935679],[126.7071638,34.9939665],[126.7073651,34.9942975],[126.7074224,34.9943714],[126.7076753,34.9945602],[126.7080724,34.9948529],[126.7084008,34.9950831],[126.7084692,34.9951196],[126.7085572,34.995146],[126.7088228,34.995186],[126.7098791,34.9953539],[126.710576,34.99548],[126.7108741,34.9955284],[126.7109543,34.9952247],[126.7110255,34.9949126],[126.711106,34.9945604],[126.7111867,34.994265]]}},{"type":"Feature","id":"way/130634040","properties":{"highway":"residential","noname":"yes"},"geometry":{"type":"LineString","coordinates":[[126.7051523,35.0076015],[126.7051082,35.0077487],[126.7052979,35.0077992],[126.7054259,35.0078535],[126.705663,35.00797],[126.705791,35.0080982],[126.7058384,35.0082225],[126.7058384,35.0083545],[126.7054836,35.0089852],[126.7054928,35.0090499],[126.7052102,35.0094961],[126.7051167,35.009566],[126.7050049,35.0096926],[126.7048545,35.0097275],[126.7046533,35.0097425],[126.7045293,35.0097375],[126.7043504,35.0096859],[126.704202,35.0096143],[126.7040658,35.0095211],[126.7040109,35.0094511],[126.7039398,35.0093163],[126.7038808,35.0091132]]}},{"type":"Feature","id":"way/130634041","properties":{"highway":"residential","name":"풍물시장2길","name:en":"Pungmulsijang 2-gil","name:ko":"풍물시장2길"},"geometry":{"type":"LineString","coordinates":[[126.7128616,34.9951938],[126.7121656,34.9950813],[126.711956,34.9950473],[126.7114409,34.9949692],[126.7110255,34.9949126],[126.710037,34.9947407],[126.7096038,34.9944637],[126.7092923,34.9942416],[126.7089726,34.9940136],[126.7085807,34.993734],[126.7082329,34.9934859],[126.7079026,34.9932504],[126.7075416,34.9929929],[126.7072481,34.9927835],[126.7069104,34.9925126],[126.7066222,34.9923948]]}},{"type":"Feature","id":"way/130634043","properties":{"highway":"residential"},"geometry":{"type":"LineString","coordinates":[[126.7102116,34.9944157],[126.711106,34.9945604]]}},{"type":"Feature","id":"way/130634045","properties":{"highway":"residential"},"geometry":{"type":"LineString","coordinates":[[126.711249,35.0075913],[126.7120138,35.0067672]]}},{"type":"Feature","id":"way/130634046","properties":{"highway":"residential","name":"이창택지길","name:en":"Ichangtaekji-gil","name:ko":"이창택지길"},"geometry":{"type":"LineString","coordinates":[[126.7053678,34.9970818],[126.7056508,34.9959328]]}},{"type":"Feature","id":"way/130634049","properties":{"highway":"residential","name":"영산포로","name:en":"Yeongsanpo-ro","name:ko":"영산포로"},"geometry":{"type":"LineString","coordinates":[[126.7083821,34.9979727],[126.7092076,34.9981265],[126.7092406,34.9981326],[126.7093492,34.9981452],[126.70942,34.9981437],[126.7094873,34.9981334],[126.709522,34.9981262],[126.7095474,34.998121],[126.7099826,34.9979841]]}},{"type":"Feature","id":"way/130634052","properties":{"highway":"residential","noname":"yes"},"geometry":{"type":"LineString","coordinates":[[126.71049,34.9957852],[126.710576,34.99548]]}},{"type":"Feature","id":"way/130634053","properties":{"highway":"residential"},"geometry":{"type":"LineString","coordinates":[[126.7048865,34.9942616],[126.7047539,34.9940378]]}},{"type":"Feature","id":"way/130634056","properties":{"highway":"residential","name":"이창택지길","name:en":"Ichangtaekji-gil","name:ko":"이창택지길"},"geometry":{"type":"LineString","coordinates":[[126.7049184,34.9954524],[126.7061624,34.9956505]]}},{"type":"Feature","id":"way/130634058","properties":{"highway":"residential","name":"영산포로","name:en":"Yeongsanpo-ro","name:ko":"영산포로"},"geometry":{"type":"LineString","coordinates":[[126.7103852,34.9990299],[126.7098452,34.9989275],[126.7092296,34.9988216],[126.7091273,34.9988022],[126.7090306,34.9987814],[126.7088602,34.9987396],[126.7086179,34.9986848]]}},{"type":"Feature","id":"way/130634060","properties":{"highway":"residential","name":"이창택지길","name:en":"Ichangtaekji-gil","name:ko":"이창택지길"},"geometry":{"type":"LineString","coordinates":[[126.7049492,34.9970138],[126.7052371,34.9958626]]}},{"type":"Feature","id":"way/130634062","properties":{"highway":"residential","name":"이창1길","name:en":"Ichang 1-gil","name:ko":"이창1길"},"geometry":{"type":"LineString","coordinates":[[126.7127706,34.9955335],[126.7128616,34.9951938],[126.7129024,34.9950306],[126.713067,34.9943712]]}},{"type":"Feature","id":"way/130634064","properties":{"highway":"residential","name":"삼영2길","name:en":"Samyeong 2-gil","name:ko":"삼영2길"},"geometry":{"type":"LineString","coordinates":[[126.7089615,35.0051202],[126.7093041,35.0045403],[126.709583,35.0040682]]}},{"type":"Feature","id":"way/130634065","properties":{"highway":"residential","name":"이창택지길","name:en":"Ichangtaekji-gil","name:ko":"이창택지길"},"geometry":{"type":"LineString","coordinates":[[126.705434,34.9951889],[126.7055372,34.9947665],[126.7060259,34.9945763]]}},{"type":"Feature","id":"way/130634066","properties":{"highway":"residential","name":"영산2길","name:en":"Yeongsan 2-gil","name:ko":"영산2길"},"geometry":{"type":"LineString","coordinates":[[126.7102086,34.9995811],[126.711072,34.9997433],[126.712587,34.9999895],[126.7133681,35.0000879]]}},{"type":"Feature","id":"way/130634067","properties":{"highway":"primary_link","oneway":"yes"},"geometry":{"type":"LineString","coordinates":[[126.7147703,34.9949272],[126.7146097,34.9949784],[126.714546,34.9950128],[126.7145144,34.9950304],[126.714472,34.9950799],[126.7143506,34.9952874],[126.7143115,34.9953543]]}},{"type":"Feature","id":"way/130634069","properties":{"highway":"residential","name":"삼영1길","name:en":"Samyeong 1-gil","name:ko":"삼영1길"},"geometry":{"type":"LineString","coordinates":[[126.7065923,35.0042474],[126.7068277,35.0036205],[126.7070444,35.0030968]]}},{"type":"Feature","id":"way/130634070","properties":{"highway":"residential","name":"남교본영길","name:en":"Namgyobonyeong-gil","name:ko":"남교본영길"},"geometry":{"type":"LineString","coordinates":[[126.7148543,35.0003071],[126.7145948,35.0002589],[126.7142437,35.0002079],[126.714059,35.0001788],[126.7139722,35.0001665],[126.7133681,35.0000879]]}},{"type":"Feature","id":"way/130634072","properties":{"highway":"residential","name":"남교2길","name:en":"Namgyo 2-gil","name:ko":"남교2길"},"geometry":{"type":"LineString","coordinates":[[126.7140463,34.9968631],[126.7144773,34.996924],[126.7151257,34.9970227],[126.7155583,34.9970885],[126.7160369,34.9971618],[126.7162034,34.9971873],[126.7167503,34.9972765],[126.7168024,34.9972852],[126.7176124,34.9974209],[126.7181339,34.9975522]]}},{"type":"Feature","id":"way/130634075","properties":{"highway":"residential","name":"이창2길","name:en":"Ichang 2-gil","name:ko":"이창2길"},"geometry":{"type":"LineString","coordinates":[[126.713265,34.9967525],[126.7126083,34.9966703],[126.7125433,34.9966587],[126.7124926,34.9966399],[126.7124609,34.9966118],[126.7124233,34.9965766],[126.7120204,34.9960396],[126.7119902,34.9959797],[126.7119785,34.9959188]]}},{"type":"Feature","id":"way/130634076","properties":{"highway":"residential","name":"이창택지길","name:en":"Ichangtaekji-gil","name:ko":"이창택지길"},"geometry":{"type":"LineString","coordinates":[[126.705462,34.9973878],[126.7044776,34.9972361],[126.7040253,34.9971678],[126.7036328,34.9971085]]}},{"type":"Feature","id":"way/130634077","properties":{"highway":"residential","name":"이창택지길","name:en":"Ichangtaekji-gil","name:ko":"이창택지길"},"geometry":{"type":"LineString","coordinates":[[126.7066627,34.9949732],[126.7061858,34.9941321],[126.7057889,34.9934321]]}},{"type":"Feature","id":"way/130634078","properties":{"highway":"residential","name":"풍물시장2길","name:en":"Pungmulsijang 2-gil","name:ko":"풍물시장2길"},"geometry":{"type":"LineString","coordinates":[[126.709106,34.9949241],[126.709954,34.9950524],[126.7109543,34.9952247]]}},{"type":"Feature","id":"way/130634079","properties":{"highway":"residential","name":"풍물시장2길","name:en":"Pungmulsijang 2-gil","name:ko":"풍물시장2길"},"geometry":{"type":"LineString","coordinates":[[126.7084008,34.9950831],[126.7092923,34.9942416],[126.7100335,34.9935155]]}},{"type":"Feature","id":"way/130634081","properties":{"highway":"residential","name":"이창1길","name:en":"Ichang 1-gil","name:ko":"이창1길"},"geometry":{"type":"LineString","coordinates":[[126.7110941,34.9962998],[126.7111824,34.9959218],[126.7112808,34.9955206]]}},{"type":"Feature","id":"way/130634082","properties":{"highway":"residential","name":"대흥2길","name:en":"Daeheung 2-gil","name:ko":"대흥2길"},"geometry":{"type":"LineString","coordinates":[[126.7072757,34.9991328],[126.7073026,34.9990291],[126.7076054,34.9978609],[126.7077046,34.9974981],[126.7078615,34.9969459],[126.7078881,34.9968255],[126.7081047,34.9958736]]}},{"type":"Feature","id":"way/130634083","properties":{"highway":"residential","name":"이창택지길","name:en":"Ichangtaekji-gil","name:ko":"이창택지길"},"geometry":{"type":"LineString","coordinates":[[126.7055287,34.9971085],[126.705462,34.9973878],[126.7053547,34.9978376]]}},{"type":"Feature","id":"way/130634086","properties":{"highway":"residential","name":"풍물시장2길","name:en":"Pungmulsijang 2-gil","name:ko":"풍물시장2길"},"geometry":{"type":"LineString","coordinates":[[126.711956,34.9950473],[126.712027,34.9947612],[126.7121783,34.9941614],[126.7121983,34.9940959],[126.7122548,34.9939841]]}},{"type":"Feature","id":"way/130634087","properties":{"bicycle":"designated","cycleway":"lane","highway":"residential","lanes":"2","name":"주면2길 (영산강 자전거길)","name:en":"Jumyeon 2-gil (Yeongsangang Bicycle Path)","name:ko":"주면2길 (영산강 자전거길)","surface":"asphalt"},"geometry":{"type":"LineString","coordinates":[[126.7038082,34.9982979],[126.7038947,34.998311],[126.7040325,34.9983419],[126.7051522,34.9986231]]}},{"type":"Feature","id":"way/130634090","properties":{"highway":"tertiary","name":"영산포로","name:en":"Yeongsanpo-ro","name:ko":"영산포로"},"geometry":{"type":"LineString","coordinates":[[126.7105066,35.0060699],[126.7104193,35.0060105],[126.7103638,35.0059555],[126.7102796,35.0058297],[126.7101915,35.0056243],[126.7101338,35.0055677],[126.7100755,35.0055294],[126.7100117,35.0054978],[126.7089615,35.0051202],[126.7075968,35.0046294]]}},{"type":"Feature","id":"way/130634091","properties":{"highway":"residential"},"geometry":{"type":"LineString","coordinates":[[126.7119827,35.009091],[126.7121415,35.009037],[126.7126647,35.0085401],[126.7127053,35.0084796],[126.7127197,35.008423],[126.7127061,35.0083746],[126.7126951,35.0083354],[126.7125739,35.0080921],[126.7124321,35.0078144]]}},{"type":"Feature","id":"way/130634092","properties":{"highway":"residential","name":"삼영1길","name:en":"Samyeong 1-gil","name:ko":"삼영1길"},"geometry":{"type":"LineString","coordinates":[[126.7075968,35.0046294],[126.7065923,35.0042474],[126.7057262,35.0039151],[126.7056739,35.0038791],[126.7057609,35.0033053]]}},{"type":"Feature","id":"way/130634093","properties":{"highway":"residential","name":"남교본영길","name:en":"Namgyobonyeong-gil","name:ko":"남교본영길"},"geometry":{"type":"LineString","coordinates":[[126.7146381,35.0013115],[126.7148543,35.0003071],[126.7148931,35.0001555],[126.7149387,34.9999943],[126.714976,34.999847]]}},{"type":"Feature","id":"way/130634094","properties":{"highway":"residential","name":"이창택지길","name:en":"Ichangtaekji-gil","name:ko":"이창택지길"},"geometry":{"type":"LineString","coordinates":[[126.7050057,34.9951174],[126.705434,34.9951889],[126.7058546,34.9952591],[126.7062988,34.9953332]]}},{"type":"Feature","id":"way/130634096","properties":{"highway":"residential","name":"영산3길","name:en":"Yeongsan 3-gil","name:ko":"영산3길"},"geometry":{"type":"LineString","coordinates":[[126.7136663,35.0011379],[126.7137962,35.0007196],[126.713807,35.0006842],[126.7138618,35.0005332],[126.7138849,35.0004698],[126.7138975,35.0004363],[126.7139514,35.0003445],[126.7140115,35.0002465],[126.714059,35.0001788]]}},{"type":"Feature","id":"way/130634099","properties":{"highway":"residential","name":"남교본영길","name:en":"Namgyobonyeong-gil","name:ko":"남교본영길"},"geometry":{"type":"LineString","coordinates":[[126.7148931,35.0001555],[126.7148172,35.0001362],[126.7147584,35.0000996],[126.7145978,34.9999419],[126.7145423,34.9999075],[126.7144115,34.9998231],[126.7143547,34.9997865],[126.714129,34.9996473],[126.7139977,34.9995749],[126.7138611,34.999503],[126.7137838,34.999483],[126.7135213,34.9994438]]}},{"type":"Feature","id":"way/130634100","properties":{"highway":"residential","name":"이창택지길","name:en":"Ichangtaekji-gil","name:ko":"이창택지길"},"geometry":{"type":"LineString","coordinates":[[126.7051403,34.994541],[126.7050057,34.9951174],[126.7049184,34.9954524],[126.7048339,34.9957942],[126.704552,34.9969464],[126.7044776,34.9972361]]}},{"type":"Feature","id":"way/130634102","properties":{"highway":"residential","lanes":"1","name":"영산포로","name:en":"Yeongsanpo-ro","name:ko":"영산포로","oneway":"no","surface":"asphalt"},"geometry":{"type":"LineString","coordinates":[[126.705666,35.00451],[126.7061756,35.0046926],[126.7065331,35.0048695],[126.7066733,35.0050077],[126.7067764,35.0050869],[126.7068247,35.005105],[126.7068707,35.0051145],[126.7069189,35.0051135],[126.7069777,35.0051029],[126.7074116,35.0049896],[126.7075462,35.0049761],[126.7076302,35.0049799],[126.7077073,35.0049991],[126.7078777,35.0050622],[126.7079221,35.0050832],[126.7079478,35.0051014],[126.7079606,35.0051196],[126.7079688,35.0051406],[126.7079665,35.0051655],[126.7079525,35.0051999],[126.707871,35.0052973],[126.7078626,35.0053175],[126.7078591,35.0053371],[126.7078649,35.0053577],[126.707882,35.0053758],[126.7082957,35.0056054],[126.7090242,35.0060127],[126.7092694,35.0060873],[126.7094048,35.0061294],[126.7094822,35.0061682],[126.7098639,35.0064465]]}},{"type":"Feature","id":"way/130634103","properties":{"highway":"residential","name":"오포길","name:en":"Opo-gil","name:ko":"오포길"},"geometry":{"type":"LineString","coordinates":[[126.7123664,35.0009112],[126.712587,34.9999895],[126.7126461,34.9997355],[126.7127045,34.9994374],[126.7127164,34.9993766],[126.712805,34.9989244],[126.713265,34.9967525],[126.7133503,34.9963812],[126.7133947,34.9961878],[126.7134557,34.9959219],[126.7135202,34.9956409]]}},{"type":"Feature","id":"way/130634106","properties":{"highway":"residential","name":"풍물시장2길","name:en":"Pungmulsijang 2-gil","name:ko":"풍물시장2길"},"geometry":{"type":"LineString","coordinates":[[126.7088228,34.995186],[126.709106,34.9949241],[126.7096038,34.9944637],[126.7103662,34.9937204]]}},{"type":"Feature","id":"way/130634109","properties":{"highway":"residential","name":"풍물시장1길","name:en":"Pungmulsijang 1-gil","name:ko":"풍물시장1길"},"geometry":{"type":"LineString","coordinates":[[126.7072534,34.9949714],[126.7076753,34.9945602],[126.7085807,34.993734],[126.7092935,34.9930392],[126.7096453,34.9927078],[126.709707,34.9926449],[126.7097774,34.9925754],[126.7099057,34.9924487]]}},{"type":"Feature","id":"way/130634110","properties":{"highway":"residential"},"geometry":{"type":"LineString","coordinates":[[126.7101915,35.0056243],[126.7105629,35.0058414]]}},{"type":"Feature","id":"way/130634114","properties":{"highway":"residential","name":"이창택지길","name:en":"Ichangtaekji-gil","name:ko":"이창택지길"},"geometry":{"type":"LineString","coordinates":[[126.7058546,34.9952591],[126.7061696,34.994964],[126.7061975,34.9948695],[126.7060259,34.9945763],[126.7058442,34.9942657],[126.7054799,34.9936843]]}},{"type":"Feature","id":"way/130634124","properties":{"highway":"residential","name":"이창택지길","name:en":"Ichangtaekji-gil","name:ko":"이창택지길"},"geometry":{"type":"LineString","coordinates":[[126.7066627,34.9949732],[126.7063908,34.9952421],[126.7062988,34.9953332],[126.7062483,34.9954074],[126.7061624,34.9956505],[126.7060611,34.9960026],[126.7057691,34.9971484]]}},{"type":"Feature","id":"way/130634128","properties":{"highway":"residential","name":"이창택지길","name:en":"Ichangtaekji-gil","name:ko":"이창택지길"},"geometry":{"type":"LineString","coordinates":[[126.7064685,34.9960714],[126.7060611,34.9960026],[126.7056508,34.9959328],[126.7052371,34.9958626],[126.7048339,34.9957942],[126.7044227,34.9957245],[126.7039984,34.9956526]]}},{"type":"Feature","id":"way/130634129","properties":{"highway":"residential","lanes":"2","name":"대흥3길","name:en":"Daeheung 3-gil","name:ko":"대흥3길","surface":"asphalt"},"geometry":{"type":"LineString","coordinates":[[126.7083808,34.9993994],[126.7084087,34.9993153],[126.7086179,34.9986848],[126.7086886,34.9984808],[126.7086919,34.9984543],[126.7086845,34.998427],[126.7086566,34.9983847],[126.7086184,34.9983491],[126.7084045,34.9981845],[126.7083723,34.9981483],[126.7083568,34.9981129],[126.7083642,34.99806],[126.7083821,34.9979727],[126.7085189,34.9974573],[126.7085914,34.9971842],[126.7087146,34.9966244],[126.7087623,34.9965401]]}},{"type":"Feature","id":"way/130634130","properties":{"highway":"residential","name":"풍물시장1길","name:en":"Pungmulsijang 1-gil","name:ko":"풍물시장1길"},"geometry":{"type":"LineString","coordinates":[[126.712027,34.9947612],[126.7111867,34.994265],[126.7106892,34.9939453],[126.7103662,34.9937204],[126.7100335,34.9935155],[126.7099062,34.9934386],[126.7097541,34.9933468],[126.7096973,34.9933099],[126.7092935,34.9930392]]}},{"type":"Feature","id":"way/130634132","properties":{"highway":"residential","name":"이창택지길","name:en":"Ichangtaekji-gil","name:ko":"이창택지길"},"geometry":{"type":"LineString","coordinates":[[126.7054194,34.9944318],[126.7052221,34.9941374],[126.7048865,34.9942616],[126.7044923,34.9944176],[126.7046567,34.9947302],[126.7044227,34.9957245],[126.7041429,34.9968785]]}},{"type":"Feature","id":"way/130634135","properties":{"highway":"residential","name":"풍물시장2길","name:en":"Pungmulsijang 2-gil","name:ko":"풍물시장2길"},"geometry":{"type":"LineString","coordinates":[[126.7097924,34.9956669],[126.7098791,34.9953539],[126.709954,34.9950524],[126.710037,34.9947407],[126.7100592,34.9945838],[126.7101206,34.9945051],[126.7102116,34.9944157],[126.7106892,34.9939453]]}},{"type":"Feature","id":"way/130634137","properties":{"highway":"residential","name":"영산3길","name:en":"Yeongsan 3-gil","name:ko":"영산3길"},"geometry":{"type":"LineString","coordinates":[[126.7101379,34.9997477],[126.7114193,35.0004849],[126.7116547,35.0007905],[126.7123664,35.0009112],[126.7130269,35.0010315],[126.7131285,35.00105],[126.7132286,35.0010693],[126.7133388,35.001085],[126.7136663,35.0011379],[126.7143788,35.0012676],[126.7146381,35.0013115],[126.7149584,35.0013537],[126.7150818,35.0013753],[126.7151483,35.0013882],[126.7152118,35.0014255]]}},{"type":"Feature","id":"way/130634140","properties":{"highway":"residential","name":"이창택지길","name:en":"Ichangtaekji-gil","name:ko":"이창택지길"},"geometry":{"type":"LineString","coordinates":[[126.7041887,34.9949132],[126.7039597,34.9945115],[126.7038891,34.9943971],[126.7039943,34.9943582],[126.7047539,34.9940378],[126.7054799,34.9936843],[126.705529,34.9936556],[126.7056524,34.9935588],[126.7057889,34.9934321],[126.7061291,34.9930625]]}},{"type":"Feature","id":"way/130634146","properties":{"highway":"tertiary"},"geometry":{"type":"LineString","coordinates":[[126.7095529,35.006755],[126.7097429,35.006558],[126.709826,35.0064754],[126.7098639,35.0064465],[126.7099483,35.0063853],[126.7100293,35.0063104],[126.710152,35.0062275],[126.7102702,35.0061533],[126.7104089,35.0060951],[126.7105066,35.0060699]]}},{"type":"Feature","id":"way/130634151","properties":{"highway":"tertiary","name":"영산포로","name:en":"Yeongsanpo-ro","name:ko":"영산포로","surface":"asphalt"},"geometry":{"type":"LineString","coordinates":[[126.7082602,35.003292],[126.7081172,35.0032509],[126.7074589,35.0030555],[126.706963,35.0028914],[126.7065032,35.0027704],[126.7059028,35.0026252],[126.7054873,35.0025395],[126.7042501,35.0022596],[126.7032247,35.0020142],[126.7030268,35.0019587],[126.7027308,35.0018684]]}},{"type":"Feature","id":"way/200813454","properties":{"name":"영산강","name:de":"Yeongsan","name:en":"Yeongsan River","name:ja":"栄山江","name:ko":"영산강","name:ko-Hani":"榮山江","name:zh":"榮山江","name:zh-Hans":"荣山江","name:zh-Hant":"榮山江","note":"Tourist Attraction beautiful places to visit in Korea by CNN","waterway":"river","wikidata":"Q489956","wikipedia":"ko:영산강","wikipedia:en":"Yeongsan River"},"geometry":{"type":"LineString","coordinates":[[126.8010073,35.0998385],[126.8016664,35.0953994],[126.8019471,35.0937881],[126.8014935,35.0922008],[126.8006034,35.0908101],[126.7994993,35.0893107],[126.7972801,35.0879186],[126.7955039,35.0865923],[126.7939691,35.0845792],[126.7914014,35.0822045],[126.7892807,35.0802432],[126.7888376,35.0795371],[126.788015,35.0779565],[126.786033,35.075091],[126.7845232,35.0739014],[126.7825866,35.0728512],[126.7795964,35.0717727],[126.7767176,35.0708219],[126.7726982,35.0691837],[126.7688698,35.0667814],[126.7639963,35.0638709],[126.7615595,35.0626641],[126.7577174,35.0598495],[126.7503023,35.0523994],[126.7477682,35.0500345],[126.7444149,35.0481297],[126.7413248,35.0473152],[126.7402245,35.04679],[126.7393953,35.046295],[126.7381807,35.0454363],[126.7360654,35.043635],[126.7348037,35.0421949],[126.7338913,35.0401541],[126.7333938,35.0389351],[126.733144,35.0371102],[126.7331421,35.0363567],[126.7333512,35.0352078],[126.7335165,35.034906],[126.7339737,35.0342856],[126.735564,35.0322135],[126.7363396,35.0316365],[126.736787,35.0312732],[126.7374532,35.0305148],[126.7380167,35.0290435],[126.7382363,35.0279491],[126.7383575,35.0271064],[126.7384017,35.0260926],[126.7386224,35.0210269],[126.7385402,35.0194205],[126.7382003,35.0176076],[126.7376594,35.015525],[126.737205,35.0135073],[126.736868,35.011481],[126.7368549,35.009949],[126.7366242,35.008679],[126.735954,35.0073905],[126.7340841,35.0060841],[126.7300803,35.0066652],[126.7253699,35.0074556],[126.7222568,35.0078203],[126.7199132,35.0077557],[126.7179315,35.0073018],[126.7169548,35.0069325],[126.7157502,35.006137],[126.7128223,35.0035246],[126.7107749,35.0018167],[126.7092406,35.0010252],[126.7064373,35.0002858],[126.7018902,34.9992174],[126.7009951,34.9989615],[126.6995299,34.9984261],[126.6977169,34.9978474],[126.696615,34.9975671],[126.6955989,34.9975403],[126.6949103,34.997554],[126.6939828,34.9976994],[126.6931603,34.9979421],[126.6918234,34.9983889],[126.690865,34.9987983],[126.6884841,35.0002894],[126.6852667,35.0022394],[126.683079,35.0033133],[126.6822717,35.0036562],[126.681588,35.0038495],[126.6809257,35.0039636],[126.6802978,35.0039674],[126.6798409,35.0039098],[126.6794061,35.003731],[126.6783892,35.0031529],[126.6771629,35.002464],[126.6747729,35.0007721],[126.671806,34.9979105],[126.663608,34.9897224],[126.662053,34.9872641],[126.6599982,34.985013],[126.6584962,34.983538],[126.6572134,34.9825403],[126.6555627,34.981824],[126.6541934,34.981374],[126.6522495,34.9811572],[126.6504668,34.9810873],[126.6481129,34.9816577],[126.64617,34.98232],[126.645375,34.98301],[126.64396,34.983495],[126.6430459,34.983534],[126.64091,34.983625],[126.63913,34.983145],[126.63554,34.980375],[126.635015,34.979595],[126.63452,34.97779],[126.632475,34.97582],[126.63172,34.974775],[126.630425,34.973955],[126.62941,34.9737],[126.627335,34.972575],[126.62202,34.97035],[126.620145,34.97031],[126.616385,34.97075],[126.613645,34.971375],[126.61205,34.972275],[126.611485,34.972965],[126.61081,34.974625],[126.60884,34.98086],[126.608025,34.98163],[126.60575,34.98236],[126.6029387,34.9824975],[126.60115,34.982585],[126.59964,34.9832],[126.598505,34.98453],[126.59539,34.98961],[126.59385,34.990975],[126.593005,34.99123],[126.5908564,34.9910198],[126.59045,34.99098],[126.587685,34.989005],[126.5864535,34.9875272],[126.5840599,34.984655],[126.583385,34.983845],[126.581675,34.97829],[126.581015,34.97686],[126.57972,34.9758],[126.57897,34.97483],[126.578585,34.97463],[126.57449,34.973325],[126.57184,34.97321],[126.57113,34.973455],[126.57023,34.974975],[126.56922,34.977525],[126.568475,34.981105],[126.56747,34.983785],[126.56665,34.985055],[126.56545,34.98625],[126.5635266,34.9874584],[126.562975,34.987805],[126.5619,34.988175],[126.56046,34.988525],[126.55734,34.98833],[126.5551053,34.9880193],[126.5535459,34.9876828],[126.552268,34.9871971],[126.55115,34.98654],[126.548625,34.98488],[126.54482,34.981785],[126.5426275,34.9784644],[126.54138,34.976575],[126.539148,34.97119],[126.5382615,34.9690512],[126.5368655,34.9656829],[126.536655,34.965175],[126.5364041,34.96478],[126.5346714,34.9620519],[126.5336,34.960365],[126.532015,34.958405],[126.52949,34.954245],[126.52848,34.951525],[126.5281337,34.9498589],[126.528255,34.948695],[126.5284128,34.947977],[126.529155,34.9446],[126.53185,34.93772],[126.533575,34.93512],[126.534295,34.934555],[126.53511,34.93329],[126.538255,34.92988],[126.538995,34.92862],[126.53996,34.927605],[126.542445,34.922775],[126.54253,34.92008],[126.541845,34.919235],[126.54086,34.91831],[126.53964,34.917455],[126.537935,34.917035],[126.53637,34.917125],[126.535425,34.917495],[126.53455,34.918125],[126.533,34.92053],[126.531655,34.92358],[126.529555,34.92624],[126.527175,34.927475],[126.5265205,34.9278357],[126.52448,34.92896],[126.52104,34.92928],[126.519955,34.928995],[126.51735,34.927335],[126.51651,34.926805],[126.5147,34.92478],[126.5144373,34.9241108],[126.5139296,34.9228175],[126.5136465,34.9220962],[126.513175,34.920895],[126.5149227,34.9154956],[126.515075,34.915025],[126.51667,34.912775],[126.51817,34.911],[126.518583,34.9106204],[126.5241985,34.9054589],[126.52454,34.905145],[126.53486,34.893725],[126.5381501,34.8907554],[126.540045,34.889045],[126.544455,34.884545],[126.54789,34.88059],[126.551025,34.87568],[126.55221,34.87073],[126.552655,34.869255],[126.5532,34.867735],[126.5532,34.86258],[126.5527556,34.8585703],[126.551945,34.851255],[126.549765,34.839815],[126.54815,34.83329],[126.54741,34.825435],[126.54387,34.814125],[126.53975,34.809405],[126.536225,34.806355],[126.5329631,34.804538],[126.529565,34.802645],[126.52627,34.801005],[126.5227,34.79949],[126.52032,34.7924],[126.520295,34.79194],[126.520835,34.78788],[126.5206912,34.7873715],[126.52006,34.78514],[126.5182713,34.7813436],[126.514875,34.774545],[126.51316,34.772025],[126.511214,34.7706254],[126.50708,34.769055],[126.50573,34.76878],[126.499675,34.768045],[126.497155,34.76818],[126.4911063,34.771269],[126.4700483,34.7893317],[126.4633536,34.7926059],[126.4584381,34.7925907],[126.4552433,34.7919212],[126.4490698,34.7888938],[126.4462527,34.7879841],[126.41714,34.7822],[126.4023443,34.7785517],[126.3936998,34.7774725],[126.3808368,34.7755412],[126.3753735,34.7758252],[126.3673514,34.7782677],[126.3623722,34.7830958],[126.3594676,34.7876396],[126.3548066,34.7882016],[126.3519675,34.7869368],[126.3354794,34.7647432]]}},{"type":"Feature","id":"way/238876892","properties":{"highway":"tertiary","lanes":"2","name":"영산포로","name:en":"Yeongsanpo-ro","name:ko":"영산포로","oneway":"no","review":"no","surface":"asphalt"},"geometry":{"type":"LineString","coordinates":[[126.7059962,34.9928774],[126.7060625,34.9929672],[126.7061291,34.9930625],[126.7066207,34.9938789],[126.70666,34.9939466],[126.7070494,34.9946163],[126.7072534,34.9949714],[126.7073001,34.9950474],[126.7074514,34.9951935],[126.7081047,34.9958736],[126.7087623,34.9965401],[126.7091895,34.9969731],[126.7093071,34.9970923],[126.7096737,34.9974542],[126.7096922,34.9974726],[126.7098501,34.9976295],[126.7099161,34.9978061],[126.7099826,34.9979841],[126.7100333,34.9980952],[126.7103243,34.9987892],[126.7103617,34.9988978],[126.7103755,34.998968],[126.7103852,34.9990299],[126.7103723,34.9990993],[126.7103545,34.9991795],[126.7102086,34.9995811],[126.7101379,34.9997477],[126.7100709,34.9999063]]}},{"type":"Feature","id":"way/238876893","properties":{"highway":"cycleway","name":"영산강 자전거길","name:en":"Yeongsangang (riv.) Bicycle Path","name:ko":"영산강 자전거길","oneway":"no","surface":"concrete","width":"3"},"geometry":{"type":"LineString","coordinates":[[126.7059962,34.9928774],[126.7060625,34.9929672],[126.7057405,34.9933045],[126.7056071,34.9934257],[126.7054469,34.9935426],[126.7053093,34.9936226],[126.7049698,34.9937906],[126.7046303,34.9939432],[126.7028617,34.9947553],[126.7025516,34.9949735],[126.7023886,34.9951477],[126.7022416,34.9953527],[126.7021499,34.9956353],[126.7021455,34.9960396],[126.7023365,34.997478],[126.7023586,34.9976025],[126.7024099,34.997718],[126.7024569,34.9977907],[126.7025282,34.9978735],[126.7026068,34.997933],[126.7027219,34.9979892],[126.7038082,34.9982979]]}},{"type":"Feature","id":"way/256675745","properties":{"highway":"primary","name":"예향로","name:en":"Yehyang-ro","name:ko":"예향로","ref":"13;23"},"geometry":{"type":"LineString","coordinates":[[126.7067418,34.9901717],[126.7068172,34.9902269],[126.7069545,34.9903274],[126.7082163,34.9912516],[126.7088731,34.9917074],[126.70909,34.99186],[126.7094521,34.9921213],[126.7099057,34.9924487],[126.71042,34.9927705],[126.7107413,34.9929715],[126.7109665,34.9931312],[126.7118446,34.9937452],[126.7120629,34.9938795],[126.712208,34.9939586],[126.7122548,34.9939841],[126.7129368,34.9943076],[126.713067,34.9943712],[126.7133907,34.9945277],[126.7135336,34.9945968],[126.7136575,34.9946517],[126.7137196,34.9946747],[126.7137885,34.9947067],[126.714073,34.9948722]]}},{"type":"Feature","id":"way/257710420","properties":{"highway":"tertiary","lanes":"4","name":"영산강변로","name:en":"Yeongsangangbyeon-ro","name:ko":"영산강변로","oneway":"no","review":"no","surface":"asphalt"},"geometry":{"type":"LineString","coordinates":[[126.7111764,35.0049487],[126.7118285,35.0053867],[126.7123196,35.0057374],[126.712819,35.006105],[126.7134474,35.0065835],[126.7141634,35.0070906],[126.7146082,35.0073806],[126.7150283,35.0076489],[126.7151738,35.0077558],[126.7152944,35.0078511],[126.7154561,35.0080143],[126.715671,35.0082618],[126.7161211,35.0088202],[126.716395,35.0090339],[126.7166849,35.0092024],[126.7193862,35.0104795],[126.7195477,35.0105741],[126.7204267,35.0109716],[126.7207826,35.0111089],[126.721077,35.0112059],[126.7213173,35.0112749],[126.721574,35.0113291],[126.7218675,35.0113785],[126.7221664,35.0114158],[126.7223977,35.0114407],[126.7226345,35.0114624],[126.7228626,35.0114768],[126.7231229,35.0114835],[126.7233629,35.011479],[126.7236803,35.0114509],[126.7240151,35.0114063],[126.7243064,35.0113714],[126.7257393,35.0111999],[126.7276405,35.0109848],[126.7278578,35.010967],[126.7281085,35.0109591],[126.7285279,35.0109541],[126.728996,35.010989],[126.7291898,35.0110125],[126.7293953,35.0110461],[126.7296226,35.011093],[126.7298463,35.0111457],[126.7301481,35.0112341],[126.7303166,35.0112885],[126.7304958,35.0113545],[126.7307543,35.0114566],[126.7309349,35.0115382],[126.7311013,35.0116197],[126.7313276,35.0117418],[126.731561,35.0118871],[126.7318579,35.0120892],[126.7320329,35.0122207],[126.7321972,35.0123493],[126.7324094,35.0125404],[126.7325278,35.0126663],[126.7326321,35.0127865],[126.7328269,35.0130247],[126.7330251,35.0133064],[126.7331737,35.0135523],[126.7332603,35.0137115],[126.7333328,35.0138708],[126.733453,35.0141662],[126.7335696,35.0145051],[126.733704,35.0149746],[126.7337427,35.0151099],[126.7338054,35.0153645],[126.7338471,35.0155005],[126.733886,35.0156907],[126.733982,35.0161598],[126.7340195,35.016358],[126.7340815,35.016686],[126.7340843,35.0167556],[126.7341424,35.0170829],[126.7342061,35.0174415],[126.734276,35.0179957],[126.7343394,35.018534],[126.7343991,35.0191846],[126.7344552,35.0200334],[126.7344612,35.0203656],[126.7344761,35.020779],[126.7344728,35.021392],[126.7344563,35.021959],[126.7344432,35.0222796],[126.734427,35.0226229],[126.7343822,35.0231405],[126.7343408,35.0235404],[126.7343042,35.0238443],[126.7341518,35.0247845],[126.7339839,35.0257007],[126.7338217,35.0261903],[126.73375,35.0266374],[126.7335958,35.0271176],[126.7334223,35.0276736],[126.733261,35.0281585],[126.7330903,35.0287015],[126.73286,35.0294166],[126.7323097,35.0311585],[126.7320984,35.0318226],[126.7315282,35.033633],[126.7313906,35.0342926],[126.7312909,35.0349006],[126.7312266,35.035541],[126.731195,35.0361603]]}},{"type":"Feature","id":"way/303738248","properties":{"highway":"residential","name":"석산길","name:en":"Seoksan-gil","name:ko":"석산길"},"geometry":{"type":"LineString","coordinates":[[126.7129968,35.0013727],[126.7132523,35.001441],[126.7136016,35.0014983],[126.7138895,35.0016127],[126.714074,35.0016402],[126.714278,35.0016333],[126.7152118,35.0014255],[126.7153448,35.0014066],[126.7154204,35.0013953],[126.7154616,35.0013817],[126.7154878,35.0013636],[126.7155124,35.0013415],[126.7155629,35.0012786],[126.7156114,35.0012075],[126.7158292,35.0009346],[126.7159938,35.0007892],[126.7161125,35.0007113],[126.7162572,35.0006913],[126.7163983,35.0006743],[126.7168073,35.000626],[126.7169746,35.0006101],[126.7170728,35.0005871],[126.7171946,35.0005399],[126.7173482,35.0004697],[126.7175452,35.0003746],[126.717826,35.0002307],[126.7182184,35.0000365],[126.7183812,34.9999377],[126.7184495,34.9998589],[126.7184951,34.9998025],[126.718666,34.9995789],[126.7187868,34.9993743],[126.7188641,34.9992434],[126.719542,34.9980954],[126.7198521,34.9975359],[126.720293,34.9964796],[126.7203219,34.9964114],[126.7205691,34.9958274],[126.72063,34.99562]]}},{"type":"Feature","id":"way/303738249","properties":{"bicycle":"designated","foot":"designated","highway":"cycleway","name":"영산강 자전거길","name:en":"Yeongsangang (riv.) Bicycle Path","name:ko":"영산강 자전거길","oneway":"no","segregated":"no","surface":"asphalt","width":"3"},"geometry":{"type":"LineString","coordinates":[[126.708439,35.0032784],[126.708475,35.0033032],[126.7085572,35.0032439],[126.7087336,35.0032728],[126.7090043,35.0033271],[126.7091855,35.0033602],[126.7093608,35.003406],[126.709464,35.0034478],[126.7098665,35.0036553],[126.7099629,35.003706],[126.7102295,35.003847],[126.7104539,35.0039916],[126.7108874,35.0042892],[126.7112864,35.0045587],[126.7114113,35.0046681],[126.7115089,35.0047722],[126.7116856,35.0049484],[126.7122043,35.0054174],[126.7125048,35.0056968],[126.712539,35.0057572],[126.7125987,35.0058573],[126.713166,35.0062957],[126.7139243,35.0068282],[126.71467,35.0073281],[126.7150989,35.0076105],[126.7152483,35.007723],[126.7154083,35.0078557],[126.7155401,35.0079552],[126.7156635,35.0080937],[126.7156993,35.0081631],[126.7157247,35.0082153],[126.7157627,35.0082624],[126.7163171,35.0088812],[126.7164168,35.0089596],[126.7165423,35.0090351],[126.7167691,35.0091599],[126.7170327,35.0092918],[126.7174131,35.009456],[126.7194432,35.0104027],[126.7198358,35.0106036],[126.7203347,35.0108334],[126.7205627,35.0109066],[126.720763,35.0109797],[126.7210694,35.0111114],[126.7213882,35.0112053],[126.7218281,35.0112943],[126.7222314,35.0113519],[126.7225865,35.0113874],[126.7229208,35.0114068],[126.7231919,35.0114096],[126.7234803,35.0113898],[126.7236889,35.0113714],[126.723876,35.011348],[126.725201,35.011192],[126.7259636,35.0111013],[126.7266415,35.0110145],[126.7271844,35.0109545],[126.7274112,35.0109245],[126.7276333,35.010878],[126.7277806,35.0108724],[126.727931,35.0108794],[126.7283632,35.0108821],[126.728786,35.0108923],[126.7290165,35.010916],[126.7292008,35.0109333],[126.7294629,35.010978],[126.7297411,35.0110391],[126.7303367,35.0112081],[126.7306292,35.0113208],[126.7309147,35.0114393],[126.7311945,35.0115792],[126.7314565,35.011719],[126.7317282,35.0118956],[126.7319892,35.0120751],[126.7322359,35.0122743],[126.7324685,35.0124736],[126.7326439,35.012672],[126.7328052,35.0128686],[126.7329334,35.0130358],[126.73305,35.0131974],[126.7332582,35.0135399],[126.7333669,35.0137402],[126.733485,35.0139859],[126.7335926,35.0142456],[126.7336837,35.0144881],[126.7337734,35.01479],[126.7338071,35.0149198],[126.7339594,35.0154855],[126.7342244,35.0166698],[126.7342766,35.0169051],[126.7343357,35.0178077],[126.7343751,35.0181226],[126.7344382,35.0187171],[126.7344932,35.0192699],[126.7345425,35.0201222],[126.7345361,35.0225206],[126.7344168,35.0237227],[126.7342304,35.0249029],[126.7341116,35.0255695],[126.7340021,35.0260582],[126.7339405,35.0262162],[126.7338538,35.0266342],[126.7335585,35.0275568],[126.7335241,35.0276735],[126.7335107,35.0277893],[126.7334943,35.027892],[126.7334786,35.0279545],[126.7334547,35.0280036],[126.7334192,35.0280592],[126.7333654,35.0281234],[126.7332005,35.0286427],[126.7328684,35.029673],[126.732644,35.0303709],[126.7325876,35.0305465],[126.7323941,35.0311733],[126.7321087,35.0320044],[126.7321517,35.03221],[126.7321383,35.0323566],[126.732128,35.0328331],[126.7321477,35.0334356],[126.7321387,35.033608],[126.7320789,35.0339381],[126.7320116,35.0342488],[126.7319663,35.034465],[126.7319501,35.0346015],[126.7319428,35.0348221],[126.7319511,35.0350714],[126.7319579,35.0352302]]}},{"type":"Feature","id":"way/303738250","properties":{"bicycle":"designated","bridge":"yes","bridge:name":"영산교","cycleway":"track","highway":"tertiary","lanes":"2","oneway":"no","oneway:bicycle":"no","review":"no","surface":"asphalt"},"geometry":{"type":"LineString","coordinates":[[126.7100166,35.0000068],[126.7096309,35.0007862],[126.7091946,35.0015963],[126.7083461,35.0031825]]}},{"type":"Feature","id":"way/303738251","properties":{"highway":"tertiary","name":"예향로","name:en":"Yehyang-ro","name:ko":"예향로","review":"no"},"geometry":{"type":"LineString","coordinates":[[126.7082602,35.003292],[126.7083784,35.0033517],[126.7093826,35.0038458],[126.7097358,35.0040234],[126.7099719,35.0041553],[126.7102009,35.004293],[126.7104741,35.0044723],[126.7111764,35.0049487]]}},{"type":"Feature","id":"way/303738252","properties":{"bicycle":"yes","cycleway":"lane","highway":"tertiary","name":"영산포로","review":"no","surface":"asphalt"},"geometry":{"type":"LineString","coordinates":[[126.7083461,35.0031825],[126.7082602,35.003292]]}},{"type":"Feature","id":"way/320473142","properties":{"highway":"primary","name":"예향로","name:en":"Yehyang-ro","name:ko":"예향로","oneway":"no","ref":"13"},"geometry":{"type":"LineString","coordinates":[[126.7112756,35.0048159],[126.7111764,35.0049487],[126.7110646,35.0051492],[126.7108828,35.005532],[126.7107545,35.0057252],[126.7106739,35.0058384],[126.710575,35.0059585],[126.7105066,35.0060699]]}},{"type":"Feature","id":"way/320473143","properties":{"highway":"primary","name":"금영로","name:en":"Geumyeong-ro","name:ko":"금영로","ref":"23"},"geometry":{"type":"LineString","coordinates":[[126.72063,34.99562],[126.7189049,34.9954039],[126.7177474,34.9952618],[126.7169529,34.9951593],[126.7166707,34.9951217],[126.71656,34.99511],[126.7156271,34.9950059],[126.7152,34.99496],[126.7147703,34.9949272],[126.7144096,34.9948988],[126.714073,34.9948722]]}},{"type":"Feature","id":"way/320473144","properties":{"bridge":"yes","bridge:name":"영산대교","bridge:name:ko":"영산대교","highway":"primary","lanes":"2","layer":"1","oneway":"no","ref":"13"},"geometry":{"type":"LineString","coordinates":[[126.7129419,35.0014853],[126.7112756,35.0048159]]}},{"type":"Feature","id":"way/367461988","properties":{"bicycle":"yes","cycleway":"lane","highway":"residential"},"geometry":{"type":"LineString","coordinates":[[126.7364569,35.0052349],[126.7363688,35.005132],[126.7360106,35.0049519],[126.7357044,35.0048173],[126.7355344,35.0047625],[126.7352785,35.0047363],[126.7347211,35.004725],[126.7343005,35.0046986],[126.7326014,35.0047843],[126.7318137,35.0048176],[126.7310469,35.0048587],[126.7301556,35.0047514],[126.7294438,35.0048476],[126.7285659,35.0049549],[126.7272588,35.005109],[126.7263393,35.0051793],[126.7255384,35.0052238],[126.7245224,35.0052159],[126.7236076,35.0051478],[126.7227037,35.0050422],[126.7215267,35.0048491],[126.72021,35.0045175],[126.719208,35.0042078],[126.718693,35.004003],[126.718366,35.0037938],[126.7182561,35.0037092],[126.7180588,35.0035572],[126.7178072,35.0033351],[126.7176828,35.0031982],[126.7175311,35.0029552],[126.7174442,35.0028218],[126.7172097,35.0024108],[126.7164557,35.0012308],[126.7163755,35.0011094]]}},{"type":"Feature","id":"way/406622391","properties":{"highway":"primary","name":"영나로","name:en":"Yeongna-ro","name:ko":"영나로","ref":"23","surface":"asphalt"},"geometry":{"type":"LineString","coordinates":[[126.7280073,34.9767845],[126.7276992,34.9777543],[126.7275105,34.9784037],[126.7273734,34.978758],[126.727183,34.9790334],[126.7269807,34.9793652],[126.7268062,34.9796241],[126.7266857,34.9798132],[126.7266038,34.979953],[126.7264039,34.9803468],[126.72586,34.98153],[126.72513,34.98317],[126.72491,34.9836],[126.72459,34.98429],[126.72438,34.9848],[126.7243,34.98507],[126.72425,34.98528],[126.7242533,34.9858163],[126.7242568,34.986709],[126.7242652,34.9868456],[126.7242928,34.9873096],[126.7241696,34.9877992],[126.7241545,34.9878831],[126.72397,34.98872],[126.7237534,34.989435],[126.7235756,34.9899375],[126.7235452,34.9900135],[126.723031,34.990985],[126.7227607,34.9915169],[126.7224773,34.99209],[126.7220195,34.993011],[126.7216773,34.9936582],[126.7211863,34.9945848],[126.7207477,34.9954251],[126.72063,34.99562]]}},{"type":"Feature","id":"way/468940259","properties":{"addr:housenumber":"38","addr:postcode":"58272","addr:street":"가마태길","landuse":"residential","name":"용산주공1단지아파트"},"geometry":{"type":"Polygon","coordinates":[[[126.7205573,34.9944579],[126.7208481,34.9944816],[126.7210695,34.9944996],[126.7211026,34.9944488],[126.7212425,34.9942114],[126.7216687,34.993321],[126.7217736,34.9931018],[126.7218005,34.993003],[126.7216082,34.9929866],[126.7207959,34.9929172],[126.7207337,34.9929719],[126.7207114,34.9931479],[126.7206591,34.9934852],[126.7206481,34.9935935],[126.7206289,34.9937812],[126.7206098,34.9939682],[126.720581,34.994186],[126.7205701,34.9943308],[126.7205573,34.9944579]]]}},{"type":"Feature","id":"way/469338629","properties":{"cycleway":"lane","highway":"residential","lanes":"2","name":"등대길","name:en":"Deungdae-gil","name:ko":"등대길","surface":"asphalt"},"geometry":{"type":"LineString","coordinates":[[126.7058031,34.998788],[126.7061703,34.997215]]}},{"type":"Feature","id":"way/469338630","properties":{"highway":"residential","lanes":"1","name":"이창택지길","name:en":"Ichangtaekji-gil","name:ko":"이창택지길"},"geometry":{"type":"LineString","coordinates":[[126.7036328,34.9971085],[126.7034811,34.9967698],[126.7031484,34.9960271],[126.7030741,34.9958625]]}},{"type":"Feature","id":"way/469338633","properties":{"highway":"service","horse":"no","motor_vehicle":"no","name":"대흥1길","name:en":"Daeheung 1-gil","name:ko":"대흥1길","service":"alley","surface":"paved"},"geometry":{"type":"LineString","coordinates":[[126.7062652,34.9968799],[126.7066788,34.9969112],[126.7068075,34.9969595],[126.7071348,34.9969595],[126.7073118,34.9970738],[126.7074593,34.9972561],[126.7074643,34.9974571]]}},{"type":"Feature","id":"way/469338634","properties":{"highway":"service","horse":"no","motor_vehicle":"no","name":"대흥2길","name:en":"Daeheung 2-gil","name:ko":"대흥2길","service":"alley"},"geometry":{"type":"LineString","coordinates":[[126.7073118,34.9970738],[126.7075344,34.9969969],[126.7078615,34.9969459]]}},{"type":"Feature","id":"way/469338635","properties":{"highway":"residential","lanes":"1","noname":"yes"},"geometry":{"type":"LineString","coordinates":[[126.7064685,34.9960714],[126.7068335,34.9961388]]}},{"type":"Feature","id":"way/469338636","properties":{"highway":"residential","name":"대흥1길","name:en":"Daeheung 1-gil","name:ko":"대흥1길","surface":"asphalt"},"geometry":{"type":"LineString","coordinates":[[126.7074514,34.9951935],[126.70715,34.9954188],[126.7070682,34.9954844],[126.7070027,34.9955537],[126.7069655,34.9956057],[126.7069408,34.9956828],[126.7068335,34.9961388]]}},{"type":"Feature","id":"way/469338637","properties":{"highway":"service","horse":"no","motor_vehicle":"no","name":"대흥1길","name:en":"Daeheung 1-gil","name:ko":"대흥1길","service":"alley"},"geometry":{"type":"LineString","coordinates":[[126.7068335,34.9961388],[126.7070653,34.9964059],[126.7072154,34.9964253],[126.70782,34.996747],[126.7078564,34.9967824],[126.7078881,34.9968255]]}},{"type":"Feature","id":"way/469338638","properties":{"highway":"residential","lanes":"1","name":"주면1길","name:en":"Jumyeon 1-gil","name:ko":"주면1길","surface":"asphalt"},"geometry":{"type":"LineString","coordinates":[[126.7061703,34.997215],[126.7060458,34.997314],[126.7058144,34.9976078],[126.7057403,34.9976821],[126.7056807,34.997724],[126.7055656,34.9977779],[126.7054909,34.9978029],[126.7054115,34.9978287],[126.7053547,34.9978376],[126.7051453,34.9978295],[126.7049842,34.9978014],[126.7049111,34.9977751],[126.7048503,34.9977432],[126.7047864,34.9976892],[126.7047428,34.9976685],[126.7045548,34.9976103],[126.7045272,34.9976018],[126.7043547,34.9975076],[126.704314,34.9974742],[126.7042599,34.9974145],[126.7042143,34.9973264],[126.704158,34.9972715],[126.7040909,34.9972209],[126.7040253,34.9971678]]}},{"type":"Feature","id":"way/470225194","properties":{"highway":"residential","name":"남교1길","name:en":"Namgyo 1-gil","name:ko":"남교1길"},"geometry":{"type":"LineString","coordinates":[[126.7149127,34.9958958],[126.7154106,34.9959441],[126.7157916,34.9959974],[126.7160999,34.9960306],[126.7164827,34.9960879],[126.7167958,34.9961298],[126.7174291,34.9961864],[126.7180768,34.9962391],[126.7183512,34.9962599],[126.7191026,34.9963354],[126.7194464,34.996378],[126.7198922,34.9964381],[126.720293,34.9964796]]}},{"type":"Feature","id":"way/470225340","properties":{"highway":"residential","name":"남교본영길","name:en":"Namgyobonyeong-gil","name:ko":"남교본영길"},"geometry":{"type":"LineString","coordinates":[[126.7157916,34.9959974],[126.7155583,34.9970885],[126.7153104,34.9981746],[126.7152926,34.9982553],[126.7151163,34.9991888],[126.714976,34.999847]]}},{"type":"Feature","id":"way/470427801","properties":{"highway":"residential","lanes":"2","name":"대흥2길","name:en":"Daeheung 2-gil","name:ko":"대흥2길","surface":"asphalt"},"geometry":{"type":"LineString","coordinates":[[126.7061703,34.997215],[126.7067184,34.9973309],[126.7070166,34.9973862],[126.7074643,34.9974571],[126.7077046,34.9974981]]}},{"type":"Feature","id":"way/470930351","properties":{"highway":"service","name":"가마태길","name:en":"Gamatae-gil","name:ko":"가마태길"},"geometry":{"type":"LineString","coordinates":[[126.7204212,34.9945175],[126.7204526,34.9942491],[126.7205224,34.9937573],[126.720664,34.9928535],[126.7207818,34.9920747],[126.7209841,34.9911424]]}},{"type":"Feature","id":"way/470930360","properties":{"highway":"residential","name":"예향로","name:en":"Yehyang-ro","name:ko":"예향로"},"geometry":{"type":"LineString","coordinates":[[126.7137144,34.9939367],[126.7137789,34.9941805],[126.7138063,34.9942328],[126.7138216,34.9942545],[126.7138824,34.9943145],[126.7139964,34.9944397],[126.7140541,34.994521],[126.7141395,34.9946588],[126.7141622,34.9947196],[126.714073,34.9948722]]}},{"type":"Feature","id":"way/472242497","properties":{"highway":"primary","name":"예향로","name:en":"Yehyang-ro","name:ko":"예향로","oneway":"no","ref":"13"},"geometry":{"type":"LineString","coordinates":[[126.7105066,35.0060699],[126.7104746,35.0061455],[126.7104816,35.00621],[126.7105044,35.0063012],[126.7105202,35.0063776],[126.710565,35.0064931],[126.7106495,35.0066158],[126.711249,35.0075913],[126.7117172,35.0084838],[126.7119827,35.009091]]}},{"type":"Feature","id":"way/478283248","properties":{"addr:housenumber":"3803","addr:postcode":"58274","addr:street":"예향로","building":"service"},"geometry":{"type":"Polygon","coordinates":[[[126.7122808,34.9944883],[126.712315,34.9944109],[126.7123592,34.9943627],[126.7129401,34.9946216],[126.7129071,34.9947452],[126.7128889,34.9947392],[126.7128044,34.9950956],[126.7127654,34.9951152],[126.7125676,34.9950785],[126.7125974,34.9949923],[126.7126677,34.9950056],[126.7126791,34.9949807],[126.7125949,34.9949632],[126.712619,34.9948631],[126.7126835,34.9948772],[126.7127251,34.9946862],[126.7122808,34.9944883]]]}},{"type":"Feature","id":"way/508298919","properties":{"alt_name":"호남선","alt_name:ko":"호남선","bridge":"yes","electrified":"contact_line","frequency":"60","gauge":"1435","layer":"1","maxspeed":"230","name":"호남선","name:de":"Honam-Linie","name:en":"Honam Line","name:ja":"湖南線","name:ko":"호남선","name:ko-Hani":"湖南線","name:zh":"湖南線","name:zh-Hans":"湖南线","name:zh-Hant":"湖南線","operator":"한국철도공사","operator:en":"Korea Railroad Corporation","operator:ko":"한국철도공사","operator:short":"KORAIL","operator:type":"public","operator:wikidata":"Q18169","operator:wikipedia":"en:Korail","railway":"rail","railway:ats":"S1;S2","railway:ctc":"yes","railway:etcs":"1","railway:traffic_mode":"mixed","ref":"304","tracks":"1","usage":"main","voltage":"25000","workrules":"KR:RSA"},"geometry":{"type":"LineString","coordinates":[[126.709861,35.0078919],[126.7101276,35.008065],[126.7106484,35.0084334],[126.7112025,35.0088199],[126.7117319,35.009215]]}},{"type":"Feature","id":"way/508298920","properties":{"alt_name":"호남선","alt_name:ko":"호남선","electrified":"contact_line","frequency":"60","gauge":"1435","layer":"-1","maxspeed":"230","name":"호남선","name:de":"Honam-Linie","name:en":"Honam Line","name:ja":"湖南線","name:ko":"호남선","name:ko-Hani":"湖南線","name:zh":"湖南線","name:zh-Hans":"湖南线","name:zh-Hant":"湖南線","operator":"한국철도공사","operator:en":"Korea Railroad Corporation","operator:ko":"한국철도공사","operator:short":"KORAIL","operator:type":"public","operator:wikidata":"Q18169","operator:wikipedia":"en:Korail","railway":"rail","railway:ats":"S1;S2","railway:ctc":"yes","railway:etcs":"1","railway:traffic_mode":"mixed","ref":"304","tracks":"1","tunnel":"yes","usage":"main","voltage":"25000","workrules":"KR:RSA"},"geometry":{"type":"LineString","coordinates":[[126.7064675,35.0065114],[126.7076093,35.0068636],[126.7086055,35.0072548],[126.7097988,35.0078491],[126.709861,35.0078919]]}},{"type":"Feature","id":"way/508298921","properties":{"alt_name":"호남선","alt_name:ko":"호남선","electrified":"contact_line","frequency":"60","gauge":"1435","maxspeed":"230","name":"호남선","name:de":"Honam-Linie","name:en":"Honam Line","name:ja":"湖南線","name:ko":"호남선","name:ko-Hani":"湖南線","name:zh":"湖南線","name:zh-Hans":"湖南线","name:zh-Hant":"湖南線","operator":"한국철도공사","operator:en":"Korea Railroad Corporation","operator:ko":"한국철도공사","operator:short":"KORAIL","operator:type":"public","operator:wikidata":"Q18169","operator:wikipedia":"en:Korail","railway":"rail","railway:ats":"S1;S2","railway:ctc":"yes","railway:etcs":"1","railway:traffic_mode":"mixed","ref":"304","tracks":"1","usage":"main","voltage":"25000","workrules":"KR:RSA"},"geometry":{"type":"LineString","coordinates":[[126.7053099,35.00626],[126.7064675,35.0065114]]}},{"type":"Feature","id":"way/508298922","properties":{"alt_name":"호남선","alt_name:ko":"호남선","electrified":"contact_line","frequency":"60","gauge":"1435","layer":"-1","maxspeed":"230","name":"호남선","name:de":"Honam-Linie","name:en":"Honam Line","name:ja":"湖南線","name:ko":"호남선","name:ko-Hani":"湖南線","name:zh":"湖南線","name:zh-Hans":"湖南线","name:zh-Hant":"湖南線","operator":"한국철도공사","operator:en":"Korea Railroad Corporation","operator:ko":"한국철도공사","operator:short":"KORAIL","operator:type":"public","operator:wikidata":"Q18169","operator:wikipedia":"en:Korail","railway":"rail","railway:ats":"S1;S2","railway:ctc":"yes","railway:etcs":"1","railway:traffic_mode":"mixed","ref":"304","tracks":"1","tunnel":"yes","usage":"main","voltage":"25000","workrules":"KR:RSA"},"geometry":{"type":"LineString","coordinates":[[126.7033605,35.0060213],[126.7038262,35.0060297],[126.7043607,35.0060715],[126.7053099,35.00626]]}},{"type":"Feature","id":"way/508298923","properties":{"alt_name":"호남선","alt_name:ko":"호남선","bridge":"yes","electrified":"contact_line","frequency":"60","gauge":"1435","layer":"1","maxspeed":"230","name":"호남선","name:de":"Honam-Linie","name:en":"Honam Line","name:ja":"湖南線","name:ko":"호남선","name:ko-Hani":"湖南線","name:zh":"湖南線","name:zh-Hans":"湖南线","name:zh-Hant":"湖南線","operator":"한국철도공사","operator:en":"Korea Railroad Corporation","operator:ko":"한국철도공사","operator:short":"KORAIL","operator:type":"public","operator:wikidata":"Q18169","operator:wikipedia":"en:Korail","railway":"rail","railway:ats":"S1;S2","railway:ctc":"yes","railway:etcs":"1","railway:traffic_mode":"mixed","ref":"304","tracks":"1","usage":"main","voltage":"25000","workrules":"KR:RSA"},"geometry":{"type":"LineString","coordinates":[[126.7013541,35.006049],[126.7022215,35.0060693],[126.7028529,35.0060585],[126.703112,35.0060418]]}},{"type":"Feature","id":"way/508298924","properties":{"alt_name":"호남선","alt_name:ko":"호남선","electrified":"contact_line","frequency":"60","gauge":"1435","maxspeed":"230","name":"호남선","name:de":"Honam-Linie","name:en":"Honam Line","name:ja":"湖南線","name:ko":"호남선","name:ko-Hani":"湖南線","name:zh":"湖南線","name:zh-Hans":"湖南线","name:zh-Hant":"湖南線","operator":"한국철도공사","operator:en":"Korea Railroad Corporation","operator:ko":"한국철도공사","operator:short":"KORAIL","operator:type":"public","operator:wikidata":"Q18169","operator:wikipedia":"en:Korail","railway":"rail","railway:ats":"S1;S2","railway:ctc":"yes","railway:etcs":"1","railway:traffic_mode":"mixed","ref":"304","tracks":"1","usage":"main","voltage":"25000","workrules":"KR:RSA"},"geometry":{"type":"LineString","coordinates":[[126.703112,35.0060418],[126.7033605,35.0060213]]}},{"type":"Feature","id":"way/508298928","properties":{"name":"내영산","natural":"wood"},"geometry":{"type":"Polygon","coordinates":[[[126.7095298,35.0080679],[126.7090067,35.0083509],[126.7085771,35.0084198],[126.7072415,35.0085728],[126.7068398,35.0085575],[126.7063075,35.008328],[126.7060366,35.0080679],[126.7055229,35.0077236],[126.7048224,35.0076089],[126.70429,35.0075859],[126.7040752,35.0075171],[126.7034307,35.0068957],[126.7032253,35.0064996],[126.7030852,35.0062548],[126.7030852,35.0057804],[126.7028517,35.0056121],[126.7027302,35.0049313],[126.7029077,35.0046558],[126.7033,35.0046558],[126.7038791,35.0048548],[126.7045609,35.0051531],[126.7050466,35.0054362],[126.7055976,35.0059105],[126.7061674,35.0062165],[126.7067745,35.00601],[126.707137,35.0059079],[126.7080447,35.0060712],[126.7086147,35.0063205],[126.7087471,35.0064516],[126.7092803,35.0067913],[126.7098753,35.0071192],[126.7100715,35.0072875],[126.7102209,35.0076242],[126.7102116,35.0078231],[126.7095298,35.0080679]]]}},{"type":"Feature","id":"way/508838353","properties":{"highway":"residential","name":"남교1길","name:en":"Namgyo 1-gil","name:ko":"남교1길"},"geometry":{"type":"LineString","coordinates":[[126.7167958,34.9961298],[126.7169529,34.9951593]]}},{"type":"Feature","id":"way/535468587","properties":{"highway":"residential","name":"영산1길","name:en":"Yeongsan 1-gil","name:ko":"영산1길"},"geometry":{"type":"LineString","coordinates":[[126.7103243,34.9987892],[126.7109707,34.9987045],[126.7111369,34.9986899],[126.7113086,34.9986819],[126.7114004,34.9986979],[126.712004,34.9988191],[126.7121124,34.9988384],[126.712252,34.9988582],[126.712805,34.9989244],[126.7136207,34.9990279]]}},{"type":"Feature","id":"way/535468588","properties":{"highway":"residential","name":"영산1길","name:en":"Yeongsan 1-gil","name:ko":"영산1길"},"geometry":{"type":"LineString","coordinates":[[126.711072,34.9997433],[126.7111771,34.9994243],[126.7112407,34.9992925],[126.7112747,34.999189],[126.7112925,34.999114],[126.7113112,34.9989379],[126.7113193,34.9987781],[126.7113086,34.9986819]]}},{"type":"Feature","id":"way/535468589","properties":{"highway":"residential","name":"노봉길","name:en":"Nobong-gil","name:ko":"노봉길"},"geometry":{"type":"LineString","coordinates":[[126.7180768,34.9962391],[126.718052,34.996394],[126.7180471,34.9964632],[126.7180502,34.9965256],[126.7180863,34.9966428],[126.7181433,34.9969304],[126.7181438,34.9970977],[126.7181251,34.9973694],[126.7181339,34.9975522],[126.7181214,34.9975889],[126.7180162,34.9978984],[126.7179663,34.9980159],[126.7179075,34.9981215],[126.7176659,34.998462],[126.7176208,34.9985342],[126.7175875,34.99861],[126.717532,34.9988345],[126.7174386,34.9991597],[126.7173219,34.9993471],[126.7171164,34.9994772],[126.716995,34.999481],[126.7167615,34.9994313],[126.7164299,34.9994772],[126.7162431,34.9995652],[126.7162011,34.9996647],[126.7161996,34.9997344],[126.7161917,35.0001046],[126.7160937,35.0002461],[126.7157621,35.0005713],[126.7154632,35.0007473],[126.7152345,35.0008248],[126.7151616,35.000831],[126.7150918,35.000812],[126.7150474,35.0007627],[126.7150072,35.0006872],[126.7149967,35.00064],[126.7149982,35.0005494],[126.7150291,35.0004852],[126.7150803,35.0004171],[126.7152017,35.0002959],[126.7152904,35.0002308],[126.7153196,35.0001793],[126.7153169,35.0001051],[126.7152827,35.0000589],[126.7152196,35.0000234],[126.7151472,35.0000257],[126.7149387,34.9999943]]}},{"type":"Feature","id":"way/539330151","properties":{"natural":"water","water":"canal"},"geometry":{"type":"Polygon","coordinates":[[[126.70092,34.9964087],[126.7008264,34.9961937],[126.7008162,34.9959937],[126.7008773,34.9954354],[126.7009688,34.9950021],[126.7011723,34.9946104],[126.7017521,34.9941188],[126.7029524,34.9935688],[126.7042138,34.9930021],[126.7049156,34.9925604],[126.7053378,34.9921479],[126.7056249,34.9919882],[126.7057477,34.9921932],[126.7058633,34.9924263],[126.7054243,34.992948],[126.7050581,34.9932521],[126.7047325,34.9935521],[126.7037255,34.9941104],[126.7026015,34.9945521],[126.7019454,34.9949729],[126.7017623,34.9952271],[126.7016453,34.9957604],[126.7017048,34.996215],[126.701368,34.9962739],[126.70092,34.9964087]]]}},{"type":"Feature","id":"way/539330155","properties":{"footway":"sidewalk","highway":"footway"},"geometry":{"type":"LineString","coordinates":[[126.7222966,35.0103063],[126.7222589,35.010417],[126.7222049,35.010436],[126.7220739,35.0104139],[126.721619,35.0103507],[126.7215227,35.0103697],[126.7214263,35.0104896],[126.7213415,35.0105402],[126.721037,35.0105844],[126.7209445,35.0105654],[126.7208173,35.0105117],[126.7205822,35.0103918],[126.7198228,35.0102308],[126.7193911,35.0100413],[126.7184043,35.0095994],[126.7172672,35.0090469],[126.7169319,35.0089427],[126.7167083,35.0088732],[126.716558,35.0087943],[126.7163923,35.0086364],[126.7161417,35.008406],[126.7159374,35.0081629],[126.7157524,35.0078756],[126.7155751,35.0076735],[126.7149815,35.0071873],[126.7142684,35.0065085],[126.71396,35.0063348],[126.7136979,35.006218],[126.7133664,35.0060886],[126.7130388,35.0058581],[126.712469,35.0054532],[126.7123103,35.0053403],[126.711895,35.0050193],[126.7113003,35.0045575],[126.7101827,35.0037431]]}},{"type":"Feature","id":"way/539330156","properties":{"footway":"sidewalk","highway":"footway"},"geometry":{"type":"LineString","coordinates":[[126.71396,35.0063348],[126.7139677,35.0061359],[126.7139331,35.0058928],[126.713856,35.0058107],[126.7131429,35.0051383],[126.7126109,35.0047625],[126.7123912,35.0045636],[126.7122824,35.0044027],[126.7122332,35.00433],[126.7119788,35.0041784],[126.7117899,35.0039985],[126.7115524,35.0036988],[126.7113621,35.0034586],[126.7111285,35.0032618],[126.7110884,35.0032281],[126.7109149,35.0029818],[126.7107954,35.0028871],[126.7105141,35.0027671],[126.7104224,35.002733],[126.7103869,35.0027197],[126.7100053,35.0025398],[126.7099197,35.0025201],[126.7097933,35.0024829],[126.7096584,35.0025303],[126.7096429,35.002644],[126.7095543,35.0028169],[126.7094799,35.0029621],[126.7093608,35.003406]]}},{"type":"Feature","id":"way/539330157","properties":{"footway":"sidewalk","highway":"footway"},"geometry":{"type":"LineString","coordinates":[[126.7115524,35.0036988],[126.7113198,35.0037131],[126.7111772,35.0037099],[126.7110422,35.0036499],[126.7109844,35.0035331],[126.7109112,35.0033563],[126.7108796,35.0033434],[126.7108341,35.0033247],[126.7107591,35.0033018],[126.7106067,35.0032553],[126.7104525,35.0032205],[126.7102906,35.0031953],[126.7101441,35.0030943],[126.7100324,35.0029964],[126.7099791,35.0029796],[126.7099321,35.0029648],[126.7097047,35.00288],[126.7094799,35.0029621]]}},{"type":"Feature","id":"way/539330158","properties":{"footway":"sidewalk","highway":"footway"},"geometry":{"type":"LineString","coordinates":[[126.7093608,35.003406],[126.7094812,35.0033137],[126.7095216,35.0032237],[126.7097047,35.00288],[126.7099197,35.0025201]]}},{"type":"Feature","id":"way/539330159","properties":{"footway":"sidewalk","highway":"footway"},"geometry":{"type":"LineString","coordinates":[[126.7098665,35.0036553],[126.7098628,35.0035126],[126.7098801,35.0033895],[126.7099791,35.0029796],[126.7100362,35.0028322],[126.7101653,35.0027927],[126.7104224,35.002733]]}},{"type":"Feature","id":"way/539330160","properties":{"footway":"sidewalk","highway":"footway"},"geometry":{"type":"LineString","coordinates":[[126.7099629,35.003706],[126.7101827,35.0037431],[126.710572,35.0037084],[126.7106799,35.0036784],[126.7107146,35.0036357],[126.7107377,35.003511],[126.7107591,35.0033018]]}},{"type":"Feature","id":"way/539330161","properties":{"footway":"sidewalk","highway":"footway"},"geometry":{"type":"LineString","coordinates":[[126.7108796,35.0033434],[126.7109806,35.0033184],[126.7111285,35.0032618]]}},{"type":"Feature","id":"way/539330162","properties":{"footway":"sidewalk","highway":"footway"},"geometry":{"type":"LineString","coordinates":[[126.7131429,35.0051383],[126.7127746,35.0051903],[126.7125457,35.0051612]]}},{"type":"Feature","id":"way/539330164","properties":{"footway":"sidewalk","highway":"footway"},"geometry":{"type":"LineString","coordinates":[[126.712469,35.0054532],[126.7125101,35.0053632],[126.7125355,35.005282],[126.7125457,35.0051612],[126.7124796,35.0050716],[126.7123117,35.0049862],[126.7121617,35.004932],[126.7120345,35.00498],[126.711895,35.0050193]]}},{"type":"Feature","id":"way/539330167","properties":{"footway":"sidewalk","highway":"footway"},"geometry":{"type":"LineString","coordinates":[[126.7121617,35.004932],[126.7121973,35.0047008],[126.7122824,35.0044027]]}},{"type":"Feature","id":"way/539331007","properties":{"footway":"sidewalk","highway":"footway"},"geometry":{"type":"LineString","coordinates":[[126.7182561,35.0037092],[126.7187354,35.0043888],[126.7209755,35.0052014],[126.7209918,35.0052813],[126.7209836,35.005864],[126.7209348,35.0059273],[126.7208251,35.0059506],[126.7203901,35.0059007],[126.7199835,35.0057774],[126.7196501,35.0056276],[126.7194875,35.005581],[126.7191135,35.005561],[126.7188045,35.0054911],[126.7186419,35.0053179],[126.7184956,35.0050149],[126.7184346,35.0049616],[126.7183695,35.0051081],[126.7183411,35.0053079],[126.7182882,35.0053645],[126.7180321,35.0054678],[126.7177272,35.0055477],[126.7174426,35.0055144],[126.717284,35.0057874]]}},{"type":"Feature","id":"way/540100665","properties":{"highway":"service","service":"parking_aisle"},"geometry":{"type":"LineString","coordinates":[[126.7042501,35.0022596],[126.7042184,35.0021825],[126.7041986,35.0021321],[126.7039782,35.0020145],[126.7034462,35.0017594],[126.703114,35.0016545],[126.7030013,35.0015786],[126.7029472,35.0014946],[126.7029004,35.0013238],[126.7028587,35.0011967],[126.7028543,35.0011713],[126.7028468,35.0011275],[126.7029087,35.001009],[126.7029626,35.0008978],[126.7024804,35.0007383],[126.7020354,35.0007355]]}},{"type":"Feature","id":"way/540100666","properties":{"highway":"service","surface":"asphalt"},"geometry":{"type":"LineString","coordinates":[[126.7034462,35.0017594],[126.7049477,35.0021395],[126.7057957,35.0025468],[126.7059028,35.0026252]]}},{"type":"Feature","id":"way/540100669","properties":{"highway":"service","name":"금영로","name:en":"Geumyeong-ro","name:ko":"금영로"},"geometry":{"type":"LineString","coordinates":[[126.7156271,34.9950059],[126.71565,34.9948994],[126.7157582,34.9943966],[126.7157855,34.994329],[126.7164339,34.994412],[126.7164489,34.9943613],[126.7168428,34.9940023]]}},{"type":"Feature","id":"way/540100670","properties":{"highway":"service","name":"남교1길","name:en":"Namgyo 1-gil","name:ko":"남교1길"},"geometry":{"type":"LineString","coordinates":[[126.7160999,34.9960306],[126.7161242,34.996107],[126.7162083,34.9963863],[126.7162368,34.996517],[126.7162397,34.9965494],[126.7162476,34.9966398],[126.7162455,34.9967191],[126.7162269,34.9969008],[126.716213,34.9970661],[126.7162034,34.9971873]]}},{"type":"Feature","id":"way/540100671","properties":{"highway":"service","name":"남교2길","name:en":"Namgyo 2-gil","name:ko":"남교2길"},"geometry":{"type":"LineString","coordinates":[[126.7167503,34.9972765],[126.716767,34.9973401],[126.7167692,34.9974097],[126.7167734,34.997604],[126.716772,34.9976906],[126.716756,34.9978463],[126.7167489,34.9979202],[126.7167514,34.9979495],[126.7167703,34.9979978],[126.7168226,34.9980881],[126.71684,34.9981551],[126.7168573,34.9982505],[126.7168623,34.9983418],[126.7168623,34.9984615],[126.7168573,34.9985508],[126.7168523,34.9986421],[126.7168325,34.9987375],[126.7167954,34.9988532]]}},{"type":"Feature","id":"way/540205105","properties":{"highway":"service","name":"금영로","name:en":"Geumyeong-ro","name:ko":"금영로"},"geometry":{"type":"LineString","coordinates":[[126.7144927,34.9942608],[126.7144096,34.9948988]]}},{"type":"Feature","id":"way/540205106","properties":{"amenity":"school","isced:level":"1","name":"영산포초등학교","wikidata":"Q18815635"},"geometry":{"type":"Polygon","coordinates":[[[126.7138604,34.9942176],[126.7137525,34.9935387],[126.7136971,34.9929783],[126.713959,34.9927966],[126.7143225,34.9926679],[126.7147477,34.9926325],[126.7155703,34.9926754],[126.7155673,34.9930995],[126.7155255,34.9932],[126.7154462,34.993359],[126.7154132,34.9935109],[126.715404,34.9938188],[126.7153177,34.9938643],[126.7151113,34.9941974],[126.7150004,34.9942984],[126.7148278,34.9943287],[126.7144057,34.9943236],[126.7143379,34.9942479],[126.7138604,34.9942176]]]}},{"type":"Feature","id":"way/540880154","properties":{"highway":"residential","oneway":"yes"},"geometry":{"type":"LineString","coordinates":[[126.7106495,35.0066158],[126.7105368,35.0064945],[126.7104706,35.0064385],[126.7104001,35.006396],[126.7103237,35.0063624],[126.7101921,35.006341],[126.7099483,35.0063853]]}},{"type":"Feature","id":"way/540880204","properties":{"highway":"service","service":"parking_aisle"},"geometry":{"type":"LineString","coordinates":[[126.705666,35.00451],[126.7056112,35.0045893],[126.7052983,35.0044401],[126.7053684,35.0043253]]}},{"type":"Feature","id":"way/540880205","properties":{"highway":"service","service":"parking_aisle"},"geometry":{"type":"LineString","coordinates":[[126.705666,35.00451],[126.7055949,35.0044267],[126.7053684,35.0043253],[126.7050928,35.0042316],[126.7049014,35.0041742],[126.7045651,35.0041092],[126.7041238,35.004071],[126.7038413,35.0040671]]}},{"type":"Feature","id":"way/540883736","properties":{"amenity":"parking"},"geometry":{"type":"Polygon","coordinates":[[[126.7042488,35.0077845],[126.7043789,35.0075514],[126.705007,35.0077562],[126.7049924,35.0077831],[126.7048606,35.008026],[126.7042488,35.0077845]]]}},{"type":"Feature","id":"way/540883742","properties":{"natural":"water","water":"pond"},"geometry":{"type":"Polygon","coordinates":[[[126.7313327,35.0040125],[126.7312952,35.0038411],[126.7311342,35.0036873],[126.7307319,35.0033007],[126.7304637,35.0031073],[126.7299165,35.002892],[126.7290743,35.0027514],[126.7287685,35.0026284],[126.7280765,35.0026767],[126.7264618,35.0028349],[126.7255338,35.0030898],[126.7249866,35.0032611],[126.7242839,35.0034632],[126.7233666,35.0036522],[126.7225887,35.0037005],[126.7218538,35.0036873],[126.7213442,35.003617],[126.7211993,35.0035028],[126.7210706,35.0033095],[126.7208882,35.0031908],[126.7207595,35.0031601],[126.7204483,35.0032392],[126.720164,35.0032743],[126.7199172,35.0032304],[126.7195954,35.0031117],[126.7191609,35.0028481],[126.718898,35.002725],[126.7184688,35.0026943],[126.7178734,35.00287],[126.7178037,35.0027382],[126.7183616,35.0025273],[126.7184635,35.0024526],[126.7184581,35.0023955],[126.718619,35.0023559],[126.7196007,35.0021714],[126.7199333,35.0021933],[126.7207916,35.0024394],[126.7219182,35.0025976],[126.7220415,35.0025537],[126.72224,35.0024306],[126.7224171,35.0024306],[126.7226477,35.0024965],[126.7230554,35.0027119],[126.7233719,35.0028217],[126.7235168,35.0027778],[126.723667,35.0026591],[126.7238762,35.0021933],[126.723962,35.0021186],[126.7241122,35.0020747],[126.7247935,35.0020044],[126.7254533,35.0018154],[126.7262472,35.0017759],[126.7263975,35.0017759],[126.7264886,35.0018374],[126.7269983,35.00171],[126.7271592,35.0017583],[126.7273952,35.0019605],[126.7275991,35.0020791],[126.7277493,35.0020747],[126.7280497,35.0019561],[126.7282214,35.0017671],[126.7288812,35.0017232],[126.729187,35.001732],[126.7294444,35.0018418],[126.7296,35.0018945],[126.7297878,35.0019517],[126.7300506,35.0023208],[126.7304369,35.002602],[126.7315688,35.0029096],[126.7339184,35.0031073],[126.7342188,35.0031776],[126.7342778,35.0033007],[126.7342885,35.0034808],[126.734208,35.0036873],[126.734149,35.0038587],[126.7313327,35.0040125]]]}},{"type":"Feature","id":"way/541799436","properties":{"highway":"service","name":"영산포로","name:en":"Yeongsanpo-ro","name:ko":"영산포로"},"geometry":{"type":"LineString","coordinates":[[126.7098501,34.9976295],[126.7102987,34.9973123],[126.7104536,34.9972061],[126.7106319,34.9970838],[126.711176,34.9967156],[126.7111957,34.9967023],[126.7109026,34.9963871]]}},{"type":"Feature","id":"way/541799437","properties":{"highway":"service","name":"골모실길","name:en":"Golmosil-gil","name:ko":"골모실길"},"geometry":{"type":"LineString","coordinates":[[126.7161996,34.9997344],[126.7154088,34.9995478],[126.7152852,34.9995178],[126.7152879,34.9994778],[126.7153042,34.9993945],[126.7153855,34.9991348],[126.7154993,34.9989083],[126.7155246,34.9988128],[126.7155486,34.9985496],[126.7155506,34.9985129],[126.7155522,34.9984821],[126.7154715,34.9983879],[126.7154005,34.998309],[126.7152926,34.9982553],[126.7151767,34.9982461],[126.7151318,34.9982477],[126.7150044,34.9982787],[126.7148365,34.9983223],[126.7147391,34.9983289],[126.7146766,34.9983289],[126.7146018,34.9983204],[126.7145458,34.9983118],[126.7141253,34.9982411],[126.7139956,34.9982154],[126.7138009,34.998178]]}},{"type":"Feature","id":"way/591007014","properties":{"alt_name":"호남선","alt_name:ko":"호남선","electrified":"contact_line","frequency":"60","gauge":"1435","layer":"-1","maxspeed":"230","name":"호남선","name:de":"Honam-Linie","name:en":"Honam Line","name:ja":"湖南線","name:ko":"호남선","name:ko-Hani":"湖南線","name:zh":"湖南線","name:zh-Hans":"湖南线","name:zh-Hant":"湖南線","operator":"한국철도공사","operator:en":"Korea Railroad Corporation","operator:ko":"한국철도공사","operator:short":"KORAIL","operator:type":"public","operator:wikidata":"Q18169","operator:wikipedia":"en:Korail","railway":"rail","railway:ats":"S1;S2","railway:ctc":"yes","railway:etcs":"1","railway:traffic_mode":"mixed","ref":"304","tracks":"1","tunnel":"yes","usage":"main","voltage":"25000","workrules":"KR:RSA"},"geometry":{"type":"LineString","coordinates":[[126.709795,35.0078911],[126.7089249,35.0074707],[126.7078592,35.0070093],[126.7064489,35.0065353]]}},{"type":"Feature","id":"way/591007015","properties":{"alt_name":"호남선","alt_name:ko":"호남선","electrified":"contact_line","frequency":"60","gauge":"1435","name":"호남선","name:de":"Honam-Linie","name:en":"Honam Line","name:ja":"湖南線","name:ko":"호남선","name:ko-Hani":"湖南線","name:zh":"湖南線","name:zh-Hans":"湖南线","name:zh-Hant":"湖南線","operator":"한국철도공사","operator:en":"Korea Railroad Corporation","operator:ko":"한국철도공사","operator:short":"KORAIL","operator:type":"public","operator:wikidata":"Q18169","operator:wikipedia":"en:Korail","railway":"rail","railway:ats":"S1;S2","railway:ctc":"yes","railway:etcs":"1","railway:traffic_mode":"mixed","ref":"304","tracks":"1","usage":"main","voltage":"25000","workrules":"KR:RSA"},"geometry":{"type":"LineString","coordinates":[[126.7099372,35.0079901],[126.709795,35.0078911]]}},{"type":"Feature","id":"way/591007016","properties":{"alt_name":"호남선","alt_name:ko":"호남선","bridge":"yes","electrified":"contact_line","frequency":"60","gauge":"1435","layer":"1","maxspeed":"230","name":"호남선","name:de":"Honam-Linie","name:en":"Honam Line","name:ja":"湖南線","name:ko":"호남선","name:ko-Hani":"湖南線","name:zh":"湖南線","name:zh-Hans":"湖南线","name:zh-Hant":"湖南線","operator":"한국철도공사","operator:en":"Korea Railroad Corporation","operator:ko":"한국철도공사","operator:short":"KORAIL","operator:type":"public","operator:wikidata":"Q18169","operator:wikipedia":"en:Korail","railway":"rail","railway:ats":"S1;S2","railway:ctc":"yes","railway:etcs":"1","railway:traffic_mode":"mixed","ref":"304","tracks":"1","usage":"main","voltage":"25000","workrules":"KR:RSA"},"geometry":{"type":"LineString","coordinates":[[126.7118151,35.0093281],[126.7110714,35.0087693],[126.7105104,35.0083861],[126.7099372,35.0079901]]}},{"type":"Feature","id":"way/591007017","properties":{"alt_name":"호남선","alt_name:ko":"호남선","electrified":"contact_line","frequency":"60","gauge":"1435","maxspeed":"230","name":"호남선","name:de":"Honam-Linie","name:en":"Honam Line","name:ja":"湖南線","name:ko":"호남선","name:ko-Hani":"湖南線","name:zh":"湖南線","name:zh-Hans":"湖南线","name:zh-Hant":"湖南線","operator":"한국철도공사","operator:en":"Korea Railroad Corporation","operator:ko":"한국철도공사","operator:short":"KORAIL","operator:type":"public","operator:wikidata":"Q18169","operator:wikipedia":"en:Korail","railway":"rail","railway:ats":"S1;S2","railway:ctc":"yes","railway:etcs":"1","railway:traffic_mode":"mixed","ref":"304","tracks":"1","usage":"main","voltage":"25000","workrules":"KR:RSA"},"geometry":{"type":"LineString","coordinates":[[126.7064489,35.0065353],[126.7052894,35.0062823]]}},{"type":"Feature","id":"way/591007018","properties":{"alt_name":"호남선","alt_name:ko":"호남선","electrified":"contact_line","frequency":"60","gauge":"1435","layer":"-1","maxspeed":"230","name":"호남선","name:de":"Honam-Linie","name:en":"Honam Line","name:ja":"湖南線","name:ko":"호남선","name:ko-Hani":"湖南線","name:zh":"湖南線","name:zh-Hans":"湖南线","name:zh-Hant":"湖南線","operator":"한국철도공사","operator:en":"Korea Railroad Corporation","operator:ko":"한국철도공사","operator:short":"KORAIL","operator:type":"public","operator:wikidata":"Q18169","operator:wikipedia":"en:Korail","railway":"rail","railway:ats":"S1;S2","railway:ctc":"yes","railway:etcs":"1","railway:traffic_mode":"mixed","ref":"304","tracks":"1","tunnel":"yes","usage":"main","voltage":"25000","workrules":"KR:RSA"},"geometry":{"type":"LineString","coordinates":[[126.7052894,35.0062823],[126.7043695,35.0061204],[126.7038742,35.0060917],[126.7033872,35.0060763]]}},{"type":"Feature","id":"way/591007019","properties":{"alt_name":"호남선","alt_name:ko":"호남선","electrified":"contact_line","frequency":"60","gauge":"1435","maxspeed":"230","name":"호남선","name:de":"Honam-Linie","name:en":"Honam Line","name:ja":"湖南線","name:ko":"호남선","name:ko-Hani":"湖南線","name:zh":"湖南線","name:zh-Hans":"湖南线","name:zh-Hant":"湖南線","operator":"한국철도공사","operator:en":"Korea Railroad Corporation","operator:ko":"한국철도공사","operator:short":"KORAIL","operator:type":"public","operator:wikidata":"Q18169","operator:wikipedia":"en:Korail","railway":"rail","railway:ats":"S1;S2","railway:ctc":"yes","railway:etcs":"1","railway:traffic_mode":"mixed","ref":"304","tracks":"1","usage":"main","voltage":"25000","workrules":"KR:RSA"},"geometry":{"type":"LineString","coordinates":[[126.7033872,35.0060763],[126.7030509,35.0060893]]}},{"type":"Feature","id":"way/591007020","properties":{"alt_name":"호남선","alt_name:ko":"호남선","bridge":"yes","electrified":"contact_line","frequency":"60","gauge":"1435","layer":"1","maxspeed":"230","name":"호남선","name:de":"Honam-Linie","name:en":"Honam Line","name:ja":"湖南線","name:ko":"호남선","name:ko-Hani":"湖南線","name:zh":"湖南線","name:zh-Hans":"湖南线","name:zh-Hant":"湖南線","operator":"한국철도공사","operator:en":"Korea Railroad Corporation","operator:ko":"한국철도공사","operator:short":"KORAIL","operator:type":"public","operator:wikidata":"Q18169","operator:wikipedia":"en:Korail","railway":"rail","railway:ats":"S1;S2","railway:ctc":"yes","railway:etcs":"1","railway:traffic_mode":"mixed","ref":"304","tracks":"1","usage":"main","voltage":"25000","workrules":"KR:RSA"},"geometry":{"type":"LineString","coordinates":[[126.7030509,35.0060893],[126.7021985,35.0061042],[126.7013409,35.0060867]]}},{"type":"Feature","id":"way/592351252","properties":{"highway":"service","name":"오포길","name:en":"Opo-gil","name:ko":"오포길"},"geometry":{"type":"LineString","coordinates":[[126.7139836,34.9957156],[126.7138865,34.9959317],[126.7138479,34.996005],[126.7138276,34.9960349],[126.7137382,34.9961282],[126.7136203,34.9962464],[126.7135532,34.9962964],[126.7134495,34.996383],[126.7133503,34.9963812]]}},{"type":"Feature","id":"way/592351254","properties":{"highway":"service","name":"남교2길","name:en":"Namgyo 2-gil","name:ko":"남교2길"},"geometry":{"type":"LineString","coordinates":[[126.7162034,34.9971873],[126.7162263,34.997413],[126.7161432,34.9974734],[126.7161281,34.997484],[126.7161661,34.997542],[126.7162086,34.9976063],[126.7162609,34.9977241],[126.7162838,34.9977549],[126.7165191,34.9980013],[126.7166041,34.9979892],[126.7166597,34.9979852],[126.7167006,34.9979758],[126.7167185,34.9979691],[126.7167514,34.9979495]]}},{"type":"Feature","id":"way/592351258","properties":{"highway":"service","name":"남교1길","name:en":"Namgyo 1-gil","name:ko":"남교1길"},"geometry":{"type":"LineString","coordinates":[[126.7189049,34.9954039],[126.7189289,34.9955539],[126.7189744,34.9956261],[126.7190228,34.9957007],[126.7190825,34.9957637],[126.7191594,34.9958196],[126.7192504,34.9958756],[126.7193529,34.9959129],[126.7194053,34.9959326],[126.7194622,34.9959629],[126.7195262,34.9960048],[126.7196045,34.9960491],[126.7196514,34.9960794],[126.7196842,34.9961039],[126.7197169,34.9961354],[126.7197582,34.996182],[126.719788,34.9962217],[126.7198137,34.9962636],[126.7198521,34.9963324],[126.719872,34.9963837],[126.7198922,34.9964381]]}},{"type":"Feature","id":"way/592351261","properties":{"highway":"service"},"geometry":{"type":"LineString","coordinates":[[126.7187573,34.9943333],[126.7187151,34.9946219],[126.7187151,34.9946496],[126.718732,34.9946926],[126.718777,34.994748],[126.7189028,34.9948772]]}},{"type":"Feature","id":"way/592351282","properties":{"highway":"service","name":"남교2길","name:en":"Namgyo 2-gil","name:ko":"남교2길"},"geometry":{"type":"LineString","coordinates":[[126.7144773,34.996924],[126.7144504,34.9970679],[126.7144362,34.997125],[126.7143949,34.9972742],[126.7144078,34.9973698],[126.7144109,34.9973929],[126.7144533,34.9977125]]}},{"type":"Feature","id":"way/592351284","properties":{"highway":"service","name":"남교2길","name:en":"Namgyo 2-gil","name:ko":"남교2길"},"geometry":{"type":"LineString","coordinates":[[126.7168024,34.9972852],[126.7167882,34.9964248]]}},{"type":"Feature","id":"way/699402801","properties":{"highway":"residential","layer":"-1","tunnel":"yes"},"geometry":{"type":"LineString","coordinates":[[126.7105629,35.0058414],[126.7108166,35.0060143]]}},{"type":"Feature","id":"way/699402802","properties":{"highway":"residential","lanes":"2","name":"영강길","name:en":"Yeonggang-gil","name:ko":"영강길","oneway":"no","surface":"asphalt"},"geometry":{"type":"LineString","coordinates":[[126.7108166,35.0060143],[126.7109502,35.006109],[126.7112788,35.0063229],[126.7113824,35.0063855],[126.7120138,35.0067672],[126.7122918,35.0069402],[126.7129258,35.0073349],[126.7129311,35.0073381],[126.7124321,35.0078144],[126.7117172,35.0084838]]}},{"type":"Feature","id":"way/709805517","properties":{"highway":"residential","name":"남교1길","name:en":"Namgyo 1-gil","name:ko":"남교1길"},"geometry":{"type":"LineString","coordinates":[[126.7142712,34.9957619],[126.7143829,34.9958242],[126.7149127,34.9958958],[126.7154617,34.995716],[126.7157987,34.9956141],[126.7160041,34.9955544],[126.716245,34.9954843],[126.7162904,34.9954686],[126.7163545,34.9954319],[126.7164139,34.9953863],[126.7164723,34.9953275],[126.7166707,34.9951217]]}},{"type":"Feature","id":"way/709805519","properties":{"highway":"residential","name":"이창1길","name:en":"Ichang 1-gil","name:ko":"이창1길"},"geometry":{"type":"LineString","coordinates":[[126.7093071,34.9970923],[126.7103249,34.9966484],[126.7109026,34.9963871],[126.7110941,34.9962998],[126.7117791,34.9959954],[126.7119785,34.9959188],[126.7124731,34.995632],[126.7126213,34.9955662],[126.7126836,34.9955465],[126.7127706,34.9955335],[126.7128847,34.9955406],[126.7133288,34.9956107],[126.7135202,34.9956409],[126.7139836,34.9957156],[126.7142712,34.9957619]]}},{"type":"Feature","id":"way/729505120","properties":{"highway":"tertiary","name":"삼영1길","name:en":"Samyeong 1-gil","name:ko":"삼영1길","surface":"asphalt"},"geometry":{"type":"LineString","coordinates":[[126.7016002,35.0036323],[126.7017281,35.0033799],[126.7017651,35.0033248],[126.7017841,35.0033001],[126.7018348,35.0032343],[126.7018756,35.0031794],[126.7018965,35.0031514],[126.7019145,35.0031236],[126.7019378,35.0030826],[126.7019658,35.0030122],[126.701976,35.0029759],[126.7020191,35.0028398],[126.7021024,35.0026769],[126.7021944,35.0024972],[126.7022617,35.0023658],[126.7023016,35.0022879],[126.7025427,35.002381],[126.703455,35.0026608],[126.7038633,35.0027852],[126.7043092,35.002914]]}},{"type":"Feature","id":"way/729505123","properties":{"highway":"residential","name":"내영산2길","name:en":"Naeyeongsan 2-gil","name:ko":"내영산2길"},"geometry":{"type":"LineString","coordinates":[[126.7016761,35.0044805],[126.7018239,35.0049735],[126.7019399,35.0054244],[126.702014,35.0057127],[126.7021188,35.0057635],[126.7023404,35.0058897],[126.7026139,35.0060171],[126.7031163,35.0065202],[126.7034307,35.0068957],[126.7036229,35.0070102],[126.7041443,35.0073194],[126.7044591,35.0074688],[126.7051523,35.0076015]]}},{"type":"Feature","id":"way/729505174","properties":{"highway":"tertiary","name":"삼영1길","name:en":"Samyeong 1-gil","name:ko":"삼영1길","surface":"asphalt"},"geometry":{"type":"LineString","coordinates":[[126.707914,35.0039341],[126.707642,35.0038554],[126.7072832,35.0037569],[126.7072069,35.0037347],[126.7068277,35.0036205],[126.7057609,35.0033053],[126.7045746,35.0029712],[126.7043092,35.002914],[126.7030002,35.0032287],[126.7023086,35.0034184],[126.7017502,35.0035894],[126.7016002,35.0036323],[126.7015021,35.0037746],[126.7014696,35.003832],[126.7014465,35.0038884],[126.7014387,35.0039387],[126.7014386,35.0039878],[126.7014518,35.00405],[126.7014941,35.004143],[126.7016761,35.0044805]]}},{"type":"Feature","id":"way/729505175","properties":{"highway":"residential","name":"삼영2길","name:en":"Samyeong 2-gil","name:ko":"삼영2길"},"geometry":{"type":"LineString","coordinates":[[126.7101448,35.0049082],[126.7093041,35.0045403],[126.707914,35.0039341]]}},{"type":"Feature","id":"way/729505176","properties":{"highway":"residential","name":"대기1길","name:en":"Daegi 1-gil","name:ko":"대기1길"},"geometry":{"type":"LineString","coordinates":[[126.7137028,34.9935917],[126.7137144,34.9939367],[126.7136833,34.9939821],[126.7136716,34.9940075],[126.713668,34.9940207],[126.7136304,34.994157],[126.7135336,34.9945968]]}},{"type":"Feature","id":"way/729505179","properties":{"highway":"service","name":"용산길","name:en":"Yongsan-gil","name:ko":"용산길"},"geometry":{"type":"LineString","coordinates":[[126.7180258,34.9927649],[126.7177481,34.9930875],[126.7177332,34.9931119],[126.7177112,34.993169],[126.7176925,34.9932447],[126.7176784,34.993296],[126.7176665,34.9933619],[126.7176647,34.9933974],[126.7176755,34.9936655],[126.7178371,34.994289]]}},{"type":"Feature","id":"way/729505183","properties":{"highway":"service","noname":"yes"},"geometry":{"type":"LineString","coordinates":[[126.7160631,34.9974362],[126.7161023,34.9974617],[126.7161281,34.997484]]}},{"type":"Feature","id":"way/729505184","properties":{"highway":"service","noname":"yes"},"geometry":{"type":"LineString","coordinates":[[126.7162263,34.997413],[126.716767,34.9973401]]}},{"type":"Feature","id":"way/729505185","properties":{"highway":"service","noname":"yes"},"geometry":{"type":"LineString","coordinates":[[126.7157987,34.9956141],[126.7160999,34.9960306]]}},{"type":"Feature","id":"way/729505186","properties":{"highway":"service","name":"남교1길","name:en":"Namgyo 1-gil","name:ko":"남교1길"},"geometry":{"type":"LineString","coordinates":[[126.7154106,34.9959441],[126.7154617,34.995716],[126.7156271,34.9950059]]}},{"type":"Feature","id":"way/729505187","properties":{"highway":"residential","name":"금영로","name:en":"Geumyeong-ro","name:ko":"금영로"},"geometry":{"type":"LineString","coordinates":[[126.7177474,34.9952618],[126.7177468,34.9953877],[126.7178964,34.9955558],[126.7180776,34.9957033],[126.7181209,34.995755],[126.7181349,34.9957876],[126.7181412,34.9958349],[126.7181378,34.995891],[126.7181286,34.995961],[126.7180768,34.9962391]]}},{"type":"Feature","id":"way/729505188","properties":{"highway":"residential","noname":"yes"},"geometry":{"type":"LineString","coordinates":[[126.714059,35.0001788],[126.7143547,34.9997865]]}},{"type":"Feature","id":"way/729505189","properties":{"highway":"residential","lanes":"2","name":"선창길","name:en":"Seonchang-gil","name:ko":"선창길","oneway":"no","surface":"asphalt"},"geometry":{"type":"LineString","coordinates":[[126.7100709,34.9999063],[126.7102139,34.9999893],[126.7113952,35.0009311],[126.7117212,35.001126],[126.7119695,35.0011846],[126.712207,35.0012304],[126.7129968,35.0013727]]}},{"type":"Feature","id":"way/729505191","properties":{"highway":"residential","lanes":"1","name":"대흥1길","name:en":"Daeheung 1-gil","name:ko":"대흥1길"},"geometry":{"type":"LineString","coordinates":[[126.7068335,34.9961388],[126.706728,34.9963028],[126.7065703,34.9965098],[126.7062652,34.9968799]]}},{"type":"Feature","id":"way/729505192","properties":{"highway":"residential","name":"대흥3길","name:en":"Daeheung 3-gil","name:ko":"대흥3길"},"geometry":{"type":"LineString","coordinates":[[126.7076054,34.9978609],[126.7083821,34.9979727]]}},{"type":"Feature","id":"way/729505193","properties":{"highway":"residential","lanes":"2","name":"등대길","name:en":"Deungdae-gil","name:ko":"등대길","oneway":"no","surface":"asphalt"},"geometry":{"type":"LineString","coordinates":[[126.7058031,34.998788],[126.706416,34.998926],[126.7065266,34.9989509],[126.7072757,34.9991328],[126.7078863,34.9992715],[126.7083808,34.9993994],[126.7099496,34.9998506],[126.7100709,34.9999063]]}},{"type":"Feature","id":"way/729505194","properties":{"highway":"residential","name":"주면2길","name:en":"Jumyeon 2-gil","name:ko":"주면2길"},"geometry":{"type":"LineString","coordinates":[[126.7051522,34.9986231],[126.7058031,34.998788]]}},{"type":"Feature","id":"way/729505195","properties":{"highway":"residential","name":"등대길","name:en":"Deungdae-gil","name:ko":"등대길"},"geometry":{"type":"LineString","coordinates":[[126.7061703,34.997215],[126.7062652,34.9968799],[126.7064685,34.9960714],[126.7065789,34.9956852],[126.7066315,34.9955957],[126.706718,34.9954963],[126.7072534,34.9949714]]}},{"type":"Feature","id":"way/729505196","properties":{"highway":"residential","noname":"yes"},"geometry":{"type":"LineString","coordinates":[[126.7070494,34.9946163],[126.7066627,34.9949732]]}},{"type":"Feature","id":"way/729505197","properties":{"highway":"tertiary","name":"이창2길","name:en":"Ichang 2-gil","name:ko":"이창2길","oneway":"no"},"geometry":{"type":"LineString","coordinates":[[126.713265,34.9967525],[126.7140463,34.9968631]]}},{"type":"Feature","id":"way/729505198","properties":{"highway":"residential","name":"이창1길","name:en":"Ichang 1-gil","name:ko":"이창1길","oneway":"no"},"geometry":{"type":"LineString","coordinates":[[126.7135202,34.9956409],[126.7137196,34.9946747]]}},{"type":"Feature","id":"way/729505199","properties":{"highway":"residential","name":"이창1길","name:en":"Ichang 1-gil","name:ko":"이창1길"},"geometry":{"type":"LineString","coordinates":[[126.7119785,34.9959188],[126.711991,34.9958198],[126.7121445,34.9951966],[126.7121656,34.9950813]]}},{"type":"Feature","id":"way/729505201","properties":{"highway":"residential","name":"풍물시장2길","name:en":"Pungmulsijang 2-gil","name:ko":"풍물시장2길"},"geometry":{"type":"LineString","coordinates":[[126.7112808,34.9955206],[126.7114409,34.9949692]]}},{"type":"Feature","id":"way/729505202","properties":{"highway":"residential","noname":"yes"},"geometry":{"type":"LineString","coordinates":[[126.7103249,34.9966484],[126.7102976,34.9965736],[126.7103547,34.9963395],[126.71049,34.9957852]]}},{"type":"Feature","id":"way/729505204","properties":{"highway":"residential","noname":"yes"},"geometry":{"type":"LineString","coordinates":[[126.7085267,34.9954742],[126.7088228,34.995186]]}},{"type":"Feature","id":"way/729505205","properties":{"highway":"residential","noname":"yes"},"geometry":{"type":"LineString","coordinates":[[126.7097924,34.9956669],[126.7085267,34.9954742],[126.7081923,34.9954251],[126.7081192,34.9953704],[126.7077836,34.9951194],[126.7080724,34.9948529]]}},{"type":"Feature","id":"way/729505206","properties":{"highway":"residential","name":"풍물시장2길","name:en":"Pungmulsijang 2-gil","name:ko":"풍물시장2길"},"geometry":{"type":"LineString","coordinates":[[126.7111824,34.9959218],[126.71049,34.9957852],[126.7097924,34.9956669]]}},{"type":"Feature","id":"way/729505207","properties":{"highway":"residential","name":"풍물시장2길","name:en":"Pungmulsijang 2-gil","name:ko":"풍물시장2길"},"geometry":{"type":"LineString","coordinates":[[126.7080724,34.9948529],[126.7089726,34.9940136],[126.7096973,34.9933099]]}},{"type":"Feature","id":"way/729505208","properties":{"highway":"residential","name":"풍물시장2길","name:en":"Pungmulsijang 2-gil","name:ko":"풍물시장2길"},"geometry":{"type":"LineString","coordinates":[[126.70937,34.9923825],[126.7082329,34.9934859],[126.7073651,34.9942975]]}},{"type":"Feature","id":"way/765354212","properties":{"highway":"track","surface":"concrete","tracktype":"grade1"},"geometry":{"type":"LineString","coordinates":[[126.7174442,35.0028218],[126.7174065,35.0026912],[126.7173868,35.0026233],[126.7174375,35.0025799],[126.7176202,35.0024234],[126.7177435,35.0020741],[126.7179232,35.0018587],[126.7181647,35.001639],[126.7185402,35.0014039],[126.7204687,35.0004196],[126.7222068,34.9995781],[126.7227727,34.9992617],[126.7232636,34.9989959],[126.7238349,34.9985806],[126.7251545,34.9973656],[126.7257768,34.9968316],[126.7263427,34.9964625],[126.7281224,34.995677],[126.7285906,34.9954784],[126.7287002,34.9954295],[126.7293361,34.9953067],[126.7314765,34.9950398],[126.7324246,34.9949651],[126.7329316,34.9949717],[126.7333326,34.9950398],[126.7339079,34.9951683],[126.7343625,34.9953276],[126.734789,34.9955221],[126.7351873,34.9957846],[126.7365566,34.9969305],[126.7377971,34.9979643],[126.738866,34.9988069],[126.7398249,34.9996045],[126.7409769,35.0004943],[126.7419465,35.0012435],[126.7432366,35.0022948],[126.7446314,35.0034142],[126.746112,35.0044908],[126.746698,35.0048489],[126.7482497,35.0057255],[126.7483972,35.0058551],[126.748424,35.0059386],[126.7483488,35.0060194],[126.7466399,35.0059184],[126.7425816,35.0056421],[126.7399883,35.0054452],[126.7390895,35.0053772],[126.7378207,35.0052892],[126.7369223,35.0052264],[126.7366815,35.0052038],[126.7363688,35.005132]]}},{"type":"Feature","id":"way/765848674","properties":{"addr:housenumber":"38","addr:postcode":"58272","addr:street":"가마태길","building":"yes","name":"101"},"geometry":{"type":"Polygon","coordinates":[[[126.7209482,34.9940219],[126.7209369,34.9940953],[126.7211837,34.9941206],[126.7211949,34.9940472],[126.7210869,34.9940361],[126.721086,34.994042],[126.7210556,34.9940389],[126.7210565,34.994033],[126.7209482,34.9940219]]]}},{"type":"Feature","id":"way/765848675","properties":{"addr:housenumber":"38","addr:postcode":"58272","addr:street":"가마태길","building":"yes"},"geometry":{"type":"Polygon","coordinates":[[[126.7210199,34.9943388],[126.721017,34.9943706],[126.7210004,34.9943696],[126.7209969,34.9944081],[126.7210136,34.9944091],[126.7210105,34.9944432],[126.7211026,34.9944488],[126.721112,34.9943444],[126.7210199,34.9943388]]]}},{"type":"Feature","id":"way/765848676","properties":{"addr:housenumber":"38","addr:postcode":"58272","addr:street":"가마태길","amenity":"community_centre","building":"public","community_centre":"cultural_centre","name":"영산포종합사회복지관"},"geometry":{"type":"Polygon","coordinates":[[[126.720581,34.994186],[126.7207112,34.9941976],[126.7207064,34.9942332],[126.7208332,34.9942445],[126.7208456,34.9941514],[126.7208236,34.9941494],[126.7208448,34.9939891],[126.7206098,34.9939682],[126.720581,34.994186]]]}},{"type":"Feature","id":"way/765848677","properties":{"addr:housenumber":"38","addr:postcode":"58272","addr:street":"가마태길","building":"commercial"},"geometry":{"type":"Polygon","coordinates":[[[126.7205701,34.9943308],[126.7208643,34.9943575],[126.7208481,34.9944816],[126.7205573,34.9944579],[126.7205701,34.9943308]]]}},{"type":"Feature","id":"way/765848679","properties":{"natural":"tree_row"},"geometry":{"type":"LineString","coordinates":[[126.7209354,34.9944147],[126.7210239,34.9944762]]}},{"type":"Feature","id":"way/765848680","properties":{"natural":"tree_row"},"geometry":{"type":"LineString","coordinates":[[126.7207356,34.9938379],[126.7209019,34.994018],[126.7208777,34.9942444],[126.7210092,34.9942191]]}},{"type":"Feature","id":"way/765848684","properties":{"highway":"service","service":"parking_aisle"},"geometry":{"type":"LineString","coordinates":[[126.7209167,34.9943007],[126.7208965,34.9944531]]}},{"type":"Feature","id":"way/765848759","properties":{"highway":"service","service":"parking_aisle","source":"digitalglobe"},"geometry":{"type":"LineString","coordinates":[[126.7204526,34.9942491],[126.7209167,34.9943007],[126.7211956,34.9942107],[126.7213082,34.9939957],[126.7214187,34.9937646],[126.7214625,34.9936731],[126.7214946,34.9935193],[126.7215389,34.9932797],[126.7208214,34.9931864]]}},{"type":"Feature","id":"way/800174770","properties":{"bicycle":"yes","highway":"cycleway","name":"영산강 자전거길","name:en":"Yeongsangang (riv.) Bicycle Path","name:ko":"영산강 자전거길","oneway":"no","surface":"asphalt","width":"3"},"geometry":{"type":"LineString","coordinates":[[126.7100352,34.9999727],[126.7101376,35.0000139],[126.7101882,35.0000424],[126.710515,35.0003185],[126.7110353,35.0007271],[126.7115342,35.0010875],[126.711678,35.0011579],[126.7118146,35.0012008],[126.7120811,35.0012362],[126.7127689,35.0013619],[126.7128356,35.0013948],[126.7128833,35.0014183],[126.7129652,35.0014467],[126.7130625,35.0014735],[126.7133284,35.0014882],[126.7135209,35.0015323],[126.7137242,35.0015961],[126.7138901,35.0016581],[126.71406,35.0016736],[126.7142404,35.0016651],[126.7149564,35.0015152],[126.7154217,35.0014358],[126.7154852,35.0014177],[126.7155335,35.0013853],[126.7156815,35.0012038],[126.7157758,35.0010679],[126.7160171,35.0007885],[126.7161194,35.000735]]}},{"type":"Feature","id":"way/800174771","properties":{"highway":"tertiary","lanes":"2","name":"영산포로","name:en":"Yeongsanpo-ro","name:ko":"영산포로","oneway":"no","surface":"asphalt"},"geometry":{"type":"LineString","coordinates":[[126.7074116,35.0049896],[126.7075968,35.0046294],[126.707914,35.0039341],[126.7081687,35.0034434],[126.7081795,35.0034255],[126.7082602,35.003292]]}},{"type":"Feature","id":"way/800174772","properties":{"highway":"path"},"geometry":{"type":"LineString","coordinates":[[126.7074116,35.0049896],[126.7071694,35.0054026]]}},{"type":"Feature","id":"way/800174773","properties":{"bicycle":"yes","highway":"cycleway","name":"나주시자전거길","surface":"concrete"},"geometry":{"type":"LineString","coordinates":[[126.7071694,35.0054026],[126.706835,35.0052816],[126.706257,35.0051141],[126.7060158,35.0050606],[126.7058571,35.0050375],[126.7056194,35.0050077],[126.7052825,35.005022],[126.7051077,35.0050177],[126.705,35.0050033],[126.7047903,35.0049211],[126.7041045,35.0046159],[126.7037153,35.0044291],[126.7032873,35.0042539],[126.7029964,35.0041701],[126.7028219,35.0041375],[126.7027205,35.0041326],[126.7022323,35.004137],[126.7018514,35.0040843],[126.7014518,35.00405],[126.7011997,35.0040798],[126.7006686,35.004137],[126.7004114,35.0041563],[126.700299,35.0041603],[126.7000801,35.0041406],[126.6998658,35.0041126],[126.6996662,35.0040825],[126.6995388,35.0040611],[126.6993455,35.0040225],[126.6991947,35.0039868],[126.6988897,35.0039039],[126.6985333,35.0037748],[126.6981921,35.003616],[126.6979483,35.0034831],[126.6977796,35.0033744],[126.697556,35.0032305],[126.697285,35.0030477],[126.6967962,35.0026905],[126.6960308,35.0021243],[126.6956247,35.0019233],[126.6952363,35.001731],[126.6944209,35.0014937],[126.693745,35.0013619],[126.6926568,35.0013511],[126.6919541,35.0014829],[126.6913954,35.0016563],[126.6910721,35.0017887],[126.6910306,35.0018057],[126.690698,35.0019727],[126.6899263,35.0024541],[126.689773,35.0025739],[126.6886389,35.0034603],[126.6884139,35.0035961]]}},{"type":"Feature","id":"way/800174778","properties":{"abandoned:railway":"rail","bicycle":"yes","highway":"cycleway","name":"나주시 자전거길","name:ko":"나주시 자전거길","old_name":"호남선","oneway":"no","surface":"asphalt","width":"3"},"geometry":{"type":"LineString","coordinates":[[126.713669,35.0129804],[126.713499,35.0127484],[126.7134165,35.0126356],[126.7133069,35.0124765],[126.7132165,35.0123319],[126.7130802,35.0120468],[126.7130255,35.0119317],[126.7128733,35.0116354],[126.7122852,35.0104906],[126.7119151,35.0097436],[126.7114323,35.0089396],[126.7112147,35.008541],[126.7111426,35.0081882],[126.7111091,35.0080418],[126.7109388,35.007806],[126.7106866,35.0074764],[126.7105006,35.0071587],[126.7104164,35.0070334],[126.7103592,35.0069866],[126.7101234,35.0068041],[126.7098543,35.0065839]]}},{"type":"Feature","id":"way/800174779","properties":{"highway":"tertiary","name":"구진포로","name:en":"Gujinpo-ro","name:ko":"구진포로","review":"no","surface":"asphalt"},"geometry":{"type":"LineString","coordinates":[[126.7129656,35.0124186],[126.7125794,35.0117083],[126.7119857,35.010569],[126.7109033,35.0085465],[126.7105344,35.007837],[126.7104448,35.0076741],[126.7103744,35.0075482],[126.7103244,35.0074584],[126.7102743,35.0073727],[126.710237,35.0073187],[126.7101973,35.0072722],[126.7101698,35.0072422],[126.7100875,35.0071614],[126.7099944,35.0070882],[126.7098815,35.0069985],[126.7098016,35.0069368],[126.7095529,35.006755],[126.7094087,35.0066672],[126.7092571,35.0065744],[126.7089958,35.0064207],[126.7088945,35.0063664],[126.708686,35.0062573],[126.7085707,35.0062047],[126.708451,35.0061559],[126.7082487,35.0060767],[126.708093,35.0060196],[126.7079968,35.0059861],[126.7078758,35.0059454],[126.7077204,35.0058973],[126.7075207,35.0058432],[126.7073139,35.0058021],[126.7063225,35.005626],[126.7060774,35.0055757],[126.7059266,35.0055418],[126.7057952,35.0055093],[126.7056478,35.0054635],[126.7053762,35.005359],[126.7050462,35.005211],[126.7037183,35.0046096],[126.7034299,35.0045],[126.7031352,35.0044037],[126.7030362,35.0043833],[126.7029195,35.0043657],[126.7027533,35.0043642],[126.7025905,35.0043713],[126.7021457,35.0044201],[126.7016761,35.0044805],[126.7014296,35.0044986],[126.7010292,35.0045059],[126.7009644,35.0045056],[126.7004895,35.0045035],[126.7002491,35.0044916],[126.7000571,35.0044734],[126.6998315,35.0044451],[126.6996199,35.0044082],[126.6994401,35.0043655],[126.6993947,35.0043516],[126.699295,35.0043211],[126.6991234,35.0042565],[126.6987906,35.0041127],[126.6978726,35.0036962],[126.6977241,35.0036032],[126.6976062,35.0034888],[126.697503,35.0033459],[126.6973554,35.0032042],[126.6964082,35.0025578],[126.6960331,35.002305],[126.6959069,35.002227],[126.6957841,35.0021567],[126.6956702,35.0020938],[126.6954939,35.0020182],[126.6953493,35.0019593],[126.6951962,35.0019061],[126.6950338,35.0018653],[126.6948979,35.0018365],[126.6944225,35.0017686],[126.6937627,35.0016663],[126.6935624,35.001638],[126.6934602,35.0016259],[126.6933391,35.0016184],[126.6932539,35.0016169],[126.6931587,35.0016255],[126.6930352,35.0016427],[126.6928761,35.00167],[126.692366,35.0017646],[126.6921913,35.0018433],[126.6913747,35.0024514],[126.690986,35.0027054],[126.6906978,35.0028556],[126.6901799,35.0030526],[126.689856,35.0031757],[126.688807,35.0035746],[126.6886454,35.0036068],[126.6884139,35.0035961]]}},{"type":"Feature","id":"way/813802768","properties":{"highway":"residential"},"geometry":{"type":"LineString","coordinates":[[126.7101915,35.0056243],[126.7101498,35.0054572],[126.7101256,35.0050374],[126.7101243,35.0049699],[126.7101448,35.0049082],[126.7102615,35.0045423],[126.7102944,35.0044573]]}},{"type":"Feature","id":"way/890533650","properties":{"highway":"residential","surface":"asphalt"},"geometry":{"type":"LineString","coordinates":[[126.7026017,35.002274],[126.7027461,35.0022091],[126.7029359,35.0022081],[126.7030205,35.0021968],[126.7030866,35.0021668],[126.7031509,35.0021334],[126.7031878,35.0020969],[126.7032247,35.0020142]]}},{"type":"Feature","id":"way/890533651","properties":{"highway":"residential"},"geometry":{"type":"LineString","coordinates":[[126.7081687,35.0034434],[126.7077007,35.0032993],[126.7070444,35.0030968],[126.7066978,35.0030127],[126.7063837,35.002932],[126.7061983,35.0028894],[126.7060155,35.0028545],[126.7055834,35.0027752],[126.7051675,35.0026982],[126.7049261,35.0026527],[126.7047957,35.0026046],[126.7046992,35.0025643],[126.7046231,35.0025301]]}},{"type":"Feature","id":"way/890533652","properties":{"highway":"residential"},"geometry":{"type":"LineString","coordinates":[[126.7043092,35.002914],[126.7045293,35.0029049],[126.704851,35.0027296],[126.7049261,35.0026527]]}},{"type":"Feature","id":"way/893292686","properties":{"highway":"residential"},"geometry":{"type":"LineString","coordinates":[[126.714129,34.9996473],[126.7141912,34.9995327],[126.7142117,34.9994911],[126.714248,34.9994146],[126.7142691,34.9993675],[126.7143015,34.9992928],[126.7143302,34.9992121],[126.7143558,34.9991299],[126.7143871,34.9990116],[126.7144265,34.9988555],[126.7144598,34.9986975],[126.7144821,34.9986054],[126.7145458,34.9983118]]}},{"type":"Feature","id":"way/925283109","properties":{"highway":"path"},"geometry":{"type":"LineString","coordinates":[[126.7098815,35.0069985],[126.7097735,35.0071335],[126.7098457,35.0072847],[126.7099403,35.007349],[126.7099543,35.0074574],[126.7099136,35.0075469],[126.709791,35.0075754],[126.7097261,35.0075487],[126.7096409,35.0076122],[126.7094959,35.0075945],[126.7094556,35.0076372],[126.7093565,35.0076606],[126.709113,35.0075069],[126.7085837,35.0073639],[126.708348,35.0073413],[126.7082767,35.0073004],[126.7080347,35.0072799],[126.7079817,35.0073253],[126.7076971,35.0072597],[126.7072207,35.0073204],[126.7071096,35.0073022],[126.7070429,35.0072556],[126.7069348,35.0072859],[126.7066984,35.0072695],[126.7065325,35.0072938],[126.7063115,35.0072205],[126.7061618,35.0070882],[126.7058549,35.0071289],[126.7055981,35.0070817],[126.7055366,35.0068862],[126.7049656,35.0067241],[126.7046177,35.006511],[126.7045329,35.006229],[126.7043669,35.0060575],[126.7042136,35.0059685],[126.7041065,35.0058438],[126.7040122,35.0057916],[126.7038693,35.0057759],[126.70368,35.0054782],[126.7033041,35.0050636],[126.7031957,35.0049839],[126.7029688,35.0049331],[126.7024601,35.0050848],[126.7022207,35.0049275],[126.7018239,35.0049735]]}},{"type":"Feature","id":"way/947375867","properties":{"bicycle":"yes","highway":"cycleway","name":"영산강 자전거길","name:en":"Yeongsangang (riv.) Bicycle Path","name:ko":"영산강 자전거길","oneway":"no","surface":"asphalt","width":"3"},"geometry":{"type":"LineString","coordinates":[[126.7051522,34.9986231],[126.7052256,34.9987076],[126.705307,34.9987534],[126.7054374,34.9988083],[126.705796,34.9988917],[126.706504,34.9990481],[126.7072973,34.9992359],[126.7079555,34.9993956],[126.7082799,34.9994821],[126.708576,34.9995686],[126.7090878,34.9997037],[126.7099643,34.9999497],[126.7100352,34.9999727]]}},{"type":"Feature","id":"way/947375868","properties":{"bicycle":"yes","bridge:name":"영산교","cycleway":"track","highway":"tertiary","lanes":"2","oneway":"no","oneway:bicycle":"no","review":"no","surface":"asphalt"},"geometry":{"type":"LineString","coordinates":[[126.7100709,34.9999063],[126.7100352,34.9999727],[126.7100166,35.0000068]]}},{"type":"Feature","id":"way/947375869","properties":{"bicycle":"yes","crossing":"traffic_signals","footway":"crossing","highway":"footway","surface":"asphalt"},"geometry":{"type":"LineString","coordinates":[[126.7083423,35.0034227],[126.7083784,35.0033517],[126.708439,35.0032784]]}},{"type":"Feature","id":"way/947807812","properties":{"highway":"path","surface":"asphalt"},"geometry":{"type":"LineString","coordinates":[[126.7076182,35.0055651],[126.7077573,35.0053461],[126.7078591,35.0053371]]}},{"type":"Feature","id":"way/947807813","properties":{"bicycle":"yes","highway":"cycleway","name":"나주시 자전거길","oneway":"no","surface":"asphalt","width":"3"},"geometry":{"type":"LineString","coordinates":[[126.7096984,35.0065203],[126.7095009,35.0064255],[126.7086608,35.0060218],[126.7081404,35.0057999],[126.7076182,35.0055651],[126.7071694,35.0054026]]}},{"type":"Feature","id":"way/947807814","properties":{"bicycle":"yes","crossing":"marked","crossing:markings":"yes","cycleway":"crossing","highway":"cycleway","name":"나주시 자전거길","oneway":"no","surface":"asphalt","width":"3"},"geometry":{"type":"LineString","coordinates":[[126.7098543,35.0065839],[126.7097429,35.006558],[126.7096984,35.0065203]]}},{"type":"Feature","id":"way/979721510","properties":{"building":"yes"},"geometry":{"type":"Polygon","coordinates":[[[126.7095856,34.9945707],[126.7095273,34.9946274],[126.7096299,34.9946981],[126.7096602,34.9946685],[126.7096375,34.9946529],[126.7096654,34.9946256],[126.7095856,34.9945707]]]}},{"type":"Feature","id":"way/979721511","properties":{"building":"yes"},"geometry":{"type":"Polygon","coordinates":[[[126.7095025,34.9946245],[126.7093775,34.9947463],[126.7094623,34.9948047],[126.7095873,34.9946829],[126.7095025,34.9946245]]]}},{"type":"Feature","id":"way/979721512","properties":{"building":"yes"},"geometry":{"type":"Polygon","coordinates":[[[126.7092839,34.9942861],[126.7091911,34.9943765],[126.7092766,34.9944354],[126.7092595,34.9944521],[126.7092963,34.9944775],[126.7094062,34.9943704],[126.7092839,34.9942861]]]}},{"type":"Feature","id":"way/979721513","properties":{"building":"yes"},"geometry":{"type":"Polygon","coordinates":[[[126.7092758,34.9944949],[126.7091767,34.9944266],[126.7090909,34.9945101],[126.7090703,34.9944959],[126.7090251,34.9945399],[126.7091449,34.9946224],[126.7092758,34.9944949]]]}},{"type":"Feature","id":"way/979721514","properties":{"building":"yes"},"geometry":{"type":"Polygon","coordinates":[[[126.7093121,34.9944905],[126.709199,34.9946006],[126.709296,34.9946673],[126.709409,34.9945572],[126.7093121,34.9944905]]]}},{"type":"Feature","id":"way/979721515","properties":{"building":"yes"},"geometry":{"type":"Polygon","coordinates":[[[126.7086039,34.9949563],[126.70852,34.995038],[126.7085595,34.9950652],[126.7085738,34.9950512],[126.7086482,34.9951024],[126.7087177,34.9950347],[126.7086039,34.9949563]]]}},{"type":"Feature","id":"way/979721516","properties":{"building":"yes"},"geometry":{"type":"Polygon","coordinates":[[[126.7087563,34.9949067],[126.7087359,34.9949267],[126.7087837,34.9949596],[126.7088041,34.9949396],[126.7087563,34.9949067]]]}},{"type":"Feature","id":"way/979721517","properties":{"building":"yes"},"geometry":{"type":"Polygon","coordinates":[[[126.7086911,34.9948618],[126.7086594,34.9948927],[126.7087246,34.9949376],[126.7087359,34.9949267],[126.7087563,34.9949067],[126.7086911,34.9948618]]]}},{"type":"Feature","id":"way/979721518","properties":{"building":"yes"},"geometry":{"type":"Polygon","coordinates":[[[126.7087877,34.9948904],[126.7088353,34.9949232],[126.7089446,34.9948168],[126.7088969,34.9947839],[126.7087877,34.9948904]]]}},{"type":"Feature","id":"way/979721519","properties":{"building":"yes"},"geometry":{"type":"Polygon","coordinates":[[[126.7089674,34.9946003],[126.7088278,34.9947363],[126.7088969,34.9947839],[126.7089446,34.9948168],[126.7089877,34.9947748],[126.7089248,34.9947315],[126.7089522,34.9947048],[126.7090151,34.9947481],[126.7090842,34.9946808],[126.7089674,34.9946003]]]}},{"type":"Feature","id":"way/979721530","properties":{"building":"yes"},"geometry":{"type":"Polygon","coordinates":[[[126.7077215,34.9942586],[126.7076066,34.9943706],[126.7077041,34.9944377],[126.707819,34.9943258],[126.7077215,34.9942586]]]}},{"type":"Feature","id":"way/979721531","properties":{"building":"yes"},"geometry":{"type":"Polygon","coordinates":[[[126.7079025,34.9940785],[126.7077665,34.994211],[126.7078596,34.9942751],[126.7079957,34.9941426],[126.7079025,34.9940785]]]}},{"type":"Feature","id":"way/979721532","properties":{"building":"yes"},"geometry":{"type":"Polygon","coordinates":[[[126.7080715,34.9939104],[126.7079336,34.9940448],[126.7080112,34.9940982],[126.7081491,34.9939638],[126.7080715,34.9939104]]]}},{"type":"Feature","id":"way/979721534","properties":{"building":"yes"},"geometry":{"type":"Polygon","coordinates":[[[126.7085704,34.9939291],[126.7085456,34.9939533],[126.7086348,34.9940147],[126.7086597,34.9939905],[126.7085704,34.9939291]]]}},{"type":"Feature","id":"way/979721535","properties":{"building":"yes"},"geometry":{"type":"Polygon","coordinates":[[[126.7087689,34.9939115],[126.7086623,34.9940154],[126.708781,34.9940971],[126.7088676,34.9940128],[126.7088159,34.9939772],[126.7088359,34.9939576],[126.7087689,34.9939115]]]}},{"type":"Feature","id":"way/979721536","properties":{"building":"yes"},"geometry":{"type":"Polygon","coordinates":[[[126.7086536,34.9940422],[126.7085089,34.9941831],[126.7085946,34.9942422],[126.7087392,34.9941012],[126.7086536,34.9940422]]]}},{"type":"Feature","id":"way/979721537","properties":{"building":"yes"},"geometry":{"type":"Polygon","coordinates":[[[126.70849,34.9939763],[126.7083854,34.9940781],[126.7085007,34.9941576],[126.7086052,34.9940557],[126.70849,34.9939763]]]}},{"type":"Feature","id":"way/979721538","properties":{"building":"yes"},"geometry":{"type":"Polygon","coordinates":[[[126.7083612,34.9940818],[126.7082487,34.9941913],[126.7083719,34.9942762],[126.7084844,34.9941666],[126.7083612,34.9940818]]]}},{"type":"Feature","id":"way/979721539","properties":{"building":"yes"},"geometry":{"type":"Polygon","coordinates":[[[126.7082164,34.9942103],[126.7081131,34.9943109],[126.7082526,34.994407],[126.7083558,34.9943064],[126.7082164,34.9942103]]]}},{"type":"Feature","id":"way/979721540","properties":{"building":"yes"},"geometry":{"type":"Polygon","coordinates":[[[126.7082539,34.9945443],[126.7081959,34.9946008],[126.7082271,34.9946223],[126.7082851,34.9945658],[126.7082539,34.9945443]]]}},{"type":"Feature","id":"way/979721541","properties":{"building":"yes"},"geometry":{"type":"Polygon","coordinates":[[[126.7082137,34.9946355],[126.7081112,34.9945649],[126.7079857,34.9946871],[126.7080882,34.9947577],[126.7082137,34.9946355]]]}},{"type":"Feature","id":"way/979721542","properties":{"building":"yes"},"geometry":{"type":"Polygon","coordinates":[[[126.7084658,34.9947014],[126.7084378,34.9946821],[126.7083639,34.9947541],[126.7083919,34.9947734],[126.7084658,34.9947014]]]}},{"type":"Feature","id":"way/979721543","properties":{"building":"yes"},"geometry":{"type":"Polygon","coordinates":[[[126.7087426,34.9944513],[126.7086792,34.9944076],[126.7086071,34.9944778],[126.7085767,34.9944568],[126.7085186,34.9945135],[126.7086124,34.9945781],[126.7087426,34.9944513]]]}},{"type":"Feature","id":"way/979721544","properties":{"building":"yes"},"geometry":{"type":"Polygon","coordinates":[[[126.7087215,34.9943109],[126.7086458,34.9943846],[126.7086792,34.9944076],[126.7087426,34.9944513],[126.7087514,34.9944574],[126.7088271,34.9943836],[126.7087215,34.9943109]]]}},{"type":"Feature","id":"way/979721545","properties":{"building":"yes"},"geometry":{"type":"Polygon","coordinates":[[[126.7090988,34.9941576],[126.7090157,34.9942378],[126.7091348,34.9943207],[126.7092179,34.9942405],[126.7090988,34.9941576]]]}},{"type":"Feature","id":"way/988060742","properties":{"highway":"residential","oneway":"yes"},"geometry":{"type":"LineString","coordinates":[[126.7099483,35.0063853],[126.7099826,35.0062895],[126.7100913,35.0061719],[126.7101673,35.0060782],[126.7102191,35.0059689],[126.7102242,35.0058855],[126.7102184,35.0057846],[126.7101915,35.0056243]]}},{"type":"Feature","id":"way/1000416492","properties":{"building":"hotel"},"geometry":{"type":"Polygon","coordinates":[[[126.7120684,35.0011718],[126.712227,35.0011982],[126.71225,35.0011116],[126.7120888,35.0010839],[126.7120684,35.0011718]]]}},{"type":"Feature","id":"way/1000416498","properties":{"building":"yes"},"geometry":{"type":"Polygon","coordinates":[[[126.7115739,35.0009903],[126.7116235,35.000951],[126.711602,35.0009299],[126.7116094,35.0009233],[126.711587,35.0009043],[126.7115962,35.0008983],[126.7115916,35.000885],[126.7115276,35.0008367],[126.7114987,35.0008589],[126.7114788,35.0008459],[126.7114298,35.0008907],[126.7115739,35.0009903]]]}},{"type":"Feature","id":"way/1000416508","properties":{"building":"yes"},"geometry":{"type":"Polygon","coordinates":[[[126.7126556,35.0009291],[126.7126722,35.0008558],[126.7124448,35.0008207],[126.712427,35.0008898],[126.7126556,35.0009291]]]}},{"type":"Feature","id":"way/1000416532","properties":{"building":"hotel"},"geometry":{"type":"Polygon","coordinates":[[[126.7112529,35.0006074],[126.7112061,35.0005599],[126.7112015,35.0005057],[126.7110878,35.0004278],[126.711034,35.0004358],[126.710977,35.0004831],[126.7111474,35.0006439],[126.7112529,35.0006074]]]}},{"type":"Feature","id":"way/1000416564","properties":{"building":"yes"},"geometry":{"type":"Polygon","coordinates":[[[126.7103171,34.9994698],[126.7102834,34.9995821],[126.7104611,34.999618],[126.7104905,34.9995049],[126.7103171,34.9994698]]]}},{"type":"Feature","id":"way/1000416575","properties":{"building":"yes"},"geometry":{"type":"Polygon","coordinates":[[[126.7107013,34.9999953],[126.7107965,34.9998964],[126.7107622,34.999874],[126.7107041,34.9998705],[126.7106373,34.9999595],[126.7107013,34.9999953]]]}},{"type":"Feature","id":"way/1000416579","properties":{"building":"yes"},"geometry":{"type":"Polygon","coordinates":[[[126.710355,34.9998059],[126.710428,34.9998388],[126.7105427,34.999667],[126.7104947,34.9996453],[126.7104302,34.9997419],[126.7104053,34.9997306],[126.710355,34.9998059]]]}},{"type":"Feature","id":"way/1000416583","properties":{"building":"yes"},"geometry":{"type":"Polygon","coordinates":[[[126.7109278,35.0000263],[126.7107908,34.9999651],[126.710745,35.0000263],[126.7107218,35.0000578],[126.7108554,35.0001302],[126.7108904,35.0000808],[126.7109278,35.0000263]]]}},{"type":"Feature","id":"way/1000416585","properties":{"building":"yes"},"geometry":{"type":"Polygon","coordinates":[[[126.7102194,34.9997398],[126.7102852,34.99975],[126.7102951,34.9997034],[126.710231,34.9996965],[126.7102194,34.9997398]]]}},{"type":"Feature","id":"way/1082253396","properties":{"highway":"track"},"geometry":{"type":"LineString","coordinates":[[126.7224012,34.9971593],[126.7203219,34.9964114]]}},{"type":"Feature","id":"way/1082253397","properties":{"highway":"track"},"geometry":{"type":"LineString","coordinates":[[126.7187868,34.9993743],[126.7189009,34.9993551],[126.719306,34.999153],[126.719483,34.9991343],[126.72196,34.9979072],[126.7220311,34.997827],[126.7224012,34.9971593],[126.723623,34.9949552],[126.7237477,34.9949387],[126.724197,34.9949321],[126.7245658,34.9949783],[126.7246851,34.995009],[126.7248353,34.9951035],[126.7250888,34.995187],[126.7252819,34.9952353],[126.7256306,34.9954408]]}},{"type":"Feature","id":"way/1082253398","properties":{"power":"line"},"geometry":{"type":"LineString","coordinates":[[126.7207852,35.0035724],[126.7201495,35.004203],[126.7153832,35.0089967],[126.714085,35.0102995]]}},{"type":"Feature","id":"way/1092495221","properties":{"highway":"service","service":"parking_aisle"},"geometry":{"type":"LineString","coordinates":[[126.7129258,35.0073349],[126.7130687,35.007418]]}},{"type":"Feature","id":"way/1092495222","properties":{"highway":"service","service":"parking_aisle"},"geometry":{"type":"LineString","coordinates":[[126.7146179,35.0075937],[126.7145322,35.0075297],[126.7138467,35.0070181],[126.7135843,35.0069527],[126.7130687,35.007418],[126.7127538,35.0077152],[126.7128976,35.0080254],[126.713452,35.0085786]]}},{"type":"Feature","id":"way/1092495223","properties":{"highway":"service","service":"parking_aisle"},"geometry":{"type":"LineString","coordinates":[[126.7145322,35.0075297],[126.714234,35.0077591],[126.7142401,35.0079243],[126.713452,35.0085786],[126.7133218,35.008674]]}},{"type":"Feature","id":"way/1092495227","properties":{"leisure":"park","name":"영산포철도공원","name:en":"Yeongsanpo Train Park","name:ko":"영산포철도공원"},"geometry":{"type":"Polygon","coordinates":[[[126.7015219,35.0039932],[126.7022489,35.0039997],[126.7026502,35.0040225],[126.7028647,35.0040778],[126.7030037,35.0041136],[126.7032302,35.0041429],[126.7033771,35.0041526],[126.7035797,35.0041331],[126.7039055,35.0041298],[126.7042312,35.0041364],[126.7045173,35.0041526],[126.704843,35.0042047],[126.7051052,35.0042828],[126.7052165,35.0043218],[126.7058004,35.0045984],[126.706297,35.0047969],[126.7065608,35.0049413],[126.7066473,35.00504],[126.7067207,35.0051023],[126.7067928,35.0051327],[126.706851,35.0051461],[126.7069255,35.0051391],[126.7070346,35.0051085],[126.7071869,35.0050781],[126.707313,35.0050551],[126.7075332,35.0050293],[126.7076616,35.0050422],[126.7077403,35.0050701],[126.7077979,35.0050937],[126.7078372,35.0051259],[126.7078189,35.0051839],[126.70779,35.0052783],[126.7077822,35.0053148],[126.70779,35.0053663],[126.7078241,35.0053921],[126.708558,35.0057957],[126.7092368,35.0061413],[126.7094072,35.0061778],[126.7097846,35.0064355],[126.7095277,35.0066673],[126.7091923,35.0064569],[126.7089721,35.0063496],[126.7087415,35.0062337],[126.7083824,35.0060855],[126.7080888,35.0059803],[126.7076826,35.005858],[126.7070405,35.0057184],[126.7065058,35.0056261],[126.7058977,35.005493],[126.7056173,35.0054157],[126.70535,35.0053148],[126.705101,35.005201],[126.7040736,35.0047373],[126.7036332,35.0045463],[126.7034026,35.0044668],[126.7030855,35.0043702],[126.7028941,35.0043337],[126.7026845,35.0043165],[126.7016911,35.0043917],[126.7015522,35.0041448],[126.7015103,35.0040332],[126.7015219,35.0039932]]]}},{"type":"Feature","id":"way/1102320132","properties":{"highway":"service"},"geometry":{"type":"LineString","coordinates":[[126.7106319,34.9970838],[126.7110881,34.9974262],[126.7111206,34.9974421],[126.7112608,34.9975104]]}},{"type":"Feature","id":"way/1102320133","properties":{"highway":"service"},"geometry":{"type":"LineString","coordinates":[[126.7111206,34.9974421],[126.7111678,34.9974281],[126.7112268,34.9974265],[126.711304,34.9974315],[126.7114626,34.9974598],[126.7115886,34.9974964],[126.7117065,34.9974315]]}},{"type":"Feature","id":"way/1102320134","properties":{"highway":"service"},"geometry":{"type":"LineString","coordinates":[[126.7115114,34.9977062],[126.7114707,34.9977229],[126.7114057,34.9977312],[126.7113691,34.9977263],[126.7113315,34.9977098],[126.7113007,34.9976824],[126.7112779,34.997645],[126.7112591,34.9976066],[126.7112497,34.9975648],[126.711247,34.9975352],[126.7112608,34.9975104],[126.7112886,34.9974923],[126.7113195,34.997489],[126.7113731,34.9974967],[126.7114147,34.9975055],[126.7114563,34.9975253],[126.7114978,34.9975527],[126.7115206,34.9975791],[126.7115327,34.9976077],[126.7115381,34.997645],[126.711534,34.9976758],[126.7115114,34.9977062]]}},{"type":"Feature","id":"way/1102320135","properties":{"highway":"service"},"geometry":{"type":"LineString","coordinates":[[126.7115114,34.9977062],[126.7116239,34.9977823]]}},{"type":"Feature","id":"way/1102320136","properties":{"highway":"service"},"geometry":{"type":"LineString","coordinates":[[126.7119687,34.9984408],[126.7119856,34.9983285],[126.7119702,34.9983032],[126.7119378,34.998278],[126.7118932,34.9982692],[126.7117915,34.9982868],[126.7117545,34.9982452],[126.7116251,34.9981404],[126.7115481,34.9980799],[126.7114634,34.9980206],[126.7115204,34.9979108],[126.7115543,34.9978653],[126.7115835,34.9978287],[126.7116239,34.9977823],[126.7116667,34.9977341],[126.711716,34.9976912],[126.7118208,34.9976268],[126.7119748,34.9975511],[126.712417,34.9973444],[126.7125002,34.9973201],[126.7127143,34.9973883]]}},{"type":"Feature","id":"way/1102320138","properties":{"highway":"service"},"geometry":{"type":"LineString","coordinates":[[126.7153104,34.9981746],[126.7152038,34.998128],[126.714946,34.9980129],[126.7147305,34.9979346],[126.7144622,34.997853],[126.7143585,34.9978464],[126.7142122,34.9978297],[126.7141898,34.9978147],[126.7142223,34.9977132],[126.7142325,34.9976515],[126.714263,34.9976083],[126.7142345,34.9974734],[126.7142772,34.9974434],[126.7144109,34.9973929]]}},{"type":"Feature","id":"way/1120464643","properties":{"building":"yes"},"geometry":{"type":"Polygon","coordinates":[[[126.7118745,34.9942071],[126.7120162,34.9942997],[126.7120508,34.9942645],[126.7120821,34.9942848],[126.7121219,34.9942453],[126.7121353,34.9941832],[126.7120227,34.9941101],[126.7120152,34.994119],[126.7119306,34.9940638],[126.7119381,34.9940553],[126.7118305,34.993983],[126.7117501,34.9940653],[126.7118488,34.9941312],[126.7118263,34.9941549],[126.711852,34.9941703],[126.7118469,34.9941764],[126.7118684,34.9941883],[126.7118633,34.9941936],[126.7118745,34.9942071]]]}},{"type":"Feature","id":"way/1120464644","properties":{"building":"yes"},"geometry":{"type":"Polygon","coordinates":[[[126.7103608,34.9993784],[126.7105094,34.9994105],[126.7105497,34.9992853],[126.7104127,34.9992501],[126.7103608,34.9993784]]]}},{"type":"Feature","id":"way/1120464645","properties":{"building":"yes"},"geometry":{"type":"Polygon","coordinates":[[[126.7094831,34.9985733],[126.7095817,34.9985881],[126.7095963,34.9985153],[126.7095962,34.9982913],[126.7095499,34.9982852],[126.7094957,34.9985418],[126.7094901,34.9985402],[126.7094831,34.9985733]]]}},{"type":"Feature","id":"way/1120464646","properties":{"building":"public"},"geometry":{"type":"Polygon","coordinates":[[[126.7092765,34.9987112],[126.7093648,34.9987233],[126.709376,34.9987413],[126.7093971,34.9987463],[126.7094195,34.9987436],[126.709427,34.9987325],[126.7095167,34.9987443],[126.7095523,34.9986108],[126.709304,34.9985759],[126.7092765,34.9987112]]]}},{"type":"Feature","id":"way/1120464647","properties":{"building":"yes"},"geometry":{"type":"Polygon","coordinates":[[[126.7100794,34.9995092],[126.7101454,34.9995246],[126.7101834,34.9994235],[126.7101246,34.99941],[126.7100794,34.9995092]]]}},{"type":"Feature","id":"way/1120464648","properties":{"building":"yes"},"geometry":{"type":"Polygon","coordinates":[[[126.7100259,34.9995993],[126.710106,34.9996204],[126.7101329,34.9995525],[126.7100895,34.9995406],[126.7100835,34.9995563],[126.7100469,34.999546],[126.7100259,34.9995993]]]}},{"type":"Feature","id":"way/1125203747","properties":{"landuse":"construction","name":"아파트"},"geometry":{"type":"Polygon","coordinates":[[[126.7039462,34.9956544],[126.7031202,34.9955154],[126.7029917,34.9955626],[126.7025459,34.9954147],[126.7024963,34.9952929],[126.7026481,34.9951205],[126.7030787,34.994822],[126.7036057,34.9945729],[126.7038463,34.9946121],[126.7041406,34.9949155],[126.7039462,34.9956544]]]}},{"type":"Feature","id":"way/1125203748","properties":{"landuse":"residential","name":"나주이창LH1단지아파트","residential":"apartments"},"geometry":{"type":"Polygon","coordinates":[[[126.7031549,34.9955348],[126.7039429,34.9956684],[126.7038556,34.9960365],[126.7038064,34.9960506],[126.7031846,34.9959476],[126.7030806,34.9959881],[126.7029372,34.9959979],[126.7025919,34.9961581],[126.7023725,34.9962248],[126.702314,34.9961768],[126.7022884,34.996],[126.7022929,34.9957938],[126.7023149,34.9955777],[126.7031024,34.9957157],[126.7031549,34.9955348]]]}},{"type":"Feature","id":"way/1125203749","properties":{"highway":"residential"},"geometry":{"type":"LineString","coordinates":[[126.7038803,34.9961039],[126.7032187,34.9960004],[126.7031484,34.9960271]]}},{"type":"Feature","id":"way/1125203750","properties":{"highway":"residential"},"geometry":{"type":"LineString","coordinates":[[126.7040325,34.9983419],[126.7039746,34.9982721],[126.703899,34.9982226],[126.7035517,34.998113],[126.7034911,34.9980939],[126.7029472,34.9979479],[126.7028264,34.9979025],[126.7027578,34.9978712],[126.7026789,34.9978256],[126.7026166,34.9977755],[126.702577,34.9977268],[126.7025469,34.9976751],[126.7025071,34.9976063],[126.7024694,34.9975167],[126.7024465,34.9974535],[126.7024216,34.9973706],[126.7023972,34.9972374],[126.7023216,34.9967349],[126.702231,34.9960715],[126.7022219,34.9958165],[126.7022461,34.9956333],[126.7022975,34.9954551],[126.7023911,34.9953041],[126.7025453,34.9950838],[126.7027084,34.9949501],[126.702923,34.9948065],[126.703777,34.9944242],[126.7038891,34.9943971]]}},{"type":"Feature","id":"way/1135905483","properties":{"highway":"residential","oneway":"yes","surface":"asphalt"},"geometry":{"type":"LineString","coordinates":[[126.7030866,35.0021668],[126.7031158,35.0021385],[126.7031064,35.0020926],[126.7030924,35.0020696],[126.7030268,35.0019587]]}},{"type":"Feature","id":"way/1148203387","properties":{"highway":"service","service":"parking_aisle"},"geometry":{"type":"LineString","coordinates":[[126.7145606,34.9941806],[126.7145652,34.9941993],[126.7145623,34.9942182],[126.7145523,34.9942353],[126.7145362,34.994249],[126.7145156,34.9942578],[126.7144927,34.9942608],[126.7144683,34.9942574],[126.7144468,34.9942474],[126.7144307,34.9942321],[126.7144217,34.9942132],[126.7144211,34.9941929],[126.7144288,34.9941737],[126.7144439,34.9941577],[126.7144647,34.9941468],[126.7144873,34.9941423],[126.7145104,34.9941439],[126.7145318,34.9941515],[126.7145491,34.9941641],[126.7145606,34.9941806]]}},{"type":"Feature","id":"way/1148203388","properties":{"highway":"service","service":"parking_aisle"},"geometry":{"type":"LineString","coordinates":[[126.7144288,34.9941737],[126.7143008,34.9941556],[126.7140793,34.9941256],[126.7140325,34.9941106],[126.714,34.9940906],[126.7139797,34.994064],[126.7139695,34.9940257],[126.7138354,34.9933279],[126.7138171,34.9931931],[126.713811,34.9930998],[126.7138232,34.9930382],[126.7138577,34.9929516],[126.7138943,34.992895],[126.7139492,34.9928434],[126.7140081,34.9927984]]}},{"type":"Feature","id":"way/1148203389","properties":{"highway":"service","service":"parking_aisle"},"geometry":{"type":"LineString","coordinates":[[126.7145606,34.9941806],[126.7147907,34.994054],[126.7148233,34.9940273],[126.7148538,34.9939907],[126.714872,34.9939557],[126.714929,34.9934179],[126.7150184,34.9933013],[126.7149615,34.993228]]}},{"type":"Feature","id":"way/1168911910","properties":{"landuse":"residential","name":"대덕아파트","residential":"apartments"},"geometry":{"type":"Polygon","coordinates":[[[126.7126534,35.0084887],[126.7126569,35.0084553],[126.7126587,35.0083959],[126.7126499,35.0083626],[126.7124181,35.0078712],[126.7123738,35.0078901],[126.7118199,35.008409],[126.7120871,35.0090018],[126.7121172,35.0089931],[126.7126534,35.0084887]]]}},{"type":"Feature","id":"way/1186165425","properties":{"leisure":"park","name":"영산강 체육공원","name:ko":"영산강 체육공원"},"geometry":{"type":"Polygon","coordinates":[[[126.7005394,35.0009737],[126.7011436,35.0012512],[126.7013072,35.0013273],[126.7016238,35.0014476],[126.7019343,35.0015555],[126.70328,35.0019739],[126.7043,35.0022243],[126.7055244,35.0025116],[126.7060774,35.0026398],[126.7065116,35.0027445],[126.7071109,35.0028933],[126.707661,35.0030485],[126.708189,35.0031929],[126.7084187,35.0032587],[126.7085785,35.0033514],[126.7094098,35.0038069],[126.7097648,35.0039854],[126.7100025,35.0041182],[126.7102331,35.0042568],[126.7105077,35.004437],[126.7112635,35.0049635],[126.7118635,35.0053521],[126.7123559,35.0057038],[126.712856,35.0060718],[126.713484,35.0065501],[126.7141984,35.007056],[126.7146421,35.0073453],[126.7150635,35.0076144],[126.7152112,35.0077229],[126.7153349,35.0078207],[126.7154998,35.0079871],[126.7157162,35.0082364],[126.7161634,35.0087912],[126.71643,35.0089991],[126.7167145,35.0091646],[126.7194159,35.0104417],[126.719577,35.010536],[126.7204517,35.0109316],[126.7208045,35.0110677],[126.7210963,35.0111638],[126.7213332,35.0112319],[126.7215864,35.0112853],[126.7218772,35.0113343],[126.7221741,35.0113713],[126.7224043,35.0113961],[126.7226397,35.0114177],[126.7228656,35.0114319],[126.7231231,35.0114386],[126.7231012,35.0105364],[126.7230279,35.0104946],[126.7227717,35.0104855],[126.7224588,35.0104243],[126.7222836,35.0103465],[126.7217214,35.0103359],[126.7213375,35.0102442],[126.7208723,35.0101842],[126.7200923,35.0099392],[126.7196587,35.0097391],[126.7179246,35.0093039],[126.7170393,35.0088054],[126.7163364,35.0084064],[126.7157858,35.007818],[126.7148681,35.0069847],[126.7141479,35.0059079],[126.713621,35.0052736],[126.7132269,35.0048929],[126.7125352,35.0042363],[126.7108232,35.0029018],[126.7103179,35.0025917],[126.7096978,35.002412],[126.7087317,35.002138],[126.7086893,35.0018453],[126.7075063,35.0015137],[126.7064903,35.0013815],[126.7060215,35.001203],[126.7052208,35.0010869],[126.7045149,35.000975],[126.7038465,35.0007438],[126.7031653,35.0006256],[126.7025746,35.0005867],[126.7020911,35.0006204],[126.7019894,35.0006157],[126.7009716,35.0005687],[126.7006724,35.0007586],[126.7005394,35.0009737]]]}},{"type":"Feature","id":"way/1189964242","properties":{"highway":"service"},"geometry":{"type":"LineString","coordinates":[[126.7109707,34.9987045],[126.7109831,34.9986054],[126.7109858,34.998584],[126.7109804,34.9985225],[126.7109536,34.9984478],[126.7108571,34.9982523],[126.7107039,34.9982674],[126.710462,34.998328]]}},{"type":"Feature","id":"way/1189964244","properties":{"highway":"service","service":"parking_aisle"},"geometry":{"type":"LineString","coordinates":[[126.7102987,34.9973123],[126.7099759,34.9971049],[126.7100409,34.9970383],[126.7102035,34.9970716],[126.7104536,34.9972061]]}},{"type":"Feature","id":"way/1189964245","properties":{"highway":"service","service":"parking_aisle"},"geometry":{"type":"LineString","coordinates":[[126.7104739,34.9979408],[126.7102523,34.9979908],[126.7102259,34.998044],[126.7100333,34.9980952]]}},{"type":"Feature","id":"way/1189964246","properties":{"highway":"service"},"geometry":{"type":"LineString","coordinates":[[126.7163318,34.9987394],[126.7162856,34.9986359],[126.7162054,34.9985956],[126.7161561,34.9985426],[126.7161192,34.998482],[126.716076,34.9984492],[126.7160175,34.9984366],[126.7159097,34.9984214],[126.7157803,34.9984315],[126.7156786,34.9984441],[126.715617,34.9984744],[126.7155506,34.9985129]]}},{"type":"Feature","id":"way/1189964247","properties":{"leisure":"pitch"},"geometry":{"type":"Polygon","coordinates":[[[126.7122894,34.9966041],[126.7119111,34.9961163],[126.7110378,34.9964836],[126.7115399,34.9970307],[126.7122894,34.9966041]]]}},{"type":"Feature","id":"way/1210028383","properties":{"highway":"service"},"geometry":{"type":"LineString","coordinates":[[126.7122918,35.0069402],[126.712245,35.0070208],[126.7122131,35.0071005],[126.7121919,35.0071904],[126.7121742,35.0073368],[126.7121707,35.007473]]}},{"type":"Feature","id":"way/1210028384","properties":{"highway":"service","service":"parking_aisle"},"geometry":{"type":"LineString","coordinates":[[126.7070901,35.0040057],[126.7072069,35.0037347]]}},{"type":"Feature","id":"way/1210028395","properties":{"highway":"service","service":"parking_aisle"},"geometry":{"type":"LineString","coordinates":[[126.7113824,35.0063855],[126.7117009,35.0060558],[126.7118013,35.0061218],[126.7120955,35.0058397],[126.7121947,35.0058292],[126.7126699,35.00616],[126.7127049,35.0062136],[126.7129454,35.0064106]]}},{"type":"Feature","id":"way/1210028396","properties":{"amenity":"school","isced:level":"1","name":"영강초등학교"},"geometry":{"type":"Polygon","coordinates":[[[126.7133062,35.0065687],[126.7121363,35.0057215],[126.7118001,35.0060389],[126.7116997,35.0059605],[126.7113378,35.0063411],[126.7119028,35.006672],[126.7128602,35.0072496],[126.7129256,35.0072324],[126.7135093,35.0067198],[126.7133062,35.0065687]]]}},{"type":"Feature","id":"way/1221055782","properties":{"amenity":"bus_station","bus":"yes","name":"영산포터미널","name:en":"Yeongsanpo Bus Terminal","name:ko":"영산포터미널","public_transport":"station"},"geometry":{"type":"Polygon","coordinates":[[[126.7120081,34.9949797],[126.7120338,34.995018],[126.7127763,34.9951461],[126.712837,34.9951194],[126.7129911,34.9944575],[126.7124447,34.9941955],[126.7124004,34.9942108],[126.7122112,34.9941706],[126.7120081,34.9949797]]]}},{"type":"Feature","id":"way/1221055783","properties":{"addr:housenumber":"3811","addr:postcode":"58274","addr:street":"예향로","amenity":"bank","brand":"NH농협은행","brand:en":"NH Bank","brand:ko":"NH농협은행","brand:wikidata":"Q15283673","building":"yes","name":"NH농협은행","name:en":"NH Bank","name:ko":"NH농협은행","name:ko-Latn":"Nonghyeop"},"geometry":{"type":"Polygon","coordinates":[[[126.7132012,34.9949558],[126.7133008,34.9947591],[126.713559,34.9948469],[126.713561,34.9948768],[126.7135184,34.994961],[126.7135562,34.9949738],[126.7135118,34.9950613],[126.7132012,34.9949558]]]}},{"type":"Feature","id":"way/1221055784","properties":{"amenity":"bank","brand":"농협","brand:ko":"농협","brand:wikidata":"Q15283673","building":"yes","name":"나주축산농협","name:en":"Naju Chuksan Nonghyup","name:ko":"나주축산농협"},"geometry":{"type":"Polygon","coordinates":[[[126.7137548,34.9952174],[126.7139674,34.9951025],[126.7140105,34.995156],[126.7139913,34.9951664],[126.7140625,34.9952547],[126.7140713,34.9953083],[126.7140932,34.9953006],[126.7141368,34.9953837],[126.7140412,34.9953663],[126.7140271,34.9953562],[126.713974,34.995346],[126.7139492,34.9953228],[126.7139404,34.995333],[126.7138554,34.9953112],[126.7138023,34.9952764],[126.7137548,34.9952174]]]}},{"type":"Feature","id":"way/1221055785","properties":{"highway":"service","oneway":"yes","service":"alley"},"geometry":{"type":"LineString","coordinates":[[126.7133681,35.0000879],[126.7134273,35.0001751],[126.7133202,35.0006603],[126.7132732,35.0008732],[126.7132286,35.0010693]]}},{"type":"Feature","id":"way/1221055786","properties":{"highway":"service","oneway":"yes","service":"alley"},"geometry":{"type":"LineString","coordinates":[[126.7130269,35.0010315],[126.7131308,35.0006112],[126.7132405,35.0001655],[126.7133681,35.0000879]]}},{"type":"Feature","id":"way/1221055787","properties":{"bridge":"yes","highway":"primary","layer":"1","name":"예향로","name:en":"Yehyang-ro","name:ko":"예향로","ref":"13"},"geometry":{"type":"LineString","coordinates":[[126.7133456,35.0001785],[126.7131705,35.0009352],[126.7131258,35.0010931],[126.7130671,35.0012371],[126.7130251,35.0013185]]}},{"type":"Feature","id":"way/1221055788","properties":{"highway":"primary","name":"예향로","name:en":"Yehyang-ro","name:ko":"예향로","ref":"13"},"geometry":{"type":"LineString","coordinates":[[126.7130251,35.0013185],[126.7129968,35.0013727],[126.7129652,35.0014467],[126.7129419,35.0014853]]}},{"type":"Feature","id":"way/1263138325","properties":{"highway":"unclassified"},"geometry":{"type":"LineString","coordinates":[[126.7174065,35.0026912],[126.7177614,35.0024554],[126.7189335,35.0018512],[126.719262,35.0016875],[126.7201325,35.0012536],[126.7219618,35.0003264],[126.7233333,34.9996458],[126.7239278,34.9993509],[126.7242819,34.9991641],[126.7245662,34.9989598],[126.725116,34.9984896],[126.7251943,34.9984195],[126.7264974,34.9972526],[126.726728,34.9970746],[126.7270982,34.9968768],[126.7276159,34.9966264],[126.7277714,34.9965231],[126.7278653,34.9964088],[126.7285906,34.9954784]]}},{"type":"Feature","id":"way/1263138326","properties":{"highway":"path"},"geometry":{"type":"LineString","coordinates":[[126.7264974,34.9972526],[126.72661,34.9973602],[126.7267334,34.9975338],[126.7268031,34.997736],[126.7268219,34.9979359],[126.7267576,34.9981952],[126.7265993,34.9984918],[126.7264706,34.9986522],[126.7263177,34.9987796],[126.7261567,34.998918],[126.7260226,34.9990982],[126.7258992,34.9993025],[126.7258322,34.9995288],[126.725792,34.9997749],[126.7258054,34.9999573],[126.7258303,35.0000286],[126.7258939,35.00021],[126.7259904,35.0004165],[126.7260736,35.0005439],[126.7261085,35.0006736],[126.7261055,35.0007203],[126.7260977,35.0008427],[126.7260441,35.0009899],[126.7257705,35.0012931],[126.725631,35.0014469],[126.7259395,35.0016425],[126.7259556,35.001682],[126.7239949,35.0017721],[126.7234799,35.0017985],[126.7223802,35.0018556],[126.7222675,35.0017809],[126.7221039,35.0017062],[126.7219188,35.0016557],[126.721664,35.0016359],[126.7214307,35.0016557],[126.7212322,35.0016974],[126.7209425,35.0018292],[126.7207923,35.0018842],[126.7206421,35.0019017],[126.7205268,35.0018886],[126.7203819,35.0018424],[126.720111,35.0017743],[126.7198884,35.001726],[126.7196282,35.0016996],[126.7194298,35.0016974],[126.719262,35.0016875]]}},{"type":"Feature","id":"way/1263138329","properties":{"highway":"path"},"geometry":{"type":"LineString","coordinates":[[126.7203819,35.0018424],[126.7204102,35.0018034],[126.7235955,35.0001831],[126.7239216,35.0001606],[126.7244482,35.0001242],[126.7256006,35.0000445],[126.7258303,35.0000286],[126.7263442,34.9999931],[126.7264067,35.0001522],[126.726415,35.0001734],[126.7265133,35.000312],[126.7265291,35.0003667],[126.7265055,35.0004247],[126.7264229,35.0005085],[126.7263965,35.000526],[126.7261055,35.0007203]]}},{"type":"Feature","id":"way/1263138336","properties":{"bicycle":"yes","cycleway":"lane","highway":"residential"},"geometry":{"type":"LineString","coordinates":[[126.7161524,35.0007689],[126.7161194,35.000735],[126.7161125,35.0007113]]}},{"type":"Feature","id":"way/1263138337","properties":{"bicycle":"yes","bridge":"yes","cycleway":"lane","highway":"residential","layer":"1"},"geometry":{"type":"LineString","coordinates":[[126.7163755,35.0011094],[126.7161524,35.0007689]]}},{"type":"Feature","id":"way/1263138339","properties":{"waterway":"river"},"geometry":{"type":"LineString","coordinates":[[126.7430563,35.0015961],[126.740312,34.9993348],[126.7382334,34.9976189],[126.7362783,34.9960465],[126.7349013,34.9950196],[126.7343005,34.994679],[126.7334333,34.9944795],[126.73217,34.9944609],[126.7298089,34.9947961],[126.7279057,34.9950143],[126.7277466,34.995126],[126.7277336,34.9951659],[126.7275777,34.9953734],[126.7266943,34.9957805],[126.7259246,34.996153],[126.7252978,34.9966132],[126.7246808,34.9971533],[126.7238526,34.9979222],[126.723255,34.9984569],[126.7227159,34.9988108],[126.7219332,34.9992444],[126.7213226,34.9995211],[126.7198384,35.0002261],[126.7182925,35.0010056],[126.7178216,35.0013275],[126.7172532,35.0017451]]}},{"type":"Feature","id":"way/1263138346","properties":{"waterway":"river"},"geometry":{"type":"LineString","coordinates":[[126.7166159,35.0020414],[126.7165592,35.002065],[126.7156619,35.0023783],[126.715165,35.0024873],[126.7150221,35.0025113],[126.7147395,35.0025086],[126.714183,35.0023727]]}},{"type":"Feature","id":"way/1263138347","properties":{"layer":"-1","tunnel":"culvert","waterway":"river"},"geometry":{"type":"LineString","coordinates":[[126.7172532,35.0017451],[126.7166159,35.0020414]]}},{"type":"Feature","id":"way/1263138348","properties":{"building":"yes"},"geometry":{"type":"Polygon","coordinates":[[[126.7172462,35.002213],[126.7171517,35.0020809],[126.7172659,35.0020261],[126.7173605,35.0021582],[126.7172462,35.002213]]]}},{"type":"Feature","id":"way/1263138349","properties":{"building":"yes"},"geometry":{"type":"Polygon","coordinates":[[[126.7170516,35.0020113],[126.7169384,35.001822],[126.7170922,35.0017603],[126.7172055,35.0019495],[126.7170516,35.0020113]]]}},{"type":"Feature","id":"way/1323304906","properties":{"highway":"service","service":"parking_aisle"},"geometry":{"type":"LineString","coordinates":[[126.7134557,34.9959219],[126.7136774,34.995958],[126.7136611,34.9960279],[126.7134701,34.9962011],[126.7133947,34.9961878]]}},{"type":"Feature","id":"way/1338791819","properties":{"highway":"service"},"geometry":{"type":"LineString","coordinates":[[126.7186369,34.9956933],[126.718531,34.9957438],[126.7184411,34.9957988],[126.7183311,34.9958559],[126.7182695,34.995879],[126.7182212,34.9958867],[126.7181378,34.995891]]}},{"type":"Feature","id":"way/1338791820","properties":{"highway":"service"},"geometry":{"type":"LineString","coordinates":[[126.7183512,34.9962599],[126.7183606,34.9961833],[126.7183727,34.9961668],[126.7184062,34.9961536],[126.7185417,34.9961196],[126.7185672,34.9961064],[126.7185833,34.9960756],[126.7185927,34.9960514],[126.7185149,34.9959317],[126.7184867,34.9958856],[126.7184411,34.9957988]]}},{"type":"Feature","id":"way/1338791821","properties":{"highway":"service","service":"parking_aisle"},"geometry":{"type":"LineString","coordinates":[[126.7164827,34.9960879],[126.7162629,34.9971234]]}},{"type":"Feature","id":"way/1338791822","properties":{"highway":"service"},"geometry":{"type":"LineString","coordinates":[[126.7162397,34.9965494],[126.7160229,34.996576],[126.71585,34.9965972]]}},{"type":"Feature","id":"way/1338791823","properties":{"highway":"service","service":"parking_aisle"},"geometry":{"type":"LineString","coordinates":[[126.7167734,34.997604],[126.716329,34.9976835]]}},{"type":"Feature","id":"way/1338791830","properties":{"highway":"service"},"geometry":{"type":"LineString","coordinates":[[126.7085914,34.9971842],[126.7085174,34.9971627],[126.7083341,34.9970908],[126.7081061,34.9970075],[126.7080476,34.9969545],[126.7079567,34.9968775],[126.7078881,34.9968255]]}},{"type":"Feature","id":"way/1338791832","properties":{"highway":"service","service":"parking_aisle"},"geometry":{"type":"LineString","coordinates":[[126.7144115,34.9998231],[126.7146542,34.9997074]]}},{"type":"Feature","id":"way/1338791833","properties":{"highway":"service","oneway":"yes","service":"parking_aisle"},"geometry":{"type":"LineString","coordinates":[[126.7146542,34.9997074],[126.7146586,34.9996886],[126.7146586,34.9996654],[126.714655,34.9996458],[126.7146471,34.9996284],[126.7146334,34.9996125],[126.7146285,34.9996067],[126.7143631,34.9994299],[126.714433,34.999353],[126.7147064,34.9995407],[126.7147161,34.9995625],[126.7147196,34.9995915],[126.714717,34.9996263],[126.7147108,34.9996545],[126.7146993,34.9996734],[126.7146913,34.999685],[126.7146754,34.9996966],[126.7146542,34.9997074]]}},{"type":"Feature","id":"way/1338791834","properties":{"highway":"service","service":"parking_aisle"},"geometry":{"type":"LineString","coordinates":[[126.7147064,34.9995407],[126.7146334,34.9996125]]}},{"type":"Feature","id":"way/1338791835","properties":{"highway":"service"},"geometry":{"type":"LineString","coordinates":[[126.7139956,34.9982154],[126.7139926,34.998271],[126.7140171,34.9983437],[126.714107,34.998623],[126.7141093,34.9986794],[126.714114,34.9987894],[126.7140474,34.9988946],[126.7139529,34.9990199],[126.713926,34.9990629],[126.7139167,34.9990983],[126.7139143,34.9991528],[126.7139214,34.9992083],[126.713926,34.9992743],[126.7139202,34.9993202],[126.7139085,34.9993594],[126.7138611,34.999503]]}},{"type":"Feature","id":"way/1338791836","properties":{"highway":"service","service":"parking_aisle"},"geometry":{"type":"LineString","coordinates":[[126.7129368,34.9943076],[126.7130286,34.9941622],[126.7130496,34.9940716],[126.7130613,34.9940209]]}},{"type":"Feature","id":"way/1338791837","properties":{"highway":"service","service":"parking_aisle"},"geometry":{"type":"LineString","coordinates":[[126.7134444,34.994205],[126.7130286,34.9941622]]}},{"type":"Feature","id":"way/1338791838","properties":{"highway":"service","service":"parking_aisle"},"geometry":{"type":"LineString","coordinates":[[126.7133357,34.9941007],[126.7130496,34.9940716]]}},{"type":"Feature","id":"way/1338791839","properties":{"highway":"service"},"geometry":{"type":"LineString","coordinates":[[126.713668,34.9940207],[126.7136231,34.994],[126.7135856,34.9939857],[126.7135614,34.9939791],[126.7135226,34.9939747],[126.7134729,34.993978],[126.7133925,34.993989],[126.71319,34.9940198],[126.7131269,34.9940231],[126.7130613,34.9940209],[126.713029,34.9940198],[126.7129633,34.9940143],[126.7128815,34.9940033],[126.7127648,34.9939769],[126.71262,34.9939418],[126.7124778,34.9939022],[126.7124282,34.9938879],[126.7123866,34.9938813],[126.7123638,34.993878],[126.7123384,34.9938846],[126.7123129,34.9938934],[126.7122548,34.9939841]]}},{"type":"Feature","id":"way/1338791840","properties":{"highway":"service","service":"parking_aisle"},"geometry":{"type":"LineString","coordinates":[[126.7133907,34.9945277],[126.7131503,34.9949976],[126.7131012,34.9950657],[126.7129024,34.9950306]]}},{"type":"Feature","id":"way/1338791841","properties":{"highway":"service","service":"parking_aisle"},"geometry":{"type":"LineString","coordinates":[[126.7131503,34.9949976],[126.7134555,34.9951036]]}},{"type":"Feature","id":"way/1338791842","properties":{"highway":"service"},"geometry":{"type":"LineString","coordinates":[[126.7160229,34.996576],[126.7160342,34.9966743],[126.7160502,34.9967395],[126.7160608,34.9967808],[126.7160657,34.9968098],[126.7160684,34.9968453],[126.7160666,34.9968982],[126.7160586,34.9970323],[126.7160542,34.9970838],[126.716048,34.997112],[126.7160369,34.9971618]]}},{"type":"Feature","id":"way/1338791843","properties":{"highway":"service"},"geometry":{"type":"LineString","coordinates":[[126.7116239,34.9977823],[126.7117102,34.9978335],[126.7115481,34.9980799]]}},{"type":"Feature","id":"way/1338791844","properties":{"highway":"service","service":"parking_aisle"},"geometry":{"type":"LineString","coordinates":[[126.7093492,34.9981452],[126.7091918,34.9987185],[126.709252,34.9987301],[126.7092296,34.9988216]]}},{"type":"Feature","id":"way/1338791845","properties":{"highway":"service","service":"parking_aisle"},"geometry":{"type":"LineString","coordinates":[[126.7094909,34.9983663],[126.7095351,34.9981677],[126.709522,34.9981262]]}},{"type":"Feature","id":"way/1338791846","properties":{"highway":"service","service":"parking_aisle"},"geometry":{"type":"LineString","coordinates":[[126.7096922,34.9974726],[126.7093988,34.9977169],[126.7093748,34.997742],[126.7091157,34.998014],[126.7091918,34.9980706],[126.7092076,34.9981265]]}},{"type":"Feature","id":"way/1338791847","properties":{"highway":"service","service":"parking_aisle"},"geometry":{"type":"LineString","coordinates":[[126.7093748,34.997742],[126.7092253,34.9976432],[126.7093393,34.9975202]]}},{"type":"Feature","id":"way/1338791848","properties":{"highway":"service"},"geometry":{"type":"LineString","coordinates":[[126.7113047,34.9983179],[126.7110382,34.9985867],[126.7110166,34.998598],[126.7109831,34.9986054]]}},{"type":"Feature","id":"way/1338791849","properties":{"highway":"service"},"geometry":{"type":"LineString","coordinates":[[126.7099161,34.9978061],[126.7099937,34.9977841],[126.7100908,34.9977664],[126.7101801,34.9977525],[126.7102787,34.9977424],[126.7102972,34.9977639],[126.7104682,34.9978219],[126.7105252,34.9978043],[126.710633,34.9977752],[126.7106993,34.9977626],[126.7107362,34.9977588],[126.7107732,34.9977588],[126.7107932,34.9977601]]}},{"type":"Feature","id":"way/1338791850","properties":{"highway":"service"},"geometry":{"type":"LineString","coordinates":[[126.7104682,34.9978219],[126.7104959,34.9978371],[126.7105082,34.9978459],[126.7106053,34.99801]]}},{"type":"Feature","id":"way/1338791851","properties":{"highway":"service","service":"parking_aisle"},"geometry":{"type":"LineString","coordinates":[[126.7102987,34.9973123],[126.7104223,34.9974406]]}},{"type":"Feature","id":"way/1338791852","properties":{"highway":"service","service":"parking_aisle"},"geometry":{"type":"LineString","coordinates":[[126.7107825,34.997403],[126.7106192,34.9974156],[126.7105375,34.9974661],[126.7104713,34.997408],[126.7104223,34.9974406],[126.710365,34.9974787],[126.7103619,34.9975266],[126.7104004,34.9975708],[126.710194,34.9977121]]}},{"type":"Feature","id":"way/1338791853","properties":{"highway":"service","service":"parking_aisle"},"geometry":{"type":"LineString","coordinates":[[126.711176,34.9967156],[126.7113255,34.996883],[126.7112313,34.9969423]]}},{"type":"Feature","id":"way/1338791854","properties":{"highway":"service","service":"parking_aisle"},"geometry":{"type":"LineString","coordinates":[[126.7109406,34.9971708],[126.71084,34.9970467],[126.7111122,34.9968742],[126.7111511,34.9969148],[126.711186,34.9968929],[126.7112313,34.9969423],[126.7113509,34.997073],[126.7113563,34.997095],[126.7114341,34.9971917]]}},{"type":"Feature","id":"way/1338791859","properties":{"highway":"service"},"geometry":{"type":"LineString","coordinates":[[126.7143788,35.0012676],[126.7144036,35.001151],[126.7144408,35.0010394],[126.7144903,35.0009104],[126.714462,35.000806],[126.7144319,35.0007321],[126.7143679,35.0006062],[126.7143564,35.0005961],[126.7143316,35.0005808],[126.7143024,35.0005685],[126.7142255,35.0005461],[126.7141794,35.0005359],[126.7141538,35.0005243],[126.714121,35.0004953],[126.7140582,35.0004323],[126.7139998,35.0003794],[126.7139724,35.0003583],[126.7139514,35.0003445]]}},{"type":"Feature","id":"way/1338791860","properties":{"highway":"service"},"geometry":{"type":"LineString","coordinates":[[126.7137962,35.0007196],[126.7133202,35.0006603]]}},{"type":"Feature","id":"way/1338791861","properties":{"highway":"service"},"geometry":{"type":"LineString","coordinates":[[126.7152219,34.9972784],[126.7152249,34.9972407],[126.7152205,34.9972201],[126.7152086,34.9972018],[126.7151358,34.9970839],[126.7151284,34.9970596],[126.7151257,34.9970227]]}},{"type":"Feature","id":"way/1338791862","properties":{"highway":"service","service":"parking_aisle"},"geometry":{"type":"LineString","coordinates":[[126.7103547,34.9963395],[126.7101802,34.9963111],[126.7099598,34.9962751],[126.7098937,34.9962643],[126.7098995,34.9962386],[126.709785,34.9962201],[126.7093834,34.9961552]]}},{"type":"Feature","id":"way/1338791863","properties":{"highway":"service","service":"parking_aisle"},"geometry":{"type":"LineString","coordinates":[[126.7098124,34.9961039],[126.709785,34.9962201]]}},{"type":"Feature","id":"way/1338791864","properties":{"highway":"service","service":"parking_aisle"},"geometry":{"type":"LineString","coordinates":[[126.7100102,34.9960541],[126.7099598,34.9962751]]}},{"type":"Feature","id":"way/1338791865","properties":{"highway":"service","service":"parking_aisle"},"geometry":{"type":"LineString","coordinates":[[126.7102482,34.9964785],[126.7101425,34.9964621],[126.7100366,34.9964456]]}},{"type":"Feature","id":"way/1338791866","properties":{"highway":"service","service":"parking_aisle"},"geometry":{"type":"LineString","coordinates":[[126.7101802,34.9963111],[126.7101425,34.9964621]]}},{"type":"Feature","id":"way/1344758571","properties":{"highway":"residential","name":"이창택지길","name:en":"Ichangtaekji-gil","name:ko":"이창택지길"},"geometry":{"type":"LineString","coordinates":[[126.7041887,34.9949132],[126.7039984,34.9956526],[126.7038803,34.9961039],[126.7037188,34.9968081]]}},{"type":"Feature","id":"way/1344758572","properties":{"highway":"service"},"geometry":{"type":"LineString","coordinates":[[126.7091895,34.9969731],[126.7090384,34.9970617],[126.709012,34.9971017],[126.7089876,34.9971583],[126.7089632,34.9972099],[126.7089388,34.9972416],[126.7088982,34.9972849],[126.7088413,34.9973282],[126.7087722,34.9973765],[126.708703,34.9974131],[126.708638,34.9974431],[126.7085811,34.9974547],[126.7085189,34.9974573],[126.7084652,34.9974531],[126.7084327,34.9974481],[126.7083964,34.9974281],[126.7083697,34.9974081],[126.7082945,34.9973648],[126.7082315,34.9973398],[126.70814,34.9972982],[126.7080607,34.9972416],[126.707953,34.997195]]}},{"type":"Feature","id":"way/1344758573","properties":{"leisure":"park"},"geometry":{"type":"Polygon","coordinates":[[[126.7054427,34.9966042],[126.7050989,34.9965466],[126.704987,34.9969957],[126.7053307,34.9970532],[126.7054427,34.9966042]]]}},{"type":"Feature","id":"way/1344758574","properties":{"highway":"service"},"geometry":{"type":"LineString","coordinates":[[126.7049111,34.9977751],[126.7048503,34.9978141],[126.7048198,34.997839],[126.7047974,34.997859],[126.704773,34.9978807],[126.7047669,34.9979073],[126.7047608,34.9979573],[126.7046632,34.9979539]]}},{"type":"Feature","id":"way/1344758575","properties":{"highway":"service"},"geometry":{"type":"LineString","coordinates":[[126.7036328,34.9971085],[126.7036225,34.9971447],[126.703612,34.9971712],[126.7035859,34.9972029],[126.7035493,34.9972462],[126.7034639,34.9973478],[126.7034538,34.9973795],[126.7034355,34.997471],[126.7034091,34.9976009],[126.7033887,34.9976376],[126.7033318,34.9977758],[126.7033399,34.9978024],[126.7033542,34.9978382],[126.7033806,34.9978873],[126.7034355,34.9979573],[126.7035209,34.9980522],[126.7035391,34.9980755],[126.7035473,34.9980971],[126.7035517,34.998113]]}},{"type":"Feature","id":"way/1344758576","properties":{"highway":"service","service":"parking_aisle"},"geometry":{"type":"LineString","coordinates":[[126.7037996,34.9958401],[126.7037677,34.9959669],[126.7030741,34.9958625],[126.7024078,34.9961447]]}},{"type":"Feature","id":"way/1344758577","properties":{"highway":"service"},"geometry":{"type":"LineString","coordinates":[[126.7133288,34.9956107],[126.7132893,34.9957776],[126.7132713,34.9958268],[126.7132293,34.9958875],[126.7131792,34.9959696],[126.7131391,34.9960089],[126.7131191,34.9960532],[126.7131091,34.9960959],[126.7130851,34.9961303],[126.713047,34.9961599],[126.713013,34.9962009],[126.713041,34.9962698]]}},{"type":"Feature","id":"way/1344758578","properties":{"highway":"service"},"geometry":{"type":"LineString","coordinates":[[126.7045548,34.9976103],[126.704522,34.9976706],[126.7044839,34.9977198],[126.7044579,34.997769],[126.7044378,34.9978248],[126.7044378,34.9978691],[126.7044338,34.9979068],[126.7044238,34.9979331],[126.7044098,34.9979528]]}},{"type":"Feature","id":"way/1344758579","properties":{"highway":"service"},"geometry":{"type":"LineString","coordinates":[[126.706416,34.998926],[126.7064335,34.9988534],[126.7064363,34.9988367],[126.7064493,34.9987603],[126.7064678,34.9986087],[126.7064942,34.9985611],[126.7065392,34.9984269]]}},{"type":"Feature","id":"way/1344758581","properties":{"highway":"service"},"geometry":{"type":"LineString","coordinates":[[126.7194464,34.996378],[126.7193088,34.9964849],[126.7192328,34.9965261],[126.7191609,34.9965334],[126.7190787,34.9965744],[126.7189245,34.9966498],[126.7188665,34.9966843],[126.7187783,34.9967401],[126.7187042,34.9967745],[126.7186422,34.9967909],[126.718516,34.9968352],[126.7183277,34.9969107],[126.7182937,34.9969238],[126.7182436,34.9969287],[126.7181655,34.9969304],[126.7181433,34.9969304]]}},{"type":"Feature","id":"way/1364613748","properties":{"highway":"track","surface":"concrete","tracktype":"grade1"},"geometry":{"type":"LineString","coordinates":[[126.7277043,34.9955045],[126.726878,34.9958478],[126.7261747,34.9961667],[126.7257992,34.9963736],[126.7243312,34.9976712],[126.7233548,34.9985214],[126.7225696,34.9990136],[126.722235,34.9991814],[126.7185207,35.0010103],[126.7181247,35.0012284],[126.7176281,35.001595],[126.7175034,35.001687]]}},{"type":"Feature","id":"way/1364613749","properties":{"highway":"track","surface":"unpaved"},"geometry":{"type":"LineString","coordinates":[[126.7176281,35.001595],[126.7175884,35.0017573],[126.7174721,35.0019288],[126.7174333,35.0021322],[126.7174566,35.0023672],[126.7174294,35.0025038],[126.7174375,35.0025799]]}},{"type":"Feature","id":"way/1364613750","properties":{"name":"봉황천","name:ko-Latn":"Bonghwangcheon (Riv.)","waterway":"river"},"geometry":{"type":"LineString","coordinates":[[126.7403942,34.972097],[126.7406834,34.9723565],[126.7407699,34.9725124],[126.7408736,34.9727297],[126.740839,34.9733911],[126.7406661,34.9752997],[126.7405047,34.9771279],[126.7402337,34.9778412],[126.7400146,34.9780396],[126.7383945,34.9793482],[126.7356675,34.9815212],[126.733344,34.9833823],[126.7329174,34.9838027],[126.7321909,34.9855599],[126.7318854,34.9862401],[126.7311359,34.9870667],[126.7305882,34.9876099],[126.7301673,34.9883279],[126.7299309,34.9888947],[126.7297868,34.9890553],[126.7296715,34.9895843],[126.7296657,34.9899102],[126.7291237,34.9913839],[126.7279072,34.9937691],[126.7272154,34.9949404],[126.7266907,34.9952757],[126.7254454,34.9959228],[126.7248458,34.9962676],[126.7237043,34.9973161],[126.7227991,34.9980481],[126.7220092,34.9985393],[126.7198703,34.9996539],[126.7179562,35.000589],[126.7173796,35.0007873],[126.7167512,35.0008582],[126.7163534,35.0008345],[126.7160651,35.0009809],[126.7159902,35.0010565],[126.7158633,35.001236],[126.7156615,35.0016138],[126.7153214,35.0017885],[126.7147593,35.0018844]]}},{"type":"Feature","id":"way/1388720523","properties":{"leisure":"pitch","sport":"soccer"},"geometry":{"type":"Polygon","coordinates":[[[126.7065578,35.0024201],[126.7068822,35.0015387],[126.7082054,35.0018654],[126.707881,35.0027469],[126.7065578,35.0024201]]]}},{"type":"Feature","id":"way/1388720524","properties":{"leisure":"pitch","sport":"soccer"},"geometry":{"type":"Polygon","coordinates":[[[126.7059124,35.0021436],[126.7061565,35.001441],[126.7049035,35.001149],[126.7046595,35.0018517],[126.7059124,35.0021436]]]}},{"type":"Feature","id":"way/1388720525","properties":{"leisure":"pitch","sport":"basketball"},"geometry":{"type":"Polygon","coordinates":[[[126.7061287,35.0021373],[126.7061839,35.0019844],[126.7065097,35.0020634],[126.7064545,35.0022163],[126.7061287,35.0021373]]]}},{"type":"Feature","id":"way/1388720526","properties":{"leisure":"pitch","sport":"badminton"},"geometry":{"type":"Polygon","coordinates":[[[126.7062172,35.001856],[126.7062467,35.0017688],[126.7065764,35.0018436],[126.7065469,35.0019308],[126.7062172,35.001856]]]}},{"type":"Feature","id":"way/1388720527","properties":{"leisure":"pitch","sport":"badminton"},"geometry":{"type":"Polygon","coordinates":[[[126.7063074,35.001631],[126.7063368,35.0015438],[126.7066666,35.0016186],[126.7066371,35.0017058],[126.7063074,35.001631]]]}},{"type":"Feature","id":"way/1388720528","properties":{"amenity":"parking"},"geometry":{"type":"Polygon","coordinates":[[[126.7028543,35.0011713],[126.7018859,35.0008361],[126.7019894,35.0006157],[126.7026607,35.0006615],[126.7030337,35.0007521],[126.7028543,35.0011713]]]}},{"type":"Feature","id":"way/1388720529","properties":{"bicycle":"designated","foot":"designated","highway":"cycleway"},"geometry":{"type":"LineString","coordinates":[[126.7023537,35.0016565],[126.7030736,35.0018702],[126.7040795,35.0021476],[126.7042184,35.0021825],[126.7044435,35.0022274],[126.7055967,35.0025052],[126.7057957,35.0025468],[126.705883,35.0025662],[126.7063258,35.0026645],[126.7081047,35.0031484],[126.7081487,35.0031603],[126.7081172,35.0032509],[126.7080895,35.0033304],[126.7081277,35.0034066],[126.7081795,35.0034255],[126.7082406,35.0034479],[126.7083398,35.0034241]]}},{"type":"Feature","id":"way/1426026587","properties":{"amenity":"hospital","emergency":"no","healthcare":"hospital","name":"나주시보건소"},"geometry":{"type":"Polygon","coordinates":[[[126.7087101,34.9952009],[126.7087101,34.995258],[126.7085116,34.9954514],[126.7082138,34.9953942],[126.7080475,34.9955414],[126.7078276,34.9954667],[126.7073797,34.9950493],[126.7073234,34.9949592],[126.7076774,34.9946186],[126.7077257,34.9946252],[126.7083936,34.995124],[126.7085357,34.9951679],[126.7087101,34.9952009]]]}},{"type":"Feature","id":"way/1426026588","properties":{"highway":"service","service":"parking_aisle"},"geometry":{"type":"LineString","coordinates":[[126.7077836,34.9951194],[126.707709,34.9951876]]}},{"type":"Feature","id":"way/1426026589","properties":{"highway":"service","service":"parking_aisle"},"geometry":{"type":"LineString","coordinates":[[126.7081192,34.9953704],[126.7080422,34.9954437],[126.7077592,34.9952525],[126.7077378,34.9952075],[126.707709,34.9951876],[126.7074803,34.9950295]]}},{"type":"Feature","id":"way/1426803302","properties":{"highway":"service","service":"parking_aisle"},"geometry":{"type":"LineString","coordinates":[[126.7160041,34.9955544],[126.7159038,34.9952716]]}},{"type":"Feature","id":"way/1487124986","properties":{"highway":"residential"},"geometry":{"type":"LineString","coordinates":[[126.7188641,34.9992434],[126.7186909,34.9991708],[126.7189347,34.9987633]]}},{"type":"Feature","id":"way/1487124987","properties":{"highway":"residential"},"geometry":{"type":"LineString","coordinates":[[126.7181214,34.9975889],[126.7181892,34.9976181],[126.718201,34.9976423],[126.7182265,34.9979419],[126.7182364,34.9981674]]}},{"type":"Feature","id":"way/1499822152","properties":{"highway":"service","service":"alley"},"geometry":{"type":"LineString","coordinates":[[126.7127045,34.9994374],[126.7124587,34.9993758],[126.7123776,34.9993216],[126.7123178,34.9992604],[126.7122303,34.9991765],[126.7121641,34.999138],[126.711987,34.9991258]]}},{"type":"Feature","id":"way/1499822153","properties":{"highway":"service"},"geometry":{"type":"LineString","coordinates":[[126.7064363,34.9988367],[126.7066301,34.9988678],[126.7070144,34.9989487],[126.7073026,34.9990291],[126.7074145,34.9990671],[126.7079169,34.9991971],[126.7084087,34.9993153],[126.7088724,34.999418],[126.7093554,34.9995335],[126.7097291,34.9995942],[126.7098683,34.9996245],[126.7100252,34.9997025],[126.7101379,34.9997477]]}},{"type":"Feature","id":"way/1536736565","properties":{"leisure":"pitch"},"geometry":{"type":"Polygon","coordinates":[[[126.7131363,35.0075116],[126.7133249,35.0073703],[126.713423,35.0074582],[126.7132344,35.0075995],[126.7131363,35.0075116]]]}},{"type":"Feature","id":"way/1536736566","properties":{"leisure":"pitch","sport":"basketball"},"geometry":{"type":"Polygon","coordinates":[[[126.7133502,35.0072806],[126.7136086,35.0070829],[126.7137484,35.0072054],[126.71349,35.0074032],[126.7133502,35.0072806]]]}},{"type":"Feature","id":"way/1536736568","properties":{"building":"school"},"geometry":{"type":"Polygon","coordinates":[[[126.7125484,35.0078694],[126.7126999,35.0078261],[126.7127862,35.0080288],[126.712713,35.0080497],[126.7127284,35.0080858],[126.7126793,35.0080998],[126.7126656,35.0080675],[126.7126364,35.0080759],[126.7125484,35.0078694]]]}},{"type":"Feature","id":"way/1536736946","properties":{"leisure":"pitch"},"geometry":{"type":"Polygon","coordinates":[[[126.7129822,35.0076616],[126.712977,35.0076429],[126.7129827,35.0076202],[126.7130011,35.0076102],[126.7130239,35.0076044],[126.7130485,35.0076116],[126.713059,35.0076235],[126.7130643,35.0076425],[126.7130639,35.0076612],[126.7130485,35.0076778],[126.7130266,35.0076828],[126.713009,35.007681],[126.7129897,35.0076716],[126.7129822,35.0076616]]]}},{"type":"Feature","id":"way/1536737428","properties":{"amenity":"parking"},"geometry":{"type":"Polygon","coordinates":[[[126.7121267,35.007643],[126.7123754,35.007748],[126.7127853,35.0073127],[126.7127875,35.0072902],[126.7123897,35.0070595],[126.7123448,35.0075711],[126.7121322,35.0075613],[126.7121267,35.007643]]]}},{"type":"Feature","id":"way/1536737748","properties":{"amenity":"school","education":"school"},"geometry":{"type":"Polygon","coordinates":[[[126.7125172,35.007811],[126.71343,35.0069135],[126.7134793,35.0069494],[126.7135462,35.0069135],[126.7136634,35.0068282],[126.7149115,35.007702],[126.7139515,35.0085225],[126.7140786,35.0086158],[126.7140634,35.0087323],[126.7142228,35.008852],[126.7138281,35.0093244],[126.7135682,35.0091255],[126.7131915,35.0088093],[126.7130314,35.0086304],[126.7127159,35.0082915],[126.7125943,35.0080608],[126.7125143,35.0078562],[126.7125172,35.007811]]]}},{"type":"Feature","id":"way/1536738072","properties":{"highway":"service"},"geometry":{"type":"LineString","coordinates":[[126.7051082,35.0077487],[126.7049924,35.0077831]]}},{"type":"Feature","id":"way/1536773562","properties":{"leisure":"pitch","surface":"grass"},"geometry":{"type":"Polygon","coordinates":[[[126.7127883,35.0077106],[126.7128788,35.0079071],[126.7133148,35.0083898],[126.7144244,35.0075322],[126.7144434,35.0075183],[126.7144329,35.007489],[126.713807,35.0070259],[126.7135909,35.0069663],[126.7127883,35.0077106]]]}},{"type":"Feature","id":"way/1536773563","properties":{"leisure":"pitch","sport":"athletics","surface":"tartan"},"geometry":{"type":"Polygon","coordinates":[[[126.7130352,35.0079096],[126.7130352,35.0078465],[126.7130453,35.0077991],[126.7135675,35.0073972],[126.7136284,35.0073789],[126.7136973,35.0073615],[126.7137774,35.0073739],[126.7138443,35.0073963],[126.713896,35.0074221],[126.7139538,35.0074678],[126.7139974,35.0075027],[126.7140329,35.0075633],[126.7140532,35.0076355],[126.7140542,35.0076928],[126.7142114,35.007584],[126.7142509,35.0076189],[126.713314,35.0083398],[126.7132806,35.0083041],[126.7134185,35.0081911],[126.7133688,35.0081895],[126.7133292,35.0081878],[126.7132562,35.0081671],[126.7131944,35.0081297],[126.7131447,35.0080981],[126.7131041,35.0080524],[126.7130585,35.0079927],[126.7130352,35.0079096]]]}},{"type":"Feature","id":"way/1536773564","properties":{"leisure":"pitch","sport":"soccer","surface":"sand"},"geometry":{"type":"Polygon","coordinates":[[[126.7130892,35.0079537],[126.7130856,35.0079168],[126.7130814,35.0078621],[126.7131088,35.007801],[126.7136158,35.0074232],[126.7136805,35.0074065],[126.7137255,35.0074025],[126.7137734,35.0074168],[126.7138317,35.0074399],[126.713869,35.0074583],[126.7139063,35.00749],[126.7139302,35.007513],[126.7139548,35.0075464],[126.7139836,35.0075925],[126.7139942,35.0076334],[126.7139977,35.0076801],[126.7139956,35.0077244],[126.7139822,35.0077584],[126.7134527,35.0081426],[126.7134154,35.0081466],[126.7133676,35.0081483],[126.7133163,35.0081368],[126.7132776,35.0081213],[126.7132467,35.008108],[126.7132052,35.0080879],[126.71317,35.0080602],[126.7131349,35.0080216],[126.7131081,35.0079825],[126.7130892,35.0079537]]]}},{"type":"Feature","id":"way/1536773566","properties":{"building":"school"},"geometry":{"type":"Polygon","coordinates":[[[126.7144526,35.0077101],[126.7144845,35.007737],[126.7143347,35.0078618],[126.7144248,35.0079313],[126.7145367,35.0078449],[126.714559,35.0078637],[126.7147017,35.0077504],[126.7146699,35.0077235],[126.7147382,35.0076693],[126.7146605,35.0076036],[126.714521,35.0077144],[126.7144853,35.0076842],[126.7144526,35.0077101]]]}},{"type":"Feature","id":"way/1536773567","properties":{"building":"school"},"geometry":{"type":"Polygon","coordinates":[[[126.7143347,35.0078618],[126.7138095,35.0083187],[126.7138979,35.0083868],[126.7139765,35.0083185],[126.7140269,35.0083573],[126.7140661,35.0083231],[126.7140176,35.0082857],[126.7144248,35.0079313],[126.7143347,35.0078618]]]}}]}