<?xml version="1.0" encoding="UTF-8"?>
<osm version="0.6" generator="openstreetmap-cgimap 2.1.0 (3498757 spike-06.openstreetmap.org)" copyright="OpenStreetMap and contributors" attribution="http://www.openstreetmap.org/copyright" license="http://opendatacommons.org/licenses/odbl/1-0/">
 <bounds minlat="35.0140000" minlon="126.8490000" maxlat="35.0260000" maxlon="126.8620000"/>
 <node id="414967278" visible="true" version="5" changeset="175106150" timestamp="2025-11-25T11:40:52Z" user="LuxuryCoop" uid="7245212" lat="35.0019382" lon="126.8671021">
  <tag k="junction" v="yes"/>
  <tag k="name" v="남평읍오계리"/>
  <tag k="name:en" v="Nampyeongeupogyeri"/>
  <tag k="name:ko" v="남평읍오계리"/>
  <tag k="name:ko-Latn" v="Nampyeongeupogyeri"/>
 </node>
 <node id="437187492" visible="true" version="5" changeset="164112777" timestamp="2025-03-26T09:33:56Z" user="FUKUTAN" uid="5207199" lat="35.0205709" lon="126.8527380"/>
 <node id="437187493" visible="true" version="2" changeset="120191846" timestamp="2022-04-26T04:37:03Z" user="FUKUTAN" uid="5207199" lat="35.0210632" lon="126.8527259"/>
 <node id="437187494" visible="true" version="2" changeset="78636252" timestamp="2019-12-19T12:12:26Z" user="FUKUTAN" uid="5207199" lat="35.0212704" lon="126.8527465"/>
 <node id="437187495" visible="true" version="2" changeset="78636252" timestamp="2019-12-19T12:12:26Z" user="FUKUTAN" uid="5207199" lat="35.0214791" lon="126.8527994"/>
 <node id="437187496" visible="true" version="2" changeset="78636252" timestamp="2019-12-19T12:12:26Z" user="FUKUTAN" uid="5207199" lat="35.0216339" lon="126.8528611"/>
 <node id="437187497" visible="true" version="2" changeset="78636252" timestamp="2019-12-19T12:12:26Z" user="FUKUTAN" uid="5207199" lat="35.0219783" lon="126.8530161"/>
 <node id="437187498" visible="true" version="2" changeset="78636252" timestamp="2019-12-19T12:12:26Z" user="FUKUTAN" uid="5207199" lat="35.0224395" lon="126.8532225"/>
 <node id="437187500" visible="true" version="2" changeset="78636252" timestamp="2019-12-19T12:12:26Z" user="FUKUTAN" uid="5207199" lat="35.0227429" lon="126.8533931"/>
 <node id="437187501" visible="true" version="1" changeset="1771506" timestamp="2009-07-08T12:22:19Z" user="cyana" uid="74529" lat="35.0229300" lon="126.8535100"/>
 <node id="437187502" visible="true" version="3" changeset="120191462" timestamp="2022-04-26T04:23:01Z" user="FUKUTAN" uid="5207199" lat="35.0234716" lon="126.8538490"/>
 <node id="437187593" visible="true" version="2" changeset="120191462" timestamp="2022-04-26T04:23:01Z" user="FUKUTAN" uid="5207199" lat="35.0240195" lon="126.8541588"/>
 <node id="437187595" visible="true" version="2" changeset="120191462" timestamp="2022-04-26T04:23:01Z" user="FUKUTAN" uid="5207199" lat="35.0241530" lon="126.8542161"/>
 <node id="437187597" visible="true" version="2" changeset="120191462" timestamp="2022-04-26T04:23:01Z" user="FUKUTAN" uid="5207199" lat="35.0243039" lon="126.8542782"/>
 <node id="437187598" visible="true" version="1" changeset="1771511" timestamp="2009-07-08T12:22:38Z" user="cyana" uid="74529" lat="35.0245400" lon="126.8544100"/>
 <node id="437187599" visible="true" version="2" changeset="120191462" timestamp="2022-04-26T04:23:01Z" user="FUKUTAN" uid="5207199" lat="35.0248968" lon="126.8546694"/>
 <node id="437187600" visible="true" version="1" changeset="1771511" timestamp="2009-07-08T12:22:38Z" user="cyana" uid="74529" lat="35.0257800" lon="126.8551200"/>
 <node id="437187601" visible="true" version="1" changeset="1771511" timestamp="2009-07-08T12:22:38Z" user="cyana" uid="74529" lat="35.0261900" lon="126.8552500"/>
 <node id="437187602" visible="true" version="1" changeset="1771511" timestamp="2009-07-08T12:22:39Z" user="cyana" uid="74529" lat="35.0268800" lon="126.8555000"/>
 <node id="437187604" visible="true" version="1" changeset="1771511" timestamp="2009-07-08T12:22:39Z" user="cyana" uid="74529" lat="35.0276000" lon="126.8557600"/>
 <node id="437187606" visible="true" version="2" changeset="54975407" timestamp="2017-12-28T07:28:07Z" user="FUKUTAN" uid="5207199" lat="35.0280636" lon="126.8558932"/>
 <node id="437187608" visible="true" version="2" changeset="54975407" timestamp="2017-12-28T07:28:07Z" user="FUKUTAN" uid="5207199" lat="35.0286897" lon="126.8560578"/>
 <node id="437187610" visible="true" version="2" changeset="180064987" timestamp="2026-03-18T15:16:01Z" user="야광멧돼지" uid="12393144" lat="35.0291500" lon="126.8560815"/>
 <node id="437187612" visible="true" version="1" changeset="1771511" timestamp="2009-07-08T12:22:39Z" user="cyana" uid="74529" lat="35.0294300" lon="126.8561500"/>
 <node id="437187614" visible="true" version="2" changeset="54975407" timestamp="2017-12-28T07:28:07Z" user="FUKUTAN" uid="5207199" lat="35.0298194" lon="126.8562293"/>
 <node id="437187618" visible="true" version="3" changeset="120191462" timestamp="2022-04-26T04:23:01Z" user="FUKUTAN" uid="5207199" lat="35.0301492" lon="126.8562399"/>
 <node id="437187718" visible="true" version="1" changeset="1771511" timestamp="2009-07-08T12:22:44Z" user="cyana" uid="74529" lat="35.0021200" lon="126.8668000"/>
 <node id="437187719" visible="true" version="1" changeset="1771511" timestamp="2009-07-08T12:22:44Z" user="cyana" uid="74529" lat="35.0029200" lon="126.8655300"/>
 <node id="437187720" visible="true" version="1" changeset="1771511" timestamp="2009-07-08T12:22:44Z" user="cyana" uid="74529" lat="35.0033000" lon="126.8649700"/>
 <node id="437187721" visible="true" version="1" changeset="1771511" timestamp="2009-07-08T12:22:44Z" user="cyana" uid="74529" lat="35.0039200" lon="126.8639400"/>
 <node id="437187722" visible="true" version="1" changeset="1771511" timestamp="2009-07-08T12:22:44Z" user="cyana" uid="74529" lat="35.0043300" lon="126.8632100"/>
 <node id="437187723" visible="true" version="1" changeset="1771511" timestamp="2009-07-08T12:22:44Z" user="cyana" uid="74529" lat="35.0046200" lon="126.8627500"/>
 <node id="437187724" visible="true" version="1" changeset="1771511" timestamp="2009-07-08T12:22:44Z" user="cyana" uid="74529" lat="35.0052700" lon="126.8620400"/>
 <node id="437187725" visible="true" version="1" changeset="1771511" timestamp="2009-07-08T12:22:44Z" user="cyana" uid="74529" lat="35.0057000" lon="126.8615000"/>
 <node id="437187726" visible="true" version="2" changeset="87253085" timestamp="2020-06-28T15:16:05Z" user="LuxuryCoop" uid="7245212" lat="35.0061861" lon="126.8606327"/>
 <node id="437187727" visible="true" version="2" changeset="87253085" timestamp="2020-06-28T15:16:05Z" user="LuxuryCoop" uid="7245212" lat="35.0067214" lon="126.8597998"/>
 <node id="437187728" visible="true" version="2" changeset="87253085" timestamp="2020-06-28T15:16:05Z" user="LuxuryCoop" uid="7245212" lat="35.0069917" lon="126.8593354"/>
 <node id="437187729" visible="true" version="1" changeset="1771511" timestamp="2009-07-08T12:22:45Z" user="cyana" uid="74529" lat="35.0074200" lon="126.8585900"/>
 <node id="437187730" visible="true" version="1" changeset="1771511" timestamp="2009-07-08T12:22:45Z" user="cyana" uid="74529" lat="35.0078200" lon="126.8580400"/>
 <node id="437187731" visible="true" version="1" changeset="1771511" timestamp="2009-07-08T12:22:45Z" user="cyana" uid="74529" lat="35.0082600" lon="126.8575000"/>
 <node id="437187732" visible="true" version="1" changeset="1771511" timestamp="2009-07-08T12:22:45Z" user="cyana" uid="74529" lat="35.0085200" lon="126.8572600"/>
 <node id="437187733" visible="true" version="3" changeset="87253085" timestamp="2020-06-28T15:16:05Z" user="LuxuryCoop" uid="7245212" lat="35.0088483" lon="126.8571002"/>
 <node id="437187734" visible="true" version="2" changeset="78636252" timestamp="2019-12-19T12:12:26Z" user="FUKUTAN" uid="5207199" lat="35.0089671" lon="126.8570543"/>
 <node id="437187735" visible="true" version="2" changeset="78636252" timestamp="2019-12-19T12:12:26Z" user="FUKUTAN" uid="5207199" lat="35.0099808" lon="126.8566800"/>
 <node id="437187736" visible="true" version="1" changeset="1771511" timestamp="2009-07-08T12:22:45Z" user="cyana" uid="74529" lat="35.0101100" lon="126.8565700"/>
 <node id="437187737" visible="true" version="2" changeset="78636252" timestamp="2019-12-19T12:12:26Z" user="FUKUTAN" uid="5207199" lat="35.0103459" lon="126.8563239"/>
 <node id="437187738" visible="true" version="1" changeset="1771511" timestamp="2009-07-08T12:22:45Z" user="cyana" uid="74529" lat="35.0114500" lon="126.8546900"/>
 <node id="437187739" visible="true" version="1" changeset="1771511" timestamp="2009-07-08T12:22:45Z" user="cyana" uid="74529" lat="35.0121100" lon="126.8538700"/>
 <node id="437187740" visible="true" version="1" changeset="1771511" timestamp="2009-07-08T12:22:45Z" user="cyana" uid="74529" lat="35.0122500" lon="126.8537400"/>
 <node id="437187741" visible="true" version="3" changeset="87253085" timestamp="2020-06-28T15:16:05Z" user="LuxuryCoop" uid="7245212" lat="35.0128953" lon="126.8532937"/>
 <node id="437187742" visible="true" version="4" changeset="154920955" timestamp="2024-08-07T07:08:32Z" user="morago" uid="11113946" lat="35.0132819" lon="126.8530725"/>
 <node id="437187743" visible="true" version="3" changeset="154920955" timestamp="2024-08-07T07:08:32Z" user="morago" uid="11113946" lat="35.0136145" lon="126.8528725"/>
 <node id="437187744" visible="true" version="3" changeset="154920955" timestamp="2024-08-07T07:08:32Z" user="morago" uid="11113946" lat="35.0138518" lon="126.8527975"/>
 <node id="437187745" visible="true" version="3" changeset="154920955" timestamp="2024-08-07T07:08:32Z" user="morago" uid="11113946" lat="35.0141374" lon="126.8527749"/>
 <node id="437187746" visible="true" version="2" changeset="87253085" timestamp="2020-06-28T15:16:16Z" user="LuxuryCoop" uid="7245212" lat="35.0146464" lon="126.8526944"/>
 <node id="437187747" visible="true" version="3" changeset="154920955" timestamp="2024-08-07T07:08:32Z" user="morago" uid="11113946" lat="35.0154346" lon="126.8524898"/>
 <node id="437187748" visible="true" version="3" changeset="154920955" timestamp="2024-08-07T07:08:32Z" user="morago" uid="11113946" lat="35.0160500" lon="126.8523540"/>
 <node id="437187749" visible="true" version="3" changeset="154920955" timestamp="2024-08-07T07:08:32Z" user="morago" uid="11113946" lat="35.0165089" lon="126.8523393"/>
 <node id="437187750" visible="true" version="3" changeset="154920955" timestamp="2024-08-07T07:08:32Z" user="morago" uid="11113946" lat="35.0171494" lon="126.8523518"/>
 <node id="437187751" visible="true" version="3" changeset="154920955" timestamp="2024-08-07T07:08:32Z" user="morago" uid="11113946" lat="35.0177810" lon="126.8524459"/>
 <node id="437187752" visible="true" version="3" changeset="154920955" timestamp="2024-08-07T07:08:32Z" user="morago" uid="11113946" lat="35.0183368" lon="126.8526093"/>
 <node id="437187753" visible="true" version="1" changeset="1771511" timestamp="2009-07-08T12:22:46Z" user="cyana" uid="74529" lat="35.0190000" lon="126.8527600"/>
 <node id="437187754" visible="true" version="1" changeset="1771511" timestamp="2009-07-08T12:22:46Z" user="cyana" uid="74529" lat="35.0194800" lon="126.8528000"/>
 <node id="437187755" visible="true" version="2" changeset="120191846" timestamp="2022-04-26T04:37:03Z" user="FUKUTAN" uid="5207199" lat="35.0198980" lon="126.8527659"/>
 <node id="1438912082" visible="true" version="2" changeset="25494344" timestamp="2014-09-17T08:15:28Z" user="Jockhyeng1" uid="1594736" lat="35.0523543" lon="126.7716111"/>
 <node id="1438912097" visible="true" version="3" changeset="59373540" timestamp="2018-05-29T16:46:59Z" user="lorenzo23622" uid="476483" lat="35.0533803" lon="126.7718546"/>
 <node id="1438912099" visible="true" version="2" changeset="59373540" timestamp="2018-05-29T16:46:59Z" user="lorenzo23622" uid="476483" lat="35.0538755" lon="126.7673101"/>
 <node id="1440087993" visible="true" version="1" changeset="9366175" timestamp="2011-09-22T07:34:47Z" user="generalred" uid="118851" lat="34.9980933" lon="126.8860514"/>
 <node id="1440087996" visible="true" version="2" changeset="53279646" timestamp="2017-10-27T03:51:19Z" user="FUKUTAN" uid="5207199" lat="34.9981795" lon="126.8865037"/>
 <node id="1440087998" visible="true" version="2" changeset="53279646" timestamp="2017-10-27T03:51:19Z" user="FUKUTAN" uid="5207199" lat="35.0015781" lon="126.8844955"/>
 <node id="1440088004" visible="true" version="2" changeset="53279646" timestamp="2017-10-27T03:51:18Z" user="FUKUTAN" uid="5207199" lat="35.0015737" lon="126.8850187"/>
 <node id="1440088006" visible="true" version="1" changeset="9366175" timestamp="2011-09-22T07:34:47Z" user="generalred" uid="118851" lat="35.0017806" lon="126.8875976"/>
 <node id="1440088009" visible="true" version="1" changeset="9366175" timestamp="2011-09-22T07:34:47Z" user="generalred" uid="118851" lat="35.0018127" lon="126.8863059"/>
 <node id="1440088011" visible="true" version="1" changeset="9366175" timestamp="2011-09-22T07:34:47Z" user="generalred" uid="118851" lat="35.0019089" lon="126.8892220"/>
 <node id="1440088012" visible="true" version="2" changeset="53279646" timestamp="2017-10-27T03:51:18Z" user="FUKUTAN" uid="5207199" lat="35.0022371" lon="126.8840090"/>
 <node id="1440088013" visible="true" version="1" changeset="9366175" timestamp="2011-09-22T07:34:47Z" user="generalred" uid="118851" lat="35.0025957" lon="126.8886905"/>
 <node id="1440088014" visible="true" version="1" changeset="9366175" timestamp="2011-09-22T07:34:47Z" user="generalred" uid="118851" lat="35.0026368" lon="126.8875381"/>
 <node id="1440088015" visible="true" version="2" changeset="53279646" timestamp="2017-10-27T03:51:18Z" user="FUKUTAN" uid="5207199" lat="35.0029234" lon="126.8834129"/>
 <node id="1440088016" visible="true" version="1" changeset="9366175" timestamp="2011-09-22T07:34:47Z" user="generalred" uid="118851" lat="35.0028215" lon="126.8864735"/>
 <node id="1440088017" visible="true" version="1" changeset="9366175" timestamp="2011-09-22T07:34:47Z" user="generalred" uid="118851" lat="35.0028317" lon="126.8899305"/>
 <node id="1440088018" visible="true" version="1" changeset="9366175" timestamp="2011-09-22T07:34:47Z" user="generalred" uid="118851" lat="35.0028707" lon="126.8932340"/>
 <node id="1440088020" visible="true" version="1" changeset="9366175" timestamp="2011-09-22T07:34:47Z" user="generalred" uid="118851" lat="35.0031433" lon="126.8946627"/>
 <node id="1440088022" visible="true" version="1" changeset="9366175" timestamp="2011-09-22T07:34:47Z" user="generalred" uid="118851" lat="35.0031498" lon="126.8911329"/>
 <node id="1440088024" visible="true" version="1" changeset="9366175" timestamp="2011-09-22T07:34:47Z" user="generalred" uid="118851" lat="35.0031703" lon="126.8853963"/>
 <node id="1440088026" visible="true" version="1" changeset="9366175" timestamp="2011-09-22T07:34:47Z" user="generalred" uid="118851" lat="35.0034678" lon="126.8923980"/>
 <node id="1440088028" visible="true" version="1" changeset="9366175" timestamp="2011-09-22T07:34:47Z" user="generalred" uid="118851" lat="35.0037364" lon="126.8822938"/>
 <node id="1440088030" visible="true" version="1" changeset="9366175" timestamp="2011-09-22T07:34:47Z" user="generalred" uid="118851" lat="35.0037551" lon="126.8846823"/>
 <node id="1440088032" visible="true" version="1" changeset="9366175" timestamp="2011-09-22T07:34:47Z" user="generalred" uid="118851" lat="35.0038005" lon="126.8962284"/>
 <node id="1440088034" visible="true" version="1" changeset="9366175" timestamp="2011-09-22T07:34:47Z" user="generalred" uid="118851" lat="35.0039355" lon="126.9535257"/>
 <node id="1440088035" visible="true" version="1" changeset="9366175" timestamp="2011-09-22T07:34:48Z" user="generalred" uid="118851" lat="35.0039603" lon="126.8942393"/>
 <node id="1440088036" visible="true" version="1" changeset="9366175" timestamp="2011-09-22T07:34:48Z" user="generalred" uid="118851" lat="35.0039769" lon="126.8973635"/>
 <node id="1440088037" visible="true" version="1" changeset="9366175" timestamp="2011-09-22T07:34:48Z" user="generalred" uid="118851" lat="35.0040834" lon="126.8836051"/>
 <node id="1440088038" visible="true" version="1" changeset="9366175" timestamp="2011-09-22T07:34:48Z" user="generalred" uid="118851" lat="35.0042784" lon="126.8952037"/>
 <node id="1440088039" visible="true" version="1" changeset="9366175" timestamp="2011-09-22T07:34:48Z" user="generalred" uid="118851" lat="35.0043135" lon="126.8809825"/>
 <node id="1440088049" visible="true" version="1" changeset="9366175" timestamp="2011-09-22T07:34:48Z" user="generalred" uid="118851" lat="35.0044097" lon="126.8984399"/>
 <node id="1440088050" visible="true" version="1" changeset="9366175" timestamp="2011-09-22T07:34:48Z" user="generalred" uid="118851" lat="35.0045511" lon="126.9529933"/>
 <node id="1440088051" visible="true" version="1" changeset="9366175" timestamp="2011-09-22T07:34:48Z" user="generalred" uid="118851" lat="35.0045767" lon="126.9547939"/>
 <node id="1440088052" visible="true" version="1" changeset="9366175" timestamp="2011-09-22T07:34:48Z" user="generalred" uid="118851" lat="35.0048105" lon="126.8796126"/>
 <node id="1440088053" visible="true" version="1" changeset="9366175" timestamp="2011-09-22T07:34:48Z" user="generalred" uid="118851" lat="35.0048426" lon="126.8819267"/>
 <node id="1440088054" visible="true" version="1" changeset="9366175" timestamp="2011-09-22T07:34:48Z" user="generalred" uid="118851" lat="35.0049042" lon="126.8966316"/>
 <node id="1440088055" visible="true" version="1" changeset="9366175" timestamp="2011-09-22T07:34:48Z" user="generalred" uid="118851" lat="35.0050028" lon="126.8992815"/>
 <node id="1440088057" visible="true" version="1" changeset="9366175" timestamp="2011-09-22T07:34:48Z" user="generalred" uid="118851" lat="35.0051538" lon="126.9524297"/>
 <node id="1440088058" visible="true" version="1" changeset="9366175" timestamp="2011-09-22T07:34:48Z" user="generalred" uid="118851" lat="35.0052112" lon="126.8787319"/>
 <node id="1440088060" visible="true" version="1" changeset="9366175" timestamp="2011-09-22T07:34:48Z" user="generalred" uid="118851" lat="35.0052754" lon="126.9002796"/>
 <node id="1440088062" visible="true" version="1" changeset="9366175" timestamp="2011-09-22T07:34:48Z" user="generalred" uid="118851" lat="35.0054998" lon="126.8779882"/>
 <node id="1440088064" visible="true" version="1" changeset="9366175" timestamp="2011-09-22T07:34:48Z" user="generalred" uid="118851" lat="35.0056155" lon="126.9519913"/>
 <node id="1440088066" visible="true" version="1" changeset="9366175" timestamp="2011-09-22T07:34:48Z" user="generalred" uid="118851" lat="35.0056532" lon="126.8801982"/>
 <node id="1440088068" visible="true" version="1" changeset="9366175" timestamp="2011-09-22T07:34:48Z" user="generalred" uid="118851" lat="35.0057763" lon="126.8983602"/>
 <node id="1440088070" visible="true" version="1" changeset="9366175" timestamp="2011-09-22T07:34:48Z" user="generalred" uid="118851" lat="35.0058204" lon="126.8769117"/>
 <node id="1440088072" visible="true" version="1" changeset="9366175" timestamp="2011-09-22T07:34:48Z" user="generalred" uid="118851" lat="35.0061046" lon="126.8993371"/>
 <node id="1440088074" visible="true" version="1" changeset="9366175" timestamp="2011-09-22T07:34:48Z" user="generalred" uid="118851" lat="35.0061250" lon="126.9020215"/>
 <node id="1440088075" visible="true" version="1" changeset="9366175" timestamp="2011-09-22T07:34:48Z" user="generalred" uid="118851" lat="35.0062532" lon="126.8754635"/>
 <node id="1440088076" visible="true" version="1" changeset="9366175" timestamp="2011-09-22T07:34:48Z" user="generalred" uid="118851" lat="35.0062567" lon="126.9533535"/>
 <node id="1440088077" visible="true" version="1" changeset="9366175" timestamp="2011-09-22T07:34:48Z" user="generalred" uid="118851" lat="35.0064431" lon="126.9010907"/>
 <node id="1440088078" visible="true" version="1" changeset="9366175" timestamp="2011-09-22T07:34:48Z" user="generalred" uid="118851" lat="35.0066158" lon="126.9512867"/>
 <node id="1440088079" visible="true" version="1" changeset="9366175" timestamp="2011-09-22T07:34:48Z" user="generalred" uid="118851" lat="35.0068330" lon="126.8779060"/>
 <node id="1440088080" visible="true" version="1" changeset="9366175" timestamp="2011-09-22T07:34:48Z" user="generalred" uid="118851" lat="35.0068946" lon="126.9023182"/>
 <node id="1440088081" visible="true" version="1" changeset="9366175" timestamp="2011-09-22T07:34:48Z" user="generalred" uid="118851" lat="35.0069586" lon="126.8737217"/>
 <node id="1440088082" visible="true" version="1" changeset="9366175" timestamp="2011-09-22T07:34:48Z" user="generalred" uid="118851" lat="35.0069586" lon="126.9037046"/>
 <node id="1440088092" visible="true" version="1" changeset="9366175" timestamp="2011-09-22T07:34:49Z" user="generalred" uid="118851" lat="35.0070647" lon="126.9505039"/>
 <node id="1440088093" visible="true" version="1" changeset="9366175" timestamp="2011-09-22T07:34:49Z" user="generalred" uid="118851" lat="35.0070775" lon="126.9526176"/>
 <node id="1440088094" visible="true" version="1" changeset="9366175" timestamp="2011-09-22T07:34:49Z" user="generalred" uid="118851" lat="35.0072151" lon="126.8727627"/>
 <node id="1440088095" visible="true" version="1" changeset="9366175" timestamp="2011-09-22T07:34:49Z" user="generalred" uid="118851" lat="35.0072947" lon="126.9028443"/>
 <node id="1440088096" visible="true" version="1" changeset="9366175" timestamp="2011-09-22T07:34:49Z" user="generalred" uid="118851" lat="35.0073340" lon="126.9521948"/>
 <node id="1440088099" visible="true" version="1" changeset="9366175" timestamp="2011-09-22T07:34:49Z" user="generalred" uid="118851" lat="35.0073433" lon="126.9042721"/>
 <node id="1440088101" visible="true" version="1" changeset="9366175" timestamp="2011-09-22T07:34:49Z" user="generalred" uid="118851" lat="35.0073460" lon="126.8769290"/>
 <node id="1440088103" visible="true" version="1" changeset="9366175" timestamp="2011-09-22T07:34:49Z" user="generalred" uid="118851" lat="35.0075196" lon="126.8712361"/>
 <node id="1440088105" visible="true" version="1" changeset="9366175" timestamp="2011-09-22T07:34:49Z" user="generalred" uid="118851" lat="35.0075819" lon="126.9036960"/>
 <node id="1440088107" visible="true" version="1" changeset="9366175" timestamp="2011-09-22T07:34:49Z" user="generalred" uid="118851" lat="35.0075838" lon="126.8720385"/>
 <node id="1440088109" visible="true" version="1" changeset="9366175" timestamp="2011-09-22T07:34:49Z" user="generalred" uid="118851" lat="35.0077120" lon="126.9119244"/>
 <node id="1440088111" visible="true" version="1" changeset="9366175" timestamp="2011-09-22T07:34:49Z" user="generalred" uid="118851" lat="35.0077572" lon="126.9514746"/>
 <node id="1440088113" visible="true" version="1" changeset="9366175" timestamp="2011-09-22T07:34:49Z" user="generalred" uid="118851" lat="35.0077601" lon="126.9131183"/>
 <node id="1440088114" visible="true" version="1" changeset="9366175" timestamp="2011-09-22T07:34:49Z" user="generalred" uid="118851" lat="35.0077921" lon="126.9053485"/>
 <node id="1440088115" visible="true" version="1" changeset="9366175" timestamp="2011-09-22T07:34:49Z" user="generalred" uid="118851" lat="35.0078589" lon="126.8762777"/>
 <node id="1440088116" visible="true" version="3" changeset="160431754" timestamp="2024-12-20T12:40:29Z" user="dongin" uid="11518918" lat="35.0079099" lon="126.9429138"/>
 <node id="1440088117" visible="true" version="1" changeset="9366175" timestamp="2011-09-22T07:34:49Z" user="generalred" uid="118851" lat="35.0079685" lon="126.8699444"/>
 <node id="1440088118" visible="true" version="1" changeset="9366175" timestamp="2011-09-22T07:34:49Z" user="generalred" uid="118851" lat="35.0079880" lon="126.9488286"/>
 <node id="1440088119" visible="true" version="1" changeset="9366175" timestamp="2011-09-22T07:34:49Z" user="generalred" uid="118851" lat="35.0080486" lon="126.8715101"/>
 <node id="1440088120" visible="true" version="1" changeset="9366175" timestamp="2011-09-22T07:34:49Z" user="generalred" uid="118851" lat="35.0081163" lon="126.9512867"/>
 <node id="1440088121" visible="true" version="1" changeset="9366175" timestamp="2011-09-22T07:34:49Z" user="generalred" uid="118851" lat="35.0081288" lon="126.9066402"/>
 <node id="1440088123" visible="true" version="1" changeset="9366175" timestamp="2011-09-22T07:34:49Z" user="generalred" uid="118851" lat="35.0081448" lon="126.9139794"/>
 <node id="1440088124" visible="true" version="1" changeset="9366175" timestamp="2011-09-22T07:34:49Z" user="generalred" uid="118851" lat="35.0081929" lon="126.8685745"/>
 <node id="1440088126" visible="true" version="1" changeset="9366175" timestamp="2011-09-22T07:34:49Z" user="generalred" uid="118851" lat="35.0082250" lon="126.9108285"/>
 <node id="1440088134" visible="true" version="2" changeset="48449338" timestamp="2017-05-06T11:00:29Z" user="FUKUTAN" uid="5207199" lat="35.0081350" lon="126.9433921"/>
 <node id="1440088135" visible="true" version="2" changeset="48449338" timestamp="2017-05-06T11:00:29Z" user="FUKUTAN" uid="5207199" lat="35.0081510" lon="126.9412664"/>
 <node id="1440088136" visible="true" version="1" changeset="9366175" timestamp="2011-09-22T07:34:50Z" user="generalred" uid="118851" lat="35.0083001" lon="126.8750377"/>
 <node id="1440088137" visible="true" version="1" changeset="9366175" timestamp="2011-09-22T07:34:50Z" user="generalred" uid="118851" lat="35.0083051" lon="126.8703946"/>
 <node id="1440088139" visible="true" version="1" changeset="9366175" timestamp="2011-09-22T07:34:50Z" user="generalred" uid="118851" lat="35.0083343" lon="126.9479362"/>
 <node id="1440088141" visible="true" version="1" changeset="9366175" timestamp="2011-09-22T07:34:50Z" user="generalred" uid="118851" lat="35.0084014" lon="126.9447593"/>
 <node id="1440088143" visible="true" version="1" changeset="9366175" timestamp="2011-09-22T07:34:50Z" user="generalred" uid="118851" lat="35.0084334" lon="126.9078928"/>
 <node id="1440088145" visible="true" version="1" changeset="9366175" timestamp="2011-09-22T07:34:50Z" user="generalred" uid="118851" lat="35.0084625" lon="126.9508484"/>
 <node id="1440088146" visible="true" version="1" changeset="9366175" timestamp="2011-09-22T07:34:50Z" user="generalred" uid="118851" lat="35.0084745" lon="126.9045478"/>
 <node id="1440088148" visible="true" version="1" changeset="9366175" timestamp="2011-09-22T07:34:50Z" user="generalred" uid="118851" lat="35.0085456" lon="126.9296754"/>
 <node id="1440088150" visible="true" version="1" changeset="9366175" timestamp="2011-09-22T07:34:50Z" user="generalred" uid="118851" lat="35.0085463" lon="126.8741609"/>
 <node id="1440088152" visible="true" version="1" changeset="9366175" timestamp="2011-09-22T07:34:50Z" user="generalred" uid="118851" lat="35.0085523" lon="126.9469811"/>
 <node id="1440088154" visible="true" version="1" changeset="9366175" timestamp="2011-09-22T07:34:50Z" user="generalred" uid="118851" lat="35.0085776" lon="126.8676155"/>
 <node id="1440088155" visible="true" version="1" changeset="9366175" timestamp="2011-09-22T07:34:50Z" user="generalred" uid="118851" lat="35.0085776" lon="126.9087343"/>
 <node id="1440088156" visible="true" version="2" changeset="48449338" timestamp="2017-05-06T11:00:29Z" user="FUKUTAN" uid="5207199" lat="35.0084042" lon="126.9399744"/>
 <node id="1440088157" visible="true" version="1" changeset="9366175" timestamp="2011-09-22T07:34:50Z" user="generalred" uid="118851" lat="35.0086257" lon="126.9151341"/>
 <node id="1440088158" visible="true" version="1" changeset="9366175" timestamp="2011-09-22T07:34:50Z" user="generalred" uid="118851" lat="35.0086257" lon="126.9307910"/>
 <node id="1440088159" visible="true" version="2" changeset="48449338" timestamp="2017-05-06T11:00:29Z" user="FUKUTAN" uid="5207199" lat="35.0085153" lon="126.9462227"/>
 <node id="1440088160" visible="true" version="1" changeset="9366175" timestamp="2011-09-22T07:34:50Z" user="generalred" uid="118851" lat="35.0087059" lon="126.9318870"/>
 <node id="1440088161" visible="true" version="1" changeset="9366175" timestamp="2011-09-22T07:34:50Z" user="generalred" uid="118851" lat="35.0087618" lon="126.8729835"/>
 <node id="1440088162" visible="true" version="2" changeset="48449338" timestamp="2017-05-06T11:00:29Z" user="FUKUTAN" uid="5207199" lat="35.0085977" lon="126.9385296"/>
 <node id="1440088164" visible="true" version="1" changeset="9366175" timestamp="2011-09-22T07:34:50Z" user="generalred" uid="118851" lat="35.0088216" lon="126.9504882"/>
 <node id="1440088166" visible="true" version="2" changeset="184081568" timestamp="2026-06-14T06:51:30Z" user="FUKUTAN" uid="5207199" lat="35.0087607" lon="126.9282327"/>
 <node id="1440088167" visible="true" version="2" changeset="48449338" timestamp="2017-05-06T11:00:30Z" user="FUKUTAN" uid="5207199" lat="35.0089544" lon="126.9343111"/>
 <node id="1440088168" visible="true" version="2" changeset="48449338" timestamp="2017-05-06T11:00:29Z" user="FUKUTAN" uid="5207199" lat="35.0086648" lon="126.9372961"/>
 <node id="1440088169" visible="true" version="1" changeset="9366175" timestamp="2011-09-22T07:34:50Z" user="generalred" uid="118851" lat="35.0088982" lon="126.8666761"/>
 <node id="1440088170" visible="true" version="1" changeset="9366175" timestamp="2011-09-22T07:34:50Z" user="generalred" uid="118851" lat="35.0089114" lon="126.9502377"/>
 <node id="1440088171" visible="true" version="1" changeset="9366175" timestamp="2011-09-22T07:34:50Z" user="generalred" uid="118851" lat="35.0089259" lon="126.9051866"/>
 <node id="1440088172" visible="true" version="1" changeset="9366175" timestamp="2011-09-22T07:34:50Z" user="generalred" uid="118851" lat="35.0089362" lon="126.8721443"/>
 <node id="1440088173" visible="true" version="3" changeset="142027335" timestamp="2023-10-02T08:31:19Z" user="FUKUTAN" uid="5207199" lat="35.0087692" lon="126.9363786"/>
 <node id="1440088174" visible="true" version="3" changeset="142027335" timestamp="2023-10-02T08:31:19Z" user="FUKUTAN" uid="5207199" lat="35.0088944" lon="126.9353494"/>
 <node id="1440088175" visible="true" version="2" changeset="142027335" timestamp="2023-10-02T08:31:19Z" user="FUKUTAN" uid="5207199" lat="35.0090842" lon="126.9161669"/>
 <node id="1440088176" visible="true" version="2" changeset="48520106" timestamp="2017-05-09T04:15:03Z" user="FUKUTAN" uid="5207199" lat="35.0096032" lon="126.9479218"/>
 <node id="1440088177" visible="true" version="1" changeset="9366175" timestamp="2011-09-22T07:34:51Z" user="generalred" uid="118851" lat="35.0091208" lon="126.8716558"/>
 <node id="1440088178" visible="true" version="1" changeset="9366175" timestamp="2011-09-22T07:34:51Z" user="generalred" uid="118851" lat="35.0092829" lon="126.8658345"/>
 <node id="1440088179" visible="true" version="1" changeset="9366175" timestamp="2011-09-22T07:34:51Z" user="generalred" uid="118851" lat="35.0093345" lon="126.9488756"/>
 <node id="1440088180" visible="true" version="1" changeset="9366175" timestamp="2011-09-22T07:34:51Z" user="generalred" uid="118851" lat="35.0093773" lon="126.8708291"/>
 <node id="1440088181" visible="true" version="1" changeset="9366175" timestamp="2011-09-22T07:34:51Z" user="generalred" uid="118851" lat="35.0093876" lon="126.9061385"/>
 <node id="1440088182" visible="true" version="1" changeset="9366175" timestamp="2011-09-22T07:34:51Z" user="generalred" uid="118851" lat="35.0094371" lon="126.9433800"/>
 <node id="1440088183" visible="true" version="1" changeset="9366175" timestamp="2011-09-22T07:34:51Z" user="generalred" uid="118851" lat="35.0095074" lon="126.9168368"/>
 <node id="1440088184" visible="true" version="1" changeset="9366175" timestamp="2011-09-22T07:34:51Z" user="generalred" uid="118851" lat="35.0095525" lon="126.9442412"/>
 <node id="1440088185" visible="true" version="1" changeset="9366175" timestamp="2011-09-22T07:34:51Z" user="generalred" uid="118851" lat="35.0096030" lon="126.8698396"/>
 <node id="1440088186" visible="true" version="1" changeset="9366175" timestamp="2011-09-22T07:34:51Z" user="generalred" uid="118851" lat="35.0096423" lon="126.9425502"/>
 <node id="1440088187" visible="true" version="1" changeset="9366175" timestamp="2011-09-22T07:34:51Z" user="generalred" uid="118851" lat="35.0096516" lon="126.8643080"/>
 <node id="1440088188" visible="true" version="1" changeset="9366175" timestamp="2011-09-22T07:34:51Z" user="generalred" uid="118851" lat="35.0096516" lon="126.9261135"/>
 <node id="1440088189" visible="true" version="1" changeset="9366175" timestamp="2011-09-22T07:34:51Z" user="generalred" uid="118851" lat="35.0096936" lon="126.9452745"/>
 <node id="1440088190" visible="true" version="1" changeset="9366175" timestamp="2011-09-22T07:34:51Z" user="generalred" uid="118851" lat="35.0096953" lon="126.9135536"/>
 <node id="1440088191" visible="true" version="1" changeset="9366175" timestamp="2011-09-22T07:34:51Z" user="generalred" uid="118851" lat="35.0097056" lon="126.9072157"/>
 <node id="1440088192" visible="true" version="2" changeset="142027335" timestamp="2023-10-02T08:31:19Z" user="FUKUTAN" uid="5207199" lat="35.0097658" lon="126.9140179"/>
 <node id="1440088193" visible="true" version="1" changeset="9366175" timestamp="2011-09-22T07:34:51Z" user="generalred" uid="118851" lat="35.0097261" lon="126.8683741"/>
 <node id="1440088194" visible="true" version="1" changeset="9366175" timestamp="2011-09-22T07:34:51Z" user="generalred" uid="118851" lat="35.0097321" lon="126.9468872"/>
 <node id="1440088195" visible="true" version="1" changeset="9366175" timestamp="2011-09-22T07:34:51Z" user="generalred" uid="118851" lat="35.0097569" lon="126.9124138"/>
 <node id="1440088196" visible="true" version="1" changeset="9366175" timestamp="2011-09-22T07:34:51Z" user="generalred" uid="118851" lat="35.0098090" lon="126.9461043"/>
 <node id="1440088197" visible="true" version="2" changeset="48282110" timestamp="2017-04-30T13:58:49Z" user="FUKUTAN" uid="5207199" lat="35.0100210" lon="126.9119722"/>
 <node id="1440088198" visible="true" version="1" changeset="9366175" timestamp="2011-09-22T07:34:51Z" user="generalred" uid="118851" lat="35.0098440" lon="126.8652865"/>
 <node id="1440088199" visible="true" version="1" changeset="9366175" timestamp="2011-09-22T07:34:51Z" user="generalred" uid="118851" lat="35.0098595" lon="126.9079923"/>
 <node id="1440088200" visible="true" version="1" changeset="9366175" timestamp="2011-09-22T07:34:51Z" user="generalred" uid="118851" lat="35.0099313" lon="126.9305256"/>
 <node id="1440088201" visible="true" version="1" changeset="9366175" timestamp="2011-09-22T07:34:51Z" user="generalred" uid="118851" lat="35.0099723" lon="126.9318909"/>
 <node id="1440088202" visible="true" version="1" changeset="9366175" timestamp="2011-09-22T07:34:51Z" user="generalred" uid="118851" lat="35.0099883" lon="126.8646015"/>
 <node id="1440088203" visible="true" version="1" changeset="9366175" timestamp="2011-09-22T07:34:51Z" user="generalred" uid="118851" lat="35.0100014" lon="126.9419866"/>
 <node id="1440088204" visible="true" version="1" changeset="9366175" timestamp="2011-09-22T07:34:51Z" user="generalred" uid="118851" lat="35.0100031" lon="126.9147310"/>
 <node id="1440088205" visible="true" version="1" changeset="9366175" timestamp="2011-09-22T07:34:51Z" user="generalred" uid="118851" lat="35.0100852" lon="126.8670840"/>
 <node id="1440088206" visible="true" version="1" changeset="9366175" timestamp="2011-09-22T07:34:51Z" user="generalred" uid="118851" lat="35.0101570" lon="126.9334566"/>
 <node id="1440088207" visible="true" version="2" changeset="48282110" timestamp="2017-04-30T13:58:49Z" user="FUKUTAN" uid="5207199" lat="35.0104584" lon="126.9120590"/>
 <node id="1440088208" visible="true" version="1" changeset="9366175" timestamp="2011-09-22T07:34:51Z" user="generalred" uid="118851" lat="35.0102391" lon="126.9293232"/>
 <node id="1440088209" visible="true" version="1" changeset="9366175" timestamp="2011-09-22T07:34:51Z" user="generalred" uid="118851" lat="35.0102928" lon="126.9181285"/>
 <node id="1440088210" visible="true" version="2" changeset="48520106" timestamp="2017-05-09T04:15:03Z" user="FUKUTAN" uid="5207199" lat="35.0103482" lon="126.9418432"/>
 <node id="1440088211" visible="true" version="1" changeset="9366175" timestamp="2011-09-22T07:34:52Z" user="generalred" uid="118851" lat="35.0103724" lon="126.9365504"/>
 <node id="1440088212" visible="true" version="1" changeset="9366175" timestamp="2011-09-22T07:34:52Z" user="generalred" uid="118851" lat="35.0104340" lon="126.9356486"/>
 <node id="1440088213" visible="true" version="2" changeset="142027335" timestamp="2023-10-02T08:31:19Z" user="FUKUTAN" uid="5207199" lat="35.0104912" lon="126.9159308"/>
 <node id="1440088214" visible="true" version="1" changeset="9366175" timestamp="2011-09-22T07:34:52Z" user="generalred" uid="118851" lat="35.0104648" lon="126.9100465"/>
 <node id="1440088215" visible="true" version="1" changeset="9366175" timestamp="2011-09-22T07:34:52Z" user="generalred" uid="118851" lat="35.0104750" lon="126.9090068"/>
 <node id="1440088216" visible="true" version="2" changeset="48282110" timestamp="2017-04-30T13:58:49Z" user="FUKUTAN" uid="5207199" lat="35.0107474" lon="126.9105418"/>
 <node id="1440088217" visible="true" version="2" changeset="48520106" timestamp="2017-05-09T04:15:03Z" user="FUKUTAN" uid="5207199" lat="35.0105515" lon="126.9247598"/>
 <node id="1440088218" visible="true" version="1" changeset="9366175" timestamp="2011-09-22T07:34:52Z" user="generalred" uid="118851" lat="35.0106775" lon="126.9195963"/>
 <node id="1440088219" visible="true" version="1" changeset="9366175" timestamp="2011-09-22T07:34:52Z" user="generalred" uid="118851" lat="35.0107520" lon="126.9382288"/>
 <node id="1440088220" visible="true" version="1" changeset="9366175" timestamp="2011-09-22T07:34:52Z" user="generalred" uid="118851" lat="35.0108546" lon="126.9387549"/>
 <node id="1440088221" visible="true" version="1" changeset="9366175" timestamp="2011-09-22T07:34:52Z" user="generalred" uid="118851" lat="35.0109375" lon="126.9420335"/>
 <node id="1440088222" visible="true" version="1" changeset="9366175" timestamp="2011-09-22T07:34:52Z" user="generalred" uid="118851" lat="35.0110187" lon="126.9398571"/>
 <node id="1440088223" visible="true" version="2" changeset="48282110" timestamp="2017-04-30T13:58:49Z" user="FUKUTAN" uid="5207199" lat="35.0110459" lon="126.9121462"/>
 <node id="1440088224" visible="true" version="1" changeset="9366175" timestamp="2011-09-22T07:34:52Z" user="generalred" uid="118851" lat="35.0110943" lon="126.8608243"/>
 <node id="1440088225" visible="true" version="1" changeset="9366175" timestamp="2011-09-22T07:34:52Z" user="generalred" uid="118851" lat="35.0111008" lon="126.9174866"/>
 <node id="1440088226" visible="true" version="1" changeset="9366175" timestamp="2011-09-22T07:34:52Z" user="generalred" uid="118851" lat="35.0111103" lon="126.9209467"/>
 <node id="1440088227" visible="true" version="1" changeset="9366175" timestamp="2011-09-22T07:34:52Z" user="generalred" uid="118851" lat="35.0113060" lon="126.9187016"/>
 <node id="1440088228" visible="true" version="2" changeset="48520106" timestamp="2017-05-09T04:15:03Z" user="FUKUTAN" uid="5207199" lat="35.0114469" lon="126.9228686"/>
 <node id="1440088229" visible="true" version="1" changeset="9366175" timestamp="2011-09-22T07:34:52Z" user="generalred" uid="118851" lat="35.0114496" lon="126.9255906"/>
 <node id="1440088230" visible="true" version="1" changeset="9366175" timestamp="2011-09-22T07:34:52Z" user="generalred" uid="118851" lat="35.0115402" lon="126.9425659"/>
 <node id="1440088231" visible="true" version="3" changeset="48520106" timestamp="2017-05-09T04:15:03Z" user="FUKUTAN" uid="5207199" lat="35.0117127" lon="126.9116265"/>
 <node id="1440088232" visible="true" version="1" changeset="9366175" timestamp="2011-09-22T07:34:52Z" user="generalred" uid="118851" lat="35.0115830" lon="126.9410721"/>
 <node id="1440088233" visible="true" version="2" changeset="48520106" timestamp="2017-05-09T04:15:03Z" user="FUKUTAN" uid="5207199" lat="35.0114191" lon="126.9233996"/>
 <node id="1440088234" visible="true" version="1" changeset="9366175" timestamp="2011-09-22T07:34:52Z" user="generalred" uid="118851" lat="35.0116240" lon="126.9193905"/>
 <node id="1440088236" visible="true" version="1" changeset="9366175" timestamp="2011-09-22T07:34:52Z" user="generalred" uid="118851" lat="35.0119113" lon="126.8618859"/>
 <node id="1440088237" visible="true" version="1" changeset="9366175" timestamp="2011-09-22T07:34:52Z" user="generalred" uid="118851" lat="35.0119728" lon="126.9210814"/>
 <node id="1440088238" visible="true" version="1" changeset="9366175" timestamp="2011-09-22T07:34:52Z" user="generalred" uid="118851" lat="35.0120549" lon="126.9243005"/>
 <node id="1440088239" visible="true" version="1" changeset="9366175" timestamp="2011-09-22T07:34:52Z" user="generalred" uid="118851" lat="35.0122498" lon="126.9217703"/>
 <node id="1440088240" visible="true" version="2" changeset="48520106" timestamp="2017-05-09T04:15:03Z" user="FUKUTAN" uid="5207199" lat="35.0126571" lon="126.9420051"/>
 <node id="1440088241" visible="true" version="1" changeset="9366175" timestamp="2011-09-22T07:34:53Z" user="generalred" uid="118851" lat="35.0124892" lon="126.9429886"/>
 <node id="1440088242" visible="true" version="1" changeset="9366175" timestamp="2011-09-22T07:34:53Z" user="generalred" uid="118851" lat="35.0126089" lon="126.9219707"/>
 <node id="1440088243" visible="true" version="1" changeset="9366175" timestamp="2011-09-22T07:34:53Z" user="generalred" uid="118851" lat="35.0126191" lon="126.9226596"/>
 <node id="1440088244" visible="true" version="1" changeset="9366175" timestamp="2011-09-22T07:34:53Z" user="generalred" uid="118851" lat="35.0126652" lon="126.8565969"/>
 <node id="1440088245" visible="true" version="1" changeset="9366175" timestamp="2011-09-22T07:34:53Z" user="generalred" uid="118851" lat="35.0133064" lon="126.8575646"/>
 <node id="1440088246" visible="true" version="2" changeset="48520106" timestamp="2017-05-09T04:15:03Z" user="FUKUTAN" uid="5207199" lat="35.0135292" lon="126.9424535"/>
 <node id="1440088247" visible="true" version="1" changeset="9366175" timestamp="2011-09-22T07:34:53Z" user="generalred" uid="118851" lat="35.0138741" lon="126.9434583"/>
 <node id="1440088248" visible="true" version="1" changeset="9366175" timestamp="2011-09-22T07:34:53Z" user="generalred" uid="118851" lat="35.0139956" lon="126.8540136"/>
 <node id="1440088249" visible="true" version="1" changeset="9366175" timestamp="2011-09-22T07:34:53Z" user="generalred" uid="118851" lat="35.0145477" lon="126.8554102"/>
 <node id="1440088250" visible="true" version="2" changeset="48520106" timestamp="2017-05-09T04:15:03Z" user="FUKUTAN" uid="5207199" lat="35.0142135" lon="126.9425543"/>
 <node id="1440088251" visible="true" version="1" changeset="9366175" timestamp="2011-09-22T07:34:53Z" user="generalred" uid="118851" lat="35.0146367" lon="126.8530350"/>
 <node id="1440088252" visible="true" version="2" changeset="48520106" timestamp="2017-05-09T04:15:03Z" user="FUKUTAN" uid="5207199" lat="35.0150252" lon="126.9437336"/>
 <node id="1440088253" visible="true" version="2" changeset="48520106" timestamp="2017-05-09T04:15:03Z" user="FUKUTAN" uid="5207199" lat="35.0154099" lon="126.9426990"/>
 <node id="1440088254" visible="true" version="1" changeset="9366175" timestamp="2011-09-22T07:34:53Z" user="generalred" uid="118851" lat="35.0155183" lon="126.8528002"/>
 <node id="1440088255" visible="true" version="1" changeset="9366175" timestamp="2011-09-22T07:34:53Z" user="generalred" uid="118851" lat="35.0155633" lon="126.8548090"/>
 <node id="1440088256" visible="true" version="1" changeset="9366175" timestamp="2011-09-22T07:34:53Z" user="generalred" uid="118851" lat="35.0160967" lon="126.8541827"/>
 <node id="1440088257" visible="true" version="1" changeset="9366175" timestamp="2011-09-22T07:34:53Z" user="generalred" uid="118851" lat="35.0161173" lon="126.9429008"/>
 <node id="1440088258" visible="true" version="2" changeset="48520106" timestamp="2017-05-09T04:15:03Z" user="FUKUTAN" uid="5207199" lat="35.0165315" lon="126.9439816"/>
 <node id="1440088259" visible="true" version="1" changeset="9366175" timestamp="2011-09-22T07:34:53Z" user="generalred" uid="118851" lat="35.0167044" lon="126.8526827"/>
 <node id="1440088260" visible="true" version="1" changeset="9366175" timestamp="2011-09-22T07:34:53Z" user="generalred" uid="118851" lat="35.0168559" lon="126.8538821"/>
 <node id="1440088261" visible="true" version="2" changeset="48520106" timestamp="2017-05-09T04:15:03Z" user="FUKUTAN" uid="5207199" lat="35.0176323" lon="126.9435582"/>
 <node id="1440088262" visible="true" version="2" changeset="154920955" timestamp="2024-08-07T07:08:32Z" user="morago" uid="11113946" lat="35.0178172" lon="126.8539108"/>
 <node id="1440088263" visible="true" version="1" changeset="9366175" timestamp="2011-09-22T07:34:53Z" user="generalred" uid="118851" lat="35.0178104" lon="126.8528784"/>
 <node id="1440088264" visible="true" version="2" changeset="48520106" timestamp="2017-05-09T04:15:03Z" user="FUKUTAN" uid="5207199" lat="35.0180892" lon="126.9437734"/>
 <node id="1440088265" visible="true" version="1" changeset="9366175" timestamp="2011-09-22T07:34:53Z" user="generalred" uid="118851" lat="35.0184151" lon="126.9429259"/>
 <node id="1440088266" visible="true" version="2" changeset="48520106" timestamp="2017-05-09T04:15:03Z" user="FUKUTAN" uid="5207199" lat="35.0189582" lon="126.9440346"/>
 <node id="1440088267" visible="true" version="2" changeset="48520106" timestamp="2017-05-09T04:15:03Z" user="FUKUTAN" uid="5207199" lat="35.0191332" lon="126.9442204"/>
 <node id="1440088268" visible="true" version="1" changeset="9366175" timestamp="2011-09-22T07:34:54Z" user="generalred" uid="118851" lat="35.0192048" lon="126.8530741"/>
 <node id="1440088269" visible="true" version="2" changeset="154920955" timestamp="2024-08-07T07:08:32Z" user="morago" uid="11113946" lat="35.0190703" lon="126.8543116"/>
 <node id="1440088270" visible="true" version="1" changeset="9366175" timestamp="2011-09-22T07:34:54Z" user="generalred" uid="118851" lat="35.0194922" lon="126.9432891"/>
 <node id="1440088271" visible="true" version="2" changeset="48520106" timestamp="2017-05-09T04:15:03Z" user="FUKUTAN" uid="5207199" lat="35.0192272" lon="126.9443927"/>
 <node id="1440088272" visible="true" version="1" changeset="9366175" timestamp="2011-09-22T07:34:54Z" user="generalred" uid="118851" lat="35.0202213" lon="126.9446795"/>
 <node id="1440088273" visible="true" version="1" changeset="9366175" timestamp="2011-09-22T07:34:54Z" user="generalred" uid="118851" lat="35.0206000" lon="126.8552474"/>
 <node id="1440088274" visible="true" version="1" changeset="9366175" timestamp="2011-09-22T07:34:54Z" user="generalred" uid="118851" lat="35.0207231" lon="126.9438027"/>
 <node id="1440088275" visible="true" version="2" changeset="120191462" timestamp="2022-04-26T04:23:01Z" user="FUKUTAN" uid="5207199" lat="35.0208447" lon="126.8530355"/>
 <node id="1440088276" visible="true" version="2" changeset="149486328" timestamp="2024-04-02T15:09:19Z" user="야광멧돼지" uid="12393144" lat="35.0214287" lon="126.8536417"/>
 <node id="1440088277" visible="true" version="1" changeset="9366175" timestamp="2011-09-22T07:34:54Z" user="generalred" uid="118851" lat="35.0216053" lon="126.8559864"/>
 <node id="1440088278" visible="true" version="1" changeset="9366175" timestamp="2011-09-22T07:34:54Z" user="generalred" uid="118851" lat="35.0216317" lon="126.9453215"/>
 <node id="1440088279" visible="true" version="2" changeset="120191462" timestamp="2022-04-26T04:23:01Z" user="FUKUTAN" uid="5207199" lat="35.0223282" lon="126.8547733"/>
 <node id="1440088280" visible="true" version="1" changeset="9366175" timestamp="2011-09-22T07:34:54Z" user="generalred" uid="118851" lat="35.0219232" lon="126.9443914"/>
 <node id="1440088281" visible="true" version="1" changeset="9366175" timestamp="2011-09-22T07:34:54Z" user="generalred" uid="118851" lat="35.0221386" lon="126.9448799"/>
 <node id="1440088282" visible="true" version="1" changeset="9366175" timestamp="2011-09-22T07:34:54Z" user="generalred" uid="118851" lat="35.0223233" lon="126.8566628"/>
 <node id="1440088283" visible="true" version="2" changeset="120191462" timestamp="2022-04-26T04:23:01Z" user="FUKUTAN" uid="5207199" lat="35.0227608" lon="126.8551990"/>
 <node id="1440088284" visible="true" version="1" changeset="9366175" timestamp="2011-09-22T07:34:54Z" user="generalred" uid="118851" lat="35.0226831" lon="126.9456346"/>
 <node id="1440088285" visible="true" version="1" changeset="9366175" timestamp="2011-09-22T07:34:54Z" user="generalred" uid="118851" lat="35.0232259" lon="126.8571638"/>
 <node id="1440088286" visible="true" version="2" changeset="120191462" timestamp="2022-04-26T04:23:01Z" user="FUKUTAN" uid="5207199" lat="35.0238247" lon="126.8559211"/>
 <node id="1440088287" visible="true" version="1" changeset="9366175" timestamp="2011-09-22T07:34:54Z" user="generalred" uid="118851" lat="35.0238209" lon="126.8577525"/>
 <node id="1440088288" visible="true" version="2" changeset="120191462" timestamp="2022-04-26T04:23:01Z" user="FUKUTAN" uid="5207199" lat="35.0242898" lon="126.8563614"/>
 <node id="1440088289" visible="true" version="1" changeset="9366175" timestamp="2011-09-22T07:34:54Z" user="generalred" uid="118851" lat="35.0242858" lon="126.9461826"/>
 <node id="1440088290" visible="true" version="1" changeset="9366175" timestamp="2011-09-22T07:34:54Z" user="generalred" uid="118851" lat="35.0243850" lon="126.8580781"/>
 <node id="1440088291" visible="true" version="1" changeset="9366175" timestamp="2011-09-22T07:34:54Z" user="generalred" uid="118851" lat="35.0248261" lon="126.8585416"/>
 <node id="1440088292" visible="true" version="1" changeset="9366175" timestamp="2011-09-22T07:34:54Z" user="generalred" uid="118851" lat="35.0249521" lon="126.8575014"/>
 <node id="1440088293" visible="true" version="2" changeset="59426431" timestamp="2018-05-31T11:14:36Z" user="FUKUTAN" uid="5207199" lat="35.0254821" lon="126.8593370"/>
 <node id="1440088294" visible="true" version="1" changeset="9366175" timestamp="2011-09-22T07:34:54Z" user="generalred" uid="118851" lat="35.0254398" lon="126.9461356"/>
 <node id="1440088295" visible="true" version="1" changeset="9366175" timestamp="2011-09-22T07:34:54Z" user="generalred" uid="118851" lat="35.0255441" lon="126.9456690"/>
 <node id="1440088296" visible="true" version="1" changeset="9366175" timestamp="2011-09-22T07:34:54Z" user="generalred" uid="118851" lat="35.0260290" lon="126.8585817"/>
 <node id="1440088297" visible="true" version="1" changeset="9366175" timestamp="2011-09-22T07:34:54Z" user="generalred" uid="118851" lat="35.0262005" lon="126.8597566"/>
 <node id="1440088298" visible="true" version="1" changeset="9366175" timestamp="2011-09-22T07:34:54Z" user="generalred" uid="118851" lat="35.0268758" lon="126.9461513"/>
 <node id="1440088299" visible="true" version="3" changeset="120191462" timestamp="2022-04-26T04:23:01Z" user="FUKUTAN" uid="5207199" lat="35.0278017" lon="126.8594852"/>
 <node id="1440088300" visible="true" version="1" changeset="9366175" timestamp="2011-09-22T07:34:55Z" user="generalred" uid="118851" lat="35.0274527" lon="126.9460574"/>
 <node id="1440088301" visible="true" version="1" changeset="9366175" timestamp="2011-09-22T07:34:55Z" user="generalred" uid="118851" lat="35.0275237" lon="126.8603578"/>
 <node id="1440088302" visible="true" version="1" changeset="9366175" timestamp="2011-09-22T07:34:55Z" user="generalred" uid="118851" lat="35.0281493" lon="126.8605206"/>
 <node id="1440088303" visible="true" version="2" changeset="120191462" timestamp="2022-04-26T04:23:01Z" user="FUKUTAN" uid="5207199" lat="35.0290517" lon="126.8593988"/>
 <node id="1440088304" visible="true" version="1" changeset="9366175" timestamp="2011-09-22T07:34:55Z" user="generalred" uid="118851" lat="35.0289143" lon="126.9459321"/>
 <node id="1440088305" visible="true" version="1" changeset="9366175" timestamp="2011-09-22T07:34:55Z" user="generalred" uid="118851" lat="35.0293494" lon="126.9454059"/>
 <node id="1440088306" visible="true" version="1" changeset="9366175" timestamp="2011-09-22T07:34:55Z" user="generalred" uid="118851" lat="35.0297092" lon="126.9459321"/>
 <node id="1440088307" visible="true" version="1" changeset="9366175" timestamp="2011-09-22T07:34:55Z" user="generalred" uid="118851" lat="35.0301574" lon="126.8590201"/>
 <node id="1440088308" visible="true" version="1" changeset="9366175" timestamp="2011-09-22T07:34:55Z" user="generalred" uid="118851" lat="35.0303648" lon="126.9453057"/>
 <node id="1440088309" visible="true" version="1" changeset="9366175" timestamp="2011-09-22T07:34:55Z" user="generalred" uid="118851" lat="35.0304528" lon="126.9462765"/>
 <node id="1440088310" visible="true" version="1" changeset="9366175" timestamp="2011-09-22T07:34:55Z" user="generalred" uid="118851" lat="35.0307237" lon="126.8603954"/>
 <node id="1440088311" visible="true" version="1" changeset="9366175" timestamp="2011-09-22T07:34:55Z" user="generalred" uid="118851" lat="35.0307476" lon="126.9470124"/>
 <node id="1440088312" visible="true" version="2" changeset="180084041" timestamp="2026-03-19T00:41:45Z" user="morago" uid="11113946" lat="35.0313212" lon="126.9459768"/>
 <node id="1440088315" visible="true" version="1" changeset="9366175" timestamp="2011-09-22T07:34:55Z" user="generalred" uid="118851" lat="35.0314528" lon="126.9475291"/>
 <node id="1440088316" visible="true" version="1" changeset="9366175" timestamp="2011-09-22T07:34:55Z" user="generalred" uid="118851" lat="35.0315548" lon="126.8583312"/>
 <node id="1440088317" visible="true" version="2" changeset="180084041" timestamp="2026-03-19T00:41:45Z" user="morago" uid="11113946" lat="35.0318731" lon="126.9464626"/>
 <node id="1440088318" visible="true" version="1" changeset="9366175" timestamp="2011-09-22T07:34:55Z" user="generalred" uid="118851" lat="35.0320553" lon="126.9475604"/>
 <node id="1440088319" visible="true" version="1" changeset="9366175" timestamp="2011-09-22T07:34:55Z" user="generalred" uid="118851" lat="35.0324271" lon="126.9481710"/>
 <node id="1440088320" visible="true" version="1" changeset="9366175" timestamp="2011-09-22T07:34:55Z" user="generalred" uid="118851" lat="35.0324776" lon="126.9472347"/>
 <node id="1440088321" visible="true" version="1" changeset="9366175" timestamp="2011-09-22T07:34:55Z" user="generalred" uid="118851" lat="35.0326006" lon="126.9475353"/>
 <node id="1440088323" visible="true" version="1" changeset="9366175" timestamp="2011-09-22T07:34:55Z" user="generalred" uid="118851" lat="35.0326519" lon="126.8602952"/>
 <node id="1440088325" visible="true" version="1" changeset="9366175" timestamp="2011-09-22T07:34:55Z" user="generalred" uid="118851" lat="35.0330929" lon="126.9481114"/>
 <node id="1440088327" visible="true" version="1" changeset="9366175" timestamp="2011-09-22T07:34:55Z" user="generalred" uid="118851" lat="35.0331579" lon="126.9497367"/>
 <node id="1440088329" visible="true" version="1" changeset="9366175" timestamp="2011-09-22T07:34:55Z" user="generalred" uid="118851" lat="35.0332471" lon="126.8583155"/>
 <node id="1440088331" visible="true" version="1" changeset="9366175" timestamp="2011-09-22T07:34:55Z" user="generalred" uid="118851" lat="35.0339237" lon="126.8599444"/>
 <node id="1440088333" visible="true" version="1" changeset="9366175" timestamp="2011-09-22T07:34:55Z" user="generalred" uid="118851" lat="35.0342091" lon="126.9506448"/>
 <node id="1440088335" visible="true" version="1" changeset="9366175" timestamp="2011-09-22T07:34:55Z" user="generalred" uid="118851" lat="35.0342314" lon="126.9490884"/>
 <node id="1440088336" visible="true" version="2" changeset="57261740" timestamp="2018-03-17T08:23:26Z" user="FUKUTAN" uid="5207199" lat="35.0339408" lon="126.8578565"/>
 <node id="1440088338" visible="true" version="1" changeset="9366175" timestamp="2011-09-22T07:34:55Z" user="generalred" uid="118851" lat="35.0348629" lon="126.9514120"/>
 <node id="1440088340" visible="true" version="1" changeset="9366175" timestamp="2011-09-22T07:34:55Z" user="generalred" uid="118851" lat="35.0349082" lon="126.8594935"/>
 <node id="1440088342" visible="true" version="1" changeset="9366175" timestamp="2011-09-22T07:34:55Z" user="generalred" uid="118851" lat="35.0353082" lon="126.9503410"/>
 <node id="1440088344" visible="true" version="1" changeset="9366175" timestamp="2011-09-22T07:34:56Z" user="generalred" uid="118851" lat="35.0354142" lon="126.9521635"/>
 <node id="1440088345" visible="true" version="2" changeset="57261740" timestamp="2018-03-17T08:23:26Z" user="FUKUTAN" uid="5207199" lat="35.0358223" lon="126.8572572"/>
 <node id="1440088346" visible="true" version="1" changeset="9366175" timestamp="2011-09-22T07:34:56Z" user="generalred" uid="118851" lat="35.0360936" lon="126.9526489"/>
 <node id="1440088347" visible="true" version="1" changeset="9366175" timestamp="2011-09-22T07:34:56Z" user="generalred" uid="118851" lat="35.0364159" lon="126.8585541"/>
 <node id="1440088348" visible="true" version="1" changeset="9366175" timestamp="2011-09-22T07:34:56Z" user="generalred" uid="118851" lat="35.0365902" lon="126.9520570"/>
 <node id="1440088349" visible="true" version="1" changeset="9366175" timestamp="2011-09-22T07:34:56Z" user="generalred" uid="118851" lat="35.0366064" lon="126.9536979"/>
 <node id="1440088354" visible="true" version="2" changeset="57261740" timestamp="2018-03-17T08:23:26Z" user="FUKUTAN" uid="5207199" lat="35.0368832" lon="126.8565518"/>
 <node id="1440088355" visible="true" version="1" changeset="9366175" timestamp="2011-09-22T07:34:56Z" user="generalred" uid="118851" lat="35.0371577" lon="126.9544651"/>
 <node id="1440088356" visible="true" version="1" changeset="9366175" timestamp="2011-09-22T07:34:56Z" user="generalred" uid="118851" lat="35.0373286" lon="126.8578402"/>
 <node id="1440088357" visible="true" version="1" changeset="9366175" timestamp="2011-09-22T07:34:56Z" user="generalred" uid="118851" lat="35.0375679" lon="126.9554515"/>
 <node id="1440088358" visible="true" version="1" changeset="9366175" timestamp="2011-09-22T07:34:56Z" user="generalred" uid="118851" lat="35.0377491" lon="126.9540235"/>
 <node id="1440088359" visible="true" version="1" changeset="9366175" timestamp="2011-09-22T07:34:56Z" user="generalred" uid="118851" lat="35.0378414" lon="126.8576272"/>
 <node id="1440088360" visible="true" version="1" changeset="9366175" timestamp="2011-09-22T07:34:56Z" user="generalred" uid="118851" lat="35.0378627" lon="126.9563909"/>
 <node id="1440088361" visible="true" version="1" changeset="9366175" timestamp="2011-09-22T07:34:56Z" user="generalred" uid="118851" lat="35.0381960" lon="126.9570485"/>
 <node id="1440088362" visible="true" version="1" changeset="9366175" timestamp="2011-09-22T07:34:56Z" user="generalred" uid="118851" lat="35.0384260" lon="126.9554013"/>
 <node id="1440088363" visible="true" version="1" changeset="9366175" timestamp="2011-09-22T07:34:56Z" user="generalred" uid="118851" lat="35.0384781" lon="126.9573616"/>
 <node id="1440088364" visible="true" version="1" changeset="9366175" timestamp="2011-09-22T07:34:56Z" user="generalred" uid="118851" lat="35.0386955" lon="126.8554660"/>
 <node id="1440088365" visible="true" version="1" changeset="9366175" timestamp="2011-09-22T07:34:56Z" user="generalred" uid="118851" lat="35.0387028" lon="126.8569884"/>
 <node id="1440088366" visible="true" version="2" changeset="184263508" timestamp="2026-06-18T09:58:53Z" user="FUKUTAN" uid="5207199" lat="35.0387849" lon="126.9561574"/>
 <node id="1440088367" visible="true" version="1" changeset="9366175" timestamp="2011-09-22T07:34:56Z" user="generalred" uid="118851" lat="35.0390293" lon="126.9578313"/>
 <node id="1440088368" visible="true" version="2" changeset="184263508" timestamp="2026-06-18T09:58:53Z" user="FUKUTAN" uid="5207199" lat="35.0392337" lon="126.9569442"/>
 <node id="1440088369" visible="true" version="1" changeset="9366175" timestamp="2011-09-22T07:34:56Z" user="generalred" uid="118851" lat="35.0395421" lon="126.9580035"/>
 <node id="1440088370" visible="true" version="1" changeset="9366175" timestamp="2011-09-22T07:34:56Z" user="generalred" uid="118851" lat="35.0398104" lon="126.8564248"/>
 <node id="1440088371" visible="true" version="1" changeset="9366175" timestamp="2011-09-22T07:34:56Z" user="generalred" uid="118851" lat="35.0400036" lon="126.9580662"/>
 <node id="1440088372" visible="true" version="1" changeset="9366175" timestamp="2011-09-22T07:34:56Z" user="generalred" uid="118851" lat="35.0405386" lon="126.9572050"/>
 <node id="1440088373" visible="true" version="1" changeset="9366175" timestamp="2011-09-22T07:34:56Z" user="generalred" uid="118851" lat="35.0407471" lon="126.9578783"/>
 <node id="1440088374" visible="true" version="1" changeset="9366175" timestamp="2011-09-22T07:34:56Z" user="generalred" uid="118851" lat="35.0408235" lon="126.8540725"/>
 <node id="1440088375" visible="true" version="1" changeset="9366175" timestamp="2011-09-22T07:34:56Z" user="generalred" uid="118851" lat="35.0412051" lon="126.8556733"/>
 <node id="1440088376" visible="true" version="1" changeset="9366175" timestamp="2011-09-22T07:34:56Z" user="generalred" uid="118851" lat="35.0414906" lon="126.9579879"/>
 <node id="1440088377" visible="true" version="1" changeset="9366175" timestamp="2011-09-22T07:34:56Z" user="generalred" uid="118851" lat="35.0423229" lon="126.8549718"/>
 <node id="1440088383" visible="true" version="1" changeset="9366175" timestamp="2011-09-22T07:34:56Z" user="generalred" uid="118851" lat="35.0423366" lon="126.9579879"/>
 <node id="1440088384" visible="true" version="2" changeset="53469371" timestamp="2017-11-03T06:17:39Z" user="FUKUTAN" uid="5207199" lat="35.0425743" lon="126.9570829"/>
 <node id="1440088385" visible="true" version="1" changeset="9366175" timestamp="2011-09-22T07:34:57Z" user="generalred" uid="118851" lat="35.0430818" lon="126.8545835"/>
 <node id="1440088386" visible="true" version="1" changeset="9366175" timestamp="2011-09-22T07:34:57Z" user="generalred" uid="118851" lat="35.0431442" lon="126.9581288"/>
 <node id="1440088387" visible="true" version="2" changeset="53469371" timestamp="2017-11-03T06:17:39Z" user="FUKUTAN" uid="5207199" lat="35.0433017" lon="126.9570120"/>
 <node id="1440088388" visible="true" version="1" changeset="9366175" timestamp="2011-09-22T07:34:57Z" user="generalred" uid="118851" lat="35.0437338" lon="126.9585202"/>
 <node id="1440088389" visible="true" version="2" changeset="55037900" timestamp="2017-12-30T15:59:08Z" user="FUKUTAN" uid="5207199" lat="35.0435590" lon="126.8523236"/>
 <node id="1440088390" visible="true" version="1" changeset="9366175" timestamp="2011-09-22T07:34:57Z" user="generalred" uid="118851" lat="35.0438817" lon="126.8541952"/>
 <node id="1440088391" visible="true" version="2" changeset="53469371" timestamp="2017-11-03T06:17:39Z" user="FUKUTAN" uid="5207199" lat="35.0436295" lon="126.9570700"/>
 <node id="1440088392" visible="true" version="2" changeset="48687056" timestamp="2017-05-15T01:11:26Z" user="FUKUTAN" uid="5207199" lat="35.0439688" lon="127.0011410"/>
 <node id="1440088393" visible="true" version="1" changeset="9366175" timestamp="2011-09-22T07:34:57Z" user="generalred" uid="118851" lat="35.0441568" lon="126.9591465"/>
 <node id="1440088395" visible="true" version="1" changeset="9366175" timestamp="2011-09-22T07:34:57Z" user="generalred" uid="118851" lat="35.0444252" lon="127.0016079"/>
 <node id="1440088397" visible="true" version="2" changeset="53469371" timestamp="2017-11-03T06:17:39Z" user="FUKUTAN" uid="5207199" lat="35.0446451" lon="126.9584295"/>
 <node id="1440088399" visible="true" version="1" changeset="9366175" timestamp="2011-09-22T07:34:57Z" user="generalred" uid="118851" lat="35.0446055" lon="126.9597258"/>
 <node id="1440088401" visible="true" version="2" changeset="154920955" timestamp="2024-08-07T07:08:32Z" user="morago" uid="11113946" lat="35.0444561" lon="126.8527098"/>
 <node id="1440088403" visible="true" version="1" changeset="9366175" timestamp="2011-09-22T07:34:57Z" user="generalred" uid="118851" lat="35.0449388" lon="126.9601955"/>
 <node id="1440088405" visible="true" version="2" changeset="48687056" timestamp="2017-05-15T01:11:26Z" user="FUKUTAN" uid="5207199" lat="35.0447857" lon="127.0002421"/>
 <node id="1440088406" visible="true" version="1" changeset="9366175" timestamp="2011-09-22T07:34:57Z" user="generalred" uid="118851" lat="35.0450408" lon="126.8512073"/>
 <node id="1440088408" visible="true" version="1" changeset="9366175" timestamp="2011-09-22T07:34:57Z" user="generalred" uid="118851" lat="35.0451438" lon="126.9608061"/>
 <node id="1440088410" visible="true" version="2" changeset="53469371" timestamp="2017-11-03T06:17:39Z" user="FUKUTAN" uid="5207199" lat="35.0451711" lon="126.9593445"/>
 <node id="1440088412" visible="true" version="1" changeset="9366175" timestamp="2011-09-22T07:34:57Z" user="generalred" uid="118851" lat="35.0454130" lon="126.9621370"/>
 <node id="1440088414" visible="true" version="2" changeset="55037900" timestamp="2017-12-30T15:59:08Z" user="FUKUTAN" uid="5207199" lat="35.0453019" lon="126.8509691"/>
 <node id="1440088415" visible="true" version="2" changeset="154920955" timestamp="2024-08-07T07:08:32Z" user="morago" uid="11113946" lat="35.0456879" lon="126.8520092"/>
 <node id="1440088417" visible="true" version="1" changeset="9366175" timestamp="2011-09-22T07:34:57Z" user="generalred" uid="118851" lat="35.0455925" lon="126.9628885"/>
 <node id="1440088425" visible="true" version="1" changeset="9366175" timestamp="2011-09-22T07:34:57Z" user="generalred" uid="118851" lat="35.0457330" lon="126.8502679"/>
 <node id="1440088426" visible="true" version="1" changeset="9366175" timestamp="2011-09-22T07:34:58Z" user="generalred" uid="118851" lat="35.0457788" lon="126.9613885"/>
 <node id="1440088427" visible="true" version="1" changeset="9366175" timestamp="2011-09-22T07:34:58Z" user="generalred" uid="118851" lat="35.0458198" lon="127.0002050"/>
 <node id="1440088429" visible="true" version="2" changeset="184263508" timestamp="2026-06-18T09:58:53Z" user="FUKUTAN" uid="5207199" lat="35.0460049" lon="126.9654324"/>
 <node id="1440088432" visible="true" version="1" changeset="9366175" timestamp="2011-09-22T07:34:58Z" user="generalred" uid="118851" lat="35.0459899" lon="126.9989150"/>
 <node id="1440088433" visible="true" version="1" changeset="9366175" timestamp="2011-09-22T07:34:58Z" user="generalred" uid="118851" lat="35.0461069" lon="126.9632673"/>
 <node id="1440088435" visible="true" version="1" changeset="9366175" timestamp="2011-09-22T07:34:58Z" user="generalred" uid="118851" lat="35.0461693" lon="126.9659416"/>
 <node id="1440088437" visible="true" version="2" changeset="184263508" timestamp="2026-06-18T09:58:53Z" user="FUKUTAN" uid="5207199" lat="35.0461510" lon="126.9643236"/>
 <node id="1440088439" visible="true" version="2" changeset="184263508" timestamp="2026-06-18T09:58:53Z" user="FUKUTAN" uid="5207199" lat="35.0464803" lon="126.9657695"/>
 <node id="1440088441" visible="true" version="2" changeset="55037900" timestamp="2017-12-30T15:59:08Z" user="FUKUTAN" uid="5207199" lat="35.0464501" lon="126.8496966"/>
 <node id="1440088445" visible="true" version="1" changeset="9366175" timestamp="2011-09-22T07:34:58Z" user="generalred" uid="118851" lat="35.0465992" lon="126.8521411"/>
 <node id="1440088447" visible="true" version="1" changeset="9366175" timestamp="2011-09-22T07:34:58Z" user="generalred" uid="118851" lat="35.0466564" lon="126.9973023"/>
 <node id="1440088448" visible="true" version="1" changeset="9366175" timestamp="2011-09-22T07:34:58Z" user="generalred" uid="118851" lat="35.0467222" lon="126.9990527"/>
 <node id="1440088450" visible="true" version="1" changeset="9366175" timestamp="2011-09-22T07:34:58Z" user="generalred" uid="118851" lat="35.0469122" lon="126.8056615"/>
 <node id="1440088452" visible="true" version="1" changeset="9366175" timestamp="2011-09-22T07:34:58Z" user="generalred" uid="118851" lat="35.0469122" lon="126.8067888"/>
 <node id="1440088454" visible="true" version="1" changeset="9366175" timestamp="2011-09-22T07:34:58Z" user="generalred" uid="118851" lat="35.0469251" lon="126.8079787"/>
 <node id="1440088456" visible="true" version="1" changeset="9366175" timestamp="2011-09-22T07:34:58Z" user="generalred" uid="118851" lat="35.0469379" lon="126.8084327"/>
 <node id="1440088459" visible="true" version="1" changeset="9366175" timestamp="2011-09-22T07:34:58Z" user="generalred" uid="118851" lat="35.0469635" lon="126.8043150"/>
 <node id="1440088461" visible="true" version="1" changeset="9366175" timestamp="2011-09-22T07:34:58Z" user="generalred" uid="118851" lat="35.0470917" lon="126.8230093"/>
 <node id="1440088463" visible="true" version="1" changeset="9366175" timestamp="2011-09-22T07:34:58Z" user="generalred" uid="118851" lat="35.0471430" lon="126.8032973"/>
 <node id="1440088465" visible="true" version="1" changeset="9366175" timestamp="2011-09-22T07:34:58Z" user="generalred" uid="118851" lat="35.0472071" lon="126.8098732"/>
 <node id="1440088466" visible="true" version="1" changeset="9366175" timestamp="2011-09-22T07:34:58Z" user="generalred" uid="118851" lat="35.0472583" lon="126.8267982"/>
 <node id="1440088467" visible="true" version="1" changeset="9366175" timestamp="2011-09-22T07:34:58Z" user="generalred" uid="118851" lat="35.0472711" lon="126.8023265"/>
 <node id="1440088468" visible="true" version="1" changeset="9366175" timestamp="2011-09-22T07:34:58Z" user="generalred" uid="118851" lat="35.0472965" lon="126.9975120"/>
 <node id="1440088469" visible="true" version="1" changeset="9366175" timestamp="2011-09-22T07:34:59Z" user="generalred" uid="118851" lat="35.0473737" lon="126.8112823"/>
 <node id="1440088470" visible="true" version="1" changeset="9366175" timestamp="2011-09-22T07:34:59Z" user="generalred" uid="118851" lat="35.0473737" lon="126.8202380"/>
 <node id="1440088471" visible="true" version="1" changeset="9366175" timestamp="2011-09-22T07:34:59Z" user="generalred" uid="118851" lat="35.0473865" lon="126.8331706"/>
 <node id="1440088472" visible="true" version="2" changeset="171916639" timestamp="2025-09-14T12:58:43Z" user="FUKUTAN" uid="5207199" lat="35.0474642" lon="126.9685970"/>
 <node id="1440088473" visible="true" version="1" changeset="9366175" timestamp="2011-09-22T07:34:59Z" user="generalred" uid="118851" lat="35.0475019" lon="126.8015750"/>
 <node id="1440088474" visible="true" version="3" changeset="171916639" timestamp="2025-09-14T12:58:43Z" user="FUKUTAN" uid="5207199" lat="35.0474796" lon="126.9954115"/>
 <node id="1440088475" visible="true" version="2" changeset="55037900" timestamp="2017-12-30T15:59:08Z" user="FUKUTAN" uid="5207199" lat="35.0469938" lon="126.8491687"/>
 <node id="1440088476" visible="true" version="1" changeset="9366175" timestamp="2011-09-22T07:34:59Z" user="generalred" uid="118851" lat="35.0476172" lon="126.8188602"/>
 <node id="1440088477" visible="true" version="1" changeset="9366175" timestamp="2011-09-22T07:34:59Z" user="generalred" uid="118851" lat="35.0476348" lon="126.9965726"/>
 <node id="1440088478" visible="true" version="3" changeset="95468301" timestamp="2020-12-08T07:48:32Z" user="LuxuryCoop" uid="7245212" lat="35.0476407" lon="126.7911583"/>
 <node id="1440088479" visible="true" version="1" changeset="9366175" timestamp="2011-09-22T07:34:59Z" user="generalred" uid="118851" lat="35.0477070" lon="126.8394490"/>
 <node id="1440088480" visible="true" version="1" changeset="9366175" timestamp="2011-09-22T07:34:59Z" user="generalred" uid="118851" lat="35.0477198" lon="126.8112666"/>
 <node id="1440088481" visible="true" version="1" changeset="9366175" timestamp="2011-09-22T07:34:59Z" user="generalred" uid="118851" lat="35.0477681" lon="126.8512267"/>
 <node id="1440088482" visible="true" version="1" changeset="9366175" timestamp="2011-09-22T07:34:59Z" user="generalred" uid="118851" lat="35.0477710" lon="126.8002911"/>
 <node id="1440088483" visible="true" version="1" changeset="9366175" timestamp="2011-09-22T07:34:59Z" user="generalred" uid="118851" lat="35.0478223" lon="126.8126914"/>
 <node id="1440088484" visible="true" version="1" changeset="9366175" timestamp="2011-09-22T07:34:59Z" user="generalred" uid="118851" lat="35.0478356" lon="126.9705291"/>
 <node id="1440088485" visible="true" version="1" changeset="9366175" timestamp="2011-09-22T07:34:59Z" user="generalred" uid="118851" lat="35.0479377" lon="126.7941067"/>
 <node id="1440088486" visible="true" version="1" changeset="9366175" timestamp="2011-09-22T07:34:59Z" user="generalred" uid="118851" lat="35.0479633" lon="126.8125975"/>
 <node id="1440088487" visible="true" version="1" changeset="9366175" timestamp="2011-09-22T07:34:59Z" user="generalred" uid="118851" lat="35.0479890" lon="126.7948895"/>
 <node id="1440088488" visible="true" version="1" changeset="9366175" timestamp="2011-09-22T07:34:59Z" user="generalred" uid="118851" lat="35.0480274" lon="126.7979583"/>
 <node id="1440088489" visible="true" version="1" changeset="9366175" timestamp="2011-09-22T07:34:59Z" user="generalred" uid="118851" lat="35.0480530" lon="126.7988507"/>
 <node id="1440088490" visible="true" version="1" changeset="9366175" timestamp="2011-09-22T07:34:59Z" user="generalred" uid="118851" lat="35.0480530" lon="126.8137091"/>
 <node id="1440088491" visible="true" version="1" changeset="9366175" timestamp="2011-09-22T07:34:59Z" user="generalred" uid="118851" lat="35.0480659" lon="126.8144919"/>
 <node id="1440088492" visible="true" version="1" changeset="9366175" timestamp="2011-09-22T07:34:59Z" user="generalred" uid="118851" lat="35.0480787" lon="126.7931360"/>
 <node id="1440088493" visible="true" version="2" changeset="55037900" timestamp="2017-12-30T15:59:08Z" user="FUKUTAN" uid="5207199" lat="35.0479997" lon="126.8476147"/>
 <node id="1440088494" visible="true" version="1" changeset="9366175" timestamp="2011-09-22T07:34:59Z" user="generalred" uid="118851" lat="35.0480963" lon="126.9958587"/>
 <node id="1440088495" visible="true" version="1" changeset="9366175" timestamp="2011-09-22T07:34:59Z" user="generalred" uid="118851" lat="35.0481299" lon="126.7914920"/>
 <node id="1440088496" visible="true" version="1" changeset="9366175" timestamp="2011-09-22T07:35:00Z" user="generalred" uid="118851" lat="35.0481940" lon="126.8444592"/>
 <node id="1440088497" visible="true" version="1" changeset="9366175" timestamp="2011-09-22T07:35:00Z" user="generalred" uid="118851" lat="35.0482069" lon="126.7958603"/>
 <node id="1440088498" visible="true" version="1" changeset="9366175" timestamp="2011-09-22T07:35:00Z" user="generalred" uid="118851" lat="35.0482069" lon="126.7969093"/>
 <node id="1440088499" visible="true" version="1" changeset="9366175" timestamp="2011-09-22T07:35:00Z" user="generalred" uid="118851" lat="35.0482501" lon="126.9705446"/>
 <node id="1440088500" visible="true" version="1" changeset="9366175" timestamp="2011-09-22T07:35:00Z" user="generalred" uid="118851" lat="35.0482709" lon="126.8182496"/>
 <node id="1440088501" visible="true" version="1" changeset="9366175" timestamp="2011-09-22T07:35:00Z" user="generalred" uid="118851" lat="35.0482966" lon="126.8137247"/>
 <node id="1440088502" visible="true" version="2" changeset="57261740" timestamp="2018-03-17T08:23:26Z" user="FUKUTAN" uid="5207199" lat="35.0482495" lon="126.8460486"/>
 <node id="1440088503" visible="true" version="2" changeset="184263508" timestamp="2026-06-18T09:58:53Z" user="FUKUTAN" uid="5207199" lat="35.0483997" lon="126.9737385"/>
 <node id="1440088504" visible="true" version="1" changeset="9366175" timestamp="2011-09-22T07:35:00Z" user="generalred" uid="118851" lat="35.0483350" lon="126.7916016"/>
 <node id="1440088505" visible="true" version="1" changeset="9366175" timestamp="2011-09-22T07:35:00Z" user="generalred" uid="118851" lat="35.0483350" lon="126.8159167"/>
 <node id="1440088506" visible="true" version="1" changeset="9366175" timestamp="2011-09-22T07:35:00Z" user="generalred" uid="118851" lat="35.0483735" lon="126.7912571"/>
 <node id="1440088507" visible="true" version="1" changeset="9366175" timestamp="2011-09-22T07:35:00Z" user="generalred" uid="118851" lat="35.0484859" lon="126.8507257"/>
 <node id="1440088508" visible="true" version="3" changeset="171916639" timestamp="2025-09-14T12:58:43Z" user="FUKUTAN" uid="5207199" lat="35.0478585" lon="126.9949457"/>
 <node id="1440088509" visible="true" version="1" changeset="9366175" timestamp="2011-09-22T07:35:00Z" user="generalred" uid="118851" lat="35.0485529" lon="126.8166056"/>
 <node id="1440088510" visible="true" version="1" changeset="9366175" timestamp="2011-09-22T07:35:00Z" user="generalred" uid="118851" lat="35.0486170" lon="126.7877030"/>
 <node id="1440088511" visible="true" version="1" changeset="9366175" timestamp="2011-09-22T07:35:00Z" user="generalred" uid="118851" lat="35.0486193" lon="126.9720352"/>
 <node id="1440088512" visible="true" version="2" changeset="161235683" timestamp="2025-01-11T11:38:19Z" user="FUKUTAN" uid="5207199" lat="35.0487717" lon="126.8298394"/>
 <node id="1440088513" visible="true" version="1" changeset="9366175" timestamp="2011-09-22T07:35:00Z" user="generalred" uid="118851" lat="35.0486939" lon="126.7899889"/>
 <node id="1440088514" visible="true" version="1" changeset="9366175" timestamp="2011-09-22T07:35:00Z" user="generalred" uid="118851" lat="35.0486939" lon="126.8173415"/>
 <node id="1440088515" visible="true" version="1" changeset="9366175" timestamp="2011-09-22T07:35:00Z" user="generalred" uid="118851" lat="35.0488093" lon="126.7884859"/>
 <node id="1440088516" visible="true" version="1" changeset="9366175" timestamp="2011-09-22T07:35:00Z" user="generalred" uid="118851" lat="35.0488756" lon="126.8031789"/>
 <node id="1440088517" visible="true" version="1" changeset="9366175" timestamp="2011-09-22T07:35:00Z" user="generalred" uid="118851" lat="35.0488756" lon="126.8055838"/>
 <node id="1440088518" visible="true" version="1" changeset="9366175" timestamp="2011-09-22T07:35:00Z" user="generalred" uid="118851" lat="35.0488756" lon="126.8274533"/>
 <node id="1440088519" visible="true" version="1" changeset="9366175" timestamp="2011-09-22T07:35:00Z" user="generalred" uid="118851" lat="35.0488756" lon="126.9734505"/>
 <node id="1440088520" visible="true" version="1" changeset="9366175" timestamp="2011-09-22T07:35:00Z" user="generalred" uid="118851" lat="35.0488859" lon="126.8284679"/>
 <node id="1440088521" visible="true" version="2" changeset="171916639" timestamp="2025-09-14T12:58:43Z" user="FUKUTAN" uid="5207199" lat="35.0484644" lon="126.9955101"/>
 <node id="1440088522" visible="true" version="1" changeset="9366175" timestamp="2011-09-22T07:35:00Z" user="generalred" uid="118851" lat="35.0489064" lon="126.8085147"/>
 <node id="1440088523" visible="true" version="1" changeset="9366175" timestamp="2011-09-22T07:35:00Z" user="generalred" uid="118851" lat="35.0489371" lon="126.8507132"/>
 <node id="1440088525" visible="true" version="2" changeset="88856805" timestamp="2020-08-03T04:15:27Z" user="BatsmanMapsman" uid="8794020" lat="35.0489847" lon="126.9732139"/>
 <node id="1440088526" visible="true" version="1" changeset="9366175" timestamp="2011-09-22T07:35:01Z" user="generalred" uid="118851" lat="35.0489884" lon="126.8140635"/>
 <node id="1440088527" visible="true" version="1" changeset="9366175" timestamp="2011-09-22T07:35:01Z" user="generalred" uid="118851" lat="35.0490499" lon="126.8067361"/>
 <node id="1440088528" visible="true" version="1" changeset="9366175" timestamp="2011-09-22T07:35:01Z" user="generalred" uid="118851" lat="35.0490704" lon="126.8316368"/>
 <node id="1440088529" visible="true" version="1" changeset="9366175" timestamp="2011-09-22T07:35:01Z" user="generalred" uid="118851" lat="35.0490909" lon="126.8025150"/>
 <node id="1440088530" visible="true" version="1" changeset="9366175" timestamp="2011-09-22T07:35:01Z" user="generalred" uid="118851" lat="35.0490909" lon="126.8333027"/>
 <node id="1440088531" visible="true" version="1" changeset="9366175" timestamp="2011-09-22T07:35:01Z" user="generalred" uid="118851" lat="35.0490913" lon="126.7864818"/>
 <node id="1440088532" visible="true" version="1" changeset="9366175" timestamp="2011-09-22T07:35:01Z" user="generalred" uid="118851" lat="35.0491115" lon="126.8251862"/>
 <node id="1440088533" visible="true" version="1" changeset="9366175" timestamp="2011-09-22T07:35:01Z" user="generalred" uid="118851" lat="35.0491115" lon="126.8382503"/>
 <node id="1440088534" visible="true" version="1" changeset="9366175" timestamp="2011-09-22T07:35:01Z" user="generalred" uid="118851" lat="35.0491320" lon="126.8005610"/>
 <node id="1440088535" visible="true" version="1" changeset="9366175" timestamp="2011-09-22T07:35:01Z" user="generalred" uid="118851" lat="35.0491320" lon="126.8114958"/>
 <node id="1440088536" visible="true" version="1" changeset="9366175" timestamp="2011-09-22T07:35:01Z" user="generalred" uid="118851" lat="35.0491320" lon="126.8144268"/>
 <node id="1440088537" visible="true" version="1" changeset="9366175" timestamp="2011-09-22T07:35:01Z" user="generalred" uid="118851" lat="35.0491525" lon="126.8409057"/>
 <node id="1440088538" visible="true" version="1" changeset="9366175" timestamp="2011-09-22T07:35:01Z" user="generalred" uid="118851" lat="35.0491627" lon="126.8533435"/>
 <node id="1440088539" visible="true" version="1" changeset="9366175" timestamp="2011-09-22T07:35:01Z" user="generalred" uid="118851" lat="35.0491627" lon="126.9754296"/>
 <node id="1440088540" visible="true" version="2" changeset="184263508" timestamp="2026-06-18T09:58:53Z" user="FUKUTAN" uid="5207199" lat="35.0491805" lon="126.9769373"/>
 <node id="1440088541" visible="true" version="2" changeset="55037900" timestamp="2017-12-30T15:59:08Z" user="FUKUTAN" uid="5207199" lat="35.0492840" lon="126.8492735"/>
 <node id="1440088542" visible="true" version="2" changeset="55037900" timestamp="2017-12-30T15:59:08Z" user="FUKUTAN" uid="5207199" lat="35.0493650" lon="126.8486541"/>
 <node id="1440088543" visible="true" version="1" changeset="9366175" timestamp="2011-09-22T07:35:01Z" user="generalred" uid="118851" lat="35.0492037" lon="126.8511515"/>
 <node id="1440088544" visible="true" version="1" changeset="9366175" timestamp="2011-09-22T07:35:01Z" user="generalred" uid="118851" lat="35.0492140" lon="126.8106817"/>
 <node id="1440088545" visible="true" version="1" changeset="9366175" timestamp="2011-09-22T07:35:01Z" user="generalred" uid="118851" lat="35.0492345" lon="126.8357076"/>
 <node id="1440088546" visible="true" version="1" changeset="9366175" timestamp="2011-09-22T07:35:01Z" user="generalred" uid="118851" lat="35.0492653" lon="126.8522413"/>
 <node id="1440088547" visible="true" version="1" changeset="9366175" timestamp="2011-09-22T07:35:01Z" user="generalred" uid="118851" lat="35.0492755" lon="126.8426593"/>
 <node id="1440088548" visible="true" version="1" changeset="9366175" timestamp="2011-09-22T07:35:01Z" user="generalred" uid="118851" lat="35.0493268" lon="126.8123100"/>
 <node id="1440088549" visible="true" version="2" changeset="47764228" timestamp="2017-04-14T03:44:43Z" user="FUKUTAN" uid="5207199" lat="35.0494292" lon="126.9765622"/>
 <node id="1440088550" visible="true" version="1" changeset="9366175" timestamp="2011-09-22T07:35:01Z" user="generalred" uid="118851" lat="35.0493986" lon="126.8230944"/>
 <node id="1440088551" visible="true" version="1" changeset="9366175" timestamp="2011-09-22T07:35:01Z" user="generalred" uid="118851" lat="35.0494088" lon="126.7968284"/>
 <node id="1440088552" visible="true" version="1" changeset="9366175" timestamp="2011-09-22T07:35:01Z" user="generalred" uid="118851" lat="35.0494191" lon="126.7993085"/>
 <node id="1440088553" visible="true" version="1" changeset="9366175" timestamp="2011-09-22T07:35:01Z" user="generalred" uid="118851" lat="35.0494293" lon="126.8151407"/>
 <node id="1440088554" visible="true" version="1" changeset="9366175" timestamp="2011-09-22T07:35:01Z" user="generalred" uid="118851" lat="35.0494498" lon="126.8510138"/>
 <node id="1440088555" visible="true" version="1" changeset="9366175" timestamp="2011-09-22T07:35:01Z" user="generalred" uid="118851" lat="35.0494703" lon="126.8534187"/>
 <node id="1440088556" visible="true" version="1" changeset="9366175" timestamp="2011-09-22T07:35:01Z" user="generalred" uid="118851" lat="35.0494909" lon="126.8481078"/>
 <node id="1440088557" visible="true" version="1" changeset="9366175" timestamp="2011-09-22T07:35:02Z" user="generalred" uid="118851" lat="35.0495114" lon="126.8221675"/>
 <node id="1440088558" visible="true" version="1" changeset="9366175" timestamp="2011-09-22T07:35:02Z" user="generalred" uid="118851" lat="35.0495729" lon="126.8204390"/>
 <node id="1440088559" visible="true" version="1" changeset="9366175" timestamp="2011-09-22T07:35:02Z" user="generalred" uid="118851" lat="35.0495934" lon="126.8445631"/>
 <node id="1440088560" visible="true" version="1" changeset="9366175" timestamp="2011-09-22T07:35:02Z" user="generalred" uid="118851" lat="35.0496139" lon="126.8469179"/>
 <node id="1440088561" visible="true" version="2" changeset="171477072" timestamp="2025-09-05T03:28:53Z" user="FUKUTAN" uid="5207199" lat="35.0497686" lon="126.8179850"/>
 <node id="1440088562" visible="true" version="1" changeset="9366175" timestamp="2011-09-22T07:35:02Z" user="generalred" uid="118851" lat="35.0496652" lon="126.8454149"/>
 <node id="1440088563" visible="true" version="2" changeset="171477072" timestamp="2025-09-05T03:28:53Z" user="FUKUTAN" uid="5207199" lat="35.0497400" lon="126.8173225"/>
 <node id="1440088564" visible="true" version="3" changeset="184263508" timestamp="2026-06-18T09:58:53Z" user="FUKUTAN" uid="5207199" lat="35.0496324" lon="126.9780108"/>
 <node id="1440088565" visible="true" version="1" changeset="9366175" timestamp="2011-09-22T07:35:02Z" user="generalred" uid="118851" lat="35.0497882" lon="126.7957638"/>
 <node id="1440088566" visible="true" version="1" changeset="9366175" timestamp="2011-09-22T07:35:02Z" user="generalred" uid="118851" lat="35.0497962" lon="126.7856833"/>
 <node id="1440088567" visible="true" version="1" changeset="9366175" timestamp="2011-09-22T07:35:02Z" user="generalred" uid="118851" lat="35.0498087" lon="126.8169068"/>
 <node id="1440088568" visible="true" version="1" changeset="9366175" timestamp="2011-09-22T07:35:02Z" user="generalred" uid="118851" lat="35.0498091" lon="126.7834600"/>
 <node id="1440088569" visible="true" version="1" changeset="9366175" timestamp="2011-09-22T07:35:02Z" user="generalred" uid="118851" lat="35.0498475" lon="126.7844934"/>
 <node id="1440088570" visible="true" version="1" changeset="9366175" timestamp="2011-09-22T07:35:02Z" user="generalred" uid="118851" lat="35.0498497" lon="126.7938850"/>
 <node id="1440088571" visible="true" version="1" changeset="9366175" timestamp="2011-09-22T07:35:02Z" user="generalred" uid="118851" lat="35.0500343" lon="126.7919560"/>
 <node id="1440088572" visible="true" version="1" changeset="9366175" timestamp="2011-09-22T07:35:02Z" user="generalred" uid="118851" lat="35.0500651" lon="126.8194245"/>
 <node id="1440088573" visible="true" version="2" changeset="184263508" timestamp="2026-06-18T09:58:53Z" user="FUKUTAN" uid="5207199" lat="35.0501068" lon="126.9819641"/>
 <node id="1440088574" visible="true" version="2" changeset="171916639" timestamp="2025-09-14T12:58:43Z" user="FUKUTAN" uid="5207199" lat="35.0497990" lon="126.9943046"/>
 <node id="1440088575" visible="true" version="1" changeset="9366175" timestamp="2011-09-22T07:35:02Z" user="generalred" uid="118851" lat="35.0501163" lon="126.8199756"/>
 <node id="1440088576" visible="true" version="2" changeset="171916639" timestamp="2025-09-14T12:58:43Z" user="FUKUTAN" uid="5207199" lat="35.0503315" lon="126.9927626"/>
 <node id="1440088577" visible="true" version="2" changeset="184263508" timestamp="2026-06-18T09:58:53Z" user="FUKUTAN" uid="5207199" lat="35.0502846" lon="126.9808636"/>
 <node id="1440088578" visible="true" version="1" changeset="9366175" timestamp="2011-09-22T07:35:02Z" user="generalred" uid="118851" lat="35.0503624" lon="126.7907160"/>
 <node id="1440088579" visible="true" version="1" changeset="9366175" timestamp="2011-09-22T07:35:02Z" user="generalred" uid="118851" lat="35.0503987" lon="126.7820352"/>
 <node id="1440088580" visible="true" version="1" changeset="9366175" timestamp="2011-09-22T07:35:02Z" user="generalred" uid="118851" lat="35.0504547" lon="126.7884113"/>
 <node id="1440088581" visible="true" version="2" changeset="171477072" timestamp="2025-09-05T03:28:53Z" user="FUKUTAN" uid="5207199" lat="35.0505652" lon="126.8171060"/>
 <node id="1440088582" visible="true" version="2" changeset="171477072" timestamp="2025-09-05T03:28:53Z" user="FUKUTAN" uid="5207199" lat="35.0507217" lon="126.8175759"/>
 <node id="1440088583" visible="true" version="2" changeset="171916639" timestamp="2025-09-14T12:58:43Z" user="FUKUTAN" uid="5207199" lat="35.0506237" lon="126.9934812"/>
 <node id="1440088584" visible="true" version="1" changeset="9366175" timestamp="2011-09-22T07:35:02Z" user="generalred" uid="118851" lat="35.0507829" lon="126.9833457"/>
 <node id="1440088585" visible="true" version="1" changeset="9366175" timestamp="2011-09-22T07:35:02Z" user="generalred" uid="118851" lat="35.0508093" lon="126.9855283"/>
 <node id="1440088586" visible="true" version="1" changeset="9366175" timestamp="2011-09-22T07:35:02Z" user="generalred" uid="118851" lat="35.0508222" lon="126.9918067"/>
 <node id="1440088587" visible="true" version="1" changeset="9366175" timestamp="2011-09-22T07:35:02Z" user="generalred" uid="118851" lat="35.0508751" lon="126.7877475"/>
 <node id="1440088588" visible="true" version="1" changeset="9366175" timestamp="2011-09-22T07:35:03Z" user="generalred" uid="118851" lat="35.0508857" lon="126.7804069"/>
 <node id="1440088589" visible="true" version="2" changeset="171916639" timestamp="2025-09-14T12:58:43Z" user="FUKUTAN" uid="5207199" lat="35.0510548" lon="126.9928564"/>
 <node id="1440088590" visible="true" version="2" changeset="157899863" timestamp="2024-10-15T00:09:17Z" user="야광멧돼지" uid="12393144" lat="35.0509681" lon="126.9910238"/>
 <node id="1440088591" visible="true" version="2" changeset="157899863" timestamp="2024-10-15T00:09:17Z" user="야광멧돼지" uid="12393144" lat="35.0510056" lon="126.9890499"/>
 <node id="1440088593" visible="true" version="2" changeset="157899863" timestamp="2024-10-15T00:09:17Z" user="야광멧돼지" uid="12393144" lat="35.0511027" lon="126.9873946"/>
 <node id="1440088594" visible="true" version="1" changeset="9366175" timestamp="2011-09-22T07:35:03Z" user="generalred" uid="118851" lat="35.0511828" lon="126.7859563"/>
 <node id="1440088595" visible="true" version="1" changeset="9366175" timestamp="2011-09-22T07:35:03Z" user="generalred" uid="118851" lat="35.0511828" lon="126.9851368"/>
 <node id="1440088596" visible="true" version="1" changeset="9366175" timestamp="2011-09-22T07:35:03Z" user="generalred" uid="118851" lat="35.0513087" lon="126.7792796"/>
 <node id="1440088597" visible="true" version="1" changeset="9366175" timestamp="2011-09-22T07:35:03Z" user="generalred" uid="118851" lat="35.0513161" lon="126.9861764"/>
 <node id="1440088598" visible="true" version="1" changeset="9366175" timestamp="2011-09-22T07:35:03Z" user="generalred" uid="118851" lat="35.0513263" lon="126.7849793"/>
 <node id="1440088599" visible="true" version="1" changeset="9366175" timestamp="2011-09-22T07:35:03Z" user="generalred" uid="118851" lat="35.0513981" lon="126.9919632"/>
 <node id="1440088600" visible="true" version="2" changeset="157899863" timestamp="2024-10-15T00:09:17Z" user="야광멧돼지" uid="12393144" lat="35.0513770" lon="126.9876901"/>
 <node id="1440088601" visible="true" version="1" changeset="9366175" timestamp="2011-09-22T07:35:03Z" user="generalred" uid="118851" lat="35.0515109" lon="126.9909612"/>
 <node id="1440088602" visible="true" version="1" changeset="9366175" timestamp="2011-09-22T07:35:03Z" user="generalred" uid="118851" lat="35.0515138" lon="126.7786533"/>
 <node id="1440088603" visible="true" version="2" changeset="157899863" timestamp="2024-10-15T00:09:17Z" user="야광멧돼지" uid="12393144" lat="35.0515586" lon="126.9897025"/>
 <node id="1440088605" visible="true" version="1" changeset="9366175" timestamp="2011-09-22T07:35:03Z" user="generalred" uid="118851" lat="35.0517829" lon="126.7778079"/>
 <node id="1440088606" visible="true" version="1" changeset="9366175" timestamp="2011-09-22T07:35:03Z" user="generalred" uid="118851" lat="35.0518287" lon="126.7833635"/>
 <node id="1440088608" visible="true" version="1" changeset="9366175" timestamp="2011-09-22T07:35:03Z" user="generalred" uid="118851" lat="35.0521931" lon="126.7726411"/>
 <node id="1440088609" visible="true" version="1" changeset="9366175" timestamp="2011-09-22T07:35:03Z" user="generalred" uid="118851" lat="35.0522059" lon="126.7763518"/>
 <node id="1440088610" visible="true" version="1" changeset="9366175" timestamp="2011-09-22T07:35:03Z" user="generalred" uid="118851" lat="35.0523049" lon="126.7717894"/>
 <node id="1440088611" visible="true" version="1" changeset="9366175" timestamp="2011-09-22T07:35:03Z" user="generalred" uid="118851" lat="35.0524110" lon="126.7738154"/>
 <node id="1440088612" visible="true" version="1" changeset="9366175" timestamp="2011-09-22T07:35:04Z" user="generalred" uid="118851" lat="35.0524235" lon="126.7819356"/>
 <node id="1440088613" visible="true" version="1" changeset="9366175" timestamp="2011-09-22T07:35:04Z" user="generalred" uid="118851" lat="35.0524751" lon="126.7748487"/>
 <node id="1440088615" visible="true" version="1" changeset="9366175" timestamp="2011-09-22T07:35:04Z" user="generalred" uid="118851" lat="35.0526798" lon="126.7815223"/>
 <node id="1440088618" visible="true" version="1" changeset="9366175" timestamp="2011-09-22T07:35:04Z" user="generalred" uid="118851" lat="35.0534591" lon="126.7796810"/>
 <node id="1440088620" visible="true" version="1" changeset="9366175" timestamp="2011-09-22T07:35:04Z" user="generalred" uid="118851" lat="35.0538897" lon="126.7782406"/>
 <node id="1440088622" visible="true" version="1" changeset="9366175" timestamp="2011-09-22T07:35:04Z" user="generalred" uid="118851" lat="35.0543511" lon="126.7764495"/>
 <node id="1440088623" visible="true" version="1" changeset="9366175" timestamp="2011-09-22T07:35:04Z" user="generalred" uid="118851" lat="35.0546280" lon="126.7742951"/>
 <node id="1440088626" visible="true" version="1" changeset="9366175" timestamp="2011-09-22T07:35:04Z" user="generalred" uid="118851" lat="35.0549019" lon="126.7723977"/>
 <node id="1457552124" visible="true" version="1" changeset="9491899" timestamp="2011-10-07T08:39:57Z" user="generalred" uid="118851" lat="35.0523994" lon="126.7503023"/>
 <node id="2631867982" visible="true" version="1" changeset="20133496" timestamp="2014-01-22T01:18:28Z" user="Jockhyeng1" uid="1594736" lat="35.0488708" lon="126.8453801"/>
 <node id="2631867983" visible="true" version="1" changeset="20133496" timestamp="2014-01-22T01:18:28Z" user="Jockhyeng1" uid="1594736" lat="35.0482032" lon="126.8501008"/>
 <node id="2631867984" visible="true" version="1" changeset="20133496" timestamp="2014-01-22T01:18:28Z" user="Jockhyeng1" uid="1594736" lat="35.0088091" lon="126.8696702"/>
 <node id="2631867985" visible="true" version="1" changeset="20133496" timestamp="2014-01-22T01:18:28Z" user="Jockhyeng1" uid="1594736" lat="35.0478870" lon="126.8233646"/>
 <node id="2631867986" visible="true" version="1" changeset="20133496" timestamp="2014-01-22T01:18:28Z" user="Jockhyeng1" uid="1594736" lat="35.0527705" lon="126.7745698"/>
 <node id="2631867987" visible="true" version="1" changeset="20133496" timestamp="2014-01-22T01:18:29Z" user="Jockhyeng1" uid="1594736" lat="35.0480276" lon="126.8324626"/>
 <node id="2631867988" visible="true" version="1" changeset="20133496" timestamp="2014-01-22T01:18:29Z" user="Jockhyeng1" uid="1594736" lat="35.0490464" lon="126.8179572"/>
 <node id="2631867989" visible="true" version="1" changeset="20133496" timestamp="2014-01-22T01:18:29Z" user="Jockhyeng1" uid="1594736" lat="35.0090200" lon="126.9119418"/>
 <node id="2631867990" visible="true" version="1" changeset="20133496" timestamp="2014-01-22T01:18:29Z" user="Jockhyeng1" uid="1594736" lat="35.0542811" lon="126.7573178"/>
 <node id="2631867991" visible="true" version="1" changeset="20133496" timestamp="2014-01-22T01:18:29Z" user="Jockhyeng1" uid="1594736" lat="35.0272259" lon="126.8597568"/>
 <node id="2631867992" visible="true" version="1" changeset="20133496" timestamp="2014-01-22T01:18:29Z" user="Jockhyeng1" uid="1594736" lat="35.0157686" lon="126.8533195"/>
 <node id="2631867993" visible="true" version="1" changeset="20133496" timestamp="2014-01-22T01:18:29Z" user="Jockhyeng1" uid="1594736" lat="35.0137300" lon="126.8558086"/>
 <node id="2631867994" visible="true" version="1" changeset="20133496" timestamp="2014-01-22T01:18:29Z" user="Jockhyeng1" uid="1594736" lat="35.0475006" lon="126.8059838"/>
 <node id="2631867995" visible="true" version="1" changeset="20133496" timestamp="2014-01-22T01:18:29Z" user="Jockhyeng1" uid="1594736" lat="35.0529813" lon="126.7534555"/>
 <node id="2631867996" visible="true" version="1" changeset="20133496" timestamp="2014-01-22T01:18:29Z" user="Jockhyeng1" uid="1594736" lat="35.0298264" lon="126.8598426"/>
 <node id="2631867997" visible="true" version="1" changeset="20133496" timestamp="2014-01-22T01:18:29Z" user="Jockhyeng1" uid="1594736" lat="35.0084576" lon="126.9057620"/>
 <node id="2631867998" visible="true" version="1" changeset="20133496" timestamp="2014-01-22T01:18:29Z" user="Jockhyeng1" uid="1594736" lat="35.0108478" lon="126.8631042"/>
 <node id="2631867999" visible="true" version="1" changeset="20133496" timestamp="2014-01-22T01:18:29Z" user="Jockhyeng1" uid="1594736" lat="35.0477114" lon="126.8019927"/>
 <node id="2631868000" visible="true" version="2" changeset="175888229" timestamp="2025-12-13T15:35:11Z" user="user_14366776" uid="14366776" lat="35.0503067" lon="126.7831746"/>
 <node id="2631868001" visible="true" version="1" changeset="20133496" timestamp="2014-01-22T01:18:29Z" user="Jockhyeng1" uid="1594736" lat="35.0508031" lon="126.7819083"/>
 <node id="2631868002" visible="true" version="1" changeset="20133496" timestamp="2014-01-22T01:18:29Z" user="Jockhyeng1" uid="1594736" lat="35.0022709" lon="126.8887675"/>
 <node id="2631868003" visible="true" version="1" changeset="20133496" timestamp="2014-01-22T01:18:29Z" user="Jockhyeng1" uid="1594736" lat="35.0247307" lon="126.8576110"/>
 <node id="2631868004" visible="true" version="1" changeset="20133496" timestamp="2014-01-22T01:18:29Z" user="Jockhyeng1" uid="1594736" lat="35.0484492" lon="126.7992890"/>
 <node id="2631868005" visible="true" version="1" changeset="20133496" timestamp="2014-01-22T01:18:29Z" user="Jockhyeng1" uid="1594736" lat="35.0212514" lon="126.8544782"/>
 <node id="2631868006" visible="true" version="1" changeset="20133496" timestamp="2014-01-22T01:18:29Z" user="Jockhyeng1" uid="1594736" lat="35.0488708" lon="126.7938817"/>
 <node id="2631868007" visible="true" version="1" changeset="20133496" timestamp="2014-01-22T01:18:29Z" user="Jockhyeng1" uid="1594736" lat="35.0044504" lon="126.8970073"/>
 <node id="2631868008" visible="true" version="1" changeset="20133496" timestamp="2014-01-22T01:18:29Z" user="Jockhyeng1" uid="1594736" lat="35.0334107" lon="126.8591130"/>
 <node id="2631868009" visible="true" version="1" changeset="20133496" timestamp="2014-01-22T01:18:29Z" user="Jockhyeng1" uid="1594736" lat="35.0374517" lon="126.8574393"/>
 <node id="2631868010" visible="true" version="1" changeset="20133496" timestamp="2014-01-22T01:18:29Z" user="Jockhyeng1" uid="1594736" lat="35.0112345" lon="126.9198382"/>
 <node id="2631868011" visible="true" version="1" changeset="20133496" timestamp="2014-01-22T01:18:29Z" user="Jockhyeng1" uid="1594736" lat="35.0028333" lon="126.8850339"/>
 <node id="2631868012" visible="true" version="1" changeset="20133496" timestamp="2014-01-22T01:18:29Z" user="Jockhyeng1" uid="1594736" lat="35.0486951" lon="126.7958558"/>
 <node id="2631868013" visible="true" version="2" changeset="175888229" timestamp="2025-12-13T15:35:11Z" user="user_14366776" uid="14366776" lat="35.0508856" lon="126.7848488"/>
 <node id="2631868014" visible="true" version="1" changeset="20133496" timestamp="2014-01-22T01:18:29Z" user="Jockhyeng1" uid="1594736" lat="35.0496086" lon="126.7931521"/>
 <node id="2631868015" visible="true" version="1" changeset="20133496" timestamp="2014-01-22T01:18:29Z" user="Jockhyeng1" uid="1594736" lat="35.0184046" lon="126.8534911"/>
 <node id="2631868016" visible="true" version="1" changeset="20133496" timestamp="2014-01-22T01:18:29Z" user="Jockhyeng1" uid="1594736" lat="35.0119726" lon="126.9236577"/>
 <node id="2631868017" visible="true" version="1" changeset="20133496" timestamp="2014-01-22T01:18:29Z" user="Jockhyeng1" uid="1594736" lat="35.0525597" lon="126.7788613"/>
 <node id="2631868018" visible="true" version="1" changeset="20133496" timestamp="2014-01-22T01:18:29Z" user="Jockhyeng1" uid="1594736" lat="35.0484843" lon="126.8125070"/>
 <node id="2631868019" visible="true" version="2" changeset="25494344" timestamp="2014-09-17T08:15:28Z" user="Jockhyeng1" uid="1594736" lat="35.0530135" lon="126.7708413"/>
 <node id="2631868020" visible="true" version="1" changeset="20133496" timestamp="2014-01-22T01:18:29Z" user="Jockhyeng1" uid="1594736" lat="35.0545270" lon="126.7625964"/>
 <node id="2631868021" visible="true" version="1" changeset="20133496" timestamp="2014-01-22T01:18:29Z" user="Jockhyeng1" uid="1594736" lat="35.0049073" lon="126.8811715"/>
 <node id="2631868022" visible="true" version="1" changeset="20133496" timestamp="2014-01-22T01:18:29Z" user="Jockhyeng1" uid="1594736" lat="35.0097230" lon="126.9402659"/>
 <node id="2631868023" visible="true" version="2" changeset="154920955" timestamp="2024-08-07T07:08:32Z" user="morago" uid="11113946" lat="35.0436665" lon="126.8529010"/>
 <node id="2631868024" visible="true" version="1" changeset="20133496" timestamp="2014-01-22T01:18:29Z" user="Jockhyeng1" uid="1594736" lat="35.0094067" lon="126.9297088"/>
 <node id="3081400951" visible="true" version="1" changeset="25494344" timestamp="2014-09-17T08:15:26Z" user="Jockhyeng1" uid="1594736" lat="35.0540744" lon="126.7664951"/>
 <node id="3926185149" visible="true" version="2" changeset="149486328" timestamp="2024-04-02T15:09:19Z" user="야광멧돼지" uid="12393144" lat="34.9978272" lon="126.8335373"/>
 <node id="3926185150" visible="true" version="2" changeset="149486328" timestamp="2024-04-02T15:09:19Z" user="야광멧돼지" uid="12393144" lat="34.9999725" lon="126.8331234"/>
 <node id="3926185151" visible="true" version="2" changeset="149486328" timestamp="2024-04-02T15:09:19Z" user="야광멧돼지" uid="12393144" lat="35.0018666" lon="126.8324795"/>
 <node id="3926185152" visible="true" version="2" changeset="149486328" timestamp="2024-04-02T15:09:19Z" user="야광멧돼지" uid="12393144" lat="35.0021999" lon="126.8328021"/>
 <node id="3926185153" visible="true" version="2" changeset="149486328" timestamp="2024-04-02T15:09:19Z" user="야광멧돼지" uid="12393144" lat="35.0021765" lon="126.8332649"/>
 <node id="3926185154" visible="true" version="2" changeset="149486328" timestamp="2024-04-02T15:09:19Z" user="야광멧돼지" uid="12393144" lat="35.0040758" lon="126.8334078"/>
 <node id="3926185155" visible="true" version="2" changeset="149486328" timestamp="2024-04-02T15:09:19Z" user="야광멧돼지" uid="12393144" lat="35.0051892" lon="126.8337915"/>
 <node id="3926185156" visible="true" version="2" changeset="149486328" timestamp="2024-04-02T15:09:19Z" user="야광멧돼지" uid="12393144" lat="35.0136760" lon="126.8383673"/>
 <node id="3926185157" visible="true" version="2" changeset="149486328" timestamp="2024-04-02T15:09:19Z" user="야광멧돼지" uid="12393144" lat="35.0122341" lon="126.8391988"/>
 <node id="3926185160" visible="true" version="2" changeset="149486328" timestamp="2024-04-02T15:09:19Z" user="야광멧돼지" uid="12393144" lat="35.0113498" lon="126.8396522"/>
 <node id="3926185162" visible="true" version="2" changeset="149486328" timestamp="2024-04-02T15:09:19Z" user="야광멧돼지" uid="12393144" lat="35.0106804" lon="126.8398417"/>
 <node id="3926185163" visible="true" version="2" changeset="149486328" timestamp="2024-04-02T15:09:19Z" user="야광멧돼지" uid="12393144" lat="35.0105974" lon="126.8402269"/>
 <node id="3926185164" visible="true" version="2" changeset="149486328" timestamp="2024-04-02T15:09:19Z" user="야광멧돼지" uid="12393144" lat="35.0101370" lon="126.8406524"/>
 <node id="3926185165" visible="true" version="2" changeset="149486328" timestamp="2024-04-02T15:09:19Z" user="야광멧돼지" uid="12393144" lat="35.0086932" lon="126.8418423"/>
 <node id="3926185166" visible="true" version="2" changeset="149486328" timestamp="2024-04-02T15:09:19Z" user="야광멧돼지" uid="12393144" lat="35.0082216" lon="126.8425131"/>
 <node id="3926185167" visible="true" version="2" changeset="149486328" timestamp="2024-04-02T15:09:19Z" user="야광멧돼지" uid="12393144" lat="35.0048297" lon="126.8442733"/>
 <node id="3926185172" visible="true" version="1" changeset="36349196" timestamp="2016-01-03T22:50:40Z" user="maphunter36" uid="2924920" lat="34.9943265" lon="126.8400539"/>
 <node id="3926185173" visible="true" version="1" changeset="36349196" timestamp="2016-01-03T22:50:40Z" user="maphunter36" uid="2924920" lat="34.9932874" lon="126.8387855"/>
 <node id="3926185174" visible="true" version="1" changeset="36349196" timestamp="2016-01-03T22:50:40Z" user="maphunter36" uid="2924920" lat="34.9917287" lon="126.8385253"/>
 <node id="3926188772" visible="true" version="3" changeset="131630424" timestamp="2023-01-24T02:16:50Z" user="야광멧돼지" uid="12393144" lat="35.0558279" lon="126.8998173"/>
 <node id="3926188773" visible="true" version="3" changeset="131630424" timestamp="2023-01-24T02:16:50Z" user="야광멧돼지" uid="12393144" lat="35.0554881" lon="126.9006712"/>
 <node id="3926188774" visible="true" version="2" changeset="48520106" timestamp="2017-05-09T04:15:03Z" user="FUKUTAN" uid="5207199" lat="35.0500539" lon="126.8965057"/>
 <node id="3926188793" visible="true" version="2" changeset="64423449" timestamp="2018-11-12T22:42:16Z" user="maphunter36" uid="2924920" lat="35.0200138" lon="126.8943345"/>
 <node id="3926188794" visible="true" version="1" changeset="36349250" timestamp="2016-01-03T22:54:03Z" user="maphunter36" uid="2924920" lat="35.0198389" lon="126.8936335"/>
 <node id="3926188806" visible="true" version="2" changeset="64423449" timestamp="2018-11-12T22:42:16Z" user="maphunter36" uid="2924920" lat="35.0162013" lon="126.8671892"/>
 <node id="3926188807" visible="true" version="2" changeset="64423449" timestamp="2018-11-12T22:42:16Z" user="maphunter36" uid="2924920" lat="35.0190996" lon="126.8673968"/>
 <node id="3926188808" visible="true" version="2" changeset="64423449" timestamp="2018-11-12T22:42:16Z" user="maphunter36" uid="2924920" lat="35.0208689" lon="126.8691614"/>
 <node id="3926188809" visible="true" version="2" changeset="64423449" timestamp="2018-11-12T22:42:16Z" user="maphunter36" uid="2924920" lat="35.0253101" lon="126.8729672"/>
 <node id="3926188810" visible="true" version="2" changeset="64423449" timestamp="2018-11-12T22:42:16Z" user="maphunter36" uid="2924920" lat="35.0274676" lon="126.8778282"/>
 <node id="3926188811" visible="true" version="3" changeset="64423449" timestamp="2018-11-12T22:42:16Z" user="maphunter36" uid="2924920" lat="35.0272124" lon="126.8765991"/>
 <node id="3926188816" visible="true" version="2" changeset="37529747" timestamp="2016-02-29T20:26:09Z" user="maphunter36" uid="2924920" lat="35.0388006" lon="126.8813594"/>
 <node id="3926188821" visible="true" version="1" changeset="36349250" timestamp="2016-01-03T22:54:03Z" user="maphunter36" uid="2924920" lat="35.0446727" lon="126.8847057"/>
 <node id="3926238436" visible="true" version="1" changeset="36349932" timestamp="2016-01-03T23:48:53Z" user="maphunter36" uid="2924920" lat="35.0093797" lon="126.8439649"/>
 <node id="3926238437" visible="true" version="1" changeset="36349932" timestamp="2016-01-03T23:48:53Z" user="maphunter36" uid="2924920" lat="35.0088346" lon="126.8441128"/>
 <node id="3926238438" visible="true" version="1" changeset="36349932" timestamp="2016-01-03T23:48:53Z" user="maphunter36" uid="2924920" lat="35.0074416" lon="126.8461832"/>
 <node id="3926238439" visible="true" version="1" changeset="36349932" timestamp="2016-01-03T23:48:53Z" user="maphunter36" uid="2924920" lat="35.0078252" lon="126.8477607"/>
 <node id="3926238440" visible="true" version="1" changeset="36349932" timestamp="2016-01-03T23:48:53Z" user="maphunter36" uid="2924920" lat="35.0082795" lon="126.8487467"/>
 <node id="3926238441" visible="true" version="2" changeset="127249438" timestamp="2022-10-09T13:41:08Z" user="야광멧돼지" uid="12393144" lat="35.0088206" lon="126.8498107"/>
 <node id="3926238442" visible="true" version="2" changeset="127249438" timestamp="2022-10-09T13:41:08Z" user="야광멧돼지" uid="12393144" lat="35.0097731" lon="126.8491929"/>
 <node id="3926238443" visible="true" version="2" changeset="127249438" timestamp="2022-10-09T13:41:08Z" user="야광멧돼지" uid="12393144" lat="35.0104729" lon="126.8498303"/>
 <node id="3926238444" visible="true" version="1" changeset="36349932" timestamp="2016-01-03T23:48:53Z" user="maphunter36" uid="2924920" lat="35.0112572" lon="126.8518154"/>
 <node id="3926238445" visible="true" version="1" changeset="36349932" timestamp="2016-01-03T23:48:53Z" user="maphunter36" uid="2924920" lat="35.0117216" lon="126.8539721"/>
 <node id="3926238446" visible="true" version="1" changeset="36349932" timestamp="2016-01-03T23:48:53Z" user="maphunter36" uid="2924920" lat="35.0107828" lon="126.8554387"/>
 <node id="3926238447" visible="true" version="1" changeset="36349932" timestamp="2016-01-03T23:48:53Z" user="maphunter36" uid="2924920" lat="35.0099551" lon="126.8554757"/>
 <node id="3926238448" visible="true" version="1" changeset="36349932" timestamp="2016-01-03T23:48:53Z" user="maphunter36" uid="2924920" lat="35.0095412" lon="126.8552538"/>
 <node id="3926238449" visible="true" version="1" changeset="36349932" timestamp="2016-01-03T23:48:53Z" user="maphunter36" uid="2924920" lat="35.0091173" lon="126.8560919"/>
 <node id="3926238450" visible="true" version="1" changeset="36349932" timestamp="2016-01-03T23:48:54Z" user="maphunter36" uid="2924920" lat="35.0081381" lon="126.8574599"/>
 <node id="3926238451" visible="true" version="1" changeset="36349932" timestamp="2016-01-03T23:48:54Z" user="maphunter36" uid="2924920" lat="35.0070479" lon="126.8589634"/>
 <node id="3926238452" visible="true" version="1" changeset="36349932" timestamp="2016-01-03T23:48:54Z" user="maphunter36" uid="2924920" lat="35.0059274" lon="126.8607381"/>
 <node id="3926238453" visible="true" version="1" changeset="36349932" timestamp="2016-01-03T23:48:54Z" user="maphunter36" uid="2924920" lat="35.0044738" lon="126.8626730"/>
 <node id="3926238454" visible="true" version="1" changeset="36349932" timestamp="2016-01-03T23:48:54Z" user="maphunter36" uid="2924920" lat="35.0030807" lon="126.8648790"/>
 <node id="3926238455" visible="true" version="1" changeset="36349932" timestamp="2016-01-03T23:48:54Z" user="maphunter36" uid="2924920" lat="35.0023841" lon="126.8655076"/>
 <node id="3926238456" visible="true" version="1" changeset="36349932" timestamp="2016-01-03T23:48:54Z" user="maphunter36" uid="2924920" lat="35.0005973" lon="126.8654213"/>
 <node id="3926238457" visible="true" version="1" changeset="36349932" timestamp="2016-01-03T23:48:54Z" user="maphunter36" uid="2924920" lat="35.0004963" lon="126.8646079"/>
 <node id="3926238458" visible="true" version="1" changeset="36349932" timestamp="2016-01-03T23:48:54Z" user="maphunter36" uid="2924920" lat="35.0007588" lon="126.8636096"/>
 <node id="3926238459" visible="true" version="1" changeset="36349932" timestamp="2016-01-03T23:48:54Z" user="maphunter36" uid="2924920" lat="35.0016775" lon="126.8631167"/>
 <node id="3926238460" visible="true" version="1" changeset="36349932" timestamp="2016-01-03T23:48:54Z" user="maphunter36" uid="2924920" lat="35.0017279" lon="126.8625621"/>
 <node id="3926238461" visible="true" version="1" changeset="36349932" timestamp="2016-01-03T23:48:54Z" user="maphunter36" uid="2924920" lat="35.0005973" lon="126.8627839"/>
 <node id="3926238462" visible="true" version="1" changeset="36349932" timestamp="2016-01-03T23:48:54Z" user="maphunter36" uid="2924920" lat="35.0003651" lon="126.8623279"/>
 <node id="3926238463" visible="true" version="1" changeset="36349932" timestamp="2016-01-03T23:48:54Z" user="maphunter36" uid="2924920" lat="35.0000521" lon="126.8626360"/>
 <node id="3926238464" visible="true" version="1" changeset="36349932" timestamp="2016-01-03T23:48:54Z" user="maphunter36" uid="2924920" lat="34.9991233" lon="126.8631043"/>
 <node id="3926238465" visible="true" version="1" changeset="36349932" timestamp="2016-01-03T23:48:54Z" user="maphunter36" uid="2924920" lat="34.9986690" lon="126.8619335"/>
 <node id="3926238466" visible="true" version="1" changeset="36349932" timestamp="2016-01-03T23:48:54Z" user="maphunter36" uid="2924920" lat="34.9994363" lon="126.8603437"/>
 <node id="3926238467" visible="true" version="1" changeset="36349932" timestamp="2016-01-03T23:48:54Z" user="maphunter36" uid="2924920" lat="35.0006881" lon="126.8589634"/>
 <node id="3926238468" visible="true" version="1" changeset="36349932" timestamp="2016-01-03T23:48:54Z" user="maphunter36" uid="2924920" lat="35.0016775" lon="126.8575338"/>
 <node id="3926238469" visible="true" version="1" changeset="36349932" timestamp="2016-01-03T23:48:54Z" user="maphunter36" uid="2924920" lat="35.0021015" lon="126.8565848"/>
 <node id="3926238470" visible="true" version="1" changeset="36349932" timestamp="2016-01-03T23:48:54Z" user="maphunter36" uid="2924920" lat="35.0026971" lon="126.8538242"/>
 <node id="3926238471" visible="true" version="1" changeset="36349932" timestamp="2016-01-03T23:48:54Z" user="maphunter36" uid="2924920" lat="35.0025255" lon="126.8530601"/>
 <node id="3926238472" visible="true" version="1" changeset="36349932" timestamp="2016-01-03T23:48:54Z" user="maphunter36" uid="2924920" lat="35.0018592" lon="126.8541077"/>
 <node id="3926238473" visible="true" version="1" changeset="36349932" timestamp="2016-01-03T23:48:54Z" user="maphunter36" uid="2924920" lat="35.0011929" lon="126.8556482"/>
 <node id="3926238474" visible="true" version="1" changeset="36349932" timestamp="2016-01-03T23:48:54Z" user="maphunter36" uid="2924920" lat="34.9994464" lon="126.8581500"/>
 <node id="3926238475" visible="true" version="1" changeset="36349932" timestamp="2016-01-03T23:48:54Z" user="maphunter36" uid="2924920" lat="34.9980835" lon="126.8590990"/>
 <node id="3926238476" visible="true" version="1" changeset="36349932" timestamp="2016-01-03T23:48:54Z" user="maphunter36" uid="2924920" lat="34.9964177" lon="126.8589511"/>
 <node id="3926238477" visible="true" version="1" changeset="36349932" timestamp="2016-01-03T23:48:54Z" user="maphunter36" uid="2924920" lat="34.9966600" lon="126.8574475"/>
 <node id="3926238478" visible="true" version="1" changeset="36349932" timestamp="2016-01-03T23:48:54Z" user="maphunter36" uid="2924920" lat="34.9992546" lon="126.8547978"/>
 <node id="3926238479" visible="true" version="1" changeset="36349932" timestamp="2016-01-03T23:48:54Z" user="maphunter36" uid="2924920" lat="34.9993152" lon="126.8540954"/>
 <node id="3926238480" visible="true" version="1" changeset="36349932" timestamp="2016-01-03T23:48:54Z" user="maphunter36" uid="2924920" lat="34.9999209" lon="126.8532943"/>
 <node id="3926238481" visible="true" version="1" changeset="36349932" timestamp="2016-01-03T23:48:54Z" user="maphunter36" uid="2924920" lat="34.9997089" lon="126.8522221"/>
 <node id="3926238482" visible="true" version="1" changeset="36349932" timestamp="2016-01-03T23:48:54Z" user="maphunter36" uid="2924920" lat="34.9998199" lon="126.8501639"/>
 <node id="3926238483" visible="true" version="1" changeset="36349932" timestamp="2016-01-03T23:48:54Z" user="maphunter36" uid="2924920" lat="34.9989315" lon="126.8516552"/>
 <node id="3926238484" visible="true" version="1" changeset="36349932" timestamp="2016-01-03T23:48:54Z" user="maphunter36" uid="2924920" lat="34.9972658" lon="126.8544897"/>
 <node id="3926238485" visible="true" version="1" changeset="36349932" timestamp="2016-01-03T23:48:54Z" user="maphunter36" uid="2924920" lat="34.9962461" lon="126.8554510"/>
 <node id="3926238486" visible="true" version="1" changeset="36349932" timestamp="2016-01-03T23:48:54Z" user="maphunter36" uid="2924920" lat="34.9954182" lon="126.8551059"/>
 <node id="3926238487" visible="true" version="1" changeset="36349932" timestamp="2016-01-03T23:48:54Z" user="maphunter36" uid="2924920" lat="34.9948125" lon="126.8537010"/>
 <node id="3926238488" visible="true" version="1" changeset="36349932" timestamp="2016-01-03T23:48:54Z" user="maphunter36" uid="2924920" lat="34.9947620" lon="126.8526781"/>
 <node id="3926238489" visible="true" version="1" changeset="36349932" timestamp="2016-01-03T23:48:54Z" user="maphunter36" uid="2924920" lat="34.9943077" lon="126.8517784"/>
 <node id="3926238490" visible="true" version="1" changeset="36349932" timestamp="2016-01-03T23:48:54Z" user="maphunter36" uid="2924920" lat="34.9935807" lon="126.8514826"/>
 <node id="3926238491" visible="true" version="1" changeset="36349932" timestamp="2016-01-03T23:48:54Z" user="maphunter36" uid="2924920" lat="34.9930355" lon="126.8505583"/>
 <node id="3926238492" visible="true" version="1" changeset="36349932" timestamp="2016-01-03T23:48:54Z" user="maphunter36" uid="2924920" lat="34.9927932" lon="126.8498928"/>
 <node id="3926238493" visible="true" version="1" changeset="36349932" timestamp="2016-01-03T23:48:54Z" user="maphunter36" uid="2924920" lat="34.9929750" lon="126.8489315"/>
 <node id="3926238494" visible="true" version="1" changeset="36349932" timestamp="2016-01-03T23:48:54Z" user="maphunter36" uid="2924920" lat="34.9929750" lon="126.8479949"/>
 <node id="3926238495" visible="true" version="1" changeset="36349932" timestamp="2016-01-03T23:48:54Z" user="maphunter36" uid="2924920" lat="34.9923086" lon="126.8486974"/>
 <node id="3926238496" visible="true" version="1" changeset="36349932" timestamp="2016-01-03T23:48:54Z" user="maphunter36" uid="2924920" lat="34.9915110" lon="126.8486974"/>
 <node id="3926238497" visible="true" version="1" changeset="36349932" timestamp="2016-01-03T23:48:54Z" user="maphunter36" uid="2924920" lat="34.9914403" lon="126.8481181"/>
 <node id="3926238498" visible="true" version="1" changeset="36349932" timestamp="2016-01-03T23:48:54Z" user="maphunter36" uid="2924920" lat="34.9918947" lon="126.8469227"/>
 <node id="3926238499" visible="true" version="1" changeset="36349932" timestamp="2016-01-03T23:48:54Z" user="maphunter36" uid="2924920" lat="34.9924096" lon="126.8453329"/>
 <node id="3926238500" visible="true" version="1" changeset="36349932" timestamp="2016-01-03T23:48:54Z" user="maphunter36" uid="2924920" lat="34.9921673" lon="126.8450247"/>
 <node id="3926238501" visible="true" version="1" changeset="36349932" timestamp="2016-01-03T23:48:54Z" user="maphunter36" uid="2924920" lat="34.9906124" lon="126.8469596"/>
 <node id="3926238502" visible="true" version="1" changeset="36349932" timestamp="2016-01-03T23:48:54Z" user="maphunter36" uid="2924920" lat="34.9893705" lon="126.8474896"/>
 <node id="3926238503" visible="true" version="1" changeset="36349932" timestamp="2016-01-03T23:48:54Z" user="maphunter36" uid="2924920" lat="34.9886839" lon="126.8481058"/>
 <node id="3926238504" visible="true" version="1" changeset="36349932" timestamp="2016-01-03T23:48:54Z" user="maphunter36" uid="2924920" lat="34.9869675" lon="126.8480442"/>
 <node id="3926238505" visible="true" version="1" changeset="36349932" timestamp="2016-01-03T23:48:54Z" user="maphunter36" uid="2924920" lat="34.9860587" lon="126.8477114"/>
 <node id="3926238506" visible="true" version="1" changeset="36349932" timestamp="2016-01-03T23:48:54Z" user="maphunter36" uid="2924920" lat="34.9857255" lon="126.8471322"/>
 <node id="3926238507" visible="true" version="2" changeset="87243256" timestamp="2020-06-28T08:06:11Z" user="LuxuryCoop" uid="7245212" lat="34.9854643" lon="126.8440259"/>
 <node id="3926238508" visible="true" version="1" changeset="36349932" timestamp="2016-01-03T23:48:54Z" user="maphunter36" uid="2924920" lat="34.9848673" lon="126.8423627"/>
 <node id="3926238509" visible="true" version="2" changeset="87243256" timestamp="2020-06-28T08:06:11Z" user="LuxuryCoop" uid="7245212" lat="34.9848080" lon="126.8416233"/>
 <node id="3926238511" visible="true" version="1" changeset="36349932" timestamp="2016-01-03T23:48:55Z" user="maphunter36" uid="2924920" lat="34.9872704" lon="126.8415740"/>
 <node id="3926238512" visible="true" version="1" changeset="36349932" timestamp="2016-01-03T23:48:55Z" user="maphunter36" uid="2924920" lat="34.9888253" lon="126.8423134"/>
 <node id="3926238513" visible="true" version="1" changeset="36349932" timestamp="2016-01-03T23:48:55Z" user="maphunter36" uid="2924920" lat="34.9895422" lon="126.8414877"/>
 <node id="3926238514" visible="true" version="1" changeset="36349932" timestamp="2016-01-03T23:48:55Z" user="maphunter36" uid="2924920" lat="34.9898955" lon="126.8396760"/>
 <node id="3926238515" visible="true" version="1" changeset="36349932" timestamp="2016-01-03T23:48:55Z" user="maphunter36" uid="2924920" lat="34.9912687" lon="126.8388750"/>
 <node id="3926238518" visible="true" version="1" changeset="36349932" timestamp="2016-01-03T23:48:55Z" user="maphunter36" uid="2924920" lat="34.9982802" lon="126.8430415"/>
 <node id="3926238519" visible="true" version="1" changeset="36349932" timestamp="2016-01-03T23:48:55Z" user="maphunter36" uid="2924920" lat="34.9996685" lon="126.8428523"/>
 <node id="3926238520" visible="true" version="1" changeset="36349932" timestamp="2016-01-03T23:48:55Z" user="maphunter36" uid="2924920" lat="35.0019803" lon="126.8429420"/>
 <node id="3926238521" visible="true" version="2" changeset="149486328" timestamp="2024-04-02T15:09:19Z" user="야광멧돼지" uid="12393144" lat="35.0071460" lon="126.8438752"/>
 <node id="3926238524" visible="true" version="2" changeset="149486328" timestamp="2024-04-02T15:09:19Z" user="야광멧돼지" uid="12393144" lat="35.0071016" lon="126.8362994"/>
 <node id="3926238537" visible="true" version="1" changeset="36349932" timestamp="2016-01-03T23:48:55Z" user="maphunter36" uid="2924920" lat="35.0129328" lon="126.8306794"/>
 <node id="3926238538" visible="true" version="2" changeset="51347000" timestamp="2017-08-22T15:43:58Z" user="maphunter36" uid="2924920" lat="35.0140930" lon="126.8322077"/>
 <node id="3926238540" visible="true" version="2" changeset="149486328" timestamp="2024-04-02T15:09:19Z" user="야광멧돼지" uid="12393144" lat="35.0136389" lon="126.8387116"/>
 <node id="3926238541" visible="true" version="2" changeset="149486328" timestamp="2024-04-02T15:09:19Z" user="야광멧돼지" uid="12393144" lat="35.0121544" lon="126.8410853"/>
 <node id="3926238542" visible="true" version="1" changeset="36349932" timestamp="2016-01-03T23:48:55Z" user="maphunter36" uid="2924920" lat="35.0139119" lon="126.8399472"/>
 <node id="3926238543" visible="true" version="1" changeset="36349932" timestamp="2016-01-03T23:48:55Z" user="maphunter36" uid="2924920" lat="35.0173235" lon="126.8397993"/>
 <node id="3926238544" visible="true" version="2" changeset="154920955" timestamp="2024-08-07T07:08:32Z" user="morago" uid="11113946" lat="35.0184784" lon="126.8411983"/>
 <node id="3926238545" visible="true" version="1" changeset="36349932" timestamp="2016-01-03T23:48:55Z" user="maphunter36" uid="2924920" lat="35.0188577" lon="126.8426832"/>
 <node id="3926238546" visible="true" version="2" changeset="127249438" timestamp="2022-10-09T13:41:08Z" user="야광멧돼지" uid="12393144" lat="35.0188034" lon="126.8448689"/>
 <node id="3926238547" visible="true" version="1" changeset="36349932" timestamp="2016-01-03T23:48:55Z" user="maphunter36" uid="2924920" lat="35.0183429" lon="126.8449015"/>
 <node id="3926238548" visible="true" version="1" changeset="36349932" timestamp="2016-01-03T23:48:55Z" user="maphunter36" uid="2924920" lat="35.0168088" lon="126.8448892"/>
 <node id="3926238549" visible="true" version="1" changeset="36349932" timestamp="2016-01-03T23:48:55Z" user="maphunter36" uid="2924920" lat="35.0158701" lon="126.8453698"/>
 <node id="3926238550" visible="true" version="1" changeset="36349932" timestamp="2016-01-03T23:48:55Z" user="maphunter36" uid="2924920" lat="35.0146185" lon="126.8456779"/>
 <node id="3926238551" visible="true" version="1" changeset="36349932" timestamp="2016-01-03T23:48:55Z" user="maphunter36" uid="2924920" lat="35.0112068" lon="126.8454807"/>
 <node id="3926238552" visible="true" version="1" changeset="36349932" timestamp="2016-01-03T23:48:55Z" user="maphunter36" uid="2924920" lat="35.0104194" lon="126.8451973"/>
 <node id="3926238553" visible="true" version="1" changeset="36349932" timestamp="2016-01-03T23:48:55Z" user="maphunter36" uid="2924920" lat="35.0099046" lon="126.8447043"/>
 <node id="3926562109" visible="true" version="2" changeset="179346537" timestamp="2026-03-04T12:14:14Z" user="야광멧돼지" uid="12393144" lat="35.0316365" lon="126.8476548"/>
 <node id="3926562110" visible="true" version="1" changeset="36353052" timestamp="2016-01-04T06:41:37Z" user="maphunter36" uid="2924920" lat="35.0328093" lon="126.8470676"/>
 <node id="3926562111" visible="true" version="1" changeset="36353052" timestamp="2016-01-04T06:41:37Z" user="maphunter36" uid="2924920" lat="35.0325570" lon="126.8448447"/>
 <node id="3926562112" visible="true" version="1" changeset="36353052" timestamp="2016-01-04T06:41:37Z" user="maphunter36" uid="2924920" lat="35.0308897" lon="126.8438080"/>
 <node id="3926562113" visible="true" version="2" changeset="164112777" timestamp="2025-03-26T09:33:56Z" user="FUKUTAN" uid="5207199" lat="35.0298977" lon="126.8427219"/>
 <node id="3926562114" visible="true" version="1" changeset="36353052" timestamp="2016-01-04T06:41:37Z" user="maphunter36" uid="2924920" lat="35.0292454" lon="126.8417158"/>
 <node id="3926562115" visible="true" version="2" changeset="141946090" timestamp="2023-09-30T10:57:45Z" user="FUKUTAN" uid="5207199" lat="35.0284918" lon="126.8407912"/>
 <node id="3926562116" visible="true" version="1" changeset="36353052" timestamp="2016-01-04T06:41:37Z" user="maphunter36" uid="2924920" lat="35.0287483" lon="126.8405110"/>
 <node id="3926562117" visible="true" version="2" changeset="141946090" timestamp="2023-09-30T10:57:45Z" user="FUKUTAN" uid="5207199" lat="35.0307284" lon="126.8404648"/>
 <node id="3926562118" visible="true" version="2" changeset="141946090" timestamp="2023-09-30T10:57:45Z" user="FUKUTAN" uid="5207199" lat="35.0321447" lon="126.8393252"/>
 <node id="3926562119" visible="true" version="2" changeset="154920955" timestamp="2024-08-07T07:08:32Z" user="morago" uid="11113946" lat="35.0336482" lon="126.8384687"/>
 <node id="3926562120" visible="true" version="1" changeset="36353052" timestamp="2016-01-04T06:41:37Z" user="maphunter36" uid="2924920" lat="35.0315627" lon="126.8362799"/>
 <node id="3926562121" visible="true" version="2" changeset="141946090" timestamp="2023-09-30T10:57:45Z" user="FUKUTAN" uid="5207199" lat="35.0305704" lon="126.8363412"/>
 <node id="3926562122" visible="true" version="1" changeset="36353052" timestamp="2016-01-04T06:41:37Z" user="maphunter36" uid="2924920" lat="35.0278075" lon="126.8372326"/>
 <node id="3926562123" visible="true" version="1" changeset="36353052" timestamp="2016-01-04T06:41:37Z" user="maphunter36" uid="2924920" lat="35.0264844" lon="126.8356729"/>
 <node id="3926562124" visible="true" version="1" changeset="36353052" timestamp="2016-01-04T06:41:37Z" user="maphunter36" uid="2924920" lat="35.0256201" lon="126.8350377"/>
 <node id="3926562125" visible="true" version="1" changeset="36353052" timestamp="2016-01-04T06:41:37Z" user="maphunter36" uid="2924920" lat="35.0252759" lon="126.8339450"/>
 <node id="3926562126" visible="true" version="2" changeset="141946090" timestamp="2023-09-30T10:57:45Z" user="FUKUTAN" uid="5207199" lat="35.0234507" lon="126.8339018"/>
 <node id="3926562127" visible="true" version="1" changeset="36353052" timestamp="2016-01-04T06:41:37Z" user="maphunter36" uid="2924920" lat="35.0219258" lon="126.8327681"/>
 <node id="3926562128" visible="true" version="1" changeset="36353052" timestamp="2016-01-04T06:41:37Z" user="maphunter36" uid="2924920" lat="35.0195393" lon="126.8308534"/>
 <node id="3926562129" visible="true" version="2" changeset="127249438" timestamp="2022-10-09T13:41:08Z" user="야광멧돼지" uid="12393144" lat="35.0201397" lon="126.8294365"/>
 <node id="3926562130" visible="true" version="1" changeset="36353052" timestamp="2016-01-04T06:41:37Z" user="maphunter36" uid="2924920" lat="35.0166173" lon="126.8309748"/>
 <node id="3926562131" visible="true" version="1" changeset="36353052" timestamp="2016-01-04T06:41:37Z" user="maphunter36" uid="2924920" lat="35.0153628" lon="126.8309188"/>
 <node id="3926562133" visible="true" version="4" changeset="149486328" timestamp="2024-04-02T15:09:19Z" user="야광멧돼지" uid="12393144" lat="35.0146959" lon="126.8373909"/>
 <node id="3926562134" visible="true" version="1" changeset="36353052" timestamp="2016-01-04T06:41:37Z" user="maphunter36" uid="2924920" lat="35.0147968" lon="126.8379144"/>
 <node id="3926562135" visible="true" version="1" changeset="36353052" timestamp="2016-01-04T06:41:37Z" user="maphunter36" uid="2924920" lat="35.0175429" lon="126.8387737"/>
 <node id="3926562136" visible="true" version="1" changeset="36353052" timestamp="2016-01-04T06:41:37Z" user="maphunter36" uid="2924920" lat="35.0172140" lon="126.8365882"/>
 <node id="3926562137" visible="true" version="1" changeset="36353052" timestamp="2016-01-04T06:41:37Z" user="maphunter36" uid="2924920" lat="35.0166785" lon="126.8356729"/>
 <node id="3926562138" visible="true" version="1" changeset="36353052" timestamp="2016-01-04T06:41:37Z" user="maphunter36" uid="2924920" lat="35.0153169" lon="126.8348883"/>
 <node id="3926562139" visible="true" version="1" changeset="36353052" timestamp="2016-01-04T06:41:37Z" user="maphunter36" uid="2924920" lat="35.0158906" lon="126.8340290"/>
 <node id="3926562140" visible="true" version="1" changeset="36353052" timestamp="2016-01-04T06:41:37Z" user="maphunter36" uid="2924920" lat="35.0172446" lon="126.8346361"/>
 <node id="3926562141" visible="true" version="2" changeset="154920955" timestamp="2024-08-07T07:08:32Z" user="morago" uid="11113946" lat="35.0181328" lon="126.8376744"/>
 <node id="3926562142" visible="true" version="2" changeset="154920955" timestamp="2024-08-07T07:08:32Z" user="morago" uid="11113946" lat="35.0190768" lon="126.8401707"/>
 <node id="3926562143" visible="true" version="1" changeset="36353052" timestamp="2016-01-04T06:41:37Z" user="maphunter36" uid="2924920" lat="35.0205872" lon="126.8413516"/>
 <node id="3926562144" visible="true" version="1" changeset="36353052" timestamp="2016-01-04T06:41:37Z" user="maphunter36" uid="2924920" lat="35.0211685" lon="126.8428086"/>
 <node id="3926562145" visible="true" version="1" changeset="36353052" timestamp="2016-01-04T06:41:37Z" user="maphunter36" uid="2924920" lat="35.0222853" lon="126.8419867"/>
 <node id="3926562146" visible="true" version="1" changeset="36353052" timestamp="2016-01-04T06:41:37Z" user="maphunter36" uid="2924920" lat="35.0235626" lon="126.8435558"/>
 <node id="3926562147" visible="true" version="1" changeset="36353052" timestamp="2016-01-04T06:41:37Z" user="maphunter36" uid="2924920" lat="35.0230425" lon="126.8448914"/>
 <node id="3926562148" visible="true" version="1" changeset="36353052" timestamp="2016-01-04T06:41:37Z" user="maphunter36" uid="2924920" lat="35.0216504" lon="126.8445739"/>
 <node id="3926562149" visible="true" version="1" changeset="36353052" timestamp="2016-01-04T06:41:37Z" user="maphunter36" uid="2924920" lat="35.0211456" lon="126.8478522"/>
 <node id="3926562150" visible="true" version="1" changeset="36353052" timestamp="2016-01-04T06:41:37Z" user="maphunter36" uid="2924920" lat="35.0212221" lon="126.8503273"/>
 <node id="3926562151" visible="true" version="1" changeset="36353052" timestamp="2016-01-04T06:41:37Z" user="maphunter36" uid="2924920" lat="35.0225147" lon="126.8524008"/>
 <node id="3926562152" visible="true" version="2" changeset="127249438" timestamp="2022-10-09T13:41:08Z" user="야광멧돼지" uid="12393144" lat="35.0235249" lon="126.8513353"/>
 <node id="3926562153" visible="true" version="1" changeset="36353052" timestamp="2016-01-04T06:41:37Z" user="maphunter36" uid="2924920" lat="35.0251765" lon="126.8537551"/>
 <node id="3926562154" visible="true" version="1" changeset="36353052" timestamp="2016-01-04T06:41:37Z" user="maphunter36" uid="2924920" lat="35.0252912" lon="126.8544462"/>
 <node id="3926562155" visible="true" version="1" changeset="36353052" timestamp="2016-01-04T06:41:37Z" user="maphunter36" uid="2924920" lat="35.0276775" lon="126.8553149"/>
 <node id="3926562156" visible="true" version="2" changeset="127249438" timestamp="2022-10-09T13:41:08Z" user="야광멧돼지" uid="12393144" lat="35.0278828" lon="126.8547694"/>
 <node id="3926562257" visible="true" version="2" changeset="127249438" timestamp="2022-10-09T13:41:08Z" user="야광멧돼지" uid="12393144" lat="35.0282138" lon="126.8544243"/>
 <node id="3926562258" visible="true" version="2" changeset="127249438" timestamp="2022-10-09T13:41:08Z" user="야광멧돼지" uid="12393144" lat="35.0282544" lon="126.8539953"/>
 <node id="3926562259" visible="true" version="2" changeset="127249438" timestamp="2022-10-09T13:41:08Z" user="야광멧돼지" uid="12393144" lat="35.0296199" lon="126.8502639"/>
 <node id="3926562260" visible="true" version="1" changeset="36353052" timestamp="2016-01-04T06:41:37Z" user="maphunter36" uid="2924920" lat="35.0307750" lon="126.8520178"/>
 <node id="3926562261" visible="true" version="1" changeset="36353052" timestamp="2016-01-04T06:41:37Z" user="maphunter36" uid="2924920" lat="35.0314480" lon="126.8505982"/>
 <node id="3926562262" visible="true" version="1" changeset="36353052" timestamp="2016-01-04T06:41:37Z" user="maphunter36" uid="2924920" lat="35.0317539" lon="126.8501312"/>
 <node id="3926562263" visible="true" version="1" changeset="36353052" timestamp="2016-01-04T06:41:37Z" user="maphunter36" uid="2924920" lat="35.0305914" lon="126.8494774"/>
 <node id="3926562264" visible="true" version="1" changeset="36353052" timestamp="2016-01-04T06:41:38Z" user="maphunter36" uid="2924920" lat="35.0302167" lon="126.8481324"/>
 <node id="3926562265" visible="true" version="1" changeset="36353052" timestamp="2016-01-04T06:41:38Z" user="maphunter36" uid="2924920" lat="35.0308209" lon="126.8481324"/>
 <node id="3926562266" visible="true" version="1" changeset="36353052" timestamp="2016-01-04T06:41:38Z" user="maphunter36" uid="2924920" lat="35.0315933" lon="126.8486274"/>
 <node id="3926562268" visible="true" version="1" changeset="36353052" timestamp="2016-01-04T06:41:38Z" user="maphunter36" uid="2924920" lat="35.0113314" lon="126.8466309"/>
 <node id="3926562269" visible="true" version="1" changeset="36353052" timestamp="2016-01-04T06:41:38Z" user="maphunter36" uid="2924920" lat="35.0108657" lon="126.8484012"/>
 <node id="3926562270" visible="true" version="1" changeset="36353052" timestamp="2016-01-04T06:41:38Z" user="maphunter36" uid="2924920" lat="35.0120783" lon="126.8500963"/>
 <node id="3926562271" visible="true" version="1" changeset="36353052" timestamp="2016-01-04T06:41:38Z" user="maphunter36" uid="2924920" lat="35.0123507" lon="126.8534437"/>
 <node id="3926562272" visible="true" version="1" changeset="36353052" timestamp="2016-01-04T06:41:38Z" user="maphunter36" uid="2924920" lat="35.0142136" lon="126.8525639"/>
 <node id="3926562273" visible="true" version="1" changeset="36353052" timestamp="2016-01-04T06:41:38Z" user="maphunter36" uid="2924920" lat="35.0166739" lon="126.8521563"/>
 <node id="3926562274" visible="true" version="1" changeset="36353052" timestamp="2016-01-04T06:41:38Z" user="maphunter36" uid="2924920" lat="35.0192660" lon="126.8526283"/>
 <node id="3926562275" visible="true" version="1" changeset="36353052" timestamp="2016-01-04T06:41:38Z" user="maphunter36" uid="2924920" lat="35.0196614" lon="126.8526927"/>
 <node id="3926562276" visible="true" version="2" changeset="127249438" timestamp="2022-10-09T13:41:08Z" user="야광멧돼지" uid="12393144" lat="35.0189297" lon="126.8501517"/>
 <node id="3926562277" visible="true" version="1" changeset="36353052" timestamp="2016-01-04T06:41:38Z" user="maphunter36" uid="2924920" lat="35.0189760" lon="126.8495062"/>
 <node id="3926562278" visible="true" version="1" changeset="36353052" timestamp="2016-01-04T06:41:38Z" user="maphunter36" uid="2924920" lat="35.0174911" lon="126.8500105"/>
 <node id="3926562279" visible="true" version="1" changeset="36353052" timestamp="2016-01-04T06:41:38Z" user="maphunter36" uid="2924920" lat="35.0175965" lon="126.8487659"/>
 <node id="3926562280" visible="true" version="1" changeset="36353052" timestamp="2016-01-04T06:41:38Z" user="maphunter36" uid="2924920" lat="35.0180271" lon="126.8481866"/>
 <node id="3926562281" visible="true" version="1" changeset="36353052" timestamp="2016-01-04T06:41:38Z" user="maphunter36" uid="2924920" lat="35.0178250" lon="126.8468133"/>
 <node id="3926562282" visible="true" version="1" changeset="36353052" timestamp="2016-01-04T06:41:38Z" user="maphunter36" uid="2924920" lat="35.0167794" lon="126.8462983"/>
 <node id="3926562283" visible="true" version="1" changeset="36353052" timestamp="2016-01-04T06:41:38Z" user="maphunter36" uid="2924920" lat="35.0152856" lon="126.8463412"/>
 <node id="3926562284" visible="true" version="1" changeset="36353052" timestamp="2016-01-04T06:41:38Z" user="maphunter36" uid="2924920" lat="35.0151538" lon="126.8460194"/>
 <node id="3926562287" visible="true" version="1" changeset="36353052" timestamp="2016-01-04T06:41:38Z" user="maphunter36" uid="2924920" lat="35.0352824" lon="126.8704134"/>
 <node id="3926562288" visible="true" version="1" changeset="36353052" timestamp="2016-01-04T06:41:38Z" user="maphunter36" uid="2924920" lat="35.0367049" lon="126.8679663"/>
 <node id="3926562289" visible="true" version="1" changeset="36353052" timestamp="2016-01-04T06:41:38Z" user="maphunter36" uid="2924920" lat="35.0376684" lon="126.8661730"/>
 <node id="3926562290" visible="true" version="1" changeset="36353052" timestamp="2016-01-04T06:41:38Z" user="maphunter36" uid="2924920" lat="35.0384638" lon="126.8648654"/>
 <node id="3926562291" visible="true" version="1" changeset="36353052" timestamp="2016-01-04T06:41:38Z" user="maphunter36" uid="2924920" lat="35.0389685" lon="126.8635765"/>
 <node id="3926562292" visible="true" version="2" changeset="161235683" timestamp="2025-01-11T11:38:19Z" user="FUKUTAN" uid="5207199" lat="35.0383418" lon="126.8622946"/>
 <node id="3926562293" visible="true" version="1" changeset="36353052" timestamp="2016-01-04T06:41:38Z" user="maphunter36" uid="2924920" lat="35.0358025" lon="126.8636886"/>
 <node id="3926562294" visible="true" version="1" changeset="36353052" timestamp="2016-01-04T06:41:38Z" user="maphunter36" uid="2924920" lat="35.0330187" lon="126.8641929"/>
 <node id="3926562295" visible="true" version="1" changeset="36353052" timestamp="2016-01-04T06:41:38Z" user="maphunter36" uid="2924920" lat="35.0296536" lon="126.8641743"/>
 <node id="3926562296" visible="true" version="1" changeset="36353052" timestamp="2016-01-04T06:41:38Z" user="maphunter36" uid="2924920" lat="35.0275886" lon="126.8635018"/>
 <node id="3926562297" visible="true" version="1" changeset="36353052" timestamp="2016-01-04T06:41:38Z" user="maphunter36" uid="2924920" lat="35.0267779" lon="126.8645105"/>
 <node id="3926562298" visible="true" version="1" changeset="36353052" timestamp="2016-01-04T06:41:38Z" user="maphunter36" uid="2924920" lat="35.0253859" lon="126.8650896"/>
 <node id="3926562299" visible="true" version="3" changeset="127249438" timestamp="2022-10-09T13:41:08Z" user="야광멧돼지" uid="12393144" lat="35.0246017" lon="126.8652339"/>
 <node id="3926562300" visible="true" version="1" changeset="36353052" timestamp="2016-01-04T06:41:38Z" user="maphunter36" uid="2924920" lat="35.0225712" lon="126.8649215"/>
 <node id="3926562301" visible="true" version="2" changeset="64423449" timestamp="2018-11-12T22:42:16Z" user="maphunter36" uid="2924920" lat="35.0213864" lon="126.8638734"/>
 <node id="3926562302" visible="true" version="2" changeset="64423449" timestamp="2018-11-12T22:42:16Z" user="maphunter36" uid="2924920" lat="35.0201388" lon="126.8629041"/>
 <node id="3926562303" visible="true" version="2" changeset="64423449" timestamp="2018-11-12T22:42:16Z" user="maphunter36" uid="2924920" lat="35.0194657" lon="126.8647814"/>
 <node id="3926562304" visible="true" version="2" changeset="64423449" timestamp="2018-11-12T22:42:16Z" user="maphunter36" uid="2924920" lat="35.0205283" lon="126.8669823"/>
 <node id="3926562305" visible="true" version="2" changeset="64423449" timestamp="2018-11-12T22:42:16Z" user="maphunter36" uid="2924920" lat="35.0225768" lon="126.8689515"/>
 <node id="3926562306" visible="true" version="1" changeset="36353052" timestamp="2016-01-04T06:41:38Z" user="maphunter36" uid="2924920" lat="35.0248046" lon="126.8704321"/>
 <node id="3926562307" visible="true" version="1" changeset="36353052" timestamp="2016-01-04T06:41:38Z" user="maphunter36" uid="2924920" lat="35.0259060" lon="126.8724308"/>
 <node id="3926562308" visible="true" version="1" changeset="36353052" timestamp="2016-01-04T06:41:38Z" user="maphunter36" uid="2924920" lat="35.0274509" lon="126.8759426"/>
 <node id="4015670868" visible="true" version="1" changeset="37321187" timestamp="2016-02-20T00:56:56Z" user="maphunter36" uid="2924920" lat="34.8708421" lon="126.9994133"/>
 <node id="4015670869" visible="true" version="1" changeset="37321187" timestamp="2016-02-20T00:56:56Z" user="maphunter36" uid="2924920" lat="34.8711757" lon="126.9966403"/>
 <node id="4015670870" visible="true" version="2" changeset="48489608" timestamp="2017-05-08T03:45:14Z" user="FUKUTAN" uid="5207199" lat="34.8716544" lon="126.9945823"/>
 <node id="4015670871" visible="true" version="1" changeset="37321187" timestamp="2016-02-20T00:56:56Z" user="maphunter36" uid="2924920" lat="34.8723689" lon="126.9931402"/>
 <node id="4015670872" visible="true" version="1" changeset="37321187" timestamp="2016-02-20T00:56:56Z" user="maphunter36" uid="2924920" lat="34.8737844" lon="126.9933498"/>
 <node id="4015670873" visible="true" version="1" changeset="37321187" timestamp="2016-02-20T00:56:56Z" user="maphunter36" uid="2924920" lat="34.8752505" lon="126.9940029"/>
 <node id="4015670874" visible="true" version="1" changeset="37321187" timestamp="2016-02-20T00:56:57Z" user="maphunter36" uid="2924920" lat="34.8765143" lon="126.9939413"/>
 <node id="4015670875" visible="true" version="1" changeset="37321187" timestamp="2016-02-20T00:56:57Z" user="maphunter36" uid="2924920" lat="34.8777175" lon="126.9930293"/>
 <node id="4015670876" visible="true" version="1" changeset="37321187" timestamp="2016-02-20T00:56:57Z" user="maphunter36" uid="2924920" lat="34.8787892" lon="126.9924008"/>
 <node id="4015670877" visible="true" version="2" changeset="48444372" timestamp="2017-05-06T05:55:32Z" user="FUKUTAN" uid="5207199" lat="34.8794888" lon="126.9921489"/>
 <node id="4015670878" visible="true" version="2" changeset="48444372" timestamp="2017-05-06T05:55:32Z" user="FUKUTAN" uid="5207199" lat="34.8802843" lon="126.9929445"/>
 <node id="4015670879" visible="true" version="2" changeset="48444372" timestamp="2017-05-06T05:55:32Z" user="FUKUTAN" uid="5207199" lat="34.8813516" lon="126.9939933"/>
 <node id="4015670880" visible="true" version="2" changeset="48444372" timestamp="2017-05-06T05:55:32Z" user="FUKUTAN" uid="5207199" lat="34.8817211" lon="126.9932635"/>
 <node id="4015670881" visible="true" version="2" changeset="48489608" timestamp="2017-05-08T03:45:14Z" user="FUKUTAN" uid="5207199" lat="34.8819502" lon="126.9903797"/>
 <node id="4015670882" visible="true" version="2" changeset="48489608" timestamp="2017-05-08T03:45:14Z" user="FUKUTAN" uid="5207199" lat="34.8819046" lon="126.9896436"/>
 <node id="4015670883" visible="true" version="2" changeset="48489608" timestamp="2017-05-08T03:45:14Z" user="FUKUTAN" uid="5207199" lat="34.8824168" lon="126.9861389"/>
 <node id="4015670884" visible="true" version="2" changeset="48489608" timestamp="2017-05-08T03:45:14Z" user="FUKUTAN" uid="5207199" lat="34.8828928" lon="126.9849587"/>
 <node id="4015670885" visible="true" version="2" changeset="48489608" timestamp="2017-05-08T03:45:14Z" user="FUKUTAN" uid="5207199" lat="34.8834813" lon="126.9841878"/>
 <node id="4015670886" visible="true" version="1" changeset="37321187" timestamp="2016-02-20T00:56:57Z" user="maphunter36" uid="2924920" lat="34.8838947" lon="126.9840080"/>
 <node id="4015670887" visible="true" version="1" changeset="37321187" timestamp="2016-02-20T00:56:57Z" user="maphunter36" uid="2924920" lat="34.8851786" lon="126.9841313"/>
 <node id="4015670888" visible="true" version="1" changeset="37321187" timestamp="2016-02-20T00:56:57Z" user="maphunter36" uid="2924920" lat="34.8866748" lon="126.9844763"/>
 <node id="4015670889" visible="true" version="1" changeset="37321187" timestamp="2016-02-20T00:56:57Z" user="maphunter36" uid="2924920" lat="34.8886461" lon="126.9858690"/>
 <node id="4015670890" visible="true" version="1" changeset="37321187" timestamp="2016-02-20T00:56:57Z" user="maphunter36" uid="2924920" lat="34.8900513" lon="126.9865961"/>
 <node id="4015670891" visible="true" version="1" changeset="37321187" timestamp="2016-02-20T00:56:57Z" user="maphunter36" uid="2924920" lat="34.8922550" lon="126.9870274"/>
 <node id="4015670892" visible="true" version="1" changeset="37321187" timestamp="2016-02-20T00:56:57Z" user="maphunter36" uid="2924920" lat="34.8939128" lon="126.9871260"/>
 <node id="4015670893" visible="true" version="1" changeset="37321187" timestamp="2016-02-20T00:56:57Z" user="maphunter36" uid="2924920" lat="34.8960154" lon="126.9867193"/>
 <node id="4015670894" visible="true" version="1" changeset="37321187" timestamp="2016-02-20T00:56:57Z" user="maphunter36" uid="2924920" lat="34.8995329" lon="126.9855978"/>
 <node id="4015670895" visible="true" version="1" changeset="37321187" timestamp="2016-02-20T00:56:57Z" user="maphunter36" uid="2924920" lat="34.9020093" lon="126.9843284"/>
 <node id="4015670896" visible="true" version="1" changeset="37321187" timestamp="2016-02-20T00:56:57Z" user="maphunter36" uid="2924920" lat="34.9039903" lon="126.9826893"/>
 <node id="4015670897" visible="true" version="1" changeset="37321187" timestamp="2016-02-20T00:56:57Z" user="maphunter36" uid="2924920" lat="34.9067397" lon="126.9804840"/>
 <node id="4015670898" visible="true" version="1" changeset="37321187" timestamp="2016-02-20T00:56:57Z" user="maphunter36" uid="2924920" lat="34.9077779" lon="126.9800978"/>
 <node id="4015670899" visible="true" version="1" changeset="37321187" timestamp="2016-02-20T00:56:57Z" user="maphunter36" uid="2924920" lat="34.9094496" lon="126.9799690"/>
 <node id="4015670900" visible="true" version="2" changeset="118862602" timestamp="2022-03-24T12:21:26Z" user="FUKUTAN" uid="5207199" lat="34.9141045" lon="126.9829705"/>
 <node id="4015670901" visible="true" version="1" changeset="37321187" timestamp="2016-02-20T00:56:57Z" user="maphunter36" uid="2924920" lat="34.9157313" lon="126.9847326"/>
 <node id="4015670902" visible="true" version="2" changeset="118862602" timestamp="2022-03-24T12:21:26Z" user="FUKUTAN" uid="5207199" lat="34.9181279" lon="126.9864783"/>
 <node id="4015670903" visible="true" version="1" changeset="37321187" timestamp="2016-02-20T00:56:57Z" user="maphunter36" uid="2924920" lat="34.9189864" lon="126.9866853"/>
 <node id="4015670904" visible="true" version="1" changeset="37321187" timestamp="2016-02-20T00:56:57Z" user="maphunter36" uid="2924920" lat="34.9216607" lon="126.9862132"/>
 <node id="4015670905" visible="true" version="1" changeset="37321187" timestamp="2016-02-20T00:56:57Z" user="maphunter36" uid="2924920" lat="34.9237016" lon="126.9854407"/>
 <node id="4015670906" visible="true" version="2" changeset="60094437" timestamp="2018-06-23T08:04:03Z" user="lorenzo23622" uid="476483" lat="34.9246379" lon="126.9855267"/>
 <node id="4015670907" visible="true" version="2" changeset="60094437" timestamp="2018-06-23T08:04:03Z" user="lorenzo23622" uid="476483" lat="34.9264033" lon="126.9856337"/>
 <node id="4015670909" visible="true" version="2" changeset="60094437" timestamp="2018-06-23T08:04:03Z" user="lorenzo23622" uid="476483" lat="34.9274352" lon="126.9859330"/>
 <node id="4015670910" visible="true" version="2" changeset="74961201" timestamp="2019-09-26T13:16:29Z" user="FUKUTAN" uid="5207199" lat="34.9283737" lon="126.9860351"/>
 <node id="4015670911" visible="true" version="2" changeset="118862602" timestamp="2022-03-24T12:21:26Z" user="FUKUTAN" uid="5207199" lat="34.9312054" lon="126.9860252"/>
 <node id="4015670912" visible="true" version="1" changeset="37321187" timestamp="2016-02-20T00:56:57Z" user="maphunter36" uid="2924920" lat="34.9338348" lon="126.9869428"/>
 <node id="4015670913" visible="true" version="3" changeset="118862602" timestamp="2022-03-24T12:21:26Z" user="FUKUTAN" uid="5207199" lat="34.9371776" lon="126.9887851"/>
 <node id="4015670914" visible="true" version="1" changeset="37321187" timestamp="2016-02-20T00:56:57Z" user="maphunter36" uid="2924920" lat="34.9380214" lon="126.9926076"/>
 <node id="4015670915" visible="true" version="1" changeset="37321187" timestamp="2016-02-20T00:56:57Z" user="maphunter36" uid="2924920" lat="34.9389185" lon="126.9948606"/>
 <node id="4015670916" visible="true" version="1" changeset="37321187" timestamp="2016-02-20T00:56:57Z" user="maphunter36" uid="2924920" lat="34.9405016" lon="126.9959121"/>
 <node id="4015670917" visible="true" version="2" changeset="48500572" timestamp="2017-05-08T12:24:55Z" user="FUKUTAN" uid="5207199" lat="34.9430300" lon="126.9952505"/>
 <node id="4015670918" visible="true" version="1" changeset="37321187" timestamp="2016-02-20T00:56:57Z" user="maphunter36" uid="2924920" lat="34.9435094" lon="126.9948392"/>
 <node id="4015670919" visible="true" version="1" changeset="37321187" timestamp="2016-02-20T00:56:57Z" user="maphunter36" uid="2924920" lat="34.9435094" lon="126.9929938"/>
 <node id="4015670920" visible="true" version="1" changeset="37321187" timestamp="2016-02-20T00:56:57Z" user="maphunter36" uid="2924920" lat="34.9426124" lon="126.9912128"/>
 <node id="4015670921" visible="true" version="1" changeset="37321187" timestamp="2016-02-20T00:56:57Z" user="maphunter36" uid="2924920" lat="34.9416625" lon="126.9896679"/>
 <node id="4015670922" visible="true" version="2" changeset="118862602" timestamp="2022-03-24T12:21:26Z" user="FUKUTAN" uid="5207199" lat="34.9410433" lon="126.9882707"/>
 <node id="4015670923" visible="true" version="1" changeset="37321187" timestamp="2016-02-20T00:56:57Z" user="maphunter36" uid="2924920" lat="34.9407830" lon="126.9865565"/>
 <node id="4015670924" visible="true" version="1" changeset="37321187" timestamp="2016-02-20T00:56:57Z" user="maphunter36" uid="2924920" lat="34.9405368" lon="126.9844751"/>
 <node id="4015670925" visible="true" version="2" changeset="48500572" timestamp="2017-05-08T12:24:55Z" user="FUKUTAN" uid="5207199" lat="34.9407943" lon="126.9813495"/>
 <node id="4015670926" visible="true" version="2" changeset="48500572" timestamp="2017-05-08T12:24:55Z" user="FUKUTAN" uid="5207199" lat="34.9414834" lon="126.9805228"/>
 <node id="4015670927" visible="true" version="2" changeset="48500572" timestamp="2017-05-08T12:24:55Z" user="FUKUTAN" uid="5207199" lat="34.9426330" lon="126.9784546"/>
 <node id="4015670928" visible="true" version="2" changeset="48500572" timestamp="2017-05-08T12:24:55Z" user="FUKUTAN" uid="5207199" lat="34.9426092" lon="126.9780717"/>
 <node id="4015670929" visible="true" version="2" changeset="48500572" timestamp="2017-05-08T12:24:55Z" user="FUKUTAN" uid="5207199" lat="34.9415623" lon="126.9760350"/>
 <node id="4015670930" visible="true" version="2" changeset="48500572" timestamp="2017-05-08T12:24:55Z" user="FUKUTAN" uid="5207199" lat="34.9416500" lon="126.9747786"/>
 <node id="4015670931" visible="true" version="1" changeset="37321187" timestamp="2016-02-20T00:56:57Z" user="maphunter36" uid="2924920" lat="34.9423309" lon="126.9717293"/>
 <node id="4015670932" visible="true" version="2" changeset="48444206" timestamp="2017-05-06T05:43:31Z" user="FUKUTAN" uid="5207199" lat="34.9450065" lon="126.9684878"/>
 <node id="4015670933" visible="true" version="1" changeset="37321187" timestamp="2016-02-20T00:56:57Z" user="maphunter36" uid="2924920" lat="34.9462357" lon="126.9684248"/>
 <node id="4015670934" visible="true" version="1" changeset="37321187" timestamp="2016-02-20T00:56:57Z" user="maphunter36" uid="2924920" lat="34.9482584" lon="126.9692616"/>
 <node id="4015670935" visible="true" version="1" changeset="37321187" timestamp="2016-02-20T00:56:57Z" user="maphunter36" uid="2924920" lat="34.9520749" lon="126.9726090"/>
 <node id="4015670936" visible="true" version="1" changeset="37321187" timestamp="2016-02-20T00:56:57Z" user="maphunter36" uid="2924920" lat="34.9542030" lon="126.9741325"/>
 <node id="4015670937" visible="true" version="2" changeset="48444206" timestamp="2017-05-06T05:43:31Z" user="FUKUTAN" uid="5207199" lat="34.9570334" lon="126.9746859"/>
 <node id="4015670938" visible="true" version="2" changeset="48444206" timestamp="2017-05-06T05:43:31Z" user="FUKUTAN" uid="5207199" lat="34.9637616" lon="126.9731252"/>
 <node id="4015670939" visible="true" version="1" changeset="37321187" timestamp="2016-02-20T00:56:57Z" user="maphunter36" uid="2924920" lat="34.9642269" lon="126.9726305"/>
 <node id="4015670940" visible="true" version="1" changeset="37321187" timestamp="2016-02-20T00:56:57Z" user="maphunter36" uid="2924920" lat="34.9677262" lon="126.9696908"/>
 <node id="4015670941" visible="true" version="1" changeset="37321187" timestamp="2016-02-20T00:56:57Z" user="maphunter36" uid="2924920" lat="34.9686406" lon="126.9684248"/>
 <node id="4015670942" visible="true" version="1" changeset="37321187" timestamp="2016-02-20T00:56:57Z" user="maphunter36" uid="2924920" lat="34.9711902" lon="126.9646053"/>
 <node id="4015670943" visible="true" version="1" changeset="37321187" timestamp="2016-02-20T00:56:58Z" user="maphunter36" uid="2924920" lat="34.9731771" lon="126.9621806"/>
 <node id="4015670944" visible="true" version="1" changeset="37321187" timestamp="2016-02-20T00:56:58Z" user="maphunter36" uid="2924920" lat="34.9745133" lon="126.9616871"/>
 <node id="4015670945" visible="true" version="1" changeset="37321187" timestamp="2016-02-20T00:56:58Z" user="maphunter36" uid="2924920" lat="34.9766408" lon="126.9627814"/>
 <node id="4015670946" visible="true" version="1" changeset="37321187" timestamp="2016-02-20T00:56:58Z" user="maphunter36" uid="2924920" lat="34.9797352" lon="126.9662361"/>
 <node id="4015670947" visible="true" version="1" changeset="37321187" timestamp="2016-02-20T00:56:58Z" user="maphunter36" uid="2924920" lat="34.9841656" lon="126.9674806"/>
 <node id="4015670948" visible="true" version="1" changeset="37321187" timestamp="2016-02-20T00:56:58Z" user="maphunter36" uid="2924920" lat="34.9878750" lon="126.9674806"/>
 <node id="4015670949" visible="true" version="1" changeset="37321187" timestamp="2016-02-20T00:56:58Z" user="maphunter36" uid="2924920" lat="34.9906526" lon="126.9668155"/>
 <node id="4015670950" visible="true" version="1" changeset="37321187" timestamp="2016-02-20T00:56:58Z" user="maphunter36" uid="2924920" lat="34.9937288" lon="126.9650988"/>
 <node id="4015670951" visible="true" version="1" changeset="37321187" timestamp="2016-02-20T00:56:58Z" user="maphunter36" uid="2924920" lat="34.9972620" lon="126.9612794"/>
 <node id="4015670952" visible="true" version="2" changeset="54944801" timestamp="2017-12-27T02:43:05Z" user="FUKUTAN" uid="5207199" lat="34.9984223" lon="126.9595847"/>
 <node id="4015670953" visible="true" version="1" changeset="37321187" timestamp="2016-02-20T00:56:58Z" user="maphunter36" uid="2924920" lat="35.0017266" lon="126.9559579"/>
 <node id="4015670954" visible="true" version="1" changeset="37321187" timestamp="2016-02-20T00:56:58Z" user="maphunter36" uid="2924920" lat="35.0044510" lon="126.9538121"/>
 <node id="4033577647" visible="true" version="1" changeset="37529747" timestamp="2016-02-29T20:26:06Z" user="maphunter36" uid="2924920" lat="35.0445397" lon="126.8838992"/>
 <node id="4033577648" visible="true" version="1" changeset="37529747" timestamp="2016-02-29T20:26:06Z" user="maphunter36" uid="2924920" lat="35.0448700" lon="126.8827950"/>
 <node id="4033577649" visible="true" version="1" changeset="37529747" timestamp="2016-02-29T20:26:06Z" user="maphunter36" uid="2924920" lat="35.0458088" lon="126.8821083"/>
 <node id="4033577650" visible="true" version="1" changeset="37529747" timestamp="2016-02-29T20:26:06Z" user="maphunter36" uid="2924920" lat="35.0469389" lon="126.8819809"/>
 <node id="4033577651" visible="true" version="1" changeset="37529747" timestamp="2016-02-29T20:26:06Z" user="maphunter36" uid="2924920" lat="35.0472808" lon="126.8813793"/>
 <node id="4033577652" visible="true" version="1" changeset="37529747" timestamp="2016-02-29T20:26:06Z" user="maphunter36" uid="2924920" lat="35.0477733" lon="126.8805299"/>
 <node id="4033577653" visible="true" version="1" changeset="37529747" timestamp="2016-02-29T20:26:06Z" user="maphunter36" uid="2924920" lat="35.0490076" lon="126.8789726"/>
 <node id="4033577654" visible="true" version="1" changeset="37529747" timestamp="2016-02-29T20:26:06Z" user="maphunter36" uid="2924920" lat="35.0490308" lon="126.8770190"/>
 <node id="4033577655" visible="true" version="1" changeset="37529747" timestamp="2016-02-29T20:26:06Z" user="maphunter36" uid="2924920" lat="35.0493553" lon="126.8766084"/>
 <node id="4033577656" visible="true" version="1" changeset="37529747" timestamp="2016-02-29T20:26:06Z" user="maphunter36" uid="2924920" lat="35.0495292" lon="126.8755538"/>
 <node id="4033577657" visible="true" version="1" changeset="37529747" timestamp="2016-02-29T20:26:06Z" user="maphunter36" uid="2924920" lat="35.0499464" lon="126.8740390"/>
 <node id="4033577658" visible="true" version="1" changeset="37529747" timestamp="2016-02-29T20:26:06Z" user="maphunter36" uid="2924920" lat="35.0499174" lon="126.8732250"/>
 <node id="4033577659" visible="true" version="1" changeset="37529747" timestamp="2016-02-29T20:26:06Z" user="maphunter36" uid="2924920" lat="35.0501376" lon="126.8723897"/>
 <node id="4033577660" visible="true" version="1" changeset="37529747" timestamp="2016-02-29T20:26:06Z" user="maphunter36" uid="2924920" lat="35.0504274" lon="126.8714978"/>
 <node id="4033577661" visible="true" version="1" changeset="37529747" timestamp="2016-02-29T20:26:06Z" user="maphunter36" uid="2924920" lat="35.0506476" lon="126.8706201"/>
 <node id="4033577662" visible="true" version="1" changeset="37529747" timestamp="2016-02-29T20:26:06Z" user="maphunter36" uid="2924920" lat="35.0513081" lon="126.8695442"/>
 <node id="4033577663" visible="true" version="1" changeset="37529747" timestamp="2016-02-29T20:26:06Z" user="maphunter36" uid="2924920" lat="35.0516732" lon="126.8689709"/>
 <node id="4033577664" visible="true" version="1" changeset="37529747" timestamp="2016-02-29T20:26:06Z" user="maphunter36" uid="2924920" lat="35.0515052" lon="126.8681852"/>
 <node id="4033577665" visible="true" version="1" changeset="37529747" timestamp="2016-02-29T20:26:06Z" user="maphunter36" uid="2924920" lat="35.0513661" lon="126.8677675"/>
 <node id="4033577666" visible="true" version="1" changeset="37529747" timestamp="2016-02-29T20:26:06Z" user="maphunter36" uid="2924920" lat="35.0510532" lon="126.8676614"/>
 <node id="4033577667" visible="true" version="1" changeset="37529747" timestamp="2016-02-29T20:26:07Z" user="maphunter36" uid="2924920" lat="35.0504216" lon="126.8672225"/>
 <node id="4033577668" visible="true" version="1" changeset="37529747" timestamp="2016-02-29T20:26:07Z" user="maphunter36" uid="2924920" lat="35.0502014" lon="126.8667978"/>
 <node id="4033577669" visible="true" version="1" changeset="37529747" timestamp="2016-02-29T20:26:07Z" user="maphunter36" uid="2924920" lat="35.0498827" lon="126.8666208"/>
 <node id="4033577670" visible="true" version="1" changeset="37529747" timestamp="2016-02-29T20:26:07Z" user="maphunter36" uid="2924920" lat="35.0494886" lon="126.8663306"/>
 <node id="4033577671" visible="true" version="1" changeset="37529747" timestamp="2016-02-29T20:26:07Z" user="maphunter36" uid="2924920" lat="35.0491119" lon="126.8667341"/>
 <node id="4033577672" visible="true" version="1" changeset="37529747" timestamp="2016-02-29T20:26:07Z" user="maphunter36" uid="2924920" lat="35.0487874" lon="126.8664368"/>
 <node id="4033577673" visible="true" version="1" changeset="37529747" timestamp="2016-02-29T20:26:07Z" user="maphunter36" uid="2924920" lat="35.0489497" lon="126.8655874"/>
 <node id="4033577674" visible="true" version="1" changeset="37529747" timestamp="2016-02-29T20:26:07Z" user="maphunter36" uid="2924920" lat="35.0488106" lon="126.8652051"/>
 <node id="4033577675" visible="true" version="1" changeset="37529747" timestamp="2016-02-29T20:26:07Z" user="maphunter36" uid="2924920" lat="35.0484629" lon="126.8649291"/>
 <node id="4033577676" visible="true" version="1" changeset="37529747" timestamp="2016-02-29T20:26:07Z" user="maphunter36" uid="2924920" lat="35.0480515" lon="126.8645044"/>
 <node id="4033577677" visible="true" version="1" changeset="37529747" timestamp="2016-02-29T20:26:07Z" user="maphunter36" uid="2924920" lat="35.0473735" lon="126.8641929"/>
 <node id="4033577678" visible="true" version="1" changeset="37529747" timestamp="2016-02-29T20:26:07Z" user="maphunter36" uid="2924920" lat="35.0469273" lon="126.8645469"/>
 <node id="4033577679" visible="true" version="1" changeset="37529747" timestamp="2016-02-29T20:26:07Z" user="maphunter36" uid="2924920" lat="35.0465506" lon="126.8653680"/>
 <node id="4033577680" visible="true" version="1" changeset="37529747" timestamp="2016-02-29T20:26:07Z" user="maphunter36" uid="2924920" lat="35.0459537" lon="126.8663235"/>
 <node id="4033577681" visible="true" version="1" changeset="37529747" timestamp="2016-02-29T20:26:07Z" user="maphunter36" uid="2924920" lat="35.0453279" lon="126.8671659"/>
 <node id="4033577682" visible="true" version="1" changeset="37529747" timestamp="2016-02-29T20:26:07Z" user="maphunter36" uid="2924920" lat="35.0447947" lon="126.8680223"/>
 <node id="4033577683" visible="true" version="1" changeset="37529747" timestamp="2016-02-29T20:26:07Z" user="maphunter36" uid="2924920" lat="35.0443079" lon="126.8690204"/>
 <node id="4033577684" visible="true" version="1" changeset="37529747" timestamp="2016-02-29T20:26:07Z" user="maphunter36" uid="2924920" lat="35.0440008" lon="126.8697919"/>
 <node id="4033577685" visible="true" version="1" changeset="37529747" timestamp="2016-02-29T20:26:07Z" user="maphunter36" uid="2924920" lat="35.0437574" lon="126.8712784"/>
 <node id="4033577686" visible="true" version="1" changeset="37529747" timestamp="2016-02-29T20:26:07Z" user="maphunter36" uid="2924920" lat="35.0440703" lon="126.8728994"/>
 <node id="4033577687" visible="true" version="1" changeset="37529747" timestamp="2016-02-29T20:26:07Z" user="maphunter36" uid="2924920" lat="35.0437516" lon="126.8737700"/>
 <node id="4033577688" visible="true" version="1" changeset="37529747" timestamp="2016-02-29T20:26:07Z" user="maphunter36" uid="2924920" lat="35.0433111" lon="126.8747185"/>
 <node id="4033577889" visible="true" version="1" changeset="37529747" timestamp="2016-02-29T20:26:07Z" user="maphunter36" uid="2924920" lat="35.0430735" lon="126.8762616"/>
 <node id="4033577890" visible="true" version="1" changeset="37529747" timestamp="2016-02-29T20:26:07Z" user="maphunter36" uid="2924920" lat="35.0431779" lon="126.8773729"/>
 <node id="4033577891" visible="true" version="1" changeset="37529747" timestamp="2016-02-29T20:26:07Z" user="maphunter36" uid="2924920" lat="35.0429345" lon="126.8781798"/>
 <node id="4033577892" visible="true" version="1" changeset="37529747" timestamp="2016-02-29T20:26:07Z" user="maphunter36" uid="2924920" lat="35.0425636" lon="126.8785975"/>
 <node id="4033577893" visible="true" version="1" changeset="37529747" timestamp="2016-02-29T20:26:07Z" user="maphunter36" uid="2924920" lat="35.0420710" lon="126.8798503"/>
 <node id="4033577894" visible="true" version="1" changeset="37529747" timestamp="2016-02-29T20:26:07Z" user="maphunter36" uid="2924920" lat="35.0415726" lon="126.8805440"/>
 <node id="4033577895" visible="true" version="1" changeset="37529747" timestamp="2016-02-29T20:26:07Z" user="maphunter36" uid="2924920" lat="35.0413871" lon="126.8809121"/>
 <node id="4033577896" visible="true" version="1" changeset="37529747" timestamp="2016-02-29T20:26:07Z" user="maphunter36" uid="2924920" lat="35.0412770" lon="126.8812589"/>
 <node id="4033577897" visible="true" version="1" changeset="37529747" timestamp="2016-02-29T20:26:07Z" user="maphunter36" uid="2924920" lat="35.0407264" lon="126.8821296"/>
 <node id="4033577898" visible="true" version="1" changeset="37529747" timestamp="2016-02-29T20:26:07Z" user="maphunter36" uid="2924920" lat="35.0405526" lon="126.8829578"/>
 <node id="4033577899" visible="true" version="1" changeset="37529747" timestamp="2016-02-29T20:26:07Z" user="maphunter36" uid="2924920" lat="35.0411205" lon="126.8832763"/>
 <node id="4033577900" visible="true" version="1" changeset="37529747" timestamp="2016-02-29T20:26:07Z" user="maphunter36" uid="2924920" lat="35.0409293" lon="126.8842743"/>
 <node id="4033577901" visible="true" version="1" changeset="37529747" timestamp="2016-02-29T20:26:07Z" user="maphunter36" uid="2924920" lat="35.0405758" lon="126.8846636"/>
 <node id="4033577902" visible="true" version="1" changeset="37529747" timestamp="2016-02-29T20:26:07Z" user="maphunter36" uid="2924920" lat="35.0402396" lon="126.8844796"/>
 <node id="4033577903" visible="true" version="1" changeset="37529747" timestamp="2016-02-29T20:26:07Z" user="maphunter36" uid="2924920" lat="35.0399557" lon="126.8842177"/>
 <node id="4033577904" visible="true" version="1" changeset="37529747" timestamp="2016-02-29T20:26:07Z" user="maphunter36" uid="2924920" lat="35.0399093" lon="126.8836939"/>
 <node id="4033577905" visible="true" version="1" changeset="37529747" timestamp="2016-02-29T20:26:07Z" user="maphunter36" uid="2924920" lat="35.0400716" lon="126.8823349"/>
 <node id="4033577906" visible="true" version="1" changeset="37529747" timestamp="2016-02-29T20:26:07Z" user="maphunter36" uid="2924920" lat="35.0402164" lon="126.8816766"/>
 <node id="4033577907" visible="true" version="1" changeset="37529747" timestamp="2016-02-29T20:26:07Z" user="maphunter36" uid="2924920" lat="35.0399615" lon="126.8814642"/>
 <node id="4033577908" visible="true" version="1" changeset="37529747" timestamp="2016-02-29T20:26:07Z" user="maphunter36" uid="2924920" lat="35.0395210" lon="126.8814501"/>
 <node id="4033577909" visible="true" version="1" changeset="37529747" timestamp="2016-02-29T20:26:07Z" user="maphunter36" uid="2924920" lat="35.0391791" lon="126.8814005"/>
 <node id="4033577928" visible="true" version="1" changeset="37529747" timestamp="2016-02-29T20:26:07Z" user="maphunter36" uid="2924920" lat="35.0333879" lon="126.8726382"/>
 <node id="4033577929" visible="true" version="1" changeset="37529747" timestamp="2016-02-29T20:26:07Z" user="maphunter36" uid="2924920" lat="35.0340337" lon="126.8729587"/>
 <node id="4033577930" visible="true" version="1" changeset="37529747" timestamp="2016-02-29T20:26:07Z" user="maphunter36" uid="2924920" lat="35.0339126" lon="126.8735995"/>
 <node id="4033577931" visible="true" version="1" changeset="37529747" timestamp="2016-02-29T20:26:07Z" user="maphunter36" uid="2924920" lat="35.0336452" lon="126.8745423"/>
 <node id="4033577932" visible="true" version="1" changeset="37529747" timestamp="2016-02-29T20:26:07Z" user="maphunter36" uid="2924920" lat="35.0342911" lon="126.8754790"/>
 <node id="4033577933" visible="true" version="1" changeset="37529747" timestamp="2016-02-29T20:26:07Z" user="maphunter36" uid="2924920" lat="35.0340489" lon="126.8761630"/>
 <node id="4033577934" visible="true" version="1" changeset="37529747" timestamp="2016-02-29T20:26:08Z" user="maphunter36" uid="2924920" lat="35.0342456" lon="126.8778637"/>
 <node id="4033577935" visible="true" version="1" changeset="37529747" timestamp="2016-02-29T20:26:08Z" user="maphunter36" uid="2924920" lat="35.0348057" lon="126.8790283"/>
 <node id="4033577936" visible="true" version="1" changeset="37529747" timestamp="2016-02-29T20:26:08Z" user="maphunter36" uid="2924920" lat="35.0346796" lon="126.8798541"/>
 <node id="4033577937" visible="true" version="1" changeset="37529747" timestamp="2016-02-29T20:26:08Z" user="maphunter36" uid="2924920" lat="35.0347048" lon="126.8803224"/>
 <node id="4033577938" visible="true" version="1" changeset="37529747" timestamp="2016-02-29T20:26:08Z" user="maphunter36" uid="2924920" lat="35.0348562" lon="126.8808400"/>
 <node id="4033577939" visible="true" version="2" changeset="152779548" timestamp="2024-06-16T22:45:13Z" user="dongin" uid="11518918" lat="35.0351956" lon="126.8804593"/>
 <node id="4033577940" visible="true" version="2" changeset="152779548" timestamp="2024-06-16T22:45:13Z" user="dongin" uid="11518918" lat="35.0352384" lon="126.8795780"/>
 <node id="4033577941" visible="true" version="1" changeset="37529747" timestamp="2016-02-29T20:26:08Z" user="maphunter36" uid="2924920" lat="35.0353506" lon="126.8793426"/>
 <node id="4033577942" visible="true" version="1" changeset="37529747" timestamp="2016-02-29T20:26:08Z" user="maphunter36" uid="2924920" lat="35.0358905" lon="126.8790530"/>
 <node id="4033577943" visible="true" version="1" changeset="37529747" timestamp="2016-02-29T20:26:08Z" user="maphunter36" uid="2924920" lat="35.0359056" lon="126.8786648"/>
 <node id="4033577944" visible="true" version="1" changeset="37529747" timestamp="2016-02-29T20:26:08Z" user="maphunter36" uid="2924920" lat="35.0354213" lon="126.8777774"/>
 <node id="4033577945" visible="true" version="1" changeset="37529747" timestamp="2016-02-29T20:26:08Z" user="maphunter36" uid="2924920" lat="35.0349268" lon="126.8765758"/>
 <node id="4033577946" visible="true" version="1" changeset="37529747" timestamp="2016-02-29T20:26:08Z" user="maphunter36" uid="2924920" lat="35.0346997" lon="126.8752140"/>
 <node id="4033577947" visible="true" version="1" changeset="37529747" timestamp="2016-02-29T20:26:08Z" user="maphunter36" uid="2924920" lat="35.0348511" lon="126.8745300"/>
 <node id="4033577948" visible="true" version="1" changeset="37529747" timestamp="2016-02-29T20:26:08Z" user="maphunter36" uid="2924920" lat="35.0354364" lon="126.8727861"/>
 <node id="4033577949" visible="true" version="1" changeset="37529747" timestamp="2016-02-29T20:26:08Z" user="maphunter36" uid="2924920" lat="35.0354667" lon="126.8719234"/>
 <node id="4033577950" visible="true" version="1" changeset="37529747" timestamp="2016-02-29T20:26:08Z" user="maphunter36" uid="2924920" lat="35.0357089" lon="126.8715044"/>
 <node id="4033577951" visible="true" version="1" changeset="37529747" timestamp="2016-02-29T20:26:08Z" user="maphunter36" uid="2924920" lat="35.0363496" lon="126.8711285"/>
 <node id="4033577952" visible="true" version="1" changeset="37529747" timestamp="2016-02-29T20:26:08Z" user="maphunter36" uid="2924920" lat="35.0369601" lon="126.8716030"/>
 <node id="4033577953" visible="true" version="1" changeset="37529747" timestamp="2016-02-29T20:26:08Z" user="maphunter36" uid="2924920" lat="35.0373587" lon="126.8713257"/>
 <node id="4033577954" visible="true" version="1" changeset="37529747" timestamp="2016-02-29T20:26:08Z" user="maphunter36" uid="2924920" lat="35.0374142" lon="126.8703829"/>
 <node id="4033577955" visible="true" version="1" changeset="37529747" timestamp="2016-02-29T20:26:08Z" user="maphunter36" uid="2924920" lat="35.0376665" lon="126.8697051"/>
 <node id="4033577956" visible="true" version="1" changeset="37529747" timestamp="2016-02-29T20:26:08Z" user="maphunter36" uid="2924920" lat="35.0383880" lon="126.8687746"/>
 <node id="4033577957" visible="true" version="1" changeset="37529747" timestamp="2016-02-29T20:26:08Z" user="maphunter36" uid="2924920" lat="35.0388774" lon="126.8679304"/>
 <node id="4033577958" visible="true" version="1" changeset="37529747" timestamp="2016-02-29T20:26:08Z" user="maphunter36" uid="2924920" lat="35.0390388" lon="126.8673758"/>
 <node id="4033577959" visible="true" version="1" changeset="37529747" timestamp="2016-02-29T20:26:08Z" user="maphunter36" uid="2924920" lat="35.0394777" lon="126.8664515"/>
 <node id="4033577960" visible="true" version="2" changeset="161235683" timestamp="2025-01-11T11:38:19Z" user="FUKUTAN" uid="5207199" lat="35.0398471" lon="126.8656706"/>
 <node id="4033577961" visible="true" version="2" changeset="161235683" timestamp="2025-01-11T11:38:19Z" user="FUKUTAN" uid="5207199" lat="35.0405969" lon="126.8632672"/>
 <node id="4033577962" visible="true" version="2" changeset="161235683" timestamp="2025-01-11T11:38:19Z" user="FUKUTAN" uid="5207199" lat="35.0407435" lon="126.8624000"/>
 <node id="4033577963" visible="true" version="2" changeset="161235683" timestamp="2025-01-11T11:38:19Z" user="FUKUTAN" uid="5207199" lat="35.0408870" lon="126.8620260"/>
 <node id="4033577964" visible="true" version="1" changeset="37529747" timestamp="2016-02-29T20:26:08Z" user="maphunter36" uid="2924920" lat="35.0410771" lon="126.8613000"/>
 <node id="4033577965" visible="true" version="1" changeset="37529747" timestamp="2016-02-29T20:26:08Z" user="maphunter36" uid="2924920" lat="35.0413495" lon="126.8605236"/>
 <node id="4033577966" visible="true" version="1" changeset="37529747" timestamp="2016-02-29T20:26:08Z" user="maphunter36" uid="2924920" lat="35.0421567" lon="126.8600614"/>
 <node id="4033577967" visible="true" version="1" changeset="37529747" timestamp="2016-02-29T20:26:08Z" user="maphunter36" uid="2924920" lat="35.0424090" lon="126.8599690"/>
 <node id="4033577968" visible="true" version="1" changeset="37529747" timestamp="2016-02-29T20:26:08Z" user="maphunter36" uid="2924920" lat="35.0426360" lon="126.8607639"/>
 <node id="4033577969" visible="true" version="1" changeset="37529747" timestamp="2016-02-29T20:26:08Z" user="maphunter36" uid="2924920" lat="35.0422173" lon="126.8616081"/>
 <node id="4033577970" visible="true" version="1" changeset="37529747" timestamp="2016-02-29T20:26:08Z" user="maphunter36" uid="2924920" lat="35.0421870" lon="126.8625509"/>
 <node id="4033577971" visible="true" version="1" changeset="37529747" timestamp="2016-02-29T20:26:08Z" user="maphunter36" uid="2924920" lat="35.0419852" lon="126.8632102"/>
 <node id="4033577972" visible="true" version="1" changeset="37529747" timestamp="2016-02-29T20:26:08Z" user="maphunter36" uid="2924920" lat="35.0417834" lon="126.8644365"/>
 <node id="4033577973" visible="true" version="1" changeset="37529747" timestamp="2016-02-29T20:26:08Z" user="maphunter36" uid="2924920" lat="35.0419953" lon="126.8654656"/>
 <node id="4033577974" visible="true" version="1" changeset="37529747" timestamp="2016-02-29T20:26:08Z" user="maphunter36" uid="2924920" lat="35.0424544" lon="126.8658045"/>
 <node id="4033577975" visible="true" version="1" changeset="37529747" timestamp="2016-02-29T20:26:08Z" user="maphunter36" uid="2924920" lat="35.0427975" lon="126.8657490"/>
 <node id="4033577976" visible="true" version="1" changeset="37529747" timestamp="2016-02-29T20:26:08Z" user="maphunter36" uid="2924920" lat="35.0432212" lon="126.8654656"/>
 <node id="4033577977" visible="true" version="1" changeset="37529747" timestamp="2016-02-29T20:26:08Z" user="maphunter36" uid="2924920" lat="35.0434079" lon="126.8642393"/>
 <node id="4033577978" visible="true" version="1" changeset="37529747" timestamp="2016-02-29T20:26:08Z" user="maphunter36" uid="2924920" lat="35.0433070" lon="126.8635060"/>
 <node id="4033577979" visible="true" version="1" changeset="37529747" timestamp="2016-02-29T20:26:08Z" user="maphunter36" uid="2924920" lat="35.0434130" lon="126.8626495"/>
 <node id="4033577980" visible="true" version="1" changeset="37529747" timestamp="2016-02-29T20:26:08Z" user="maphunter36" uid="2924920" lat="35.0437157" lon="126.8619347"/>
 <node id="4033577981" visible="true" version="1" changeset="37529747" timestamp="2016-02-29T20:26:08Z" user="maphunter36" uid="2924920" lat="35.0444018" lon="126.8613986"/>
 <node id="4033577982" visible="true" version="1" changeset="37529747" timestamp="2016-02-29T20:26:08Z" user="maphunter36" uid="2924920" lat="35.0446086" lon="126.8604743"/>
 <node id="4033577983" visible="true" version="1" changeset="37529747" timestamp="2016-02-29T20:26:08Z" user="maphunter36" uid="2924920" lat="35.0448861" lon="126.8595438"/>
 <node id="4033577984" visible="true" version="1" changeset="37529747" timestamp="2016-02-29T20:26:08Z" user="maphunter36" uid="2924920" lat="35.0455671" lon="126.8596917"/>
 <node id="4033577985" visible="true" version="1" changeset="37529747" timestamp="2016-02-29T20:26:08Z" user="maphunter36" uid="2924920" lat="35.0458547" lon="126.8602463"/>
 <node id="4033577986" visible="true" version="1" changeset="37529747" timestamp="2016-02-29T20:26:08Z" user="maphunter36" uid="2924920" lat="35.0455621" lon="126.8609118"/>
 <node id="4033577987" visible="true" version="1" changeset="37529747" timestamp="2016-02-29T20:26:08Z" user="maphunter36" uid="2924920" lat="35.0452291" lon="126.8620764"/>
 <node id="4033577988" visible="true" version="1" changeset="37529747" timestamp="2016-02-29T20:26:08Z" user="maphunter36" uid="2924920" lat="35.0448306" lon="126.8629638"/>
 <node id="4033577989" visible="true" version="1" changeset="37529747" timestamp="2016-02-29T20:26:08Z" user="maphunter36" uid="2924920" lat="35.0447398" lon="126.8637772"/>
 <node id="4033577990" visible="true" version="1" changeset="37529747" timestamp="2016-02-29T20:26:08Z" user="maphunter36" uid="2924920" lat="35.0442605" lon="126.8651328"/>
 <node id="4033577991" visible="true" version="1" changeset="37529747" timestamp="2016-02-29T20:26:08Z" user="maphunter36" uid="2924920" lat="35.0437863" lon="126.8670369"/>
 <node id="4033577992" visible="true" version="1" changeset="37529747" timestamp="2016-02-29T20:26:08Z" user="maphunter36" uid="2924920" lat="35.0436148" lon="126.8685220"/>
 <node id="4033577993" visible="true" version="1" changeset="37529747" timestamp="2016-02-29T20:26:08Z" user="maphunter36" uid="2924920" lat="35.0429539" lon="126.8716893"/>
 <node id="4033577994" visible="true" version="1" changeset="37529747" timestamp="2016-02-29T20:26:08Z" user="maphunter36" uid="2924920" lat="35.0427420" lon="126.8725088"/>
 <node id="4033577995" visible="true" version="1" changeset="37529747" timestamp="2016-02-29T20:26:08Z" user="maphunter36" uid="2924920" lat="35.0424998" lon="126.8741726"/>
 <node id="4033577996" visible="true" version="1" changeset="37529747" timestamp="2016-02-29T20:26:08Z" user="maphunter36" uid="2924920" lat="35.0418036" lon="126.8764341"/>
 <node id="4033577997" visible="true" version="1" changeset="37529747" timestamp="2016-02-29T20:26:08Z" user="maphunter36" uid="2924920" lat="35.0418641" lon="126.8774139"/>
 <node id="4033577998" visible="true" version="1" changeset="37529747" timestamp="2016-02-29T20:26:09Z" user="maphunter36" uid="2924920" lat="35.0418187" lon="126.8781287"/>
 <node id="4033577999" visible="true" version="1" changeset="37529747" timestamp="2016-02-29T20:26:09Z" user="maphunter36" uid="2924920" lat="35.0413041" lon="126.8787202"/>
 <node id="4033578000" visible="true" version="1" changeset="37529747" timestamp="2016-02-29T20:26:09Z" user="maphunter36" uid="2924920" lat="35.0406886" lon="126.8791208"/>
 <node id="4033578001" visible="true" version="1" changeset="37529747" timestamp="2016-02-29T20:26:09Z" user="maphunter36" uid="2924920" lat="35.0403102" lon="126.8793796"/>
 <node id="4033578002" visible="true" version="1" changeset="37529747" timestamp="2016-02-29T20:26:09Z" user="maphunter36" uid="2924920" lat="35.0404162" lon="126.8800636"/>
 <node id="4033578003" visible="true" version="1" changeset="37529747" timestamp="2016-02-29T20:26:09Z" user="maphunter36" uid="2924920" lat="35.0400680" lon="126.8801005"/>
 <node id="4033578004" visible="true" version="1" changeset="37529747" timestamp="2016-02-29T20:26:09Z" user="maphunter36" uid="2924920" lat="35.0394323" lon="126.8800389"/>
 <node id="4033578005" visible="true" version="1" changeset="37529747" timestamp="2016-02-29T20:26:09Z" user="maphunter36" uid="2924920" lat="35.0391094" lon="126.8806859"/>
 <node id="4072610652" visible="true" version="2" changeset="48489608" timestamp="2017-05-08T03:45:13Z" user="FUKUTAN" uid="5207199" lat="34.8871659" lon="126.9846865"/>
 <node id="4255226017" visible="true" version="2" changeset="48500572" timestamp="2017-05-08T12:24:55Z" user="FUKUTAN" uid="5207199" lat="34.9405180" lon="126.9830347"/>
 <node id="4681205828" visible="true" version="1" changeset="46012151" timestamp="2017-02-12T05:47:08Z" user="asdf10473" uid="5303791" lat="35.0088954" lon="126.9432923"/>
 <node id="4681205829" visible="true" version="1" changeset="46012151" timestamp="2017-02-12T05:47:08Z" user="asdf10473" uid="5303791" lat="35.0092174" lon="126.9467324"/>
 <node id="4681205830" visible="true" version="1" changeset="46012151" timestamp="2017-02-12T05:47:08Z" user="asdf10473" uid="5303791" lat="35.0081548" lon="126.9498973"/>
 <node id="4681205831" visible="true" version="1" changeset="46012151" timestamp="2017-02-12T05:47:08Z" user="asdf10473" uid="5303791" lat="35.0069794" lon="126.9517058"/>
 <node id="4689865291" visible="true" version="1" changeset="46154232" timestamp="2017-02-17T04:31:48Z" user="루시루스" uid="5193137" lat="35.0370374" lon="126.8576109"/>
 <node id="4700513706" visible="true" version="1" changeset="46326369" timestamp="2017-02-23T04:48:28Z" user="루시루스" uid="5193137" lat="35.0498517" lon="126.7916271"/>
 <node id="4826339084" visible="true" version="1" changeset="48271953" timestamp="2017-04-30T04:13:28Z" user="FUKUTAN" uid="5207199" lat="34.9686017" lon="126.9684787"/>
 <node id="4826788222" visible="true" version="1" changeset="48279320" timestamp="2017-04-30T11:24:03Z" user="FUKUTAN" uid="5207199" lat="35.0055163" lon="126.9007735"/>
 <node id="4826977803" visible="true" version="1" changeset="48281939" timestamp="2017-04-30T13:48:11Z" user="FUKUTAN" uid="5207199" lat="35.0112020" lon="126.9001844"/>
 <node id="4826977804" visible="true" version="1" changeset="48281939" timestamp="2017-04-30T13:48:11Z" user="FUKUTAN" uid="5207199" lat="35.0103274" lon="126.9003222"/>
 <node id="4826977805" visible="true" version="1" changeset="48281939" timestamp="2017-04-30T13:48:11Z" user="FUKUTAN" uid="5207199" lat="35.0093680" lon="126.9004341"/>
 <node id="4826977806" visible="true" version="1" changeset="48281939" timestamp="2017-04-30T13:48:11Z" user="FUKUTAN" uid="5207199" lat="35.0087331" lon="126.9007270"/>
 <node id="4826977807" visible="true" version="1" changeset="48281939" timestamp="2017-04-30T13:48:11Z" user="FUKUTAN" uid="5207199" lat="35.0080136" lon="126.9017002"/>
 <node id="4826977808" visible="true" version="1" changeset="48281939" timestamp="2017-04-30T13:48:11Z" user="FUKUTAN" uid="5207199" lat="35.0077667" lon="126.9027853"/>
 <node id="4826977809" visible="true" version="2" changeset="87253085" timestamp="2020-06-28T15:16:29Z" user="LuxuryCoop" uid="7245212" lat="35.0077361" lon="126.9032055"/>
 <node id="4826977810" visible="true" version="1" changeset="48281939" timestamp="2017-04-30T13:48:11Z" user="FUKUTAN" uid="5207199" lat="35.0079501" lon="126.9035002"/>
 <node id="4826977811" visible="true" version="1" changeset="48281939" timestamp="2017-04-30T13:48:11Z" user="FUKUTAN" uid="5207199" lat="35.0081688" lon="126.9037844"/>
 <node id="4826977812" visible="true" version="1" changeset="48281939" timestamp="2017-04-30T13:48:11Z" user="FUKUTAN" uid="5207199" lat="35.0084510" lon="126.9040772"/>
 <node id="4826977813" visible="true" version="1" changeset="48281939" timestamp="2017-04-30T13:48:11Z" user="FUKUTAN" uid="5207199" lat="35.0090647" lon="126.9048265"/>
 <node id="4826977814" visible="true" version="1" changeset="48281939" timestamp="2017-04-30T13:48:11Z" user="FUKUTAN" uid="5207199" lat="35.0093468" lon="126.9054380"/>
 <node id="4826977815" visible="true" version="1" changeset="48281939" timestamp="2017-04-30T13:48:11Z" user="FUKUTAN" uid="5207199" lat="35.0095937" lon="126.9059461"/>
 <node id="4826977816" visible="true" version="1" changeset="48281939" timestamp="2017-04-30T13:48:11Z" user="FUKUTAN" uid="5207199" lat="35.0098195" lon="126.9062820"/>
 <node id="4826977817" visible="true" version="1" changeset="48281939" timestamp="2017-04-30T13:48:11Z" user="FUKUTAN" uid="5207199" lat="35.0101087" lon="126.9070657"/>
 <node id="4826977818" visible="true" version="1" changeset="48281939" timestamp="2017-04-30T13:48:11Z" user="FUKUTAN" uid="5207199" lat="35.0107859" lon="126.9077461"/>
 <node id="4826977819" visible="true" version="1" changeset="48281939" timestamp="2017-04-30T13:48:11Z" user="FUKUTAN" uid="5207199" lat="35.0116253" lon="126.9082542"/>
 <node id="4826977820" visible="true" version="1" changeset="48281939" timestamp="2017-04-30T13:48:11Z" user="FUKUTAN" uid="5207199" lat="35.0119357" lon="126.9080561"/>
 <node id="4826978121" visible="true" version="1" changeset="48281939" timestamp="2017-04-30T13:48:11Z" user="FUKUTAN" uid="5207199" lat="35.0123307" lon="126.9076169"/>
 <node id="4826978122" visible="true" version="1" changeset="48281939" timestamp="2017-04-30T13:48:11Z" user="FUKUTAN" uid="5207199" lat="35.0127116" lon="126.9069193"/>
 <node id="4826978123" visible="true" version="1" changeset="48281939" timestamp="2017-04-30T13:48:11Z" user="FUKUTAN" uid="5207199" lat="35.0129373" lon="126.9066868"/>
 <node id="4826978124" visible="true" version="1" changeset="48281939" timestamp="2017-04-30T13:48:11Z" user="FUKUTAN" uid="5207199" lat="35.0131207" lon="126.9064542"/>
 <node id="4826978125" visible="true" version="1" changeset="48281939" timestamp="2017-04-30T13:48:11Z" user="FUKUTAN" uid="5207199" lat="35.0131983" lon="126.9061442"/>
 <node id="4826978126" visible="true" version="1" changeset="48281939" timestamp="2017-04-30T13:48:11Z" user="FUKUTAN" uid="5207199" lat="35.0131489" lon="126.9060064"/>
 <node id="4826978127" visible="true" version="1" changeset="48281939" timestamp="2017-04-30T13:48:11Z" user="FUKUTAN" uid="5207199" lat="35.0129373" lon="126.9058341"/>
 <node id="4826978128" visible="true" version="1" changeset="48281939" timestamp="2017-04-30T13:48:11Z" user="FUKUTAN" uid="5207199" lat="35.0126128" lon="126.9058427"/>
 <node id="4826978129" visible="true" version="1" changeset="48281939" timestamp="2017-04-30T13:48:11Z" user="FUKUTAN" uid="5207199" lat="35.0124153" lon="126.9058427"/>
 <node id="4826978130" visible="true" version="1" changeset="48281939" timestamp="2017-04-30T13:48:11Z" user="FUKUTAN" uid="5207199" lat="35.0122390" lon="126.9058083"/>
 <node id="4826978131" visible="true" version="1" changeset="48281939" timestamp="2017-04-30T13:48:11Z" user="FUKUTAN" uid="5207199" lat="35.0120626" lon="126.9057480"/>
 <node id="4826978132" visible="true" version="1" changeset="48281939" timestamp="2017-04-30T13:48:11Z" user="FUKUTAN" uid="5207199" lat="35.0118933" lon="126.9055069"/>
 <node id="4826978133" visible="true" version="1" changeset="48281939" timestamp="2017-04-30T13:48:11Z" user="FUKUTAN" uid="5207199" lat="35.0117523" lon="126.9052313"/>
 <node id="4826978134" visible="true" version="1" changeset="48281939" timestamp="2017-04-30T13:48:11Z" user="FUKUTAN" uid="5207199" lat="35.0117240" lon="126.9047662"/>
 <node id="4826978135" visible="true" version="1" changeset="48281939" timestamp="2017-04-30T13:48:11Z" user="FUKUTAN" uid="5207199" lat="35.0117734" lon="126.9045595"/>
 <node id="4826978136" visible="true" version="1" changeset="48281939" timestamp="2017-04-30T13:48:11Z" user="FUKUTAN" uid="5207199" lat="35.0119357" lon="126.9043959"/>
 <node id="4826978137" visible="true" version="1" changeset="48281939" timestamp="2017-04-30T13:48:11Z" user="FUKUTAN" uid="5207199" lat="35.0123589" lon="126.9043959"/>
 <node id="4826978138" visible="true" version="1" changeset="48281939" timestamp="2017-04-30T13:48:11Z" user="FUKUTAN" uid="5207199" lat="35.0126340" lon="126.9044906"/>
 <node id="4826978139" visible="true" version="1" changeset="48281939" timestamp="2017-04-30T13:48:11Z" user="FUKUTAN" uid="5207199" lat="35.0127944" lon="126.9044613"/>
 <node id="4826991405" visible="true" version="1" changeset="48282110" timestamp="2017-04-30T13:58:45Z" user="FUKUTAN" uid="5207199" lat="35.0132391" lon="126.9047458"/>
 <node id="4826991406" visible="true" version="1" changeset="48282110" timestamp="2017-04-30T13:58:45Z" user="FUKUTAN" uid="5207199" lat="35.0135594" lon="126.9052882"/>
 <node id="4826991407" visible="true" version="1" changeset="48282110" timestamp="2017-04-30T13:58:45Z" user="FUKUTAN" uid="5207199" lat="35.0136326" lon="126.9061744"/>
 <node id="4826991408" visible="true" version="1" changeset="48282110" timestamp="2017-04-30T13:58:45Z" user="FUKUTAN" uid="5207199" lat="35.0140535" lon="126.9062414"/>
 <node id="4826991409" visible="true" version="1" changeset="48282110" timestamp="2017-04-30T13:58:45Z" user="FUKUTAN" uid="5207199" lat="35.0142242" lon="126.9059882"/>
 <node id="4826991410" visible="true" version="1" changeset="48282110" timestamp="2017-04-30T13:58:45Z" user="FUKUTAN" uid="5207199" lat="35.0142730" lon="126.9066510"/>
 <node id="4826991411" visible="true" version="1" changeset="48282110" timestamp="2017-04-30T13:58:45Z" user="FUKUTAN" uid="5207199" lat="35.0144255" lon="126.9068595"/>
 <node id="4826991412" visible="true" version="1" changeset="48282110" timestamp="2017-04-30T13:58:45Z" user="FUKUTAN" uid="5207199" lat="35.0150476" lon="126.9073435"/>
 <node id="4826991413" visible="true" version="1" changeset="48282110" timestamp="2017-04-30T13:58:45Z" user="FUKUTAN" uid="5207199" lat="35.0157063" lon="126.9075148"/>
 <node id="4826991414" visible="true" version="1" changeset="48282110" timestamp="2017-04-30T13:58:45Z" user="FUKUTAN" uid="5207199" lat="35.0162491" lon="126.9079616"/>
 <node id="4826991415" visible="true" version="1" changeset="48282110" timestamp="2017-04-30T13:58:45Z" user="FUKUTAN" uid="5207199" lat="35.0168895" lon="126.9080882"/>
 <node id="4826991416" visible="true" version="1" changeset="48282110" timestamp="2017-04-30T13:58:45Z" user="FUKUTAN" uid="5207199" lat="35.0174079" lon="126.9082595"/>
 <node id="4826991417" visible="true" version="1" changeset="48282110" timestamp="2017-04-30T13:58:45Z" user="FUKUTAN" uid="5207199" lat="35.0183349" lon="126.9081999"/>
 <node id="4826991418" visible="true" version="1" changeset="48282110" timestamp="2017-04-30T13:58:45Z" user="FUKUTAN" uid="5207199" lat="35.0185605" lon="126.9080063"/>
 <node id="4826991419" visible="true" version="1" changeset="48282110" timestamp="2017-04-30T13:58:45Z" user="FUKUTAN" uid="5207199" lat="35.0186276" lon="126.9082520"/>
 <node id="4826991420" visible="true" version="1" changeset="48282110" timestamp="2017-04-30T13:58:45Z" user="FUKUTAN" uid="5207199" lat="35.0187435" lon="126.9082371"/>
 <node id="4826991421" visible="true" version="1" changeset="48282110" timestamp="2017-04-30T13:58:45Z" user="FUKUTAN" uid="5207199" lat="35.0190606" lon="126.9080286"/>
 <node id="4826991422" visible="true" version="1" changeset="48282110" timestamp="2017-04-30T13:58:45Z" user="FUKUTAN" uid="5207199" lat="35.0193411" lon="126.9077978"/>
 <node id="4826991423" visible="true" version="1" changeset="48282110" timestamp="2017-04-30T13:58:45Z" user="FUKUTAN" uid="5207199" lat="35.0197254" lon="126.9065393"/>
 <node id="4826991424" visible="true" version="1" changeset="48282110" timestamp="2017-04-30T13:58:45Z" user="FUKUTAN" uid="5207199" lat="35.0201462" lon="126.9056456"/>
 <node id="4826991425" visible="true" version="1" changeset="48282110" timestamp="2017-04-30T13:58:45Z" user="FUKUTAN" uid="5207199" lat="35.0204511" lon="126.9055414"/>
 <node id="4826991426" visible="true" version="1" changeset="48282110" timestamp="2017-04-30T13:58:45Z" user="FUKUTAN" uid="5207199" lat="35.0207926" lon="126.9048786"/>
 <node id="4826991427" visible="true" version="1" changeset="48282110" timestamp="2017-04-30T13:58:45Z" user="FUKUTAN" uid="5207199" lat="35.0212256" lon="126.9043052"/>
 <node id="4826991428" visible="true" version="1" changeset="48282110" timestamp="2017-04-30T13:58:45Z" user="FUKUTAN" uid="5207199" lat="35.0214756" lon="126.9038956"/>
 <node id="4826991429" visible="true" version="1" changeset="48282110" timestamp="2017-04-30T13:58:45Z" user="FUKUTAN" uid="5207199" lat="35.0219879" lon="126.9033371"/>
 <node id="4826991430" visible="true" version="1" changeset="48282110" timestamp="2017-04-30T13:58:45Z" user="FUKUTAN" uid="5207199" lat="35.0223721" lon="126.9027786"/>
 <node id="4826991431" visible="true" version="1" changeset="48282110" timestamp="2017-04-30T13:58:45Z" user="FUKUTAN" uid="5207199" lat="35.0229697" lon="126.9026669"/>
 <node id="4826991432" visible="true" version="1" changeset="48282110" timestamp="2017-04-30T13:58:45Z" user="FUKUTAN" uid="5207199" lat="35.0236345" lon="126.9027563"/>
 <node id="4826991433" visible="true" version="1" changeset="48282110" timestamp="2017-04-30T13:58:45Z" user="FUKUTAN" uid="5207199" lat="35.0240979" lon="126.9030988"/>
 <node id="4826991434" visible="true" version="1" changeset="48282110" timestamp="2017-04-30T13:58:45Z" user="FUKUTAN" uid="5207199" lat="35.0246163" lon="126.9032105"/>
 <node id="4826991435" visible="true" version="1" changeset="48282110" timestamp="2017-04-30T13:58:46Z" user="FUKUTAN" uid="5207199" lat="35.0257140" lon="126.9035233"/>
 <node id="4826991436" visible="true" version="1" changeset="48282110" timestamp="2017-04-30T13:58:46Z" user="FUKUTAN" uid="5207199" lat="35.0262323" lon="126.9039403"/>
 <node id="4826991437" visible="true" version="1" changeset="48282110" timestamp="2017-04-30T13:58:46Z" user="FUKUTAN" uid="5207199" lat="35.0263908" lon="126.9039627"/>
 <node id="4826991438" visible="true" version="1" changeset="48282110" timestamp="2017-04-30T13:58:46Z" user="FUKUTAN" uid="5207199" lat="35.0264640" lon="126.9036871"/>
 <node id="4826991439" visible="true" version="1" changeset="48282110" timestamp="2017-04-30T13:58:46Z" user="FUKUTAN" uid="5207199" lat="35.0266043" lon="126.9028456"/>
 <node id="4826991440" visible="true" version="1" changeset="48282110" timestamp="2017-04-30T13:58:46Z" user="FUKUTAN" uid="5207199" lat="35.0267079" lon="126.9019297"/>
 <node id="4826991441" visible="true" version="1" changeset="48282110" timestamp="2017-04-30T13:58:46Z" user="FUKUTAN" uid="5207199" lat="35.0269214" lon="126.9013488"/>
 <node id="4826991442" visible="true" version="1" changeset="48282110" timestamp="2017-04-30T13:58:46Z" user="FUKUTAN" uid="5207199" lat="35.0271531" lon="126.9002020"/>
 <node id="4827008705" visible="true" version="3" changeset="183860697" timestamp="2026-06-09T07:47:14Z" user="aaei924" uid="10626814" lat="35.0489134" lon="126.9742925"/>
 <node id="4834700953" visible="true" version="1" changeset="48394748" timestamp="2017-05-04T13:17:52Z" user="FUKUTAN" uid="5207199" lat="34.9818114" lon="126.9668193"/>
 <node id="4837936659" visible="true" version="1" changeset="48444206" timestamp="2017-05-06T05:43:25Z" user="FUKUTAN" uid="5207199" lat="34.9621324" lon="126.9733933"/>
 <node id="4837936660" visible="true" version="1" changeset="48444206" timestamp="2017-05-06T05:43:25Z" user="FUKUTAN" uid="5207199" lat="34.9593543" lon="126.9740558"/>
 <node id="4837936661" visible="true" version="1" changeset="48444206" timestamp="2017-05-06T05:43:25Z" user="FUKUTAN" uid="5207199" lat="34.9553114" lon="126.9746185"/>
 <node id="4837936690" visible="true" version="1" changeset="48444206" timestamp="2017-05-06T05:43:26Z" user="FUKUTAN" uid="5207199" lat="34.9444321" lon="126.9687176"/>
 <node id="4837936691" visible="true" version="1" changeset="48444206" timestamp="2017-05-06T05:43:26Z" user="FUKUTAN" uid="5207199" lat="34.9437448" lon="126.9693041"/>
 <node id="4837936692" visible="true" version="1" changeset="48444206" timestamp="2017-05-06T05:43:26Z" user="FUKUTAN" uid="5207199" lat="34.9431582" lon="126.9700681"/>
 <node id="4837946679" visible="true" version="1" changeset="48444372" timestamp="2017-05-06T05:55:29Z" user="FUKUTAN" uid="5207199" lat="34.8815722" lon="126.9938875"/>
 <node id="4837946680" visible="true" version="1" changeset="48444372" timestamp="2017-05-06T05:55:29Z" user="FUKUTAN" uid="5207199" lat="34.8810308" lon="126.9938214"/>
 <node id="4838373351" visible="true" version="2" changeset="160431754" timestamp="2024-12-20T12:40:29Z" user="dongin" uid="11518918" lat="35.0078808" lon="126.9432375"/>
 <node id="4838373352" visible="true" version="2" changeset="142027335" timestamp="2023-10-02T08:31:19Z" user="FUKUTAN" uid="5207199" lat="35.0088733" lon="126.9332607"/>
 <node id="4840865894" visible="true" version="1" changeset="48489608" timestamp="2017-05-08T03:44:52Z" user="FUKUTAN" uid="5207199" lat="34.8845450" lon="126.9839777"/>
 <node id="4840866007" visible="true" version="1" changeset="48489608" timestamp="2017-05-08T03:44:54Z" user="FUKUTAN" uid="5207199" lat="34.8818904" lon="126.9884146"/>
 <node id="4840866008" visible="true" version="1" changeset="48489608" timestamp="2017-05-08T03:44:54Z" user="FUKUTAN" uid="5207199" lat="34.8820292" lon="126.9875149"/>
 <node id="4840866027" visible="true" version="1" changeset="48489608" timestamp="2017-05-08T03:44:54Z" user="FUKUTAN" uid="5207199" lat="34.8720527" lon="126.9934578"/>
 <node id="4840866028" visible="true" version="1" changeset="48489608" timestamp="2017-05-08T03:44:54Z" user="FUKUTAN" uid="5207199" lat="34.8730861" lon="126.9930465"/>
 <node id="4841602246" visible="true" version="1" changeset="48500572" timestamp="2017-05-08T12:24:38Z" user="FUKUTAN" uid="5207199" lat="34.9466047" lon="126.9685774"/>
 <node id="4841602659" visible="true" version="1" changeset="48500572" timestamp="2017-05-08T12:24:43Z" user="FUKUTAN" uid="5207199" lat="34.9418259" lon="126.9735849"/>
 <node id="4841602660" visible="true" version="1" changeset="48500572" timestamp="2017-05-08T12:24:43Z" user="FUKUTAN" uid="5207199" lat="34.9425137" lon="126.9777622"/>
 <node id="4841602661" visible="true" version="1" changeset="48500572" timestamp="2017-05-08T12:24:43Z" user="FUKUTAN" uid="5207199" lat="34.9420727" lon="126.9771937"/>
 <node id="4841602662" visible="true" version="1" changeset="48500572" timestamp="2017-05-08T12:24:43Z" user="FUKUTAN" uid="5207199" lat="34.9437365" lon="126.9938910"/>
 <node id="4841602663" visible="true" version="1" changeset="48500572" timestamp="2017-05-08T12:24:43Z" user="FUKUTAN" uid="5207199" lat="34.9424284" lon="126.9956247"/>
 <node id="4841602664" visible="true" version="1" changeset="48500572" timestamp="2017-05-08T12:24:43Z" user="FUKUTAN" uid="5207199" lat="34.9416077" lon="126.9958389"/>
 <node id="4841602665" visible="true" version="1" changeset="48500572" timestamp="2017-05-08T12:24:43Z" user="FUKUTAN" uid="5207199" lat="34.9398464" lon="126.9956291"/>
 <node id="4841829847" visible="true" version="1" changeset="48504513" timestamp="2017-05-08T14:55:27Z" user="FUKUTAN" uid="5207199" lat="35.0117163" lon="126.9122509"/>
 <node id="4842947862" visible="true" version="1" changeset="48520106" timestamp="2017-05-09T04:14:40Z" user="FUKUTAN" uid="5207199" lat="35.0112598" lon="126.9226700"/>
 <node id="4842948188" visible="true" version="1" changeset="48520106" timestamp="2017-05-09T04:14:42Z" user="FUKUTAN" uid="5207199" lat="35.0276545" lon="126.9004658"/>
 <node id="4842948189" visible="true" version="1" changeset="48520106" timestamp="2017-05-09T04:14:42Z" user="FUKUTAN" uid="5207199" lat="35.0276924" lon="126.9013984"/>
 <node id="4842948190" visible="true" version="1" changeset="48520106" timestamp="2017-05-09T04:14:42Z" user="FUKUTAN" uid="5207199" lat="35.0277009" lon="126.9020703"/>
 <node id="4842948191" visible="true" version="1" changeset="48520106" timestamp="2017-05-09T04:14:42Z" user="FUKUTAN" uid="5207199" lat="35.0277771" lon="126.9023494"/>
 <node id="4842948192" visible="true" version="1" changeset="48520106" timestamp="2017-05-09T04:14:42Z" user="FUKUTAN" uid="5207199" lat="35.0281834" lon="126.9023804"/>
 <node id="4842948193" visible="true" version="1" changeset="48520106" timestamp="2017-05-09T04:14:42Z" user="FUKUTAN" uid="5207199" lat="35.0288183" lon="126.9023081"/>
 <node id="4842948194" visible="true" version="1" changeset="48520106" timestamp="2017-05-09T04:14:42Z" user="FUKUTAN" uid="5207199" lat="35.0295886" lon="126.9020393"/>
 <node id="4842948195" visible="true" version="1" changeset="48520106" timestamp="2017-05-09T04:14:42Z" user="FUKUTAN" uid="5207199" lat="35.0305451" lon="126.9016361"/>
 <node id="4842948196" visible="true" version="1" changeset="48520106" timestamp="2017-05-09T04:14:42Z" user="FUKUTAN" uid="5207199" lat="35.0312054" lon="126.9015845"/>
 <node id="4842948197" visible="true" version="1" changeset="48520106" timestamp="2017-05-09T04:14:42Z" user="FUKUTAN" uid="5207199" lat="35.0334316" lon="126.9007368"/>
 <node id="4842948198" visible="true" version="1" changeset="48520106" timestamp="2017-05-09T04:14:42Z" user="FUKUTAN" uid="5207199" lat="35.0343712" lon="126.9000028"/>
 <node id="4842948199" visible="true" version="1" changeset="48520106" timestamp="2017-05-09T04:14:42Z" user="FUKUTAN" uid="5207199" lat="35.0349467" lon="126.8992068"/>
 <node id="4842948200" visible="true" version="1" changeset="48520106" timestamp="2017-05-09T04:14:42Z" user="FUKUTAN" uid="5207199" lat="35.0356239" lon="126.8984315"/>
 <node id="4842948201" visible="true" version="1" changeset="48520106" timestamp="2017-05-09T04:14:42Z" user="FUKUTAN" uid="5207199" lat="35.0363857" lon="126.8971393"/>
 <node id="4842948202" visible="true" version="1" changeset="48520106" timestamp="2017-05-09T04:14:42Z" user="FUKUTAN" uid="5207199" lat="35.0365296" lon="126.8973564"/>
 <node id="4842948203" visible="true" version="1" changeset="48520106" timestamp="2017-05-09T04:14:42Z" user="FUKUTAN" uid="5207199" lat="35.0364788" lon="126.8984625"/>
 <node id="4842948204" visible="true" version="1" changeset="48520106" timestamp="2017-05-09T04:14:42Z" user="FUKUTAN" uid="5207199" lat="35.0359709" lon="126.9002923"/>
 <node id="4842948205" visible="true" version="1" changeset="48520106" timestamp="2017-05-09T04:14:42Z" user="FUKUTAN" uid="5207199" lat="35.0355139" lon="126.9009125"/>
 <node id="4842948206" visible="true" version="1" changeset="48520106" timestamp="2017-05-09T04:14:42Z" user="FUKUTAN" uid="5207199" lat="35.0351414" lon="126.9016672"/>
 <node id="4842948210" visible="true" version="1" changeset="48520106" timestamp="2017-05-09T04:14:42Z" user="FUKUTAN" uid="5207199" lat="35.0407108" lon="126.9032488"/>
 <node id="4842948211" visible="true" version="1" changeset="48520106" timestamp="2017-05-09T04:14:42Z" user="FUKUTAN" uid="5207199" lat="35.0402199" lon="126.9037967"/>
 <node id="4842948212" visible="true" version="1" changeset="48520106" timestamp="2017-05-09T04:14:42Z" user="FUKUTAN" uid="5207199" lat="35.0398729" lon="126.9038174"/>
 <node id="4842948213" visible="true" version="1" changeset="48520106" timestamp="2017-05-09T04:14:43Z" user="FUKUTAN" uid="5207199" lat="35.0386625" lon="126.9035486"/>
 <node id="4842948214" visible="true" version="1" changeset="48520106" timestamp="2017-05-09T04:14:43Z" user="FUKUTAN" uid="5207199" lat="35.0373591" lon="126.9037450"/>
 <node id="4842948215" visible="true" version="1" changeset="48520106" timestamp="2017-05-09T04:14:43Z" user="FUKUTAN" uid="5207199" lat="35.0365211" lon="126.9042515"/>
 <node id="4842948216" visible="true" version="1" changeset="48520106" timestamp="2017-05-09T04:14:43Z" user="FUKUTAN" uid="5207199" lat="35.0357303" lon="126.9049319"/>
 <node id="4842948217" visible="true" version="1" changeset="48520106" timestamp="2017-05-09T04:14:43Z" user="FUKUTAN" uid="5207199" lat="35.0350652" lon="126.9049752"/>
 <node id="4842948218" visible="true" version="1" changeset="48520106" timestamp="2017-05-09T04:14:43Z" user="FUKUTAN" uid="5207199" lat="35.0342357" lon="126.9048615"/>
 <node id="4842948219" visible="true" version="1" changeset="48520106" timestamp="2017-05-09T04:14:43Z" user="FUKUTAN" uid="5207199" lat="35.0333554" lon="126.9054093"/>
 <node id="4842948220" visible="true" version="1" changeset="48520106" timestamp="2017-05-09T04:14:43Z" user="FUKUTAN" uid="5207199" lat="35.0327968" lon="126.9059262"/>
 <node id="4842948221" visible="true" version="1" changeset="48520106" timestamp="2017-05-09T04:14:43Z" user="FUKUTAN" uid="5207199" lat="35.0319334" lon="126.9062674"/>
 <node id="4842948222" visible="true" version="1" changeset="48520106" timestamp="2017-05-09T04:14:43Z" user="FUKUTAN" uid="5207199" lat="35.0313916" lon="126.9065155"/>
 <node id="4842948223" visible="true" version="1" changeset="48520106" timestamp="2017-05-09T04:14:43Z" user="FUKUTAN" uid="5207199" lat="35.0310953" lon="126.9059882"/>
 <node id="4842948224" visible="true" version="1" changeset="48520106" timestamp="2017-05-09T04:14:43Z" user="FUKUTAN" uid="5207199" lat="35.0299187" lon="126.9051819"/>
 <node id="4842948225" visible="true" version="1" changeset="48520106" timestamp="2017-05-09T04:14:43Z" user="FUKUTAN" uid="5207199" lat="35.0289537" lon="126.9044480"/>
 <node id="4842948226" visible="true" version="1" changeset="48520106" timestamp="2017-05-09T04:14:43Z" user="FUKUTAN" uid="5207199" lat="35.0288183" lon="126.9043032"/>
 <node id="4842948227" visible="true" version="1" changeset="48520106" timestamp="2017-05-09T04:14:43Z" user="FUKUTAN" uid="5207199" lat="35.0289453" lon="126.9040965"/>
 <node id="4842948228" visible="true" version="1" changeset="48520106" timestamp="2017-05-09T04:14:43Z" user="FUKUTAN" uid="5207199" lat="35.0295463" lon="126.9037967"/>
 <node id="4842948229" visible="true" version="1" changeset="48520106" timestamp="2017-05-09T04:14:43Z" user="FUKUTAN" uid="5207199" lat="35.0300542" lon="126.9037657"/>
 <node id="4842948230" visible="true" version="1" changeset="48520106" timestamp="2017-05-09T04:14:43Z" user="FUKUTAN" uid="5207199" lat="35.0309260" lon="126.9038070"/>
 <node id="4842948231" visible="true" version="1" changeset="48520106" timestamp="2017-05-09T04:14:43Z" user="FUKUTAN" uid="5207199" lat="35.0317556" lon="126.9034452"/>
 <node id="4842948232" visible="true" version="1" changeset="48520106" timestamp="2017-05-09T04:14:43Z" user="FUKUTAN" uid="5207199" lat="35.0326275" lon="126.9025872"/>
 <node id="4842948233" visible="true" version="1" changeset="48520106" timestamp="2017-05-09T04:14:43Z" user="FUKUTAN" uid="5207199" lat="35.0329745" lon="126.9021944"/>
 <node id="4842948234" visible="true" version="1" changeset="48520106" timestamp="2017-05-09T04:14:43Z" user="FUKUTAN" uid="5207199" lat="35.0334147" lon="126.9025975"/>
 <node id="4842948235" visible="true" version="1" changeset="48520106" timestamp="2017-05-09T04:14:43Z" user="FUKUTAN" uid="5207199" lat="35.0339479" lon="126.9022150"/>
 <node id="4842948236" visible="true" version="2" changeset="182610300" timestamp="2026-05-13T16:27:46Z" user="야광멧돼지" uid="12393144" lat="35.0346276" lon="126.9018193"/>
 <node id="4842948382" visible="true" version="1" changeset="48520106" timestamp="2017-05-09T04:14:45Z" user="FUKUTAN" uid="5207199" lat="35.0088662" lon="126.9102517"/>
 <node id="4842948460" visible="true" version="3" changeset="131630424" timestamp="2023-01-24T02:16:50Z" user="야광멧돼지" uid="12393144" lat="35.0552522" lon="126.9009968"/>
 <node id="4842948461" visible="true" version="2" changeset="131630424" timestamp="2023-01-24T02:16:50Z" user="야광멧돼지" uid="12393144" lat="35.0546846" lon="126.9014526"/>
 <node id="4842948462" visible="true" version="2" changeset="131630424" timestamp="2023-01-24T02:16:50Z" user="야광멧돼지" uid="12393144" lat="35.0540177" lon="126.9019251"/>
 <node id="4842948463" visible="true" version="1" changeset="48520106" timestamp="2017-05-09T04:14:46Z" user="FUKUTAN" uid="5207199" lat="35.0531104" lon="126.9021984"/>
 <node id="4842948464" visible="true" version="1" changeset="48520106" timestamp="2017-05-09T04:14:46Z" user="FUKUTAN" uid="5207199" lat="35.0523201" lon="126.9018945"/>
 <node id="4842948465" visible="true" version="1" changeset="48520106" timestamp="2017-05-09T04:14:46Z" user="FUKUTAN" uid="5207199" lat="35.0509893" lon="126.8972627"/>
 <node id="4842948466" visible="true" version="1" changeset="48520106" timestamp="2017-05-09T04:14:46Z" user="FUKUTAN" uid="5207199" lat="35.0501136" lon="126.8971145"/>
 <node id="4842948467" visible="true" version="1" changeset="48520106" timestamp="2017-05-09T04:14:46Z" user="FUKUTAN" uid="5207199" lat="35.0505786" lon="126.8985337"/>
 <node id="4842948468" visible="true" version="1" changeset="48520106" timestamp="2017-05-09T04:14:46Z" user="FUKUTAN" uid="5207199" lat="35.0513396" lon="126.9003213"/>
 <node id="4842948469" visible="true" version="1" changeset="48520106" timestamp="2017-05-09T04:14:46Z" user="FUKUTAN" uid="5207199" lat="35.0511201" lon="126.9010722"/>
 <node id="4842948470" visible="true" version="1" changeset="48520106" timestamp="2017-05-09T04:14:46Z" user="FUKUTAN" uid="5207199" lat="35.0513104" lon="126.9016979"/>
 <node id="4842948471" visible="true" version="1" changeset="48520106" timestamp="2017-05-09T04:14:46Z" user="FUKUTAN" uid="5207199" lat="35.0510762" lon="126.9023414"/>
 <node id="4842948472" visible="true" version="1" changeset="48520106" timestamp="2017-05-09T04:14:46Z" user="FUKUTAN" uid="5207199" lat="35.0507981" lon="126.9026990"/>
 <node id="4842948473" visible="true" version="1" changeset="48520106" timestamp="2017-05-09T04:14:46Z" user="FUKUTAN" uid="5207199" lat="35.0499200" lon="126.9033425"/>
 <node id="4842948474" visible="true" version="1" changeset="48520106" timestamp="2017-05-09T04:14:46Z" user="FUKUTAN" uid="5207199" lat="35.0488663" lon="126.9037001"/>
 <node id="4842948475" visible="true" version="1" changeset="48520106" timestamp="2017-05-09T04:14:46Z" user="FUKUTAN" uid="5207199" lat="35.0481492" lon="126.9037001"/>
 <node id="4842948476" visible="true" version="1" changeset="48520106" timestamp="2017-05-09T04:14:46Z" user="FUKUTAN" uid="5207199" lat="35.0475052" lon="126.9035213"/>
 <node id="4842948477" visible="true" version="1" changeset="48520106" timestamp="2017-05-09T04:14:46Z" user="FUKUTAN" uid="5207199" lat="35.0469198" lon="126.9030386"/>
 <node id="4842948478" visible="true" version="1" changeset="48520106" timestamp="2017-05-09T04:14:46Z" user="FUKUTAN" uid="5207199" lat="35.0459539" lon="126.9026990"/>
 <node id="4842948479" visible="true" version="1" changeset="48520106" timestamp="2017-05-09T04:14:46Z" user="FUKUTAN" uid="5207199" lat="35.0452806" lon="126.9012688"/>
 <node id="4842948480" visible="true" version="1" changeset="48520106" timestamp="2017-05-09T04:14:46Z" user="FUKUTAN" uid="5207199" lat="35.0450318" lon="126.9006252"/>
 <node id="4842948481" visible="true" version="1" changeset="48520106" timestamp="2017-05-09T04:14:46Z" user="FUKUTAN" uid="5207199" lat="35.0446074" lon="126.8999996"/>
 <node id="4842948482" visible="true" version="1" changeset="48520106" timestamp="2017-05-09T04:14:46Z" user="FUKUTAN" uid="5207199" lat="35.0444171" lon="126.9003213"/>
 <node id="4842948483" visible="true" version="1" changeset="48520106" timestamp="2017-05-09T04:14:46Z" user="FUKUTAN" uid="5207199" lat="35.0447830" lon="126.9017336"/>
 <node id="4842948484" visible="true" version="1" changeset="48520106" timestamp="2017-05-09T04:14:46Z" user="FUKUTAN" uid="5207199" lat="35.0446220" lon="126.9022342"/>
 <node id="4842948485" visible="true" version="1" changeset="48520106" timestamp="2017-05-09T04:14:46Z" user="FUKUTAN" uid="5207199" lat="35.0443293" lon="126.9027526"/>
 <node id="4842948486" visible="true" version="1" changeset="48520106" timestamp="2017-05-09T04:14:46Z" user="FUKUTAN" uid="5207199" lat="35.0437439" lon="126.9030207"/>
 <node id="4842948487" visible="true" version="1" changeset="48520106" timestamp="2017-05-09T04:14:46Z" user="FUKUTAN" uid="5207199" lat="35.0429535" lon="126.9030386"/>
 <node id="4842948488" visible="true" version="1" changeset="48520106" timestamp="2017-05-09T04:14:46Z" user="FUKUTAN" uid="5207199" lat="35.0417847" lon="126.9028298"/>
 <node id="4842948715" visible="true" version="1" changeset="48520106" timestamp="2017-05-09T04:14:48Z" user="FUKUTAN" uid="5207199" lat="35.0111329" lon="126.9194760"/>
 <node id="4842948916" visible="true" version="1" changeset="48520106" timestamp="2017-05-09T04:14:51Z" user="FUKUTAN" uid="5207199" lat="35.0165297" lon="126.9435230"/>
 <node id="4842948917" visible="true" version="1" changeset="48520106" timestamp="2017-05-09T04:14:51Z" user="FUKUTAN" uid="5207199" lat="35.0119711" lon="126.9415306"/>
 <node id="4854521440" visible="true" version="1" changeset="48687275" timestamp="2017-05-15T01:31:18Z" user="FUKUTAN" uid="5207199" lat="35.0490762" lon="126.9750017"/>
 <node id="4974314359" visible="true" version="1" changeset="50337566" timestamp="2017-07-17T00:48:28Z" user="FUKUTAN" uid="5207199" lat="35.0148422" lon="126.8635713"/>
 <node id="4974314360" visible="true" version="1" changeset="50337566" timestamp="2017-07-17T00:48:28Z" user="FUKUTAN" uid="5207199" lat="35.0147362" lon="126.8653398"/>
 <node id="4974314361" visible="true" version="1" changeset="50337566" timestamp="2017-07-17T00:48:28Z" user="FUKUTAN" uid="5207199" lat="35.0146803" lon="126.8661059"/>
 <node id="4974314362" visible="true" version="1" changeset="50337566" timestamp="2017-07-17T00:48:28Z" user="FUKUTAN" uid="5207199" lat="35.0149890" lon="126.8669278"/>
 <node id="4974314379" visible="true" version="1" changeset="50337566" timestamp="2017-07-17T00:48:29Z" user="FUKUTAN" uid="5207199" lat="35.0162754" lon="126.8633679"/>
 <node id="4974314380" visible="true" version="1" changeset="50337566" timestamp="2017-07-17T00:48:29Z" user="FUKUTAN" uid="5207199" lat="35.0160180" lon="126.8633371"/>
 <node id="4974314386" visible="true" version="1" changeset="50337566" timestamp="2017-07-17T00:48:29Z" user="FUKUTAN" uid="5207199" lat="35.0148876" lon="126.8633741"/>
 <node id="4974314387" visible="true" version="4" changeset="154920955" timestamp="2024-08-07T07:08:32Z" user="morago" uid="11113946" lat="35.0202586" lon="126.8555408"/>
 <node id="4974314388" visible="true" version="2" changeset="149486328" timestamp="2024-04-02T15:09:19Z" user="야광멧돼지" uid="12393144" lat="35.0201949" lon="126.8560307"/>
 <node id="4974314389" visible="true" version="1" changeset="50337566" timestamp="2017-07-17T00:48:29Z" user="FUKUTAN" uid="5207199" lat="35.0201967" lon="126.8563002"/>
 <node id="4974314390" visible="true" version="1" changeset="50337566" timestamp="2017-07-17T00:48:29Z" user="FUKUTAN" uid="5207199" lat="35.0202067" lon="126.8564547"/>
 <node id="4974314391" visible="true" version="1" changeset="50337566" timestamp="2017-07-17T00:48:29Z" user="FUKUTAN" uid="5207199" lat="35.0202333" lon="126.8567149"/>
 <node id="4974314392" visible="true" version="1" changeset="50337566" timestamp="2017-07-17T00:48:29Z" user="FUKUTAN" uid="5207199" lat="35.0203765" lon="126.8575727"/>
 <node id="4974314393" visible="true" version="1" changeset="50337566" timestamp="2017-07-17T00:48:29Z" user="FUKUTAN" uid="5207199" lat="35.0204197" lon="126.8578329"/>
 <node id="4974314394" visible="true" version="1" changeset="50337566" timestamp="2017-07-17T00:48:29Z" user="FUKUTAN" uid="5207199" lat="35.0204331" lon="126.8581216"/>
 <node id="4974314395" visible="true" version="1" changeset="50337566" timestamp="2017-07-17T00:48:29Z" user="FUKUTAN" uid="5207199" lat="35.0204763" lon="126.8595851"/>
 <node id="4974314396" visible="true" version="1" changeset="50337566" timestamp="2017-07-17T00:48:29Z" user="FUKUTAN" uid="5207199" lat="35.0204897" lon="126.8597884"/>
 <node id="4974314397" visible="true" version="1" changeset="50337566" timestamp="2017-07-17T00:48:29Z" user="FUKUTAN" uid="5207199" lat="35.0204996" lon="126.8599022"/>
 <node id="4974314398" visible="true" version="1" changeset="50337566" timestamp="2017-07-17T00:48:29Z" user="FUKUTAN" uid="5207199" lat="35.0205363" lon="126.8600567"/>
 <node id="4974314399" visible="true" version="1" changeset="50337566" timestamp="2017-07-17T00:48:29Z" user="FUKUTAN" uid="5207199" lat="35.0204597" lon="126.8601462"/>
 <node id="4974314400" visible="true" version="1" changeset="50337566" timestamp="2017-07-17T00:48:29Z" user="FUKUTAN" uid="5207199" lat="35.0203065" lon="126.8602437"/>
 <node id="4974314401" visible="true" version="1" changeset="50337566" timestamp="2017-07-17T00:48:29Z" user="FUKUTAN" uid="5207199" lat="35.0197206" lon="126.8604877"/>
 <node id="4974314402" visible="true" version="1" changeset="50337566" timestamp="2017-07-17T00:48:29Z" user="FUKUTAN" uid="5207199" lat="35.0191712" lon="126.8606950"/>
 <node id="4974314403" visible="true" version="1" changeset="50337566" timestamp="2017-07-17T00:48:29Z" user="FUKUTAN" uid="5207199" lat="35.0187151" lon="126.8608495"/>
 <node id="4974314404" visible="true" version="1" changeset="50337566" timestamp="2017-07-17T00:48:29Z" user="FUKUTAN" uid="5207199" lat="35.0182922" lon="126.8610162"/>
 <node id="4974314405" visible="true" version="1" changeset="50337566" timestamp="2017-07-17T00:48:29Z" user="FUKUTAN" uid="5207199" lat="35.0180825" lon="126.8611910"/>
 <node id="4974314406" visible="true" version="1" changeset="50337566" timestamp="2017-07-17T00:48:29Z" user="FUKUTAN" uid="5207199" lat="35.0178161" lon="126.8613536"/>
 <node id="4974314407" visible="true" version="1" changeset="50337566" timestamp="2017-07-17T00:48:29Z" user="FUKUTAN" uid="5207199" lat="35.0174099" lon="126.8616626"/>
 <node id="4974314408" visible="true" version="1" changeset="50337566" timestamp="2017-07-17T00:48:29Z" user="FUKUTAN" uid="5207199" lat="35.0173466" lon="126.8617846"/>
 <node id="4974314409" visible="true" version="1" changeset="50337566" timestamp="2017-07-17T00:48:29Z" user="FUKUTAN" uid="5207199" lat="35.0173566" lon="126.8619472"/>
 <node id="4974314410" visible="true" version="1" changeset="50337566" timestamp="2017-07-17T00:48:29Z" user="FUKUTAN" uid="5207199" lat="35.0173933" lon="126.8622805"/>
 <node id="4974314411" visible="true" version="1" changeset="50337566" timestamp="2017-07-17T00:48:29Z" user="FUKUTAN" uid="5207199" lat="35.0173833" lon="126.8626627"/>
 <node id="4974314412" visible="true" version="1" changeset="50337566" timestamp="2017-07-17T00:48:29Z" user="FUKUTAN" uid="5207199" lat="35.0173966" lon="126.8628009"/>
 <node id="4974314413" visible="true" version="1" changeset="50337566" timestamp="2017-07-17T00:48:29Z" user="FUKUTAN" uid="5207199" lat="35.0174432" lon="126.8629879"/>
 <node id="4974314414" visible="true" version="1" changeset="50337566" timestamp="2017-07-17T00:48:29Z" user="FUKUTAN" uid="5207199" lat="35.0175864" lon="126.8633904"/>
 <node id="4974314415" visible="true" version="1" changeset="50337566" timestamp="2017-07-17T00:48:29Z" user="FUKUTAN" uid="5207199" lat="35.0176330" lon="126.8636018"/>
 <node id="4974314416" visible="true" version="1" changeset="50337566" timestamp="2017-07-17T00:48:29Z" user="FUKUTAN" uid="5207199" lat="35.0176563" lon="126.8637766"/>
 <node id="4974314417" visible="true" version="1" changeset="50337566" timestamp="2017-07-17T00:48:29Z" user="FUKUTAN" uid="5207199" lat="35.0176396" lon="126.8638905"/>
 <node id="4974314418" visible="true" version="1" changeset="50337566" timestamp="2017-07-17T00:48:29Z" user="FUKUTAN" uid="5207199" lat="35.0175398" lon="126.8640124"/>
 <node id="4974314419" visible="true" version="1" changeset="50337566" timestamp="2017-07-17T00:48:29Z" user="FUKUTAN" uid="5207199" lat="35.0171535" lon="126.8643214"/>
 <node id="4974314420" visible="true" version="1" changeset="50337566" timestamp="2017-07-17T00:48:29Z" user="FUKUTAN" uid="5207199" lat="35.0170037" lon="126.8644027"/>
 <node id="4974314721" visible="true" version="1" changeset="50337566" timestamp="2017-07-17T00:48:29Z" user="FUKUTAN" uid="5207199" lat="35.0169271" lon="126.8643946"/>
 <node id="4974314722" visible="true" version="1" changeset="50337566" timestamp="2017-07-17T00:48:29Z" user="FUKUTAN" uid="5207199" lat="35.0168039" lon="126.8642808"/>
 <node id="4974314723" visible="true" version="1" changeset="50337566" timestamp="2017-07-17T00:48:29Z" user="FUKUTAN" uid="5207199" lat="35.0166375" lon="126.8640368"/>
 <node id="4974314724" visible="true" version="1" changeset="50337566" timestamp="2017-07-17T00:48:29Z" user="FUKUTAN" uid="5207199" lat="35.0165009" lon="126.8639149"/>
 <node id="4974314725" visible="true" version="1" changeset="50337566" timestamp="2017-07-17T00:48:29Z" user="FUKUTAN" uid="5207199" lat="35.0163112" lon="126.8638457"/>
 <node id="4974314726" visible="true" version="2" changeset="78636252" timestamp="2019-12-19T12:12:26Z" user="FUKUTAN" uid="5207199" lat="35.0160908" lon="126.8638693"/>
 <node id="4974314727" visible="true" version="1" changeset="50337566" timestamp="2017-07-17T00:48:29Z" user="FUKUTAN" uid="5207199" lat="35.0159948" lon="126.8639067"/>
 <node id="4974314728" visible="true" version="1" changeset="50337566" timestamp="2017-07-17T00:48:29Z" user="FUKUTAN" uid="5207199" lat="35.0156586" lon="126.8640206"/>
 <node id="4974314782" visible="true" version="1" changeset="50337566" timestamp="2017-07-17T00:48:30Z" user="FUKUTAN" uid="5207199" lat="35.0495541" lon="126.8522395"/>
 <node id="4974314783" visible="true" version="1" changeset="50337566" timestamp="2017-07-17T00:48:30Z" user="FUKUTAN" uid="5207199" lat="35.0489468" lon="126.8541374"/>
 <node id="4974314784" visible="true" version="1" changeset="50337566" timestamp="2017-07-17T00:48:30Z" user="FUKUTAN" uid="5207199" lat="35.0494154" lon="126.8538335"/>
 <node id="4974314785" visible="true" version="1" changeset="50337566" timestamp="2017-07-17T00:48:30Z" user="FUKUTAN" uid="5207199" lat="35.0492478" lon="126.8543536"/>
 <node id="4974314786" visible="true" version="1" changeset="50337566" timestamp="2017-07-17T00:48:30Z" user="FUKUTAN" uid="5207199" lat="35.0484213" lon="126.8550836"/>
 <node id="4974314787" visible="true" version="1" changeset="50337566" timestamp="2017-07-17T00:48:30Z" user="FUKUTAN" uid="5207199" lat="35.0486630" lon="126.8554457"/>
 <node id="5051639768" visible="true" version="1" changeset="51347000" timestamp="2017-08-22T15:43:58Z" user="maphunter36" uid="2924920" lat="35.0277900" lon="126.8984475"/>
 <node id="5051639769" visible="true" version="1" changeset="51347000" timestamp="2017-08-22T15:43:58Z" user="maphunter36" uid="2924920" lat="35.0271949" lon="126.8980187"/>
 <node id="5051639770" visible="true" version="1" changeset="51347000" timestamp="2017-08-22T15:43:58Z" user="maphunter36" uid="2924920" lat="35.0278488" lon="126.8966776"/>
 <node id="5051639771" visible="true" version="1" changeset="51347000" timestamp="2017-08-22T15:43:58Z" user="maphunter36" uid="2924920" lat="35.0287005" lon="126.8961491"/>
 <node id="5051639772" visible="true" version="1" changeset="51347000" timestamp="2017-08-22T15:43:58Z" user="maphunter36" uid="2924920" lat="35.0286317" lon="126.8954526"/>
 <node id="5051639773" visible="true" version="1" changeset="51347000" timestamp="2017-08-22T15:43:58Z" user="maphunter36" uid="2924920" lat="35.0295270" lon="126.8953641"/>
 <node id="5181474105" visible="true" version="1" changeset="53148353" timestamp="2017-10-22T10:43:56Z" user="FUKUTAN" uid="5207199" lat="35.0488431" lon="126.8479640"/>
 <node id="5192718511" visible="true" version="1" changeset="53279646" timestamp="2017-10-27T03:51:15Z" user="FUKUTAN" uid="5207199" lat="35.0082323" lon="126.8713706"/>
 <node id="5192718577" visible="true" version="1" changeset="53279646" timestamp="2017-10-27T03:51:16Z" user="FUKUTAN" uid="5207199" lat="35.0012744" lon="126.8852074"/>
 <node id="5192718581" visible="true" version="1" changeset="53279646" timestamp="2017-10-27T03:51:17Z" user="FUKUTAN" uid="5207199" lat="35.0037280" lon="126.8833678"/>
 <node id="5192718582" visible="true" version="1" changeset="53279646" timestamp="2017-10-27T03:51:17Z" user="FUKUTAN" uid="5207199" lat="35.0023651" lon="126.8864581"/>
 <node id="5207804527" visible="true" version="1" changeset="53469371" timestamp="2017-11-03T06:17:34Z" user="FUKUTAN" uid="5207199" lat="35.0455063" lon="126.9602503"/>
 <node id="5207804528" visible="true" version="1" changeset="53469371" timestamp="2017-11-03T06:17:34Z" user="FUKUTAN" uid="5207199" lat="35.0441034" lon="126.9577835"/>
 <node id="5225686568" visible="true" version="2" changeset="87253085" timestamp="2020-06-28T15:16:47Z" user="LuxuryCoop" uid="7245212" lat="35.0170366" lon="126.8643854">
  <tag k="access" v="yes"/>
  <tag k="barrier" v="gate"/>
 </node>
 <node id="5225686569" visible="true" version="1" changeset="53727380" timestamp="2017-11-13T01:48:44Z" user="FUKUTAN" uid="5207199" lat="35.0196850" lon="126.8605011"/>
 <node id="5225686570" visible="true" version="1" changeset="53727380" timestamp="2017-11-13T01:48:44Z" user="FUKUTAN" uid="5207199" lat="35.0195104" lon="126.8612024"/>
 <node id="5225686571" visible="true" version="1" changeset="53727380" timestamp="2017-11-13T01:48:44Z" user="FUKUTAN" uid="5207199" lat="35.0193843" lon="126.8614550"/>
 <node id="5225686572" visible="true" version="1" changeset="53727380" timestamp="2017-11-13T01:48:44Z" user="FUKUTAN" uid="5207199" lat="35.0193161" lon="126.8615875"/>
 <node id="5225686573" visible="true" version="1" changeset="53727380" timestamp="2017-11-13T01:48:44Z" user="FUKUTAN" uid="5207199" lat="35.0191925" lon="126.8620959"/>
 <node id="5225686574" visible="true" version="1" changeset="53727380" timestamp="2017-11-13T01:48:45Z" user="FUKUTAN" uid="5207199" lat="35.0190537" lon="126.8627367"/>
 <node id="5225686575" visible="true" version="1" changeset="53727380" timestamp="2017-11-13T01:48:45Z" user="FUKUTAN" uid="5207199" lat="35.0189755" lon="126.8628045"/>
 <node id="5225686576" visible="true" version="1" changeset="53727380" timestamp="2017-11-13T01:48:45Z" user="FUKUTAN" uid="5207199" lat="35.0189276" lon="126.8630202"/>
 <node id="5225686577" visible="true" version="1" changeset="53727380" timestamp="2017-11-13T01:48:45Z" user="FUKUTAN" uid="5207199" lat="35.0189528" lon="126.8632174"/>
 <node id="5225686578" visible="true" version="1" changeset="53727380" timestamp="2017-11-13T01:48:45Z" user="FUKUTAN" uid="5207199" lat="35.0188821" lon="126.8633591"/>
 <node id="5225686579" visible="true" version="1" changeset="53727380" timestamp="2017-11-13T01:48:45Z" user="FUKUTAN" uid="5207199" lat="35.0186803" lon="126.8635563"/>
 <node id="5225686580" visible="true" version="1" changeset="53727380" timestamp="2017-11-13T01:48:45Z" user="FUKUTAN" uid="5207199" lat="35.0184406" lon="126.8637843"/>
 <node id="5225686581" visible="true" version="1" changeset="53727380" timestamp="2017-11-13T01:48:45Z" user="FUKUTAN" uid="5207199" lat="35.0182816" lon="126.8638890"/>
 <node id="5225686582" visible="true" version="1" changeset="53727380" timestamp="2017-11-13T01:48:45Z" user="FUKUTAN" uid="5207199" lat="35.0181252" lon="126.8639260"/>
 <node id="5225686583" visible="true" version="1" changeset="53727380" timestamp="2017-11-13T01:48:45Z" user="FUKUTAN" uid="5207199" lat="35.0177247" lon="126.8614231"/>
 <node id="5225686584" visible="true" version="1" changeset="53727380" timestamp="2017-11-13T01:48:45Z" user="FUKUTAN" uid="5207199" lat="35.0177643" lon="126.8616183"/>
 <node id="5225686585" visible="true" version="1" changeset="53727380" timestamp="2017-11-13T01:48:45Z" user="FUKUTAN" uid="5207199" lat="35.0177845" lon="126.8620527"/>
 <node id="5225686586" visible="true" version="1" changeset="53727380" timestamp="2017-11-13T01:48:45Z" user="FUKUTAN" uid="5207199" lat="35.0177290" lon="126.8622746"/>
 <node id="5225686587" visible="true" version="1" changeset="53727380" timestamp="2017-11-13T01:48:45Z" user="FUKUTAN" uid="5207199" lat="35.0176583" lon="126.8625642"/>
 <node id="5225686588" visible="true" version="1" changeset="53727380" timestamp="2017-11-13T01:48:45Z" user="FUKUTAN" uid="5207199" lat="35.0176457" lon="126.8628138"/>
 <node id="5225686589" visible="true" version="1" changeset="53727380" timestamp="2017-11-13T01:48:45Z" user="FUKUTAN" uid="5207199" lat="35.0177189" lon="126.8631065"/>
 <node id="5225686590" visible="true" version="1" changeset="53727380" timestamp="2017-11-13T01:48:45Z" user="FUKUTAN" uid="5207199" lat="35.0179157" lon="126.8637350"/>
 <node id="5225686591" visible="true" version="1" changeset="53727380" timestamp="2017-11-13T01:48:45Z" user="FUKUTAN" uid="5207199" lat="35.0179839" lon="126.8638274"/>
 <node id="5225686592" visible="true" version="1" changeset="53727380" timestamp="2017-11-13T01:48:45Z" user="FUKUTAN" uid="5207199" lat="35.0183144" lon="126.8641540"/>
 <node id="5225686593" visible="true" version="1" changeset="53727380" timestamp="2017-11-13T01:48:45Z" user="FUKUTAN" uid="5207199" lat="35.0184103" lon="126.8643327"/>
 <node id="5225686594" visible="true" version="1" changeset="53727380" timestamp="2017-11-13T01:48:45Z" user="FUKUTAN" uid="5207199" lat="35.0185011" lon="126.8645638"/>
 <node id="5225686596" visible="true" version="2" changeset="159875611" timestamp="2024-12-03T10:52:20Z" user="FUKUTAN" uid="5207199" lat="35.0186315" lon="126.8648260"/>
 <node id="5225686597" visible="true" version="1" changeset="53727380" timestamp="2017-11-13T01:48:45Z" user="FUKUTAN" uid="5207199" lat="35.0187181" lon="126.8649027"/>
 <node id="5225686598" visible="true" version="2" changeset="159875611" timestamp="2024-12-03T10:52:20Z" user="FUKUTAN" uid="5207199" lat="35.0187812" lon="126.8649183"/>
 <node id="5225686599" visible="true" version="2" changeset="159875611" timestamp="2024-12-03T10:52:20Z" user="FUKUTAN" uid="5207199" lat="35.0190126" lon="126.8649428"/>
 <node id="5225686600" visible="true" version="2" changeset="159875611" timestamp="2024-12-03T10:52:20Z" user="FUKUTAN" uid="5207199" lat="35.0191321" lon="126.8650360"/>
 <node id="5225686601" visible="true" version="2" changeset="159875611" timestamp="2024-12-03T10:52:20Z" user="FUKUTAN" uid="5207199" lat="35.0192903" lon="126.8652615"/>
 <node id="5225686602" visible="true" version="2" changeset="159875611" timestamp="2024-12-03T10:52:20Z" user="FUKUTAN" uid="5207199" lat="35.0194612" lon="126.8656414"/>
 <node id="5225686603" visible="true" version="2" changeset="159875611" timestamp="2024-12-03T10:52:20Z" user="FUKUTAN" uid="5207199" lat="35.0194757" lon="126.8657644"/>
 <node id="5225686604" visible="true" version="2" changeset="159875611" timestamp="2024-12-03T10:52:20Z" user="FUKUTAN" uid="5207199" lat="35.0194575" lon="126.8662361"/>
 <node id="5225686605" visible="true" version="1" changeset="53727380" timestamp="2017-11-13T01:48:45Z" user="FUKUTAN" uid="5207199" lat="35.0194549" lon="126.8670163"/>
 <node id="5305686334" visible="true" version="1" changeset="54944801" timestamp="2017-12-27T02:42:57Z" user="FUKUTAN" uid="5207199" lat="34.9990830" lon="126.9580114"/>
 <node id="5305686550" visible="true" version="1" changeset="54944801" timestamp="2017-12-27T02:42:59Z" user="FUKUTAN" uid="5207199" lat="35.0097087" lon="126.9397875"/>
 <node id="5307632158" visible="true" version="2" changeset="127249438" timestamp="2022-10-09T13:41:08Z" user="야광멧돼지" uid="12393144" lat="35.0178131" lon="126.8290314"/>
 <node id="5307632159" visible="true" version="1" changeset="54972016" timestamp="2017-12-28T02:49:41Z" user="FUKUTAN" uid="5207199" lat="35.0126238" lon="126.8303839"/>
 <node id="5307632160" visible="true" version="1" changeset="54972016" timestamp="2017-12-28T02:49:41Z" user="FUKUTAN" uid="5207199" lat="35.0124302" lon="126.8298856"/>
 <node id="5307632161" visible="true" version="1" changeset="54972016" timestamp="2017-12-28T02:49:41Z" user="FUKUTAN" uid="5207199" lat="35.0123838" lon="126.8294892"/>
 <node id="5307632162" visible="true" version="1" changeset="54972016" timestamp="2017-12-28T02:49:41Z" user="FUKUTAN" uid="5207199" lat="35.0124824" lon="126.8291565"/>
 <node id="5307632163" visible="true" version="1" changeset="54972016" timestamp="2017-12-28T02:49:41Z" user="FUKUTAN" uid="5207199" lat="35.0127259" lon="126.8286823"/>
 <node id="5307632164" visible="true" version="1" changeset="54972016" timestamp="2017-12-28T02:49:41Z" user="FUKUTAN" uid="5207199" lat="35.0131433" lon="126.8283355"/>
 <node id="5307632165" visible="true" version="1" changeset="54972016" timestamp="2017-12-28T02:49:41Z" user="FUKUTAN" uid="5207199" lat="35.0134042" lon="126.8278470"/>
 <node id="5307632166" visible="true" version="1" changeset="54972016" timestamp="2017-12-28T02:49:41Z" user="FUKUTAN" uid="5207199" lat="35.0135317" lon="126.8273162"/>
 <node id="5307632167" visible="true" version="1" changeset="54972016" timestamp="2017-12-28T02:49:41Z" user="FUKUTAN" uid="5207199" lat="35.0136360" lon="126.8268773"/>
 <node id="5307632168" visible="true" version="1" changeset="54972016" timestamp="2017-12-28T02:49:41Z" user="FUKUTAN" uid="5207199" lat="35.0136302" lon="126.8265871"/>
 <node id="5307632169" visible="true" version="1" changeset="54972016" timestamp="2017-12-28T02:49:41Z" user="FUKUTAN" uid="5207199" lat="35.0136071" lon="126.8261836"/>
 <node id="5307632170" visible="true" version="1" changeset="54972016" timestamp="2017-12-28T02:49:41Z" user="FUKUTAN" uid="5207199" lat="35.0135665" lon="126.8257660"/>
 <node id="5307632171" visible="true" version="1" changeset="54972016" timestamp="2017-12-28T02:49:41Z" user="FUKUTAN" uid="5207199" lat="35.0133868" lon="126.8250298"/>
 <node id="5307632172" visible="true" version="1" changeset="54972016" timestamp="2017-12-28T02:49:41Z" user="FUKUTAN" uid="5207199" lat="35.0132708" lon="126.8247609"/>
 <node id="5307632173" visible="true" version="1" changeset="54972016" timestamp="2017-12-28T02:49:41Z" user="FUKUTAN" uid="5207199" lat="35.0129288" lon="126.8245273"/>
 <node id="5307632174" visible="true" version="1" changeset="54972016" timestamp="2017-12-28T02:49:41Z" user="FUKUTAN" uid="5207199" lat="35.0126679" lon="126.8243432"/>
 <node id="5307632175" visible="true" version="1" changeset="54972016" timestamp="2017-12-28T02:49:41Z" user="FUKUTAN" uid="5207199" lat="35.0120476" lon="126.8243149"/>
 <node id="5307632176" visible="true" version="1" changeset="54972016" timestamp="2017-12-28T02:49:41Z" user="FUKUTAN" uid="5207199" lat="35.0115142" lon="126.8245768"/>
 <node id="5307632177" visible="true" version="1" changeset="54972016" timestamp="2017-12-28T02:49:41Z" user="FUKUTAN" uid="5207199" lat="35.0110794" lon="126.8249661"/>
 <node id="5307632178" visible="true" version="1" changeset="54972016" timestamp="2017-12-28T02:49:41Z" user="FUKUTAN" uid="5207199" lat="35.0108765" lon="126.8255324"/>
 <node id="5307632179" visible="true" version="1" changeset="54972016" timestamp="2017-12-28T02:49:41Z" user="FUKUTAN" uid="5207199" lat="35.0106562" lon="126.8258793"/>
 <node id="5307632180" visible="true" version="1" changeset="54972016" timestamp="2017-12-28T02:49:41Z" user="FUKUTAN" uid="5207199" lat="35.0103373" lon="126.8260562"/>
 <node id="5307632181" visible="true" version="1" changeset="54972016" timestamp="2017-12-28T02:49:41Z" user="FUKUTAN" uid="5207199" lat="35.0101866" lon="126.8261907"/>
 <node id="5307632182" visible="true" version="1" changeset="54972016" timestamp="2017-12-28T02:49:41Z" user="FUKUTAN" uid="5207199" lat="35.0100242" lon="126.8268490"/>
 <node id="5307632183" visible="true" version="1" changeset="54972016" timestamp="2017-12-28T02:49:41Z" user="FUKUTAN" uid="5207199" lat="35.0099257" lon="126.8272666"/>
 <node id="5307955775" visible="true" version="3" changeset="180064987" timestamp="2026-03-18T15:16:01Z" user="야광멧돼지" uid="12393144" lat="35.0279746" lon="126.8558676"/>
 <node id="5307955805" visible="true" version="3" changeset="120191462" timestamp="2022-04-26T04:23:01Z" user="FUKUTAN" uid="5207199" lat="35.0288348" lon="126.8616045"/>
 <node id="5307955806" visible="true" version="2" changeset="78636252" timestamp="2019-12-19T12:12:26Z" user="FUKUTAN" uid="5207199" lat="35.0276457" lon="126.8629440"/>
 <node id="5307955807" visible="true" version="2" changeset="78636252" timestamp="2019-12-19T12:12:26Z" user="FUKUTAN" uid="5207199" lat="35.0274854" lon="126.8630996"/>
 <node id="5307955808" visible="true" version="2" changeset="78636252" timestamp="2019-12-19T12:12:26Z" user="FUKUTAN" uid="5207199" lat="35.0273931" lon="126.8631801"/>
 <node id="5307955809" visible="true" version="1" changeset="54975407" timestamp="2017-12-28T07:27:58Z" user="FUKUTAN" uid="5207199" lat="35.0273251" lon="126.8632096"/>
 <node id="5307955810" visible="true" version="1" changeset="54975407" timestamp="2017-12-28T07:27:58Z" user="FUKUTAN" uid="5207199" lat="35.0271318" lon="126.8632418"/>
 <node id="5307955811" visible="true" version="1" changeset="54975407" timestamp="2017-12-28T07:27:58Z" user="FUKUTAN" uid="5207199" lat="35.0266002" lon="126.8634886"/>
 <node id="5307955812" visible="true" version="1" changeset="54975407" timestamp="2017-12-28T07:27:58Z" user="FUKUTAN" uid="5207199" lat="35.0265168" lon="126.8633920"/>
 <node id="5307955813" visible="true" version="2" changeset="78636252" timestamp="2019-12-19T12:12:26Z" user="FUKUTAN" uid="5207199" lat="35.0263981" lon="126.8633356"/>
 <node id="5307955814" visible="true" version="1" changeset="54975407" timestamp="2017-12-28T07:27:58Z" user="FUKUTAN" uid="5207199" lat="35.0260599" lon="126.8632472"/>
 <node id="5307955815" visible="true" version="1" changeset="54975407" timestamp="2017-12-28T07:27:58Z" user="FUKUTAN" uid="5207199" lat="35.0257876" lon="126.8629789"/>
 <node id="5307955816" visible="true" version="1" changeset="54975407" timestamp="2017-12-28T07:27:58Z" user="FUKUTAN" uid="5207199" lat="35.0255372" lon="126.8627590"/>
 <node id="5307955817" visible="true" version="1" changeset="54975407" timestamp="2017-12-28T07:27:58Z" user="FUKUTAN" uid="5207199" lat="35.0254405" lon="126.8627483"/>
 <node id="5307955818" visible="true" version="1" changeset="54975407" timestamp="2017-12-28T07:27:58Z" user="FUKUTAN" uid="5207199" lat="35.0252472" lon="126.8627805"/>
 <node id="5307955819" visible="true" version="1" changeset="54975407" timestamp="2017-12-28T07:27:58Z" user="FUKUTAN" uid="5207199" lat="35.0250144" lon="126.8628287"/>
 <node id="5307955820" visible="true" version="1" changeset="54975407" timestamp="2017-12-28T07:27:58Z" user="FUKUTAN" uid="5207199" lat="35.0249002" lon="126.8628073"/>
 <node id="5307959621" visible="true" version="1" changeset="54975407" timestamp="2017-12-28T07:27:58Z" user="FUKUTAN" uid="5207199" lat="35.0246762" lon="126.8626678"/>
 <node id="5307959622" visible="true" version="1" changeset="54975407" timestamp="2017-12-28T07:27:58Z" user="FUKUTAN" uid="5207199" lat="35.0245356" lon="126.8626463"/>
 <node id="5307959623" visible="true" version="1" changeset="54975407" timestamp="2017-12-28T07:27:58Z" user="FUKUTAN" uid="5207199" lat="35.0242281" lon="126.8627000"/>
 <node id="5307959624" visible="true" version="1" changeset="54975407" timestamp="2017-12-28T07:27:58Z" user="FUKUTAN" uid="5207199" lat="35.0241182" lon="126.8627590"/>
 <node id="5307959625" visible="true" version="1" changeset="54975407" timestamp="2017-12-28T07:27:58Z" user="FUKUTAN" uid="5207199" lat="35.0240524" lon="126.8628502"/>
 <node id="5307959626" visible="true" version="1" changeset="54975407" timestamp="2017-12-28T07:27:58Z" user="FUKUTAN" uid="5207199" lat="35.0238327" lon="126.8629038"/>
 <node id="5307959627" visible="true" version="2" changeset="147077461" timestamp="2024-02-05T04:28:45Z" user="FUKUTAN" uid="5207199" lat="35.0236686" lon="126.8628911"/>
 <node id="5307959628" visible="true" version="1" changeset="54975407" timestamp="2017-12-28T07:27:58Z" user="FUKUTAN" uid="5207199" lat="35.0234769" lon="126.8630165"/>
 <node id="5307959629" visible="true" version="2" changeset="147077461" timestamp="2024-02-05T04:28:45Z" user="FUKUTAN" uid="5207199" lat="35.0232058" lon="126.8631055"/>
 <node id="5307959630" visible="true" version="2" changeset="147077461" timestamp="2024-02-05T04:28:45Z" user="FUKUTAN" uid="5207199" lat="35.0228370" lon="126.8630278"/>
 <node id="5307959631" visible="true" version="2" changeset="147077461" timestamp="2024-02-05T04:28:45Z" user="FUKUTAN" uid="5207199" lat="35.0227430" lon="126.8629614"/>
 <node id="5307959632" visible="true" version="1" changeset="54975407" timestamp="2017-12-28T07:27:58Z" user="FUKUTAN" uid="5207199" lat="35.0226817" lon="126.8628824"/>
 <node id="5312200072" visible="true" version="1" changeset="55037900" timestamp="2017-12-30T15:59:04Z" user="FUKUTAN" uid="5207199" lat="35.0477810" lon="126.8481580"/>
 <node id="5312200073" visible="true" version="1" changeset="55037900" timestamp="2017-12-30T15:59:04Z" user="FUKUTAN" uid="5207199" lat="35.0481286" lon="126.8471690"/>
 <node id="5312200074" visible="true" version="1" changeset="55037900" timestamp="2017-12-30T15:59:04Z" user="FUKUTAN" uid="5207199" lat="35.0475202" lon="126.8484953"/>
 <node id="5312200075" visible="true" version="1" changeset="55037900" timestamp="2017-12-30T15:59:04Z" user="FUKUTAN" uid="5207199" lat="35.0466810" lon="126.8495025"/>
 <node id="5312200076" visible="true" version="1" changeset="55037900" timestamp="2017-12-30T15:59:04Z" user="FUKUTAN" uid="5207199" lat="35.0458909" lon="126.8500771"/>
 <node id="5312200077" visible="true" version="1" changeset="55037900" timestamp="2017-12-30T15:59:04Z" user="FUKUTAN" uid="5207199" lat="35.0454708" lon="126.8507481"/>
 <node id="5312200078" visible="true" version="1" changeset="55037900" timestamp="2017-12-30T15:59:04Z" user="FUKUTAN" uid="5207199" lat="35.0450949" lon="126.8510383"/>
 <node id="5312200079" visible="true" version="1" changeset="55037900" timestamp="2017-12-30T15:59:04Z" user="FUKUTAN" uid="5207199" lat="35.0440008" lon="126.8520367"/>
 <node id="5312200080" visible="true" version="1" changeset="55037900" timestamp="2017-12-30T15:59:04Z" user="FUKUTAN" uid="5207199" lat="35.0429244" lon="126.8527293"/>
 <node id="5312200081" visible="true" version="1" changeset="55037900" timestamp="2017-12-30T15:59:04Z" user="FUKUTAN" uid="5207199" lat="35.0426455" lon="126.8528176"/>
 <node id="5312200082" visible="true" version="1" changeset="55037900" timestamp="2017-12-30T15:59:04Z" user="FUKUTAN" uid="5207199" lat="35.0487048" lon="126.8506804"/>
 <node id="5312200083" visible="true" version="1" changeset="55037900" timestamp="2017-12-30T15:59:04Z" user="FUKUTAN" uid="5207199" lat="35.0490848" lon="126.8509018"/>
 <node id="5312200084" visible="true" version="1" changeset="55037900" timestamp="2017-12-30T15:59:04Z" user="FUKUTAN" uid="5207199" lat="35.0493329" lon="126.8501890"/>
 <node id="5312200085" visible="true" version="1" changeset="55037900" timestamp="2017-12-30T15:59:04Z" user="FUKUTAN" uid="5207199" lat="35.0486761" lon="126.8491756"/>
 <node id="5484092961" visible="true" version="1" changeset="57261740" timestamp="2018-03-17T08:23:24Z" user="FUKUTAN" uid="5207199" lat="35.0482966" lon="126.8455865"/>
 <node id="5484092988" visible="true" version="1" changeset="57261740" timestamp="2018-03-17T08:23:24Z" user="FUKUTAN" uid="5207199" lat="35.0418736" lon="126.8648747"/>
 <node id="5484093010" visible="true" version="2" changeset="120191462" timestamp="2022-04-26T04:23:01Z" user="FUKUTAN" uid="5207199" lat="35.0383604" lon="126.8556795"/>
 <node id="5484093011" visible="true" version="1" changeset="57261740" timestamp="2018-03-17T08:23:25Z" user="FUKUTAN" uid="5207199" lat="35.0371072" lon="126.8563778"/>
 <node id="5484093012" visible="true" version="1" changeset="57261740" timestamp="2018-03-17T08:23:25Z" user="FUKUTAN" uid="5207199" lat="35.0364011" lon="126.8569689"/>
 <node id="5484093013" visible="true" version="1" changeset="57261740" timestamp="2018-03-17T08:23:25Z" user="FUKUTAN" uid="5207199" lat="35.0343454" lon="126.8577968"/>
 <node id="5484093014" visible="true" version="1" changeset="57261740" timestamp="2018-03-17T08:23:25Z" user="FUKUTAN" uid="5207199" lat="35.0352022" lon="126.8575238"/>
 <node id="5653605840" visible="true" version="1" changeset="59426431" timestamp="2018-05-31T11:14:33Z" user="FUKUTAN" uid="5207199" lat="35.0250839" lon="126.8590576"/>
 <node id="5653605841" visible="true" version="1" changeset="59426431" timestamp="2018-05-31T11:14:33Z" user="FUKUTAN" uid="5207199" lat="35.0269972" lon="126.8592077"/>
 <node id="5653605861" visible="true" version="1" changeset="59426431" timestamp="2018-05-31T11:14:33Z" user="FUKUTAN" uid="5207199" lat="35.0205851" lon="126.8600083"/>
 <node id="5653605862" visible="true" version="1" changeset="59426431" timestamp="2018-05-31T11:14:33Z" user="FUKUTAN" uid="5207199" lat="35.0206377" lon="126.8599558"/>
 <node id="5653605863" visible="true" version="1" changeset="59426431" timestamp="2018-05-31T11:14:33Z" user="FUKUTAN" uid="5207199" lat="35.0225710" lon="126.8578088"/>
 <node id="5653605864" visible="true" version="1" changeset="59426431" timestamp="2018-05-31T11:14:33Z" user="FUKUTAN" uid="5207199" lat="35.0225958" lon="126.8577866"/>
 <node id="5653605865" visible="true" version="1" changeset="59426431" timestamp="2018-05-31T11:14:33Z" user="FUKUTAN" uid="5207199" lat="35.0226149" lon="126.8577737"/>
 <node id="5653605866" visible="true" version="1" changeset="59426431" timestamp="2018-05-31T11:14:33Z" user="FUKUTAN" uid="5207199" lat="35.0226474" lon="126.8577644"/>
 <node id="5653605867" visible="true" version="2" changeset="154920955" timestamp="2024-08-07T07:08:32Z" user="morago" uid="11113946" lat="35.0227616" lon="126.8577125"/>
 <node id="5653605868" visible="true" version="1" changeset="59426431" timestamp="2018-05-31T11:14:33Z" user="FUKUTAN" uid="5207199" lat="35.0240998" lon="126.8626993"/>
 <node id="5653605869" visible="true" version="1" changeset="59426431" timestamp="2018-05-31T11:14:33Z" user="FUKUTAN" uid="5207199" lat="35.0241839" lon="126.8607508"/>
 <node id="5653605870" visible="true" version="1" changeset="59426431" timestamp="2018-05-31T11:14:33Z" user="FUKUTAN" uid="5207199" lat="35.0241964" lon="126.8607262"/>
 <node id="5653605871" visible="true" version="1" changeset="59426431" timestamp="2018-05-31T11:14:33Z" user="FUKUTAN" uid="5207199" lat="35.0242241" lon="126.8606924"/>
 <node id="5653605872" visible="true" version="1" changeset="59426431" timestamp="2018-05-31T11:14:33Z" user="FUKUTAN" uid="5207199" lat="35.0251142" lon="126.8596953"/>
 <node id="5870049547" visible="true" version="1" changeset="62159177" timestamp="2018-08-31T04:17:15Z" user="maphunter36" uid="2924920" lat="35.0150677" lon="126.8632735"/>
 <node id="5870049548" visible="true" version="1" changeset="62159177" timestamp="2018-08-31T04:17:15Z" user="maphunter36" uid="2924920" lat="35.0156337" lon="126.8632081"/>
 <node id="5870049549" visible="true" version="1" changeset="62159177" timestamp="2018-08-31T04:17:15Z" user="maphunter36" uid="2924920" lat="35.0167429" lon="126.8632735"/>
 <node id="5870049550" visible="true" version="1" changeset="62159177" timestamp="2018-08-31T04:17:15Z" user="maphunter36" uid="2924920" lat="35.0169265" lon="126.8630680"/>
 <node id="5870049551" visible="true" version="1" changeset="62159177" timestamp="2018-08-31T04:17:15Z" user="maphunter36" uid="2924920" lat="35.0168423" lon="126.8627318"/>
 <node id="5870049552" visible="true" version="1" changeset="62159177" timestamp="2018-08-31T04:17:15Z" user="maphunter36" uid="2924920" lat="35.0167276" lon="126.8624422"/>
 <node id="5870049553" visible="true" version="1" changeset="62159177" timestamp="2018-08-31T04:17:15Z" user="maphunter36" uid="2924920" lat="35.0168423" lon="126.8621807"/>
 <node id="5870049554" visible="true" version="1" changeset="62159177" timestamp="2018-08-31T04:17:15Z" user="maphunter36" uid="2924920" lat="35.0169112" lon="126.8619192"/>
 <node id="5870049555" visible="true" version="1" changeset="62159177" timestamp="2018-08-31T04:17:15Z" user="maphunter36" uid="2924920" lat="35.0165976" lon="126.8619192"/>
 <node id="5870049556" visible="true" version="1" changeset="62159177" timestamp="2018-08-31T04:17:15Z" user="maphunter36" uid="2924920" lat="35.0163451" lon="126.8616110"/>
 <node id="5870049557" visible="true" version="1" changeset="62159177" timestamp="2018-08-31T04:17:15Z" user="maphunter36" uid="2924920" lat="35.0160468" lon="126.8612093"/>
 <node id="5870049558" visible="true" version="1" changeset="62159177" timestamp="2018-08-31T04:17:15Z" user="maphunter36" uid="2924920" lat="35.0157102" lon="126.8610132"/>
 <node id="5870049559" visible="true" version="1" changeset="62159177" timestamp="2018-08-31T04:17:15Z" user="maphunter36" uid="2924920" lat="35.0154578" lon="126.8609105"/>
 <node id="5870049560" visible="true" version="1" changeset="62159177" timestamp="2018-08-31T04:17:15Z" user="maphunter36" uid="2924920" lat="35.0152360" lon="126.8611159"/>
 <node id="5870049561" visible="true" version="1" changeset="62159177" timestamp="2018-08-31T04:17:15Z" user="maphunter36" uid="2924920" lat="35.0150371" lon="126.8614428"/>
 <node id="5870049562" visible="true" version="1" changeset="62159177" timestamp="2018-08-31T04:17:15Z" user="maphunter36" uid="2924920" lat="35.0145781" lon="126.8618351"/>
 <node id="5870049563" visible="true" version="1" changeset="62159177" timestamp="2018-08-31T04:17:15Z" user="maphunter36" uid="2924920" lat="35.0141268" lon="126.8620219"/>
 <node id="5870049564" visible="true" version="1" changeset="62159177" timestamp="2018-08-31T04:17:15Z" user="maphunter36" uid="2924920" lat="35.0136755" lon="126.8621527"/>
 <node id="5870049565" visible="true" version="1" changeset="62159177" timestamp="2018-08-31T04:17:15Z" user="maphunter36" uid="2924920" lat="35.0134307" lon="126.8619846"/>
 <node id="5870049566" visible="true" version="1" changeset="62159177" timestamp="2018-08-31T04:17:15Z" user="maphunter36" uid="2924920" lat="35.0134307" lon="126.8617230"/>
 <node id="5870049567" visible="true" version="1" changeset="62159177" timestamp="2018-08-31T04:17:15Z" user="maphunter36" uid="2924920" lat="35.0134919" lon="126.8614242"/>
 <node id="5870049568" visible="true" version="1" changeset="62159177" timestamp="2018-08-31T04:17:15Z" user="maphunter36" uid="2924920" lat="35.0134536" lon="126.8608638"/>
 <node id="5870049569" visible="true" version="1" changeset="62159177" timestamp="2018-08-31T04:17:15Z" user="maphunter36" uid="2924920" lat="35.0135454" lon="126.8604061"/>
 <node id="5870049570" visible="true" version="1" changeset="62159177" timestamp="2018-08-31T04:17:15Z" user="maphunter36" uid="2924920" lat="35.0137137" lon="126.8603034"/>
 <node id="5870049571" visible="true" version="1" changeset="62159177" timestamp="2018-08-31T04:17:15Z" user="maphunter36" uid="2924920" lat="35.0141038" lon="126.8602940"/>
 <node id="5870049572" visible="true" version="1" changeset="62159177" timestamp="2018-08-31T04:17:15Z" user="maphunter36" uid="2924920" lat="35.0147158" lon="126.8602753"/>
 <node id="5870049573" visible="true" version="1" changeset="62159177" timestamp="2018-08-31T04:17:15Z" user="maphunter36" uid="2924920" lat="35.0150753" lon="126.8602380"/>
 <node id="5870049574" visible="true" version="1" changeset="62159177" timestamp="2018-08-31T04:17:15Z" user="maphunter36" uid="2924920" lat="35.0153584" lon="126.8597710"/>
 <node id="5870049575" visible="true" version="1" changeset="62159177" timestamp="2018-08-31T04:17:15Z" user="maphunter36" uid="2924920" lat="35.0156567" lon="126.8594067"/>
 <node id="5870049576" visible="true" version="1" changeset="62159177" timestamp="2018-08-31T04:17:15Z" user="maphunter36" uid="2924920" lat="35.0156796" lon="126.8588837"/>
 <node id="5870049577" visible="true" version="1" changeset="62159177" timestamp="2018-08-31T04:17:15Z" user="maphunter36" uid="2924920" lat="35.0156796" lon="126.8584260"/>
 <node id="5870049578" visible="true" version="1" changeset="62159177" timestamp="2018-08-31T04:17:15Z" user="maphunter36" uid="2924920" lat="35.0155649" lon="126.8580244"/>
 <node id="5870049579" visible="true" version="1" changeset="62159177" timestamp="2018-08-31T04:17:15Z" user="maphunter36" uid="2924920" lat="35.0153737" lon="126.8573332"/>
 <node id="5870049580" visible="true" version="1" changeset="62159177" timestamp="2018-08-31T04:17:15Z" user="maphunter36" uid="2924920" lat="35.0151212" lon="126.8569503"/>
 <node id="5870049581" visible="true" version="1" changeset="62159177" timestamp="2018-08-31T04:17:15Z" user="maphunter36" uid="2924920" lat="35.0146776" lon="126.8572212"/>
 <node id="5870049582" visible="true" version="1" changeset="62159177" timestamp="2018-08-31T04:17:15Z" user="maphunter36" uid="2924920" lat="35.0143869" lon="126.8572772"/>
 <node id="5870049583" visible="true" version="1" changeset="62159177" timestamp="2018-08-31T04:17:15Z" user="maphunter36" uid="2924920" lat="35.0140120" lon="126.8574266"/>
 <node id="5870049584" visible="true" version="1" changeset="62159177" timestamp="2018-08-31T04:17:15Z" user="maphunter36" uid="2924920" lat="35.0137290" lon="126.8576882"/>
 <node id="5870049585" visible="true" version="1" changeset="62159177" timestamp="2018-08-31T04:17:15Z" user="maphunter36" uid="2924920" lat="35.0133312" lon="126.8579777"/>
 <node id="5870049586" visible="true" version="1" changeset="62159177" timestamp="2018-08-31T04:17:15Z" user="maphunter36" uid="2924920" lat="35.0130941" lon="126.8584914"/>
 <node id="5870049587" visible="true" version="1" changeset="62159177" timestamp="2018-08-31T04:17:15Z" user="maphunter36" uid="2924920" lat="35.0127422" lon="126.8599858"/>
 <node id="5870049588" visible="true" version="1" changeset="62159177" timestamp="2018-08-31T04:17:15Z" user="maphunter36" uid="2924920" lat="35.0122603" lon="126.8612000"/>
 <node id="5870049589" visible="true" version="1" changeset="62159177" timestamp="2018-08-31T04:17:15Z" user="maphunter36" uid="2924920" lat="35.0120002" lon="126.8619565"/>
 <node id="5870049590" visible="true" version="1" changeset="62159177" timestamp="2018-08-31T04:17:15Z" user="maphunter36" uid="2924920" lat="35.0113729" lon="126.8636564"/>
 <node id="5870049591" visible="true" version="1" changeset="62159177" timestamp="2018-08-31T04:17:15Z" user="maphunter36" uid="2924920" lat="35.0105008" lon="126.8660661"/>
 <node id="5870049592" visible="true" version="1" changeset="62159177" timestamp="2018-08-31T04:17:15Z" user="maphunter36" uid="2924920" lat="35.0101719" lon="126.8672056"/>
 <node id="5870049593" visible="true" version="1" changeset="62159177" timestamp="2018-08-31T04:17:15Z" user="maphunter36" uid="2924920" lat="35.0098123" lon="126.8682891"/>
 <node id="5870049594" visible="true" version="1" changeset="62159177" timestamp="2018-08-31T04:17:15Z" user="maphunter36" uid="2924920" lat="35.0096976" lon="126.8698115"/>
 <node id="5870049595" visible="true" version="1" changeset="62159177" timestamp="2018-08-31T04:17:15Z" user="maphunter36" uid="2924920" lat="35.0092921" lon="126.8712685"/>
 <node id="5870049596" visible="true" version="1" changeset="62159177" timestamp="2018-08-31T04:17:15Z" user="maphunter36" uid="2924920" lat="35.0089096" lon="126.8728283"/>
 <node id="5870049597" visible="true" version="1" changeset="62159177" timestamp="2018-08-31T04:17:15Z" user="maphunter36" uid="2924920" lat="35.0088102" lon="126.8740238"/>
 <node id="5870049598" visible="true" version="1" changeset="62159177" timestamp="2018-08-31T04:17:15Z" user="maphunter36" uid="2924920" lat="35.0086648" lon="126.8747243"/>
 <node id="5870049599" visible="true" version="1" changeset="62159177" timestamp="2018-08-31T04:17:15Z" user="maphunter36" uid="2924920" lat="35.0085271" lon="126.8758171"/>
 <node id="5870049600" visible="true" version="1" changeset="62159177" timestamp="2018-08-31T04:17:15Z" user="maphunter36" uid="2924920" lat="35.0085195" lon="126.8767418"/>
 <node id="5870049601" visible="true" version="1" changeset="62159177" timestamp="2018-08-31T04:17:15Z" user="maphunter36" uid="2924920" lat="35.0087719" lon="126.8778252"/>
 <node id="5870049602" visible="true" version="1" changeset="62159177" timestamp="2018-08-31T04:17:15Z" user="maphunter36" uid="2924920" lat="35.0089249" lon="126.8784603"/>
 <node id="5870049603" visible="true" version="1" changeset="62159177" timestamp="2018-08-31T04:17:15Z" user="maphunter36" uid="2924920" lat="35.0090932" lon="126.8790020"/>
 <node id="5870049604" visible="true" version="1" changeset="62159177" timestamp="2018-08-31T04:17:15Z" user="maphunter36" uid="2924920" lat="35.0093992" lon="126.8791421"/>
 <node id="5870049605" visible="true" version="1" changeset="62159177" timestamp="2018-08-31T04:17:15Z" user="maphunter36" uid="2924920" lat="35.0095446" lon="126.8792075"/>
 <node id="5870049606" visible="true" version="1" changeset="62159177" timestamp="2018-08-31T04:17:15Z" user="maphunter36" uid="2924920" lat="35.0101489" lon="126.8792449"/>
 <node id="5870049607" visible="true" version="1" changeset="62159177" timestamp="2018-08-31T04:17:15Z" user="maphunter36" uid="2924920" lat="35.0105697" lon="126.8792355"/>
 <node id="5870049608" visible="true" version="1" changeset="62159177" timestamp="2018-08-31T04:17:15Z" user="maphunter36" uid="2924920" lat="35.0108910" lon="126.8792916"/>
 <node id="5870049609" visible="true" version="1" changeset="62159177" timestamp="2018-08-31T04:17:15Z" user="maphunter36" uid="2924920" lat="35.0114418" lon="126.8793196"/>
 <node id="5870049610" visible="true" version="1" changeset="62159177" timestamp="2018-08-31T04:17:15Z" user="maphunter36" uid="2924920" lat="35.0118931" lon="126.8791328"/>
 <node id="5870049611" visible="true" version="1" changeset="62159177" timestamp="2018-08-31T04:17:15Z" user="maphunter36" uid="2924920" lat="35.0122144" lon="126.8790768"/>
 <node id="5870049612" visible="true" version="1" changeset="62159177" timestamp="2018-08-31T04:17:15Z" user="maphunter36" uid="2924920" lat="35.0123062" lon="126.8793756"/>
 <node id="5870049613" visible="true" version="1" changeset="62159177" timestamp="2018-08-31T04:17:15Z" user="maphunter36" uid="2924920" lat="35.0121608" lon="126.8798146"/>
 <node id="5870049614" visible="true" version="1" changeset="62159177" timestamp="2018-08-31T04:17:15Z" user="maphunter36" uid="2924920" lat="35.0123597" lon="126.8800575"/>
 <node id="5870049615" visible="true" version="1" changeset="62159177" timestamp="2018-08-31T04:17:15Z" user="maphunter36" uid="2924920" lat="35.0128187" lon="126.8804404"/>
 <node id="5870049616" visible="true" version="1" changeset="62159177" timestamp="2018-08-31T04:17:15Z" user="maphunter36" uid="2924920" lat="35.0130176" lon="126.8811035"/>
 <node id="5870049617" visible="true" version="1" changeset="62159177" timestamp="2018-08-31T04:17:15Z" user="maphunter36" uid="2924920" lat="35.0134536" lon="126.8814678"/>
 <node id="5870049618" visible="true" version="1" changeset="62159177" timestamp="2018-08-31T04:17:15Z" user="maphunter36" uid="2924920" lat="35.0137826" lon="126.8818227"/>
 <node id="5870049619" visible="true" version="1" changeset="62159177" timestamp="2018-08-31T04:17:15Z" user="maphunter36" uid="2924920" lat="35.0137520" lon="126.8821776"/>
 <node id="5870049620" visible="true" version="1" changeset="62159177" timestamp="2018-08-31T04:17:15Z" user="maphunter36" uid="2924920" lat="35.0136143" lon="126.8826260"/>
 <node id="5870049621" visible="true" version="1" changeset="62159177" timestamp="2018-08-31T04:17:15Z" user="maphunter36" uid="2924920" lat="35.0134613" lon="126.8830463"/>
 <node id="5870049622" visible="true" version="1" changeset="62159177" timestamp="2018-08-31T04:17:15Z" user="maphunter36" uid="2924920" lat="35.0132394" lon="126.8830463"/>
 <node id="5870049623" visible="true" version="1" changeset="62159177" timestamp="2018-08-31T04:17:15Z" user="maphunter36" uid="2924920" lat="35.0131476" lon="126.8826727"/>
 <node id="5870049624" visible="true" version="1" changeset="62159177" timestamp="2018-08-31T04:17:16Z" user="maphunter36" uid="2924920" lat="35.0130405" lon="126.8823644"/>
 <node id="5870049625" visible="true" version="1" changeset="62159177" timestamp="2018-08-31T04:17:16Z" user="maphunter36" uid="2924920" lat="35.0124056" lon="126.8816639"/>
 <node id="5870049626" visible="true" version="1" changeset="62159177" timestamp="2018-08-31T04:17:16Z" user="maphunter36" uid="2924920" lat="35.0120996" lon="126.8812810"/>
 <node id="5870049627" visible="true" version="1" changeset="62159177" timestamp="2018-08-31T04:17:16Z" user="maphunter36" uid="2924920" lat="35.0118548" lon="126.8807673"/>
 <node id="5870049628" visible="true" version="1" changeset="62159177" timestamp="2018-08-31T04:17:16Z" user="maphunter36" uid="2924920" lat="35.0116177" lon="126.8806739"/>
 <node id="5870049629" visible="true" version="1" changeset="62159177" timestamp="2018-08-31T04:17:16Z" user="maphunter36" uid="2924920" lat="35.0112811" lon="126.8805805"/>
 <node id="5870049630" visible="true" version="1" changeset="62159177" timestamp="2018-08-31T04:17:16Z" user="maphunter36" uid="2924920" lat="35.0108068" lon="126.8803844"/>
 <node id="5870049631" visible="true" version="1" changeset="62159177" timestamp="2018-08-31T04:17:16Z" user="maphunter36" uid="2924920" lat="35.0105008" lon="126.8803657"/>
 <node id="5870049632" visible="true" version="1" changeset="62159177" timestamp="2018-08-31T04:17:16Z" user="maphunter36" uid="2924920" lat="35.0101872" lon="126.8804030"/>
 <node id="5870049633" visible="true" version="1" changeset="62159177" timestamp="2018-08-31T04:17:16Z" user="maphunter36" uid="2924920" lat="35.0098276" lon="126.8806832"/>
 <node id="5870049634" visible="true" version="1" changeset="62159177" timestamp="2018-08-31T04:17:16Z" user="maphunter36" uid="2924920" lat="35.0097205" lon="126.8810195"/>
 <node id="5870049635" visible="true" version="1" changeset="62159177" timestamp="2018-08-31T04:17:16Z" user="maphunter36" uid="2924920" lat="35.0096364" lon="126.8814118"/>
 <node id="5870049636" visible="true" version="1" changeset="62159177" timestamp="2018-08-31T04:17:16Z" user="maphunter36" uid="2924920" lat="35.0095981" lon="126.8817760"/>
 <node id="5870049637" visible="true" version="1" changeset="62159177" timestamp="2018-08-31T04:17:16Z" user="maphunter36" uid="2924920" lat="35.0098353" lon="126.8823551"/>
 <node id="5870049638" visible="true" version="1" changeset="62159177" timestamp="2018-08-31T04:17:16Z" user="maphunter36" uid="2924920" lat="35.0100112" lon="126.8830089"/>
 <node id="5870049639" visible="true" version="1" changeset="62159177" timestamp="2018-08-31T04:17:16Z" user="maphunter36" uid="2924920" lat="35.0100954" lon="126.8838775"/>
 <node id="5870049640" visible="true" version="1" changeset="62159177" timestamp="2018-08-31T04:17:16Z" user="maphunter36" uid="2924920" lat="35.0100648" lon="126.8848862"/>
 <node id="5870049641" visible="true" version="1" changeset="62159177" timestamp="2018-08-31T04:17:16Z" user="maphunter36" uid="2924920" lat="35.0100877" lon="126.8860724"/>
 <node id="5870049642" visible="true" version="1" changeset="62159177" timestamp="2018-08-31T04:17:16Z" user="maphunter36" uid="2924920" lat="35.0100801" lon="126.8867169"/>
 <node id="5870049643" visible="true" version="1" changeset="62159177" timestamp="2018-08-31T04:17:16Z" user="maphunter36" uid="2924920" lat="35.0101336" lon="126.8880431"/>
 <node id="5870049644" visible="true" version="1" changeset="62159177" timestamp="2018-08-31T04:17:16Z" user="maphunter36" uid="2924920" lat="35.0102713" lon="126.8883794"/>
 <node id="5870049645" visible="true" version="1" changeset="62159177" timestamp="2018-08-31T04:17:16Z" user="maphunter36" uid="2924920" lat="35.0102407" lon="126.8889024"/>
 <node id="5870049646" visible="true" version="1" changeset="62159177" timestamp="2018-08-31T04:17:16Z" user="maphunter36" uid="2924920" lat="35.0102254" lon="126.8893414"/>
 <node id="5870049647" visible="true" version="1" changeset="62159177" timestamp="2018-08-31T04:17:16Z" user="maphunter36" uid="2924920" lat="35.0100724" lon="126.8898271"/>
 <node id="5870049648" visible="true" version="1" changeset="62159177" timestamp="2018-08-31T04:17:16Z" user="maphunter36" uid="2924920" lat="35.0100265" lon="126.8902661"/>
 <node id="5870049649" visible="true" version="1" changeset="62159177" timestamp="2018-08-31T04:17:16Z" user="maphunter36" uid="2924920" lat="35.0097282" lon="126.8913588"/>
 <node id="5870049650" visible="true" version="1" changeset="62159177" timestamp="2018-08-31T04:17:16Z" user="maphunter36" uid="2924920" lat="35.0094375" lon="126.8918912"/>
 <node id="5870049651" visible="true" version="1" changeset="62159177" timestamp="2018-08-31T04:17:16Z" user="maphunter36" uid="2924920" lat="35.0095522" lon="126.8922648"/>
 <node id="5870049652" visible="true" version="1" changeset="62159177" timestamp="2018-08-31T04:17:16Z" user="maphunter36" uid="2924920" lat="35.0096746" lon="126.8935351"/>
 <node id="5870049653" visible="true" version="1" changeset="62159177" timestamp="2018-08-31T04:17:16Z" user="maphunter36" uid="2924920" lat="35.0100571" lon="126.8940768"/>
 <node id="5870049654" visible="true" version="1" changeset="62159177" timestamp="2018-08-31T04:17:16Z" user="maphunter36" uid="2924920" lat="35.0100877" lon="126.8945531"/>
 <node id="5870049655" visible="true" version="1" changeset="62159177" timestamp="2018-08-31T04:17:16Z" user="maphunter36" uid="2924920" lat="35.0098353" lon="126.8956179"/>
 <node id="5870049656" visible="true" version="1" changeset="62159177" timestamp="2018-08-31T04:17:16Z" user="maphunter36" uid="2924920" lat="35.0097052" lon="126.8963838"/>
 <node id="5870049657" visible="true" version="1" changeset="62159177" timestamp="2018-08-31T04:17:16Z" user="maphunter36" uid="2924920" lat="35.0094757" lon="126.8968601"/>
 <node id="5870049658" visible="true" version="1" changeset="62159177" timestamp="2018-08-31T04:17:16Z" user="maphunter36" uid="2924920" lat="35.0093610" lon="126.8973925"/>
 <node id="5870049659" visible="true" version="1" changeset="62159177" timestamp="2018-08-31T04:17:16Z" user="maphunter36" uid="2924920" lat="35.0093763" lon="126.8977754"/>
 <node id="5870049660" visible="true" version="1" changeset="62159177" timestamp="2018-08-31T04:17:16Z" user="maphunter36" uid="2924920" lat="35.0095522" lon="126.8978501"/>
 <node id="5870049661" visible="true" version="1" changeset="62159177" timestamp="2018-08-31T04:17:16Z" user="maphunter36" uid="2924920" lat="35.0099424" lon="126.8976166"/>
 <node id="5870049662" visible="true" version="1" changeset="62159177" timestamp="2018-08-31T04:17:16Z" user="maphunter36" uid="2924920" lat="35.0103937" lon="126.8974952"/>
 <node id="5870049663" visible="true" version="1" changeset="62159177" timestamp="2018-08-31T04:17:16Z" user="maphunter36" uid="2924920" lat="35.0106615" lon="126.8975046"/>
 <node id="5870049664" visible="true" version="1" changeset="62159177" timestamp="2018-08-31T04:17:16Z" user="maphunter36" uid="2924920" lat="35.0113270" lon="126.8973458"/>
 <node id="5870049665" visible="true" version="1" changeset="62159177" timestamp="2018-08-31T04:17:16Z" user="maphunter36" uid="2924920" lat="35.0116636" lon="126.8974392"/>
 <node id="5870049666" visible="true" version="1" changeset="62159177" timestamp="2018-08-31T04:17:16Z" user="maphunter36" uid="2924920" lat="35.0119849" lon="126.8977474"/>
 <node id="5870049667" visible="true" version="1" changeset="62159177" timestamp="2018-08-31T04:17:16Z" user="maphunter36" uid="2924920" lat="35.0123215" lon="126.8978408"/>
 <node id="5870049668" visible="true" version="1" changeset="62159177" timestamp="2018-08-31T04:17:16Z" user="maphunter36" uid="2924920" lat="35.0128723" lon="126.8976260"/>
 <node id="5870049669" visible="true" version="1" changeset="62159177" timestamp="2018-08-31T04:17:16Z" user="maphunter36" uid="2924920" lat="35.0133159" lon="126.8970749"/>
 <node id="5870049670" visible="true" version="1" changeset="62159177" timestamp="2018-08-31T04:17:16Z" user="maphunter36" uid="2924920" lat="35.0137826" lon="126.8967200"/>
 <node id="5870049671" visible="true" version="1" changeset="62159177" timestamp="2018-08-31T04:17:16Z" user="maphunter36" uid="2924920" lat="35.0141191" lon="126.8964211"/>
 <node id="5870049672" visible="true" version="1" changeset="62159177" timestamp="2018-08-31T04:17:16Z" user="maphunter36" uid="2924920" lat="35.0148458" lon="126.8960008"/>
 <node id="5870049673" visible="true" version="1" changeset="62159177" timestamp="2018-08-31T04:17:16Z" user="maphunter36" uid="2924920" lat="35.0152589" lon="126.8957486"/>
 <node id="5870049674" visible="true" version="1" changeset="62159177" timestamp="2018-08-31T04:17:16Z" user="maphunter36" uid="2924920" lat="35.0156031" lon="126.8957206"/>
 <node id="5870049675" visible="true" version="1" changeset="62159177" timestamp="2018-08-31T04:17:16Z" user="maphunter36" uid="2924920" lat="35.0164140" lon="126.8954498"/>
 <node id="5870049676" visible="true" version="1" changeset="62159177" timestamp="2018-08-31T04:17:16Z" user="maphunter36" uid="2924920" lat="35.0167582" lon="126.8953283"/>
 <node id="5870049677" visible="true" version="1" changeset="62159177" timestamp="2018-08-31T04:17:16Z" user="maphunter36" uid="2924920" lat="35.0173319" lon="126.8953844"/>
 <node id="5870049678" visible="true" version="1" changeset="62159177" timestamp="2018-08-31T04:17:16Z" user="maphunter36" uid="2924920" lat="35.0177373" lon="126.8953190"/>
 <node id="5870049679" visible="true" version="1" changeset="62159177" timestamp="2018-08-31T04:17:16Z" user="maphunter36" uid="2924920" lat="35.0179974" lon="126.8953377"/>
 <node id="5870049680" visible="true" version="1" changeset="62159177" timestamp="2018-08-31T04:17:16Z" user="maphunter36" uid="2924920" lat="35.0181427" lon="126.8952723"/>
 <node id="5870049681" visible="true" version="1" changeset="62159177" timestamp="2018-08-31T04:17:16Z" user="maphunter36" uid="2924920" lat="35.0182039" lon="126.8950388"/>
 <node id="5870049682" visible="true" version="1" changeset="62159177" timestamp="2018-08-31T04:17:16Z" user="maphunter36" uid="2924920" lat="35.0187546" lon="126.8947212"/>
 <node id="5870049683" visible="true" version="1" changeset="62159177" timestamp="2018-08-31T04:17:16Z" user="maphunter36" uid="2924920" lat="35.0190377" lon="126.8946092"/>
 <node id="5870049684" visible="true" version="1" changeset="62159177" timestamp="2018-08-31T04:17:16Z" user="maphunter36" uid="2924920" lat="35.0194278" lon="126.8941515"/>
 <node id="5870049685" visible="true" version="2" changeset="64423449" timestamp="2018-11-12T22:42:16Z" user="maphunter36" uid="2924920" lat="35.0193714" lon="126.8938298"/>
 <node id="5870049687" visible="true" version="1" changeset="62159177" timestamp="2018-08-31T04:17:16Z" user="maphunter36" uid="2924920" lat="35.0117901" lon="126.9001160"/>
 <node id="5870049688" visible="true" version="1" changeset="62159177" timestamp="2018-08-31T04:17:16Z" user="maphunter36" uid="2924920" lat="35.0130034" lon="126.8989439"/>
 <node id="5870049689" visible="true" version="1" changeset="62159177" timestamp="2018-08-31T04:17:16Z" user="maphunter36" uid="2924920" lat="35.0147072" lon="126.8979184"/>
 <node id="5870049690" visible="true" version="1" changeset="62159177" timestamp="2018-08-31T04:17:16Z" user="maphunter36" uid="2924920" lat="35.0155271" lon="126.8980221"/>
 <node id="5888467295" visible="true" version="2" changeset="64423449" timestamp="2018-11-12T22:42:16Z" user="maphunter36" uid="2924920" lat="35.0440870" lon="126.8847349"/>
 <node id="5888467296" visible="true" version="1" changeset="62349952" timestamp="2018-09-06T16:58:46Z" user="maphunter36" uid="2924920" lat="35.0333166" lon="126.8717748"/>
 <node id="5888467297" visible="true" version="1" changeset="62349952" timestamp="2018-09-06T16:58:46Z" user="maphunter36" uid="2924920" lat="35.0448493" lon="126.8846209"/>
 <node id="5888467298" visible="true" version="1" changeset="62349952" timestamp="2018-09-06T16:58:46Z" user="maphunter36" uid="2924920" lat="35.0452860" lon="126.8841143"/>
 <node id="5888467299" visible="true" version="1" changeset="62349952" timestamp="2018-09-06T16:58:46Z" user="maphunter36" uid="2924920" lat="35.0464789" lon="126.8834605"/>
 <node id="5888467300" visible="true" version="1" changeset="62349952" timestamp="2018-09-06T16:58:46Z" user="maphunter36" uid="2924920" lat="35.0465707" lon="126.8828814"/>
 <node id="5888467301" visible="true" version="1" changeset="62349952" timestamp="2018-09-06T16:58:46Z" user="maphunter36" uid="2924920" lat="35.0471365" lon="126.8821342"/>
 <node id="5888467302" visible="true" version="1" changeset="62349952" timestamp="2018-09-06T16:58:46Z" user="maphunter36" uid="2924920" lat="35.0477482" lon="126.8817419"/>
 <node id="5888467303" visible="true" version="1" changeset="62349952" timestamp="2018-09-06T16:58:46Z" user="maphunter36" uid="2924920" lat="35.0486658" lon="126.8814430"/>
 <node id="5888467304" visible="true" version="1" changeset="62349952" timestamp="2018-09-06T16:58:46Z" user="maphunter36" uid="2924920" lat="35.0493081" lon="126.8817793"/>
 <node id="5888467305" visible="true" version="1" changeset="62349952" timestamp="2018-09-06T16:58:46Z" user="maphunter36" uid="2924920" lat="35.0501033" lon="126.8814430"/>
 <node id="5888467306" visible="true" version="1" changeset="62349952" timestamp="2018-09-06T16:58:46Z" user="maphunter36" uid="2924920" lat="35.0499810" lon="126.8807892"/>
 <node id="5888467307" visible="true" version="1" changeset="62349952" timestamp="2018-09-06T16:58:46Z" user="maphunter36" uid="2924920" lat="35.0497669" lon="126.8801354"/>
 <node id="5888467308" visible="true" version="1" changeset="62349952" timestamp="2018-09-06T16:58:46Z" user="maphunter36" uid="2924920" lat="35.0498433" lon="126.8792201"/>
 <node id="5888467309" visible="true" version="1" changeset="62349952" timestamp="2018-09-06T16:58:46Z" user="maphunter36" uid="2924920" lat="35.0502562" lon="126.8782488"/>
 <node id="5888467310" visible="true" version="1" changeset="62349952" timestamp="2018-09-06T16:58:47Z" user="maphunter36" uid="2924920" lat="35.0510514" lon="126.8765302"/>
 <node id="5888467311" visible="true" version="1" changeset="62349952" timestamp="2018-09-06T16:58:47Z" user="maphunter36" uid="2924920" lat="35.0516631" lon="126.8752226"/>
 <node id="5888467312" visible="true" version="1" changeset="62349952" timestamp="2018-09-06T16:58:47Z" user="maphunter36" uid="2924920" lat="35.0521219" lon="126.8739524"/>
 <node id="5888467313" visible="true" version="1" changeset="62349952" timestamp="2018-09-06T16:58:47Z" user="maphunter36" uid="2924920" lat="35.0527335" lon="126.8729250"/>
 <node id="5888467314" visible="true" version="1" changeset="62349952" timestamp="2018-09-06T16:58:47Z" user="maphunter36" uid="2924920" lat="35.0530700" lon="126.8722898"/>
 <node id="5888467315" visible="true" version="1" changeset="62349952" timestamp="2018-09-06T16:58:47Z" user="maphunter36" uid="2924920" lat="35.0534675" lon="126.8720844"/>
 <node id="5888467316" visible="true" version="2" changeset="125882495" timestamp="2022-09-07T05:06:38Z" user="야광멧돼지" uid="12393144" lat="35.0537991" lon="126.8722388"/>
 <node id="5888467317" visible="true" version="2" changeset="125882495" timestamp="2022-09-07T05:06:38Z" user="야광멧돼지" uid="12393144" lat="35.0539896" lon="126.8727266"/>
 <node id="5888467318" visible="true" version="2" changeset="125882495" timestamp="2022-09-07T05:06:38Z" user="야광멧돼지" uid="12393144" lat="35.0543107" lon="126.8736866"/>
 <node id="5888467319" visible="true" version="2" changeset="125882495" timestamp="2022-09-07T05:06:38Z" user="야광멧돼지" uid="12393144" lat="35.0546836" lon="126.8747540"/>
 <node id="5888467320" visible="true" version="2" changeset="125882495" timestamp="2022-09-07T05:06:38Z" user="야광멧돼지" uid="12393144" lat="35.0546392" lon="126.8752362"/>
 <node id="5888467321" visible="true" version="2" changeset="125882495" timestamp="2022-09-07T05:06:38Z" user="야광멧돼지" uid="12393144" lat="35.0550402" lon="126.8761911"/>
 <node id="5888467322" visible="true" version="1" changeset="62349952" timestamp="2018-09-06T16:58:47Z" user="maphunter36" uid="2924920" lat="35.0551955" lon="126.8780059"/>
 <node id="5888467323" visible="true" version="2" changeset="125882495" timestamp="2022-09-07T05:06:38Z" user="야광멧돼지" uid="12393144" lat="35.0552362" lon="126.8788867"/>
 <node id="5888467324" visible="true" version="2" changeset="125882495" timestamp="2022-09-07T05:06:38Z" user="야광멧돼지" uid="12393144" lat="35.0555304" lon="126.8805250"/>
 <node id="5888467325" visible="true" version="2" changeset="125882495" timestamp="2022-09-07T05:06:38Z" user="야광멧돼지" uid="12393144" lat="35.0556159" lon="126.8814617"/>
 <node id="5888467326" visible="true" version="1" changeset="62349952" timestamp="2018-09-06T16:58:47Z" user="maphunter36" uid="2924920" lat="35.0557001" lon="126.8824331"/>
 <node id="5888467327" visible="true" version="1" changeset="62349952" timestamp="2018-09-06T16:58:47Z" user="maphunter36" uid="2924920" lat="35.0553790" lon="126.8834231"/>
 <node id="5888467328" visible="true" version="1" changeset="62349952" timestamp="2018-09-06T16:58:47Z" user="maphunter36" uid="2924920" lat="35.0555013" lon="126.8849175"/>
 <node id="5888467329" visible="true" version="1" changeset="62349952" timestamp="2018-09-06T16:58:47Z" user="maphunter36" uid="2924920" lat="35.0562047" lon="126.8869910"/>
 <node id="5888467330" visible="true" version="1" changeset="62349952" timestamp="2018-09-06T16:58:47Z" user="maphunter36" uid="2924920" lat="35.0565870" lon="126.8881118"/>
 <node id="5888467331" visible="true" version="1" changeset="62349952" timestamp="2018-09-06T16:58:47Z" user="maphunter36" uid="2924920" lat="35.0565411" lon="126.8893820"/>
 <node id="5888467332" visible="true" version="1" changeset="62349952" timestamp="2018-09-06T16:58:47Z" user="maphunter36" uid="2924920" lat="35.0562965" lon="126.8901106"/>
 <node id="5888467333" visible="true" version="1" changeset="62349952" timestamp="2018-09-06T16:58:47Z" user="maphunter36" uid="2924920" lat="35.0556695" lon="126.8920906"/>
 <node id="5888467334" visible="true" version="1" changeset="62349952" timestamp="2018-09-06T16:58:47Z" user="maphunter36" uid="2924920" lat="35.0557919" lon="126.8939026"/>
 <node id="5888467335" visible="true" version="1" changeset="62349952" timestamp="2018-09-06T16:58:47Z" user="maphunter36" uid="2924920" lat="35.0565411" lon="126.8970408"/>
 <node id="5888467336" visible="true" version="2" changeset="131630424" timestamp="2023-01-24T02:16:50Z" user="야광멧돼지" uid="12393144" lat="35.0567711" lon="126.8974590"/>
 <node id="5888467337" visible="true" version="2" changeset="131630424" timestamp="2023-01-24T02:16:50Z" user="야광멧돼지" uid="12393144" lat="35.0564989" lon="126.8984460"/>
 <node id="5893787087" visible="true" version="1" changeset="62414878" timestamp="2018-09-09T02:23:53Z" user="maphunter36" uid="2924920" lat="35.0097148" lon="126.8274605"/>
 <node id="5893787088" visible="true" version="1" changeset="62414878" timestamp="2018-09-09T02:23:53Z" user="maphunter36" uid="2924920" lat="35.0089804" lon="126.8273857"/>
 <node id="5893787089" visible="true" version="1" changeset="62414878" timestamp="2018-09-09T02:23:53Z" user="maphunter36" uid="2924920" lat="35.0082078" lon="126.8271709"/>
 <node id="5893787090" visible="true" version="1" changeset="62414878" timestamp="2018-09-09T02:23:53Z" user="maphunter36" uid="2924920" lat="35.0080242" lon="126.8270308"/>
 <node id="5893787091" visible="true" version="1" changeset="62414878" timestamp="2018-09-09T02:23:53Z" user="maphunter36" uid="2924920" lat="35.0079094" lon="126.8265918"/>
 <node id="5893787092" visible="true" version="1" changeset="62414878" timestamp="2018-09-09T02:23:53Z" user="maphunter36" uid="2924920" lat="35.0076417" lon="126.8263023"/>
 <node id="5893787093" visible="true" version="1" changeset="62414878" timestamp="2018-09-09T02:23:53Z" user="maphunter36" uid="2924920" lat="35.0072897" lon="126.8261902"/>
 <node id="5893787094" visible="true" version="1" changeset="62414878" timestamp="2018-09-09T02:23:53Z" user="maphunter36" uid="2924920" lat="35.0066701" lon="126.8261996"/>
 <node id="5893787095" visible="true" version="1" changeset="62414878" timestamp="2018-09-09T02:23:53Z" user="maphunter36" uid="2924920" lat="35.0062570" lon="126.8262649"/>
 <node id="5893787096" visible="true" version="1" changeset="62414878" timestamp="2018-09-09T02:23:53Z" user="maphunter36" uid="2924920" lat="35.0058745" lon="126.8265545"/>
 <node id="5893787097" visible="true" version="1" changeset="62414878" timestamp="2018-09-09T02:23:53Z" user="maphunter36" uid="2924920" lat="35.0054307" lon="126.8264144"/>
 <node id="5893787098" visible="true" version="1" changeset="62414878" timestamp="2018-09-09T02:23:53Z" user="maphunter36" uid="2924920" lat="35.0052624" lon="126.8261155"/>
 <node id="5893787099" visible="true" version="1" changeset="62414878" timestamp="2018-09-09T02:23:53Z" user="maphunter36" uid="2924920" lat="35.0051324" lon="126.8255551"/>
 <node id="5893787100" visible="true" version="1" changeset="62414878" timestamp="2018-09-09T02:23:53Z" user="maphunter36" uid="2924920" lat="35.0051706" lon="126.8250321"/>
 <node id="5893787101" visible="true" version="1" changeset="62414878" timestamp="2018-09-09T02:23:53Z" user="maphunter36" uid="2924920" lat="35.0051553" lon="126.8244997"/>
 <node id="5893787102" visible="true" version="1" changeset="62414878" timestamp="2018-09-09T02:23:53Z" user="maphunter36" uid="2924920" lat="35.0047651" lon="126.8241261"/>
 <node id="5893787103" visible="true" version="1" changeset="62414878" timestamp="2018-09-09T02:23:53Z" user="maphunter36" uid="2924920" lat="35.0045356" lon="126.8237618"/>
 <node id="5893787104" visible="true" version="2" changeset="157900216" timestamp="2024-10-15T00:38:08Z" user="야광멧돼지" uid="12393144" lat="35.0043016" lon="126.8236655"/>
 <node id="5893787105" visible="true" version="2" changeset="157900216" timestamp="2024-10-15T00:38:08Z" user="야광멧돼지" uid="12393144" lat="35.0031095" lon="126.8262517"/>
 <node id="5893787106" visible="true" version="2" changeset="157900216" timestamp="2024-10-15T00:38:08Z" user="야광멧돼지" uid="12393144" lat="35.0030003" lon="126.8239360"/>
 <node id="5893787107" visible="true" version="1" changeset="62414878" timestamp="2018-09-09T02:23:54Z" user="maphunter36" uid="2924920" lat="35.0026306" lon="126.8236497"/>
 <node id="5893787108" visible="true" version="1" changeset="62414878" timestamp="2018-09-09T02:23:54Z" user="maphunter36" uid="2924920" lat="35.0025006" lon="126.8240140"/>
 <node id="5893787109" visible="true" version="1" changeset="62414878" timestamp="2018-09-09T02:23:54Z" user="maphunter36" uid="2924920" lat="35.0023017" lon="126.8246024"/>
 <node id="5893787110" visible="true" version="1" changeset="62414878" timestamp="2018-09-09T02:23:54Z" user="maphunter36" uid="2924920" lat="35.0022711" lon="126.8251161"/>
 <node id="5893787111" visible="true" version="1" changeset="62414878" timestamp="2018-09-09T02:23:54Z" user="maphunter36" uid="2924920" lat="35.0019727" lon="126.8253029"/>
 <node id="5893787112" visible="true" version="1" changeset="62414878" timestamp="2018-09-09T02:23:54Z" user="maphunter36" uid="2924920" lat="35.0016973" lon="126.8253590"/>
 <node id="5893787113" visible="true" version="1" changeset="62414878" timestamp="2018-09-09T02:23:54Z" user="maphunter36" uid="2924920" lat="35.0012459" lon="126.8251815"/>
 <node id="5893787114" visible="true" version="1" changeset="62414878" timestamp="2018-09-09T02:23:54Z" user="maphunter36" uid="2924920" lat="35.0007256" lon="126.8251161"/>
 <node id="5893787115" visible="true" version="1" changeset="62414878" timestamp="2018-09-09T02:23:54Z" user="maphunter36" uid="2924920" lat="35.0004731" lon="126.8253123"/>
 <node id="5893787116" visible="true" version="1" changeset="62414878" timestamp="2018-09-09T02:23:54Z" user="maphunter36" uid="2924920" lat="35.0002207" lon="126.8257419"/>
 <node id="5893787117" visible="true" version="1" changeset="62414878" timestamp="2018-09-09T02:23:54Z" user="maphunter36" uid="2924920" lat="34.9999758" lon="126.8258073"/>
 <node id="5893787118" visible="true" version="1" changeset="62414878" timestamp="2018-09-09T02:23:54Z" user="maphunter36" uid="2924920" lat="34.9994862" lon="126.8258820"/>
 <node id="5893787119" visible="true" version="1" changeset="62414878" timestamp="2018-09-09T02:23:54Z" user="maphunter36" uid="2924920" lat="34.9992643" lon="126.8254804"/>
 <node id="5893787120" visible="true" version="1" changeset="62414878" timestamp="2018-09-09T02:23:54Z" user="maphunter36" uid="2924920" lat="34.9993026" lon="126.8251068"/>
 <node id="5893787121" visible="true" version="1" changeset="62414878" timestamp="2018-09-09T02:23:54Z" user="maphunter36" uid="2924920" lat="34.9993714" lon="126.8243689"/>
 <node id="5893787122" visible="true" version="1" changeset="62414878" timestamp="2018-09-09T02:23:54Z" user="maphunter36" uid="2924920" lat="34.9990654" lon="126.8238272"/>
 <node id="5893787123" visible="true" version="1" changeset="62414878" timestamp="2018-09-09T02:23:54Z" user="maphunter36" uid="2924920" lat="34.9987440" lon="126.8238179"/>
 <node id="5893787124" visible="true" version="1" changeset="62414878" timestamp="2018-09-09T02:23:54Z" user="maphunter36" uid="2924920" lat="34.9982773" lon="126.8239019"/>
 <node id="5893787125" visible="true" version="1" changeset="62414878" timestamp="2018-09-09T02:23:54Z" user="maphunter36" uid="2924920" lat="34.9977647" lon="126.8245184"/>
 <node id="5893787126" visible="true" version="1" changeset="62414878" timestamp="2018-09-09T02:23:54Z" user="maphunter36" uid="2924920" lat="34.9975352" lon="126.8245837"/>
 <node id="5893787127" visible="true" version="1" changeset="62414878" timestamp="2018-09-09T02:23:54Z" user="maphunter36" uid="2924920" lat="34.9972368" lon="126.8243316"/>
 <node id="5893787128" visible="true" version="1" changeset="62414878" timestamp="2018-09-09T02:23:54Z" user="maphunter36" uid="2924920" lat="34.9968007" lon="126.8242662"/>
 <node id="5893787129" visible="true" version="1" changeset="62414878" timestamp="2018-09-09T02:23:54Z" user="maphunter36" uid="2924920" lat="34.9962957" lon="126.8242382"/>
 <node id="5893787130" visible="true" version="1" changeset="62414878" timestamp="2018-09-09T02:23:54Z" user="maphunter36" uid="2924920" lat="34.9956377" lon="126.8245651"/>
 <node id="5893787131" visible="true" version="1" changeset="62414878" timestamp="2018-09-09T02:23:54Z" user="maphunter36" uid="2924920" lat="34.9952934" lon="126.8243035"/>
 <node id="5893787132" visible="true" version="1" changeset="62414878" timestamp="2018-09-09T02:23:54Z" user="maphunter36" uid="2924920" lat="34.9948955" lon="126.8240047"/>
 <node id="5893787133" visible="true" version="1" changeset="62414878" timestamp="2018-09-09T02:23:54Z" user="maphunter36" uid="2924920" lat="34.9945818" lon="126.8237805"/>
 <node id="5893787134" visible="true" version="1" changeset="62414878" timestamp="2018-09-09T02:23:54Z" user="maphunter36" uid="2924920" lat="34.9943982" lon="126.8234629"/>
 <node id="5893787135" visible="true" version="1" changeset="62414878" timestamp="2018-09-09T02:23:54Z" user="maphunter36" uid="2924920" lat="34.9941686" lon="126.8229586"/>
 <node id="5893787136" visible="true" version="1" changeset="62414878" timestamp="2018-09-09T02:23:54Z" user="maphunter36" uid="2924920" lat="34.9940538" lon="126.8226317"/>
 <node id="5893787137" visible="true" version="1" changeset="62414878" timestamp="2018-09-09T02:23:54Z" user="maphunter36" uid="2924920" lat="34.9936483" lon="126.8225943"/>
 <node id="5893787138" visible="true" version="1" changeset="62414878" timestamp="2018-09-09T02:23:54Z" user="maphunter36" uid="2924920" lat="34.9936101" lon="126.8229866"/>
 <node id="5893787139" visible="true" version="1" changeset="62414878" timestamp="2018-09-09T02:23:54Z" user="maphunter36" uid="2924920" lat="34.9938549" lon="126.8231174"/>
 <node id="5893787140" visible="true" version="1" changeset="62414878" timestamp="2018-09-09T02:23:54Z" user="maphunter36" uid="2924920" lat="34.9940615" lon="126.8234256"/>
 <node id="5893787141" visible="true" version="1" changeset="62414878" timestamp="2018-09-09T02:23:54Z" user="maphunter36" uid="2924920" lat="34.9941610" lon="126.8236871"/>
 <node id="5893787142" visible="true" version="1" changeset="62414878" timestamp="2018-09-09T02:23:54Z" user="maphunter36" uid="2924920" lat="34.9940844" lon="126.8239766"/>
 <node id="5893787143" visible="true" version="1" changeset="62414878" timestamp="2018-09-09T02:23:54Z" user="maphunter36" uid="2924920" lat="34.9938702" lon="126.8241354"/>
 <node id="5893787144" visible="true" version="1" changeset="62414878" timestamp="2018-09-09T02:23:54Z" user="maphunter36" uid="2924920" lat="34.9940538" lon="126.8244343"/>
 <node id="5893787145" visible="true" version="1" changeset="62414878" timestamp="2018-09-09T02:23:54Z" user="maphunter36" uid="2924920" lat="34.9943982" lon="126.8243876"/>
 <node id="5893787146" visible="true" version="1" changeset="62414878" timestamp="2018-09-09T02:23:54Z" user="maphunter36" uid="2924920" lat="34.9948496" lon="126.8243502"/>
 <node id="5893787147" visible="true" version="1" changeset="62414878" timestamp="2018-09-09T02:23:54Z" user="maphunter36" uid="2924920" lat="34.9952551" lon="126.8245651"/>
 <node id="5893787726" visible="true" version="1" changeset="62414878" timestamp="2018-09-09T02:23:56Z" user="maphunter36" uid="2924920" lat="34.9962498" lon="126.8278527"/>
 <node id="5893787727" visible="true" version="1" changeset="62414878" timestamp="2018-09-09T02:23:56Z" user="maphunter36" uid="2924920" lat="34.9970149" lon="126.8282077"/>
 <node id="5893787728" visible="true" version="1" changeset="62414878" timestamp="2018-09-09T02:23:56Z" user="maphunter36" uid="2924920" lat="34.9973133" lon="126.8285159"/>
 <node id="5893787729" visible="true" version="1" changeset="62414878" timestamp="2018-09-09T02:23:56Z" user="maphunter36" uid="2924920" lat="34.9977264" lon="126.8286933"/>
 <node id="5893787730" visible="true" version="1" changeset="62414878" timestamp="2018-09-09T02:23:57Z" user="maphunter36" uid="2924920" lat="34.9981549" lon="126.8286186"/>
 <node id="5893787731" visible="true" version="1" changeset="62414878" timestamp="2018-09-09T02:23:57Z" user="maphunter36" uid="2924920" lat="34.9983844" lon="126.8291417"/>
 <node id="5893787732" visible="true" version="1" changeset="62414878" timestamp="2018-09-09T02:23:57Z" user="maphunter36" uid="2924920" lat="34.9984456" lon="126.8295153"/>
 <node id="5893787733" visible="true" version="1" changeset="62414878" timestamp="2018-09-09T02:23:57Z" user="maphunter36" uid="2924920" lat="34.9982544" lon="126.8298795"/>
 <node id="5893787734" visible="true" version="1" changeset="62414878" timestamp="2018-09-09T02:23:57Z" user="maphunter36" uid="2924920" lat="34.9979560" lon="126.8299916"/>
 <node id="5893787735" visible="true" version="1" changeset="62414878" timestamp="2018-09-09T02:23:57Z" user="maphunter36" uid="2924920" lat="34.9976729" lon="126.8299636"/>
 <node id="5893787736" visible="true" version="1" changeset="62414878" timestamp="2018-09-09T02:23:57Z" user="maphunter36" uid="2924920" lat="34.9975046" lon="126.8301317"/>
 <node id="5893787737" visible="true" version="1" changeset="62414878" timestamp="2018-09-09T02:23:57Z" user="maphunter36" uid="2924920" lat="34.9973745" lon="126.8305520"/>
 <node id="5893787738" visible="true" version="1" changeset="62414878" timestamp="2018-09-09T02:23:57Z" user="maphunter36" uid="2924920" lat="34.9975658" lon="126.8305333"/>
 <node id="5893787739" visible="true" version="1" changeset="62414878" timestamp="2018-09-09T02:23:57Z" user="maphunter36" uid="2924920" lat="34.9978336" lon="126.8303652"/>
 <node id="5893787740" visible="true" version="1" changeset="62414878" timestamp="2018-09-09T02:23:57Z" user="maphunter36" uid="2924920" lat="34.9981549" lon="126.8305053"/>
 <node id="5893787741" visible="true" version="1" changeset="62414878" timestamp="2018-09-09T02:23:57Z" user="maphunter36" uid="2924920" lat="34.9983309" lon="126.8309069"/>
 <node id="5893787742" visible="true" version="1" changeset="62414878" timestamp="2018-09-09T02:23:57Z" user="maphunter36" uid="2924920" lat="34.9981932" lon="126.8311311"/>
 <node id="5893787743" visible="true" version="1" changeset="62414878" timestamp="2018-09-09T02:23:57Z" user="maphunter36" uid="2924920" lat="34.9982926" lon="126.8313179"/>
 <node id="5893787744" visible="true" version="1" changeset="62414878" timestamp="2018-09-09T02:23:57Z" user="maphunter36" uid="2924920" lat="34.9986981" lon="126.8315234"/>
 <node id="5893787745" visible="true" version="1" changeset="62414878" timestamp="2018-09-09T02:23:57Z" user="maphunter36" uid="2924920" lat="34.9987593" lon="126.8318316"/>
 <node id="5893787746" visible="true" version="1" changeset="62414878" timestamp="2018-09-09T02:23:57Z" user="maphunter36" uid="2924920" lat="34.9986293" lon="126.8320090"/>
 <node id="5893787747" visible="true" version="1" changeset="62414878" timestamp="2018-09-09T02:23:57Z" user="maphunter36" uid="2924920" lat="34.9983691" lon="126.8321398"/>
 <node id="5893787748" visible="true" version="1" changeset="62414878" timestamp="2018-09-09T02:23:57Z" user="maphunter36" uid="2924920" lat="34.9980631" lon="126.8321024"/>
 <node id="5893787749" visible="true" version="1" changeset="62414878" timestamp="2018-09-09T02:23:57Z" user="maphunter36" uid="2924920" lat="34.9977877" lon="126.8319437"/>
 <node id="5893787750" visible="true" version="1" changeset="62414878" timestamp="2018-09-09T02:23:57Z" user="maphunter36" uid="2924920" lat="34.9975046" lon="126.8323453"/>
 <node id="5893787751" visible="true" version="2" changeset="149486328" timestamp="2024-04-02T15:09:19Z" user="야광멧돼지" uid="12393144" lat="34.9973718" lon="126.8330816"/>
 <node id="6055994260" visible="true" version="1" changeset="64423449" timestamp="2018-11-12T22:42:16Z" user="maphunter36" uid="2924920" lat="35.0160827" lon="126.8968672"/>
 <node id="6055994261" visible="true" version="1" changeset="64423449" timestamp="2018-11-12T22:42:16Z" user="maphunter36" uid="2924920" lat="35.0178604" lon="126.8963581"/>
 <node id="6055994262" visible="true" version="1" changeset="64423449" timestamp="2018-11-12T22:42:16Z" user="maphunter36" uid="2924920" lat="35.0191321" lon="126.8960765"/>
 <node id="6055994263" visible="true" version="1" changeset="64423449" timestamp="2018-11-12T22:42:16Z" user="maphunter36" uid="2924920" lat="35.0198717" lon="126.8950338"/>
 <node id="6055994264" visible="true" version="1" changeset="64423449" timestamp="2018-11-12T22:42:16Z" user="maphunter36" uid="2924920" lat="35.0278958" lon="126.8774195"/>
 <node id="6055994265" visible="true" version="1" changeset="64423449" timestamp="2018-11-12T22:42:16Z" user="maphunter36" uid="2924920" lat="35.0268098" lon="126.8775259"/>
 <node id="6055994266" visible="true" version="1" changeset="64423449" timestamp="2018-11-12T22:42:16Z" user="maphunter36" uid="2924920" lat="35.0268386" lon="126.8767911"/>
 <node id="6055994267" visible="true" version="1" changeset="64423449" timestamp="2018-11-12T22:42:16Z" user="maphunter36" uid="2924920" lat="35.0263479" lon="126.8752846"/>
 <node id="6055994268" visible="true" version="1" changeset="64423449" timestamp="2018-11-12T22:42:16Z" user="maphunter36" uid="2924920" lat="35.0256854" lon="126.8741694"/>
 <node id="6055994269" visible="true" version="1" changeset="64423449" timestamp="2018-11-12T22:42:16Z" user="maphunter36" uid="2924920" lat="35.0247413" lon="126.8720009"/>
 <node id="6055994270" visible="true" version="1" changeset="64423449" timestamp="2018-11-12T22:42:16Z" user="maphunter36" uid="2924920" lat="35.0242673" lon="126.8711161"/>
 <node id="6055994271" visible="true" version="1" changeset="64423449" timestamp="2018-11-12T22:42:16Z" user="maphunter36" uid="2924920" lat="35.0233150" lon="126.8706319"/>
 <node id="6055994272" visible="true" version="1" changeset="64423449" timestamp="2018-11-12T22:42:16Z" user="maphunter36" uid="2924920" lat="35.0211207" lon="126.8677864"/>
 <node id="6055994273" visible="true" version="1" changeset="64423449" timestamp="2018-11-12T22:42:16Z" user="maphunter36" uid="2924920" lat="35.0199440" lon="126.8659343"/>
 <node id="6055994274" visible="true" version="1" changeset="64423449" timestamp="2018-11-12T22:42:16Z" user="maphunter36" uid="2924920" lat="35.0193973" lon="126.8639520"/>
 <node id="6055994275" visible="true" version="1" changeset="64423449" timestamp="2018-11-12T22:42:16Z" user="maphunter36" uid="2924920" lat="35.0196712" lon="126.8630974"/>
 <node id="6055994276" visible="true" version="1" changeset="64423449" timestamp="2018-11-12T22:42:16Z" user="maphunter36" uid="2924920" lat="35.0211466" lon="126.8645638"/>
 <node id="6055994277" visible="true" version="1" changeset="64423449" timestamp="2018-11-12T22:42:16Z" user="maphunter36" uid="2924920" lat="35.0209850" lon="126.8631303"/>
 <node id="6055994278" visible="true" version="1" changeset="64423449" timestamp="2018-11-12T22:42:16Z" user="maphunter36" uid="2924920" lat="35.0222958" lon="126.8648523"/>
 <node id="6055994279" visible="true" version="2" changeset="127249438" timestamp="2022-10-09T13:41:08Z" user="야광멧돼지" uid="12393144" lat="35.0229073" lon="126.8649960"/>
 <node id="6055994280" visible="true" version="2" changeset="127249438" timestamp="2022-10-09T13:41:08Z" user="야광멧돼지" uid="12393144" lat="35.0236434" lon="126.8649174"/>
 <node id="6055994281" visible="true" version="2" changeset="127249438" timestamp="2022-10-09T13:41:08Z" user="야광멧돼지" uid="12393144" lat="35.0242852" lon="126.8652358"/>
 <node id="6055994282" visible="true" version="1" changeset="64423449" timestamp="2018-11-12T22:42:16Z" user="maphunter36" uid="2924920" lat="35.0198870" lon="126.8682424"/>
 <node id="6055994283" visible="true" version="1" changeset="64423449" timestamp="2018-11-12T22:42:16Z" user="maphunter36" uid="2924920" lat="35.0190002" lon="126.8667683"/>
 <node id="6055994284" visible="true" version="1" changeset="64423449" timestamp="2018-11-12T22:42:16Z" user="maphunter36" uid="2924920" lat="35.0181447" lon="126.8674593"/>
 <node id="6055994485" visible="true" version="1" changeset="64423449" timestamp="2018-11-12T22:42:16Z" user="maphunter36" uid="2924920" lat="35.0169295" lon="126.8671685"/>
 <node id="6055994486" visible="true" version="1" changeset="64423449" timestamp="2018-11-12T22:42:16Z" user="maphunter36" uid="2924920" lat="35.0170385" lon="126.8668543"/>
 <node id="6055994487" visible="true" version="1" changeset="64423449" timestamp="2018-11-12T22:42:16Z" user="maphunter36" uid="2924920" lat="35.0181222" lon="126.8667087"/>
 <node id="6055994488" visible="true" version="1" changeset="64423449" timestamp="2018-11-12T22:42:16Z" user="maphunter36" uid="2924920" lat="35.0183965" lon="126.8657339"/>
 <node id="6055994489" visible="true" version="1" changeset="64423449" timestamp="2018-11-12T22:42:16Z" user="maphunter36" uid="2924920" lat="35.0176925" lon="126.8647241"/>
 <node id="6055994490" visible="true" version="1" changeset="64423449" timestamp="2018-11-12T22:42:16Z" user="maphunter36" uid="2924920" lat="35.0170993" lon="126.8661227"/>
 <node id="6055994491" visible="true" version="1" changeset="64423449" timestamp="2018-11-12T22:42:16Z" user="maphunter36" uid="2924920" lat="35.0170890" lon="126.8656904"/>
 <node id="6055994492" visible="true" version="1" changeset="64423449" timestamp="2018-11-12T22:42:16Z" user="maphunter36" uid="2924920" lat="35.0157478" lon="126.8669240"/>
 <node id="7047502512" visible="true" version="1" changeset="78223395" timestamp="2019-12-10T19:11:18Z" user="maphunter36" uid="2924920" lat="34.9950791" lon="126.8252244"/>
 <node id="7047502513" visible="true" version="1" changeset="78223395" timestamp="2019-12-10T19:11:18Z" user="maphunter36" uid="2924920" lat="34.9951154" lon="126.8253997"/>
 <node id="7047502514" visible="true" version="1" changeset="78223395" timestamp="2019-12-10T19:11:18Z" user="maphunter36" uid="2924920" lat="34.9955764" lon="126.8273777"/>
 <node id="7047502515" visible="true" version="1" changeset="78223395" timestamp="2019-12-10T19:11:18Z" user="maphunter36" uid="2924920" lat="34.9959179" lon="126.8275471"/>
 <node id="7047502519" visible="true" version="1" changeset="78223395" timestamp="2019-12-10T19:11:18Z" user="maphunter36" uid="2924920" lat="34.9952675" lon="126.8260976"/>
 <node id="7047502520" visible="true" version="1" changeset="78223395" timestamp="2019-12-10T19:11:18Z" user="maphunter36" uid="2924920" lat="34.9952010" lon="126.8261569"/>
 <node id="7047502521" visible="true" version="1" changeset="78223395" timestamp="2019-12-10T19:11:18Z" user="maphunter36" uid="2924920" lat="34.9955417" lon="126.8272648"/>
 <node id="7047502522" visible="true" version="1" changeset="78223395" timestamp="2019-12-10T19:11:18Z" user="maphunter36" uid="2924920" lat="34.9954675" lon="126.8272843"/>
 <node id="7069486467" visible="true" version="1" changeset="78636252" timestamp="2019-12-19T12:12:26Z" user="FUKUTAN" uid="5207199" lat="35.0169661" lon="126.8644147"/>
 <node id="7069486468" visible="true" version="1" changeset="78636252" timestamp="2019-12-19T12:12:26Z" user="FUKUTAN" uid="5207199" lat="35.0168581" lon="126.8643502"/>
 <node id="7069486469" visible="true" version="1" changeset="78636252" timestamp="2019-12-19T12:12:26Z" user="FUKUTAN" uid="5207199" lat="35.0165710" lon="126.8639710"/>
 <node id="7069486470" visible="true" version="1" changeset="78636252" timestamp="2019-12-19T12:12:26Z" user="FUKUTAN" uid="5207199" lat="35.0163988" lon="126.8638679"/>
 <node id="7069486471" visible="true" version="1" changeset="78636252" timestamp="2019-12-19T12:12:26Z" user="FUKUTAN" uid="5207199" lat="35.0162104" lon="126.8638478"/>
 <node id="7069531424" visible="true" version="1" changeset="78636252" timestamp="2019-12-19T12:12:26Z" user="FUKUTAN" uid="5207199" lat="35.0196150" lon="126.8605275"/>
 <node id="7069531425" visible="true" version="1" changeset="78636252" timestamp="2019-12-19T12:12:26Z" user="FUKUTAN" uid="5207199" lat="35.0196077" lon="126.8594563"/>
 <node id="7069531426" visible="true" version="1" changeset="78636252" timestamp="2019-12-19T12:12:26Z" user="FUKUTAN" uid="5207199" lat="35.0196367" lon="126.8593931"/>
 <node id="7069531427" visible="true" version="1" changeset="78636252" timestamp="2019-12-19T12:12:26Z" user="FUKUTAN" uid="5207199" lat="35.0197465" lon="126.8592838"/>
 <node id="7069531428" visible="true" version="1" changeset="78636252" timestamp="2019-12-19T12:12:26Z" user="FUKUTAN" uid="5207199" lat="35.0198146" lon="126.8592206"/>
 <node id="7069531429" visible="true" version="1" changeset="78636252" timestamp="2019-12-19T12:12:26Z" user="FUKUTAN" uid="5207199" lat="35.0198676" lon="126.8591513"/>
 <node id="7069531430" visible="true" version="1" changeset="78636252" timestamp="2019-12-19T12:12:26Z" user="FUKUTAN" uid="5207199" lat="35.0199130" lon="126.8590342"/>
 <node id="7069531431" visible="true" version="1" changeset="78636252" timestamp="2019-12-19T12:12:26Z" user="FUKUTAN" uid="5207199" lat="35.0199382" lon="126.8589248"/>
 <node id="7069531432" visible="true" version="1" changeset="78636252" timestamp="2019-12-19T12:12:26Z" user="FUKUTAN" uid="5207199" lat="35.0199597" lon="126.8587754"/>
 <node id="7069531433" visible="true" version="1" changeset="78636252" timestamp="2019-12-19T12:12:26Z" user="FUKUTAN" uid="5207199" lat="35.0199609" lon="126.8586706"/>
 <node id="7069531434" visible="true" version="1" changeset="78636252" timestamp="2019-12-19T12:12:26Z" user="FUKUTAN" uid="5207199" lat="35.0199496" lon="126.8583995"/>
 <node id="7069531435" visible="true" version="1" changeset="78636252" timestamp="2019-12-19T12:12:26Z" user="FUKUTAN" uid="5207199" lat="35.0199496" lon="126.8583841"/>
 <node id="7069531436" visible="true" version="1" changeset="78636252" timestamp="2019-12-19T12:12:26Z" user="FUKUTAN" uid="5207199" lat="35.0199256" lon="126.8581731"/>
 <node id="7069531437" visible="true" version="1" changeset="78636252" timestamp="2019-12-19T12:12:26Z" user="FUKUTAN" uid="5207199" lat="35.0199042" lon="126.8580652"/>
 <node id="7069531438" visible="true" version="1" changeset="78636252" timestamp="2019-12-19T12:12:26Z" user="FUKUTAN" uid="5207199" lat="35.0198865" lon="126.8579882"/>
 <node id="7069531439" visible="true" version="1" changeset="78636252" timestamp="2019-12-19T12:12:26Z" user="FUKUTAN" uid="5207199" lat="35.0198676" lon="126.8579512"/>
 <node id="7069531440" visible="true" version="1" changeset="78636252" timestamp="2019-12-19T12:12:26Z" user="FUKUTAN" uid="5207199" lat="35.0198348" lon="126.8579142"/>
 <node id="7069531441" visible="true" version="1" changeset="78636252" timestamp="2019-12-19T12:12:26Z" user="FUKUTAN" uid="5207199" lat="35.0196153" lon="126.8578557"/>
 <node id="7069531442" visible="true" version="1" changeset="78636252" timestamp="2019-12-19T12:12:26Z" user="FUKUTAN" uid="5207199" lat="35.0196026" lon="126.8578357"/>
 <node id="7069531443" visible="true" version="1" changeset="78636252" timestamp="2019-12-19T12:12:26Z" user="FUKUTAN" uid="5207199" lat="35.0196039" lon="126.8575800"/>
 <node id="7069531444" visible="true" version="1" changeset="78636252" timestamp="2019-12-19T12:12:26Z" user="FUKUTAN" uid="5207199" lat="35.0196102" lon="126.8571424"/>
 <node id="7069531445" visible="true" version="1" changeset="78636252" timestamp="2019-12-19T12:12:26Z" user="FUKUTAN" uid="5207199" lat="35.0196102" lon="126.8558022"/>
 <node id="7069531446" visible="true" version="1" changeset="78636252" timestamp="2019-12-19T12:12:26Z" user="FUKUTAN" uid="5207199" lat="35.0196127" lon="126.8556990"/>
 <node id="7069531447" visible="true" version="3" changeset="154920955" timestamp="2024-08-07T07:08:32Z" user="morago" uid="11113946" lat="35.0196309" lon="126.8554948"/>
 <node id="7069531448" visible="true" version="1" changeset="78636252" timestamp="2019-12-19T12:12:26Z" user="FUKUTAN" uid="5207199" lat="35.0196455" lon="126.8554386"/>
 <node id="7069531449" visible="true" version="1" changeset="78636252" timestamp="2019-12-19T12:12:26Z" user="FUKUTAN" uid="5207199" lat="35.0196178" lon="126.8554063"/>
 <node id="7069531450" visible="true" version="1" changeset="78636252" timestamp="2019-12-19T12:12:26Z" user="FUKUTAN" uid="5207199" lat="35.0195724" lon="126.8553539"/>
 <node id="7069531451" visible="true" version="1" changeset="78636252" timestamp="2019-12-19T12:12:26Z" user="FUKUTAN" uid="5207199" lat="35.0195509" lon="126.8553123"/>
 <node id="7069531452" visible="true" version="1" changeset="78636252" timestamp="2019-12-19T12:12:26Z" user="FUKUTAN" uid="5207199" lat="35.0195433" lon="126.8552769"/>
 <node id="7069531453" visible="true" version="1" changeset="78636252" timestamp="2019-12-19T12:12:26Z" user="FUKUTAN" uid="5207199" lat="35.0195433" lon="126.8552291"/>
 <node id="7069531454" visible="true" version="1" changeset="78636252" timestamp="2019-12-19T12:12:26Z" user="FUKUTAN" uid="5207199" lat="35.0195623" lon="126.8552014"/>
 <node id="7069531455" visible="true" version="1" changeset="78636252" timestamp="2019-12-19T12:12:26Z" user="FUKUTAN" uid="5207199" lat="35.0195862" lon="126.8551891"/>
 <node id="7069531456" visible="true" version="1" changeset="78636252" timestamp="2019-12-19T12:12:26Z" user="FUKUTAN" uid="5207199" lat="35.0196203" lon="126.8551783"/>
 <node id="7069531457" visible="true" version="1" changeset="78636252" timestamp="2019-12-19T12:12:26Z" user="FUKUTAN" uid="5207199" lat="35.0196569" lon="126.8551783"/>
 <node id="7069531458" visible="true" version="1" changeset="78636252" timestamp="2019-12-19T12:12:26Z" user="FUKUTAN" uid="5207199" lat="35.0196432" lon="126.8578743"/>
 <node id="7069531459" visible="true" version="1" changeset="78636252" timestamp="2019-12-19T12:12:26Z" user="FUKUTAN" uid="5207199" lat="35.0265691" lon="126.8634382"/>
 <node id="7069531460" visible="true" version="1" changeset="78636252" timestamp="2019-12-19T12:12:26Z" user="FUKUTAN" uid="5207199" lat="35.0261234" lon="126.8632753"/>
 <node id="7069531461" visible="true" version="1" changeset="78636252" timestamp="2019-12-19T12:12:26Z" user="FUKUTAN" uid="5207199" lat="35.0279652" lon="126.8625797"/>
 <node id="7069531465" visible="true" version="2" changeset="120191462" timestamp="2022-04-26T04:23:01Z" user="FUKUTAN" uid="5207199" lat="35.0280207" lon="126.8615471"/>
 <node id="7069531466" visible="true" version="1" changeset="78636252" timestamp="2019-12-19T12:12:26Z" user="FUKUTAN" uid="5207199" lat="35.0214353" lon="126.8621437"/>
 <node id="7069531467" visible="true" version="1" changeset="78636252" timestamp="2019-12-19T12:12:26Z" user="FUKUTAN" uid="5207199" lat="35.0215463" lon="126.8620652"/>
 <node id="7069531468" visible="true" version="1" changeset="78636252" timestamp="2019-12-19T12:12:26Z" user="FUKUTAN" uid="5207199" lat="35.0217999" lon="126.8617987"/>
 <node id="7069531469" visible="true" version="1" changeset="78636252" timestamp="2019-12-19T12:12:26Z" user="FUKUTAN" uid="5207199" lat="35.0218457" lon="126.8617492"/>
 <node id="7069531470" visible="true" version="1" changeset="78636252" timestamp="2019-12-19T12:12:26Z" user="FUKUTAN" uid="5207199" lat="35.0225937" lon="126.8609061"/>
 <node id="7069531471" visible="true" version="1" changeset="78636252" timestamp="2019-12-19T12:12:26Z" user="FUKUTAN" uid="5207199" lat="35.0237326" lon="126.8596530"/>
 <node id="7069531472" visible="true" version="1" changeset="78636252" timestamp="2019-12-19T12:12:26Z" user="FUKUTAN" uid="5207199" lat="35.0242877" lon="126.8589983"/>
 <node id="7069531473" visible="true" version="2" changeset="154920955" timestamp="2024-08-07T07:08:32Z" user="morago" uid="11113946" lat="35.0246044" lon="126.8591308"/>
 <node id="7069531474" visible="true" version="2" changeset="154920955" timestamp="2024-08-07T07:08:32Z" user="morago" uid="11113946" lat="35.0247337" lon="126.8591742"/>
 <node id="7069531475" visible="true" version="1" changeset="78636252" timestamp="2019-12-19T12:12:26Z" user="FUKUTAN" uid="5207199" lat="35.0203943" lon="126.8598762"/>
 <node id="7069531476" visible="true" version="1" changeset="78636252" timestamp="2019-12-19T12:12:26Z" user="FUKUTAN" uid="5207199" lat="35.0203123" lon="126.8598484"/>
 <node id="7069531477" visible="true" version="1" changeset="78636252" timestamp="2019-12-19T12:12:26Z" user="FUKUTAN" uid="5207199" lat="35.0202631" lon="126.8598207"/>
 <node id="7069531478" visible="true" version="1" changeset="78636252" timestamp="2019-12-19T12:12:26Z" user="FUKUTAN" uid="5207199" lat="35.0196991" lon="126.8594972"/>
 <node id="7069531479" visible="true" version="1" changeset="78636252" timestamp="2019-12-19T12:12:26Z" user="FUKUTAN" uid="5207199" lat="35.0193749" lon="126.8593216"/>
 <node id="7069531480" visible="true" version="1" changeset="78636252" timestamp="2019-12-19T12:12:26Z" user="FUKUTAN" uid="5207199" lat="35.0192677" lon="126.8592492"/>
 <node id="7069531481" visible="true" version="1" changeset="78636252" timestamp="2019-12-19T12:12:26Z" user="FUKUTAN" uid="5207199" lat="35.0190860" lon="126.8591028"/>
 <node id="7069531482" visible="true" version="1" changeset="78636252" timestamp="2019-12-19T12:12:26Z" user="FUKUTAN" uid="5207199" lat="35.0189472" lon="126.8589626"/>
 <node id="7069531483" visible="true" version="1" changeset="78636252" timestamp="2019-12-19T12:12:26Z" user="FUKUTAN" uid="5207199" lat="35.0189195" lon="126.8589149"/>
 <node id="7069531484" visible="true" version="1" changeset="78636252" timestamp="2019-12-19T12:12:26Z" user="FUKUTAN" uid="5207199" lat="35.0188816" lon="126.8588702"/>
 <node id="7069531485" visible="true" version="1" changeset="78636252" timestamp="2019-12-19T12:12:26Z" user="FUKUTAN" uid="5207199" lat="35.0188501" lon="126.8588425"/>
 <node id="7069531486" visible="true" version="1" changeset="78636252" timestamp="2019-12-19T12:12:26Z" user="FUKUTAN" uid="5207199" lat="35.0187719" lon="126.8588178"/>
 <node id="7069531487" visible="true" version="1" changeset="78636252" timestamp="2019-12-19T12:12:26Z" user="FUKUTAN" uid="5207199" lat="35.0187126" lon="126.8587824"/>
 <node id="7069531488" visible="true" version="1" changeset="78636252" timestamp="2019-12-19T12:12:26Z" user="FUKUTAN" uid="5207199" lat="35.0186066" lon="126.8586976"/>
 <node id="7069531489" visible="true" version="1" changeset="78636252" timestamp="2019-12-19T12:12:26Z" user="FUKUTAN" uid="5207199" lat="35.0183378" lon="126.8585097"/>
 <node id="7069531490" visible="true" version="1" changeset="78636252" timestamp="2019-12-19T12:12:26Z" user="FUKUTAN" uid="5207199" lat="35.0181196" lon="126.8583603"/>
 <node id="7069531491" visible="true" version="1" changeset="78636252" timestamp="2019-12-19T12:12:26Z" user="FUKUTAN" uid="5207199" lat="35.0176515" lon="126.8579690"/>
 <node id="7069531492" visible="true" version="1" changeset="78636252" timestamp="2019-12-19T12:12:26Z" user="FUKUTAN" uid="5207199" lat="35.0175922" lon="126.8579320"/>
 <node id="7069531493" visible="true" version="2" changeset="87253085" timestamp="2020-06-28T15:16:47Z" user="LuxuryCoop" uid="7245212" lat="35.0175553" lon="126.8579235"/>
 <node id="7069531494" visible="true" version="1" changeset="78636252" timestamp="2019-12-19T12:12:26Z" user="FUKUTAN" uid="5207199" lat="35.0174648" lon="126.8579043"/>
 <node id="7069531495" visible="true" version="1" changeset="78636252" timestamp="2019-12-19T12:12:26Z" user="FUKUTAN" uid="5207199" lat="35.0173444" lon="126.8578858"/>
 <node id="7069531496" visible="true" version="1" changeset="78636252" timestamp="2019-12-19T12:12:26Z" user="FUKUTAN" uid="5207199" lat="35.0173191" lon="126.8578867"/>
 <node id="7069531497" visible="true" version="1" changeset="78636252" timestamp="2019-12-19T12:12:26Z" user="FUKUTAN" uid="5207199" lat="35.0172995" lon="126.8578938"/>
 <node id="7069531498" visible="true" version="1" changeset="78636252" timestamp="2019-12-19T12:12:26Z" user="FUKUTAN" uid="5207199" lat="35.0172771" lon="126.8579115"/>
 <node id="7069531499" visible="true" version="1" changeset="78636252" timestamp="2019-12-19T12:12:26Z" user="FUKUTAN" uid="5207199" lat="35.0172640" lon="126.8579336"/>
 <node id="7069531500" visible="true" version="1" changeset="78636252" timestamp="2019-12-19T12:12:26Z" user="FUKUTAN" uid="5207199" lat="35.0172140" lon="126.8581327"/>
 <node id="7069531501" visible="true" version="1" changeset="78636252" timestamp="2019-12-19T12:12:26Z" user="FUKUTAN" uid="5207199" lat="35.0171966" lon="126.8581672"/>
 <node id="7069531502" visible="true" version="1" changeset="78636252" timestamp="2019-12-19T12:12:26Z" user="FUKUTAN" uid="5207199" lat="35.0171720" lon="126.8581981"/>
 <node id="7069531503" visible="true" version="1" changeset="78636252" timestamp="2019-12-19T12:12:26Z" user="FUKUTAN" uid="5207199" lat="35.0171220" lon="126.8582459"/>
 <node id="7069531504" visible="true" version="1" changeset="78636252" timestamp="2019-12-19T12:12:26Z" user="FUKUTAN" uid="5207199" lat="35.0170778" lon="126.8582769"/>
 <node id="7069531505" visible="true" version="1" changeset="78636252" timestamp="2019-12-19T12:12:26Z" user="FUKUTAN" uid="5207199" lat="35.0170466" lon="126.8582955"/>
 <node id="7069531506" visible="true" version="1" changeset="78636252" timestamp="2019-12-19T12:12:26Z" user="FUKUTAN" uid="5207199" lat="35.0170126" lon="126.8582990"/>
 <node id="7069531507" visible="true" version="1" changeset="78636252" timestamp="2019-12-19T12:12:26Z" user="FUKUTAN" uid="5207199" lat="35.0169749" lon="126.8582937"/>
 <node id="7069531508" visible="true" version="1" changeset="78636252" timestamp="2019-12-19T12:12:26Z" user="FUKUTAN" uid="5207199" lat="35.0169300" lon="126.8582893"/>
 <node id="7069531509" visible="true" version="1" changeset="78636252" timestamp="2019-12-19T12:12:26Z" user="FUKUTAN" uid="5207199" lat="35.0168872" lon="126.8583025"/>
 <node id="7069531510" visible="true" version="2" changeset="127249438" timestamp="2022-10-09T13:41:08Z" user="야광멧돼지" uid="12393144" lat="35.0167528" lon="126.8583835"/>
 <node id="7069531511" visible="true" version="2" changeset="127249438" timestamp="2022-10-09T13:41:08Z" user="야광멧돼지" uid="12393144" lat="35.0167246" lon="126.8584083"/>
 <node id="7069531512" visible="true" version="2" changeset="127249438" timestamp="2022-10-09T13:41:08Z" user="야광멧돼지" uid="12393144" lat="35.0166782" lon="126.8584545"/>
 <node id="7069531513" visible="true" version="2" changeset="127249438" timestamp="2022-10-09T13:41:08Z" user="야광멧돼지" uid="12393144" lat="35.0166571" lon="126.8584737"/>
 <node id="7069531514" visible="true" version="2" changeset="127249438" timestamp="2022-10-09T13:41:08Z" user="야광멧돼지" uid="12393144" lat="35.0165749" lon="126.8585193"/>
 <node id="7069531515" visible="true" version="2" changeset="127249438" timestamp="2022-10-09T13:41:08Z" user="야광멧돼지" uid="12393144" lat="35.0165083" lon="126.8585647"/>
 <node id="7069531516" visible="true" version="2" changeset="127249438" timestamp="2022-10-09T13:41:08Z" user="야광멧돼지" uid="12393144" lat="35.0164355" lon="126.8586370"/>
 <node id="7069531517" visible="true" version="2" changeset="127249438" timestamp="2022-10-09T13:41:08Z" user="야광멧돼지" uid="12393144" lat="35.0163139" lon="126.8587217"/>
 <node id="7069531518" visible="true" version="2" changeset="127249438" timestamp="2022-10-09T13:41:08Z" user="야광멧돼지" uid="12393144" lat="35.0162623" lon="126.8587545"/>
 <node id="7069531519" visible="true" version="2" changeset="87253085" timestamp="2020-06-28T15:16:47Z" user="LuxuryCoop" uid="7245212" lat="35.0175174" lon="126.8579230"/>
 <node id="7069531520" visible="true" version="2" changeset="87253085" timestamp="2020-06-28T15:16:47Z" user="LuxuryCoop" uid="7245212" lat="35.0175423" lon="126.8578206"/>
 <node id="7069531521" visible="true" version="2" changeset="87253085" timestamp="2020-06-28T15:16:47Z" user="LuxuryCoop" uid="7245212" lat="35.0175605" lon="126.8577879"/>
 <node id="7069531522" visible="true" version="2" changeset="87253085" timestamp="2020-06-28T15:16:48Z" user="LuxuryCoop" uid="7245212" lat="35.0175834" lon="126.8577599"/>
 <node id="7069531523" visible="true" version="2" changeset="87253085" timestamp="2020-06-28T15:16:48Z" user="LuxuryCoop" uid="7245212" lat="35.0178521" lon="126.8576035"/>
 <node id="7069531524" visible="true" version="2" changeset="87253085" timestamp="2020-06-28T15:16:48Z" user="LuxuryCoop" uid="7245212" lat="35.0179047" lon="126.8575614"/>
 <node id="7069531525" visible="true" version="2" changeset="87253085" timestamp="2020-06-28T15:16:48Z" user="LuxuryCoop" uid="7245212" lat="35.0179296" lon="126.8575229"/>
 <node id="7069531526" visible="true" version="2" changeset="87253085" timestamp="2020-06-28T15:16:48Z" user="LuxuryCoop" uid="7245212" lat="35.0179391" lon="126.8574692"/>
 <node id="7069531527" visible="true" version="2" changeset="87253085" timestamp="2020-06-28T15:16:48Z" user="LuxuryCoop" uid="7245212" lat="35.0179401" lon="126.8573746"/>
 <node id="7069531528" visible="true" version="2" changeset="87253085" timestamp="2020-06-28T15:16:48Z" user="LuxuryCoop" uid="7245212" lat="35.0179334" lon="126.8571575"/>
 <node id="7069531529" visible="true" version="2" changeset="87253085" timestamp="2020-06-28T15:16:48Z" user="LuxuryCoop" uid="7245212" lat="35.0179353" lon="126.8568983"/>
 <node id="7069531530" visible="true" version="2" changeset="87253085" timestamp="2020-06-28T15:16:48Z" user="LuxuryCoop" uid="7245212" lat="35.0179353" lon="126.8565632"/>
 <node id="7069531531" visible="true" version="2" changeset="87253085" timestamp="2020-06-28T15:16:48Z" user="LuxuryCoop" uid="7245212" lat="35.0179305" lon="126.8565516"/>
 <node id="7069531532" visible="true" version="2" changeset="87253085" timestamp="2020-06-28T15:16:49Z" user="LuxuryCoop" uid="7245212" lat="35.0179057" lon="126.8565445"/>
 <node id="7069531533" visible="true" version="2" changeset="87253085" timestamp="2020-06-28T15:16:49Z" user="LuxuryCoop" uid="7245212" lat="35.0177527" lon="126.8565247"/>
 <node id="7069531534" visible="true" version="2" changeset="87253085" timestamp="2020-06-28T15:16:49Z" user="LuxuryCoop" uid="7245212" lat="35.0177230" lon="126.8565165"/>
 <node id="7069531535" visible="true" version="2" changeset="87253085" timestamp="2020-06-28T15:16:49Z" user="LuxuryCoop" uid="7245212" lat="35.0177058" lon="126.8565014"/>
 <node id="7069531536" visible="true" version="2" changeset="87253085" timestamp="2020-06-28T15:16:49Z" user="LuxuryCoop" uid="7245212" lat="35.0176905" lon="126.8564687"/>
 <node id="7069531537" visible="true" version="2" changeset="87253085" timestamp="2020-06-28T15:16:49Z" user="LuxuryCoop" uid="7245212" lat="35.0176829" lon="126.8564325"/>
 <node id="7069531538" visible="true" version="2" changeset="87253085" timestamp="2020-06-28T15:16:49Z" user="LuxuryCoop" uid="7245212" lat="35.0176848" lon="126.8563414"/>
 <node id="7069531539" visible="true" version="2" changeset="87253085" timestamp="2020-06-28T15:16:49Z" user="LuxuryCoop" uid="7245212" lat="35.0176829" lon="126.8558394"/>
 <node id="7069531540" visible="true" version="2" changeset="87253085" timestamp="2020-06-28T15:16:49Z" user="LuxuryCoop" uid="7245212" lat="35.0176812" lon="126.8554600"/>
 <node id="7069531541" visible="true" version="2" changeset="87253085" timestamp="2020-06-28T15:16:49Z" user="LuxuryCoop" uid="7245212" lat="35.0176816" lon="126.8553907"/>
 <node id="7069531542" visible="true" version="2" changeset="87253085" timestamp="2020-06-28T15:16:57Z" user="LuxuryCoop" uid="7245212" lat="35.0176750" lon="126.8553156"/>
 <node id="7069531543" visible="true" version="3" changeset="154920955" timestamp="2024-08-07T07:08:32Z" user="morago" uid="11113946" lat="35.0176750" lon="126.8552085"/>
 <node id="7069531545" visible="true" version="1" changeset="78636252" timestamp="2019-12-19T12:12:26Z" user="FUKUTAN" uid="5207199" lat="35.0096941" lon="126.8568500"/>
 <node id="7069531546" visible="true" version="1" changeset="78636252" timestamp="2019-12-19T12:12:26Z" user="FUKUTAN" uid="5207199" lat="35.0098418" lon="126.8567730"/>
 <node id="7069531547" visible="true" version="1" changeset="78636252" timestamp="2019-12-19T12:12:26Z" user="FUKUTAN" uid="5207199" lat="35.0095767" lon="126.8568972"/>
 <node id="7069531548" visible="true" version="1" changeset="78636252" timestamp="2019-12-19T12:12:26Z" user="FUKUTAN" uid="5207199" lat="35.0102359" lon="126.8564501"/>
 <node id="7069531549" visible="true" version="1" changeset="78636252" timestamp="2019-12-19T12:12:26Z" user="FUKUTAN" uid="5207199" lat="35.0104951" lon="126.8561179"/>
 <node id="7660245699" visible="true" version="1" changeset="87243256" timestamp="2020-06-28T08:06:11Z" user="LuxuryCoop" uid="7245212" lat="35.0018954" lon="126.8671861"/>
 <node id="7660256383" visible="true" version="1" changeset="87243256" timestamp="2020-06-28T08:06:11Z" user="LuxuryCoop" uid="7245212" lat="34.9863700" lon="126.8409884"/>
 <node id="7660256384" visible="true" version="1" changeset="87243256" timestamp="2020-06-28T08:06:11Z" user="LuxuryCoop" uid="7245212" lat="34.9862096" lon="126.8410259"/>
 <node id="7660256385" visible="true" version="1" changeset="87243256" timestamp="2020-06-28T08:06:11Z" user="LuxuryCoop" uid="7245212" lat="34.9860140" lon="126.8410340"/>
 <node id="7660256386" visible="true" version="1" changeset="87243256" timestamp="2020-06-28T08:06:11Z" user="LuxuryCoop" uid="7245212" lat="34.9857305" lon="126.8410125"/>
 <node id="7660256387" visible="true" version="1" changeset="87243256" timestamp="2020-06-28T08:06:11Z" user="LuxuryCoop" uid="7245212" lat="34.9854492" lon="126.8409508"/>
 <node id="7660256388" visible="true" version="1" changeset="87243256" timestamp="2020-06-28T08:06:11Z" user="LuxuryCoop" uid="7245212" lat="34.9849856" lon="126.8413049"/>
 <node id="7660256389" visible="true" version="1" changeset="87243256" timestamp="2020-06-28T08:06:11Z" user="LuxuryCoop" uid="7245212" lat="34.9848625" lon="126.8414551"/>
 <node id="7660256390" visible="true" version="1" changeset="87243256" timestamp="2020-06-28T08:06:11Z" user="LuxuryCoop" uid="7245212" lat="34.9847680" lon="126.8420103"/>
 <node id="7660256391" visible="true" version="1" changeset="87243256" timestamp="2020-06-28T08:06:11Z" user="LuxuryCoop" uid="7245212" lat="34.9847834" lon="126.8421230"/>
 <node id="7660256392" visible="true" version="1" changeset="87243256" timestamp="2020-06-28T08:06:11Z" user="LuxuryCoop" uid="7245212" lat="34.9849614" lon="126.8425924"/>
 <node id="7660256393" visible="true" version="1" changeset="87243256" timestamp="2020-06-28T08:06:11Z" user="LuxuryCoop" uid="7245212" lat="34.9850625" lon="126.8427506"/>
 <node id="7660256394" visible="true" version="1" changeset="87243256" timestamp="2020-06-28T08:06:11Z" user="LuxuryCoop" uid="7245212" lat="34.9854338" lon="126.8434238"/>
 <node id="7660256395" visible="true" version="1" changeset="87243256" timestamp="2020-06-28T08:06:11Z" user="LuxuryCoop" uid="7245212" lat="34.9853503" lon="126.8431154"/>
 <node id="7660256449" visible="true" version="1" changeset="87243256" timestamp="2020-06-28T08:06:11Z" user="LuxuryCoop" uid="7245212" lat="34.9852535" lon="126.8410741"/>
 <node id="7660872681" visible="true" version="1" changeset="87253085" timestamp="2020-06-28T15:15:55Z" user="LuxuryCoop" uid="7245212" lat="35.0142288" lon="126.8567463"/>
 <node id="7660914237" visible="true" version="1" changeset="87253085" timestamp="2020-06-28T15:15:52Z" user="LuxuryCoop" uid="7245212" lat="35.0110530" lon="126.8600938"/>
 <node id="7660914238" visible="true" version="1" changeset="87253085" timestamp="2020-06-28T15:15:52Z" user="LuxuryCoop" uid="7245212" lat="35.0109124" lon="126.8602923"/>
 <node id="7660914239" visible="true" version="1" changeset="87253085" timestamp="2020-06-28T15:15:52Z" user="LuxuryCoop" uid="7245212" lat="35.0107828" lon="126.8605497"/>
 <node id="7660914240" visible="true" version="1" changeset="87253085" timestamp="2020-06-28T15:15:52Z" user="LuxuryCoop" uid="7245212" lat="35.0106774" lon="126.8608233"/>
 <node id="7660914241" visible="true" version="1" changeset="87253085" timestamp="2020-06-28T15:15:52Z" user="LuxuryCoop" uid="7245212" lat="35.0105170" lon="126.8612632"/>
 <node id="7660914242" visible="true" version="1" changeset="87253085" timestamp="2020-06-28T15:15:52Z" user="LuxuryCoop" uid="7245212" lat="35.0104994" lon="126.8613759"/>
 <node id="7660914243" visible="true" version="1" changeset="87253085" timestamp="2020-06-28T15:15:52Z" user="LuxuryCoop" uid="7245212" lat="35.0104533" lon="126.8615931"/>
 <node id="7660914244" visible="true" version="1" changeset="87253085" timestamp="2020-06-28T15:15:52Z" user="LuxuryCoop" uid="7245212" lat="35.0103632" lon="126.8617702"/>
 <node id="7660914245" visible="true" version="1" changeset="87253085" timestamp="2020-06-28T15:15:52Z" user="LuxuryCoop" uid="7245212" lat="35.0102314" lon="126.8618721"/>
 <node id="7660914246" visible="true" version="1" changeset="87253085" timestamp="2020-06-28T15:15:52Z" user="LuxuryCoop" uid="7245212" lat="35.0100666" lon="126.8622047"/>
 <node id="7660914247" visible="true" version="1" changeset="87253085" timestamp="2020-06-28T15:15:52Z" user="LuxuryCoop" uid="7245212" lat="35.0099128" lon="126.8626177"/>
 <node id="7660914248" visible="true" version="1" changeset="87253085" timestamp="2020-06-28T15:15:52Z" user="LuxuryCoop" uid="7245212" lat="35.0097393" lon="126.8629986"/>
 <node id="7660914249" visible="true" version="1" changeset="87253085" timestamp="2020-06-28T15:15:52Z" user="LuxuryCoop" uid="7245212" lat="35.0095965" lon="126.8633017"/>
 <node id="7660914250" visible="true" version="1" changeset="87253085" timestamp="2020-06-28T15:15:52Z" user="LuxuryCoop" uid="7245212" lat="35.0094559" lon="126.8636021"/>
 <node id="7660914251" visible="true" version="1" changeset="87253085" timestamp="2020-06-28T15:15:52Z" user="LuxuryCoop" uid="7245212" lat="35.0094142" lon="126.8637523"/>
 <node id="7660914252" visible="true" version="1" changeset="87253085" timestamp="2020-06-28T15:15:52Z" user="LuxuryCoop" uid="7245212" lat="35.0093746" lon="126.8638730"/>
 <node id="7660914253" visible="true" version="1" changeset="87253085" timestamp="2020-06-28T15:15:52Z" user="LuxuryCoop" uid="7245212" lat="35.0093263" lon="126.8639776"/>
 <node id="7660914254" visible="true" version="1" changeset="87253085" timestamp="2020-06-28T15:15:52Z" user="LuxuryCoop" uid="7245212" lat="35.0092450" lon="126.8641010"/>
 <node id="7660914255" visible="true" version="1" changeset="87253085" timestamp="2020-06-28T15:15:52Z" user="LuxuryCoop" uid="7245212" lat="35.0091308" lon="126.8643638"/>
 <node id="7660914256" visible="true" version="1" changeset="87253085" timestamp="2020-06-28T15:15:52Z" user="LuxuryCoop" uid="7245212" lat="35.0070151" lon="126.8700528"/>
 <node id="7660914257" visible="true" version="1" changeset="87253085" timestamp="2020-06-28T15:15:52Z" user="LuxuryCoop" uid="7245212" lat="35.0071052" lon="126.8701762"/>
 <node id="7660914258" visible="true" version="1" changeset="87253085" timestamp="2020-06-28T15:15:52Z" user="LuxuryCoop" uid="7245212" lat="35.0071777" lon="126.8701601"/>
 <node id="7660914259" visible="true" version="1" changeset="87253085" timestamp="2020-06-28T15:15:52Z" user="LuxuryCoop" uid="7245212" lat="35.0072546" lon="126.8700689"/>
 <node id="7660914260" visible="true" version="1" changeset="87253085" timestamp="2020-06-28T15:15:52Z" user="LuxuryCoop" uid="7245212" lat="35.0073139" lon="126.8699428"/>
 <node id="7660914261" visible="true" version="1" changeset="87253085" timestamp="2020-06-28T15:15:52Z" user="LuxuryCoop" uid="7245212" lat="35.0073786" lon="126.8698845"/>
 <node id="7660914262" visible="true" version="1" changeset="87253085" timestamp="2020-06-28T15:15:52Z" user="LuxuryCoop" uid="7245212" lat="35.0074347" lon="126.8698597"/>
 <node id="7660914263" visible="true" version="1" changeset="87253085" timestamp="2020-06-28T15:15:52Z" user="LuxuryCoop" uid="7245212" lat="35.0076654" lon="126.8697739"/>
 <node id="7660914264" visible="true" version="1" changeset="87253085" timestamp="2020-06-28T15:15:52Z" user="LuxuryCoop" uid="7245212" lat="35.0077006" lon="126.8696853"/>
 <node id="7660914265" visible="true" version="1" changeset="87253085" timestamp="2020-06-28T15:15:52Z" user="LuxuryCoop" uid="7245212" lat="35.0077203" lon="126.8695405"/>
 <node id="7660914266" visible="true" version="1" changeset="87253085" timestamp="2020-06-28T15:15:52Z" user="LuxuryCoop" uid="7245212" lat="35.0077555" lon="126.8694386"/>
 <node id="7660914267" visible="true" version="1" changeset="87253085" timestamp="2020-06-28T15:15:52Z" user="LuxuryCoop" uid="7245212" lat="35.0078104" lon="126.8692642"/>
 <node id="7660914268" visible="true" version="1" changeset="87253085" timestamp="2020-06-28T15:15:52Z" user="LuxuryCoop" uid="7245212" lat="35.0078807" lon="126.8688941"/>
 <node id="7660914269" visible="true" version="1" changeset="87253085" timestamp="2020-06-28T15:15:52Z" user="LuxuryCoop" uid="7245212" lat="35.0079290" lon="126.8685883"/>
 <node id="7660914270" visible="true" version="1" changeset="87253085" timestamp="2020-06-28T15:15:52Z" user="LuxuryCoop" uid="7245212" lat="35.0079950" lon="126.8682504"/>
 <node id="7660914271" visible="true" version="1" changeset="87253085" timestamp="2020-06-28T15:15:52Z" user="LuxuryCoop" uid="7245212" lat="35.0080631" lon="126.8680009"/>
 <node id="7660914272" visible="true" version="1" changeset="87253085" timestamp="2020-06-28T15:15:52Z" user="LuxuryCoop" uid="7245212" lat="35.0081729" lon="126.8677595"/>
 <node id="7660914273" visible="true" version="1" changeset="87253085" timestamp="2020-06-28T15:15:52Z" user="LuxuryCoop" uid="7245212" lat="35.0081861" lon="126.8675932"/>
 <node id="7660914274" visible="true" version="1" changeset="87253085" timestamp="2020-06-28T15:15:52Z" user="LuxuryCoop" uid="7245212" lat="35.0082234" lon="126.8674162"/>
 <node id="7660915369" visible="true" version="1" changeset="87253085" timestamp="2020-06-28T15:15:58Z" user="LuxuryCoop" uid="7245212" lat="35.0140135" lon="126.8571862"/>
 <node id="7660924010" visible="true" version="1" changeset="87253085" timestamp="2020-06-28T15:15:59Z" user="LuxuryCoop" uid="7245212" lat="35.0089010" lon="126.8645757"/>
 <node id="7660924023" visible="true" version="1" changeset="87253085" timestamp="2020-06-28T15:15:59Z" user="LuxuryCoop" uid="7245212" lat="35.0064642" lon="126.8601741"/>
 <node id="7660924039" visible="true" version="1" changeset="87253085" timestamp="2020-06-28T15:15:59Z" user="LuxuryCoop" uid="7245212" lat="35.0088065" lon="126.8653938"/>
 <node id="7660924074" visible="true" version="2" changeset="154920955" timestamp="2024-08-07T07:08:32Z" user="morago" uid="11113946" lat="35.0193908" lon="126.8555205"/>
 <node id="7660924082" visible="true" version="1" changeset="87253085" timestamp="2020-06-28T15:15:59Z" user="LuxuryCoop" uid="7245212" lat="35.0136598" lon="126.8538147"/>
 <node id="7660925440" visible="true" version="1" changeset="87253085" timestamp="2020-06-28T15:15:56Z" user="LuxuryCoop" uid="7245212" lat="35.0083517" lon="126.8663674"/>
 <node id="7660925447" visible="true" version="1" changeset="87253085" timestamp="2020-06-28T15:15:56Z" user="LuxuryCoop" uid="7245212" lat="35.0084528" lon="126.8660187"/>
 <node id="7660925461" visible="true" version="1" changeset="87253085" timestamp="2020-06-28T15:15:56Z" user="LuxuryCoop" uid="7245212" lat="35.0042106" lon="126.8634334"/>
 <node id="7660925468" visible="true" version="1" changeset="87253085" timestamp="2020-06-28T15:15:56Z" user="LuxuryCoop" uid="7245212" lat="35.0158678" lon="126.8552550"/>
 <node id="7660925470" visible="true" version="1" changeset="87253085" timestamp="2020-06-28T15:15:56Z" user="LuxuryCoop" uid="7245212" lat="35.0193260" lon="126.8555232"/>
 <node id="7660925471" visible="true" version="1" changeset="87253085" timestamp="2020-06-28T15:15:56Z" user="LuxuryCoop" uid="7245212" lat="35.0084792" lon="126.8659222"/>
 <node id="7660926430" visible="true" version="1" changeset="87253085" timestamp="2020-06-28T15:15:50Z" user="LuxuryCoop" uid="7245212" lat="35.0176762" lon="126.8576691"/>
 <node id="7660926431" visible="true" version="1" changeset="87253085" timestamp="2020-06-28T15:15:50Z" user="LuxuryCoop" uid="7245212" lat="35.0033403" lon="126.8649030"/>
 <node id="7660932070" visible="true" version="1" changeset="87253085" timestamp="2020-06-28T15:15:51Z" user="LuxuryCoop" uid="7245212" lat="35.0019862" lon="126.8671775"/>
 <node id="7660932071" visible="true" version="1" changeset="87253085" timestamp="2020-06-28T15:15:51Z" user="LuxuryCoop" uid="7245212" lat="35.0022784" lon="126.8674859"/>
 <node id="7660932072" visible="true" version="1" changeset="87253085" timestamp="2020-06-28T15:15:51Z" user="LuxuryCoop" uid="7245212" lat="35.0047215" lon="126.8696344"/>
 <node id="7660932073" visible="true" version="1" changeset="87253085" timestamp="2020-06-28T15:15:51Z" user="LuxuryCoop" uid="7245212" lat="35.0051938" lon="126.8700340"/>
 <node id="7660932074" visible="true" version="1" changeset="87253085" timestamp="2020-06-28T15:15:51Z" user="LuxuryCoop" uid="7245212" lat="35.0054641" lon="126.8702164"/>
 <node id="7660932075" visible="true" version="1" changeset="87253085" timestamp="2020-06-28T15:15:51Z" user="LuxuryCoop" uid="7245212" lat="35.0056179" lon="126.8702942"/>
 <node id="7660932076" visible="true" version="1" changeset="87253085" timestamp="2020-06-28T15:15:51Z" user="LuxuryCoop" uid="7245212" lat="35.0059584" lon="126.8703988"/>
 <node id="7660932077" visible="true" version="1" changeset="87253085" timestamp="2020-06-28T15:15:51Z" user="LuxuryCoop" uid="7245212" lat="35.0060221" lon="126.8704176"/>
 <node id="7660932078" visible="true" version="1" changeset="87253085" timestamp="2020-06-28T15:15:51Z" user="LuxuryCoop" uid="7245212" lat="35.0062638" lon="126.8704390"/>
 <node id="7660932079" visible="true" version="1" changeset="87253085" timestamp="2020-06-28T15:15:51Z" user="LuxuryCoop" uid="7245212" lat="35.0063494" lon="126.8704310"/>
 <node id="7660932080" visible="true" version="1" changeset="87253085" timestamp="2020-06-28T15:15:51Z" user="LuxuryCoop" uid="7245212" lat="35.0068042" lon="126.8705222"/>
 <node id="7660932689" visible="true" version="1" changeset="87253085" timestamp="2020-06-28T15:15:51Z" user="LuxuryCoop" uid="7245212" lat="35.0143438" lon="126.8529966"/>
 <node id="7660932690" visible="true" version="1" changeset="87253085" timestamp="2020-06-28T15:15:51Z" user="LuxuryCoop" uid="7245212" lat="35.0141769" lon="126.8532515"/>
 <node id="7660932691" visible="true" version="1" changeset="87253085" timestamp="2020-06-28T15:15:51Z" user="LuxuryCoop" uid="7245212" lat="35.0140692" lon="126.8534821"/>
 <node id="7660932692" visible="true" version="1" changeset="87253085" timestamp="2020-06-28T15:15:51Z" user="LuxuryCoop" uid="7245212" lat="35.0138671" lon="126.8538469"/>
 <node id="7660932693" visible="true" version="1" changeset="87253085" timestamp="2020-06-28T15:15:51Z" user="LuxuryCoop" uid="7245212" lat="35.0137111" lon="126.8540534"/>
 <node id="7660932694" visible="true" version="1" changeset="87253085" timestamp="2020-06-28T15:15:51Z" user="LuxuryCoop" uid="7245212" lat="35.0135266" lon="126.8543538"/>
 <node id="7660932695" visible="true" version="1" changeset="87253085" timestamp="2020-06-28T15:15:51Z" user="LuxuryCoop" uid="7245212" lat="35.0134322" lon="126.8545416"/>
 <node id="7660932696" visible="true" version="1" changeset="87253085" timestamp="2020-06-28T15:15:51Z" user="LuxuryCoop" uid="7245212" lat="35.0132235" lon="126.8549466"/>
 <node id="7660932697" visible="true" version="1" changeset="87253085" timestamp="2020-06-28T15:15:51Z" user="LuxuryCoop" uid="7245212" lat="35.0131400" lon="126.8551692"/>
 <node id="7660932698" visible="true" version="1" changeset="87253085" timestamp="2020-06-28T15:15:51Z" user="LuxuryCoop" uid="7245212" lat="35.0129423" lon="126.8557218"/>
 <node id="7660932699" visible="true" version="1" changeset="87253085" timestamp="2020-06-28T15:15:51Z" user="LuxuryCoop" uid="7245212" lat="35.0126787" lon="126.8562207"/>
 <node id="7660932700" visible="true" version="1" changeset="87253085" timestamp="2020-06-28T15:15:51Z" user="LuxuryCoop" uid="7245212" lat="35.0125227" lon="126.8565211"/>
 <node id="7660932701" visible="true" version="1" changeset="87253085" timestamp="2020-06-28T15:15:51Z" user="LuxuryCoop" uid="7245212" lat="35.0124019" lon="126.8568671"/>
 <node id="7660932702" visible="true" version="1" changeset="87253085" timestamp="2020-06-28T15:15:51Z" user="LuxuryCoop" uid="7245212" lat="35.0120965" lon="126.8575457"/>
 <node id="7660932703" visible="true" version="1" changeset="87253085" timestamp="2020-06-28T15:15:51Z" user="LuxuryCoop" uid="7245212" lat="35.0117933" lon="126.8582538"/>
 <node id="7660932704" visible="true" version="1" changeset="87253085" timestamp="2020-06-28T15:15:51Z" user="LuxuryCoop" uid="7245212" lat="35.0116088" lon="126.8587232"/>
 <node id="7660932705" visible="true" version="1" changeset="87253085" timestamp="2020-06-28T15:15:51Z" user="LuxuryCoop" uid="7245212" lat="35.0113913" lon="126.8592837"/>
 <node id="7660932706" visible="true" version="1" changeset="87253085" timestamp="2020-06-28T15:15:51Z" user="LuxuryCoop" uid="7245212" lat="35.0113322" lon="126.8594368"/>
 <node id="7660932707" visible="true" version="1" changeset="87253085" timestamp="2020-06-28T15:15:51Z" user="LuxuryCoop" uid="7245212" lat="35.0112441" lon="126.8595707"/>
 <node id="7660932708" visible="true" version="1" changeset="87253085" timestamp="2020-06-28T15:15:51Z" user="LuxuryCoop" uid="7245212" lat="35.0111848" lon="126.8596968"/>
 <node id="7660932709" visible="true" version="1" changeset="87253085" timestamp="2020-06-28T15:15:51Z" user="LuxuryCoop" uid="7245212" lat="35.0111035" lon="126.8599087"/>
 <node id="7660932721" visible="true" version="1" changeset="87253085" timestamp="2020-06-28T15:15:57Z" user="LuxuryCoop" uid="7245212" lat="35.0084154" lon="126.8661542"/>
 <node id="7660932731" visible="true" version="1" changeset="87253085" timestamp="2020-06-28T15:15:57Z" user="LuxuryCoop" uid="7245212" lat="35.0144256" lon="126.8527024"/>
 <node id="7660932734" visible="true" version="1" changeset="87253085" timestamp="2020-06-28T15:15:57Z" user="LuxuryCoop" uid="7245212" lat="35.0083166" lon="126.8664908"/>
 <node id="7660932740" visible="true" version="1" changeset="87253085" timestamp="2020-06-28T15:15:57Z" user="LuxuryCoop" uid="7245212" lat="35.0085406" lon="126.8662360"/>
 <node id="7660932751" visible="true" version="1" changeset="87253085" timestamp="2020-06-28T15:15:57Z" user="LuxuryCoop" uid="7245212" lat="35.0082858" lon="126.8666142"/>
 <node id="7660932753" visible="true" version="1" changeset="87253085" timestamp="2020-06-28T15:15:57Z" user="LuxuryCoop" uid="7245212" lat="35.0155559" lon="126.8554213"/>
 <node id="7660932759" visible="true" version="1" changeset="87253085" timestamp="2020-06-28T15:15:57Z" user="LuxuryCoop" uid="7245212" lat="35.0116078" lon="126.8582242"/>
 <node id="7660932760" visible="true" version="1" changeset="87253085" timestamp="2020-06-28T15:15:57Z" user="LuxuryCoop" uid="7245212" lat="35.0071016" lon="126.8705758"/>
 <node id="7660932762" visible="true" version="1" changeset="87253085" timestamp="2020-06-28T15:15:57Z" user="LuxuryCoop" uid="7245212" lat="35.0130491" lon="126.8549358"/>
 <node id="7660932783" visible="true" version="1" changeset="87253085" timestamp="2020-06-28T15:15:57Z" user="LuxuryCoop" uid="7245212" lat="35.0083143" lon="126.8671882"/>
 <node id="7660932784" visible="true" version="1" changeset="87253085" timestamp="2020-06-28T15:15:57Z" user="LuxuryCoop" uid="7245212" lat="35.0072225" lon="126.8704068"/>
 <node id="7660932989" visible="true" version="1" changeset="87253085" timestamp="2020-06-28T15:15:55Z" user="LuxuryCoop" uid="7245212" lat="35.0208903" lon="126.8559416"/>
 <node id="7660932996" visible="true" version="1" changeset="87253085" timestamp="2020-06-28T15:15:55Z" user="LuxuryCoop" uid="7245212" lat="35.0190360" lon="126.8554642"/>
 <node id="7660933006" visible="true" version="2" changeset="163107400" timestamp="2025-03-02T01:48:07Z" user="dongin" uid="11518918" lat="35.0111606" lon="126.8551154"/>
 <node id="7660933015" visible="true" version="1" changeset="87253085" timestamp="2020-06-28T15:15:55Z" user="LuxuryCoop" uid="7245212" lat="35.0088504" lon="126.8651363"/>
 <node id="7660933022" visible="true" version="1" changeset="87253085" timestamp="2020-06-28T15:15:55Z" user="LuxuryCoop" uid="7245212" lat="35.0167511" lon="126.8552282"/>
 <node id="7660933027" visible="true" version="2" changeset="163107400" timestamp="2025-03-02T01:48:07Z" user="dongin" uid="11518918" lat="35.0161725" lon="126.8552116"/>
 <node id="7660933047" visible="true" version="1" changeset="87253085" timestamp="2020-06-28T15:15:55Z" user="LuxuryCoop" uid="7245212" lat="35.0146507" lon="126.8560328"/>
 <node id="7660933052" visible="true" version="1" changeset="87253085" timestamp="2020-06-28T15:15:55Z" user="LuxuryCoop" uid="7245212" lat="35.0031174" lon="126.8652425"/>
 <node id="7660933071" visible="true" version="1" changeset="87253085" timestamp="2020-06-28T15:15:55Z" user="LuxuryCoop" uid="7245212" lat="35.0151912" lon="126.8555930"/>
 <node id="7660933101" visible="true" version="1" changeset="87253085" timestamp="2020-06-28T15:15:56Z" user="LuxuryCoop" uid="7245212" lat="35.0211144" lon="126.8559256"/>
 <node id="7660933123" visible="true" version="1" changeset="87253085" timestamp="2020-06-28T15:15:56Z" user="LuxuryCoop" uid="7245212" lat="35.0070664" lon="126.8705705"/>
 <node id="7660933127" visible="true" version="2" changeset="154920955" timestamp="2024-08-07T07:08:32Z" user="morago" uid="11113946" lat="35.0157733" lon="126.8552845"/>
 <node id="7660933200" visible="true" version="1" changeset="87253085" timestamp="2020-06-28T15:15:57Z" user="LuxuryCoop" uid="7245212" lat="35.0132995" lon="126.8544530"/>
 <node id="7660933295" visible="true" version="1" changeset="87253085" timestamp="2020-06-28T15:15:58Z" user="LuxuryCoop" uid="7245212" lat="35.0055489" lon="126.8616879"/>
 <node id="7660933309" visible="true" version="1" changeset="87253085" timestamp="2020-06-28T15:15:58Z" user="LuxuryCoop" uid="7245212" lat="35.0071587" lon="126.8705490"/>
 <node id="7660933319" visible="true" version="2" changeset="154920955" timestamp="2024-08-07T07:08:32Z" user="morago" uid="11113946" lat="35.0137389" lon="126.8575349"/>
 <node id="7660933340" visible="true" version="1" changeset="87253085" timestamp="2020-06-28T15:15:58Z" user="LuxuryCoop" uid="7245212" lat="35.0083935" lon="126.8668261"/>
 <node id="7660933342" visible="true" version="1" changeset="87253085" timestamp="2020-06-28T15:15:58Z" user="LuxuryCoop" uid="7245212" lat="35.0073323" lon="126.8700474"/>
 <node id="7660933349" visible="true" version="1" changeset="87253085" timestamp="2020-06-28T15:15:58Z" user="LuxuryCoop" uid="7245212" lat="35.0078069" lon="126.8683791"/>
 <node id="7660933390" visible="true" version="1" changeset="87253085" timestamp="2020-06-28T15:15:59Z" user="LuxuryCoop" uid="7245212" lat="35.0185746" lon="126.8553462"/>
 <node id="7660933391" visible="true" version="1" changeset="87253085" timestamp="2020-06-28T15:15:59Z" user="LuxuryCoop" uid="7245212" lat="35.0089933" lon="126.8647286"/>
 <node id="7660933394" visible="true" version="1" changeset="87253085" timestamp="2020-06-28T15:15:59Z" user="LuxuryCoop" uid="7245212" lat="35.0153449" lon="126.8555018"/>
 <node id="7660933493" visible="true" version="2" changeset="154920955" timestamp="2024-08-07T07:08:32Z" user="morago" uid="11113946" lat="35.0164677" lon="126.8552040"/>
 <node id="7660933509" visible="true" version="3" changeset="154920955" timestamp="2024-08-07T07:08:32Z" user="morago" uid="11113946" lat="35.0202453" lon="126.8556908"/>
 <node id="7660933511" visible="true" version="1" changeset="87253085" timestamp="2020-06-28T15:16:00Z" user="LuxuryCoop" uid="7245212" lat="35.0172322" lon="126.8552014"/>
 <node id="8204694863" visible="true" version="1" changeset="95468301" timestamp="2020-12-08T07:48:30Z" user="LuxuryCoop" uid="7245212" lat="35.0476277" lon="126.7912924"/>
 <node id="8204694864" visible="true" version="1" changeset="95468301" timestamp="2020-12-08T07:48:30Z" user="LuxuryCoop" uid="7245212" lat="35.0476123" lon="126.7914158"/>
 <node id="8948430792" visible="true" version="1" changeset="108559765" timestamp="2021-07-25T10:30:41Z" user="바람의나라" uid="10277401" lat="35.0194778" lon="126.8555908">
  <tag k="amenity" v="toilets"/>
  <tag k="name" v="화장실"/>
 </node>
 <node id="8948440968" visible="true" version="2" changeset="129706723" timestamp="2022-12-04T14:30:26Z" user="user_17305005" uid="17305005" lat="35.0176023" lon="126.8542445">
  <tag k="amenity" v="shelter"/>
  <tag k="name" v="정자"/>
  <tag k="shelter_type" v="gazebo"/>
 </node>
 <node id="8948465820" visible="true" version="1" changeset="108559716" timestamp="2021-07-25T10:28:37Z" user="바람의나라" uid="10277401" lat="35.0178146" lon="126.8551407">
  <tag k="amenity" v="toilets"/>
  <tag k="name" v="화장실"/>
 </node>
 <node id="9603133386" visible="true" version="1" changeset="118862602" timestamp="2022-03-24T12:21:26Z" user="FUKUTAN" uid="5207199" lat="34.9322734" lon="126.9861736"/>
 <node id="9603133387" visible="true" version="1" changeset="118862602" timestamp="2022-03-24T12:21:26Z" user="FUKUTAN" uid="5207199" lat="34.9368046" lon="126.9882348"/>
 <node id="9603133673" visible="true" version="1" changeset="118862602" timestamp="2022-03-24T12:21:26Z" user="FUKUTAN" uid="5207199" lat="34.9118491" lon="126.9810278"/>
 <node id="9603133674" visible="true" version="1" changeset="118862602" timestamp="2022-03-24T12:21:26Z" user="FUKUTAN" uid="5207199" lat="34.9172819" lon="126.9859653"/>
 <node id="9694205656" visible="true" version="1" changeset="120191462" timestamp="2022-04-26T04:23:01Z" user="FUKUTAN" uid="5207199" lat="35.0203920" lon="126.8529240"/>
 <node id="9694205657" visible="true" version="2" changeset="149486328" timestamp="2024-04-02T15:09:19Z" user="야광멧돼지" uid="12393144" lat="35.0216630" lon="126.8540092"/>
 <node id="9694205658" visible="true" version="2" changeset="149486328" timestamp="2024-04-02T15:09:19Z" user="야광멧돼지" uid="12393144" lat="35.0219600" lon="126.8544449"/>
 <node id="9694205659" visible="true" version="1" changeset="120191462" timestamp="2022-04-26T04:23:01Z" user="FUKUTAN" uid="5207199" lat="35.0231918" lon="126.8554594"/>
 <node id="9694205660" visible="true" version="1" changeset="120191462" timestamp="2022-04-26T04:23:01Z" user="FUKUTAN" uid="5207199" lat="35.0234409" lon="126.8555946"/>
 <node id="9694205661" visible="true" version="1" changeset="120191462" timestamp="2022-04-26T04:23:01Z" user="FUKUTAN" uid="5207199" lat="35.0241208" lon="126.8561554"/>
 <node id="9694205662" visible="true" version="1" changeset="120191462" timestamp="2022-04-26T04:23:01Z" user="FUKUTAN" uid="5207199" lat="35.0272823" lon="126.8594034"/>
 <node id="9694205663" visible="true" version="1" changeset="120191462" timestamp="2022-04-26T04:23:01Z" user="FUKUTAN" uid="5207199" lat="35.0284979" lon="126.8594672"/>
 <node id="9694205734" visible="true" version="1" changeset="120191462" timestamp="2022-04-26T04:23:01Z" user="FUKUTAN" uid="5207199" lat="35.0214389" lon="126.8612234"/>
 <node id="9694205735" visible="true" version="1" changeset="120191462" timestamp="2022-04-26T04:23:01Z" user="FUKUTAN" uid="5207199" lat="35.0215757" lon="126.8613445"/>
 <node id="9694205736" visible="true" version="1" changeset="120191462" timestamp="2022-04-26T04:23:01Z" user="FUKUTAN" uid="5207199" lat="35.0216754" lon="126.8614297"/>
 <node id="9694205737" visible="true" version="1" changeset="120191462" timestamp="2022-04-26T04:23:01Z" user="FUKUTAN" uid="5207199" lat="35.0218099" lon="126.8615108"/>
 <node id="9694205738" visible="true" version="1" changeset="120191462" timestamp="2022-04-26T04:23:01Z" user="FUKUTAN" uid="5207199" lat="35.0219046" lon="126.8615676"/>
 <node id="9694205739" visible="true" version="1" changeset="120191462" timestamp="2022-04-26T04:23:01Z" user="FUKUTAN" uid="5207199" lat="35.0219788" lon="126.8615992"/>
 <node id="9694205740" visible="true" version="1" changeset="120191462" timestamp="2022-04-26T04:23:01Z" user="FUKUTAN" uid="5207199" lat="35.0221155" lon="126.8616487"/>
 <node id="9694205741" visible="true" version="1" changeset="120191462" timestamp="2022-04-26T04:23:01Z" user="FUKUTAN" uid="5207199" lat="35.0222965" lon="126.8616892"/>
 <node id="9694205742" visible="true" version="1" changeset="120191462" timestamp="2022-04-26T04:23:01Z" user="FUKUTAN" uid="5207199" lat="35.0225174" lon="126.8617156"/>
 <node id="9694205743" visible="true" version="1" changeset="120191462" timestamp="2022-04-26T04:23:01Z" user="FUKUTAN" uid="5207199" lat="35.0228745" lon="126.8617399"/>
 <node id="9694205744" visible="true" version="1" changeset="120191462" timestamp="2022-04-26T04:23:01Z" user="FUKUTAN" uid="5207199" lat="35.0237340" lon="126.8617998"/>
 <node id="9694205745" visible="true" version="1" changeset="120191462" timestamp="2022-04-26T04:23:01Z" user="FUKUTAN" uid="5207199" lat="35.0238204" lon="126.8617998"/>
 <node id="9694205746" visible="true" version="1" changeset="120191462" timestamp="2022-04-26T04:23:01Z" user="FUKUTAN" uid="5207199" lat="35.0241391" lon="126.8617895"/>
 <node id="9694205747" visible="true" version="3" changeset="163107400" timestamp="2025-03-02T01:48:07Z" user="dongin" uid="11518918" lat="35.0251752" lon="126.8617258"/>
 <node id="9694205748" visible="true" version="1" changeset="120191462" timestamp="2022-04-26T04:23:01Z" user="FUKUTAN" uid="5207199" lat="35.0256945" lon="126.8616839"/>
 <node id="9694205749" visible="true" version="1" changeset="120191462" timestamp="2022-04-26T04:23:01Z" user="FUKUTAN" uid="5207199" lat="35.0259613" lon="126.8616563"/>
 <node id="9694205750" visible="true" version="1" changeset="120191462" timestamp="2022-04-26T04:23:01Z" user="FUKUTAN" uid="5207199" lat="35.0270034" lon="126.8615241"/>
 <node id="9694205751" visible="true" version="1" changeset="120191462" timestamp="2022-04-26T04:23:01Z" user="FUKUTAN" uid="5207199" lat="35.0271569" lon="126.8615087"/>
 <node id="9694205752" visible="true" version="1" changeset="120191462" timestamp="2022-04-26T04:23:01Z" user="FUKUTAN" uid="5207199" lat="35.0272853" lon="126.8615026"/>
 <node id="9694205753" visible="true" version="1" changeset="120191462" timestamp="2022-04-26T04:23:01Z" user="FUKUTAN" uid="5207199" lat="35.0188977" lon="126.8607876"/>
 <node id="9694205754" visible="true" version="1" changeset="120191462" timestamp="2022-04-26T04:23:01Z" user="FUKUTAN" uid="5207199" lat="35.0188337" lon="126.8606479"/>
 <node id="9694205755" visible="true" version="1" changeset="120191462" timestamp="2022-04-26T04:23:01Z" user="FUKUTAN" uid="5207199" lat="35.0187258" lon="126.8604349"/>
 <node id="9694205756" visible="true" version="1" changeset="120191462" timestamp="2022-04-26T04:23:01Z" user="FUKUTAN" uid="5207199" lat="35.0186710" lon="126.8603883"/>
 <node id="9694205757" visible="true" version="1" changeset="120191462" timestamp="2022-04-26T04:23:01Z" user="FUKUTAN" uid="5207199" lat="35.0185946" lon="126.8603518"/>
 <node id="9694205758" visible="true" version="1" changeset="120191462" timestamp="2022-04-26T04:23:01Z" user="FUKUTAN" uid="5207199" lat="35.0184983" lon="126.8603315"/>
 <node id="9694205759" visible="true" version="1" changeset="120191462" timestamp="2022-04-26T04:23:01Z" user="FUKUTAN" uid="5207199" lat="35.0183621" lon="126.8603417"/>
 <node id="9694205760" visible="true" version="1" changeset="120191462" timestamp="2022-04-26T04:23:01Z" user="FUKUTAN" uid="5207199" lat="35.0182242" lon="126.8603842"/>
 <node id="9694205761" visible="true" version="1" changeset="120191462" timestamp="2022-04-26T04:23:01Z" user="FUKUTAN" uid="5207199" lat="35.0178057" lon="126.8605181"/>
 <node id="9694205762" visible="true" version="1" changeset="120191462" timestamp="2022-04-26T04:23:01Z" user="FUKUTAN" uid="5207199" lat="35.0176944" lon="126.8604167"/>
 <node id="9694205763" visible="true" version="1" changeset="120191462" timestamp="2022-04-26T04:23:01Z" user="FUKUTAN" uid="5207199" lat="35.0176894" lon="126.8601591"/>
 <node id="9694205764" visible="true" version="1" changeset="120191462" timestamp="2022-04-26T04:23:01Z" user="FUKUTAN" uid="5207199" lat="35.0176878" lon="126.8596542"/>
 <node id="9694205765" visible="true" version="1" changeset="120191462" timestamp="2022-04-26T04:23:01Z" user="FUKUTAN" uid="5207199" lat="35.0177276" lon="126.8589282"/>
 <node id="9694205766" visible="true" version="1" changeset="120191462" timestamp="2022-04-26T04:23:01Z" user="FUKUTAN" uid="5207199" lat="35.0177376" lon="126.8588531"/>
 <node id="9694205767" visible="true" version="1" changeset="120191462" timestamp="2022-04-26T04:23:01Z" user="FUKUTAN" uid="5207199" lat="35.0179170" lon="126.8587172"/>
 <node id="9694205768" visible="true" version="1" changeset="120191462" timestamp="2022-04-26T04:23:01Z" user="FUKUTAN" uid="5207199" lat="35.0179931" lon="126.8582546"/>
 <node id="9694205834" visible="true" version="1" changeset="120191462" timestamp="2022-04-26T04:23:01Z" user="FUKUTAN" uid="5207199" lat="35.0375716" lon="126.8561883"/>
 <node id="9694206084" visible="true" version="1" changeset="120191462" timestamp="2022-04-26T04:23:01Z" user="FUKUTAN" uid="5207199" lat="35.0235280" lon="126.8515652"/>
 <node id="9694206085" visible="true" version="1" changeset="120191462" timestamp="2022-04-26T04:23:01Z" user="FUKUTAN" uid="5207199" lat="35.0234607" lon="126.8517509"/>
 <node id="9694206086" visible="true" version="1" changeset="120191462" timestamp="2022-04-26T04:23:01Z" user="FUKUTAN" uid="5207199" lat="35.0235608" lon="126.8519437"/>
 <node id="9694206087" visible="true" version="1" changeset="120191462" timestamp="2022-04-26T04:23:01Z" user="FUKUTAN" uid="5207199" lat="35.0236840" lon="126.8522729"/>
 <node id="9694206088" visible="true" version="1" changeset="120191462" timestamp="2022-04-26T04:23:01Z" user="FUKUTAN" uid="5207199" lat="35.0236513" lon="126.8524493"/>
 <node id="9694206089" visible="true" version="1" changeset="120191462" timestamp="2022-04-26T04:23:01Z" user="FUKUTAN" uid="5207199" lat="35.0234895" lon="126.8531452"/>
 <node id="9694206090" visible="true" version="1" changeset="120191462" timestamp="2022-04-26T04:23:01Z" user="FUKUTAN" uid="5207199" lat="35.0238111" lon="126.8533968"/>
 <node id="9694206091" visible="true" version="1" changeset="120191462" timestamp="2022-04-26T04:23:01Z" user="FUKUTAN" uid="5207199" lat="35.0238708" lon="126.8534297"/>
 <node id="9694206092" visible="true" version="1" changeset="120191462" timestamp="2022-04-26T04:23:01Z" user="FUKUTAN" uid="5207199" lat="35.0239305" lon="126.8534344"/>
 <node id="9694206093" visible="true" version="1" changeset="120191462" timestamp="2022-04-26T04:23:01Z" user="FUKUTAN" uid="5207199" lat="35.0241288" lon="126.8534321"/>
 <node id="9694206094" visible="true" version="1" changeset="120191462" timestamp="2022-04-26T04:23:01Z" user="FUKUTAN" uid="5207199" lat="35.0245042" lon="126.8535050"/>
 <node id="9694206095" visible="true" version="1" changeset="120191462" timestamp="2022-04-26T04:23:01Z" user="FUKUTAN" uid="5207199" lat="35.0246236" lon="126.8535426"/>
 <node id="9694206096" visible="true" version="1" changeset="120191462" timestamp="2022-04-26T04:23:01Z" user="FUKUTAN" uid="5207199" lat="35.0240017" lon="126.8530959"/>
 <node id="9694206097" visible="true" version="1" changeset="120191462" timestamp="2022-04-26T04:23:01Z" user="FUKUTAN" uid="5207199" lat="35.0240537" lon="126.8534330"/>
 <node id="9694206098" visible="true" version="1" changeset="120191462" timestamp="2022-04-26T04:23:01Z" user="FUKUTAN" uid="5207199" lat="35.0241634" lon="126.8540693"/>
 <node id="9694206099" visible="true" version="1" changeset="120191462" timestamp="2022-04-26T04:23:01Z" user="FUKUTAN" uid="5207199" lat="35.0241634" lon="126.8541774"/>
 <node id="9694206100" visible="true" version="1" changeset="120191462" timestamp="2022-04-26T04:23:01Z" user="FUKUTAN" uid="5207199" lat="35.0243656" lon="126.8539752"/>
 <node id="9694206101" visible="true" version="1" changeset="120191462" timestamp="2022-04-26T04:23:01Z" user="FUKUTAN" uid="5207199" lat="35.0241390" lon="126.8539275"/>
 <node id="9694206102" visible="true" version="1" changeset="120191462" timestamp="2022-04-26T04:23:01Z" user="FUKUTAN" uid="5207199" lat="35.0246531" lon="126.8545031"/>
 <node id="9694206103" visible="true" version="1" changeset="120191462" timestamp="2022-04-26T04:23:01Z" user="FUKUTAN" uid="5207199" lat="35.0252398" lon="126.8548827"/>
 <node id="9694206104" visible="true" version="1" changeset="120191462" timestamp="2022-04-26T04:23:01Z" user="FUKUTAN" uid="5207199" lat="35.0254379" lon="126.8549903"/>
 <node id="9908992814" visible="true" version="2" changeset="142027335" timestamp="2023-10-02T08:31:19Z" user="FUKUTAN" uid="5207199" lat="35.0085025" lon="126.9302099"/>
 <node id="9908992815" visible="true" version="2" changeset="184081568" timestamp="2026-06-14T06:51:30Z" user="FUKUTAN" uid="5207199" lat="35.0089379" lon="126.9272675"/>
 <node id="9908992816" visible="true" version="1" changeset="124037578" timestamp="2022-07-25T07:41:33Z" user="FUKUTAN" uid="5207199" lat="35.0093767" lon="126.9264195"/>
 <node id="9908992826" visible="true" version="1" changeset="124037578" timestamp="2022-07-25T07:41:33Z" user="FUKUTAN" uid="5207199" lat="35.0094267" lon="126.9303752"/>
 <node id="9908992861" visible="true" version="1" changeset="124037578" timestamp="2022-07-25T07:41:33Z" user="FUKUTAN" uid="5207199" lat="35.0111461" lon="126.9079642"/>
 <node id="9984792083" visible="true" version="1" changeset="125508178" timestamp="2022-08-29T07:37:11Z" user="FUKUTAN" uid="5207199" lat="34.9024860" lon="126.9839340"/>
 <node id="10087024438" visible="true" version="1" changeset="127249438" timestamp="2022-10-09T13:41:08Z" user="야광멧돼지" uid="12393144" lat="35.0299489" lon="126.8520513"/>
 <node id="10087024439" visible="true" version="1" changeset="127249438" timestamp="2022-10-09T13:41:08Z" user="야광멧돼지" uid="12393144" lat="35.0293988" lon="126.8532505"/>
 <node id="10087024440" visible="true" version="1" changeset="127249438" timestamp="2022-10-09T13:41:08Z" user="야광멧돼지" uid="12393144" lat="35.0292266" lon="126.8530443"/>
 <node id="10087024441" visible="true" version="1" changeset="127249438" timestamp="2022-10-09T13:41:08Z" user="야광멧돼지" uid="12393144" lat="35.0295261" lon="126.8517797"/>
 <node id="10087024442" visible="true" version="1" changeset="127249438" timestamp="2022-10-09T13:41:08Z" user="야광멧돼지" uid="12393144" lat="35.0292988" lon="126.8514090"/>
 <node id="10087024443" visible="true" version="1" changeset="127249438" timestamp="2022-10-09T13:41:08Z" user="야광멧돼지" uid="12393144" lat="35.0292413" lon="126.8497751"/>
 <node id="10087024444" visible="true" version="1" changeset="127249438" timestamp="2022-10-09T13:41:08Z" user="야광멧돼지" uid="12393144" lat="35.0282723" lon="126.8500435"/>
 <node id="10087024445" visible="true" version="1" changeset="127249438" timestamp="2022-10-09T13:41:08Z" user="야광멧돼지" uid="12393144" lat="35.0282077" lon="126.8507427"/>
 <node id="10087024446" visible="true" version="1" changeset="127249438" timestamp="2022-10-09T13:41:08Z" user="야광멧돼지" uid="12393144" lat="35.0284410" lon="126.8513121"/>
 <node id="10087024447" visible="true" version="1" changeset="127249438" timestamp="2022-10-09T13:41:08Z" user="야광멧돼지" uid="12393144" lat="35.0284719" lon="126.8519212"/>
 <node id="10087024448" visible="true" version="1" changeset="127249438" timestamp="2022-10-09T13:41:08Z" user="야광멧돼지" uid="12393144" lat="35.0282475" lon="126.8526024"/>
 <node id="10087024449" visible="true" version="1" changeset="127249438" timestamp="2022-10-09T13:41:08Z" user="야광멧돼지" uid="12393144" lat="35.0281426" lon="126.8548585"/>
 <node id="10087024450" visible="true" version="1" changeset="127249438" timestamp="2022-10-09T13:41:08Z" user="야광멧돼지" uid="12393144" lat="35.0250731" lon="126.8531052"/>
 <node id="10087024451" visible="true" version="1" changeset="127249438" timestamp="2022-10-09T13:41:08Z" user="야광멧돼지" uid="12393144" lat="35.0239661" lon="126.8527189"/>
 <node id="10087024452" visible="true" version="1" changeset="127249438" timestamp="2022-10-09T13:41:08Z" user="야광멧돼지" uid="12393144" lat="35.0237769" lon="126.8515745"/>
 <node id="10087024453" visible="true" version="1" changeset="127249438" timestamp="2022-10-09T13:41:08Z" user="야광멧돼지" uid="12393144" lat="35.0232648" lon="126.8515996"/>
 <node id="10087024454" visible="true" version="1" changeset="127249438" timestamp="2022-10-09T13:41:08Z" user="야광멧돼지" uid="12393144" lat="35.0232541" lon="126.8521536"/>
 <node id="10087024455" visible="true" version="1" changeset="127249438" timestamp="2022-10-09T13:41:08Z" user="야광멧돼지" uid="12393144" lat="35.0177241" lon="126.8308162"/>
 <node id="10087024456" visible="true" version="1" changeset="127249438" timestamp="2022-10-09T13:41:08Z" user="야광멧돼지" uid="12393144" lat="35.0198057" lon="126.8291726"/>
 <node id="10087024457" visible="true" version="1" changeset="127249438" timestamp="2022-10-09T13:41:08Z" user="야광멧돼지" uid="12393144" lat="35.0191926" lon="126.8287952"/>
 <node id="10087024458" visible="true" version="2" changeset="149486328" timestamp="2024-04-02T15:09:19Z" user="야광멧돼지" uid="12393144" lat="35.0140734" lon="126.8383650"/>
 <node id="10087024473" visible="true" version="1" changeset="127249438" timestamp="2022-10-09T13:41:08Z" user="야광멧돼지" uid="12393144" lat="35.0191004" lon="126.8496439"/>
 <node id="10087024474" visible="true" version="1" changeset="127249438" timestamp="2022-10-09T13:41:08Z" user="야광멧돼지" uid="12393144" lat="35.0149937" lon="126.8381686"/>
 <node id="10087024475" visible="true" version="1" changeset="127249438" timestamp="2022-10-09T13:41:08Z" user="야광멧돼지" uid="12393144" lat="35.0151200" lon="126.8381582"/>
 <node id="10087024476" visible="true" version="1" changeset="127249438" timestamp="2022-10-09T13:41:08Z" user="야광멧돼지" uid="12393144" lat="35.0151919" lon="126.8382268"/>
 <node id="10087024477" visible="true" version="1" changeset="127249438" timestamp="2022-10-09T13:41:08Z" user="야광멧돼지" uid="12393144" lat="35.0152346" lon="126.8382953"/>
 <node id="10087024478" visible="true" version="1" changeset="127249438" timestamp="2022-10-09T13:41:08Z" user="야광멧돼지" uid="12393144" lat="35.0153199" lon="126.8385614"/>
 <node id="10087024479" visible="true" version="1" changeset="127249438" timestamp="2022-10-09T13:41:08Z" user="야광멧돼지" uid="12393144" lat="35.0153963" lon="126.8388877"/>
 <node id="10087024480" visible="true" version="1" changeset="127249438" timestamp="2022-10-09T13:41:08Z" user="야광멧돼지" uid="12393144" lat="35.0154277" lon="126.8389288"/>
 <node id="10087024481" visible="true" version="1" changeset="127249438" timestamp="2022-10-09T13:41:08Z" user="야광멧돼지" uid="12393144" lat="35.0157954" lon="126.8391088"/>
 <node id="10087024482" visible="true" version="1" changeset="127249438" timestamp="2022-10-09T13:41:08Z" user="야광멧돼지" uid="12393144" lat="35.0158092" lon="126.8391069"/>
 <node id="10087024483" visible="true" version="1" changeset="127249438" timestamp="2022-10-09T13:41:08Z" user="야광멧돼지" uid="12393144" lat="35.0159915" lon="126.8390134"/>
 <node id="10087024484" visible="true" version="1" changeset="127249438" timestamp="2022-10-09T13:41:08Z" user="야광멧돼지" uid="12393144" lat="35.0161416" lon="126.8389423"/>
 <node id="10087024485" visible="true" version="1" changeset="127249438" timestamp="2022-10-09T13:41:08Z" user="야광멧돼지" uid="12393144" lat="35.0162841" lon="126.8389928"/>
 <node id="10087024486" visible="true" version="1" changeset="127249438" timestamp="2022-10-09T13:41:08Z" user="야광멧돼지" uid="12393144" lat="35.0165532" lon="126.8392412"/>
 <node id="10087024487" visible="true" version="1" changeset="127249438" timestamp="2022-10-09T13:41:08Z" user="야광멧돼지" uid="12393144" lat="35.0167688" lon="126.8392522"/>
 <node id="10087024488" visible="true" version="1" changeset="127249438" timestamp="2022-10-09T13:41:08Z" user="야광멧돼지" uid="12393144" lat="35.0172719" lon="126.8391068"/>
 <node id="10087024489" visible="true" version="1" changeset="127249438" timestamp="2022-10-09T13:41:08Z" user="야광멧돼지" uid="12393144" lat="35.0174853" lon="126.8391397"/>
 <node id="10087024490" visible="true" version="1" changeset="127249438" timestamp="2022-10-09T13:41:08Z" user="야광멧돼지" uid="12393144" lat="35.0175482" lon="126.8392302"/>
 <node id="10087024491" visible="true" version="1" changeset="127249438" timestamp="2022-10-09T13:41:08Z" user="야광멧돼지" uid="12393144" lat="35.0177099" lon="126.8394030"/>
 <node id="10087024492" visible="true" version="1" changeset="127249438" timestamp="2022-10-09T13:41:08Z" user="야광멧돼지" uid="12393144" lat="35.0179210" lon="126.8395264"/>
 <node id="10087024493" visible="true" version="1" changeset="127249438" timestamp="2022-10-09T13:41:08Z" user="야광멧돼지" uid="12393144" lat="35.0180670" lon="126.8396580"/>
 <node id="10087024494" visible="true" version="1" changeset="127249438" timestamp="2022-10-09T13:41:08Z" user="야광멧돼지" uid="12393144" lat="35.0181905" lon="126.8398500"/>
 <node id="10087024495" visible="true" version="1" changeset="127249438" timestamp="2022-10-09T13:41:08Z" user="야광멧돼지" uid="12393144" lat="35.0182601" lon="126.8400721"/>
 <node id="10087024496" visible="true" version="1" changeset="127249438" timestamp="2022-10-09T13:41:08Z" user="야광멧돼지" uid="12393144" lat="35.0183320" lon="126.8401434"/>
 <node id="10087024497" visible="true" version="1" changeset="127249438" timestamp="2022-10-09T13:41:08Z" user="야광멧돼지" uid="12393144" lat="35.0185252" lon="126.8403683"/>
 <node id="10087024498" visible="true" version="1" changeset="127249438" timestamp="2022-10-09T13:41:08Z" user="야광멧돼지" uid="12393144" lat="35.0186240" lon="126.8405219"/>
 <node id="10087024499" visible="true" version="1" changeset="127249438" timestamp="2022-10-09T13:41:08Z" user="야광멧돼지" uid="12393144" lat="35.0186846" lon="126.8406864"/>
 <node id="10087024500" visible="true" version="1" changeset="127249438" timestamp="2022-10-09T13:41:08Z" user="야광멧돼지" uid="12393144" lat="35.0187497" lon="126.8408811"/>
 <node id="10087024501" visible="true" version="1" changeset="127249438" timestamp="2022-10-09T13:41:08Z" user="야광멧돼지" uid="12393144" lat="35.0187722" lon="126.8409908"/>
 <node id="10087024502" visible="true" version="1" changeset="127249438" timestamp="2022-10-09T13:41:08Z" user="야광멧돼지" uid="12393144" lat="35.0190844" lon="126.8411609"/>
 <node id="10087024503" visible="true" version="1" changeset="127249438" timestamp="2022-10-09T13:41:08Z" user="야광멧돼지" uid="12393144" lat="35.0192034" lon="126.8412486"/>
 <node id="10087024504" visible="true" version="1" changeset="127249438" timestamp="2022-10-09T13:41:08Z" user="야광멧돼지" uid="12393144" lat="35.0192259" lon="126.8413144"/>
 <node id="10087024506" visible="true" version="1" changeset="127249438" timestamp="2022-10-09T13:41:08Z" user="야광멧돼지" uid="12393144" lat="35.0192124" lon="126.8421591"/>
 <node id="10087024507" visible="true" version="1" changeset="127249438" timestamp="2022-10-09T13:41:08Z" user="야광멧돼지" uid="12393144" lat="35.0192416" lon="126.8421892"/>
 <node id="10087024508" visible="true" version="1" changeset="127249438" timestamp="2022-10-09T13:41:08Z" user="야광멧돼지" uid="12393144" lat="35.0194100" lon="126.8424059"/>
 <node id="10087024509" visible="true" version="1" changeset="127249438" timestamp="2022-10-09T13:41:08Z" user="야광멧돼지" uid="12393144" lat="35.0194684" lon="126.8425622"/>
 <node id="10087024510" visible="true" version="1" changeset="127249438" timestamp="2022-10-09T13:41:08Z" user="야광멧돼지" uid="12393144" lat="35.0195044" lon="126.8427021"/>
 <node id="10087024511" visible="true" version="1" changeset="127249438" timestamp="2022-10-09T13:41:08Z" user="야광멧돼지" uid="12393144" lat="35.0194976" lon="126.8428310"/>
 <node id="10087024512" visible="true" version="1" changeset="127249438" timestamp="2022-10-09T13:41:08Z" user="야광멧돼지" uid="12393144" lat="35.0194729" lon="126.8429297"/>
 <node id="10087024513" visible="true" version="1" changeset="127249438" timestamp="2022-10-09T13:41:08Z" user="야광멧돼지" uid="12393144" lat="35.0193943" lon="126.8430174"/>
 <node id="10087024514" visible="true" version="1" changeset="127249438" timestamp="2022-10-09T13:41:08Z" user="야광멧돼지" uid="12393144" lat="35.0191585" lon="126.8431244"/>
 <node id="10087024515" visible="true" version="1" changeset="127249438" timestamp="2022-10-09T13:41:08Z" user="야광멧돼지" uid="12393144" lat="35.0191054" lon="126.8431419"/>
 <node id="10087024516" visible="true" version="1" changeset="127249438" timestamp="2022-10-09T13:41:08Z" user="야광멧돼지" uid="12393144" lat="35.0190409" lon="126.8432346"/>
 <node id="10087024517" visible="true" version="1" changeset="127249438" timestamp="2022-10-09T13:41:08Z" user="야광멧돼지" uid="12393144" lat="35.0190042" lon="126.8433474"/>
 <node id="10087024518" visible="true" version="1" changeset="127249438" timestamp="2022-10-09T13:41:08Z" user="야광멧돼지" uid="12393144" lat="35.0189979" lon="126.8434540"/>
 <node id="10087024519" visible="true" version="1" changeset="127249438" timestamp="2022-10-09T13:41:08Z" user="야광멧돼지" uid="12393144" lat="35.0190219" lon="126.8435606"/>
 <node id="10087024520" visible="true" version="1" changeset="127249438" timestamp="2022-10-09T13:41:08Z" user="야광멧돼지" uid="12393144" lat="35.0190384" lon="126.8436239"/>
 <node id="10087024521" visible="true" version="1" changeset="127249438" timestamp="2022-10-09T13:41:08Z" user="야광멧돼지" uid="12393144" lat="35.0190245" lon="126.8436934"/>
 <node id="10087024522" visible="true" version="1" changeset="127249438" timestamp="2022-10-09T13:41:08Z" user="야광멧돼지" uid="12393144" lat="35.0188765" lon="126.8440642"/>
 <node id="10087024523" visible="true" version="1" changeset="127249438" timestamp="2022-10-09T13:41:08Z" user="야광멧돼지" uid="12393144" lat="35.0188499" lon="126.8443283"/>
 <node id="10087024524" visible="true" version="1" changeset="127249438" timestamp="2022-10-09T13:41:08Z" user="야광멧돼지" uid="12393144" lat="35.0188600" lon="126.8446496"/>
 <node id="10087024525" visible="true" version="1" changeset="127249438" timestamp="2022-10-09T13:41:08Z" user="야광멧돼지" uid="12393144" lat="35.0188866" lon="126.8448319"/>
 <node id="10087024526" visible="true" version="1" changeset="127249438" timestamp="2022-10-09T13:41:08Z" user="야광멧돼지" uid="12393144" lat="35.0189435" lon="126.8449277"/>
 <node id="10087024528" visible="true" version="1" changeset="127249438" timestamp="2022-10-09T13:41:08Z" user="야광멧돼지" uid="12393144" lat="35.0191181" lon="126.8449802"/>
 <node id="10087024529" visible="true" version="1" changeset="127249438" timestamp="2022-10-09T13:41:08Z" user="야광멧돼지" uid="12393144" lat="35.0191991" lon="126.8450204"/>
 <node id="10087024530" visible="true" version="1" changeset="127249438" timestamp="2022-10-09T13:41:08Z" user="야광멧돼지" uid="12393144" lat="35.0193230" lon="126.8451579"/>
 <node id="10087024531" visible="true" version="1" changeset="127249438" timestamp="2022-10-09T13:41:08Z" user="야광멧돼지" uid="12393144" lat="35.0193888" lon="126.8453077"/>
 <node id="10087024532" visible="true" version="1" changeset="127249438" timestamp="2022-10-09T13:41:08Z" user="야광멧돼지" uid="12393144" lat="35.0194217" lon="126.8454128"/>
 <node id="10087024533" visible="true" version="1" changeset="127249438" timestamp="2022-10-09T13:41:08Z" user="야광멧돼지" uid="12393144" lat="35.0194458" lon="126.8456059"/>
 <node id="10087024534" visible="true" version="1" changeset="127249438" timestamp="2022-10-09T13:41:08Z" user="야광멧돼지" uid="12393144" lat="35.0194496" lon="126.8456862"/>
 <node id="10087024535" visible="true" version="1" changeset="127249438" timestamp="2022-10-09T13:41:08Z" user="야광멧돼지" uid="12393144" lat="35.0194394" lon="126.8457820"/>
 <node id="10087024536" visible="true" version="1" changeset="127249438" timestamp="2022-10-09T13:41:08Z" user="야광멧돼지" uid="12393144" lat="35.0194167" lon="126.8458917"/>
 <node id="10087024537" visible="true" version="1" changeset="127249438" timestamp="2022-10-09T13:41:08Z" user="야광멧돼지" uid="12393144" lat="35.0193420" lon="126.8460122"/>
 <node id="10087024538" visible="true" version="1" changeset="127249438" timestamp="2022-10-09T13:41:08Z" user="야광멧돼지" uid="12393144" lat="35.0192421" lon="126.8461157"/>
 <node id="10087024539" visible="true" version="1" changeset="127249438" timestamp="2022-10-09T13:41:08Z" user="야광멧돼지" uid="12393144" lat="35.0191712" lon="126.8462084"/>
 <node id="10087024540" visible="true" version="1" changeset="127249438" timestamp="2022-10-09T13:41:08Z" user="야광멧돼지" uid="12393144" lat="35.0191295" lon="126.8462856"/>
 <node id="10087024541" visible="true" version="1" changeset="127249438" timestamp="2022-10-09T13:41:08Z" user="야광멧돼지" uid="12393144" lat="35.0191181" lon="126.8463335"/>
 <node id="10087024542" visible="true" version="1" changeset="127249438" timestamp="2022-10-09T13:41:08Z" user="야광멧돼지" uid="12393144" lat="35.0191232" lon="126.8464463"/>
 <node id="10087024543" visible="true" version="1" changeset="127249438" timestamp="2022-10-09T13:41:08Z" user="야광멧돼지" uid="12393144" lat="35.0191535" lon="126.8465791"/>
 <node id="10087024544" visible="true" version="1" changeset="127249438" timestamp="2022-10-09T13:41:08Z" user="야광멧돼지" uid="12393144" lat="35.0191738" lon="126.8466007"/>
 <node id="10087024545" visible="true" version="1" changeset="127249438" timestamp="2022-10-09T13:41:08Z" user="야광멧돼지" uid="12393144" lat="35.0192400" lon="126.8466008"/>
 <node id="10087024546" visible="true" version="1" changeset="127249438" timestamp="2022-10-09T13:41:08Z" user="야광멧돼지" uid="12393144" lat="35.0192952" lon="126.8465989"/>
 <node id="10087024547" visible="true" version="1" changeset="127249438" timestamp="2022-10-09T13:41:08Z" user="야광멧돼지" uid="12393144" lat="35.0193243" lon="126.8466345"/>
 <node id="10087024548" visible="true" version="1" changeset="127249438" timestamp="2022-10-09T13:41:08Z" user="야광멧돼지" uid="12393144" lat="35.0193840" lon="126.8467635"/>
 <node id="10087024549" visible="true" version="1" changeset="127249438" timestamp="2022-10-09T13:41:08Z" user="야광멧돼지" uid="12393144" lat="35.0194392" lon="126.8469955"/>
 <node id="10087024550" visible="true" version="1" changeset="127249438" timestamp="2022-10-09T13:41:08Z" user="야광멧돼지" uid="12393144" lat="35.0195066" lon="126.8473284"/>
 <node id="10087024551" visible="true" version="1" changeset="127249438" timestamp="2022-10-09T13:41:08Z" user="야광멧돼지" uid="12393144" lat="35.0195372" lon="126.8474145"/>
 <node id="10087024552" visible="true" version="1" changeset="127249438" timestamp="2022-10-09T13:41:08Z" user="야광멧돼지" uid="12393144" lat="35.0196536" lon="126.8475753"/>
 <node id="10087024553" visible="true" version="1" changeset="127249438" timestamp="2022-10-09T13:41:08Z" user="야광멧돼지" uid="12393144" lat="35.0196782" lon="126.8476352"/>
 <node id="10087024554" visible="true" version="1" changeset="127249438" timestamp="2022-10-09T13:41:08Z" user="야광멧돼지" uid="12393144" lat="35.0197731" lon="126.8480654"/>
 <node id="10087024555" visible="true" version="1" changeset="127249438" timestamp="2022-10-09T13:41:08Z" user="야광멧돼지" uid="12393144" lat="35.0197823" lon="126.8482412"/>
 <node id="10087024556" visible="true" version="1" changeset="127249438" timestamp="2022-10-09T13:41:08Z" user="야광멧돼지" uid="12393144" lat="35.0197823" lon="126.8484975"/>
 <node id="10087024557" visible="true" version="2" changeset="149486328" timestamp="2024-04-02T15:09:19Z" user="야광멧돼지" uid="12393144" lat="35.0197755" lon="126.8488297"/>
 <node id="10087024558" visible="true" version="2" changeset="149486328" timestamp="2024-04-02T15:09:19Z" user="야광멧돼지" uid="12393144" lat="35.0197297" lon="126.8495530"/>
 <node id="10087024559" visible="true" version="2" changeset="149486328" timestamp="2024-04-02T15:09:19Z" user="야광멧돼지" uid="12393144" lat="35.0196748" lon="126.8497107"/>
 <node id="10087024560" visible="true" version="2" changeset="149486328" timestamp="2024-04-02T15:09:19Z" user="야광멧돼지" uid="12393144" lat="35.0195848" lon="126.8498917"/>
 <node id="10087024561" visible="true" version="2" changeset="149486328" timestamp="2024-04-02T15:09:19Z" user="야광멧돼지" uid="12393144" lat="35.0195483" lon="126.8499741"/>
 <node id="10087024563" visible="true" version="2" changeset="149486328" timestamp="2024-04-02T15:09:19Z" user="야광멧돼지" uid="12393144" lat="35.0193037" lon="126.8501989"/>
 <node id="10087024564" visible="true" version="1" changeset="127249438" timestamp="2022-10-09T13:41:08Z" user="야광멧돼지" uid="12393144" lat="35.0191297" lon="126.8504503"/>
 <node id="10087024565" visible="true" version="1" changeset="127249438" timestamp="2022-10-09T13:41:08Z" user="야광멧돼지" uid="12393144" lat="35.0191144" lon="126.8505513"/>
 <node id="10087024566" visible="true" version="1" changeset="127249438" timestamp="2022-10-09T13:41:08Z" user="야광멧돼지" uid="12393144" lat="35.0191589" lon="126.8508842"/>
 <node id="10087024567" visible="true" version="1" changeset="127249438" timestamp="2022-10-09T13:41:08Z" user="야광멧돼지" uid="12393144" lat="35.0194206" lon="126.8516008"/>
 <node id="10087024568" visible="true" version="1" changeset="127249438" timestamp="2022-10-09T13:41:08Z" user="야광멧돼지" uid="12393144" lat="35.0196924" lon="126.8523715"/>
 <node id="10087024569" visible="true" version="1" changeset="127249438" timestamp="2022-10-09T13:41:08Z" user="야광멧돼지" uid="12393144" lat="35.0197306" lon="126.8524263"/>
 <node id="10087024570" visible="true" version="1" changeset="127249438" timestamp="2022-10-09T13:41:08Z" user="야광멧돼지" uid="12393144" lat="35.0199686" lon="126.8525141"/>
 <node id="10087024571" visible="true" version="1" changeset="127249438" timestamp="2022-10-09T13:41:08Z" user="야광멧돼지" uid="12393144" lat="35.0202224" lon="126.8525662"/>
 <node id="10087024572" visible="true" version="1" changeset="127249438" timestamp="2022-10-09T13:41:08Z" user="야광멧돼지" uid="12393144" lat="35.0203055" lon="126.8526155"/>
 <node id="10087024573" visible="true" version="1" changeset="127249438" timestamp="2022-10-09T13:41:08Z" user="야광멧돼지" uid="12393144" lat="35.0203347" lon="126.8526429"/>
 <node id="10087024574" visible="true" version="1" changeset="127249438" timestamp="2022-10-09T13:41:08Z" user="야광멧돼지" uid="12393144" lat="35.0203796" lon="126.8528486"/>
 <node id="10087024575" visible="true" version="1" changeset="127249438" timestamp="2022-10-09T13:41:08Z" user="야광멧돼지" uid="12393144" lat="35.0203703" lon="126.8529267"/>
 <node id="10087024576" visible="true" version="1" changeset="127249438" timestamp="2022-10-09T13:41:08Z" user="야광멧돼지" uid="12393144" lat="35.0208233" lon="126.8687420"/>
 <node id="10087024577" visible="true" version="1" changeset="127249438" timestamp="2022-10-09T13:41:08Z" user="야광멧돼지" uid="12393144" lat="35.0207222" lon="126.8686652"/>
 <node id="10087024578" visible="true" version="1" changeset="127249438" timestamp="2022-10-09T13:41:08Z" user="야광멧돼지" uid="12393144" lat="35.0206488" lon="126.8685125"/>
 <node id="10087024579" visible="true" version="1" changeset="127249438" timestamp="2022-10-09T13:41:08Z" user="야광멧돼지" uid="12393144" lat="35.0205781" lon="126.8682767"/>
 <node id="10087024580" visible="true" version="1" changeset="127249438" timestamp="2022-10-09T13:41:08Z" user="야광멧돼지" uid="12393144" lat="35.0205509" lon="126.8680941"/>
 <node id="10087024581" visible="true" version="1" changeset="127249438" timestamp="2022-10-09T13:41:08Z" user="야광멧돼지" uid="12393144" lat="35.0205128" lon="126.8679446"/>
 <node id="10087024582" visible="true" version="1" changeset="127249438" timestamp="2022-10-09T13:41:08Z" user="야광멧돼지" uid="12393144" lat="35.0204231" lon="126.8678118"/>
 <node id="10087024583" visible="true" version="1" changeset="127249438" timestamp="2022-10-09T13:41:08Z" user="야광멧돼지" uid="12393144" lat="35.0202191" lon="126.8676225"/>
 <node id="10087024584" visible="true" version="1" changeset="127249438" timestamp="2022-10-09T13:41:08Z" user="야광멧돼지" uid="12393144" lat="35.0198656" lon="126.8673768"/>
 <node id="10087024585" visible="true" version="1" changeset="127249438" timestamp="2022-10-09T13:41:08Z" user="야광멧돼지" uid="12393144" lat="35.0195175" lon="126.8671942"/>
 <node id="10087024586" visible="true" version="1" changeset="127249438" timestamp="2022-10-09T13:41:08Z" user="야광멧돼지" uid="12393144" lat="35.0193544" lon="126.8670747"/>
 <node id="10087024587" visible="true" version="1" changeset="127249438" timestamp="2022-10-09T13:41:08Z" user="야광멧돼지" uid="12393144" lat="35.0193217" lon="126.8665234"/>
 <node id="10087024588" visible="true" version="1" changeset="127249438" timestamp="2022-10-09T13:41:08Z" user="야광멧돼지" uid="12393144" lat="35.0193544" lon="126.8660785"/>
 <node id="10087024589" visible="true" version="1" changeset="127249438" timestamp="2022-10-09T13:41:08Z" user="야광멧돼지" uid="12393144" lat="35.0193489" lon="126.8658627"/>
 <node id="10087024590" visible="true" version="1" changeset="127249438" timestamp="2022-10-09T13:41:08Z" user="야광멧돼지" uid="12393144" lat="35.0193299" lon="126.8656767"/>
 <node id="10087024591" visible="true" version="1" changeset="127249438" timestamp="2022-10-09T13:41:08Z" user="야광멧돼지" uid="12393144" lat="35.0192347" lon="126.8654044"/>
 <node id="10087024592" visible="true" version="1" changeset="127249438" timestamp="2022-10-09T13:41:08Z" user="야광멧돼지" uid="12393144" lat="35.0191096" lon="126.8652052"/>
 <node id="10087024593" visible="true" version="1" changeset="127249438" timestamp="2022-10-09T13:41:08Z" user="야광멧돼지" uid="12393144" lat="35.0189628" lon="126.8650690"/>
 <node id="10087024594" visible="true" version="1" changeset="127249438" timestamp="2022-10-09T13:41:08Z" user="야광멧돼지" uid="12393144" lat="35.0187371" lon="126.8650292"/>
 <node id="10087024595" visible="true" version="1" changeset="127249438" timestamp="2022-10-09T13:41:08Z" user="야광멧돼지" uid="12393144" lat="35.0185984" lon="126.8650226"/>
 <node id="10087024596" visible="true" version="1" changeset="127249438" timestamp="2022-10-09T13:41:08Z" user="야광멧돼지" uid="12393144" lat="35.0185195" lon="126.8649827"/>
 <node id="10087024597" visible="true" version="1" changeset="127249438" timestamp="2022-10-09T13:41:08Z" user="야광멧돼지" uid="12393144" lat="35.0183863" lon="126.8646008"/>
 <node id="10087024598" visible="true" version="1" changeset="127249438" timestamp="2022-10-09T13:41:08Z" user="야광멧돼지" uid="12393144" lat="35.0183020" lon="126.8643219"/>
 <node id="10087024599" visible="true" version="1" changeset="127249438" timestamp="2022-10-09T13:41:08Z" user="야광멧돼지" uid="12393144" lat="35.0182068" lon="126.8641725"/>
 <node id="10087024600" visible="true" version="1" changeset="127249438" timestamp="2022-10-09T13:41:08Z" user="야광멧돼지" uid="12393144" lat="35.0179620" lon="126.8639301"/>
 <node id="10087024601" visible="true" version="1" changeset="127249438" timestamp="2022-10-09T13:41:08Z" user="야광멧돼지" uid="12393144" lat="35.0178288" lon="126.8637873"/>
 <node id="10087024602" visible="true" version="1" changeset="127249438" timestamp="2022-10-09T13:41:08Z" user="야광멧돼지" uid="12393144" lat="35.0177499" lon="126.8635781"/>
 <node id="10087024603" visible="true" version="1" changeset="127249438" timestamp="2022-10-09T13:41:08Z" user="야광멧돼지" uid="12393144" lat="35.0175759" lon="126.8629771"/>
 <node id="10087024604" visible="true" version="1" changeset="127249438" timestamp="2022-10-09T13:41:08Z" user="야광멧돼지" uid="12393144" lat="35.0175324" lon="126.8626949"/>
 <node id="10087024605" visible="true" version="1" changeset="127249438" timestamp="2022-10-09T13:41:08Z" user="야광멧돼지" uid="12393144" lat="35.0175759" lon="126.8624192"/>
 <node id="10087024606" visible="true" version="1" changeset="127249438" timestamp="2022-10-09T13:41:08Z" user="야광멧돼지" uid="12393144" lat="35.0176275" lon="126.8620341"/>
 <node id="10087024607" visible="true" version="1" changeset="127249438" timestamp="2022-10-09T13:41:08Z" user="야광멧돼지" uid="12393144" lat="35.0176275" lon="126.8618116"/>
 <node id="10087024608" visible="true" version="1" changeset="127249438" timestamp="2022-10-09T13:41:08Z" user="야광멧돼지" uid="12393144" lat="35.0176139" lon="126.8616788"/>
 <node id="10087024609" visible="true" version="1" changeset="127249438" timestamp="2022-10-09T13:41:08Z" user="야광멧돼지" uid="12393144" lat="35.0175786" lon="126.8613832"/>
 <node id="10087024610" visible="true" version="1" changeset="127249438" timestamp="2022-10-09T13:41:08Z" user="야광멧돼지" uid="12393144" lat="35.0175432" lon="126.8611940"/>
 <node id="10087024611" visible="true" version="1" changeset="127249438" timestamp="2022-10-09T13:41:08Z" user="야광멧돼지" uid="12393144" lat="35.0175160" lon="126.8605664"/>
 <node id="10087024612" visible="true" version="1" changeset="127249438" timestamp="2022-10-09T13:41:08Z" user="야광멧돼지" uid="12393144" lat="35.0175024" lon="126.8604900"/>
 <node id="10087024613" visible="true" version="1" changeset="127249438" timestamp="2022-10-09T13:41:08Z" user="야광멧돼지" uid="12393144" lat="35.0173502" lon="126.8600882"/>
 <node id="10087024614" visible="true" version="1" changeset="127249438" timestamp="2022-10-09T13:41:08Z" user="야광멧돼지" uid="12393144" lat="35.0172251" lon="126.8598624"/>
 <node id="10087024615" visible="true" version="1" changeset="127249438" timestamp="2022-10-09T13:41:08Z" user="야광멧돼지" uid="12393144" lat="35.0171462" lon="126.8596565"/>
 <node id="10087024616" visible="true" version="1" changeset="127249438" timestamp="2022-10-09T13:41:08Z" user="야광멧돼지" uid="12393144" lat="35.0171190" lon="126.8593577"/>
 <node id="10087024617" visible="true" version="1" changeset="127249438" timestamp="2022-10-09T13:41:08Z" user="야광멧돼지" uid="12393144" lat="35.0170782" lon="126.8590622"/>
 <node id="10087024618" visible="true" version="1" changeset="127249438" timestamp="2022-10-09T13:41:08Z" user="야광멧돼지" uid="12393144" lat="35.0169341" lon="126.8587733"/>
 <node id="10087024619" visible="true" version="1" changeset="127249438" timestamp="2022-10-09T13:41:08Z" user="야광멧돼지" uid="12393144" lat="35.0167954" lon="126.8585475"/>
 <node id="10087024620" visible="true" version="1" changeset="127249438" timestamp="2022-10-09T13:41:08Z" user="야광멧돼지" uid="12393144" lat="35.0166322" lon="126.8583316"/>
 <node id="10087024621" visible="true" version="1" changeset="127249438" timestamp="2022-10-09T13:41:08Z" user="야광멧돼지" uid="12393144" lat="35.0164038" lon="126.8578170"/>
 <node id="10087024622" visible="true" version="1" changeset="127249438" timestamp="2022-10-09T13:41:08Z" user="야광멧돼지" uid="12393144" lat="35.0163440" lon="126.8576044"/>
 <node id="10087024623" visible="true" version="1" changeset="127249438" timestamp="2022-10-09T13:41:08Z" user="야광멧돼지" uid="12393144" lat="35.0162488" lon="126.8571529"/>
 <node id="10087024624" visible="true" version="1" changeset="127249438" timestamp="2022-10-09T13:41:08Z" user="야광멧돼지" uid="12393144" lat="35.0162406" lon="126.8565452"/>
 <node id="10087024625" visible="true" version="1" changeset="127249438" timestamp="2022-10-09T13:41:08Z" user="야광멧돼지" uid="12393144" lat="35.0162243" lon="126.8559840"/>
 <node id="10087024626" visible="true" version="1" changeset="127249438" timestamp="2022-10-09T13:41:08Z" user="야광멧돼지" uid="12393144" lat="35.0161645" lon="126.8556486"/>
 <node id="10087024627" visible="true" version="1" changeset="127249438" timestamp="2022-10-09T13:41:08Z" user="야광멧돼지" uid="12393144" lat="35.0160747" lon="126.8553631"/>
 <node id="10087024628" visible="true" version="1" changeset="127249438" timestamp="2022-10-09T13:41:08Z" user="야광멧돼지" uid="12393144" lat="35.0159795" lon="126.8550177"/>
 <node id="10087024629" visible="true" version="1" changeset="127249438" timestamp="2022-10-09T13:41:08Z" user="야광멧돼지" uid="12393144" lat="35.0158074" lon="126.8545224"/>
 <node id="10087024630" visible="true" version="1" changeset="127249438" timestamp="2022-10-09T13:41:08Z" user="야광멧돼지" uid="12393144" lat="35.0159942" lon="126.8550801"/>
 <node id="10087024631" visible="true" version="1" changeset="127249438" timestamp="2022-10-09T13:41:08Z" user="야광멧돼지" uid="12393144" lat="35.0160514" lon="126.8552786"/>
 <node id="10087024632" visible="true" version="1" changeset="127249438" timestamp="2022-10-09T13:41:08Z" user="야광멧돼지" uid="12393144" lat="35.0163653" lon="126.8586928"/>
 <node id="10087024633" visible="true" version="1" changeset="127249438" timestamp="2022-10-09T13:41:08Z" user="야광멧돼지" uid="12393144" lat="35.0175591" lon="126.8615491"/>
 <node id="10087024634" visible="true" version="1" changeset="127249438" timestamp="2022-10-09T13:41:08Z" user="야광멧돼지" uid="12393144" lat="35.0176795" lon="126.8614604"/>
 <node id="10087024636" visible="true" version="1" changeset="127249438" timestamp="2022-10-09T13:41:08Z" user="야광멧돼지" uid="12393144" lat="35.0194457" lon="126.8670716"/>
 <node id="10087024855" visible="true" version="1" changeset="127249438" timestamp="2022-10-09T13:41:08Z" user="야광멧돼지" uid="12393144" lat="35.0258351" lon="126.8595432"/>
 <node id="10087024856" visible="true" version="2" changeset="163107400" timestamp="2025-03-02T01:48:07Z" user="dongin" uid="11518918" lat="35.0257139" lon="126.8597727"/>
 <node id="10087024857" visible="true" version="1" changeset="127249438" timestamp="2022-10-09T13:41:08Z" user="야광멧돼지" uid="12393144" lat="35.0255470" lon="126.8599714"/>
 <node id="10087024858" visible="true" version="1" changeset="127249438" timestamp="2022-10-09T13:41:08Z" user="야광멧돼지" uid="12393144" lat="35.0252859" lon="126.8603500"/>
 <node id="10087024859" visible="true" version="1" changeset="127249438" timestamp="2022-10-09T13:41:08Z" user="야광멧돼지" uid="12393144" lat="35.0251907" lon="126.8604927"/>
 <node id="10087024860" visible="true" version="1" changeset="127249438" timestamp="2022-10-09T13:41:08Z" user="야광멧돼지" uid="12393144" lat="35.0251364" lon="126.8607982"/>
 <node id="10087024861" visible="true" version="1" changeset="127249438" timestamp="2022-10-09T13:41:08Z" user="야광멧돼지" uid="12393144" lat="35.0250928" lon="126.8610539"/>
 <node id="10087024862" visible="true" version="1" changeset="127249438" timestamp="2022-10-09T13:41:08Z" user="야광멧돼지" uid="12393144" lat="35.0251146" lon="126.8614590"/>
 <node id="10087024863" visible="true" version="1" changeset="127249438" timestamp="2022-10-09T13:41:08Z" user="야광멧돼지" uid="12393144" lat="35.0251527" lon="126.8616483"/>
 <node id="10087024864" visible="true" version="1" changeset="127249438" timestamp="2022-10-09T13:41:08Z" user="야광멧돼지" uid="12393144" lat="35.0251608" lon="126.8618376"/>
 <node id="10087024865" visible="true" version="1" changeset="127249438" timestamp="2022-10-09T13:41:08Z" user="야광멧돼지" uid="12393144" lat="35.0251119" lon="126.8620368"/>
 <node id="10087024866" visible="true" version="1" changeset="127249438" timestamp="2022-10-09T13:41:08Z" user="야광멧돼지" uid="12393144" lat="35.0250395" lon="126.8623157"/>
 <node id="10087024867" visible="true" version="1" changeset="127249438" timestamp="2022-10-09T13:41:08Z" user="야광멧돼지" uid="12393144" lat="35.0250294" lon="126.8625382"/>
 <node id="10087024868" visible="true" version="1" changeset="127249438" timestamp="2022-10-09T13:41:08Z" user="야광멧돼지" uid="12393144" lat="35.0250446" lon="126.8627714"/>
 <node id="10087024869" visible="true" version="1" changeset="127249438" timestamp="2022-10-09T13:41:08Z" user="야광멧돼지" uid="12393144" lat="35.0251156" lon="126.8617284"/>
 <node id="10087024870" visible="true" version="2" changeset="154920955" timestamp="2024-08-07T07:08:32Z" user="morago" uid="11113946" lat="35.0440229" lon="126.8532805"/>
 <node id="10087024948" visible="true" version="1" changeset="127249438" timestamp="2022-10-09T13:41:08Z" user="야광멧돼지" uid="12393144" lat="35.0363576" lon="126.8682992"/>
 <node id="10087024950" visible="true" version="1" changeset="127249438" timestamp="2022-10-09T13:41:08Z" user="야광멧돼지" uid="12393144" lat="35.0371780" lon="126.8669669"/>
 <node id="10237942550" visible="true" version="1" changeset="129706723" timestamp="2022-12-04T14:30:26Z" user="user_17305005" uid="17305005" lat="35.0173836" lon="126.8545584">
  <tag k="amenity" v="shelter"/>
  <tag k="name" v="정자"/>
  <tag k="shelter_type" v="gazebo"/>
 </node>
 <node id="10237942551" visible="true" version="2" changeset="154920955" timestamp="2024-08-07T07:08:32Z" user="morago" uid="11113946" lat="35.0196774" lon="126.8551035"/>
 <node id="10237942552" visible="true" version="1" changeset="129706723" timestamp="2022-12-04T14:30:26Z" user="user_17305005" uid="17305005" lat="35.0195932" lon="126.8550194">
  <tag k="historic" v="memorial"/>
  <tag k="name" v="엄마야 누나야 강변살자 노래비"/>
 </node>
 <node id="10250192184" visible="true" version="1" changeset="129923743" timestamp="2022-12-10T06:37:36Z" user="OnlyWalker" uid="17066236" lat="35.0259000" lon="126.8494694">
  <tag k="ele" v="155.3"/>
  <tag k="name" v="처녀봉"/>
  <tag k="natural" v="peak"/>
 </node>
 <node id="10250221740" visible="true" version="1" changeset="129923743" timestamp="2022-12-10T06:37:36Z" user="OnlyWalker" uid="17066236" lat="35.0163700" lon="126.8505300">
  <tag k="ele" v="167"/>
  <tag k="name" v="드들산"/>
  <tag k="natural" v="peak"/>
 </node>
 <node id="10591257009" visible="true" version="2" changeset="184263508" timestamp="2026-06-18T09:58:53Z" user="FUKUTAN" uid="5207199" lat="35.0500505" lon="126.9795674"/>
 <node id="10591257011" visible="true" version="2" changeset="184263508" timestamp="2026-06-18T09:58:53Z" user="FUKUTAN" uid="5207199" lat="35.0501405" lon="126.9799906"/>
 <node id="10591257013" visible="true" version="2" changeset="184263508" timestamp="2026-06-18T09:58:53Z" user="FUKUTAN" uid="5207199" lat="35.0505512" lon="126.9818751"/>
 <node id="10591257014" visible="true" version="1" changeset="131832053" timestamp="2023-01-29T08:31:33Z" user="Exj" uid="2050413" lat="35.0506146" lon="126.9819094"/>
 <node id="10591257015" visible="true" version="1" changeset="131832053" timestamp="2023-01-29T08:31:33Z" user="Exj" uid="2050413" lat="35.0506995" lon="126.9822972"/>
 <node id="11228765650" visible="true" version="1" changeset="141946090" timestamp="2023-09-30T10:57:45Z" user="FUKUTAN" uid="5207199" lat="35.0288918" lon="126.8371811"/>
 <node id="11228765651" visible="true" version="1" changeset="141946090" timestamp="2023-09-30T10:57:45Z" user="FUKUTAN" uid="5207199" lat="35.0295311" lon="126.8368767"/>
 <node id="11228765652" visible="true" version="1" changeset="141946090" timestamp="2023-09-30T10:57:45Z" user="FUKUTAN" uid="5207199" lat="35.0314047" lon="126.8361195"/>
 <node id="11228765653" visible="true" version="1" changeset="141946090" timestamp="2023-09-30T10:57:45Z" user="FUKUTAN" uid="5207199" lat="35.0310836" lon="126.8402443"/>
 <node id="11228765654" visible="true" version="1" changeset="141946090" timestamp="2023-09-30T10:57:45Z" user="FUKUTAN" uid="5207199" lat="35.0286935" lon="126.8412141"/>
 <node id="11233215509" visible="true" version="1" changeset="142027335" timestamp="2023-10-02T08:31:19Z" user="FUKUTAN" uid="5207199" lat="35.0089487" lon="126.9348734"/>
 <node id="11233215510" visible="true" version="1" changeset="142027335" timestamp="2023-10-02T08:31:19Z" user="FUKUTAN" uid="5207199" lat="35.0088043" lon="126.9358132"/>
 <node id="11233215511" visible="true" version="1" changeset="142027335" timestamp="2023-10-02T08:31:19Z" user="FUKUTAN" uid="5207199" lat="35.0089218" lon="126.9337622"/>
 <node id="11233215512" visible="true" version="1" changeset="142027335" timestamp="2023-10-02T08:31:19Z" user="FUKUTAN" uid="5207199" lat="35.0085108" lon="126.9303485"/>
 <node id="11233215513" visible="true" version="1" changeset="142027335" timestamp="2023-10-02T08:31:19Z" user="FUKUTAN" uid="5207199" lat="35.0085527" lon="126.9293945"/>
 <node id="11233215544" visible="true" version="1" changeset="142027335" timestamp="2023-10-02T08:31:19Z" user="FUKUTAN" uid="5207199" lat="35.0089536" lon="126.9159539"/>
 <node id="11233215545" visible="true" version="1" changeset="142027335" timestamp="2023-10-02T08:31:19Z" user="FUKUTAN" uid="5207199" lat="35.0089927" lon="126.9160860"/>
 <node id="11233215546" visible="true" version="1" changeset="142027335" timestamp="2023-10-02T08:31:19Z" user="FUKUTAN" uid="5207199" lat="35.0101863" lon="126.9150367"/>
 <node id="11233215547" visible="true" version="1" changeset="142027335" timestamp="2023-10-02T08:31:19Z" user="FUKUTAN" uid="5207199" lat="35.0106405" lon="126.9161796"/>
 <node id="11233215548" visible="true" version="1" changeset="142027335" timestamp="2023-10-02T08:31:19Z" user="FUKUTAN" uid="5207199" lat="35.0099559" lon="126.9145750"/>
 <node id="11233215549" visible="true" version="1" changeset="142027335" timestamp="2023-10-02T08:31:19Z" user="FUKUTAN" uid="5207199" lat="35.0099216" lon="126.9144208"/>
 <node id="11269926921" visible="true" version="3" changeset="164112777" timestamp="2025-03-26T09:33:56Z" user="FUKUTAN" uid="5207199" lat="35.0205592" lon="126.8528897"/>
 <node id="11586054686" visible="true" version="1" changeset="147077461" timestamp="2024-02-05T04:28:45Z" user="FUKUTAN" uid="5207199" lat="35.0233458" lon="126.8630867"/>
 <node id="11586054687" visible="true" version="1" changeset="147077461" timestamp="2024-02-05T04:28:45Z" user="FUKUTAN" uid="5207199" lat="35.0236224" lon="126.8629090"/>
 <node id="11586054688" visible="true" version="1" changeset="147077461" timestamp="2024-02-05T04:28:45Z" user="FUKUTAN" uid="5207199" lat="35.0232527" lon="126.8631060"/>
 <node id="11586054689" visible="true" version="1" changeset="147077461" timestamp="2024-02-05T04:28:45Z" user="FUKUTAN" uid="5207199" lat="35.0231406" lon="126.8630991"/>
 <node id="11586054690" visible="true" version="1" changeset="147077461" timestamp="2024-02-05T04:28:45Z" user="FUKUTAN" uid="5207199" lat="35.0227943" lon="126.8630052"/>
 <node id="11586054708" visible="true" version="1" changeset="147077461" timestamp="2024-02-05T04:28:45Z" user="FUKUTAN" uid="5207199" lat="35.0238666" lon="126.8628955"/>
 <node id="11780671103" visible="true" version="1" changeset="149486328" timestamp="2024-04-02T15:09:19Z" user="야광멧돼지" uid="12393144" lat="35.0209266" lon="126.8531049"/>
 <node id="11780671104" visible="true" version="1" changeset="149486328" timestamp="2024-04-02T15:09:19Z" user="야광멧돼지" uid="12393144" lat="35.0213591" lon="126.8530154"/>
 <node id="11780671105" visible="true" version="1" changeset="149486328" timestamp="2024-04-02T15:09:19Z" user="야광멧돼지" uid="12393144" lat="35.0216168" lon="126.8531471"/>
 <node id="11780671106" visible="true" version="1" changeset="149486328" timestamp="2024-04-02T15:09:19Z" user="야광멧돼지" uid="12393144" lat="35.0220662" lon="126.8534691"/>
 <node id="11780671107" visible="true" version="1" changeset="149486328" timestamp="2024-04-02T15:09:19Z" user="야광멧돼지" uid="12393144" lat="35.0227794" lon="126.8537984"/>
 <node id="11780671108" visible="true" version="1" changeset="149486328" timestamp="2024-04-02T15:09:19Z" user="야광멧돼지" uid="12393144" lat="35.0234146" lon="126.8541350"/>
 <node id="11780671109" visible="true" version="1" changeset="149486328" timestamp="2024-04-02T15:09:19Z" user="야광멧돼지" uid="12393144" lat="35.0238821" lon="126.8543619"/>
 <node id="11780671110" visible="true" version="1" changeset="149486328" timestamp="2024-04-02T15:09:19Z" user="야광멧돼지" uid="12393144" lat="35.0240319" lon="126.8546107"/>
 <node id="11780671111" visible="true" version="1" changeset="149486328" timestamp="2024-04-02T15:09:19Z" user="야광멧돼지" uid="12393144" lat="35.0244394" lon="126.8550790"/>
 <node id="11780671112" visible="true" version="1" changeset="149486328" timestamp="2024-04-02T15:09:19Z" user="야광멧돼지" uid="12393144" lat="35.0250386" lon="126.8555181"/>
 <node id="11780671113" visible="true" version="1" changeset="149486328" timestamp="2024-04-02T15:09:19Z" user="야광멧돼지" uid="12393144" lat="35.0256798" lon="126.8559718"/>
 <node id="11780671114" visible="true" version="1" changeset="149486328" timestamp="2024-04-02T15:09:19Z" user="야광멧돼지" uid="12393144" lat="35.0262791" lon="126.8565060"/>
 <node id="11780671115" visible="true" version="1" changeset="149486328" timestamp="2024-04-02T15:09:19Z" user="야광멧돼지" uid="12393144" lat="35.0269682" lon="126.8567621"/>
 <node id="11780671116" visible="true" version="1" changeset="149486328" timestamp="2024-04-02T15:09:19Z" user="야광멧돼지" uid="12393144" lat="35.0277113" lon="126.8569085"/>
 <node id="11780671117" visible="true" version="1" changeset="149486328" timestamp="2024-04-02T15:09:19Z" user="야광멧돼지" uid="12393144" lat="35.0281308" lon="126.8568353"/>
 <node id="11780671118" visible="true" version="1" changeset="149486328" timestamp="2024-04-02T15:09:19Z" user="야광멧돼지" uid="12393144" lat="35.0285922" lon="126.8565792"/>
 <node id="11780671119" visible="true" version="1" changeset="149486328" timestamp="2024-04-02T15:09:19Z" user="야광멧돼지" uid="12393144" lat="35.0291375" lon="126.8564987"/>
 <node id="11780671120" visible="true" version="1" changeset="149486328" timestamp="2024-04-02T15:09:19Z" user="야광멧돼지" uid="12393144" lat="35.0295869" lon="126.8565207"/>
 <node id="11780671121" visible="true" version="1" changeset="149486328" timestamp="2024-04-02T15:09:19Z" user="야광멧돼지" uid="12393144" lat="35.0297067" lon="126.8565646"/>
 <node id="11780671122" visible="true" version="1" changeset="149486328" timestamp="2024-04-02T15:09:19Z" user="야광멧돼지" uid="12393144" lat="35.0298865" lon="126.8567768"/>
 <node id="11780671123" visible="true" version="1" changeset="149486328" timestamp="2024-04-02T15:09:19Z" user="야광멧돼지" uid="12393144" lat="35.0301082" lon="126.8569158"/>
 <node id="11780671124" visible="true" version="1" changeset="149486328" timestamp="2024-04-02T15:09:19Z" user="야광멧돼지" uid="12393144" lat="35.0305636" lon="126.8572598"/>
 <node id="11780671125" visible="true" version="1" changeset="149486328" timestamp="2024-04-02T15:09:19Z" user="야광멧돼지" uid="12393144" lat="35.0311089" lon="126.8574793"/>
 <node id="11780671126" visible="true" version="1" changeset="149486328" timestamp="2024-04-02T15:09:19Z" user="야광멧돼지" uid="12393144" lat="35.0312767" lon="126.8574793"/>
 <node id="11780671127" visible="true" version="1" changeset="149486328" timestamp="2024-04-02T15:09:19Z" user="야광멧돼지" uid="12393144" lat="35.0324631" lon="126.8577501"/>
 <node id="11780671128" visible="true" version="1" changeset="149486328" timestamp="2024-04-02T15:09:19Z" user="야광멧돼지" uid="12393144" lat="35.0331762" lon="126.8578159"/>
 <node id="11780671129" visible="true" version="1" changeset="149486328" timestamp="2024-04-02T15:09:19Z" user="야광멧돼지" uid="12393144" lat="35.0335237" lon="126.8578306"/>
 <node id="11780671130" visible="true" version="1" changeset="149486328" timestamp="2024-04-02T15:09:19Z" user="야광멧돼지" uid="12393144" lat="35.0338166" lon="126.8579387"/>
 <node id="11780671137" visible="true" version="1" changeset="149486328" timestamp="2024-04-02T15:09:19Z" user="야광멧돼지" uid="12393144" lat="35.0313266" lon="126.8576042"/>
 <node id="11780671138" visible="true" version="1" changeset="149486328" timestamp="2024-04-02T15:09:19Z" user="야광멧돼지" uid="12393144" lat="35.0312528" lon="126.8577940"/>
 <node id="11780671139" visible="true" version="1" changeset="149486328" timestamp="2024-04-02T15:09:19Z" user="야광멧돼지" uid="12393144" lat="35.0293534" lon="126.8577884"/>
 <node id="11780671140" visible="true" version="1" changeset="149486328" timestamp="2024-04-02T15:09:19Z" user="야광멧돼지" uid="12393144" lat="35.0293419" lon="126.8586600"/>
 <node id="11780671141" visible="true" version="1" changeset="149486328" timestamp="2024-04-02T15:09:19Z" user="야광멧돼지" uid="12393144" lat="35.0292129" lon="126.8586684"/>
 <node id="11780671142" visible="true" version="1" changeset="149486328" timestamp="2024-04-02T15:09:19Z" user="야광멧돼지" uid="12393144" lat="35.0289159" lon="126.8586262"/>
 <node id="11780671143" visible="true" version="1" changeset="149486328" timestamp="2024-04-02T15:09:19Z" user="야광멧돼지" uid="12393144" lat="35.0288353" lon="126.8586262"/>
 <node id="11780671144" visible="true" version="1" changeset="149486328" timestamp="2024-04-02T15:09:19Z" user="야광멧돼지" uid="12393144" lat="35.0287294" lon="126.8586459"/>
 <node id="11780671145" visible="true" version="1" changeset="149486328" timestamp="2024-04-02T15:09:19Z" user="야광멧돼지" uid="12393144" lat="35.0286465" lon="126.8586515"/>
 <node id="11780671146" visible="true" version="1" changeset="149486328" timestamp="2024-04-02T15:09:19Z" user="야광멧돼지" uid="12393144" lat="35.0284048" lon="126.8586347"/>
 <node id="11780671147" visible="true" version="1" changeset="149486328" timestamp="2024-04-02T15:09:19Z" user="야광멧돼지" uid="12393144" lat="35.0282459" lon="126.8586515"/>
 <node id="11780671148" visible="true" version="1" changeset="149486328" timestamp="2024-04-02T15:09:19Z" user="야광멧돼지" uid="12393144" lat="35.0281239" lon="126.8586881"/>
 <node id="11780671149" visible="true" version="1" changeset="149486328" timestamp="2024-04-02T15:09:19Z" user="야광멧돼지" uid="12393144" lat="35.0280410" lon="126.8586965"/>
 <node id="11780671150" visible="true" version="1" changeset="149486328" timestamp="2024-04-02T15:09:19Z" user="야광멧돼지" uid="12393144" lat="35.0279627" lon="126.8586825"/>
 <node id="11780671151" visible="true" version="1" changeset="149486328" timestamp="2024-04-02T15:09:19Z" user="야광멧돼지" uid="12393144" lat="35.0274838" lon="126.8585925"/>
 <node id="11780671152" visible="true" version="1" changeset="149486328" timestamp="2024-04-02T15:09:19Z" user="야광멧돼지" uid="12393144" lat="35.0271339" lon="126.8585644"/>
 <node id="11780671153" visible="true" version="1" changeset="149486328" timestamp="2024-04-02T15:09:19Z" user="야광멧돼지" uid="12393144" lat="35.0269819" lon="126.8585335"/>
 <node id="11780671154" visible="true" version="1" changeset="149486328" timestamp="2024-04-02T15:09:19Z" user="야광멧돼지" uid="12393144" lat="35.0268438" lon="126.8584772"/>
 <node id="11780671155" visible="true" version="1" changeset="149486328" timestamp="2024-04-02T15:09:19Z" user="야광멧돼지" uid="12393144" lat="35.0267287" lon="126.8583816"/>
 <node id="11780671156" visible="true" version="1" changeset="149486328" timestamp="2024-04-02T15:09:19Z" user="야광멧돼지" uid="12393144" lat="35.0266412" lon="126.8582607"/>
 <node id="11780671157" visible="true" version="1" changeset="149486328" timestamp="2024-04-02T15:09:19Z" user="야광멧돼지" uid="12393144" lat="35.0265560" lon="126.8581061"/>
 <node id="11780671158" visible="true" version="1" changeset="149486328" timestamp="2024-04-02T15:09:19Z" user="야광멧돼지" uid="12393144" lat="35.0265191" lon="126.8579571"/>
 <node id="11780671159" visible="true" version="1" changeset="149486328" timestamp="2024-04-02T15:09:19Z" user="야광멧돼지" uid="12393144" lat="35.0264984" lon="126.8577743"/>
 <node id="11780671160" visible="true" version="1" changeset="149486328" timestamp="2024-04-02T15:09:19Z" user="야광멧돼지" uid="12393144" lat="35.0264938" lon="126.8575100"/>
 <node id="11780671161" visible="true" version="1" changeset="149486328" timestamp="2024-04-02T15:09:19Z" user="야광멧돼지" uid="12393144" lat="35.0264777" lon="126.8574285"/>
 <node id="11780671162" visible="true" version="1" changeset="149486328" timestamp="2024-04-02T15:09:19Z" user="야광멧돼지" uid="12393144" lat="35.0264316" lon="126.8573076"/>
 <node id="11780671163" visible="true" version="1" changeset="149486328" timestamp="2024-04-02T15:09:19Z" user="야광멧돼지" uid="12393144" lat="35.0263672" lon="126.8572429"/>
 <node id="11780671164" visible="true" version="1" changeset="149486328" timestamp="2024-04-02T15:09:19Z" user="야광멧돼지" uid="12393144" lat="35.0262636" lon="126.8572092"/>
 <node id="11780671165" visible="true" version="1" changeset="149486328" timestamp="2024-04-02T15:09:19Z" user="야광멧돼지" uid="12393144" lat="35.0261830" lon="126.8572204"/>
 <node id="11780671166" visible="true" version="1" changeset="149486328" timestamp="2024-04-02T15:09:19Z" user="야광멧돼지" uid="12393144" lat="35.0260909" lon="126.8572766"/>
 <node id="11780671167" visible="true" version="1" changeset="149486328" timestamp="2024-04-02T15:09:19Z" user="야광멧돼지" uid="12393144" lat="35.0258564" lon="126.8574501"/>
 <node id="11780671168" visible="true" version="1" changeset="149486328" timestamp="2024-04-02T15:09:19Z" user="야광멧돼지" uid="12393144" lat="35.0257590" lon="126.8574865"/>
 <node id="11780671169" visible="true" version="1" changeset="149486328" timestamp="2024-04-02T15:09:19Z" user="야광멧돼지" uid="12393144" lat="35.0256193" lon="126.8574616"/>
 <node id="11780671170" visible="true" version="1" changeset="149486328" timestamp="2024-04-02T15:09:19Z" user="야광멧돼지" uid="12393144" lat="35.0255125" lon="126.8573983"/>
 <node id="11780671171" visible="true" version="1" changeset="149486328" timestamp="2024-04-02T15:09:19Z" user="야광멧돼지" uid="12393144" lat="35.0254371" lon="126.8573235"/>
 <node id="11780671172" visible="true" version="1" changeset="149486328" timestamp="2024-04-02T15:09:19Z" user="야광멧돼지" uid="12393144" lat="35.0253727" lon="126.8572142"/>
 <node id="11780671173" visible="true" version="1" changeset="149486328" timestamp="2024-04-02T15:09:19Z" user="야광멧돼지" uid="12393144" lat="35.0253476" lon="126.8571030"/>
 <node id="11780671174" visible="true" version="1" changeset="149486328" timestamp="2024-04-02T15:09:19Z" user="야광멧돼지" uid="12393144" lat="35.0253460" lon="126.8569304"/>
 <node id="11780671175" visible="true" version="1" changeset="149486328" timestamp="2024-04-02T15:09:19Z" user="야광멧돼지" uid="12393144" lat="35.0253586" lon="126.8567348"/>
 <node id="11780671176" visible="true" version="1" changeset="149486328" timestamp="2024-04-02T15:09:19Z" user="야광멧돼지" uid="12393144" lat="35.0253492" lon="126.8566216"/>
 <node id="11780671177" visible="true" version="1" changeset="149486328" timestamp="2024-04-02T15:09:19Z" user="야광멧돼지" uid="12393144" lat="35.0253115" lon="126.8565046"/>
 <node id="11780671178" visible="true" version="1" changeset="149486328" timestamp="2024-04-02T15:09:19Z" user="야광멧돼지" uid="12393144" lat="35.0252659" lon="126.8564183"/>
 <node id="11780671179" visible="true" version="1" changeset="149486328" timestamp="2024-04-02T15:09:19Z" user="야광멧돼지" uid="12393144" lat="35.0251733" lon="126.8563244"/>
 <node id="11780671180" visible="true" version="1" changeset="149486328" timestamp="2024-04-02T15:09:19Z" user="야광멧돼지" uid="12393144" lat="35.0250680" lon="126.8562726"/>
 <node id="11780671181" visible="true" version="1" changeset="149486328" timestamp="2024-04-02T15:09:19Z" user="야광멧돼지" uid="12393144" lat="35.0249440" lon="126.8562515"/>
 <node id="11780671182" visible="true" version="1" changeset="149486328" timestamp="2024-04-02T15:09:19Z" user="야광멧돼지" uid="12393144" lat="35.0247681" lon="126.8562707"/>
 <node id="11780671183" visible="true" version="1" changeset="149486328" timestamp="2024-04-02T15:09:19Z" user="야광멧돼지" uid="12393144" lat="35.0245671" lon="126.8563493"/>
 <node id="11780671184" visible="true" version="1" changeset="149486328" timestamp="2024-04-02T15:09:19Z" user="야광멧돼지" uid="12393144" lat="35.0244791" lon="126.8563666"/>
 <node id="11780671185" visible="true" version="1" changeset="149486328" timestamp="2024-04-02T15:09:19Z" user="야광멧돼지" uid="12393144" lat="35.0244273" lon="126.8563474"/>
 <node id="11780671186" visible="true" version="1" changeset="149486328" timestamp="2024-04-02T15:09:19Z" user="야광멧돼지" uid="12393144" lat="35.0242875" lon="126.8562074"/>
 <node id="11780671187" visible="true" version="1" changeset="149486328" timestamp="2024-04-02T15:09:19Z" user="야광멧돼지" uid="12393144" lat="35.0241839" lon="126.8561364"/>
 <node id="11780671188" visible="true" version="1" changeset="149486328" timestamp="2024-04-02T15:09:19Z" user="야광멧돼지" uid="12393144" lat="35.0240457" lon="126.8560367"/>
 <node id="11780671189" visible="true" version="1" changeset="149486328" timestamp="2024-04-02T15:09:19Z" user="야광멧돼지" uid="12393144" lat="35.0239090" lon="126.8559063"/>
 <node id="11780671190" visible="true" version="1" changeset="149486328" timestamp="2024-04-02T15:09:19Z" user="야광멧돼지" uid="12393144" lat="35.0236735" lon="126.8557049"/>
 <node id="11780671191" visible="true" version="1" changeset="149486328" timestamp="2024-04-02T15:09:19Z" user="야광멧돼지" uid="12393144" lat="35.0234819" lon="126.8555688"/>
 <node id="11780671192" visible="true" version="1" changeset="149486328" timestamp="2024-04-02T15:09:19Z" user="야광멧돼지" uid="12393144" lat="35.0232589" lon="126.8554326"/>
 <node id="11780671193" visible="true" version="1" changeset="149486328" timestamp="2024-04-02T15:09:19Z" user="야광멧돼지" uid="12393144" lat="35.0230531" lon="126.8553175"/>
 <node id="11780671194" visible="true" version="1" changeset="149486328" timestamp="2024-04-02T15:09:19Z" user="야광멧돼지" uid="12393144" lat="35.0229542" lon="126.8552600"/>
 <node id="11780671195" visible="true" version="1" changeset="149486328" timestamp="2024-04-02T15:09:19Z" user="야광멧돼지" uid="12393144" lat="35.0228835" lon="126.8552102"/>
 <node id="11780671196" visible="true" version="1" changeset="149486328" timestamp="2024-04-02T15:09:19Z" user="야광멧돼지" uid="12393144" lat="35.0228364" lon="126.8551449"/>
 <node id="11780671197" visible="true" version="1" changeset="149486328" timestamp="2024-04-02T15:09:19Z" user="야광멧돼지" uid="12393144" lat="35.0228474" lon="126.8551123"/>
 <node id="11780671198" visible="true" version="1" changeset="149486328" timestamp="2024-04-02T15:09:19Z" user="야광멧돼지" uid="12393144" lat="35.0236550" lon="126.8539527"/>
 <node id="11780671199" visible="true" version="1" changeset="149486328" timestamp="2024-04-02T15:09:19Z" user="야광멧돼지" uid="12393144" lat="35.0236184" lon="126.8540072"/>
 <node id="11780671200" visible="true" version="1" changeset="149486328" timestamp="2024-04-02T15:09:19Z" user="야광멧돼지" uid="12393144" lat="35.0233929" lon="126.8543202"/>
 <node id="11780671242" visible="true" version="1" changeset="149486328" timestamp="2024-04-02T15:09:19Z" user="야광멧돼지" uid="12393144" lat="35.0251312" lon="126.8563037"/>
 <node id="11780671243" visible="true" version="1" changeset="149486328" timestamp="2024-04-02T15:09:19Z" user="야광멧돼지" uid="12393144" lat="35.0253055" lon="126.8562720"/>
 <node id="11780671244" visible="true" version="1" changeset="149486328" timestamp="2024-04-02T15:09:19Z" user="야광멧돼지" uid="12393144" lat="35.0254044" lon="126.8562627"/>
 <node id="11780671245" visible="true" version="1" changeset="149486328" timestamp="2024-04-02T15:09:19Z" user="야광멧돼지" uid="12393144" lat="35.0255546" lon="126.8562789"/>
 <node id="11780671246" visible="true" version="1" changeset="149486328" timestamp="2024-04-02T15:09:19Z" user="야광멧돼지" uid="12393144" lat="35.0256041" lon="126.8562859"/>
 <node id="11780671247" visible="true" version="1" changeset="149486328" timestamp="2024-04-02T15:09:19Z" user="야광멧돼지" uid="12393144" lat="35.0258513" lon="126.8564554"/>
 <node id="11780671248" visible="true" version="1" changeset="149486328" timestamp="2024-04-02T15:09:19Z" user="야광멧돼지" uid="12393144" lat="35.0261517" lon="126.8566737"/>
 <node id="11780671249" visible="true" version="1" changeset="149486328" timestamp="2024-04-02T15:09:19Z" user="야광멧돼지" uid="12393144" lat="35.0263191" lon="126.8567689"/>
 <node id="11780671250" visible="true" version="1" changeset="149486328" timestamp="2024-04-02T15:09:19Z" user="야광멧돼지" uid="12393144" lat="35.0266062" lon="126.8569036"/>
 <node id="11780671251" visible="true" version="1" changeset="149486328" timestamp="2024-04-02T15:09:19Z" user="야광멧돼지" uid="12393144" lat="35.0266994" lon="126.8569361"/>
 <node id="11780671252" visible="true" version="1" changeset="149486328" timestamp="2024-04-02T15:09:19Z" user="야광멧돼지" uid="12393144" lat="35.0270378" lon="126.8570568"/>
 <node id="11780671253" visible="true" version="1" changeset="149486328" timestamp="2024-04-02T15:09:19Z" user="야광멧돼지" uid="12393144" lat="35.0273706" lon="126.8571428"/>
 <node id="11780671254" visible="true" version="1" changeset="149486328" timestamp="2024-04-02T15:09:19Z" user="야광멧돼지" uid="12393144" lat="35.0276045" lon="126.8572008"/>
 <node id="11780671255" visible="true" version="1" changeset="149486328" timestamp="2024-04-02T15:09:19Z" user="야광멧돼지" uid="12393144" lat="35.0278061" lon="126.8572171"/>
 <node id="11780671256" visible="true" version="1" changeset="149486328" timestamp="2024-04-02T15:09:19Z" user="야광멧돼지" uid="12393144" lat="35.0279905" lon="126.8571939"/>
 <node id="11780671257" visible="true" version="1" changeset="149486328" timestamp="2024-04-02T15:09:19Z" user="야광멧돼지" uid="12393144" lat="35.0281559" lon="126.8571497"/>
 <node id="11780671258" visible="true" version="1" changeset="149486328" timestamp="2024-04-02T15:09:19Z" user="야광멧돼지" uid="12393144" lat="35.0282985" lon="126.8570824"/>
 <node id="11780671259" visible="true" version="1" changeset="149486328" timestamp="2024-04-02T15:09:19Z" user="야광멧돼지" uid="12393144" lat="35.0284164" lon="126.8570174"/>
 <node id="11780671260" visible="true" version="1" changeset="149486328" timestamp="2024-04-02T15:09:19Z" user="야광멧돼지" uid="12393144" lat="35.0284678" lon="126.8569988"/>
 <node id="11780671261" visible="true" version="1" changeset="149486328" timestamp="2024-04-02T15:09:19Z" user="야광멧돼지" uid="12393144" lat="35.0286731" lon="126.8569872"/>
 <node id="11780671262" visible="true" version="1" changeset="149486328" timestamp="2024-04-02T15:09:19Z" user="야광멧돼지" uid="12393144" lat="35.0288138" lon="126.8570011"/>
 <node id="11780671263" visible="true" version="1" changeset="149486328" timestamp="2024-04-02T15:09:19Z" user="야광멧돼지" uid="12393144" lat="35.0291428" lon="126.8570476"/>
 <node id="11780671264" visible="true" version="1" changeset="149486328" timestamp="2024-04-02T15:09:19Z" user="야광멧돼지" uid="12393144" lat="35.0292131" lon="126.8570499"/>
 <node id="11780671265" visible="true" version="1" changeset="149486328" timestamp="2024-04-02T15:09:19Z" user="야광멧돼지" uid="12393144" lat="35.0293520" lon="126.8570336"/>
 <node id="11780671266" visible="true" version="1" changeset="149486328" timestamp="2024-04-02T15:09:19Z" user="야광멧돼지" uid="12393144" lat="35.0242445" lon="126.8561780"/>
 <node id="11780671267" visible="true" version="1" changeset="149486328" timestamp="2024-04-02T15:09:19Z" user="야광멧돼지" uid="12393144" lat="35.0243167" lon="126.8561048"/>
 <node id="11780671268" visible="true" version="1" changeset="149486328" timestamp="2024-04-02T15:09:19Z" user="야광멧돼지" uid="12393144" lat="35.0244517" lon="126.8560026"/>
 <node id="11780671269" visible="true" version="1" changeset="149486328" timestamp="2024-04-02T15:09:19Z" user="야광멧돼지" uid="12393144" lat="35.0244917" lon="126.8559631"/>
 <node id="11780671270" visible="true" version="1" changeset="149486328" timestamp="2024-04-02T15:09:19Z" user="야광멧돼지" uid="12393144" lat="35.0245487" lon="126.8559422"/>
 <node id="11780671271" visible="true" version="1" changeset="149486328" timestamp="2024-04-02T15:09:19Z" user="야광멧돼지" uid="12393144" lat="35.0246229" lon="126.8559353"/>
 <node id="11780671272" visible="true" version="1" changeset="149486328" timestamp="2024-04-02T15:09:19Z" user="야광멧돼지" uid="12393144" lat="35.0248302" lon="126.8559213"/>
 <node id="11780671273" visible="true" version="1" changeset="149486328" timestamp="2024-04-02T15:09:19Z" user="야광멧돼지" uid="12393144" lat="35.0250203" lon="126.8558935"/>
 <node id="11780671274" visible="true" version="1" changeset="149486328" timestamp="2024-04-02T15:09:19Z" user="야광멧돼지" uid="12393144" lat="35.0250660" lon="126.8558772"/>
 <node id="11780671275" visible="true" version="1" changeset="149486328" timestamp="2024-04-02T15:09:19Z" user="야광멧돼지" uid="12393144" lat="35.0250583" lon="126.8558308"/>
 <node id="11780671276" visible="true" version="1" changeset="149486328" timestamp="2024-04-02T15:09:19Z" user="야광멧돼지" uid="12393144" lat="35.0250374" lon="126.8558052"/>
 <node id="11780671277" visible="true" version="1" changeset="149486328" timestamp="2024-04-02T15:09:19Z" user="야광멧돼지" uid="12393144" lat="35.0249614" lon="126.8557588"/>
 <node id="11780671278" visible="true" version="1" changeset="149486328" timestamp="2024-04-02T15:09:19Z" user="야광멧돼지" uid="12393144" lat="35.0248397" lon="126.8556729"/>
 <node id="11780671279" visible="true" version="1" changeset="149486328" timestamp="2024-04-02T15:09:19Z" user="야광멧돼지" uid="12393144" lat="35.0247218" lon="126.8555939"/>
 <node id="11780671280" visible="true" version="1" changeset="149486328" timestamp="2024-04-02T15:09:19Z" user="야광멧돼지" uid="12393144" lat="35.0246001" lon="126.8554871"/>
 <node id="11780671281" visible="true" version="1" changeset="149486328" timestamp="2024-04-02T15:09:19Z" user="야광멧돼지" uid="12393144" lat="35.0243890" lon="126.8553153"/>
 <node id="11780671282" visible="true" version="1" changeset="149486328" timestamp="2024-04-02T15:09:19Z" user="야광멧돼지" uid="12393144" lat="35.0242920" lon="126.8552479"/>
 <node id="11780671283" visible="true" version="1" changeset="149486328" timestamp="2024-04-02T15:09:19Z" user="야광멧돼지" uid="12393144" lat="35.0242445" lon="126.8553083"/>
 <node id="11780671284" visible="true" version="1" changeset="149486328" timestamp="2024-04-02T15:09:19Z" user="야광멧돼지" uid="12393144" lat="35.0241323" lon="126.8554987"/>
 <node id="11780671285" visible="true" version="1" changeset="149486328" timestamp="2024-04-02T15:09:19Z" user="야광멧돼지" uid="12393144" lat="35.0240771" lon="126.8555963"/>
 <node id="11780671286" visible="true" version="1" changeset="149486328" timestamp="2024-04-02T15:09:19Z" user="야광멧돼지" uid="12393144" lat="35.0239173" lon="126.8559142"/>
 <node id="11780671287" visible="true" version="1" changeset="149486328" timestamp="2024-04-02T15:09:19Z" user="야광멧돼지" uid="12393144" lat="35.0244441" lon="126.8559238"/>
 <node id="11780671288" visible="true" version="1" changeset="149486328" timestamp="2024-04-02T15:09:19Z" user="야광멧돼지" uid="12393144" lat="35.0244066" lon="126.8558584"/>
 <node id="11780671289" visible="true" version="1" changeset="149486328" timestamp="2024-04-02T15:09:19Z" user="야광멧돼지" uid="12393144" lat="35.0243445" lon="126.8557459"/>
 <node id="11780671290" visible="true" version="1" changeset="149486328" timestamp="2024-04-02T15:09:19Z" user="야광멧돼지" uid="12393144" lat="35.0242802" lon="126.8556675"/>
 <node id="11780671291" visible="true" version="1" changeset="149486328" timestamp="2024-04-02T15:09:19Z" user="야광멧돼지" uid="12393144" lat="35.0242470" lon="126.8556374"/>
 <node id="11780671292" visible="true" version="1" changeset="149486328" timestamp="2024-04-02T15:09:19Z" user="야광멧돼지" uid="12393144" lat="35.0241999" lon="126.8556191"/>
 <node id="11780671293" visible="true" version="1" changeset="149486328" timestamp="2024-04-02T15:09:19Z" user="야광멧돼지" uid="12393144" lat="35.0241142" lon="126.8555916"/>
 <node id="11780671294" visible="true" version="1" changeset="149486328" timestamp="2024-04-02T15:09:19Z" user="야광멧돼지" uid="12393144" lat="35.0240859" lon="126.8555808"/>
 <node id="11780671295" visible="true" version="1" changeset="149486328" timestamp="2024-04-02T15:09:19Z" user="야광멧돼지" uid="12393144" lat="35.0239813" lon="126.8555210"/>
 <node id="11780671296" visible="true" version="1" changeset="149486328" timestamp="2024-04-02T15:09:19Z" user="야광멧돼지" uid="12393144" lat="35.0239299" lon="126.8554869"/>
 <node id="11780671297" visible="true" version="1" changeset="149486328" timestamp="2024-04-02T15:09:19Z" user="야광멧돼지" uid="12393144" lat="35.0238892" lon="126.8554372"/>
 <node id="11780671298" visible="true" version="1" changeset="149486328" timestamp="2024-04-02T15:09:19Z" user="야광멧돼지" uid="12393144" lat="35.0238549" lon="126.8553758"/>
 <node id="11780671299" visible="true" version="1" changeset="149486328" timestamp="2024-04-02T15:09:19Z" user="야광멧돼지" uid="12393144" lat="35.0238046" lon="126.8552803"/>
 <node id="11780671300" visible="true" version="1" changeset="149486328" timestamp="2024-04-02T15:09:19Z" user="야광멧돼지" uid="12393144" lat="35.0237607" lon="126.8552253"/>
 <node id="11780671301" visible="true" version="1" changeset="149486328" timestamp="2024-04-02T15:09:19Z" user="야광멧돼지" uid="12393144" lat="35.0237285" lon="126.8551861"/>
 <node id="11780671302" visible="true" version="1" changeset="149486328" timestamp="2024-04-02T15:09:19Z" user="야광멧돼지" uid="12393144" lat="35.0236611" lon="126.8551298"/>
 <node id="11780671303" visible="true" version="1" changeset="149486328" timestamp="2024-04-02T15:09:19Z" user="야광멧돼지" uid="12393144" lat="35.0232251" lon="126.8543557"/>
 <node id="11780671304" visible="true" version="1" changeset="149486328" timestamp="2024-04-02T15:09:19Z" user="야광멧돼지" uid="12393144" lat="35.0231239" lon="126.8543605"/>
 <node id="11780671305" visible="true" version="1" changeset="149486328" timestamp="2024-04-02T15:09:19Z" user="야광멧돼지" uid="12393144" lat="35.0230202" lon="126.8543494"/>
 <node id="11780671306" visible="true" version="1" changeset="149486328" timestamp="2024-04-02T15:09:19Z" user="야광멧돼지" uid="12393144" lat="35.0229475" lon="126.8543224"/>
 <node id="11780671307" visible="true" version="1" changeset="149486328" timestamp="2024-04-02T15:09:19Z" user="야광멧돼지" uid="12393144" lat="35.0228736" lon="126.8542718"/>
 <node id="11780671308" visible="true" version="1" changeset="149486328" timestamp="2024-04-02T15:09:19Z" user="야광멧돼지" uid="12393144" lat="35.0227465" lon="126.8541688"/>
 <node id="11780671309" visible="true" version="1" changeset="149486328" timestamp="2024-04-02T15:09:19Z" user="야광멧돼지" uid="12393144" lat="35.0226700" lon="126.8541007"/>
 <node id="11780671310" visible="true" version="1" changeset="149486328" timestamp="2024-04-02T15:09:19Z" user="야광멧돼지" uid="12393144" lat="35.0226168" lon="126.8540738"/>
 <node id="11780671311" visible="true" version="1" changeset="149486328" timestamp="2024-04-02T15:09:19Z" user="야광멧돼지" uid="12393144" lat="35.0223911" lon="126.8539534"/>
 <node id="11780671312" visible="true" version="1" changeset="149486328" timestamp="2024-04-02T15:09:19Z" user="야광멧돼지" uid="12393144" lat="35.0222912" lon="126.8538869"/>
 <node id="11780671313" visible="true" version="1" changeset="149486328" timestamp="2024-04-02T15:09:19Z" user="야광멧돼지" uid="12393144" lat="35.0221641" lon="126.8537934"/>
 <node id="11780671314" visible="true" version="1" changeset="149486328" timestamp="2024-04-02T15:09:19Z" user="야광멧돼지" uid="12393144" lat="35.0220707" lon="126.8537190"/>
 <node id="11780671315" visible="true" version="1" changeset="149486328" timestamp="2024-04-02T15:09:19Z" user="야광멧돼지" uid="12393144" lat="35.0219695" lon="126.8536256"/>
 <node id="11780671316" visible="true" version="1" changeset="149486328" timestamp="2024-04-02T15:09:19Z" user="야광멧돼지" uid="12393144" lat="35.0218710" lon="126.8535606"/>
 <node id="11780671317" visible="true" version="1" changeset="149486328" timestamp="2024-04-02T15:09:19Z" user="야광멧돼지" uid="12393144" lat="35.0217374" lon="126.8534909"/>
 <node id="11780671318" visible="true" version="1" changeset="149486328" timestamp="2024-04-02T15:09:19Z" user="야광멧돼지" uid="12393144" lat="35.0216453" lon="126.8534323"/>
 <node id="11780671319" visible="true" version="1" changeset="149486328" timestamp="2024-04-02T15:09:19Z" user="야광멧돼지" uid="12393144" lat="35.0216051" lon="126.8534418"/>
 <node id="11780671320" visible="true" version="1" changeset="149486328" timestamp="2024-04-02T15:09:19Z" user="야광멧돼지" uid="12393144" lat="35.0215649" lon="126.8534608"/>
 <node id="11780671321" visible="true" version="1" changeset="149486328" timestamp="2024-04-02T15:09:19Z" user="야광멧돼지" uid="12393144" lat="35.0215260" lon="126.8535369"/>
 <node id="11780671322" visible="true" version="1" changeset="149486328" timestamp="2024-04-02T15:09:19Z" user="야광멧돼지" uid="12393144" lat="35.0215130" lon="126.8535923"/>
 <node id="11780671323" visible="true" version="1" changeset="149486328" timestamp="2024-04-02T15:09:19Z" user="야광멧돼지" uid="12393144" lat="35.0215289" lon="126.8536546"/>
 <node id="11780671324" visible="true" version="1" changeset="149486328" timestamp="2024-04-02T15:09:19Z" user="야광멧돼지" uid="12393144" lat="35.0216459" lon="126.8538675"/>
 <node id="11780671325" visible="true" version="1" changeset="149486328" timestamp="2024-04-02T15:09:19Z" user="야광멧돼지" uid="12393144" lat="35.0217268" lon="126.8540001"/>
 <node id="11780671326" visible="true" version="1" changeset="149486328" timestamp="2024-04-02T15:09:19Z" user="야광멧돼지" uid="12393144" lat="35.0219326" lon="126.8542831"/>
 <node id="11780671327" visible="true" version="1" changeset="149486328" timestamp="2024-04-02T15:09:19Z" user="야광멧돼지" uid="12393144" lat="35.0220333" lon="126.8544106"/>
 <node id="11780671328" visible="true" version="1" changeset="149486328" timestamp="2024-04-02T15:09:19Z" user="야광멧돼지" uid="12393144" lat="35.0221637" lon="126.8545285"/>
 <node id="11780671329" visible="true" version="1" changeset="149486328" timestamp="2024-04-02T15:09:19Z" user="야광멧돼지" uid="12393144" lat="35.0222934" lon="126.8546707"/>
 <node id="11780671330" visible="true" version="1" changeset="149486328" timestamp="2024-04-02T15:09:19Z" user="야광멧돼지" uid="12393144" lat="35.0223664" lon="126.8547436"/>
 <node id="11780671331" visible="true" version="1" changeset="149486328" timestamp="2024-04-02T15:09:19Z" user="야광멧돼지" uid="12393144" lat="35.0224605" lon="126.8547849"/>
 <node id="11780671332" visible="true" version="1" changeset="149486328" timestamp="2024-04-02T15:09:19Z" user="야광멧돼지" uid="12393144" lat="35.0225818" lon="126.8548586"/>
 <node id="11780671333" visible="true" version="1" changeset="149486328" timestamp="2024-04-02T15:09:19Z" user="야광멧돼지" uid="12393144" lat="35.0226789" lon="126.8549492"/>
 <node id="11780671334" visible="true" version="1" changeset="149486328" timestamp="2024-04-02T15:09:19Z" user="야광멧돼지" uid="12393144" lat="35.0227461" lon="126.8550346"/>
 <node id="11780671335" visible="true" version="1" changeset="149486328" timestamp="2024-04-02T15:09:19Z" user="야광멧돼지" uid="12393144" lat="35.0227966" lon="126.8550908"/>
 <node id="11780671336" visible="true" version="1" changeset="149486328" timestamp="2024-04-02T15:09:19Z" user="야광멧돼지" uid="12393144" lat="35.0230593" lon="126.8548047"/>
 <node id="11780671337" visible="true" version="1" changeset="149486328" timestamp="2024-04-02T15:09:19Z" user="야광멧돼지" uid="12393144" lat="35.0230125" lon="126.8547776"/>
 <node id="11780671338" visible="true" version="1" changeset="149486328" timestamp="2024-04-02T15:09:19Z" user="야광멧돼지" uid="12393144" lat="35.0229250" lon="126.8547521"/>
 <node id="11780671339" visible="true" version="1" changeset="149486328" timestamp="2024-04-02T15:09:19Z" user="야광멧돼지" uid="12393144" lat="35.0228775" lon="126.8547195"/>
 <node id="11780671340" visible="true" version="1" changeset="149486328" timestamp="2024-04-02T15:09:19Z" user="야광멧돼지" uid="12393144" lat="35.0228547" lon="126.8546917"/>
 <node id="11780671341" visible="true" version="1" changeset="149486328" timestamp="2024-04-02T15:09:19Z" user="야광멧돼지" uid="12393144" lat="35.0228185" lon="126.8546313"/>
 <node id="11780671342" visible="true" version="1" changeset="149486328" timestamp="2024-04-02T15:09:19Z" user="야광멧돼지" uid="12393144" lat="35.0227900" lon="126.8545663"/>
 <node id="11780671343" visible="true" version="1" changeset="149486328" timestamp="2024-04-02T15:09:19Z" user="야광멧돼지" uid="12393144" lat="35.0227539" lon="126.8545245"/>
 <node id="11780671344" visible="true" version="1" changeset="149486328" timestamp="2024-04-02T15:09:19Z" user="야광멧돼지" uid="12393144" lat="35.0227178" lon="126.8544920"/>
 <node id="11780671345" visible="true" version="1" changeset="149486328" timestamp="2024-04-02T15:09:19Z" user="야광멧돼지" uid="12393144" lat="35.0226607" lon="126.8544595"/>
 <node id="11780671346" visible="true" version="1" changeset="149486328" timestamp="2024-04-02T15:09:19Z" user="야광멧돼지" uid="12393144" lat="35.0226246" lon="126.8544455"/>
 <node id="11780671347" visible="true" version="1" changeset="149486328" timestamp="2024-04-02T15:09:19Z" user="야광멧돼지" uid="12393144" lat="35.0225827" lon="126.8544409"/>
 <node id="11780671348" visible="true" version="1" changeset="149486328" timestamp="2024-04-02T15:09:19Z" user="야광멧돼지" uid="12393144" lat="35.0225314" lon="126.8544290"/>
 <node id="11780671349" visible="true" version="1" changeset="149486328" timestamp="2024-04-02T15:09:19Z" user="야광멧돼지" uid="12393144" lat="35.0225408" lon="126.8543845"/>
 <node id="11780671350" visible="true" version="1" changeset="149486328" timestamp="2024-04-02T15:09:19Z" user="야광멧돼지" uid="12393144" lat="35.0225379" lon="126.8543396"/>
 <node id="11780671351" visible="true" version="1" changeset="149486328" timestamp="2024-04-02T15:09:19Z" user="야광멧돼지" uid="12393144" lat="35.0225233" lon="126.8542981"/>
 <node id="11780671352" visible="true" version="1" changeset="149486328" timestamp="2024-04-02T15:09:19Z" user="야광멧돼지" uid="12393144" lat="35.0224986" lon="126.8542646"/>
 <node id="11780671353" visible="true" version="1" changeset="149486328" timestamp="2024-04-02T15:09:19Z" user="야광멧돼지" uid="12393144" lat="35.0224663" lon="126.8542427"/>
 <node id="11780671354" visible="true" version="1" changeset="149486328" timestamp="2024-04-02T15:09:19Z" user="야광멧돼지" uid="12393144" lat="35.0223232" lon="126.8544241"/>
 <node id="11780671355" visible="true" version="1" changeset="149486328" timestamp="2024-04-02T15:09:19Z" user="야광멧돼지" uid="12393144" lat="35.0223428" lon="126.8544633"/>
 <node id="11780671356" visible="true" version="1" changeset="149486328" timestamp="2024-04-02T15:09:19Z" user="야광멧돼지" uid="12393144" lat="35.0223719" lon="126.8544925"/>
 <node id="11780671357" visible="true" version="1" changeset="149486328" timestamp="2024-04-02T15:09:19Z" user="야광멧돼지" uid="12393144" lat="35.0224072" lon="126.8545084"/>
 <node id="11780671358" visible="true" version="1" changeset="149486328" timestamp="2024-04-02T15:09:19Z" user="야광멧돼지" uid="12393144" lat="35.0224448" lon="126.8545093"/>
 <node id="11780671359" visible="true" version="1" changeset="149486328" timestamp="2024-04-02T15:09:19Z" user="야광멧돼지" uid="12393144" lat="35.0224300" lon="126.8542346"/>
 <node id="11780671360" visible="true" version="1" changeset="149486328" timestamp="2024-04-02T15:09:19Z" user="야광멧돼지" uid="12393144" lat="35.0223934" lon="126.8542412"/>
 <node id="11780671361" visible="true" version="1" changeset="149486328" timestamp="2024-04-02T15:09:19Z" user="야광멧돼지" uid="12393144" lat="35.0223606" lon="126.8542619"/>
 <node id="11780671362" visible="true" version="1" changeset="149486328" timestamp="2024-04-02T15:09:19Z" user="야광멧돼지" uid="12393144" lat="35.0223349" lon="126.8542944"/>
 <node id="11780671363" visible="true" version="1" changeset="149486328" timestamp="2024-04-02T15:09:19Z" user="야광멧돼지" uid="12393144" lat="35.0223193" lon="126.8543352"/>
 <node id="11780671364" visible="true" version="1" changeset="149486328" timestamp="2024-04-02T15:09:19Z" user="야광멧돼지" uid="12393144" lat="35.0223152" lon="126.8543801"/>
 <node id="11780671365" visible="true" version="1" changeset="149486328" timestamp="2024-04-02T15:09:19Z" user="야광멧돼지" uid="12393144" lat="35.0224806" lon="126.8544951"/>
 <node id="11780671366" visible="true" version="1" changeset="149486328" timestamp="2024-04-02T15:09:19Z" user="야광멧돼지" uid="12393144" lat="35.0225106" lon="126.8544673"/>
 <node id="11780671367" visible="true" version="1" changeset="149486328" timestamp="2024-04-02T15:09:19Z" user="야광멧돼지" uid="12393144" lat="35.0226088" lon="126.8540695"/>
 <node id="11780671368" visible="true" version="1" changeset="149486328" timestamp="2024-04-02T15:09:19Z" user="야광멧돼지" uid="12393144" lat="35.0223541" lon="126.8544747"/>
 <node id="11780671369" visible="true" version="1" changeset="149486328" timestamp="2024-04-02T15:09:19Z" user="야광멧돼지" uid="12393144" lat="35.0222551" lon="126.8546287"/>
 <node id="11780671370" visible="true" version="1" changeset="149486328" timestamp="2024-04-02T15:09:19Z" user="야광멧돼지" uid="12393144" lat="35.0223417" lon="126.8542858"/>
 <node id="11780671371" visible="true" version="1" changeset="149486328" timestamp="2024-04-02T15:09:19Z" user="야광멧돼지" uid="12393144" lat="35.0221736" lon="126.8541893"/>
 <node id="11780671372" visible="true" version="1" changeset="149486328" timestamp="2024-04-02T15:09:19Z" user="야광멧돼지" uid="12393144" lat="35.0221239" lon="126.8541501"/>
 <node id="11780671373" visible="true" version="1" changeset="149486328" timestamp="2024-04-02T15:09:19Z" user="야광멧돼지" uid="12393144" lat="35.0220947" lon="126.8541010"/>
 <node id="11780671374" visible="true" version="1" changeset="149486328" timestamp="2024-04-02T15:09:19Z" user="야광멧돼지" uid="12393144" lat="35.0219953" lon="126.8538521"/>
 <node id="11780671375" visible="true" version="1" changeset="149486328" timestamp="2024-04-02T15:09:19Z" user="야광멧돼지" uid="12393144" lat="35.0219580" lon="126.8537753"/>
 <node id="11780671376" visible="true" version="1" changeset="149486328" timestamp="2024-04-02T15:09:19Z" user="야광멧돼지" uid="12393144" lat="35.0219303" lon="126.8537459"/>
 <node id="11780671377" visible="true" version="1" changeset="149486328" timestamp="2024-04-02T15:09:19Z" user="야광멧돼지" uid="12393144" lat="35.0218879" lon="126.8537111"/>
 <node id="11780671378" visible="true" version="1" changeset="149486328" timestamp="2024-04-02T15:09:19Z" user="야광멧돼지" uid="12393144" lat="35.0218185" lon="126.8536826"/>
 <node id="11780671379" visible="true" version="1" changeset="149486328" timestamp="2024-04-02T15:09:19Z" user="야광멧돼지" uid="12393144" lat="35.0217461" lon="126.8536531"/>
 <node id="11780671380" visible="true" version="1" changeset="149486328" timestamp="2024-04-02T15:09:19Z" user="야광멧돼지" uid="12393144" lat="35.0216840" lon="126.8536264"/>
 <node id="11780671381" visible="true" version="1" changeset="149486328" timestamp="2024-04-02T15:09:19Z" user="야광멧돼지" uid="12393144" lat="35.0216424" lon="126.8535916"/>
 <node id="11780671382" visible="true" version="1" changeset="149486328" timestamp="2024-04-02T15:09:19Z" user="야광멧돼지" uid="12393144" lat="35.0216117" lon="126.8535559"/>
 <node id="11780671383" visible="true" version="1" changeset="149486328" timestamp="2024-04-02T15:09:19Z" user="야광멧돼지" uid="12393144" lat="35.0215956" lon="126.8535059"/>
 <node id="11780671384" visible="true" version="1" changeset="149486328" timestamp="2024-04-02T15:09:19Z" user="야광멧돼지" uid="12393144" lat="35.0215882" lon="126.8534498"/>
 <node id="11780671385" visible="true" version="1" changeset="149486328" timestamp="2024-04-02T15:09:19Z" user="야광멧돼지" uid="12393144" lat="35.0199297" lon="126.8527642"/>
 <node id="11780671386" visible="true" version="1" changeset="149486328" timestamp="2024-04-02T15:09:19Z" user="야광멧돼지" uid="12393144" lat="35.0198713" lon="126.8526299"/>
 <node id="11780671387" visible="true" version="1" changeset="149486328" timestamp="2024-04-02T15:09:19Z" user="야광멧돼지" uid="12393144" lat="35.0197285" lon="126.8522766"/>
 <node id="11780671388" visible="true" version="1" changeset="149486328" timestamp="2024-04-02T15:09:19Z" user="야광멧돼지" uid="12393144" lat="35.0195935" lon="126.8517495"/>
 <node id="11780671389" visible="true" version="1" changeset="149486328" timestamp="2024-04-02T15:09:19Z" user="야광멧돼지" uid="12393144" lat="35.0193900" lon="126.8512247"/>
 <node id="11780671390" visible="true" version="1" changeset="149486328" timestamp="2024-04-02T15:09:19Z" user="야광멧돼지" uid="12393144" lat="35.0192379" lon="126.8507556"/>
 <node id="11780671391" visible="true" version="1" changeset="149486328" timestamp="2024-04-02T15:09:19Z" user="야광멧돼지" uid="12393144" lat="35.0192189" lon="126.8505025"/>
 <node id="11780671392" visible="true" version="1" changeset="149486328" timestamp="2024-04-02T15:09:19Z" user="야광멧돼지" uid="12393144" lat="35.0192645" lon="126.8504003"/>
 <node id="11780671393" visible="true" version="1" changeset="149486328" timestamp="2024-04-02T15:09:19Z" user="야광멧돼지" uid="12393144" lat="35.0195137" lon="126.8499057"/>
 <node id="11780671394" visible="true" version="2" changeset="164112777" timestamp="2025-03-26T09:33:56Z" user="FUKUTAN" uid="5207199" lat="35.0196498" lon="126.8496454"/>
 <node id="11780671395" visible="true" version="2" changeset="164112777" timestamp="2025-03-26T09:33:56Z" user="FUKUTAN" uid="5207199" lat="35.0197154" lon="126.8493038"/>
 <node id="11780671396" visible="true" version="2" changeset="164112777" timestamp="2025-03-26T09:33:56Z" user="FUKUTAN" uid="5207199" lat="35.0197291" lon="126.8489367"/>
 <node id="11780671397" visible="true" version="2" changeset="164112777" timestamp="2025-03-26T09:33:56Z" user="FUKUTAN" uid="5207199" lat="35.0197205" lon="126.8485261"/>
 <node id="11780671398" visible="true" version="1" changeset="149486328" timestamp="2024-04-02T15:09:19Z" user="야광멧돼지" uid="12393144" lat="35.0196297" lon="126.8483615"/>
 <node id="11780671399" visible="true" version="2" changeset="164112777" timestamp="2025-03-26T09:33:56Z" user="FUKUTAN" uid="5207199" lat="35.0195420" lon="126.8480920"/>
 <node id="11780671400" visible="true" version="1" changeset="149486328" timestamp="2024-04-02T15:09:19Z" user="야광멧돼지" uid="12393144" lat="35.0194718" lon="126.8477624"/>
 <node id="11780671401" visible="true" version="1" changeset="149486328" timestamp="2024-04-02T15:09:19Z" user="야광멧돼지" uid="12393144" lat="35.0193425" lon="126.8472469"/>
 <node id="11780671402" visible="true" version="1" changeset="149486328" timestamp="2024-04-02T15:09:19Z" user="야광멧돼지" uid="12393144" lat="35.0193007" lon="126.8470821"/>
 <node id="11780671403" visible="true" version="1" changeset="149486328" timestamp="2024-04-02T15:09:19Z" user="야광멧돼지" uid="12393144" lat="35.0192474" lon="126.8469915"/>
 <node id="11780671404" visible="true" version="1" changeset="149486328" timestamp="2024-04-02T15:09:19Z" user="야광멧돼지" uid="12393144" lat="35.0190934" lon="126.8468684"/>
 <node id="11780671405" visible="true" version="1" changeset="149486328" timestamp="2024-04-02T15:09:19Z" user="야광멧돼지" uid="12393144" lat="35.0190363" lon="126.8467756"/>
 <node id="11780671406" visible="true" version="1" changeset="149486328" timestamp="2024-04-02T15:09:19Z" user="야광멧돼지" uid="12393144" lat="35.0189374" lon="126.8465619"/>
 <node id="11780671407" visible="true" version="1" changeset="149486328" timestamp="2024-04-02T15:09:19Z" user="야광멧돼지" uid="12393144" lat="35.0187549" lon="126.8464040"/>
 <node id="11780671408" visible="true" version="1" changeset="149486328" timestamp="2024-04-02T15:09:19Z" user="야광멧돼지" uid="12393144" lat="35.0185989" lon="126.8463158"/>
 <node id="11780671409" visible="true" version="1" changeset="149486328" timestamp="2024-04-02T15:09:19Z" user="야광멧돼지" uid="12393144" lat="35.0183441" lon="126.8462415"/>
 <node id="11780671410" visible="true" version="1" changeset="149486328" timestamp="2024-04-02T15:09:19Z" user="야광멧돼지" uid="12393144" lat="35.0181577" lon="126.8461579"/>
 <node id="11780671411" visible="true" version="2" changeset="164112777" timestamp="2025-03-26T09:33:56Z" user="FUKUTAN" uid="5207199" lat="35.0178532" lon="126.8461321"/>
 <node id="11780671412" visible="true" version="1" changeset="149486328" timestamp="2024-04-02T15:09:19Z" user="야광멧돼지" uid="12393144" lat="35.0178173" lon="126.8461230"/>
 <node id="11780671413" visible="true" version="1" changeset="149486328" timestamp="2024-04-02T15:09:19Z" user="야광멧돼지" uid="12393144" lat="35.0177146" lon="126.8460603"/>
 <node id="11780671414" visible="true" version="1" changeset="149486328" timestamp="2024-04-02T15:09:19Z" user="야광멧돼지" uid="12393144" lat="35.0175758" lon="126.8459721"/>
 <node id="11780671415" visible="true" version="1" changeset="149486328" timestamp="2024-04-02T15:09:19Z" user="야광멧돼지" uid="12393144" lat="35.0174788" lon="126.8459860"/>
 <node id="11780671416" visible="true" version="2" changeset="154920955" timestamp="2024-08-07T07:08:32Z" user="morago" uid="11113946" lat="35.0173442" lon="126.8460006"/>
 <node id="11780671417" visible="true" version="3" changeset="164112777" timestamp="2025-03-26T09:33:56Z" user="FUKUTAN" uid="5207199" lat="35.0172633" lon="126.8459710"/>
 <node id="11780671418" visible="true" version="1" changeset="149486328" timestamp="2024-04-02T15:09:19Z" user="야광멧돼지" uid="12393144" lat="35.0170262" lon="126.8458212"/>
 <node id="11780671419" visible="true" version="1" changeset="149486328" timestamp="2024-04-02T15:09:19Z" user="야광멧돼지" uid="12393144" lat="35.0194895" lon="126.8500636"/>
 <node id="11780671420" visible="true" version="1" changeset="149486328" timestamp="2024-04-02T15:09:19Z" user="야광멧돼지" uid="12393144" lat="35.0198954" lon="126.8524906"/>
 <node id="11780671421" visible="true" version="1" changeset="149486328" timestamp="2024-04-02T15:09:19Z" user="야광멧돼지" uid="12393144" lat="35.0197407" lon="126.8524300"/>
 <node id="11780671422" visible="true" version="1" changeset="149486328" timestamp="2024-04-02T15:09:19Z" user="야광멧돼지" uid="12393144" lat="34.9990273" lon="126.8338346"/>
 <node id="11780671423" visible="true" version="1" changeset="149486328" timestamp="2024-04-02T15:09:19Z" user="야광멧돼지" uid="12393144" lat="35.0032574" lon="126.8335688"/>
 <node id="11780671424" visible="true" version="1" changeset="149486328" timestamp="2024-04-02T15:09:19Z" user="야광멧돼지" uid="12393144" lat="35.0058442" lon="126.8350406"/>
 <node id="11780671425" visible="true" version="1" changeset="149486328" timestamp="2024-04-02T15:09:19Z" user="야광멧돼지" uid="12393144" lat="35.0066551" lon="126.8357295"/>
 <node id="11780671426" visible="true" version="1" changeset="149486328" timestamp="2024-04-02T15:09:19Z" user="야광멧돼지" uid="12393144" lat="35.0070517" lon="126.8357628"/>
 <node id="11780671427" visible="true" version="1" changeset="149486328" timestamp="2024-04-02T15:09:19Z" user="야광멧돼지" uid="12393144" lat="35.0140717" lon="126.8373338"/>
 <node id="11780671428" visible="true" version="1" changeset="149486328" timestamp="2024-04-02T15:09:19Z" user="야광멧돼지" uid="12393144" lat="35.0137337" lon="126.8362334"/>
 <node id="11780671429" visible="true" version="1" changeset="149486328" timestamp="2024-04-02T15:09:19Z" user="야광멧돼지" uid="12393144" lat="35.0125699" lon="126.8364854"/>
 <node id="11780671430" visible="true" version="1" changeset="149486328" timestamp="2024-04-02T15:09:19Z" user="야광멧돼지" uid="12393144" lat="35.0112042" lon="126.8356811"/>
 <node id="11780671431" visible="true" version="1" changeset="149486328" timestamp="2024-04-02T15:09:19Z" user="야광멧돼지" uid="12393144" lat="35.0098828" lon="126.8348270"/>
 <node id="11780671432" visible="true" version="1" changeset="149486328" timestamp="2024-04-02T15:09:19Z" user="야광멧돼지" uid="12393144" lat="35.0091785" lon="126.8347278"/>
 <node id="11780671433" visible="true" version="1" changeset="149486328" timestamp="2024-04-02T15:09:19Z" user="야광멧돼지" uid="12393144" lat="35.0089134" lon="126.8350415"/>
 <node id="11780671434" visible="true" version="1" changeset="149486328" timestamp="2024-04-02T15:09:19Z" user="야광멧돼지" uid="12393144" lat="35.0079173" lon="126.8349325"/>
 <node id="11780671435" visible="true" version="1" changeset="149486328" timestamp="2024-04-02T15:09:19Z" user="야광멧돼지" uid="12393144" lat="35.0074119" lon="126.8343464"/>
 <node id="11780671436" visible="true" version="1" changeset="149486328" timestamp="2024-04-02T15:09:19Z" user="야광멧돼지" uid="12393144" lat="35.0069125" lon="126.8346116"/>
 <node id="11780671437" visible="true" version="1" changeset="149486328" timestamp="2024-04-02T15:09:19Z" user="야광멧돼지" uid="12393144" lat="35.0092942" lon="126.8405493"/>
 <node id="11780671438" visible="true" version="1" changeset="149486328" timestamp="2024-04-02T15:09:19Z" user="야광멧돼지" uid="12393144" lat="35.0070047" lon="126.8368690"/>
 <node id="11780671439" visible="true" version="1" changeset="149486328" timestamp="2024-04-02T15:09:19Z" user="야광멧돼지" uid="12393144" lat="35.0071522" lon="126.8374373"/>
 <node id="11780671440" visible="true" version="1" changeset="149486328" timestamp="2024-04-02T15:09:19Z" user="야광멧돼지" uid="12393144" lat="35.0069212" lon="126.8380316"/>
 <node id="11780671441" visible="true" version="1" changeset="149486328" timestamp="2024-04-02T15:09:19Z" user="야광멧돼지" uid="12393144" lat="35.0071467" lon="126.8388338"/>
 <node id="11780671442" visible="true" version="1" changeset="149486328" timestamp="2024-04-02T15:09:19Z" user="야광멧돼지" uid="12393144" lat="35.0064975" lon="126.8393590"/>
 <node id="11780671443" visible="true" version="1" changeset="149486328" timestamp="2024-04-02T15:09:19Z" user="야광멧돼지" uid="12393144" lat="35.0062672" lon="126.8401000"/>
 <node id="11780671444" visible="true" version="1" changeset="149486328" timestamp="2024-04-02T15:09:19Z" user="야광멧돼지" uid="12393144" lat="35.0061303" lon="126.8404883"/>
 <node id="11780671445" visible="true" version="1" changeset="149486328" timestamp="2024-04-02T15:09:19Z" user="야광멧돼지" uid="12393144" lat="35.0065699" lon="126.8407090"/>
 <node id="11780671446" visible="true" version="1" changeset="149486328" timestamp="2024-04-02T15:09:19Z" user="야광멧돼지" uid="12393144" lat="35.0067243" lon="126.8410231"/>
 <node id="11780671447" visible="true" version="1" changeset="149486328" timestamp="2024-04-02T15:09:19Z" user="야광멧돼지" uid="12393144" lat="35.0065766" lon="126.8412422"/>
 <node id="11780671448" visible="true" version="1" changeset="149486328" timestamp="2024-04-02T15:09:19Z" user="야광멧돼지" uid="12393144" lat="35.0069382" lon="126.8414049"/>
 <node id="11780671449" visible="true" version="1" changeset="149486328" timestamp="2024-04-02T15:09:19Z" user="야광멧돼지" uid="12393144" lat="35.0074383" lon="126.8412027"/>
 <node id="11780671450" visible="true" version="1" changeset="149486328" timestamp="2024-04-02T15:09:19Z" user="야광멧돼지" uid="12393144" lat="35.0077392" lon="126.8407029"/>
 <node id="11780671451" visible="true" version="1" changeset="149486328" timestamp="2024-04-02T15:09:19Z" user="야광멧돼지" uid="12393144" lat="35.0073017" lon="126.8401872"/>
 <node id="11780671452" visible="true" version="1" changeset="149486328" timestamp="2024-04-02T15:09:19Z" user="야광멧돼지" uid="12393144" lat="35.0075257" lon="126.8396015"/>
 <node id="11780671453" visible="true" version="1" changeset="149486328" timestamp="2024-04-02T15:09:19Z" user="야광멧돼지" uid="12393144" lat="35.0077538" lon="126.8394061"/>
 <node id="11780671454" visible="true" version="1" changeset="149486328" timestamp="2024-04-02T15:09:19Z" user="야광멧돼지" uid="12393144" lat="35.0081074" lon="126.8396362"/>
 <node id="11780671455" visible="true" version="1" changeset="149486328" timestamp="2024-04-02T15:09:19Z" user="야광멧돼지" uid="12393144" lat="35.0083640" lon="126.8407171"/>
 <node id="11780671456" visible="true" version="1" changeset="149486328" timestamp="2024-04-02T15:09:19Z" user="야광멧돼지" uid="12393144" lat="35.0087536" lon="126.8412930"/>
 <node id="11780671457" visible="true" version="1" changeset="149486328" timestamp="2024-04-02T15:09:19Z" user="야광멧돼지" uid="12393144" lat="35.0129547" lon="126.8393934"/>
 <node id="11780671458" visible="true" version="1" changeset="149486328" timestamp="2024-04-02T15:09:19Z" user="야광멧돼지" uid="12393144" lat="35.0122353" lon="126.8403545"/>
 <node id="11780671459" visible="true" version="1" changeset="149486328" timestamp="2024-04-02T15:09:19Z" user="야광멧돼지" uid="12393144" lat="35.0131711" lon="126.8407378"/>
 <node id="11986355031" visible="true" version="1" changeset="152779548" timestamp="2024-06-16T22:45:13Z" user="dongin" uid="11518918" lat="35.0352268" lon="126.8801431"/>
 <node id="11986362189" visible="true" version="1" changeset="152779764" timestamp="2024-06-16T22:59:17Z" user="dongin" uid="11518918" lat="35.0058265" lon="126.9000137"/>
 <node id="12096594750" visible="true" version="1" changeset="154920955" timestamp="2024-08-07T07:08:22Z" user="morago" uid="11113946" lat="35.0209525" lon="126.8560088"/>
 <node id="12096594751" visible="true" version="1" changeset="154920955" timestamp="2024-08-07T07:08:22Z" user="morago" uid="11113946" lat="35.0212238" lon="126.8561845"/>
 <node id="12096594752" visible="true" version="1" changeset="154920955" timestamp="2024-08-07T07:08:22Z" user="morago" uid="11113946" lat="35.0213336" lon="126.8562676"/>
 <node id="12096594753" visible="true" version="1" changeset="154920955" timestamp="2024-08-07T07:08:22Z" user="morago" uid="11113946" lat="35.0216960" lon="126.8565720"/>
 <node id="12096594754" visible="true" version="1" changeset="154920955" timestamp="2024-08-07T07:08:22Z" user="morago" uid="11113946" lat="35.0219179" lon="126.8567987"/>
 <node id="12096594755" visible="true" version="1" changeset="154920955" timestamp="2024-08-07T07:08:22Z" user="morago" uid="11113946" lat="35.0221913" lon="126.8571366"/>
 <node id="12096594756" visible="true" version="1" changeset="154920955" timestamp="2024-08-07T07:08:22Z" user="morago" uid="11113946" lat="35.0222891" lon="126.8572345"/>
 <node id="12096594757" visible="true" version="1" changeset="154920955" timestamp="2024-08-07T07:08:22Z" user="morago" uid="11113946" lat="35.0224220" lon="126.8573204"/>
 <node id="12096594758" visible="true" version="1" changeset="154920955" timestamp="2024-08-07T07:08:22Z" user="morago" uid="11113946" lat="35.0379205" lon="126.8578907"/>
 <node id="12096594760" visible="true" version="1" changeset="154920955" timestamp="2024-08-07T07:08:22Z" user="morago" uid="11113946" lat="35.0382872" lon="126.8577104"/>
 <node id="12096594762" visible="true" version="1" changeset="154920955" timestamp="2024-08-07T07:08:22Z" user="morago" uid="11113946" lat="35.0349570" lon="126.8596227"/>
 <node id="12096594764" visible="true" version="1" changeset="154920955" timestamp="2024-08-07T07:08:22Z" user="morago" uid="11113946" lat="35.0314765" lon="126.8606168"/>
 <node id="12096594765" visible="true" version="1" changeset="154920955" timestamp="2024-08-07T07:08:22Z" user="morago" uid="11113946" lat="35.0266616" lon="126.8604446"/>
 <node id="12096594798" visible="true" version="2" changeset="163107400" timestamp="2025-03-02T01:48:07Z" user="dongin" uid="11518918" lat="35.0428268" lon="126.8553504"/>
 <node id="12096597644" visible="true" version="2" changeset="161235683" timestamp="2025-01-11T11:38:19Z" user="FUKUTAN" uid="5207199" lat="35.0442965" lon="126.8543768"/>
 <node id="12096597645" visible="true" version="1" changeset="154920955" timestamp="2024-08-07T07:08:22Z" user="morago" uid="11113946" lat="35.0434654" lon="126.8549359"/>
 <node id="12096597646" visible="true" version="2" changeset="163107400" timestamp="2025-03-02T01:48:07Z" user="dongin" uid="11518918" lat="35.0429315" lon="126.8552853"/>
 <node id="12096597647" visible="true" version="1" changeset="154920955" timestamp="2024-08-07T07:08:22Z" user="morago" uid="11113946" lat="35.0426177" lon="126.8554375"/>
 <node id="12096597648" visible="true" version="1" changeset="154920955" timestamp="2024-08-07T07:08:22Z" user="morago" uid="11113946" lat="35.0417371" lon="126.8559176"/>
 <node id="12096597649" visible="true" version="1" changeset="154920955" timestamp="2024-08-07T07:08:22Z" user="morago" uid="11113946" lat="35.0406984" lon="126.8564701"/>
 <node id="12096597650" visible="true" version="1" changeset="154920955" timestamp="2024-08-07T07:08:22Z" user="morago" uid="11113946" lat="35.0398200" lon="126.8569127"/>
 <node id="12096597651" visible="true" version="1" changeset="154920955" timestamp="2024-08-07T07:08:22Z" user="morago" uid="11113946" lat="35.0386495" lon="126.8575323"/>
 <node id="12096597652" visible="true" version="1" changeset="154920955" timestamp="2024-08-07T07:08:22Z" user="morago" uid="11113946" lat="35.0378040" lon="126.8579480"/>
 <node id="12096597653" visible="true" version="1" changeset="154920955" timestamp="2024-08-07T07:08:22Z" user="morago" uid="11113946" lat="35.0368991" lon="126.8584684"/>
 <node id="12096597654" visible="true" version="1" changeset="154920955" timestamp="2024-08-07T07:08:22Z" user="morago" uid="11113946" lat="35.0360163" lon="126.8589592"/>
 <node id="12096597655" visible="true" version="2" changeset="161235683" timestamp="2025-01-11T11:38:19Z" user="FUKUTAN" uid="5207199" lat="35.0354506" lon="126.8593314"/>
 <node id="12096597656" visible="true" version="1" changeset="154920955" timestamp="2024-08-07T07:08:22Z" user="morago" uid="11113946" lat="35.0348699" lon="126.8596753"/>
 <node id="12096597657" visible="true" version="1" changeset="154920955" timestamp="2024-08-07T07:08:22Z" user="morago" uid="11113946" lat="35.0341495" lon="126.8600374"/>
 <node id="12096597658" visible="true" version="1" changeset="154920955" timestamp="2024-08-07T07:08:22Z" user="morago" uid="11113946" lat="35.0336905" lon="126.8602386"/>
 <node id="12096597659" visible="true" version="1" changeset="154920955" timestamp="2024-08-07T07:08:22Z" user="morago" uid="11113946" lat="35.0334445" lon="126.8602949"/>
 <node id="12096597660" visible="true" version="1" changeset="154920955" timestamp="2024-08-07T07:08:22Z" user="morago" uid="11113946" lat="35.0327637" lon="126.8605041"/>
 <node id="12096597661" visible="true" version="1" changeset="154920955" timestamp="2024-08-07T07:08:22Z" user="morago" uid="11113946" lat="35.0324958" lon="126.8605551"/>
 <node id="12096597662" visible="true" version="1" changeset="154920955" timestamp="2024-08-07T07:08:22Z" user="morago" uid="11113946" lat="35.0320499" lon="126.8606034"/>
 <node id="12096597663" visible="true" version="1" changeset="154920955" timestamp="2024-08-07T07:08:22Z" user="morago" uid="11113946" lat="35.0312483" lon="126.8606222"/>
 <node id="12096597664" visible="true" version="1" changeset="154920955" timestamp="2024-08-07T07:08:22Z" user="morago" uid="11113946" lat="35.0300645" lon="126.8606731"/>
 <node id="12096597665" visible="true" version="1" changeset="154920955" timestamp="2024-08-07T07:08:22Z" user="morago" uid="11113946" lat="35.0284919" lon="126.8607321"/>
 <node id="12096597666" visible="true" version="1" changeset="154920955" timestamp="2024-08-07T07:08:22Z" user="morago" uid="11113946" lat="35.0280065" lon="126.8607429"/>
 <node id="12096597667" visible="true" version="1" changeset="154920955" timestamp="2024-08-07T07:08:22Z" user="morago" uid="11113946" lat="35.0275496" lon="126.8606812"/>
 <node id="12096597668" visible="true" version="1" changeset="154920955" timestamp="2024-08-07T07:08:22Z" user="morago" uid="11113946" lat="35.0273585" lon="126.8606463"/>
 <node id="12096597669" visible="true" version="1" changeset="154920955" timestamp="2024-08-07T07:08:22Z" user="morago" uid="11113946" lat="35.0267348" lon="126.8604773"/>
 <node id="12096597670" visible="true" version="1" changeset="154920955" timestamp="2024-08-07T07:08:22Z" user="morago" uid="11113946" lat="35.0263877" lon="126.8603218"/>
 <node id="12096597671" visible="true" version="2" changeset="163107400" timestamp="2025-03-02T01:48:07Z" user="dongin" uid="11518918" lat="35.0257231" lon="126.8598970"/>
 <node id="12096597672" visible="true" version="2" changeset="163107400" timestamp="2025-03-02T01:48:07Z" user="dongin" uid="11518918" lat="35.0256155" lon="126.8598273"/>
 <node id="12096597673" visible="true" version="1" changeset="154920955" timestamp="2024-08-07T07:08:22Z" user="morago" uid="11113946" lat="35.0252016" lon="126.8595064"/>
 <node id="12096597674" visible="true" version="1" changeset="154920955" timestamp="2024-08-07T07:08:22Z" user="morago" uid="11113946" lat="35.0245449" lon="126.8590102"/>
 <node id="12096597675" visible="true" version="1" changeset="154920955" timestamp="2024-08-07T07:08:22Z" user="morago" uid="11113946" lat="35.0238969" lon="126.8584925"/>
 <node id="12096597676" visible="true" version="1" changeset="154920955" timestamp="2024-08-07T07:08:22Z" user="morago" uid="11113946" lat="35.0233632" lon="126.8580472"/>
 <node id="12096597677" visible="true" version="1" changeset="154920955" timestamp="2024-08-07T07:08:22Z" user="morago" uid="11113946" lat="35.0228756" lon="126.8576235"/>
 <node id="12096597678" visible="true" version="1" changeset="154920955" timestamp="2024-08-07T07:08:22Z" user="morago" uid="11113946" lat="35.0226713" lon="126.8574706"/>
 <node id="12096597679" visible="true" version="1" changeset="154920955" timestamp="2024-08-07T07:08:22Z" user="morago" uid="11113946" lat="35.0204011" lon="126.8554696"/>
 <node id="12096597680" visible="true" version="1" changeset="154920955" timestamp="2024-08-07T07:08:22Z" user="morago" uid="11113946" lat="35.0209821" lon="126.8557097"/>
 <node id="12096597681" visible="true" version="1" changeset="154920955" timestamp="2024-08-07T07:08:22Z" user="morago" uid="11113946" lat="35.0211238" lon="126.8557633"/>
 <node id="12096597682" visible="true" version="1" changeset="154920955" timestamp="2024-08-07T07:08:22Z" user="morago" uid="11113946" lat="35.0211491" lon="126.8558130"/>
 <node id="12096597683" visible="true" version="1" changeset="154920955" timestamp="2024-08-07T07:08:22Z" user="morago" uid="11113946" lat="35.0211480" lon="126.8558680"/>
 <node id="12096597684" visible="true" version="1" changeset="154920955" timestamp="2024-08-07T07:08:22Z" user="morago" uid="11113946" lat="35.0211051" lon="126.8556802"/>
 <node id="12096597685" visible="true" version="1" changeset="154920955" timestamp="2024-08-07T07:08:22Z" user="morago" uid="11113946" lat="35.0210678" lon="126.8558197"/>
 <node id="12096597686" visible="true" version="1" changeset="154920955" timestamp="2024-08-07T07:08:22Z" user="morago" uid="11113946" lat="35.0196367" lon="126.8552403"/>
 <node id="12096597687" visible="true" version="1" changeset="154920955" timestamp="2024-08-07T07:08:22Z" user="morago" uid="11113946" lat="35.0201870" lon="126.8554723"/>
 <node id="12096597688" visible="true" version="1" changeset="154920955" timestamp="2024-08-07T07:08:22Z" user="morago" uid="11113946" lat="35.0202133" lon="126.8553275"/>
 <node id="12096597689" visible="true" version="1" changeset="154920955" timestamp="2024-08-07T07:08:22Z" user="morago" uid="11113946" lat="35.0196400" lon="126.8551478"/>
 <node id="12096597690" visible="true" version="1" changeset="154920955" timestamp="2024-08-07T07:08:22Z" user="morago" uid="11113946" lat="35.0195214" lon="126.8550968"/>
 <node id="12096597691" visible="true" version="1" changeset="154920955" timestamp="2024-08-07T07:08:22Z" user="morago" uid="11113946" lat="35.0194961" lon="126.8549882"/>
 <node id="12096597692" visible="true" version="1" changeset="154920955" timestamp="2024-08-07T07:08:22Z" user="morago" uid="11113946" lat="35.0194182" lon="126.8549305"/>
 <node id="12096597693" visible="true" version="1" changeset="154920955" timestamp="2024-08-07T07:08:22Z" user="morago" uid="11113946" lat="35.0193270" lon="126.8549252"/>
 <node id="12096597694" visible="true" version="1" changeset="154920955" timestamp="2024-08-07T07:08:22Z" user="morago" uid="11113946" lat="35.0191743" lon="126.8549533"/>
 <node id="12096597695" visible="true" version="1" changeset="154920955" timestamp="2024-08-07T07:08:22Z" user="morago" uid="11113946" lat="35.0190228" lon="126.8549654"/>
 <node id="12096597696" visible="true" version="1" changeset="154920955" timestamp="2024-08-07T07:08:22Z" user="morago" uid="11113946" lat="35.0189360" lon="126.8549493"/>
 <node id="12096597697" visible="true" version="1" changeset="154920955" timestamp="2024-08-07T07:08:22Z" user="morago" uid="11113946" lat="35.0185483" lon="126.8548165"/>
 <node id="12096597698" visible="true" version="1" changeset="154920955" timestamp="2024-08-07T07:08:22Z" user="morago" uid="11113946" lat="35.0184659" lon="126.8547817"/>
 <node id="12096597699" visible="true" version="1" changeset="154920955" timestamp="2024-08-07T07:08:22Z" user="morago" uid="11113946" lat="35.0183945" lon="126.8548004"/>
 <node id="12096597700" visible="true" version="1" changeset="154920955" timestamp="2024-08-07T07:08:22Z" user="morago" uid="11113946" lat="35.0182913" lon="126.8548313"/>
 <node id="12096597701" visible="true" version="1" changeset="154920955" timestamp="2024-08-07T07:08:22Z" user="morago" uid="11113946" lat="35.0182232" lon="126.8548125"/>
 <node id="12096597702" visible="true" version="1" changeset="154920955" timestamp="2024-08-07T07:08:22Z" user="morago" uid="11113946" lat="35.0161320" lon="126.8550780"/>
 <node id="12096597703" visible="true" version="1" changeset="154920955" timestamp="2024-08-07T07:08:22Z" user="morago" uid="11113946" lat="35.0161188" lon="126.8549815"/>
 <node id="12096597704" visible="true" version="1" changeset="154920955" timestamp="2024-08-07T07:08:22Z" user="morago" uid="11113946" lat="35.0160089" lon="126.8548407"/>
 <node id="12096597705" visible="true" version="1" changeset="154920955" timestamp="2024-08-07T07:08:22Z" user="morago" uid="11113946" lat="35.0159826" lon="126.8547535"/>
 <node id="12096597706" visible="true" version="1" changeset="154920955" timestamp="2024-08-07T07:08:22Z" user="morago" uid="11113946" lat="35.0160001" lon="126.8547159"/>
 <node id="12096597707" visible="true" version="1" changeset="154920955" timestamp="2024-08-07T07:08:22Z" user="morago" uid="11113946" lat="35.0160628" lon="126.8546972"/>
 <node id="12096597708" visible="true" version="1" changeset="154920955" timestamp="2024-08-07T07:08:22Z" user="morago" uid="11113946" lat="35.0163604" lon="126.8547535"/>
 <node id="12096597709" visible="true" version="1" changeset="154920955" timestamp="2024-08-07T07:08:22Z" user="morago" uid="11113946" lat="35.0164483" lon="126.8547294"/>
 <node id="12096597710" visible="true" version="1" changeset="154920955" timestamp="2024-08-07T07:08:22Z" user="morago" uid="11113946" lat="35.0166756" lon="126.8546623"/>
 <node id="12096597711" visible="true" version="1" changeset="154920955" timestamp="2024-08-07T07:08:22Z" user="morago" uid="11113946" lat="35.0168118" lon="126.8546100"/>
 <node id="12096597712" visible="true" version="1" changeset="154920955" timestamp="2024-08-07T07:08:22Z" user="morago" uid="11113946" lat="35.0170875" lon="126.8545644"/>
 <node id="12096597713" visible="true" version="1" changeset="154920955" timestamp="2024-08-07T07:08:22Z" user="morago" uid="11113946" lat="35.0172742" lon="126.8545201"/>
 <node id="12096597714" visible="true" version="1" changeset="154920955" timestamp="2024-08-07T07:08:22Z" user="morago" uid="11113946" lat="35.0173775" lon="126.8545188"/>
 <node id="12096597715" visible="true" version="1" changeset="154920955" timestamp="2024-08-07T07:08:22Z" user="morago" uid="11113946" lat="35.0175246" lon="126.8545724"/>
 <node id="12096597716" visible="true" version="1" changeset="154920955" timestamp="2024-08-07T07:08:22Z" user="morago" uid="11113946" lat="35.0176608" lon="126.8546301"/>
 <node id="12096597717" visible="true" version="1" changeset="154920955" timestamp="2024-08-07T07:08:22Z" user="morago" uid="11113946" lat="35.0177893" lon="126.8546650"/>
 <node id="12096597718" visible="true" version="1" changeset="154920955" timestamp="2024-08-07T07:08:22Z" user="morago" uid="11113946" lat="35.0178443" lon="126.8546931"/>
 <node id="12096597719" visible="true" version="1" changeset="154920955" timestamp="2024-08-07T07:08:22Z" user="morago" uid="11113946" lat="35.0178871" lon="126.8547240"/>
 <node id="12096597720" visible="true" version="1" changeset="154920955" timestamp="2024-08-07T07:08:22Z" user="morago" uid="11113946" lat="35.0178761" lon="126.8548568"/>
 <node id="12096597721" visible="true" version="1" changeset="154920955" timestamp="2024-08-07T07:08:22Z" user="morago" uid="11113946" lat="35.0178363" lon="126.8550872"/>
 <node id="12096598153" visible="true" version="1" changeset="154920955" timestamp="2024-08-07T07:08:22Z" user="morago" uid="11113946" lat="35.0299634" lon="126.8577902"/>
 <node id="12096598321" visible="true" version="1" changeset="154920955" timestamp="2024-08-07T07:08:22Z" user="morago" uid="11113946" lat="35.0166196" lon="126.8453403"/>
 <node id="12096598322" visible="true" version="1" changeset="154920955" timestamp="2024-08-07T07:08:22Z" user="morago" uid="11113946" lat="35.0166767" lon="126.8454650"/>
 <node id="12096598323" visible="true" version="1" changeset="154920955" timestamp="2024-08-07T07:08:22Z" user="morago" uid="11113946" lat="35.0167646" lon="126.8455723"/>
 <node id="12096598324" visible="true" version="1" changeset="154920955" timestamp="2024-08-07T07:08:22Z" user="morago" uid="11113946" lat="35.0168569" lon="126.8457292"/>
 <node id="12096598325" visible="true" version="1" changeset="154920955" timestamp="2024-08-07T07:08:22Z" user="morago" uid="11113946" lat="35.0169195" lon="126.8457761"/>
 <node id="12096598369" visible="true" version="1" changeset="154920955" timestamp="2024-08-07T07:08:22Z" user="morago" uid="11113946" lat="35.0183594" lon="126.8389124"/>
 <node id="12096598393" visible="true" version="1" changeset="154920955" timestamp="2024-08-07T07:08:22Z" user="morago" uid="11113946" lat="35.0188163" lon="126.8417287"/>
 <node id="12096599088" visible="true" version="1" changeset="154920955" timestamp="2024-08-07T07:08:24Z" user="morago" uid="11113946" lat="35.0336049" lon="126.8375847"/>
 <node id="12096599089" visible="true" version="1" changeset="154920955" timestamp="2024-08-07T07:08:24Z" user="morago" uid="11113946" lat="35.0340046" lon="126.8382338"/>
 <node id="12096599090" visible="true" version="1" changeset="154920955" timestamp="2024-08-07T07:08:24Z" user="morago" uid="11113946" lat="35.0332381" lon="126.8378878"/>
 <node id="12096599091" visible="true" version="1" changeset="154920955" timestamp="2024-08-07T07:08:24Z" user="morago" uid="11113946" lat="35.0328757" lon="126.8374506"/>
 <node id="12096599092" visible="true" version="1" changeset="154920955" timestamp="2024-08-07T07:08:24Z" user="morago" uid="11113946" lat="35.0334643" lon="126.8386260"/>
 <node id="12096599099" visible="true" version="1" changeset="154920955" timestamp="2024-08-07T07:08:24Z" user="morago" uid="11113946" lat="35.0329152" lon="126.8391591"/>
 <node id="12096599326" visible="true" version="1" changeset="154920955" timestamp="2024-08-07T07:08:24Z" user="morago" uid="11113946" lat="35.0195898" lon="126.8554992"/>
 <node id="12096599327" visible="true" version="1" changeset="154920955" timestamp="2024-08-07T07:08:24Z" user="morago" uid="11113946" lat="35.0195060" lon="126.8554670"/>
 <node id="12096599328" visible="true" version="1" changeset="154920955" timestamp="2024-08-07T07:08:24Z" user="morago" uid="11113946" lat="35.0193556" lon="126.8554227"/>
 <node id="12096599329" visible="true" version="1" changeset="154920955" timestamp="2024-08-07T07:08:24Z" user="morago" uid="11113946" lat="35.0190195" lon="126.8553489"/>
 <node id="12096599330" visible="true" version="1" changeset="154920955" timestamp="2024-08-07T07:08:24Z" user="morago" uid="11113946" lat="35.0184923" lon="126.8552175"/>
 <node id="12096599331" visible="true" version="1" changeset="154920955" timestamp="2024-08-07T07:08:24Z" user="morago" uid="11113946" lat="35.0179036" lon="126.8550995"/>
 <node id="12096599332" visible="true" version="1" changeset="154920955" timestamp="2024-08-07T07:08:24Z" user="morago" uid="11113946" lat="35.0175664" lon="126.8550378"/>
 <node id="12096599333" visible="true" version="1" changeset="154920955" timestamp="2024-08-07T07:08:24Z" user="morago" uid="11113946" lat="35.0173335" lon="126.8550257"/>
 <node id="12096599334" visible="true" version="1" changeset="154920955" timestamp="2024-08-07T07:08:24Z" user="morago" uid="11113946" lat="35.0170985" lon="126.8550351"/>
 <node id="12096599335" visible="true" version="1" changeset="154920955" timestamp="2024-08-07T07:08:24Z" user="morago" uid="11113946" lat="35.0166921" lon="126.8551049"/>
 <node id="12096599336" visible="true" version="1" changeset="154920955" timestamp="2024-08-07T07:08:24Z" user="morago" uid="11113946" lat="35.0163450" lon="126.8551733"/>
 <node id="12096599337" visible="true" version="1" changeset="154920955" timestamp="2024-08-07T07:08:24Z" user="morago" uid="11113946" lat="35.0180815" lon="126.8552671"/>
 <node id="12096599338" visible="true" version="1" changeset="154920955" timestamp="2024-08-07T07:08:24Z" user="morago" uid="11113946" lat="35.0155498" lon="126.8553087"/>
 <node id="12096599339" visible="true" version="1" changeset="154920955" timestamp="2024-08-07T07:08:24Z" user="morago" uid="11113946" lat="35.0152071" lon="126.8554562"/>
 <node id="12096599340" visible="true" version="1" changeset="154920955" timestamp="2024-08-07T07:08:24Z" user="morago" uid="11113946" lat="35.0149765" lon="126.8555716"/>
 <node id="12096599341" visible="true" version="1" changeset="154920955" timestamp="2024-08-07T07:08:24Z" user="morago" uid="11113946" lat="35.0146030" lon="126.8559229"/>
 <node id="12096599342" visible="true" version="1" changeset="154920955" timestamp="2024-08-07T07:08:24Z" user="morago" uid="11113946" lat="35.0145020" lon="126.8560517"/>
 <node id="12096599343" visible="true" version="1" changeset="154920955" timestamp="2024-08-07T07:08:24Z" user="morago" uid="11113946" lat="35.0143306" lon="126.8563414"/>
 <node id="12096599344" visible="true" version="1" changeset="154920955" timestamp="2024-08-07T07:08:24Z" user="morago" uid="11113946" lat="35.0139704" lon="126.8569770"/>
 <node id="12251619275" visible="true" version="1" changeset="157899863" timestamp="2024-10-15T00:09:17Z" user="야광멧돼지" uid="12393144" lat="35.0509800" lon="126.9882665"/>
 <node id="12251619276" visible="true" version="1" changeset="157899863" timestamp="2024-10-15T00:09:17Z" user="야광멧돼지" uid="12393144" lat="35.0509413" lon="126.9879738"/>
 <node id="12251619277" visible="true" version="1" changeset="157899863" timestamp="2024-10-15T00:09:17Z" user="야광멧돼지" uid="12393144" lat="35.0514419" lon="126.9893390"/>
 <node id="12251619282" visible="true" version="1" changeset="157899863" timestamp="2024-10-15T00:09:17Z" user="야광멧돼지" uid="12393144" lat="35.0513810" lon="126.9867141"/>
 <node id="12251619283" visible="true" version="1" changeset="157899863" timestamp="2024-10-15T00:09:17Z" user="야광멧돼지" uid="12393144" lat="35.0515164" lon="126.9878909"/>
 <node id="12251619284" visible="true" version="1" changeset="157899863" timestamp="2024-10-15T00:09:17Z" user="야광멧돼지" uid="12393144" lat="35.0514136" lon="126.9879617"/>
 <node id="12251619285" visible="true" version="1" changeset="157899863" timestamp="2024-10-15T00:09:17Z" user="야광멧돼지" uid="12393144" lat="35.0514208" lon="126.9882542"/>
 <node id="12251619406" visible="true" version="1" changeset="157899863" timestamp="2024-10-15T00:09:17Z" user="야광멧돼지" uid="12393144" lat="35.0437949" lon="126.9573191"/>
 <node id="12251648197" visible="true" version="1" changeset="157900216" timestamp="2024-10-15T00:38:08Z" user="야광멧돼지" uid="12393144" lat="35.0296883" lon="126.8521676"/>
 <node id="12251649742" visible="true" version="1" changeset="157900216" timestamp="2024-10-15T00:38:08Z" user="야광멧돼지" uid="12393144" lat="35.0043101" lon="126.8247704"/>
 <node id="12251649743" visible="true" version="1" changeset="157900216" timestamp="2024-10-15T00:38:08Z" user="야광멧돼지" uid="12393144" lat="35.0037269" lon="126.8264527"/>
 <node id="12251649744" visible="true" version="1" changeset="157900216" timestamp="2024-10-15T00:38:08Z" user="야광멧돼지" uid="12393144" lat="35.0033839" lon="126.8267917"/>
 <node id="12383497308" visible="true" version="1" changeset="159723181" timestamp="2024-11-29T00:33:54Z" user="FUKUTAN" uid="5207199" lat="35.0513107" lon="126.9861342"/>
 <node id="12383497382" visible="true" version="1" changeset="159723181" timestamp="2024-11-29T00:33:54Z" user="FUKUTAN" uid="5207199" lat="35.0512819" lon="126.9859093"/>
 <node id="12393476082" visible="true" version="1" changeset="159875611" timestamp="2024-12-03T10:52:20Z" user="FUKUTAN" uid="5207199" lat="35.0191631" lon="126.8622318"/>
 <node id="12393476095" visible="true" version="1" changeset="159875611" timestamp="2024-12-03T10:52:20Z" user="FUKUTAN" uid="5207199" lat="35.0188103" lon="126.8634293"/>
 <node id="12393476112" visible="true" version="1" changeset="159875611" timestamp="2024-12-03T10:52:20Z" user="FUKUTAN" uid="5207199" lat="35.0189657" lon="126.8649321"/>
 <node id="12393476113" visible="true" version="1" changeset="159875611" timestamp="2024-12-03T10:52:20Z" user="FUKUTAN" uid="5207199" lat="35.0188954" lon="126.8649272"/>
 <node id="12393476114" visible="true" version="1" changeset="159875611" timestamp="2024-12-03T10:52:20Z" user="FUKUTAN" uid="5207199" lat="35.0190602" lon="126.8649686"/>
 <node id="12393476115" visible="true" version="1" changeset="159875611" timestamp="2024-12-03T10:52:20Z" user="FUKUTAN" uid="5207199" lat="35.0191994" lon="126.8651271"/>
 <node id="12393476116" visible="true" version="1" changeset="159875611" timestamp="2024-12-03T10:52:20Z" user="FUKUTAN" uid="5207199" lat="35.0193667" lon="126.8653899"/>
 <node id="12393476117" visible="true" version="1" changeset="159875611" timestamp="2024-12-03T10:52:20Z" user="FUKUTAN" uid="5207199" lat="35.0194032" lon="126.8654761"/>
 <node id="12393476118" visible="true" version="1" changeset="159875611" timestamp="2024-12-03T10:52:20Z" user="FUKUTAN" uid="5207199" lat="35.0194392" lon="126.8655658"/>
 <node id="12393476119" visible="true" version="1" changeset="159875611" timestamp="2024-12-03T10:52:20Z" user="FUKUTAN" uid="5207199" lat="35.0194714" lon="126.8659007"/>
 <node id="12393476120" visible="true" version="1" changeset="159875611" timestamp="2024-12-03T10:52:20Z" user="FUKUTAN" uid="5207199" lat="35.0194650" lon="126.8659930"/>
 <node id="12393476121" visible="true" version="1" changeset="159875611" timestamp="2024-12-03T10:52:20Z" user="FUKUTAN" uid="5207199" lat="35.0186690" lon="126.8648689"/>
 <node id="12393476122" visible="true" version="1" changeset="159875611" timestamp="2024-12-03T10:52:20Z" user="FUKUTAN" uid="5207199" lat="35.0186063" lon="126.8647754"/>
 <node id="12492192071" visible="true" version="1" changeset="161235683" timestamp="2025-01-11T11:38:19Z" user="FUKUTAN" uid="5207199" lat="35.0488892" lon="126.8310708"/>
 <node id="12492192087" visible="true" version="1" changeset="161235683" timestamp="2025-01-11T11:38:19Z" user="FUKUTAN" uid="5207199" lat="35.0394341" lon="126.8622038"/>
 <node id="12492192088" visible="true" version="1" changeset="161235683" timestamp="2025-01-11T11:38:19Z" user="FUKUTAN" uid="5207199" lat="35.0395330" lon="126.8614955"/>
 <node id="12492192089" visible="true" version="1" changeset="161235683" timestamp="2025-01-11T11:38:19Z" user="FUKUTAN" uid="5207199" lat="35.0394548" lon="126.8608686"/>
 <node id="12492192090" visible="true" version="1" changeset="161235683" timestamp="2025-01-11T11:38:19Z" user="FUKUTAN" uid="5207199" lat="35.0395338" lon="126.8610438"/>
 <node id="12492192091" visible="true" version="1" changeset="161235683" timestamp="2025-01-11T11:38:19Z" user="FUKUTAN" uid="5207199" lat="35.0392128" lon="126.8610295"/>
 <node id="12492192092" visible="true" version="1" changeset="161235683" timestamp="2025-01-11T11:38:19Z" user="FUKUTAN" uid="5207199" lat="35.0389941" lon="126.8612920"/>
 <node id="12492192093" visible="true" version="1" changeset="161235683" timestamp="2025-01-11T11:38:19Z" user="FUKUTAN" uid="5207199" lat="35.0387141" lon="126.8617035"/>
 <node id="12492192094" visible="true" version="1" changeset="161235683" timestamp="2025-01-11T11:38:19Z" user="FUKUTAN" uid="5207199" lat="35.0380721" lon="126.8626826"/>
 <node id="12492192095" visible="true" version="1" changeset="161235683" timestamp="2025-01-11T11:38:19Z" user="FUKUTAN" uid="5207199" lat="35.0378943" lon="126.8628479"/>
 <node id="12492192096" visible="true" version="1" changeset="161235683" timestamp="2025-01-11T11:38:19Z" user="FUKUTAN" uid="5207199" lat="35.0402250" lon="126.8646594"/>
 <node id="12492192203" visible="true" version="1" changeset="161235683" timestamp="2025-01-11T11:38:19Z" user="FUKUTAN" uid="5207199" lat="35.0445527" lon="126.8541946"/>
 <node id="12629416625" visible="true" version="1" changeset="163107400" timestamp="2025-03-02T01:48:07Z" user="dongin" uid="11518918" lat="35.0102774" lon="126.8613461"/>
 <node id="12629416631" visible="true" version="1" changeset="163107400" timestamp="2025-03-02T01:48:07Z" user="dongin" uid="11518918" lat="35.0135979" lon="126.8576361">
  <tag k="barrier" v="bollard"/>
 </node>
 <node id="12629416632" visible="true" version="1" changeset="163107400" timestamp="2025-03-02T01:48:07Z" user="dongin" uid="11518918" lat="35.0147936" lon="126.8562724"/>
 <node id="12629416633" visible="true" version="1" changeset="163107400" timestamp="2025-03-02T01:48:07Z" user="dongin" uid="11518918" lat="35.0148882" lon="126.8565984"/>
 <node id="12629416634" visible="true" version="1" changeset="163107400" timestamp="2025-03-02T01:48:07Z" user="dongin" uid="11518918" lat="35.0149780" lon="126.8567614"/>
 <node id="12629416635" visible="true" version="1" changeset="163107400" timestamp="2025-03-02T01:48:07Z" user="dongin" uid="11518918" lat="35.0150678" lon="126.8568651"/>
 <node id="12629416636" visible="true" version="1" changeset="163107400" timestamp="2025-03-02T01:48:07Z" user="dongin" uid="11518918" lat="35.0151722" lon="126.8569837"/>
 <node id="12629416637" visible="true" version="1" changeset="163107400" timestamp="2025-03-02T01:48:07Z" user="dongin" uid="11518918" lat="35.0153154" lon="126.8570933"/>
 <node id="12629416638" visible="true" version="1" changeset="163107400" timestamp="2025-03-02T01:48:07Z" user="dongin" uid="11518918" lat="35.0154052" lon="126.8572741"/>
 <node id="12629416639" visible="true" version="1" changeset="163107400" timestamp="2025-03-02T01:48:07Z" user="dongin" uid="11518918" lat="35.0157742" lon="126.8575498"/>
 <node id="12629416640" visible="true" version="1" changeset="163107400" timestamp="2025-03-02T01:48:07Z" user="dongin" uid="11518918" lat="35.0158373" lon="126.8575231"/>
 <node id="12629416641" visible="true" version="1" changeset="163107400" timestamp="2025-03-02T01:48:07Z" user="dongin" uid="11518918" lat="35.0160266" lon="126.8573334"/>
 <node id="12629416642" visible="true" version="1" changeset="163107400" timestamp="2025-03-02T01:48:07Z" user="dongin" uid="11518918" lat="35.0160800" lon="126.8572949"/>
 <node id="12629416643" visible="true" version="1" changeset="163107400" timestamp="2025-03-02T01:48:07Z" user="dongin" uid="11518918" lat="35.0161553" lon="126.8573719"/>
 <node id="12629416644" visible="true" version="1" changeset="163107400" timestamp="2025-03-02T01:48:07Z" user="dongin" uid="11518918" lat="35.0163142" lon="126.8576842"/>
 <node id="12629416645" visible="true" version="1" changeset="163107400" timestamp="2025-03-02T01:48:07Z" user="dongin" uid="11518918" lat="35.0163357" lon="126.8576973"/>
 <node id="12629416646" visible="true" version="1" changeset="163107400" timestamp="2025-03-02T01:48:07Z" user="dongin" uid="11518918" lat="35.0164039" lon="126.8577090"/>
 <node id="12629416647" visible="true" version="1" changeset="163107400" timestamp="2025-03-02T01:48:07Z" user="dongin" uid="11518918" lat="35.0164387" lon="126.8577119"/>
 <node id="12629416648" visible="true" version="1" changeset="163107400" timestamp="2025-03-02T01:48:07Z" user="dongin" uid="11518918" lat="35.0163521" lon="126.8574579"/>
 <node id="12629416649" visible="true" version="1" changeset="163107400" timestamp="2025-03-02T01:48:07Z" user="dongin" uid="11518918" lat="35.0163282" lon="126.8573082"/>
 <node id="12629416650" visible="true" version="1" changeset="163107400" timestamp="2025-03-02T01:48:07Z" user="dongin" uid="11518918" lat="35.0163448" lon="126.8563668"/>
 <node id="12629416651" visible="true" version="1" changeset="163107400" timestamp="2025-03-02T01:48:07Z" user="dongin" uid="11518918" lat="35.0162710" lon="126.8556588"/>
 <node id="12629416652" visible="true" version="1" changeset="163107400" timestamp="2025-03-02T01:48:07Z" user="dongin" uid="11518918" lat="35.0165985" lon="126.8581332"/>
 <node id="12629416653" visible="true" version="1" changeset="163107400" timestamp="2025-03-02T01:48:07Z" user="dongin" uid="11518918" lat="35.0164723" lon="126.8578220"/>
 <node id="12629416654" visible="true" version="1" changeset="163107400" timestamp="2025-03-02T01:48:07Z" user="dongin" uid="11518918" lat="35.0165670" lon="126.8577598"/>
 <node id="12629416655" visible="true" version="1" changeset="163107400" timestamp="2025-03-02T01:48:07Z" user="dongin" uid="11518918" lat="35.0167612" lon="126.8577420"/>
 <node id="12629416656" visible="true" version="1" changeset="163107400" timestamp="2025-03-02T01:48:07Z" user="dongin" uid="11518918" lat="35.0169044" lon="126.8580384"/>
 <node id="12629416657" visible="true" version="1" changeset="163107400" timestamp="2025-03-02T01:48:07Z" user="dongin" uid="11518918" lat="35.0168618" lon="126.8580663"/>
 <node id="12629416658" visible="true" version="1" changeset="163107400" timestamp="2025-03-02T01:48:07Z" user="dongin" uid="11518918" lat="35.0168389" lon="126.8581412"/>
 <node id="12629416659" visible="true" version="1" changeset="163107400" timestamp="2025-03-02T01:48:07Z" user="dongin" uid="11518918" lat="35.0168680" lon="126.8582452"/>
 <node id="12629416660" visible="true" version="1" changeset="163107400" timestamp="2025-03-02T01:48:07Z" user="dongin" uid="11518918" lat="35.0169563" lon="126.8583302"/>
 <node id="12629416661" visible="true" version="1" changeset="163107400" timestamp="2025-03-02T01:48:07Z" user="dongin" uid="11518918" lat="35.0169771" lon="126.8584596"/>
 <node id="12629416662" visible="true" version="1" changeset="163107400" timestamp="2025-03-02T01:48:07Z" user="dongin" uid="11518918" lat="35.0252022" lon="126.8617236"/>
 <node id="12629416663" visible="true" version="1" changeset="163107400" timestamp="2025-03-02T01:48:07Z" user="dongin" uid="11518918" lat="35.0251795" lon="126.8615873"/>
 <node id="12629416664" visible="true" version="1" changeset="163107400" timestamp="2025-03-02T01:48:07Z" user="dongin" uid="11518918" lat="35.0251328" lon="126.8612891"/>
 <node id="12629416665" visible="true" version="1" changeset="163107400" timestamp="2025-03-02T01:48:07Z" user="dongin" uid="11518918" lat="35.0251340" lon="126.8610801"/>
 <node id="12629416666" visible="true" version="1" changeset="163107400" timestamp="2025-03-02T01:48:07Z" user="dongin" uid="11518918" lat="35.0252597" lon="126.8605219"/>
 <node id="12629416667" visible="true" version="1" changeset="163107400" timestamp="2025-03-02T01:48:07Z" user="dongin" uid="11518918" lat="35.0253052" lon="126.8603962"/>
 <node id="12629416668" visible="true" version="1" changeset="163107400" timestamp="2025-03-02T01:48:07Z" user="dongin" uid="11518918" lat="35.0254632" lon="126.8601667"/>
 <node id="12629416669" visible="true" version="1" changeset="163107400" timestamp="2025-03-02T01:48:07Z" user="dongin" uid="11518918" lat="35.0256008" lon="126.8600527"/>
 <node id="12629416670" visible="true" version="1" changeset="163107400" timestamp="2025-03-02T01:48:07Z" user="dongin" uid="11518918" lat="35.0256786" lon="126.8599533"/>
 <node id="12629416671" visible="true" version="1" changeset="163107400" timestamp="2025-03-02T01:48:07Z" user="dongin" uid="11518918" lat="35.0255955" lon="126.8599347"/>
 <node id="12629416675" visible="true" version="1" changeset="163107400" timestamp="2025-03-02T01:48:07Z" user="dongin" uid="11518918" lat="35.0262615" lon="126.8616182"/>
 <node id="12641847594" visible="true" version="1" changeset="163305448" timestamp="2025-03-06T23:23:59Z" user="dongin" uid="11518918" lat="35.0539274" lon="126.7670976"/>
 <node id="12641847711" visible="true" version="1" changeset="163305448" timestamp="2025-03-06T23:23:59Z" user="dongin" uid="11518918" lat="35.0489224" lon="126.8167553"/>
 <node id="12701887243" visible="true" version="1" changeset="164112777" timestamp="2025-03-26T09:33:56Z" user="FUKUTAN" uid="5207199" lat="35.0180891" lon="126.8461406"/>
 <node id="12701887244" visible="true" version="1" changeset="164112777" timestamp="2025-03-26T09:33:56Z" user="FUKUTAN" uid="5207199" lat="35.0180137" lon="126.8461352"/>
 <node id="12701887245" visible="true" version="1" changeset="164112777" timestamp="2025-03-26T09:33:56Z" user="FUKUTAN" uid="5207199" lat="35.0173224" lon="126.8460020"/>
 <node id="12701887280" visible="true" version="1" changeset="164112777" timestamp="2025-03-26T09:33:56Z" user="FUKUTAN" uid="5207199" lat="35.0168744" lon="126.8457423"/>
 <node id="12701887295" visible="true" version="1" changeset="164112777" timestamp="2025-03-26T09:33:56Z" user="FUKUTAN" uid="5207199" lat="35.0196818" lon="126.8495387"/>
 <node id="12701887296" visible="true" version="1" changeset="164112777" timestamp="2025-03-26T09:33:56Z" user="FUKUTAN" uid="5207199" lat="35.0196700" lon="126.8495818"/>
 <node id="12701887297" visible="true" version="1" changeset="164112777" timestamp="2025-03-26T09:33:56Z" user="FUKUTAN" uid="5207199" lat="35.0196935" lon="126.8494708"/>
 <node id="12701887298" visible="true" version="1" changeset="164112777" timestamp="2025-03-26T09:33:56Z" user="FUKUTAN" uid="5207199" lat="35.0197290" lon="126.8485778"/>
 <node id="12701887299" visible="true" version="1" changeset="164112777" timestamp="2025-03-26T09:33:56Z" user="FUKUTAN" uid="5207199" lat="35.0197322" lon="126.8487161"/>
 <node id="12701887300" visible="true" version="1" changeset="164112777" timestamp="2025-03-26T09:33:56Z" user="FUKUTAN" uid="5207199" lat="35.0197012" lon="126.8484792"/>
 <node id="12701887301" visible="true" version="1" changeset="164112777" timestamp="2025-03-26T09:33:56Z" user="FUKUTAN" uid="5207199" lat="35.0196748" lon="126.8484333"/>
 <node id="12701887302" visible="true" version="1" changeset="164112777" timestamp="2025-03-26T09:33:56Z" user="FUKUTAN" uid="5207199" lat="35.0195926" lon="126.8482814"/>
 <node id="12701887303" visible="true" version="1" changeset="164112777" timestamp="2025-03-26T09:33:56Z" user="FUKUTAN" uid="5207199" lat="35.0195724" lon="126.8482166"/>
 <node id="12701887304" visible="true" version="1" changeset="164112777" timestamp="2025-03-26T09:33:56Z" user="FUKUTAN" uid="5207199" lat="35.0209228" lon="126.8527230"/>
 <node id="12701887305" visible="true" version="1" changeset="164112777" timestamp="2025-03-26T09:33:56Z" user="FUKUTAN" uid="5207199" lat="35.0207468" lon="126.8527271"/>
 <node id="12701887306" visible="true" version="1" changeset="164112777" timestamp="2025-03-26T09:33:56Z" user="FUKUTAN" uid="5207199" lat="35.0193142" lon="126.8527957"/>
 <node id="12701887307" visible="true" version="1" changeset="164112777" timestamp="2025-03-26T09:33:56Z" user="FUKUTAN" uid="5207199" lat="35.0191489" lon="126.8527843"/>
 <node id="12701887308" visible="true" version="1" changeset="164112777" timestamp="2025-03-26T09:33:56Z" user="FUKUTAN" uid="5207199" lat="35.0190744" lon="126.8527721"/>
 <node id="12701887328" visible="true" version="1" changeset="164112777" timestamp="2025-03-26T09:33:56Z" user="FUKUTAN" uid="5207199" lat="35.0295893" lon="126.8422463"/>
 <node id="13115951337" visible="true" version="1" changeset="171395975" timestamp="2025-09-03T08:48:36Z" user="dongin" uid="11518918" lat="34.8859222" lon="126.9843028"/>
 <node id="13120538474" visible="true" version="1" changeset="171477072" timestamp="2025-09-05T03:28:53Z" user="FUKUTAN" uid="5207199" lat="35.0499038" lon="126.8169697"/>
 <node id="13120538477" visible="true" version="1" changeset="171477072" timestamp="2025-09-05T03:28:53Z" user="FUKUTAN" uid="5207199" lat="35.0499862" lon="126.8170371"/>
 <node id="13120538478" visible="true" version="1" changeset="171477072" timestamp="2025-09-05T03:28:53Z" user="FUKUTAN" uid="5207199" lat="35.0501152" lon="126.8170768"/>
 <node id="13120538479" visible="true" version="1" changeset="171477072" timestamp="2025-09-05T03:28:53Z" user="FUKUTAN" uid="5207199" lat="35.0502325" lon="126.8170819"/>
 <node id="13120538480" visible="true" version="1" changeset="171477072" timestamp="2025-09-05T03:28:53Z" user="FUKUTAN" uid="5207199" lat="35.0506532" lon="126.8171232"/>
 <node id="13120538481" visible="true" version="1" changeset="171477072" timestamp="2025-09-05T03:28:53Z" user="FUKUTAN" uid="5207199" lat="35.0498027" lon="126.8172722"/>
 <node id="13120538482" visible="true" version="1" changeset="171477072" timestamp="2025-09-05T03:28:53Z" user="FUKUTAN" uid="5207199" lat="35.0497142" lon="126.8174380"/>
 <node id="13120538483" visible="true" version="1" changeset="171477072" timestamp="2025-09-05T03:28:53Z" user="FUKUTAN" uid="5207199" lat="35.0497299" lon="126.8176407"/>
 <node id="13120538484" visible="true" version="1" changeset="171477072" timestamp="2025-09-05T03:28:53Z" user="FUKUTAN" uid="5207199" lat="35.0500015" lon="126.8173381"/>
 <node id="13120538485" visible="true" version="1" changeset="171477072" timestamp="2025-09-05T03:28:53Z" user="FUKUTAN" uid="5207199" lat="35.0503068" lon="126.8173868"/>
 <node id="13120538486" visible="true" version="1" changeset="171477072" timestamp="2025-09-05T03:28:53Z" user="FUKUTAN" uid="5207199" lat="35.0503720" lon="126.8173714"/>
 <node id="13120538487" visible="true" version="1" changeset="171477072" timestamp="2025-09-05T03:28:53Z" user="FUKUTAN" uid="5207199" lat="35.0504401" lon="126.8173811"/>
 <node id="13120538488" visible="true" version="1" changeset="171477072" timestamp="2025-09-05T03:28:53Z" user="FUKUTAN" uid="5207199" lat="35.0505293" lon="126.8174133"/>
 <node id="13120538489" visible="true" version="1" changeset="171477072" timestamp="2025-09-05T03:28:53Z" user="FUKUTAN" uid="5207199" lat="35.0508341" lon="126.8171483"/>
 <node id="13120538490" visible="true" version="1" changeset="171477072" timestamp="2025-09-05T03:28:53Z" user="FUKUTAN" uid="5207199" lat="35.0511312" lon="126.8172076"/>
 <node id="13120538491" visible="true" version="1" changeset="171477072" timestamp="2025-09-05T03:28:53Z" user="FUKUTAN" uid="5207199" lat="35.0509570" lon="126.8176914"/>
 <node id="13142500685" visible="true" version="1" changeset="171916639" timestamp="2025-09-14T12:58:43Z" user="FUKUTAN" uid="5207199" lat="35.0477301" lon="126.9701428"/>
 <node id="13142500686" visible="true" version="1" changeset="171916639" timestamp="2025-09-14T12:58:43Z" user="FUKUTAN" uid="5207199" lat="35.0476807" lon="126.9699932"/>
 <node id="13142500687" visible="true" version="1" changeset="171916639" timestamp="2025-09-14T12:58:43Z" user="FUKUTAN" uid="5207199" lat="35.0483453" lon="126.9711250"/>
 <node id="13142500688" visible="true" version="1" changeset="171916639" timestamp="2025-09-14T12:58:43Z" user="FUKUTAN" uid="5207199" lat="35.0483877" lon="126.9712974"/>
 <node id="13142500689" visible="true" version="1" changeset="171916639" timestamp="2025-09-14T12:58:43Z" user="FUKUTAN" uid="5207199" lat="35.0482327" lon="126.9703657"/>
 <node id="13142500690" visible="true" version="1" changeset="171916639" timestamp="2025-09-14T12:58:43Z" user="FUKUTAN" uid="5207199" lat="35.0481932" lon="126.9701513"/>
 <node id="13142500691" visible="true" version="1" changeset="171916639" timestamp="2025-09-14T12:58:43Z" user="FUKUTAN" uid="5207199" lat="35.0481436" lon="126.9700043"/>
 <node id="13142500692" visible="true" version="1" changeset="171916639" timestamp="2025-09-14T12:58:43Z" user="FUKUTAN" uid="5207199" lat="35.0480705" lon="126.9698273"/>
 <node id="13142500693" visible="true" version="1" changeset="171916639" timestamp="2025-09-14T12:58:43Z" user="FUKUTAN" uid="5207199" lat="35.0479698" lon="126.9696479"/>
 <node id="13142500694" visible="true" version="1" changeset="171916639" timestamp="2025-09-14T12:58:43Z" user="FUKUTAN" uid="5207199" lat="35.0478461" lon="126.9694382"/>
 <node id="13142500695" visible="true" version="1" changeset="171916639" timestamp="2025-09-14T12:58:43Z" user="FUKUTAN" uid="5207199" lat="35.0477244" lon="126.9692315"/>
 <node id="13142500696" visible="true" version="1" changeset="171916639" timestamp="2025-09-14T12:58:43Z" user="FUKUTAN" uid="5207199" lat="35.0476408" lon="126.9690591"/>
 <node id="13142500697" visible="true" version="1" changeset="171916639" timestamp="2025-09-14T12:58:43Z" user="FUKUTAN" uid="5207199" lat="35.0475857" lon="126.9689317"/>
 <node id="13142500698" visible="true" version="1" changeset="171916639" timestamp="2025-09-14T12:58:43Z" user="FUKUTAN" uid="5207199" lat="35.0475326" lon="126.9688031"/>
 <node id="13142500699" visible="true" version="1" changeset="171916639" timestamp="2025-09-14T12:58:43Z" user="FUKUTAN" uid="5207199" lat="35.0473367" lon="126.9680772"/>
 <node id="13142500700" visible="true" version="1" changeset="171916639" timestamp="2025-09-14T12:58:43Z" user="FUKUTAN" uid="5207199" lat="35.0472641" lon="126.9678122"/>
 <node id="13142538491" visible="true" version="1" changeset="171916639" timestamp="2025-09-14T12:58:43Z" user="FUKUTAN" uid="5207199" lat="35.0509250" lon="126.9931013"/>
 <node id="13142538492" visible="true" version="1" changeset="171916639" timestamp="2025-09-14T12:58:43Z" user="FUKUTAN" uid="5207199" lat="35.0509855" lon="126.9930036"/>
 <node id="13142538493" visible="true" version="1" changeset="171916639" timestamp="2025-09-14T12:58:43Z" user="FUKUTAN" uid="5207199" lat="35.0508375" lon="126.9932203"/>
 <node id="13142538494" visible="true" version="1" changeset="171916639" timestamp="2025-09-14T12:58:43Z" user="FUKUTAN" uid="5207199" lat="35.0501603" lon="126.9939596"/>
 <node id="13142538495" visible="true" version="1" changeset="171916639" timestamp="2025-09-14T12:58:43Z" user="FUKUTAN" uid="5207199" lat="35.0501282" lon="126.9929800"/>
 <node id="13142538496" visible="true" version="1" changeset="171916639" timestamp="2025-09-14T12:58:43Z" user="FUKUTAN" uid="5207199" lat="35.0502465" lon="126.9928727"/>
 <node id="13142538497" visible="true" version="1" changeset="171916639" timestamp="2025-09-14T12:58:43Z" user="FUKUTAN" uid="5207199" lat="35.0489782" lon="126.9950614"/>
 <node id="13142538498" visible="true" version="1" changeset="171916639" timestamp="2025-09-14T12:58:43Z" user="FUKUTAN" uid="5207199" lat="35.0479946" lon="126.9959727"/>
 <node id="13142538499" visible="true" version="1" changeset="171916639" timestamp="2025-09-14T12:58:43Z" user="FUKUTAN" uid="5207199" lat="35.0473507" lon="126.9956094"/>
 <node id="13142538500" visible="true" version="1" changeset="171916639" timestamp="2025-09-14T12:58:43Z" user="FUKUTAN" uid="5207199" lat="35.0476692" lon="126.9951420"/>
 <node id="13374160162" visible="true" version="1" changeset="175888229" timestamp="2025-12-13T15:35:11Z" user="user_14366776" uid="14366776" lat="35.0506038" lon="126.7839650"/>
 <node id="13660162300" visible="true" version="1" changeset="180083741" timestamp="2026-03-19T00:22:26Z" user="morago" uid="11113946" lat="35.0365829" lon="126.8978083"/>
 <node id="13660295546" visible="true" version="1" changeset="180084041" timestamp="2026-03-19T00:41:45Z" user="morago" uid="11113946" lat="35.0317183" lon="126.9462731"/>
 <node id="13825135079" visible="true" version="1" changeset="182610300" timestamp="2026-05-13T16:27:46Z" user="야광멧돼지" uid="12393144" lat="35.0211155" lon="126.9450865"/>
 <node id="13895216077" visible="true" version="2" changeset="183726681" timestamp="2026-06-06T08:12:23Z" user="mueschel" uid="616774" lat="35.0159700" lon="126.8551700">
  <tag k="check_date" v="2025-10-24"/>
  <tag k="count" v="1"/>
  <tag k="man_made" v="surveillance"/>
  <tag k="operator" v="나주시청"/>
  <tag k="operator:phone" v="+82 61 339 4705"/>
  <tag k="surveillance" v="public"/>
  <tag k="surveillance:purpose" v="다목적"/>
  <tag k="surveillance:type" v="camera"/>
 </node>
 <node id="13895216735" visible="true" version="2" changeset="183726681" timestamp="2026-06-06T08:12:23Z" user="mueschel" uid="616774" lat="35.0240460" lon="126.8541240">
  <tag k="check_date" v="2025-10-24"/>
  <tag k="count" v="1"/>
  <tag k="man_made" v="surveillance"/>
  <tag k="operator" v="나주시청"/>
  <tag k="operator:phone" v="+82 61 339 4705"/>
  <tag k="surveillance" v="public"/>
  <tag k="surveillance:purpose" v="다목적"/>
  <tag k="surveillance:type" v="camera"/>
 </node>
 <node id="13895216888" visible="true" version="2" changeset="183726681" timestamp="2026-06-06T08:12:23Z" user="mueschel" uid="616774" lat="35.0254350" lon="126.8596820">
  <tag k="check_date" v="2025-10-24"/>
  <tag k="count" v="1"/>
  <tag k="man_made" v="surveillance"/>
  <tag k="operator" v="나주시청"/>
  <tag k="operator:phone" v="+82 61 339 4705"/>
  <tag k="surveillance" v="public"/>
  <tag k="surveillance:purpose" v="다목적"/>
  <tag k="surveillance:type" v="camera"/>
 </node>
 <node id="13895217042" visible="true" version="2" changeset="183726685" timestamp="2026-06-06T08:12:25Z" user="mueschel" uid="616774" lat="35.0248700" lon="126.8547710">
  <tag k="check_date" v="2025-10-24"/>
  <tag k="count" v="1"/>
  <tag k="man_made" v="surveillance"/>
  <tag k="operator" v="나주시청"/>
  <tag k="operator:phone" v="+82 61 339 4705"/>
  <tag k="surveillance" v="public"/>
  <tag k="surveillance:purpose" v="다목적"/>
  <tag k="surveillance:type" v="camera"/>
 </node>
 <node id="13895217214" visible="true" version="2" changeset="183726685" timestamp="2026-06-06T08:12:25Z" user="mueschel" uid="616774" lat="35.0205370" lon="126.8526990">
  <tag k="check_date" v="2025-10-24"/>
  <tag k="count" v="1"/>
  <tag k="man_made" v="surveillance"/>
  <tag k="operator" v="나주시청"/>
  <tag k="operator:phone" v="+82 61 339 4705"/>
  <tag k="surveillance" v="public"/>
  <tag k="surveillance:purpose" v="다목적"/>
  <tag k="surveillance:type" v="camera"/>
 </node>
 <node id="13895217258" visible="true" version="2" changeset="183726685" timestamp="2026-06-06T08:12:25Z" user="mueschel" uid="616774" lat="35.0194800" lon="126.8554000">
  <tag k="check_date" v="2025-10-24"/>
  <tag k="count" v="1"/>
  <tag k="man_made" v="surveillance"/>
  <tag k="operator" v="나주시청"/>
  <tag k="operator:phone" v="+82 61 339 4705"/>
  <tag k="surveillance" v="public"/>
  <tag k="surveillance:purpose" v="다목적"/>
  <tag k="surveillance:type" v="camera"/>
 </node>
 <node id="13895217309" visible="true" version="2" changeset="183726685" timestamp="2026-06-06T08:12:25Z" user="mueschel" uid="616774" lat="35.0160250" lon="126.8552060">
  <tag k="check_date" v="2025-10-24"/>
  <tag k="count" v="1"/>
  <tag k="man_made" v="surveillance"/>
  <tag k="operator" v="나주시청"/>
  <tag k="operator:phone" v="+82 61 339 4705"/>
  <tag k="surveillance" v="public"/>
  <tag k="surveillance:purpose" v="다목적"/>
  <tag k="surveillance:type" v="camera"/>
 </node>
 <node id="13895217403" visible="true" version="2" changeset="183726685" timestamp="2026-06-06T08:12:25Z" user="mueschel" uid="616774" lat="35.0197000" lon="126.8553900">
  <tag k="check_date" v="2025-10-24"/>
  <tag k="count" v="1"/>
  <tag k="man_made" v="surveillance"/>
  <tag k="operator" v="나주시청"/>
  <tag k="operator:phone" v="+82 61 339 4705"/>
  <tag k="surveillance" v="public"/>
  <tag k="surveillance:purpose" v="다목적"/>
  <tag k="surveillance:type" v="camera"/>
 </node>
 <node id="13895217623" visible="true" version="2" changeset="183726685" timestamp="2026-06-06T08:12:25Z" user="mueschel" uid="616774" lat="35.0200790" lon="126.8599590">
  <tag k="check_date" v="2025-10-24"/>
  <tag k="count" v="1"/>
  <tag k="man_made" v="surveillance"/>
  <tag k="operator" v="나주시청"/>
  <tag k="operator:phone" v="+82 61 339 4705"/>
  <tag k="surveillance" v="public"/>
  <tag k="surveillance:purpose" v="다목적"/>
  <tag k="surveillance:type" v="camera"/>
 </node>
 <node id="13895217752" visible="true" version="2" changeset="183726685" timestamp="2026-06-06T08:12:25Z" user="mueschel" uid="616774" lat="35.0209200" lon="126.8559700">
  <tag k="check_date" v="2025-10-24"/>
  <tag k="count" v="1"/>
  <tag k="man_made" v="surveillance"/>
  <tag k="operator" v="나주시청"/>
  <tag k="operator:phone" v="+82 61 339 4705"/>
  <tag k="surveillance" v="public"/>
  <tag k="surveillance:purpose" v="다목적"/>
  <tag k="surveillance:type" v="camera"/>
 </node>
 <node id="13937841120" visible="true" version="1" changeset="184081568" timestamp="2026-06-14T06:51:30Z" user="FUKUTAN" uid="5207199" lat="35.0090773" lon="126.9268997"/>
 <node id="13937841121" visible="true" version="1" changeset="184081568" timestamp="2026-06-14T06:51:30Z" user="FUKUTAN" uid="5207199" lat="35.0088663" lon="126.9275720"/>
 <node id="13949479896" visible="true" version="1" changeset="184263508" timestamp="2026-06-18T09:58:53Z" user="FUKUTAN" uid="5207199" lat="35.0482925" lon="126.9731107"/>
 <node id="13949479897" visible="true" version="1" changeset="184263508" timestamp="2026-06-18T09:58:53Z" user="FUKUTAN" uid="5207199" lat="35.0482222" lon="126.9727124"/>
 <node id="13949479898" visible="true" version="1" changeset="184263508" timestamp="2026-06-18T09:58:53Z" user="FUKUTAN" uid="5207199" lat="35.0483047" lon="126.9732826"/>
 <node id="13949479899" visible="true" version="1" changeset="184263508" timestamp="2026-06-18T09:58:53Z" user="FUKUTAN" uid="5207199" lat="35.0483489" lon="126.9735204"/>
 <node id="13949479904" visible="true" version="1" changeset="184263508" timestamp="2026-06-18T09:58:53Z" user="FUKUTAN" uid="5207199" lat="35.0503335" lon="126.9833202"/>
 <node id="13949479905" visible="true" version="1" changeset="184263508" timestamp="2026-06-18T09:58:53Z" user="FUKUTAN" uid="5207199" lat="35.0501631" lon="126.9832415"/>
 <node id="13949479906" visible="true" version="1" changeset="184263508" timestamp="2026-06-18T09:58:53Z" user="FUKUTAN" uid="5207199" lat="35.0501866" lon="126.9831370"/>
 <node id="13949479907" visible="true" version="1" changeset="184263508" timestamp="2026-06-18T09:58:53Z" user="FUKUTAN" uid="5207199" lat="35.0500331" lon="126.9823166"/>
 <node id="13949479908" visible="true" version="1" changeset="184263508" timestamp="2026-06-18T09:58:53Z" user="FUKUTAN" uid="5207199" lat="35.0493537" lon="126.9779516"/>
 <node id="13949479912" visible="true" version="1" changeset="184263508" timestamp="2026-06-18T09:58:53Z" user="FUKUTAN" uid="5207199" lat="35.0490978" lon="126.9764588"/>
 <node id="13949479913" visible="true" version="1" changeset="184263508" timestamp="2026-06-18T09:58:53Z" user="FUKUTAN" uid="5207199" lat="35.0490383" lon="126.9762011"/>
 <node id="13949479914" visible="true" version="1" changeset="184263508" timestamp="2026-06-18T09:58:53Z" user="FUKUTAN" uid="5207199" lat="35.0489711" lon="126.9760046"/>
 <node id="13949479915" visible="true" version="1" changeset="184263508" timestamp="2026-06-18T09:58:53Z" user="FUKUTAN" uid="5207199" lat="35.0488607" lon="126.9757265"/>
 <node id="13949479916" visible="true" version="1" changeset="184263508" timestamp="2026-06-18T09:58:53Z" user="FUKUTAN" uid="5207199" lat="35.0487557" lon="126.9754719"/>
 <node id="13949479917" visible="true" version="1" changeset="184263508" timestamp="2026-06-18T09:58:53Z" user="FUKUTAN" uid="5207199" lat="35.0487210" lon="126.9753030"/>
 <node id="13949479918" visible="true" version="1" changeset="184263508" timestamp="2026-06-18T09:58:53Z" user="FUKUTAN" uid="5207199" lat="35.0487030" lon="126.9750279"/>
 <node id="13949479919" visible="true" version="1" changeset="184263508" timestamp="2026-06-18T09:58:53Z" user="FUKUTAN" uid="5207199" lat="35.0486775" lon="126.9748312"/>
 <node id="13949479920" visible="true" version="1" changeset="184263508" timestamp="2026-06-18T09:58:53Z" user="FUKUTAN" uid="5207199" lat="35.0486254" lon="126.9746412"/>
 <node id="13949479921" visible="true" version="1" changeset="184263508" timestamp="2026-06-18T09:58:53Z" user="FUKUTAN" uid="5207199" lat="35.0485375" lon="126.9743442"/>
 <node id="13949479922" visible="true" version="1" changeset="184263508" timestamp="2026-06-18T09:58:53Z" user="FUKUTAN" uid="5207199" lat="35.0495745" lon="126.9792041"/>
 <node id="13949479923" visible="true" version="1" changeset="184263508" timestamp="2026-06-18T09:58:53Z" user="FUKUTAN" uid="5207199" lat="35.0504679" lon="126.9818300"/>
 <node id="13949479924" visible="true" version="1" changeset="184263508" timestamp="2026-06-18T09:58:53Z" user="FUKUTAN" uid="5207199" lat="35.0506953" lon="126.9824058"/>
 <node id="13949479925" visible="true" version="1" changeset="184263508" timestamp="2026-06-18T09:58:53Z" user="FUKUTAN" uid="5207199" lat="35.0507475" lon="126.9826846"/>
 <node id="13949479926" visible="true" version="1" changeset="184263508" timestamp="2026-06-18T09:58:53Z" user="FUKUTAN" uid="5207199" lat="35.0506781" lon="126.9828043"/>
 <node id="13949479927" visible="true" version="1" changeset="184263508" timestamp="2026-06-18T09:58:53Z" user="FUKUTAN" uid="5207199" lat="35.0499502" lon="126.9791695"/>
 <node id="13949479943" visible="true" version="1" changeset="184263508" timestamp="2026-06-18T09:58:53Z" user="FUKUTAN" uid="5207199" lat="35.0462408" lon="126.9648792"/>
 <node id="13949479944" visible="true" version="1" changeset="184263508" timestamp="2026-06-18T09:58:53Z" user="FUKUTAN" uid="5207199" lat="35.0461967" lon="126.9647080"/>
 <node id="13949479945" visible="true" version="1" changeset="184263508" timestamp="2026-06-18T09:58:53Z" user="FUKUTAN" uid="5207199" lat="35.0467976" lon="126.9664451"/>
 <node id="13949479946" visible="true" version="1" changeset="184263508" timestamp="2026-06-18T09:58:53Z" user="FUKUTAN" uid="5207199" lat="35.0469164" lon="126.9667278"/>
 <node id="13949479947" visible="true" version="1" changeset="184263508" timestamp="2026-06-18T09:58:53Z" user="FUKUTAN" uid="5207199" lat="35.0465800" lon="126.9659645"/>
 <node id="13949479949" visible="true" version="1" changeset="184263508" timestamp="2026-06-18T09:58:53Z" user="FUKUTAN" uid="5207199" lat="35.0458460" lon="126.9647115"/>
 <node id="13949479950" visible="true" version="1" changeset="184263508" timestamp="2026-06-18T09:58:53Z" user="FUKUTAN" uid="5207199" lat="35.0460558" lon="126.9656213"/>
 <node id="13949479951" visible="true" version="1" changeset="184263508" timestamp="2026-06-18T09:58:53Z" user="FUKUTAN" uid="5207199" lat="35.0456298" lon="126.9630707"/>
 <node id="13949480083" visible="true" version="1" changeset="184263508" timestamp="2026-06-18T09:58:53Z" user="FUKUTAN" uid="5207199" lat="35.0394280" lon="126.9570413"/>
 <node id="13949480084" visible="true" version="1" changeset="184263508" timestamp="2026-06-18T09:58:53Z" user="FUKUTAN" uid="5207199" lat="35.0390892" lon="126.9567583"/>
 <node id="13949480085" visible="true" version="1" changeset="184263508" timestamp="2026-06-18T09:58:53Z" user="FUKUTAN" uid="5207199" lat="35.0389846" lon="126.9566104"/>
 <way id="37411739" visible="true" version="21" changeset="175106150" timestamp="2025-11-25T11:40:58Z" user="LuxuryCoop" uid="7245212">
  <nd ref="437187492"/>
  <nd ref="12701887305"/>
  <nd ref="12701887304"/>
  <nd ref="437187493"/>
  <nd ref="437187494"/>
  <nd ref="437187495"/>
  <nd ref="437187496"/>
  <nd ref="437187497"/>
  <nd ref="437187498"/>
  <nd ref="437187500"/>
  <nd ref="437187501"/>
  <nd ref="437187502"/>
  <nd ref="11780671198"/>
  <nd ref="437187593"/>
  <nd ref="437187595"/>
  <nd ref="437187597"/>
  <nd ref="437187598"/>
  <nd ref="9694206102"/>
  <nd ref="437187599"/>
  <nd ref="9694206103"/>
  <nd ref="9694206104"/>
  <nd ref="437187600"/>
  <nd ref="437187601"/>
  <nd ref="437187602"/>
  <nd ref="437187604"/>
  <nd ref="5307955775"/>
  <nd ref="437187606"/>
  <nd ref="437187608"/>
  <nd ref="437187610"/>
  <nd ref="437187612"/>
  <nd ref="437187614"/>
  <nd ref="437187618"/>
  <tag k="highway" v="secondary"/>
  <tag k="name" v="지석로"/>
  <tag k="name:en" v="Jiseok-ro"/>
  <tag k="name:ko" v="지석로"/>
  <tag k="ref" v="822"/>
 </way>
 <way id="37411741" visible="true" version="15" changeset="175106150" timestamp="2025-11-25T11:40:58Z" user="LuxuryCoop" uid="7245212">
  <nd ref="7660245699"/>
  <nd ref="414967278"/>
  <nd ref="437187718"/>
  <nd ref="437187719"/>
  <nd ref="7660933052"/>
  <nd ref="437187720"/>
  <nd ref="7660926431"/>
  <nd ref="437187721"/>
  <nd ref="7660925461"/>
  <nd ref="437187722"/>
  <nd ref="437187723"/>
  <nd ref="437187724"/>
  <nd ref="7660933295"/>
  <nd ref="437187725"/>
  <nd ref="437187726"/>
  <nd ref="7660924023"/>
  <nd ref="437187727"/>
  <nd ref="437187728"/>
  <nd ref="437187729"/>
  <nd ref="437187730"/>
  <nd ref="437187731"/>
  <nd ref="437187732"/>
  <nd ref="437187733"/>
  <nd ref="437187734"/>
  <nd ref="7069531547"/>
  <nd ref="7069531545"/>
  <nd ref="7069531546"/>
  <nd ref="437187735"/>
  <nd ref="437187736"/>
  <nd ref="7069531548"/>
  <nd ref="437187737"/>
  <nd ref="7069531549"/>
  <nd ref="7660933006"/>
  <nd ref="437187738"/>
  <nd ref="437187739"/>
  <nd ref="437187740"/>
  <nd ref="437187741"/>
  <nd ref="437187742"/>
  <nd ref="437187743"/>
  <nd ref="437187744"/>
  <nd ref="437187745"/>
  <nd ref="7660932731"/>
  <nd ref="437187746"/>
  <nd ref="437187747"/>
  <nd ref="437187748"/>
  <nd ref="437187749"/>
  <nd ref="437187750"/>
  <nd ref="437187751"/>
  <nd ref="437187752"/>
  <nd ref="437187753"/>
  <nd ref="12701887308"/>
  <nd ref="12701887307"/>
  <nd ref="12701887306"/>
  <nd ref="437187754"/>
  <nd ref="437187755"/>
  <nd ref="11780671385"/>
  <nd ref="437187492"/>
  <tag k="highway" v="secondary"/>
  <tag k="lanes" v="2"/>
  <tag k="name" v="지석로"/>
  <tag k="name:en" v="Jiseok-ro"/>
  <tag k="name:ko" v="지석로"/>
  <tag k="ref" v="822"/>
  <tag k="surface" v="asphalt"/>
 </way>
 <way id="303739351" visible="true" version="34" changeset="184263508" timestamp="2026-06-18T09:58:53Z" user="FUKUTAN" uid="5207199">
  <nd ref="1440088478"/>
  <nd ref="8204694863"/>
  <nd ref="8204694864"/>
  <nd ref="1440088495"/>
  <nd ref="1440088504"/>
  <nd ref="1440088492"/>
  <nd ref="1440088485"/>
  <nd ref="1440088487"/>
  <nd ref="1440088497"/>
  <nd ref="1440088498"/>
  <nd ref="1440088488"/>
  <nd ref="1440088489"/>
  <nd ref="1440088482"/>
  <nd ref="1440088473"/>
  <nd ref="1440088467"/>
  <nd ref="1440088463"/>
  <nd ref="1440088459"/>
  <nd ref="1440088450"/>
  <nd ref="1440088452"/>
  <nd ref="1440088454"/>
  <nd ref="1440088456"/>
  <nd ref="1440088465"/>
  <nd ref="1440088469"/>
  <nd ref="1440088480"/>
  <nd ref="1440088486"/>
  <nd ref="1440088483"/>
  <nd ref="1440088501"/>
  <nd ref="1440088490"/>
  <nd ref="1440088491"/>
  <nd ref="1440088505"/>
  <nd ref="1440088509"/>
  <nd ref="1440088514"/>
  <nd ref="1440088500"/>
  <nd ref="1440088476"/>
  <nd ref="1440088470"/>
  <nd ref="1440088461"/>
  <nd ref="1440088466"/>
  <nd ref="1440088471"/>
  <nd ref="1440088479"/>
  <nd ref="1440088496"/>
  <nd ref="5484092961"/>
  <nd ref="1440088502"/>
  <nd ref="5312200073"/>
  <nd ref="1440088493"/>
  <nd ref="5312200072"/>
  <nd ref="5312200074"/>
  <nd ref="1440088475"/>
  <nd ref="5312200075"/>
  <nd ref="1440088441"/>
  <nd ref="5312200076"/>
  <nd ref="1440088425"/>
  <nd ref="5312200077"/>
  <nd ref="1440088414"/>
  <nd ref="5312200078"/>
  <nd ref="1440088406"/>
  <nd ref="5312200079"/>
  <nd ref="1440088389"/>
  <nd ref="5312200080"/>
  <nd ref="5312200081"/>
  <nd ref="1440088374"/>
  <nd ref="1440088364"/>
  <nd ref="5484093010"/>
  <nd ref="9694205834"/>
  <nd ref="5484093011"/>
  <nd ref="1440088354"/>
  <nd ref="5484093012"/>
  <nd ref="1440088345"/>
  <nd ref="5484093014"/>
  <nd ref="5484093013"/>
  <nd ref="1440088336"/>
  <nd ref="11780671130"/>
  <nd ref="1440088329"/>
  <nd ref="1440088316"/>
  <nd ref="1440088307"/>
  <nd ref="1440088303"/>
  <nd ref="9694205663"/>
  <nd ref="1440088299"/>
  <nd ref="9694205662"/>
  <nd ref="5653605841"/>
  <nd ref="1440088296"/>
  <nd ref="1440088292"/>
  <nd ref="1440088288"/>
  <nd ref="9694205661"/>
  <nd ref="1440088286"/>
  <nd ref="9694205660"/>
  <nd ref="9694205659"/>
  <nd ref="1440088283"/>
  <nd ref="1440088279"/>
  <nd ref="9694205658"/>
  <nd ref="9694205657"/>
  <nd ref="1440088276"/>
  <nd ref="11780671103"/>
  <nd ref="1440088275"/>
  <nd ref="9694205656"/>
  <nd ref="10087024575"/>
  <nd ref="1440088268"/>
  <nd ref="1440088263"/>
  <nd ref="1440088259"/>
  <nd ref="1440088254"/>
  <nd ref="1440088251"/>
  <nd ref="1440088248"/>
  <nd ref="1440088244"/>
  <nd ref="1440088224"/>
  <nd ref="1440088187"/>
  <nd ref="1440088202"/>
  <nd ref="1440088198"/>
  <nd ref="1440088178"/>
  <nd ref="1440088169"/>
  <nd ref="1440088154"/>
  <nd ref="1440088124"/>
  <nd ref="1440088117"/>
  <nd ref="1440088137"/>
  <nd ref="1440088119"/>
  <nd ref="1440088103"/>
  <nd ref="1440088107"/>
  <nd ref="1440088094"/>
  <nd ref="1440088081"/>
  <nd ref="1440088075"/>
  <nd ref="1440088070"/>
  <nd ref="1440088062"/>
  <nd ref="1440088058"/>
  <nd ref="1440088052"/>
  <nd ref="1440088039"/>
  <nd ref="1440088028"/>
  <nd ref="1440088015"/>
  <nd ref="1440088012"/>
  <nd ref="1440087998"/>
  <nd ref="1440087993"/>
  <nd ref="1440087996"/>
  <nd ref="5192718577"/>
  <nd ref="1440088004"/>
  <nd ref="1440088009"/>
  <nd ref="1440088006"/>
  <nd ref="1440088011"/>
  <nd ref="1440088018"/>
  <nd ref="1440088020"/>
  <nd ref="1440088032"/>
  <nd ref="1440088036"/>
  <nd ref="1440088049"/>
  <nd ref="1440088055"/>
  <nd ref="1440088060"/>
  <nd ref="4826788222"/>
  <nd ref="1440088074"/>
  <nd ref="1440088082"/>
  <nd ref="1440088099"/>
  <nd ref="1440088114"/>
  <nd ref="1440088121"/>
  <nd ref="1440088143"/>
  <nd ref="1440088155"/>
  <nd ref="1440088126"/>
  <nd ref="1440088109"/>
  <nd ref="1440088113"/>
  <nd ref="1440088123"/>
  <nd ref="1440088157"/>
  <nd ref="11233215544"/>
  <nd ref="11233215545"/>
  <nd ref="1440088175"/>
  <nd ref="1440088183"/>
  <nd ref="1440088209"/>
  <nd ref="1440088218"/>
  <nd ref="1440088226"/>
  <nd ref="4842947862"/>
  <nd ref="1440088228"/>
  <nd ref="1440088233"/>
  <nd ref="1440088217"/>
  <nd ref="1440088188"/>
  <nd ref="9908992816"/>
  <nd ref="13937841120"/>
  <nd ref="9908992815"/>
  <nd ref="13937841121"/>
  <nd ref="1440088166"/>
  <nd ref="11233215513"/>
  <nd ref="1440088148"/>
  <nd ref="9908992814"/>
  <nd ref="11233215512"/>
  <nd ref="1440088158"/>
  <nd ref="1440088160"/>
  <nd ref="4838373352"/>
  <nd ref="11233215511"/>
  <nd ref="1440088167"/>
  <nd ref="11233215509"/>
  <nd ref="1440088174"/>
  <nd ref="11233215510"/>
  <nd ref="1440088173"/>
  <nd ref="1440088168"/>
  <nd ref="1440088162"/>
  <nd ref="1440088156"/>
  <nd ref="1440088135"/>
  <nd ref="1440088116"/>
  <nd ref="4838373351"/>
  <nd ref="1440088134"/>
  <nd ref="1440088141"/>
  <nd ref="1440088159"/>
  <nd ref="1440088152"/>
  <nd ref="1440088139"/>
  <nd ref="1440088118"/>
  <nd ref="1440088092"/>
  <nd ref="1440088078"/>
  <nd ref="1440088064"/>
  <nd ref="1440088057"/>
  <nd ref="1440088050"/>
  <nd ref="1440088034"/>
  <nd ref="1440088051"/>
  <nd ref="1440088076"/>
  <nd ref="1440088093"/>
  <nd ref="1440088096"/>
  <nd ref="1440088111"/>
  <nd ref="1440088120"/>
  <nd ref="1440088145"/>
  <nd ref="1440088164"/>
  <nd ref="1440088170"/>
  <nd ref="1440088179"/>
  <nd ref="1440088176"/>
  <nd ref="1440088194"/>
  <nd ref="1440088196"/>
  <nd ref="1440088189"/>
  <nd ref="1440088184"/>
  <nd ref="1440088182"/>
  <nd ref="1440088186"/>
  <nd ref="1440088203"/>
  <nd ref="1440088210"/>
  <nd ref="1440088221"/>
  <nd ref="1440088230"/>
  <nd ref="1440088241"/>
  <nd ref="1440088247"/>
  <nd ref="1440088252"/>
  <nd ref="1440088258"/>
  <nd ref="4842948916"/>
  <nd ref="1440088261"/>
  <nd ref="1440088264"/>
  <nd ref="1440088266"/>
  <nd ref="1440088267"/>
  <nd ref="1440088271"/>
  <nd ref="1440088272"/>
  <nd ref="13825135079"/>
  <nd ref="1440088278"/>
  <nd ref="1440088284"/>
  <nd ref="1440088289"/>
  <nd ref="1440088294"/>
  <nd ref="1440088298"/>
  <nd ref="1440088300"/>
  <nd ref="1440088304"/>
  <nd ref="1440088306"/>
  <nd ref="1440088309"/>
  <nd ref="1440088311"/>
  <nd ref="1440088315"/>
  <nd ref="1440088318"/>
  <nd ref="1440088319"/>
  <nd ref="1440088327"/>
  <nd ref="1440088333"/>
  <nd ref="1440088338"/>
  <nd ref="1440088344"/>
  <nd ref="1440088346"/>
  <nd ref="1440088349"/>
  <nd ref="1440088355"/>
  <nd ref="1440088357"/>
  <nd ref="1440088360"/>
  <nd ref="1440088361"/>
  <nd ref="1440088363"/>
  <nd ref="1440088367"/>
  <nd ref="1440088369"/>
  <nd ref="1440088371"/>
  <nd ref="1440088373"/>
  <nd ref="1440088376"/>
  <nd ref="1440088383"/>
  <nd ref="1440088386"/>
  <nd ref="1440088388"/>
  <nd ref="1440088393"/>
  <nd ref="1440088399"/>
  <nd ref="1440088403"/>
  <nd ref="1440088408"/>
  <nd ref="1440088412"/>
  <nd ref="1440088417"/>
  <nd ref="13949479951"/>
  <nd ref="13949479949"/>
  <nd ref="1440088429"/>
  <nd ref="13949479950"/>
  <nd ref="1440088435"/>
  <nd ref="13142500686"/>
  <nd ref="13142500685"/>
  <nd ref="1440088484"/>
  <nd ref="13949479897"/>
  <nd ref="13949479896"/>
  <nd ref="13949479898"/>
  <nd ref="13949479899"/>
  <nd ref="1440088503"/>
  <nd ref="13949479921"/>
  <nd ref="13949479920"/>
  <nd ref="13949479919"/>
  <nd ref="13949479918"/>
  <nd ref="13949479917"/>
  <nd ref="13949479916"/>
  <nd ref="13949479915"/>
  <nd ref="13949479914"/>
  <nd ref="13949479913"/>
  <nd ref="13949479912"/>
  <nd ref="1440088540"/>
  <nd ref="13949479908"/>
  <nd ref="13949479922"/>
  <nd ref="1440088573"/>
  <nd ref="13949479907"/>
  <nd ref="13949479906"/>
  <nd ref="13949479905"/>
  <nd ref="13949479904"/>
  <nd ref="1440088585"/>
  <nd ref="1440088593"/>
  <nd ref="12251619276"/>
  <nd ref="12251619275"/>
  <nd ref="1440088591"/>
  <nd ref="1440088590"/>
  <nd ref="1440088586"/>
  <nd ref="1440088576"/>
  <nd ref="13142538496"/>
  <nd ref="13142538495"/>
  <nd ref="1440088508"/>
  <nd ref="13142538500"/>
  <nd ref="1440088474"/>
  <nd ref="13142538499"/>
  <nd ref="1440088447"/>
  <nd ref="1440088432"/>
  <nd ref="1440088405"/>
  <nd ref="1440088392"/>
  <nd ref="1440088395"/>
  <nd ref="1440088427"/>
  <nd ref="1440088448"/>
  <nd ref="1440088468"/>
  <nd ref="1440088477"/>
  <nd ref="13142538498"/>
  <nd ref="1440088494"/>
  <nd ref="1440088521"/>
  <nd ref="13142538497"/>
  <nd ref="1440088574"/>
  <nd ref="13142538494"/>
  <nd ref="1440088583"/>
  <nd ref="13142538493"/>
  <nd ref="13142538491"/>
  <nd ref="13142538492"/>
  <nd ref="1440088589"/>
  <nd ref="1440088599"/>
  <nd ref="1440088601"/>
  <nd ref="1440088603"/>
  <nd ref="12251619277"/>
  <nd ref="12251619285"/>
  <nd ref="12251619284"/>
  <nd ref="12251619283"/>
  <nd ref="1440088600"/>
  <nd ref="12251619282"/>
  <nd ref="1440088597"/>
  <nd ref="12383497308"/>
  <nd ref="12383497382"/>
  <nd ref="1440088595"/>
  <nd ref="1440088584"/>
  <nd ref="13949479926"/>
  <nd ref="13949479925"/>
  <nd ref="13949479924"/>
  <nd ref="10591257015"/>
  <nd ref="10591257014"/>
  <nd ref="10591257013"/>
  <nd ref="13949479923"/>
  <nd ref="1440088577"/>
  <nd ref="10591257011"/>
  <nd ref="10591257009"/>
  <nd ref="13949479927"/>
  <nd ref="1440088564"/>
  <nd ref="1440088549"/>
  <nd ref="1440088539"/>
  <nd ref="4854521440"/>
  <nd ref="4827008705"/>
  <nd ref="1440088519"/>
  <nd ref="1440088525"/>
  <nd ref="1440088511"/>
  <nd ref="13142500688"/>
  <nd ref="13142500687"/>
  <nd ref="1440088499"/>
  <nd ref="13142500689"/>
  <nd ref="13142500690"/>
  <nd ref="13142500691"/>
  <nd ref="13142500692"/>
  <nd ref="13142500693"/>
  <nd ref="13142500694"/>
  <nd ref="13142500695"/>
  <nd ref="13142500696"/>
  <nd ref="13142500697"/>
  <nd ref="13142500698"/>
  <nd ref="1440088472"/>
  <nd ref="13142500699"/>
  <nd ref="13142500700"/>
  <nd ref="13949479946"/>
  <nd ref="13949479945"/>
  <nd ref="13949479947"/>
  <nd ref="1440088439"/>
  <nd ref="13949479943"/>
  <nd ref="13949479944"/>
  <nd ref="1440088437"/>
  <nd ref="1440088433"/>
  <nd ref="1440088426"/>
  <nd ref="5207804527"/>
  <nd ref="1440088410"/>
  <nd ref="1440088397"/>
  <nd ref="5207804528"/>
  <nd ref="12251619406"/>
  <nd ref="1440088391"/>
  <nd ref="1440088387"/>
  <nd ref="1440088384"/>
  <nd ref="1440088372"/>
  <nd ref="13949480083"/>
  <nd ref="1440088368"/>
  <nd ref="13949480084"/>
  <nd ref="13949480085"/>
  <nd ref="1440088366"/>
  <nd ref="1440088362"/>
  <nd ref="1440088358"/>
  <nd ref="1440088348"/>
  <nd ref="1440088342"/>
  <nd ref="1440088335"/>
  <nd ref="1440088325"/>
  <nd ref="1440088321"/>
  <nd ref="1440088320"/>
  <nd ref="1440088317"/>
  <nd ref="13660295546"/>
  <nd ref="1440088312"/>
  <nd ref="1440088308"/>
  <nd ref="1440088305"/>
  <nd ref="1440088295"/>
  <nd ref="1440088281"/>
  <nd ref="1440088280"/>
  <nd ref="1440088274"/>
  <nd ref="1440088270"/>
  <nd ref="1440088265"/>
  <nd ref="1440088257"/>
  <nd ref="1440088253"/>
  <nd ref="1440088250"/>
  <nd ref="1440088246"/>
  <nd ref="1440088240"/>
  <nd ref="4842948917"/>
  <nd ref="1440088232"/>
  <nd ref="1440088222"/>
  <nd ref="1440088220"/>
  <nd ref="1440088219"/>
  <nd ref="1440088211"/>
  <nd ref="1440088212"/>
  <nd ref="1440088206"/>
  <nd ref="1440088201"/>
  <nd ref="1440088200"/>
  <nd ref="1440088208"/>
  <nd ref="1440088229"/>
  <nd ref="1440088238"/>
  <nd ref="1440088243"/>
  <nd ref="1440088242"/>
  <nd ref="1440088239"/>
  <nd ref="1440088237"/>
  <nd ref="1440088234"/>
  <nd ref="1440088227"/>
  <nd ref="1440088225"/>
  <nd ref="11233215547"/>
  <nd ref="1440088213"/>
  <nd ref="11233215546"/>
  <nd ref="1440088204"/>
  <nd ref="11233215548"/>
  <nd ref="11233215549"/>
  <nd ref="1440088192"/>
  <nd ref="1440088190"/>
  <nd ref="1440088195"/>
  <nd ref="1440088197"/>
  <nd ref="1440088207"/>
  <nd ref="1440088223"/>
  <nd ref="4841829847"/>
  <nd ref="1440088231"/>
  <nd ref="1440088216"/>
  <nd ref="1440088214"/>
  <nd ref="1440088215"/>
  <nd ref="1440088199"/>
  <nd ref="1440088191"/>
  <nd ref="1440088181"/>
  <nd ref="1440088171"/>
  <nd ref="1440088146"/>
  <nd ref="1440088105"/>
  <nd ref="1440088095"/>
  <nd ref="1440088080"/>
  <nd ref="1440088077"/>
  <nd ref="1440088072"/>
  <nd ref="1440088068"/>
  <nd ref="1440088054"/>
  <nd ref="1440088038"/>
  <nd ref="1440088035"/>
  <nd ref="1440088026"/>
  <nd ref="1440088022"/>
  <nd ref="1440088017"/>
  <nd ref="1440088013"/>
  <nd ref="1440088014"/>
  <nd ref="1440088016"/>
  <nd ref="1440088024"/>
  <nd ref="1440088030"/>
  <nd ref="1440088037"/>
  <nd ref="1440088053"/>
  <nd ref="1440088066"/>
  <nd ref="1440088079"/>
  <nd ref="1440088101"/>
  <nd ref="1440088115"/>
  <nd ref="1440088136"/>
  <nd ref="1440088150"/>
  <nd ref="1440088161"/>
  <nd ref="1440088172"/>
  <nd ref="1440088177"/>
  <nd ref="1440088180"/>
  <nd ref="1440088185"/>
  <nd ref="1440088193"/>
  <nd ref="1440088205"/>
  <nd ref="1440088236"/>
  <nd ref="1440088245"/>
  <nd ref="1440088249"/>
  <nd ref="1440088255"/>
  <nd ref="10087024629"/>
  <nd ref="1440088256"/>
  <nd ref="1440088260"/>
  <nd ref="1440088262"/>
  <nd ref="1440088269"/>
  <nd ref="1440088273"/>
  <nd ref="1440088277"/>
  <nd ref="1440088282"/>
  <nd ref="1440088285"/>
  <nd ref="1440088287"/>
  <nd ref="1440088290"/>
  <nd ref="1440088291"/>
  <nd ref="5653605840"/>
  <nd ref="1440088293"/>
  <nd ref="10087024855"/>
  <nd ref="1440088297"/>
  <nd ref="1440088301"/>
  <nd ref="1440088302"/>
  <nd ref="1440088310"/>
  <nd ref="1440088323"/>
  <nd ref="1440088331"/>
  <nd ref="1440088340"/>
  <nd ref="1440088347"/>
  <nd ref="1440088356"/>
  <nd ref="1440088359"/>
  <nd ref="1440088365"/>
  <nd ref="1440088370"/>
  <nd ref="1440088375"/>
  <nd ref="1440088377"/>
  <nd ref="1440088385"/>
  <nd ref="1440088390"/>
  <nd ref="10087024870"/>
  <nd ref="1440088401"/>
  <nd ref="1440088415"/>
  <nd ref="1440088445"/>
  <nd ref="1440088481"/>
  <nd ref="1440088507"/>
  <nd ref="5312200082"/>
  <nd ref="1440088523"/>
  <nd ref="5312200083"/>
  <nd ref="1440088543"/>
  <nd ref="1440088546"/>
  <nd ref="1440088538"/>
  <nd ref="4974314783"/>
  <nd ref="4974314786"/>
  <nd ref="4974314787"/>
  <nd ref="4974314785"/>
  <nd ref="4974314784"/>
  <nd ref="1440088555"/>
  <nd ref="4974314782"/>
  <nd ref="1440088554"/>
  <nd ref="5312200084"/>
  <nd ref="1440088541"/>
  <nd ref="1440088542"/>
  <nd ref="1440088556"/>
  <nd ref="1440088560"/>
  <nd ref="1440088562"/>
  <nd ref="1440088559"/>
  <nd ref="1440088547"/>
  <nd ref="1440088537"/>
  <nd ref="1440088533"/>
  <nd ref="1440088545"/>
  <nd ref="1440088530"/>
  <nd ref="1440088528"/>
  <nd ref="12492192071"/>
  <nd ref="1440088512"/>
  <nd ref="1440088520"/>
  <nd ref="1440088518"/>
  <nd ref="1440088532"/>
  <nd ref="1440088550"/>
  <nd ref="1440088557"/>
  <nd ref="1440088558"/>
  <nd ref="1440088575"/>
  <nd ref="1440088572"/>
  <nd ref="1440088561"/>
  <nd ref="13120538483"/>
  <nd ref="13120538482"/>
  <nd ref="1440088563"/>
  <nd ref="13120538481"/>
  <nd ref="13120538484"/>
  <nd ref="13120538485"/>
  <nd ref="13120538486"/>
  <nd ref="13120538487"/>
  <nd ref="13120538488"/>
  <nd ref="1440088582"/>
  <nd ref="13120538491"/>
  <nd ref="13120538490"/>
  <nd ref="13120538489"/>
  <nd ref="13120538480"/>
  <nd ref="1440088581"/>
  <nd ref="13120538479"/>
  <nd ref="13120538478"/>
  <nd ref="13120538477"/>
  <nd ref="13120538474"/>
  <nd ref="1440088567"/>
  <nd ref="1440088553"/>
  <nd ref="1440088536"/>
  <nd ref="1440088526"/>
  <nd ref="1440088548"/>
  <nd ref="1440088535"/>
  <nd ref="1440088544"/>
  <nd ref="1440088522"/>
  <nd ref="1440088527"/>
  <nd ref="1440088517"/>
  <nd ref="1440088516"/>
  <nd ref="1440088529"/>
  <nd ref="1440088534"/>
  <nd ref="1440088552"/>
  <nd ref="1440088551"/>
  <nd ref="1440088565"/>
  <nd ref="1440088570"/>
  <nd ref="1440088571"/>
  <nd ref="1440088578"/>
  <nd ref="1440088580"/>
  <nd ref="1440088587"/>
  <nd ref="1440088594"/>
  <nd ref="1440088598"/>
  <nd ref="1440088606"/>
  <nd ref="1440088612"/>
  <nd ref="1440088615"/>
  <nd ref="1440088618"/>
  <nd ref="1440088620"/>
  <nd ref="1440088622"/>
  <nd ref="1440088623"/>
  <nd ref="1440088626"/>
  <nd ref="1438912097"/>
  <nd ref="1438912082"/>
  <nd ref="1440088610"/>
  <nd ref="1440088608"/>
  <nd ref="1440088611"/>
  <nd ref="1440088613"/>
  <nd ref="1440088609"/>
  <nd ref="1440088605"/>
  <nd ref="1440088602"/>
  <nd ref="1440088596"/>
  <nd ref="1440088588"/>
  <nd ref="1440088579"/>
  <nd ref="1440088568"/>
  <nd ref="1440088569"/>
  <nd ref="1440088566"/>
  <nd ref="1440088531"/>
  <nd ref="1440088510"/>
  <nd ref="1440088515"/>
  <nd ref="1440088513"/>
  <nd ref="1440088506"/>
  <nd ref="1440088478"/>
  <tag k="name" v="지석천"/>
  <tag k="natural" v="water"/>
  <tag k="water" v="river"/>
 </way>
 <way id="389493831" visible="true" version="8" changeset="164112777" timestamp="2025-03-26T09:33:56Z" user="FUKUTAN" uid="5207199">
  <nd ref="3926562109"/>
  <nd ref="3926562110"/>
  <nd ref="3926562111"/>
  <nd ref="3926562112"/>
  <nd ref="3926562113"/>
  <nd ref="12701887328"/>
  <nd ref="3926562114"/>
  <nd ref="11228765654"/>
  <nd ref="3926562115"/>
  <nd ref="3926562116"/>
  <nd ref="3926562117"/>
  <nd ref="11228765653"/>
  <nd ref="3926562118"/>
  <nd ref="12096599099"/>
  <nd ref="12096599092"/>
  <nd ref="3926562119"/>
  <nd ref="12096599089"/>
  <nd ref="12096599088"/>
  <nd ref="12096599090"/>
  <nd ref="12096599091"/>
  <nd ref="3926562120"/>
  <nd ref="11228765652"/>
  <nd ref="3926562121"/>
  <nd ref="11228765651"/>
  <nd ref="11228765650"/>
  <nd ref="3926562122"/>
  <nd ref="3926562123"/>
  <nd ref="3926562124"/>
  <nd ref="3926562125"/>
  <nd ref="3926562126"/>
  <nd ref="3926562127"/>
  <nd ref="3926562128"/>
  <nd ref="3926562129"/>
  <nd ref="10087024456"/>
  <nd ref="10087024457"/>
  <nd ref="5307632158"/>
  <nd ref="10087024455"/>
  <nd ref="3926562130"/>
  <nd ref="3926562131"/>
  <nd ref="3926238538"/>
  <nd ref="3926562133"/>
  <nd ref="3926562134"/>
  <nd ref="3926562135"/>
  <nd ref="3926562136"/>
  <nd ref="3926562137"/>
  <nd ref="3926562138"/>
  <nd ref="3926562139"/>
  <nd ref="3926562140"/>
  <nd ref="3926562141"/>
  <nd ref="12096598369"/>
  <nd ref="3926562142"/>
  <nd ref="3926562143"/>
  <nd ref="3926562144"/>
  <nd ref="3926562145"/>
  <nd ref="3926562146"/>
  <nd ref="3926562147"/>
  <nd ref="3926562148"/>
  <nd ref="3926562149"/>
  <nd ref="3926562150"/>
  <nd ref="3926562151"/>
  <nd ref="10087024454"/>
  <nd ref="10087024453"/>
  <nd ref="3926562152"/>
  <nd ref="10087024452"/>
  <nd ref="10087024451"/>
  <nd ref="10087024450"/>
  <nd ref="3926562153"/>
  <nd ref="3926562154"/>
  <nd ref="3926562155"/>
  <nd ref="3926562156"/>
  <nd ref="10087024449"/>
  <nd ref="3926562257"/>
  <nd ref="3926562258"/>
  <nd ref="10087024448"/>
  <nd ref="10087024447"/>
  <nd ref="10087024446"/>
  <nd ref="10087024445"/>
  <nd ref="10087024444"/>
  <nd ref="10087024443"/>
  <nd ref="3926562259"/>
  <nd ref="10087024442"/>
  <nd ref="10087024441"/>
  <nd ref="10087024440"/>
  <nd ref="10087024439"/>
  <nd ref="12251648197"/>
  <nd ref="10087024438"/>
  <nd ref="3926562260"/>
  <nd ref="3926562261"/>
  <nd ref="3926562262"/>
  <nd ref="3926562263"/>
  <nd ref="3926562264"/>
  <nd ref="3926562265"/>
  <nd ref="3926562266"/>
  <nd ref="3926562109"/>
  <tag k="natural" v="wood"/>
 </way>
 <way id="426219121" visible="true" version="27" changeset="176295404" timestamp="2025-12-23T08:01:28Z" user="aaei924" uid="10626814">
  <nd ref="4015670868"/>
  <nd ref="4015670869"/>
  <nd ref="4015670870"/>
  <nd ref="4840866027"/>
  <nd ref="4015670871"/>
  <nd ref="4840866028"/>
  <nd ref="4015670872"/>
  <nd ref="4015670873"/>
  <nd ref="4015670874"/>
  <nd ref="4015670875"/>
  <nd ref="4015670876"/>
  <nd ref="4015670877"/>
  <nd ref="4015670878"/>
  <nd ref="4837946680"/>
  <nd ref="4015670879"/>
  <nd ref="4837946679"/>
  <nd ref="4015670880"/>
  <nd ref="4015670881"/>
  <nd ref="4015670882"/>
  <nd ref="4840866007"/>
  <nd ref="4840866008"/>
  <nd ref="4015670883"/>
  <nd ref="4015670884"/>
  <nd ref="4015670885"/>
  <nd ref="4015670886"/>
  <nd ref="4840865894"/>
  <nd ref="4015670887"/>
  <nd ref="13115951337"/>
  <nd ref="4015670888"/>
  <nd ref="4072610652"/>
  <nd ref="4015670889"/>
  <nd ref="4015670890"/>
  <nd ref="4015670891"/>
  <nd ref="4015670892"/>
  <nd ref="4015670893"/>
  <nd ref="4015670894"/>
  <nd ref="4015670895"/>
  <nd ref="9984792083"/>
  <nd ref="4015670896"/>
  <nd ref="4015670897"/>
  <nd ref="4015670898"/>
  <nd ref="4015670899"/>
  <nd ref="9603133673"/>
  <nd ref="4015670900"/>
  <nd ref="4015670901"/>
  <nd ref="9603133674"/>
  <nd ref="4015670902"/>
  <nd ref="4015670903"/>
  <nd ref="4015670904"/>
  <nd ref="4015670905"/>
  <nd ref="4015670906"/>
  <nd ref="4015670907"/>
  <nd ref="4015670909"/>
  <nd ref="4015670910"/>
  <nd ref="4015670911"/>
  <nd ref="9603133386"/>
  <nd ref="4015670912"/>
  <nd ref="9603133387"/>
  <nd ref="4015670913"/>
  <nd ref="4015670914"/>
  <nd ref="4015670915"/>
  <nd ref="4841602665"/>
  <nd ref="4015670916"/>
  <nd ref="4841602664"/>
  <nd ref="4841602663"/>
  <nd ref="4015670917"/>
  <nd ref="4015670918"/>
  <nd ref="4841602662"/>
  <nd ref="4015670919"/>
  <nd ref="4015670920"/>
  <nd ref="4015670921"/>
  <nd ref="4015670922"/>
  <nd ref="4015670923"/>
  <nd ref="4015670924"/>
  <nd ref="4255226017"/>
  <nd ref="4015670925"/>
  <nd ref="4015670926"/>
  <nd ref="4015670927"/>
  <nd ref="4015670928"/>
  <nd ref="4841602660"/>
  <nd ref="4841602661"/>
  <nd ref="4015670929"/>
  <nd ref="4015670930"/>
  <nd ref="4841602659"/>
  <nd ref="4015670931"/>
  <nd ref="4837936692"/>
  <nd ref="4837936691"/>
  <nd ref="4837936690"/>
  <nd ref="4015670932"/>
  <nd ref="4015670933"/>
  <nd ref="4841602246"/>
  <nd ref="4015670934"/>
  <nd ref="4015670935"/>
  <nd ref="4015670936"/>
  <nd ref="4837936661"/>
  <nd ref="4015670937"/>
  <nd ref="4837936660"/>
  <nd ref="4837936659"/>
  <nd ref="4015670938"/>
  <nd ref="4015670939"/>
  <nd ref="4015670940"/>
  <nd ref="4826339084"/>
  <nd ref="4015670941"/>
  <nd ref="4015670942"/>
  <nd ref="4015670943"/>
  <nd ref="4015670944"/>
  <nd ref="4015670945"/>
  <nd ref="4015670946"/>
  <nd ref="4834700953"/>
  <nd ref="4015670947"/>
  <nd ref="4015670948"/>
  <nd ref="4015670949"/>
  <nd ref="4015670950"/>
  <nd ref="4015670951"/>
  <nd ref="4015670952"/>
  <nd ref="5305686334"/>
  <nd ref="4015670953"/>
  <nd ref="4015670954"/>
  <nd ref="4681205831"/>
  <nd ref="4681205830"/>
  <nd ref="4681205829"/>
  <nd ref="4681205828"/>
  <nd ref="2631868022"/>
  <nd ref="5305686550"/>
  <nd ref="9908992826"/>
  <nd ref="2631868024"/>
  <nd ref="2631868016"/>
  <nd ref="2631868010"/>
  <nd ref="4842948715"/>
  <nd ref="2631867989"/>
  <nd ref="4842948382"/>
  <nd ref="2631867997"/>
  <nd ref="11986362189"/>
  <nd ref="2631868007"/>
  <nd ref="2631868002"/>
  <nd ref="5192718582"/>
  <nd ref="2631868011"/>
  <nd ref="5192718581"/>
  <nd ref="2631868021"/>
  <nd ref="5192718511"/>
  <nd ref="2631867984"/>
  <nd ref="2631867998"/>
  <nd ref="2631867993"/>
  <nd ref="2631867992"/>
  <nd ref="2631868015"/>
  <nd ref="2631868005"/>
  <nd ref="2631868003"/>
  <nd ref="2631867991"/>
  <nd ref="2631867996"/>
  <nd ref="2631868008"/>
  <nd ref="4689865291"/>
  <nd ref="2631868009"/>
  <nd ref="2631868023"/>
  <nd ref="2631867983"/>
  <nd ref="5312200085"/>
  <nd ref="5181474105"/>
  <nd ref="2631867982"/>
  <nd ref="2631867987"/>
  <nd ref="2631867985"/>
  <nd ref="2631867988"/>
  <nd ref="12641847711"/>
  <nd ref="2631868018"/>
  <nd ref="2631867994"/>
  <nd ref="2631867999"/>
  <nd ref="2631868004"/>
  <nd ref="2631868012"/>
  <nd ref="2631868006"/>
  <nd ref="2631868014"/>
  <nd ref="4700513706"/>
  <nd ref="2631868013"/>
  <nd ref="13374160162"/>
  <nd ref="2631868000"/>
  <nd ref="2631868001"/>
  <nd ref="2631868017"/>
  <nd ref="2631867986"/>
  <nd ref="2631868019"/>
  <nd ref="1438912099"/>
  <nd ref="12641847594"/>
  <nd ref="3081400951"/>
  <nd ref="2631868020"/>
  <nd ref="2631867990"/>
  <nd ref="2631867995"/>
  <nd ref="1457552124"/>
  <tag k="name" v="지석천"/>
  <tag k="name:ko-Hani" v="砥石川"/>
  <tag k="name:zh" v="砥石川"/>
  <tag k="name:zh-Hant" v="砥石川"/>
  <tag k="waterway" v="river"/>
  <tag k="wikidata" v="Q16189980"/>
  <tag k="wikipedia" v="ko:지석천"/>
 </way>
 <way id="490514496" visible="true" version="8" changeset="180083741" timestamp="2026-03-19T00:22:27Z" user="morago" uid="11113946">
  <nd ref="5870049589"/>
  <nd ref="5870049590"/>
  <nd ref="5870049591"/>
  <nd ref="5870049592"/>
  <nd ref="5870049593"/>
  <nd ref="5870049594"/>
  <nd ref="5870049595"/>
  <nd ref="5870049596"/>
  <nd ref="5870049597"/>
  <nd ref="5870049598"/>
  <nd ref="5870049599"/>
  <nd ref="5870049600"/>
  <nd ref="5870049601"/>
  <nd ref="5870049602"/>
  <nd ref="5870049603"/>
  <nd ref="5870049604"/>
  <nd ref="5870049605"/>
  <nd ref="5870049606"/>
  <nd ref="5870049607"/>
  <nd ref="5870049608"/>
  <nd ref="5870049609"/>
  <nd ref="5870049610"/>
  <nd ref="5870049611"/>
  <nd ref="5870049612"/>
  <nd ref="5870049613"/>
  <nd ref="5870049614"/>
  <nd ref="5870049615"/>
  <nd ref="5870049616"/>
  <nd ref="5870049617"/>
  <nd ref="5870049618"/>
  <nd ref="5870049619"/>
  <nd ref="5870049620"/>
  <nd ref="5870049621"/>
  <nd ref="5870049622"/>
  <nd ref="5870049623"/>
  <nd ref="5870049624"/>
  <nd ref="5870049625"/>
  <nd ref="5870049626"/>
  <nd ref="5870049627"/>
  <nd ref="5870049628"/>
  <nd ref="5870049629"/>
  <nd ref="5870049630"/>
  <nd ref="5870049631"/>
  <nd ref="5870049632"/>
  <nd ref="5870049633"/>
  <nd ref="5870049634"/>
  <nd ref="5870049635"/>
  <nd ref="5870049636"/>
  <nd ref="5870049637"/>
  <nd ref="5870049638"/>
  <nd ref="5870049639"/>
  <nd ref="5870049640"/>
  <nd ref="5870049641"/>
  <nd ref="5870049642"/>
  <nd ref="5870049643"/>
  <nd ref="5870049644"/>
  <nd ref="5870049645"/>
  <nd ref="5870049646"/>
  <nd ref="5870049647"/>
  <nd ref="5870049648"/>
  <nd ref="5870049649"/>
  <nd ref="5870049650"/>
  <nd ref="5870049651"/>
  <nd ref="5870049652"/>
  <nd ref="5870049653"/>
  <nd ref="5870049654"/>
  <nd ref="5870049655"/>
  <nd ref="5870049656"/>
  <nd ref="5870049657"/>
  <nd ref="5870049658"/>
  <nd ref="5870049659"/>
  <nd ref="5870049660"/>
  <nd ref="5870049661"/>
  <nd ref="5870049662"/>
  <nd ref="5870049663"/>
  <nd ref="5870049664"/>
  <nd ref="5870049665"/>
  <nd ref="5870049666"/>
  <nd ref="5870049667"/>
  <nd ref="5870049668"/>
  <nd ref="5870049669"/>
  <nd ref="5870049670"/>
  <nd ref="5870049671"/>
  <nd ref="5870049672"/>
  <nd ref="5870049673"/>
  <nd ref="5870049674"/>
  <nd ref="5870049675"/>
  <nd ref="5870049676"/>
  <nd ref="5870049677"/>
  <nd ref="5870049678"/>
  <nd ref="5870049679"/>
  <nd ref="5870049680"/>
  <nd ref="5870049681"/>
  <nd ref="5870049682"/>
  <nd ref="5870049683"/>
  <nd ref="5870049684"/>
  <nd ref="5870049685"/>
  <nd ref="3926188794"/>
  <nd ref="3926188793"/>
  <nd ref="6055994263"/>
  <nd ref="6055994262"/>
  <nd ref="6055994261"/>
  <nd ref="6055994260"/>
  <nd ref="5870049690"/>
  <nd ref="5870049689"/>
  <nd ref="5870049688"/>
  <nd ref="5870049687"/>
  <nd ref="4826977803"/>
  <nd ref="4826977804"/>
  <nd ref="4826977805"/>
  <nd ref="4826977806"/>
  <nd ref="4826977807"/>
  <nd ref="4826977808"/>
  <nd ref="4826977809"/>
  <nd ref="4826977810"/>
  <nd ref="4826977811"/>
  <nd ref="4826977812"/>
  <nd ref="4826977813"/>
  <nd ref="4826977814"/>
  <nd ref="4826977815"/>
  <nd ref="4826977816"/>
  <nd ref="4826977817"/>
  <nd ref="4826977818"/>
  <nd ref="9908992861"/>
  <nd ref="4826977819"/>
  <nd ref="4826977820"/>
  <nd ref="4826978121"/>
  <nd ref="4826978122"/>
  <nd ref="4826978123"/>
  <nd ref="4826978124"/>
  <nd ref="4826978125"/>
  <nd ref="4826978126"/>
  <nd ref="4826978127"/>
  <nd ref="4826978128"/>
  <nd ref="4826978129"/>
  <nd ref="4826978130"/>
  <nd ref="4826978131"/>
  <nd ref="4826978132"/>
  <nd ref="4826978133"/>
  <nd ref="4826978134"/>
  <nd ref="4826978135"/>
  <nd ref="4826978136"/>
  <nd ref="4826978137"/>
  <nd ref="4826978138"/>
  <nd ref="4826978139"/>
  <nd ref="4826991405"/>
  <nd ref="4826991406"/>
  <nd ref="4826991407"/>
  <nd ref="4826991408"/>
  <nd ref="4826991409"/>
  <nd ref="4826991410"/>
  <nd ref="4826991411"/>
  <nd ref="4826991412"/>
  <nd ref="4826991413"/>
  <nd ref="4826991414"/>
  <nd ref="4826991415"/>
  <nd ref="4826991416"/>
  <nd ref="4826991417"/>
  <nd ref="4826991418"/>
  <nd ref="4826991419"/>
  <nd ref="4826991420"/>
  <nd ref="4826991421"/>
  <nd ref="4826991422"/>
  <nd ref="4826991423"/>
  <nd ref="4826991424"/>
  <nd ref="4826991425"/>
  <nd ref="4826991426"/>
  <nd ref="4826991427"/>
  <nd ref="4826991428"/>
  <nd ref="4826991429"/>
  <nd ref="4826991430"/>
  <nd ref="4826991431"/>
  <nd ref="4826991432"/>
  <nd ref="4826991433"/>
  <nd ref="4826991434"/>
  <nd ref="4826991435"/>
  <nd ref="4826991436"/>
  <nd ref="4826991437"/>
  <nd ref="4826991438"/>
  <nd ref="4826991439"/>
  <nd ref="4826991440"/>
  <nd ref="4826991441"/>
  <nd ref="4826991442"/>
  <nd ref="5051639769"/>
  <nd ref="5051639770"/>
  <nd ref="5051639772"/>
  <nd ref="5051639773"/>
  <nd ref="5051639771"/>
  <nd ref="5051639768"/>
  <nd ref="4842948188"/>
  <nd ref="4842948189"/>
  <nd ref="4842948190"/>
  <nd ref="4842948191"/>
  <nd ref="4842948192"/>
  <nd ref="4842948193"/>
  <nd ref="4842948194"/>
  <nd ref="4842948195"/>
  <nd ref="4842948196"/>
  <nd ref="4842948197"/>
  <nd ref="4842948198"/>
  <nd ref="4842948199"/>
  <nd ref="4842948200"/>
  <nd ref="4842948201"/>
  <nd ref="4842948202"/>
  <nd ref="13660162300"/>
  <nd ref="4842948203"/>
  <nd ref="4842948204"/>
  <nd ref="4842948205"/>
  <nd ref="4842948206"/>
  <nd ref="4842948236"/>
  <nd ref="4842948235"/>
  <nd ref="4842948234"/>
  <nd ref="4842948233"/>
  <nd ref="4842948232"/>
  <nd ref="4842948231"/>
  <nd ref="4842948230"/>
  <nd ref="4842948229"/>
  <nd ref="4842948228"/>
  <nd ref="4842948227"/>
  <nd ref="4842948226"/>
  <nd ref="4842948225"/>
  <nd ref="4842948224"/>
  <nd ref="4842948223"/>
  <nd ref="4842948222"/>
  <nd ref="4842948221"/>
  <nd ref="4842948220"/>
  <nd ref="4842948219"/>
  <nd ref="4842948218"/>
  <nd ref="4842948217"/>
  <nd ref="4842948216"/>
  <nd ref="4842948215"/>
  <nd ref="4842948214"/>
  <nd ref="4842948213"/>
  <nd ref="4842948212"/>
  <nd ref="4842948211"/>
  <nd ref="4842948210"/>
  <nd ref="4842948488"/>
  <nd ref="4842948487"/>
  <nd ref="4842948486"/>
  <nd ref="4842948485"/>
  <nd ref="4842948484"/>
  <nd ref="4842948483"/>
  <nd ref="4842948482"/>
  <nd ref="4842948481"/>
  <nd ref="4842948480"/>
  <nd ref="4842948479"/>
  <nd ref="4842948478"/>
  <nd ref="4842948477"/>
  <nd ref="4842948476"/>
  <nd ref="4842948475"/>
  <nd ref="4842948474"/>
  <nd ref="4842948473"/>
  <nd ref="4842948472"/>
  <nd ref="4842948471"/>
  <nd ref="4842948470"/>
  <nd ref="4842948469"/>
  <nd ref="4842948468"/>
  <nd ref="4842948467"/>
  <nd ref="4842948466"/>
  <nd ref="3926188774"/>
  <nd ref="4842948465"/>
  <nd ref="4842948464"/>
  <nd ref="4842948463"/>
  <nd ref="4842948462"/>
  <nd ref="4842948461"/>
  <nd ref="4842948460"/>
  <nd ref="3926188773"/>
  <nd ref="3926188772"/>
  <nd ref="5888467337"/>
  <nd ref="5888467336"/>
  <nd ref="5888467335"/>
  <nd ref="5888467334"/>
  <nd ref="5888467333"/>
  <nd ref="5888467332"/>
  <nd ref="5888467331"/>
  <nd ref="5888467330"/>
  <nd ref="5888467329"/>
  <nd ref="5888467328"/>
  <nd ref="5888467327"/>
  <nd ref="5888467326"/>
  <nd ref="5888467325"/>
  <nd ref="5888467324"/>
  <nd ref="5888467323"/>
  <nd ref="5888467322"/>
  <nd ref="5888467321"/>
  <nd ref="5888467320"/>
  <nd ref="5888467319"/>
  <nd ref="5888467318"/>
  <nd ref="5888467317"/>
  <nd ref="5888467316"/>
  <nd ref="5888467315"/>
  <nd ref="5888467314"/>
  <nd ref="5888467313"/>
  <nd ref="5888467312"/>
  <nd ref="5888467311"/>
  <nd ref="5888467310"/>
  <nd ref="5888467309"/>
  <nd ref="5888467308"/>
  <nd ref="5888467307"/>
  <nd ref="5888467306"/>
  <nd ref="5888467305"/>
  <nd ref="5888467304"/>
  <nd ref="5888467303"/>
  <nd ref="5888467302"/>
  <nd ref="5888467301"/>
  <nd ref="5888467300"/>
  <nd ref="5888467299"/>
  <nd ref="5888467298"/>
  <nd ref="5888467297"/>
  <nd ref="3926188821"/>
  <nd ref="5888467295"/>
  <nd ref="4033577647"/>
  <nd ref="4033577648"/>
  <nd ref="4033577649"/>
  <nd ref="4033577650"/>
  <nd ref="4033577651"/>
  <nd ref="4033577652"/>
  <nd ref="4033577653"/>
  <nd ref="4033577654"/>
  <nd ref="4033577655"/>
  <nd ref="4033577656"/>
  <nd ref="4033577657"/>
  <nd ref="4033577658"/>
  <nd ref="4033577659"/>
  <nd ref="4033577660"/>
  <nd ref="4033577661"/>
  <nd ref="4033577662"/>
  <nd ref="4033577663"/>
  <nd ref="4033577664"/>
  <nd ref="4033577665"/>
  <nd ref="4033577666"/>
  <nd ref="4033577667"/>
  <nd ref="4033577668"/>
  <nd ref="4033577669"/>
  <nd ref="4033577670"/>
  <nd ref="4033577671"/>
  <nd ref="4033577672"/>
  <nd ref="4033577673"/>
  <nd ref="4033577674"/>
  <nd ref="4033577675"/>
  <nd ref="4033577676"/>
  <nd ref="4033577677"/>
  <nd ref="4033577678"/>
  <nd ref="4033577679"/>
  <nd ref="4033577680"/>
  <nd ref="4033577681"/>
  <nd ref="4033577682"/>
  <nd ref="4033577683"/>
  <nd ref="4033577684"/>
  <nd ref="4033577685"/>
  <nd ref="4033577686"/>
  <nd ref="4033577687"/>
  <nd ref="4033577688"/>
  <nd ref="4033577889"/>
  <nd ref="4033577890"/>
  <nd ref="4033577891"/>
  <nd ref="4033577892"/>
  <nd ref="4033577893"/>
  <nd ref="4033577894"/>
  <nd ref="4033577895"/>
  <nd ref="4033577896"/>
  <nd ref="4033577897"/>
  <nd ref="4033577898"/>
  <nd ref="4033577899"/>
  <nd ref="4033577900"/>
  <nd ref="4033577901"/>
  <nd ref="4033577902"/>
  <nd ref="4033577903"/>
  <nd ref="4033577904"/>
  <nd ref="4033577905"/>
  <nd ref="4033577906"/>
  <nd ref="4033577907"/>
  <nd ref="4033577908"/>
  <nd ref="4033577909"/>
  <nd ref="3926188816"/>
  <nd ref="4033578005"/>
  <nd ref="4033578004"/>
  <nd ref="4033578003"/>
  <nd ref="4033578002"/>
  <nd ref="4033578001"/>
  <nd ref="4033578000"/>
  <nd ref="4033577999"/>
  <nd ref="4033577998"/>
  <nd ref="4033577997"/>
  <nd ref="4033577996"/>
  <nd ref="4033577995"/>
  <nd ref="4033577994"/>
  <nd ref="4033577993"/>
  <nd ref="4033577992"/>
  <nd ref="4033577991"/>
  <nd ref="4033577990"/>
  <nd ref="4033577989"/>
  <nd ref="4033577988"/>
  <nd ref="4033577987"/>
  <nd ref="4033577986"/>
  <nd ref="4033577985"/>
  <nd ref="4033577984"/>
  <nd ref="4033577983"/>
  <nd ref="4033577982"/>
  <nd ref="4033577981"/>
  <nd ref="4033577980"/>
  <nd ref="4033577979"/>
  <nd ref="4033577978"/>
  <nd ref="4033577977"/>
  <nd ref="4033577976"/>
  <nd ref="4033577975"/>
  <nd ref="4033577974"/>
  <nd ref="4033577973"/>
  <nd ref="5484092988"/>
  <nd ref="4033577972"/>
  <nd ref="4033577971"/>
  <nd ref="4033577970"/>
  <nd ref="4033577969"/>
  <nd ref="4033577968"/>
  <nd ref="4033577967"/>
  <nd ref="4033577966"/>
  <nd ref="4033577965"/>
  <nd ref="4033577964"/>
  <nd ref="4033577963"/>
  <nd ref="4033577962"/>
  <nd ref="4033577961"/>
  <nd ref="12492192096"/>
  <nd ref="4033577960"/>
  <nd ref="4033577959"/>
  <nd ref="4033577958"/>
  <nd ref="4033577957"/>
  <nd ref="4033577956"/>
  <nd ref="4033577955"/>
  <nd ref="4033577954"/>
  <nd ref="4033577953"/>
  <nd ref="4033577952"/>
  <nd ref="4033577951"/>
  <nd ref="4033577950"/>
  <nd ref="4033577949"/>
  <nd ref="4033577948"/>
  <nd ref="4033577947"/>
  <nd ref="4033577946"/>
  <nd ref="4033577945"/>
  <nd ref="4033577944"/>
  <nd ref="4033577943"/>
  <nd ref="4033577942"/>
  <nd ref="4033577941"/>
  <nd ref="4033577940"/>
  <nd ref="11986355031"/>
  <nd ref="4033577939"/>
  <nd ref="4033577938"/>
  <nd ref="4033577937"/>
  <nd ref="4033577936"/>
  <nd ref="4033577935"/>
  <nd ref="4033577934"/>
  <nd ref="4033577933"/>
  <nd ref="4033577932"/>
  <nd ref="4033577931"/>
  <nd ref="4033577930"/>
  <nd ref="4033577929"/>
  <nd ref="4033577928"/>
  <nd ref="5888467296"/>
  <nd ref="3926562287"/>
  <nd ref="10087024948"/>
  <nd ref="3926562288"/>
  <nd ref="10087024950"/>
  <nd ref="3926562289"/>
  <nd ref="3926562290"/>
  <nd ref="3926562291"/>
  <nd ref="12492192087"/>
  <nd ref="12492192088"/>
  <nd ref="12492192090"/>
  <nd ref="12492192089"/>
  <nd ref="12492192091"/>
  <nd ref="12492192092"/>
  <nd ref="12492192093"/>
  <nd ref="3926562292"/>
  <nd ref="12492192094"/>
  <nd ref="12492192095"/>
  <nd ref="3926562293"/>
  <nd ref="3926562294"/>
  <nd ref="3926562295"/>
  <nd ref="3926562296"/>
  <nd ref="3926562297"/>
  <nd ref="3926562298"/>
  <nd ref="3926562299"/>
  <nd ref="6055994281"/>
  <nd ref="6055994280"/>
  <nd ref="6055994279"/>
  <nd ref="3926562300"/>
  <nd ref="6055994278"/>
  <nd ref="6055994276"/>
  <nd ref="3926562301"/>
  <nd ref="6055994277"/>
  <nd ref="3926562302"/>
  <nd ref="6055994275"/>
  <nd ref="6055994274"/>
  <nd ref="3926562303"/>
  <nd ref="6055994273"/>
  <nd ref="3926562304"/>
  <nd ref="6055994272"/>
  <nd ref="3926562305"/>
  <nd ref="3926562306"/>
  <nd ref="3926562307"/>
  <nd ref="3926562308"/>
  <nd ref="3926188811"/>
  <nd ref="6055994264"/>
  <nd ref="3926188810"/>
  <nd ref="6055994265"/>
  <nd ref="6055994266"/>
  <nd ref="6055994267"/>
  <nd ref="6055994268"/>
  <nd ref="3926188809"/>
  <nd ref="6055994269"/>
  <nd ref="6055994270"/>
  <nd ref="6055994271"/>
  <nd ref="3926188808"/>
  <nd ref="6055994282"/>
  <nd ref="3926188807"/>
  <nd ref="6055994283"/>
  <nd ref="6055994284"/>
  <nd ref="6055994487"/>
  <nd ref="6055994488"/>
  <nd ref="6055994489"/>
  <nd ref="6055994491"/>
  <nd ref="6055994490"/>
  <nd ref="6055994486"/>
  <nd ref="6055994485"/>
  <nd ref="3926188806"/>
  <nd ref="6055994492"/>
  <nd ref="4974314362"/>
  <nd ref="4974314361"/>
  <nd ref="4974314360"/>
  <nd ref="4974314359"/>
  <nd ref="4974314386"/>
  <nd ref="5870049547"/>
  <nd ref="5870049548"/>
  <nd ref="4974314380"/>
  <nd ref="4974314379"/>
  <nd ref="5870049549"/>
  <nd ref="5870049550"/>
  <nd ref="5870049551"/>
  <nd ref="5870049552"/>
  <nd ref="5870049553"/>
  <nd ref="5870049554"/>
  <nd ref="5870049555"/>
  <nd ref="5870049556"/>
  <nd ref="5870049557"/>
  <nd ref="5870049558"/>
  <nd ref="5870049559"/>
  <nd ref="5870049560"/>
  <nd ref="5870049561"/>
  <nd ref="5870049562"/>
  <nd ref="5870049563"/>
  <nd ref="5870049564"/>
  <nd ref="5870049565"/>
  <nd ref="5870049566"/>
  <nd ref="5870049567"/>
  <nd ref="5870049568"/>
  <nd ref="5870049569"/>
  <nd ref="5870049570"/>
  <nd ref="5870049571"/>
  <nd ref="5870049572"/>
  <nd ref="5870049573"/>
  <nd ref="5870049574"/>
  <nd ref="5870049575"/>
  <nd ref="5870049576"/>
  <nd ref="5870049577"/>
  <nd ref="5870049578"/>
  <nd ref="5870049579"/>
  <nd ref="5870049580"/>
  <nd ref="5870049581"/>
  <nd ref="5870049582"/>
  <nd ref="5870049583"/>
  <nd ref="5870049584"/>
  <nd ref="5870049585"/>
  <nd ref="5870049586"/>
  <nd ref="5870049587"/>
  <nd ref="5870049588"/>
  <nd ref="5870049589"/>
 </way>
 <way id="508038818" visible="true" version="3" changeset="142722052" timestamp="2023-10-17T17:07:35Z" user="aaei924" uid="10626814">
  <nd ref="11269926921"/>
  <nd ref="4974314387"/>
  <tag k="bridge" v="yes"/>
  <tag k="highway" v="tertiary"/>
  <tag k="lanes" v="2"/>
  <tag k="layer" v="1"/>
  <tag k="name" v="풍림남석길"/>
  <tag k="name:en" v="Pungnimnamseok-gil"/>
  <tag k="name:ko" v="풍림남석길"/>
  <tag k="ref" v="29"/>
  <tag k="surface" v="asphalt"/>
 </way>
 <way id="508038819" visible="true" version="7" changeset="142722052" timestamp="2023-10-17T17:07:35Z" user="aaei924" uid="10626814">
  <nd ref="4974314387"/>
  <nd ref="7660933509"/>
  <nd ref="4974314388"/>
  <nd ref="4974314389"/>
  <nd ref="4974314390"/>
  <nd ref="4974314391"/>
  <nd ref="4974314392"/>
  <nd ref="4974314393"/>
  <nd ref="4974314394"/>
  <nd ref="4974314395"/>
  <nd ref="4974314396"/>
  <nd ref="4974314397"/>
  <nd ref="4974314398"/>
  <tag k="highway" v="tertiary"/>
  <tag k="lanes" v="2"/>
  <tag k="name" v="풍림남석길"/>
  <tag k="name:en" v="Pungnimnamseok-gil"/>
  <tag k="name:ko" v="풍림남석길"/>
  <tag k="ref" v="29"/>
  <tag k="surface" v="asphalt"/>
 </way>
 <way id="540100651" visible="true" version="2" changeset="159875611" timestamp="2024-12-03T10:52:20Z" user="FUKUTAN" uid="5207199">
  <nd ref="5225686569"/>
  <nd ref="5225686570"/>
  <nd ref="5225686571"/>
  <nd ref="5225686572"/>
  <nd ref="5225686573"/>
  <nd ref="12393476082"/>
  <nd ref="5225686574"/>
  <nd ref="5225686575"/>
  <nd ref="5225686576"/>
  <nd ref="5225686577"/>
  <nd ref="5225686578"/>
  <nd ref="12393476095"/>
  <nd ref="5225686579"/>
  <nd ref="5225686580"/>
  <nd ref="5225686581"/>
  <nd ref="5225686582"/>
  <tag k="highway" v="service"/>
 </way>
 <way id="540100652" visible="true" version="4" changeset="159875611" timestamp="2024-12-03T10:52:20Z" user="FUKUTAN" uid="5207199">
  <nd ref="5225686583"/>
  <nd ref="5225686584"/>
  <nd ref="5225686585"/>
  <nd ref="5225686586"/>
  <nd ref="5225686587"/>
  <nd ref="5225686588"/>
  <nd ref="5225686589"/>
  <nd ref="5225686590"/>
  <nd ref="5225686591"/>
  <nd ref="5225686582"/>
  <nd ref="5225686592"/>
  <nd ref="5225686593"/>
  <nd ref="5225686594"/>
  <nd ref="12393476122"/>
  <nd ref="5225686596"/>
  <nd ref="12393476121"/>
  <nd ref="5225686597"/>
  <nd ref="5225686598"/>
  <nd ref="12393476113"/>
  <nd ref="12393476112"/>
  <nd ref="5225686599"/>
  <nd ref="12393476114"/>
  <nd ref="5225686600"/>
  <nd ref="12393476115"/>
  <nd ref="5225686601"/>
  <nd ref="12393476116"/>
  <nd ref="12393476117"/>
  <nd ref="12393476118"/>
  <nd ref="5225686602"/>
  <nd ref="5225686603"/>
  <nd ref="12393476119"/>
  <nd ref="12393476120"/>
  <nd ref="5225686604"/>
  <nd ref="5225686605"/>
  <nd ref="10087024636"/>
  <tag k="highway" v="service"/>
  <tag k="surface" v="asphalt"/>
 </way>
 <way id="592343747" visible="true" version="4" changeset="163107400" timestamp="2025-03-02T01:48:07Z" user="dongin" uid="11518918">
  <nd ref="4974314398"/>
  <nd ref="5653605861"/>
  <nd ref="5653605862"/>
  <nd ref="5653605863"/>
  <nd ref="5653605864"/>
  <nd ref="5653605865"/>
  <nd ref="5653605866"/>
  <nd ref="5653605867"/>
  <nd ref="12096597678"/>
  <nd ref="12096597677"/>
  <nd ref="12096597676"/>
  <nd ref="12096597675"/>
  <nd ref="12096597674"/>
  <nd ref="7069531474"/>
  <nd ref="12096597673"/>
  <nd ref="12096597672"/>
  <nd ref="12096597671"/>
  <nd ref="12096597670"/>
  <nd ref="12096594765"/>
  <nd ref="12096597669"/>
  <nd ref="12096597668"/>
  <nd ref="12096597667"/>
  <nd ref="12096597666"/>
  <nd ref="12096597665"/>
  <nd ref="12096597664"/>
  <nd ref="12096597663"/>
  <nd ref="12096594764"/>
  <nd ref="12096597662"/>
  <nd ref="12096597661"/>
  <nd ref="12096597660"/>
  <nd ref="12096597659"/>
  <nd ref="12096597658"/>
  <nd ref="12096597657"/>
  <nd ref="12096597656"/>
  <nd ref="12096594762"/>
  <nd ref="12096597655"/>
  <nd ref="12096597654"/>
  <nd ref="12096597653"/>
  <nd ref="12096597652"/>
  <nd ref="12096594758"/>
  <nd ref="12096594760"/>
  <nd ref="12096597651"/>
  <nd ref="12096597650"/>
  <nd ref="12096597649"/>
  <nd ref="12096597648"/>
  <nd ref="12096597647"/>
  <nd ref="12096594798"/>
  <nd ref="12096597646"/>
  <nd ref="12096597645"/>
  <nd ref="12096597644"/>
  <nd ref="12492192203"/>
  <tag k="highway" v="track"/>
  <tag k="surface" v="concrete"/>
  <tag k="tracktype" v="grade1"/>
 </way>
 <way id="592343748" visible="true" version="3" changeset="163107400" timestamp="2025-03-02T01:48:07Z" user="dongin" uid="11518918">
  <nd ref="5307959624"/>
  <nd ref="5653605868"/>
  <nd ref="9694205746"/>
  <nd ref="5653605869"/>
  <nd ref="5653605870"/>
  <nd ref="5653605871"/>
  <nd ref="5653605872"/>
  <tag k="highway" v="track"/>
  <tag k="surface" v="concrete"/>
  <tag k="tracktype" v="grade1"/>
 </way>
 <way id="624152284" visible="true" version="7" changeset="157900216" timestamp="2024-10-15T00:38:08Z" user="야광멧돼지" uid="12393144">
  <nd ref="5893787726"/>
  <nd ref="5893787727"/>
  <nd ref="5893787728"/>
  <nd ref="5893787729"/>
  <nd ref="5893787730"/>
  <nd ref="5893787731"/>
  <nd ref="5893787732"/>
  <nd ref="5893787733"/>
  <nd ref="5893787734"/>
  <nd ref="5893787735"/>
  <nd ref="5893787736"/>
  <nd ref="5893787737"/>
  <nd ref="5893787738"/>
  <nd ref="5893787739"/>
  <nd ref="5893787740"/>
  <nd ref="5893787741"/>
  <nd ref="5893787742"/>
  <nd ref="5893787743"/>
  <nd ref="5893787744"/>
  <nd ref="5893787745"/>
  <nd ref="5893787746"/>
  <nd ref="5893787747"/>
  <nd ref="5893787748"/>
  <nd ref="5893787749"/>
  <nd ref="5893787750"/>
  <nd ref="5893787751"/>
  <nd ref="3926185149"/>
  <nd ref="11780671422"/>
  <nd ref="3926185150"/>
  <nd ref="3926185151"/>
  <nd ref="3926185152"/>
  <nd ref="3926185153"/>
  <nd ref="11780671423"/>
  <nd ref="3926185154"/>
  <nd ref="3926185155"/>
  <nd ref="11780671424"/>
  <nd ref="11780671425"/>
  <nd ref="11780671426"/>
  <nd ref="11780671436"/>
  <nd ref="11780671435"/>
  <nd ref="11780671434"/>
  <nd ref="11780671433"/>
  <nd ref="11780671432"/>
  <nd ref="11780671431"/>
  <nd ref="11780671430"/>
  <nd ref="11780671429"/>
  <nd ref="11780671428"/>
  <nd ref="11780671427"/>
  <nd ref="3926185156"/>
  <nd ref="3926185157"/>
  <nd ref="3926185160"/>
  <nd ref="3926185162"/>
  <nd ref="3926185163"/>
  <nd ref="3926185164"/>
  <nd ref="11780671437"/>
  <nd ref="3926238524"/>
  <nd ref="11780671438"/>
  <nd ref="11780671439"/>
  <nd ref="11780671440"/>
  <nd ref="11780671441"/>
  <nd ref="11780671442"/>
  <nd ref="11780671443"/>
  <nd ref="11780671444"/>
  <nd ref="11780671445"/>
  <nd ref="11780671446"/>
  <nd ref="11780671447"/>
  <nd ref="11780671448"/>
  <nd ref="11780671449"/>
  <nd ref="11780671450"/>
  <nd ref="11780671451"/>
  <nd ref="11780671452"/>
  <nd ref="11780671453"/>
  <nd ref="11780671454"/>
  <nd ref="11780671455"/>
  <nd ref="11780671456"/>
  <nd ref="3926185165"/>
  <nd ref="3926185166"/>
  <nd ref="3926238521"/>
  <nd ref="3926185167"/>
  <nd ref="3926238520"/>
  <nd ref="3926238519"/>
  <nd ref="3926238518"/>
  <nd ref="3926185172"/>
  <nd ref="3926185173"/>
  <nd ref="3926185174"/>
  <nd ref="3926238515"/>
  <nd ref="3926238514"/>
  <nd ref="3926238513"/>
  <nd ref="3926238512"/>
  <nd ref="3926238511"/>
  <nd ref="7660256383"/>
  <nd ref="7660256384"/>
  <nd ref="7660256385"/>
  <nd ref="7660256386"/>
  <nd ref="7660256387"/>
  <nd ref="7660256449"/>
  <nd ref="7660256388"/>
  <nd ref="7660256389"/>
  <nd ref="3926238509"/>
  <nd ref="7660256390"/>
  <nd ref="7660256391"/>
  <nd ref="3926238508"/>
  <nd ref="7660256392"/>
  <nd ref="7660256393"/>
  <nd ref="7660256395"/>
  <nd ref="7660256394"/>
  <nd ref="3926238507"/>
  <nd ref="3926238506"/>
  <nd ref="3926238505"/>
  <nd ref="3926238504"/>
  <nd ref="3926238503"/>
  <nd ref="3926238502"/>
  <nd ref="3926238501"/>
  <nd ref="3926238500"/>
  <nd ref="3926238499"/>
  <nd ref="3926238498"/>
  <nd ref="3926238497"/>
  <nd ref="3926238496"/>
  <nd ref="3926238495"/>
  <nd ref="3926238494"/>
  <nd ref="3926238493"/>
  <nd ref="3926238492"/>
  <nd ref="3926238491"/>
  <nd ref="3926238490"/>
  <nd ref="3926238489"/>
  <nd ref="3926238488"/>
  <nd ref="3926238487"/>
  <nd ref="3926238486"/>
  <nd ref="3926238485"/>
  <nd ref="3926238484"/>
  <nd ref="3926238483"/>
  <nd ref="3926238482"/>
  <nd ref="3926238481"/>
  <nd ref="3926238480"/>
  <nd ref="3926238479"/>
  <nd ref="3926238478"/>
  <nd ref="3926238477"/>
  <nd ref="3926238476"/>
  <nd ref="3926238475"/>
  <nd ref="3926238474"/>
  <nd ref="3926238473"/>
  <nd ref="3926238472"/>
  <nd ref="3926238471"/>
  <nd ref="3926238470"/>
  <nd ref="3926238469"/>
  <nd ref="3926238468"/>
  <nd ref="3926238467"/>
  <nd ref="3926238466"/>
  <nd ref="3926238465"/>
  <nd ref="3926238464"/>
  <nd ref="3926238463"/>
  <nd ref="3926238462"/>
  <nd ref="3926238461"/>
  <nd ref="3926238460"/>
  <nd ref="3926238459"/>
  <nd ref="3926238458"/>
  <nd ref="3926238457"/>
  <nd ref="3926238456"/>
  <nd ref="3926238455"/>
  <nd ref="3926238454"/>
  <nd ref="3926238453"/>
  <nd ref="3926238452"/>
  <nd ref="3926238451"/>
  <nd ref="3926238450"/>
  <nd ref="3926238449"/>
  <nd ref="3926238448"/>
  <nd ref="3926238447"/>
  <nd ref="3926238446"/>
  <nd ref="3926238445"/>
  <nd ref="3926238444"/>
  <nd ref="3926238443"/>
  <nd ref="3926238442"/>
  <nd ref="3926238441"/>
  <nd ref="3926238440"/>
  <nd ref="3926238439"/>
  <nd ref="3926238438"/>
  <nd ref="3926238437"/>
  <nd ref="3926238436"/>
  <nd ref="3926238553"/>
  <nd ref="3926238552"/>
  <nd ref="3926238551"/>
  <nd ref="3926562268"/>
  <nd ref="3926562269"/>
  <nd ref="3926562270"/>
  <nd ref="3926562271"/>
  <nd ref="3926562272"/>
  <nd ref="3926562273"/>
  <nd ref="3926562274"/>
  <nd ref="3926562275"/>
  <nd ref="3926562276"/>
  <nd ref="10087024473"/>
  <nd ref="3926562277"/>
  <nd ref="3926562278"/>
  <nd ref="3926562279"/>
  <nd ref="3926562280"/>
  <nd ref="3926562281"/>
  <nd ref="3926562282"/>
  <nd ref="3926562283"/>
  <nd ref="3926562284"/>
  <nd ref="3926238550"/>
  <nd ref="3926238549"/>
  <nd ref="3926238548"/>
  <nd ref="3926238547"/>
  <nd ref="3926238546"/>
  <nd ref="3926238545"/>
  <nd ref="12096598393"/>
  <nd ref="3926238544"/>
  <nd ref="3926238543"/>
  <nd ref="3926238542"/>
  <nd ref="11780671459"/>
  <nd ref="3926238541"/>
  <nd ref="11780671458"/>
  <nd ref="11780671457"/>
  <nd ref="3926238540"/>
  <nd ref="10087024458"/>
  <nd ref="3926562133"/>
  <nd ref="3926238538"/>
  <nd ref="3926238537"/>
  <nd ref="5307632159"/>
  <nd ref="5307632160"/>
  <nd ref="5307632161"/>
  <nd ref="5307632162"/>
  <nd ref="5307632163"/>
  <nd ref="5307632164"/>
  <nd ref="5307632165"/>
  <nd ref="5307632166"/>
  <nd ref="5307632167"/>
  <nd ref="5307632168"/>
  <nd ref="5307632169"/>
  <nd ref="5307632170"/>
  <nd ref="5307632171"/>
  <nd ref="5307632172"/>
  <nd ref="5307632173"/>
  <nd ref="5307632174"/>
  <nd ref="5307632175"/>
  <nd ref="5307632176"/>
  <nd ref="5307632177"/>
  <nd ref="5307632178"/>
  <nd ref="5307632179"/>
  <nd ref="5307632180"/>
  <nd ref="5307632181"/>
  <nd ref="5307632182"/>
  <nd ref="5307632183"/>
  <nd ref="5893787087"/>
  <nd ref="5893787088"/>
  <nd ref="5893787089"/>
  <nd ref="5893787090"/>
  <nd ref="5893787091"/>
  <nd ref="5893787092"/>
  <nd ref="5893787093"/>
  <nd ref="5893787094"/>
  <nd ref="5893787095"/>
  <nd ref="5893787096"/>
  <nd ref="5893787097"/>
  <nd ref="5893787098"/>
  <nd ref="5893787099"/>
  <nd ref="5893787100"/>
  <nd ref="5893787101"/>
  <nd ref="5893787102"/>
  <nd ref="5893787103"/>
  <nd ref="5893787104"/>
  <nd ref="12251649742"/>
  <nd ref="12251649743"/>
  <nd ref="12251649744"/>
  <nd ref="5893787105"/>
  <nd ref="5893787106"/>
  <nd ref="5893787107"/>
  <nd ref="5893787108"/>
  <nd ref="5893787109"/>
  <nd ref="5893787110"/>
  <nd ref="5893787111"/>
  <nd ref="5893787112"/>
  <nd ref="5893787113"/>
  <nd ref="5893787114"/>
  <nd ref="5893787115"/>
  <nd ref="5893787116"/>
  <nd ref="5893787117"/>
  <nd ref="5893787118"/>
  <nd ref="5893787119"/>
  <nd ref="5893787120"/>
  <nd ref="5893787121"/>
  <nd ref="5893787122"/>
  <nd ref="5893787123"/>
  <nd ref="5893787124"/>
  <nd ref="5893787125"/>
  <nd ref="5893787126"/>
  <nd ref="5893787127"/>
  <nd ref="5893787128"/>
  <nd ref="5893787129"/>
  <nd ref="5893787130"/>
  <nd ref="5893787131"/>
  <nd ref="5893787132"/>
  <nd ref="5893787133"/>
  <nd ref="5893787134"/>
  <nd ref="5893787135"/>
  <nd ref="5893787136"/>
  <nd ref="5893787137"/>
  <nd ref="5893787138"/>
  <nd ref="5893787139"/>
  <nd ref="5893787140"/>
  <nd ref="5893787141"/>
  <nd ref="5893787142"/>
  <nd ref="5893787143"/>
  <nd ref="5893787144"/>
  <nd ref="5893787145"/>
  <nd ref="5893787146"/>
  <nd ref="5893787147"/>
  <nd ref="7047502512"/>
  <nd ref="7047502513"/>
  <nd ref="7047502519"/>
  <nd ref="7047502520"/>
  <nd ref="7047502522"/>
  <nd ref="7047502521"/>
  <nd ref="7047502514"/>
  <nd ref="7047502515"/>
  <nd ref="5893787726"/>
 </way>
 <way id="756916761" visible="true" version="2" changeset="163107400" timestamp="2025-03-02T01:48:07Z" user="dongin" uid="11518918">
  <nd ref="7069531424"/>
  <nd ref="7069531425"/>
  <nd ref="7069531426"/>
  <nd ref="7069531427"/>
  <nd ref="7069531428"/>
  <nd ref="7069531429"/>
  <nd ref="7069531430"/>
  <nd ref="7069531431"/>
  <nd ref="7069531432"/>
  <nd ref="7069531433"/>
  <nd ref="7069531434"/>
  <nd ref="7069531435"/>
  <nd ref="7069531436"/>
  <nd ref="7069531437"/>
  <nd ref="7069531438"/>
  <nd ref="7069531439"/>
  <nd ref="7069531440"/>
  <nd ref="7069531458"/>
  <nd ref="7069531441"/>
  <nd ref="7069531442"/>
  <nd ref="7069531443"/>
  <nd ref="7069531444"/>
  <nd ref="7069531445"/>
  <nd ref="7069531446"/>
  <nd ref="7069531447"/>
  <nd ref="7069531448"/>
  <nd ref="7069531449"/>
  <nd ref="7069531450"/>
  <nd ref="7069531451"/>
  <nd ref="7069531452"/>
  <nd ref="7069531453"/>
  <nd ref="7069531454"/>
  <nd ref="7069531455"/>
  <nd ref="7069531456"/>
  <nd ref="7069531457"/>
  <tag k="highway" v="track"/>
  <tag k="surface" v="concrete"/>
  <tag k="tracktype" v="grade1"/>
 </way>
 <way id="756916764" visible="true" version="3" changeset="163107400" timestamp="2025-03-02T01:48:07Z" user="dongin" uid="11518918">
  <nd ref="7069531466"/>
  <nd ref="7069531467"/>
  <nd ref="7069531468"/>
  <nd ref="7069531469"/>
  <nd ref="9694205739"/>
  <nd ref="7069531470"/>
  <nd ref="7069531471"/>
  <nd ref="7069531472"/>
  <nd ref="7069531473"/>
  <nd ref="7069531474"/>
  <tag k="highway" v="track"/>
  <tag k="surface" v="concrete"/>
  <tag k="tracktype" v="grade1"/>
 </way>
 <way id="756916765" visible="true" version="4" changeset="163107400" timestamp="2025-03-02T01:48:07Z" user="dongin" uid="11518918">
  <nd ref="4974314397"/>
  <nd ref="7069531475"/>
  <nd ref="7069531476"/>
  <nd ref="7069531477"/>
  <nd ref="7069531478"/>
  <nd ref="7069531425"/>
  <nd ref="7069531479"/>
  <nd ref="7069531480"/>
  <nd ref="7069531481"/>
  <nd ref="7069531482"/>
  <nd ref="7069531483"/>
  <nd ref="7069531484"/>
  <nd ref="7069531485"/>
  <nd ref="7069531486"/>
  <nd ref="7069531487"/>
  <nd ref="7069531488"/>
  <nd ref="7069531489"/>
  <nd ref="7069531490"/>
  <nd ref="9694205768"/>
  <nd ref="7069531491"/>
  <nd ref="7069531492"/>
  <nd ref="7069531493"/>
  <nd ref="7069531519"/>
  <nd ref="7069531494"/>
  <nd ref="7069531495"/>
  <nd ref="7069531496"/>
  <nd ref="7069531497"/>
  <nd ref="7069531498"/>
  <nd ref="7069531499"/>
  <nd ref="7069531500"/>
  <nd ref="7069531501"/>
  <nd ref="7069531502"/>
  <nd ref="7069531503"/>
  <nd ref="7069531504"/>
  <nd ref="7069531505"/>
  <nd ref="7069531506"/>
  <nd ref="7069531507"/>
  <nd ref="7069531508"/>
  <nd ref="7069531509"/>
  <nd ref="7069531510"/>
  <nd ref="7069531511"/>
  <tag k="highway" v="residential"/>
  <tag k="surface" v="asphalt"/>
 </way>
 <way id="756916766" visible="true" version="3" changeset="163107400" timestamp="2025-03-02T01:48:07Z" user="dongin" uid="11518918">
  <nd ref="7069531519"/>
  <nd ref="7069531520"/>
  <nd ref="7069531521"/>
  <nd ref="7069531522"/>
  <nd ref="7660926430"/>
  <nd ref="7069531523"/>
  <nd ref="7069531524"/>
  <nd ref="7069531525"/>
  <nd ref="7069531526"/>
  <nd ref="7069531527"/>
  <nd ref="7069531528"/>
  <nd ref="7069531529"/>
  <nd ref="7069531530"/>
  <nd ref="7069531531"/>
  <nd ref="7069531532"/>
  <nd ref="7069531533"/>
  <nd ref="7069531534"/>
  <nd ref="7069531535"/>
  <nd ref="7069531536"/>
  <nd ref="7069531537"/>
  <nd ref="7069531538"/>
  <nd ref="7069531539"/>
  <nd ref="7069531540"/>
  <nd ref="7069531541"/>
  <nd ref="7069531542"/>
  <nd ref="7069531543"/>
  <tag k="highway" v="track"/>
  <tag k="surface" v="concrete"/>
  <tag k="tracktype" v="grade1"/>
 </way>
 <way id="820430004" visible="true" version="3" changeset="163107400" timestamp="2025-03-02T01:48:07Z" user="dongin" uid="11518918">
  <nd ref="7660932731"/>
  <nd ref="7660924082"/>
  <nd ref="7660933200"/>
  <nd ref="7660932762"/>
  <nd ref="7660932759"/>
  <nd ref="12629416625"/>
  <nd ref="7660924010"/>
  <nd ref="7660925471"/>
  <nd ref="7660925447"/>
  <nd ref="7660932721"/>
  <nd ref="7660925440"/>
  <nd ref="7660932734"/>
  <nd ref="7660932751"/>
  <nd ref="7660933349"/>
  <nd ref="7660914261"/>
  <nd ref="7660933342"/>
  <nd ref="7660932784"/>
  <nd ref="7660933309"/>
  <nd ref="7660932760"/>
  <nd ref="7660933123"/>
  <nd ref="7660932080"/>
  <nd ref="7660932079"/>
  <nd ref="7660932078"/>
  <nd ref="7660932077"/>
  <nd ref="7660932076"/>
  <nd ref="7660932075"/>
  <nd ref="7660932074"/>
  <nd ref="7660932073"/>
  <nd ref="7660932072"/>
  <nd ref="7660932071"/>
  <nd ref="7660932070"/>
  <nd ref="414967278"/>
  <tag k="highway" v="track"/>
  <tag k="source" v="digitalglobe"/>
  <tag k="surface" v="concrete"/>
  <tag k="tracktype" v="grade1"/>
 </way>
 <way id="820430016" visible="true" version="1" changeset="87253085" timestamp="2020-06-28T15:16:05Z" user="LuxuryCoop" uid="7245212">
  <nd ref="7660932731"/>
  <nd ref="7660932689"/>
  <nd ref="7660932690"/>
  <nd ref="7660932691"/>
  <nd ref="7660932692"/>
  <nd ref="7660932693"/>
  <nd ref="7660932694"/>
  <nd ref="7660932695"/>
  <nd ref="7660932696"/>
  <nd ref="7660932697"/>
  <nd ref="7660932698"/>
  <nd ref="7660932699"/>
  <nd ref="7660932700"/>
  <nd ref="7660932701"/>
  <nd ref="7660932702"/>
  <nd ref="7660932703"/>
  <nd ref="7660932704"/>
  <nd ref="7660932705"/>
  <nd ref="7660932706"/>
  <nd ref="7660932707"/>
  <nd ref="7660932708"/>
  <nd ref="7660932709"/>
  <nd ref="7660914237"/>
  <nd ref="7660914238"/>
  <nd ref="7660914239"/>
  <nd ref="7660914240"/>
  <nd ref="7660914241"/>
  <nd ref="7660914242"/>
  <nd ref="7660914243"/>
  <nd ref="7660914244"/>
  <nd ref="7660914245"/>
  <nd ref="7660914246"/>
  <nd ref="7660914247"/>
  <nd ref="7660914248"/>
  <nd ref="7660914249"/>
  <nd ref="7660914250"/>
  <nd ref="7660914251"/>
  <nd ref="7660914252"/>
  <nd ref="7660914253"/>
  <nd ref="7660914254"/>
  <nd ref="7660914255"/>
  <nd ref="7660933391"/>
  <nd ref="7660933015"/>
  <nd ref="7660924039"/>
  <nd ref="7660932740"/>
  <nd ref="7660933340"/>
  <nd ref="7660932783"/>
  <nd ref="7660914274"/>
  <nd ref="7660914273"/>
  <nd ref="7660914272"/>
  <nd ref="7660914271"/>
  <nd ref="7660914270"/>
  <nd ref="7660914269"/>
  <nd ref="7660914268"/>
  <nd ref="7660914267"/>
  <nd ref="7660914266"/>
  <nd ref="7660914265"/>
  <nd ref="7660914264"/>
  <nd ref="7660914263"/>
  <nd ref="7660914262"/>
  <nd ref="7660914261"/>
  <nd ref="7660914260"/>
  <nd ref="7660914259"/>
  <nd ref="7660914258"/>
  <nd ref="7660914257"/>
  <nd ref="7660914256"/>
  <tag k="highway" v="track"/>
  <tag k="source" v="digitalglobe"/>
  <tag k="tracktype" v="grade2"/>
 </way>
 <way id="1054973561" visible="true" version="3" changeset="142722052" timestamp="2023-10-17T17:07:35Z" user="aaei924" uid="10626814">
  <nd ref="9694205734"/>
  <nd ref="9694205735"/>
  <nd ref="9694205736"/>
  <nd ref="9694205737"/>
  <nd ref="9694205738"/>
  <nd ref="9694205739"/>
  <nd ref="9694205740"/>
  <nd ref="9694205741"/>
  <nd ref="9694205742"/>
  <nd ref="9694205743"/>
  <nd ref="9694205744"/>
  <nd ref="9694205745"/>
  <nd ref="9694205746"/>
  <nd ref="10087024869"/>
  <tag k="highway" v="tertiary"/>
  <tag k="name" v="풍림남석길"/>
  <tag k="name:en" v="Pungnimnamseok-gil"/>
  <tag k="name:ko" v="풍림남석길"/>
  <tag k="ref" v="29"/>
 </way>
 <way id="1054973562" visible="true" version="1" changeset="120191462" timestamp="2022-04-26T04:23:01Z" user="FUKUTAN" uid="5207199">
  <nd ref="9694205753"/>
  <nd ref="9694205754"/>
  <nd ref="9694205755"/>
  <nd ref="9694205756"/>
  <nd ref="9694205757"/>
  <nd ref="9694205758"/>
  <nd ref="9694205759"/>
  <nd ref="9694205760"/>
  <nd ref="9694205761"/>
  <nd ref="9694205762"/>
  <nd ref="9694205763"/>
  <nd ref="9694205764"/>
  <nd ref="9694205765"/>
  <nd ref="9694205766"/>
  <nd ref="9694205767"/>
  <nd ref="9694205768"/>
  <tag k="highway" v="service"/>
 </way>
 <way id="1054973591" visible="true" version="1" changeset="120191462" timestamp="2022-04-26T04:23:01Z" user="FUKUTAN" uid="5207199">
  <nd ref="9694206084"/>
  <nd ref="9694206085"/>
  <nd ref="9694206086"/>
  <nd ref="9694206087"/>
  <nd ref="9694206088"/>
  <nd ref="9694206089"/>
  <nd ref="9694206090"/>
  <nd ref="9694206091"/>
  <nd ref="9694206092"/>
  <nd ref="9694206097"/>
  <nd ref="9694206093"/>
  <nd ref="9694206094"/>
  <nd ref="9694206095"/>
  <tag k="highway" v="service"/>
 </way>
 <way id="1054973592" visible="true" version="1" changeset="120191462" timestamp="2022-04-26T04:23:01Z" user="FUKUTAN" uid="5207199">
  <nd ref="9694206096"/>
  <nd ref="9694206097"/>
  <nd ref="9694206101"/>
  <nd ref="9694206098"/>
  <nd ref="9694206099"/>
  <nd ref="437187595"/>
  <tag k="highway" v="residential"/>
 </way>
 <way id="1054973593" visible="true" version="1" changeset="120191462" timestamp="2022-04-26T04:23:01Z" user="FUKUTAN" uid="5207199">
  <nd ref="9694206100"/>
  <nd ref="9694206101"/>
  <tag k="highway" v="service"/>
 </way>
 <way id="1102345382" visible="true" version="3" changeset="154920955" timestamp="2024-08-07T07:08:32Z" user="morago" uid="11113946">
  <nd ref="10087024474"/>
  <nd ref="10087024475"/>
  <nd ref="10087024476"/>
  <nd ref="10087024477"/>
  <nd ref="10087024478"/>
  <nd ref="10087024479"/>
  <nd ref="10087024480"/>
  <nd ref="10087024481"/>
  <nd ref="10087024482"/>
  <nd ref="10087024483"/>
  <nd ref="10087024484"/>
  <nd ref="10087024485"/>
  <nd ref="10087024486"/>
  <nd ref="10087024487"/>
  <nd ref="10087024488"/>
  <nd ref="10087024489"/>
  <nd ref="10087024490"/>
  <nd ref="10087024491"/>
  <nd ref="10087024492"/>
  <nd ref="10087024493"/>
  <nd ref="10087024494"/>
  <nd ref="10087024495"/>
  <nd ref="10087024496"/>
  <nd ref="10087024497"/>
  <nd ref="10087024498"/>
  <nd ref="10087024499"/>
  <nd ref="10087024500"/>
  <nd ref="10087024501"/>
  <nd ref="10087024502"/>
  <nd ref="10087024503"/>
  <nd ref="10087024504"/>
  <nd ref="10087024506"/>
  <nd ref="10087024507"/>
  <nd ref="10087024508"/>
  <nd ref="10087024509"/>
  <nd ref="10087024510"/>
  <nd ref="10087024511"/>
  <nd ref="10087024512"/>
  <nd ref="10087024513"/>
  <nd ref="10087024514"/>
  <nd ref="10087024515"/>
  <nd ref="10087024516"/>
  <nd ref="10087024517"/>
  <nd ref="10087024518"/>
  <nd ref="10087024519"/>
  <nd ref="10087024520"/>
  <nd ref="10087024521"/>
  <nd ref="10087024522"/>
  <nd ref="10087024523"/>
  <nd ref="10087024524"/>
  <nd ref="10087024525"/>
  <nd ref="10087024526"/>
  <nd ref="10087024528"/>
  <nd ref="10087024529"/>
  <nd ref="10087024530"/>
  <nd ref="10087024531"/>
  <nd ref="10087024532"/>
  <nd ref="10087024533"/>
  <nd ref="10087024534"/>
  <nd ref="10087024535"/>
  <nd ref="10087024536"/>
  <nd ref="10087024537"/>
  <nd ref="10087024538"/>
  <nd ref="10087024539"/>
  <nd ref="10087024540"/>
  <nd ref="10087024541"/>
  <nd ref="10087024542"/>
  <nd ref="10087024543"/>
  <nd ref="10087024544"/>
  <nd ref="10087024545"/>
  <nd ref="10087024546"/>
  <nd ref="10087024547"/>
  <nd ref="10087024548"/>
  <nd ref="10087024549"/>
  <nd ref="10087024550"/>
  <nd ref="10087024551"/>
  <nd ref="10087024552"/>
  <nd ref="10087024553"/>
  <nd ref="10087024554"/>
  <nd ref="10087024555"/>
  <nd ref="10087024556"/>
  <nd ref="10087024557"/>
  <nd ref="10087024558"/>
  <nd ref="10087024559"/>
  <nd ref="10087024560"/>
  <nd ref="10087024561"/>
  <nd ref="11780671419"/>
  <tag k="waterway" v="stream"/>
 </way>
 <way id="1102345383" visible="true" version="1" changeset="127249438" timestamp="2022-10-09T13:41:08Z" user="야광멧돼지" uid="12393144">
  <nd ref="10087024574"/>
  <nd ref="10087024575"/>
  <tag k="waterway" v="stream"/>
 </way>
 <way id="1102345384" visible="true" version="1" changeset="127249438" timestamp="2022-10-09T13:41:08Z" user="야광멧돼지" uid="12393144">
  <nd ref="10087024573"/>
  <nd ref="10087024574"/>
  <tag k="layer" v="-1"/>
  <tag k="tunnel" v="culvert"/>
  <tag k="waterway" v="stream"/>
 </way>
 <way id="1102345385" visible="true" version="1" changeset="127249438" timestamp="2022-10-09T13:41:08Z" user="야광멧돼지" uid="12393144">
  <nd ref="10087024576"/>
  <nd ref="10087024577"/>
  <nd ref="10087024578"/>
  <nd ref="10087024579"/>
  <nd ref="10087024580"/>
  <nd ref="10087024581"/>
  <nd ref="10087024582"/>
  <nd ref="10087024583"/>
  <nd ref="10087024584"/>
  <nd ref="10087024585"/>
  <nd ref="10087024586"/>
  <nd ref="10087024587"/>
  <nd ref="10087024588"/>
  <nd ref="10087024589"/>
  <nd ref="10087024590"/>
  <nd ref="10087024591"/>
  <nd ref="10087024592"/>
  <nd ref="10087024593"/>
  <nd ref="10087024594"/>
  <nd ref="10087024595"/>
  <nd ref="10087024596"/>
  <nd ref="10087024597"/>
  <nd ref="10087024598"/>
  <nd ref="10087024599"/>
  <nd ref="10087024600"/>
  <nd ref="10087024601"/>
  <nd ref="10087024602"/>
  <nd ref="10087024603"/>
  <nd ref="10087024604"/>
  <nd ref="10087024605"/>
  <nd ref="10087024606"/>
  <nd ref="10087024607"/>
  <nd ref="10087024608"/>
  <nd ref="10087024609"/>
  <nd ref="10087024610"/>
  <nd ref="10087024611"/>
  <nd ref="10087024612"/>
  <nd ref="10087024613"/>
  <nd ref="10087024614"/>
  <nd ref="10087024615"/>
  <nd ref="10087024616"/>
  <nd ref="10087024617"/>
  <nd ref="10087024618"/>
  <nd ref="10087024619"/>
  <nd ref="10087024620"/>
  <nd ref="10087024621"/>
  <nd ref="10087024622"/>
  <nd ref="10087024623"/>
  <nd ref="10087024624"/>
  <nd ref="10087024625"/>
  <nd ref="10087024626"/>
  <nd ref="10087024627"/>
  <nd ref="10087024631"/>
  <tag k="waterway" v="stream"/>
 </way>
 <way id="1102345386" visible="true" version="1" changeset="127249438" timestamp="2022-10-09T13:41:08Z" user="야광멧돼지" uid="12393144">
  <nd ref="10087024630"/>
  <nd ref="10087024628"/>
  <nd ref="10087024629"/>
  <tag k="waterway" v="stream"/>
 </way>
 <way id="1102345387" visible="true" version="1" changeset="127249438" timestamp="2022-10-09T13:41:08Z" user="야광멧돼지" uid="12393144">
  <nd ref="10087024631"/>
  <nd ref="10087024630"/>
  <tag k="layer" v="-1"/>
  <tag k="tunnel" v="culvert"/>
  <tag k="waterway" v="stream"/>
 </way>
 <way id="1102345388" visible="true" version="2" changeset="163107400" timestamp="2025-03-02T01:48:07Z" user="dongin" uid="11518918">
  <nd ref="7069531512"/>
  <nd ref="7069531513"/>
  <nd ref="7069531514"/>
  <nd ref="7069531515"/>
  <nd ref="7069531516"/>
  <nd ref="10087024632"/>
  <nd ref="7069531517"/>
  <nd ref="7069531518"/>
  <tag k="highway" v="residential"/>
  <tag k="surface" v="asphalt"/>
 </way>
 <way id="1102345389" visible="true" version="2" changeset="163107400" timestamp="2025-03-02T01:48:07Z" user="dongin" uid="11518918">
  <nd ref="7069531511"/>
  <nd ref="7069531512"/>
  <tag k="bridge" v="yes"/>
  <tag k="highway" v="residential"/>
  <tag k="layer" v="1"/>
  <tag k="surface" v="asphalt"/>
 </way>
 <way id="1102345390" visible="true" version="1" changeset="127249438" timestamp="2022-10-09T13:41:08Z" user="야광멧돼지" uid="12393144">
  <nd ref="10087024633"/>
  <nd ref="4974314407"/>
  <nd ref="4974314408"/>
  <nd ref="4974314409"/>
  <nd ref="4974314410"/>
  <nd ref="4974314411"/>
  <nd ref="4974314412"/>
  <nd ref="4974314413"/>
  <nd ref="4974314414"/>
  <nd ref="4974314415"/>
  <nd ref="4974314416"/>
  <nd ref="4974314417"/>
  <nd ref="4974314418"/>
  <nd ref="4974314419"/>
  <nd ref="5225686568"/>
  <nd ref="4974314420"/>
  <nd ref="7069486467"/>
  <nd ref="4974314721"/>
  <nd ref="7069486468"/>
  <nd ref="4974314722"/>
  <nd ref="4974314723"/>
  <nd ref="7069486469"/>
  <nd ref="4974314724"/>
  <nd ref="7069486470"/>
  <nd ref="4974314725"/>
  <nd ref="7069486471"/>
  <nd ref="4974314726"/>
  <nd ref="4974314727"/>
  <nd ref="4974314728"/>
  <tag k="highway" v="residential"/>
  <tag k="lanes" v="2"/>
  <tag k="surface" v="asphalt"/>
 </way>
 <way id="1102345391" visible="true" version="1" changeset="127249438" timestamp="2022-10-09T13:41:08Z" user="야광멧돼지" uid="12393144">
  <nd ref="10087024634"/>
  <nd ref="10087024633"/>
  <tag k="bridge" v="yes"/>
  <tag k="highway" v="residential"/>
  <tag k="lanes" v="2"/>
  <tag k="layer" v="1"/>
  <tag k="surface" v="asphalt"/>
 </way>
 <way id="1102345396" visible="true" version="2" changeset="163107400" timestamp="2025-03-02T01:48:07Z" user="dongin" uid="11518918">
  <nd ref="10087024868"/>
  <nd ref="10087024867"/>
  <nd ref="10087024866"/>
  <nd ref="10087024865"/>
  <nd ref="10087024864"/>
  <nd ref="10087024863"/>
  <nd ref="10087024862"/>
  <nd ref="10087024861"/>
  <nd ref="10087024860"/>
  <nd ref="10087024859"/>
  <nd ref="10087024858"/>
  <nd ref="10087024857"/>
  <nd ref="12629416671"/>
  <tag k="waterway" v="stream"/>
 </way>
 <way id="1102345397" visible="true" version="3" changeset="163107400" timestamp="2025-03-02T01:48:07Z" user="dongin" uid="11518918">
  <nd ref="9694205747"/>
  <nd ref="12629416662"/>
  <nd ref="9694205748"/>
  <nd ref="9694205749"/>
  <nd ref="12629416675"/>
  <nd ref="9694205750"/>
  <nd ref="9694205751"/>
  <nd ref="9694205752"/>
  <nd ref="7069531465"/>
  <tag k="highway" v="tertiary"/>
  <tag k="name" v="풍림남석길"/>
  <tag k="name:en" v="Pungnimnamseok-gil"/>
  <tag k="name:ko" v="풍림남석길"/>
  <tag k="ref" v="29"/>
 </way>
 <way id="1102345398" visible="true" version="2" changeset="142722052" timestamp="2023-10-17T17:07:35Z" user="aaei924" uid="10626814">
  <nd ref="10087024869"/>
  <nd ref="9694205747"/>
  <tag k="bridge" v="yes"/>
  <tag k="highway" v="tertiary"/>
  <tag k="layer" v="1"/>
  <tag k="name" v="풍림남석길"/>
  <tag k="name:en" v="Pungnimnamseok-gil"/>
  <tag k="name:ko" v="풍림남석길"/>
  <tag k="ref" v="29"/>
 </way>
 <way id="1216295230" visible="true" version="2" changeset="147077461" timestamp="2024-02-05T04:28:45Z" user="FUKUTAN" uid="5207199">
  <nd ref="5307955805"/>
  <nd ref="7069531461"/>
  <nd ref="5307955806"/>
  <nd ref="5307955807"/>
  <nd ref="5307955808"/>
  <nd ref="5307955809"/>
  <nd ref="5307955810"/>
  <nd ref="5307955811"/>
  <nd ref="7069531459"/>
  <nd ref="5307955812"/>
  <nd ref="5307955813"/>
  <nd ref="7069531460"/>
  <nd ref="5307955814"/>
  <nd ref="5307955815"/>
  <nd ref="5307955816"/>
  <nd ref="5307955817"/>
  <nd ref="5307955818"/>
  <nd ref="5307955819"/>
  <nd ref="5307955820"/>
  <nd ref="5307959621"/>
  <nd ref="5307959622"/>
  <nd ref="5307959623"/>
  <nd ref="5307959624"/>
  <nd ref="5307959625"/>
  <nd ref="11586054708"/>
  <nd ref="5307959626"/>
  <nd ref="5307959627"/>
  <nd ref="11586054687"/>
  <nd ref="5307959628"/>
  <nd ref="11586054686"/>
  <nd ref="11586054688"/>
  <nd ref="5307959629"/>
  <nd ref="11586054689"/>
  <nd ref="5307959630"/>
  <nd ref="11586054690"/>
  <nd ref="5307959631"/>
  <nd ref="5307959632"/>
  <nd ref="7069531469"/>
  <nd ref="9694205734"/>
  <tag k="highway" v="residential"/>
 </way>
 <way id="1216295231" visible="true" version="1" changeset="142722052" timestamp="2023-10-17T17:07:35Z" user="aaei924" uid="10626814">
  <nd ref="437187492"/>
  <nd ref="11269926921"/>
  <tag k="highway" v="tertiary"/>
  <tag k="lanes" v="2"/>
  <tag k="name" v="풍림남석길"/>
  <tag k="name:en" v="Pungnimnamseok-gil"/>
  <tag k="name:ko" v="풍림남석길"/>
  <tag k="ref" v="29"/>
  <tag k="surface" v="asphalt"/>
 </way>
 <way id="1216295232" visible="true" version="1" changeset="142722052" timestamp="2023-10-17T17:07:35Z" user="aaei924" uid="10626814">
  <nd ref="4974314398"/>
  <nd ref="4974314399"/>
  <nd ref="4974314400"/>
  <nd ref="4974314401"/>
  <nd ref="5225686569"/>
  <nd ref="7069531424"/>
  <nd ref="4974314402"/>
  <nd ref="9694205753"/>
  <nd ref="4974314403"/>
  <nd ref="4974314404"/>
  <nd ref="4974314405"/>
  <nd ref="4974314406"/>
  <nd ref="5225686583"/>
  <nd ref="10087024634"/>
  <tag k="highway" v="residential"/>
  <tag k="lanes" v="2"/>
  <tag k="surface" v="asphalt"/>
 </way>
 <way id="1216295233" visible="true" version="1" changeset="142722052" timestamp="2023-10-17T17:07:35Z" user="aaei924" uid="10626814">
  <nd ref="9694205734"/>
  <nd ref="4974314398"/>
  <tag k="highway" v="tertiary"/>
  <tag k="name" v="풍림남석길"/>
  <tag k="name:en" v="Pungnimnamseok-gil"/>
  <tag k="name:ko" v="풍림남석길"/>
  <tag k="ref" v="29"/>
 </way>
 <way id="1268398177" visible="true" version="1" changeset="149486328" timestamp="2024-04-02T15:09:19Z" user="야광멧돼지" uid="12393144">
  <nd ref="11780671103"/>
  <nd ref="11780671104"/>
  <nd ref="11780671105"/>
  <nd ref="11780671106"/>
  <nd ref="11780671107"/>
  <nd ref="11780671108"/>
  <nd ref="11780671109"/>
  <nd ref="11780671110"/>
  <nd ref="11780671111"/>
  <nd ref="11780671112"/>
  <nd ref="11780671113"/>
  <nd ref="11780671114"/>
  <nd ref="11780671115"/>
  <nd ref="11780671116"/>
  <nd ref="11780671117"/>
  <nd ref="11780671118"/>
  <nd ref="11780671119"/>
  <nd ref="11780671120"/>
  <nd ref="11780671121"/>
  <nd ref="11780671122"/>
  <nd ref="11780671123"/>
  <nd ref="11780671124"/>
  <nd ref="11780671125"/>
  <nd ref="11780671126"/>
  <nd ref="11780671127"/>
  <nd ref="11780671128"/>
  <nd ref="11780671129"/>
  <nd ref="11780671130"/>
  <tag k="waterway" v="river"/>
 </way>
 <way id="1268398178" visible="true" version="2" changeset="154920955" timestamp="2024-08-07T07:08:32Z" user="morago" uid="11113946">
  <nd ref="11780671137"/>
  <nd ref="11780671138"/>
  <nd ref="12096598153"/>
  <nd ref="11780671139"/>
  <nd ref="11780671140"/>
  <nd ref="11780671141"/>
  <nd ref="11780671142"/>
  <nd ref="11780671143"/>
  <nd ref="11780671144"/>
  <nd ref="11780671145"/>
  <nd ref="11780671146"/>
  <nd ref="11780671147"/>
  <nd ref="11780671148"/>
  <nd ref="11780671149"/>
  <nd ref="11780671150"/>
  <nd ref="11780671151"/>
  <nd ref="11780671152"/>
  <nd ref="11780671153"/>
  <nd ref="11780671154"/>
  <nd ref="11780671155"/>
  <nd ref="11780671156"/>
  <nd ref="11780671157"/>
  <nd ref="11780671158"/>
  <nd ref="11780671159"/>
  <nd ref="11780671160"/>
  <nd ref="11780671161"/>
  <nd ref="11780671162"/>
  <nd ref="11780671163"/>
  <nd ref="11780671164"/>
  <nd ref="11780671165"/>
  <nd ref="11780671166"/>
  <nd ref="11780671167"/>
  <nd ref="11780671168"/>
  <nd ref="11780671169"/>
  <nd ref="11780671170"/>
  <nd ref="11780671171"/>
  <nd ref="11780671172"/>
  <nd ref="11780671173"/>
  <nd ref="11780671174"/>
  <nd ref="11780671175"/>
  <nd ref="11780671176"/>
  <nd ref="11780671177"/>
  <nd ref="11780671178"/>
  <nd ref="11780671179"/>
  <nd ref="11780671242"/>
  <nd ref="11780671180"/>
  <nd ref="11780671181"/>
  <nd ref="11780671182"/>
  <nd ref="11780671183"/>
  <nd ref="11780671184"/>
  <nd ref="11780671185"/>
  <nd ref="11780671186"/>
  <nd ref="11780671266"/>
  <nd ref="11780671187"/>
  <nd ref="11780671188"/>
  <nd ref="11780671286"/>
  <nd ref="11780671189"/>
  <nd ref="11780671190"/>
  <nd ref="11780671191"/>
  <nd ref="11780671192"/>
  <nd ref="11780671193"/>
  <nd ref="11780671194"/>
  <nd ref="11780671195"/>
  <nd ref="11780671196"/>
  <nd ref="11780671197"/>
  <nd ref="11780671336"/>
  <nd ref="11780671200"/>
  <tag k="highway" v="path"/>
 </way>
 <way id="1268398179" visible="true" version="1" changeset="149486328" timestamp="2024-04-02T15:09:19Z" user="야광멧돼지" uid="12393144">
  <nd ref="11780671199"/>
  <nd ref="11780671198"/>
  <tag k="highway" v="path"/>
 </way>
 <way id="1268398180" visible="true" version="1" changeset="149486328" timestamp="2024-04-02T15:09:19Z" user="야광멧돼지" uid="12393144">
  <nd ref="11780671200"/>
  <nd ref="11780671199"/>
  <tag k="bridge" v="yes"/>
  <tag k="highway" v="path"/>
  <tag k="layer" v="1"/>
 </way>
 <way id="1268398186" visible="true" version="1" changeset="149486328" timestamp="2024-04-02T15:09:19Z" user="야광멧돼지" uid="12393144">
  <nd ref="11780671242"/>
  <nd ref="11780671243"/>
  <nd ref="11780671244"/>
  <nd ref="11780671245"/>
  <nd ref="11780671246"/>
  <nd ref="11780671247"/>
  <nd ref="11780671248"/>
  <nd ref="11780671249"/>
  <nd ref="11780671250"/>
  <nd ref="11780671251"/>
  <nd ref="11780671252"/>
  <nd ref="11780671253"/>
  <nd ref="11780671254"/>
  <nd ref="11780671255"/>
  <nd ref="11780671256"/>
  <nd ref="11780671257"/>
  <nd ref="11780671258"/>
  <nd ref="11780671259"/>
  <nd ref="11780671260"/>
  <nd ref="11780671261"/>
  <nd ref="11780671262"/>
  <nd ref="11780671263"/>
  <nd ref="11780671264"/>
  <nd ref="11780671265"/>
  <nd ref="11780671139"/>
  <tag k="highway" v="path"/>
 </way>
 <way id="1268398187" visible="true" version="1" changeset="149486328" timestamp="2024-04-02T15:09:19Z" user="야광멧돼지" uid="12393144">
  <nd ref="11780671266"/>
  <nd ref="11780671267"/>
  <nd ref="11780671268"/>
  <nd ref="11780671269"/>
  <nd ref="11780671270"/>
  <nd ref="11780671271"/>
  <nd ref="11780671272"/>
  <nd ref="11780671273"/>
  <nd ref="11780671274"/>
  <nd ref="11780671275"/>
  <nd ref="11780671276"/>
  <nd ref="11780671277"/>
  <nd ref="11780671278"/>
  <nd ref="11780671279"/>
  <nd ref="11780671280"/>
  <nd ref="11780671281"/>
  <nd ref="11780671282"/>
  <nd ref="11780671283"/>
  <nd ref="11780671284"/>
  <nd ref="11780671294"/>
  <nd ref="11780671285"/>
  <nd ref="11780671286"/>
  <tag k="highway" v="path"/>
 </way>
 <way id="1268398188" visible="true" version="1" changeset="149486328" timestamp="2024-04-02T15:09:19Z" user="야광멧돼지" uid="12393144">
  <nd ref="11780671269"/>
  <nd ref="11780671287"/>
  <nd ref="11780671288"/>
  <nd ref="11780671289"/>
  <nd ref="11780671290"/>
  <nd ref="11780671291"/>
  <nd ref="11780671292"/>
  <nd ref="11780671293"/>
  <nd ref="11780671294"/>
  <nd ref="11780671295"/>
  <nd ref="11780671296"/>
  <nd ref="11780671297"/>
  <nd ref="11780671298"/>
  <nd ref="11780671299"/>
  <nd ref="11780671300"/>
  <nd ref="11780671301"/>
  <nd ref="11780671302"/>
  <tag k="highway" v="path"/>
 </way>
 <way id="1268398189" visible="true" version="1" changeset="149486328" timestamp="2024-04-02T15:09:19Z" user="야광멧돼지" uid="12393144">
  <nd ref="11780671200"/>
  <nd ref="11780671303"/>
  <nd ref="11780671304"/>
  <nd ref="11780671305"/>
  <nd ref="11780671306"/>
  <nd ref="11780671307"/>
  <nd ref="11780671308"/>
  <nd ref="11780671309"/>
  <nd ref="11780671310"/>
  <nd ref="11780671367"/>
  <nd ref="11780671311"/>
  <nd ref="11780671312"/>
  <nd ref="11780671313"/>
  <nd ref="11780671314"/>
  <nd ref="11780671315"/>
  <nd ref="11780671316"/>
  <nd ref="11780671317"/>
  <nd ref="11780671318"/>
  <nd ref="11780671319"/>
  <nd ref="11780671384"/>
  <nd ref="11780671320"/>
  <nd ref="11780671321"/>
  <nd ref="11780671322"/>
  <nd ref="11780671323"/>
  <nd ref="11780671324"/>
  <nd ref="11780671325"/>
  <nd ref="11780671326"/>
  <nd ref="11780671327"/>
  <nd ref="11780671328"/>
  <nd ref="11780671369"/>
  <nd ref="11780671329"/>
  <nd ref="11780671330"/>
  <nd ref="11780671331"/>
  <nd ref="11780671332"/>
  <nd ref="11780671333"/>
  <nd ref="11780671334"/>
  <nd ref="11780671335"/>
  <nd ref="11780671196"/>
  <tag k="highway" v="path"/>
 </way>
 <way id="1268398190" visible="true" version="1" changeset="149486328" timestamp="2024-04-02T15:09:19Z" user="야광멧돼지" uid="12393144">
  <nd ref="11780671336"/>
  <nd ref="11780671337"/>
  <nd ref="11780671338"/>
  <nd ref="11780671339"/>
  <nd ref="11780671340"/>
  <nd ref="11780671341"/>
  <nd ref="11780671342"/>
  <nd ref="11780671343"/>
  <nd ref="11780671344"/>
  <nd ref="11780671345"/>
  <nd ref="11780671346"/>
  <nd ref="11780671347"/>
  <nd ref="11780671348"/>
  <tag k="highway" v="path"/>
 </way>
 <way id="1268398191" visible="true" version="1" changeset="149486328" timestamp="2024-04-02T15:09:19Z" user="야광멧돼지" uid="12393144">
  <nd ref="11780671365"/>
  <nd ref="11780671366"/>
  <nd ref="11780671348"/>
  <nd ref="11780671349"/>
  <nd ref="11780671350"/>
  <nd ref="11780671351"/>
  <nd ref="11780671352"/>
  <nd ref="11780671353"/>
  <nd ref="11780671359"/>
  <nd ref="11780671360"/>
  <nd ref="11780671361"/>
  <nd ref="11780671370"/>
  <nd ref="11780671362"/>
  <nd ref="11780671363"/>
  <nd ref="11780671364"/>
  <nd ref="11780671354"/>
  <nd ref="11780671355"/>
  <nd ref="11780671368"/>
  <nd ref="11780671356"/>
  <nd ref="11780671357"/>
  <nd ref="11780671358"/>
  <nd ref="11780671365"/>
  <tag k="highway" v="path"/>
 </way>
 <way id="1268398192" visible="true" version="1" changeset="149486328" timestamp="2024-04-02T15:09:19Z" user="야광멧돼지" uid="12393144">
  <nd ref="11780671352"/>
  <nd ref="11780671367"/>
  <tag k="highway" v="path"/>
 </way>
 <way id="1268398193" visible="true" version="1" changeset="149486328" timestamp="2024-04-02T15:09:19Z" user="야광멧돼지" uid="12393144">
  <nd ref="11780671368"/>
  <nd ref="11780671369"/>
  <tag k="highway" v="path"/>
 </way>
 <way id="1268398194" visible="true" version="1" changeset="149486328" timestamp="2024-04-02T15:09:19Z" user="야광멧돼지" uid="12393144">
  <nd ref="11780671370"/>
  <nd ref="11780671371"/>
  <nd ref="11780671372"/>
  <nd ref="11780671373"/>
  <nd ref="11780671374"/>
  <nd ref="11780671375"/>
  <nd ref="11780671376"/>
  <nd ref="11780671377"/>
  <nd ref="11780671378"/>
  <nd ref="11780671379"/>
  <nd ref="11780671380"/>
  <nd ref="11780671381"/>
  <nd ref="11780671382"/>
  <nd ref="11780671383"/>
  <nd ref="11780671384"/>
  <tag k="highway" v="path"/>
 </way>
 <way id="1268398195" visible="true" version="3" changeset="164112777" timestamp="2025-03-26T09:33:56Z" user="FUKUTAN" uid="5207199">
  <nd ref="11780671385"/>
  <nd ref="11780671386"/>
  <nd ref="11780671387"/>
  <nd ref="11780671388"/>
  <nd ref="11780671389"/>
  <nd ref="11780671390"/>
  <nd ref="11780671391"/>
  <nd ref="11780671392"/>
  <nd ref="11780671393"/>
  <nd ref="11780671394"/>
  <nd ref="12701887296"/>
  <nd ref="12701887295"/>
  <nd ref="12701887297"/>
  <nd ref="11780671395"/>
  <nd ref="11780671396"/>
  <nd ref="12701887299"/>
  <nd ref="12701887298"/>
  <nd ref="11780671397"/>
  <nd ref="12701887300"/>
  <nd ref="12701887301"/>
  <nd ref="11780671398"/>
  <nd ref="12701887302"/>
  <nd ref="12701887303"/>
  <nd ref="11780671399"/>
  <nd ref="11780671400"/>
  <nd ref="11780671401"/>
  <nd ref="11780671402"/>
  <nd ref="11780671403"/>
  <nd ref="11780671404"/>
  <nd ref="11780671405"/>
  <nd ref="11780671406"/>
  <nd ref="11780671407"/>
  <nd ref="11780671408"/>
  <nd ref="11780671409"/>
  <nd ref="11780671410"/>
  <nd ref="12701887243"/>
  <nd ref="12701887244"/>
  <nd ref="11780671411"/>
  <nd ref="11780671412"/>
  <nd ref="11780671413"/>
  <nd ref="11780671414"/>
  <nd ref="11780671415"/>
  <nd ref="11780671416"/>
  <nd ref="12701887245"/>
  <nd ref="11780671417"/>
  <nd ref="11780671418"/>
  <nd ref="12096598325"/>
  <nd ref="12701887280"/>
  <nd ref="12096598324"/>
  <nd ref="12096598323"/>
  <nd ref="12096598322"/>
  <nd ref="12096598321"/>
  <tag k="highway" v="residential"/>
 </way>
 <way id="1268398196" visible="true" version="1" changeset="149486328" timestamp="2024-04-02T15:09:19Z" user="야광멧돼지" uid="12393144">
  <nd ref="10087024563"/>
  <nd ref="10087024564"/>
  <nd ref="10087024565"/>
  <nd ref="10087024566"/>
  <nd ref="10087024567"/>
  <nd ref="10087024568"/>
  <nd ref="10087024569"/>
  <nd ref="11780671421"/>
  <tag k="waterway" v="stream"/>
 </way>
 <way id="1268398197" visible="true" version="1" changeset="149486328" timestamp="2024-04-02T15:09:19Z" user="야광멧돼지" uid="12393144">
  <nd ref="11780671419"/>
  <nd ref="10087024563"/>
  <tag k="layer" v="-1"/>
  <tag k="tunnel" v="culvert"/>
  <tag k="waterway" v="stream"/>
 </way>
 <way id="1268398198" visible="true" version="1" changeset="149486328" timestamp="2024-04-02T15:09:19Z" user="야광멧돼지" uid="12393144">
  <nd ref="11780671420"/>
  <nd ref="10087024570"/>
  <nd ref="10087024571"/>
  <nd ref="10087024572"/>
  <nd ref="10087024573"/>
  <tag k="waterway" v="stream"/>
 </way>
 <way id="1268398199" visible="true" version="1" changeset="149486328" timestamp="2024-04-02T15:09:19Z" user="야광멧돼지" uid="12393144">
  <nd ref="11780671421"/>
  <nd ref="11780671420"/>
  <tag k="layer" v="-1"/>
  <tag k="tunnel" v="culvert"/>
  <tag k="waterway" v="stream"/>
 </way>
 <way id="1306096501" visible="true" version="1" changeset="154920955" timestamp="2024-08-07T07:08:29Z" user="morago" uid="11113946">
  <nd ref="12096597678"/>
  <nd ref="12096594757"/>
  <nd ref="12096594756"/>
  <nd ref="12096594755"/>
  <nd ref="12096594754"/>
  <nd ref="12096594753"/>
  <nd ref="12096594752"/>
  <nd ref="12096594751"/>
  <nd ref="12096594750"/>
  <nd ref="7660932989"/>
  <tag k="highway" v="service"/>
 </way>
 <way id="1306096509" visible="true" version="1" changeset="154920955" timestamp="2024-08-07T07:08:29Z" user="morago" uid="11113946">
  <nd ref="12096597688"/>
  <nd ref="12096597684"/>
  <nd ref="12096597685"/>
  <nd ref="12096597687"/>
  <nd ref="12096597686"/>
  <nd ref="10237942551"/>
  <nd ref="12096597688"/>
  <tag k="amenity" v="parking"/>
 </way>
 <way id="1306096510" visible="true" version="1" changeset="154920955" timestamp="2024-08-07T07:08:29Z" user="morago" uid="11113946">
  <nd ref="12096597719"/>
  <nd ref="12096597701"/>
  <nd ref="12096597700"/>
  <nd ref="12096597699"/>
  <nd ref="12096597698"/>
  <nd ref="12096597697"/>
  <nd ref="12096597696"/>
  <nd ref="12096597695"/>
  <nd ref="12096597694"/>
  <nd ref="12096597693"/>
  <nd ref="12096597692"/>
  <nd ref="12096597691"/>
  <nd ref="12096597690"/>
  <nd ref="12096597689"/>
  <nd ref="7069531457"/>
  <tag k="highway" v="footway"/>
 </way>
 <way id="1306096511" visible="true" version="1" changeset="154920955" timestamp="2024-08-07T07:08:29Z" user="morago" uid="11113946">
  <nd ref="12096597721"/>
  <nd ref="12096597720"/>
  <nd ref="12096597719"/>
  <nd ref="12096597718"/>
  <nd ref="12096597717"/>
  <nd ref="12096597716"/>
  <nd ref="12096597715"/>
  <nd ref="12096597714"/>
  <nd ref="12096597713"/>
  <nd ref="12096597712"/>
  <nd ref="12096597711"/>
  <nd ref="12096597710"/>
  <nd ref="12096597709"/>
  <nd ref="12096597708"/>
  <nd ref="12096597707"/>
  <nd ref="12096597706"/>
  <nd ref="12096597705"/>
  <nd ref="12096597704"/>
  <nd ref="12096597703"/>
  <nd ref="12096597702"/>
  <nd ref="7660933027"/>
  <tag k="highway" v="footway"/>
 </way>
 <way id="1306096593" visible="true" version="2" changeset="163107400" timestamp="2025-03-02T01:48:07Z" user="dongin" uid="11518918">
  <nd ref="12096599336"/>
  <nd ref="12096599335"/>
  <nd ref="12096599334"/>
  <nd ref="12096599333"/>
  <nd ref="12096599332"/>
  <nd ref="12096597721"/>
  <nd ref="12096599331"/>
  <nd ref="12096599330"/>
  <nd ref="12096599329"/>
  <nd ref="12096599328"/>
  <nd ref="12096599327"/>
  <nd ref="12096599326"/>
  <tag k="highway" v="track"/>
  <tag k="surface" v="concrete"/>
  <tag k="tracktype" v="grade1"/>
 </way>
 <way id="1306096594" visible="true" version="2" changeset="163107400" timestamp="2025-03-02T01:48:07Z" user="dongin" uid="11518918">
  <nd ref="7660933319"/>
  <nd ref="12096599344"/>
  <nd ref="12096599343"/>
  <nd ref="12096599342"/>
  <nd ref="12096599341"/>
  <nd ref="12096599340"/>
  <nd ref="12096599339"/>
  <nd ref="12096599338"/>
  <nd ref="7660933127"/>
  <tag k="highway" v="track"/>
  <tag k="surface" v="concrete"/>
  <tag k="tracktype" v="grade1"/>
 </way>
 <way id="1363944624" visible="true" version="1" changeset="163107400" timestamp="2025-03-02T01:48:07Z" user="dongin" uid="11518918">
  <nd ref="12629416631"/>
  <nd ref="7660933319"/>
  <nd ref="7660915369"/>
  <nd ref="7660872681"/>
  <nd ref="7660933047"/>
  <nd ref="7660933071"/>
  <nd ref="7660933394"/>
  <nd ref="7660932753"/>
  <nd ref="7660933127"/>
  <nd ref="7660925468"/>
  <nd ref="7660933027"/>
  <nd ref="12096599336"/>
  <nd ref="7660933493"/>
  <nd ref="7660933022"/>
  <nd ref="7660933511"/>
  <nd ref="7069531543"/>
  <nd ref="12096599337"/>
  <nd ref="7660933390"/>
  <nd ref="7660932996"/>
  <nd ref="7660925470"/>
  <nd ref="7660924074"/>
  <nd ref="12096599326"/>
  <nd ref="7069531447"/>
  <nd ref="7660933509"/>
  <nd ref="7660932989"/>
  <nd ref="7660933101"/>
  <nd ref="12096597683"/>
  <nd ref="12096597682"/>
  <nd ref="12096597681"/>
  <nd ref="12096597680"/>
  <nd ref="12096597679"/>
  <nd ref="7069531457"/>
  <tag k="highway" v="track"/>
  <tag k="source" v="digitalglobe"/>
  <tag k="surface" v="concrete"/>
  <tag k="tracktype" v="grade1"/>
 </way>
 <way id="1363944625" visible="true" version="1" changeset="163107400" timestamp="2025-03-02T01:48:07Z" user="dongin" uid="11518918">
  <nd ref="7660933047"/>
  <nd ref="12629416632"/>
  <nd ref="12629416633"/>
  <nd ref="12629416634"/>
  <nd ref="12629416635"/>
  <nd ref="12629416636"/>
  <nd ref="12629416637"/>
  <nd ref="12629416638"/>
  <nd ref="12629416639"/>
  <nd ref="12629416640"/>
  <nd ref="12629416641"/>
  <nd ref="12629416642"/>
  <nd ref="12629416643"/>
  <nd ref="12629416644"/>
  <nd ref="12629416645"/>
  <tag k="highway" v="track"/>
  <tag k="surface" v="concrete"/>
  <tag k="tracktype" v="grade1"/>
 </way>
 <way id="1363944626" visible="true" version="1" changeset="163107400" timestamp="2025-03-02T01:48:07Z" user="dongin" uid="11518918">
  <nd ref="12629416652"/>
  <nd ref="12629416653"/>
  <nd ref="12629416647"/>
  <nd ref="12629416654"/>
  <nd ref="12629416655"/>
  <nd ref="12629416656"/>
  <nd ref="12629416657"/>
  <nd ref="12629416658"/>
  <nd ref="12629416659"/>
  <nd ref="7069531508"/>
  <nd ref="12629416660"/>
  <nd ref="12629416661"/>
  <tag k="highway" v="residential"/>
  <tag k="surface" v="asphalt"/>
 </way>
 <way id="1363944627" visible="true" version="1" changeset="163107400" timestamp="2025-03-02T01:48:07Z" user="dongin" uid="11518918">
  <nd ref="12629416646"/>
  <nd ref="12629416647"/>
  <nd ref="12629416648"/>
  <nd ref="12629416649"/>
  <nd ref="12629416650"/>
  <nd ref="12629416651"/>
  <nd ref="7660933027"/>
  <tag k="highway" v="track"/>
  <tag k="surface" v="concrete"/>
  <tag k="tracktype" v="grade1"/>
 </way>
 <way id="1363944628" visible="true" version="1" changeset="163107400" timestamp="2025-03-02T01:48:07Z" user="dongin" uid="11518918">
  <nd ref="12629416645"/>
  <nd ref="12629416646"/>
  <tag k="bridge" v="yes"/>
  <tag k="highway" v="track"/>
  <tag k="layer" v="1"/>
  <tag k="surface" v="concrete"/>
  <tag k="tracktype" v="grade1"/>
 </way>
 <way id="1363944629" visible="true" version="1" changeset="163107400" timestamp="2025-03-02T01:48:07Z" user="dongin" uid="11518918">
  <nd ref="12629416662"/>
  <nd ref="12629416663"/>
  <nd ref="12629416664"/>
  <nd ref="12629416665"/>
  <nd ref="12629416666"/>
  <nd ref="12629416667"/>
  <nd ref="12629416668"/>
  <nd ref="12629416669"/>
  <nd ref="12629416670"/>
  <nd ref="12096597671"/>
  <tag k="highway" v="track"/>
  <tag k="surface" v="concrete"/>
  <tag k="tracktype" v="grade1"/>
 </way>
 <way id="1363944630" visible="true" version="1" changeset="163107400" timestamp="2025-03-02T01:48:07Z" user="dongin" uid="11518918">
  <nd ref="10087024856"/>
  <nd ref="10087024855"/>
  <tag k="waterway" v="stream"/>
 </way>
 <way id="1363944631" visible="true" version="1" changeset="163107400" timestamp="2025-03-02T01:48:07Z" user="dongin" uid="11518918">
  <nd ref="12629416671"/>
  <nd ref="10087024856"/>
  <tag k="layer" v="-1"/>
  <tag k="tunnel" v="culvert"/>
  <tag k="waterway" v="stream"/>
 </way>
 <relation id="8920203" visible="true" version="1" changeset="64423449" timestamp="2018-11-12T22:42:16Z" user="maphunter36" uid="2924920">
  <member type="way" ref="490514496" role="outer"/>
  <tag k="natural" v="wood"/>
  <tag k="type" v="multipolygon"/>
 </relation>
 <relation id="10396285" visible="true" version="1" changeset="78223395" timestamp="2019-12-10T19:11:18Z" user="maphunter36" uid="2924920">
  <member type="way" ref="624152284" role="outer"/>
  <member type="way" ref="754359750" role="outer"/>
  <tag k="natural" v="wood"/>
  <tag k="type" v="multipolygon"/>
 </relation>
 <relation id="11075789" visible="true" version="7" changeset="177682929" timestamp="2026-01-25T14:05:08Z" user="aaei924" uid="10626814">
  <member type="relation" ref="11075788" role=""/>
  <member type="relation" ref="13684476" role=""/>
  <member type="relation" ref="13798627" role=""/>
  <member type="relation" ref="13683705" role=""/>
  <member type="relation" ref="20125339" role=""/>
  <member type="relation" ref="20125338" role=""/>
  <member type="relation" ref="20125337" role=""/>
  <member type="relation" ref="20125336" role=""/>
  <member type="relation" ref="16509666" role=""/>
  <member type="relation" ref="13660050" role=""/>
  <member type="relation" ref="20125335" role=""/>
  <member type="relation" ref="20125334" role=""/>
  <member type="relation" ref="20125333" role=""/>
  <member type="relation" ref="16508742" role=""/>
  <member type="relation" ref="20125332" role=""/>
  <member type="relation" ref="20125331" role=""/>
  <member type="relation" ref="20125330" role=""/>
  <member type="relation" ref="20125329" role=""/>
  <member type="relation" ref="20125328" role=""/>
  <member type="relation" ref="20125327" role=""/>
  <member type="relation" ref="20125326" role=""/>
  <member type="relation" ref="9087297" role=""/>
  <member type="relation" ref="20136364" role=""/>
  <member type="relation" ref="20136363" role=""/>
  <member type="relation" ref="20136362" role=""/>
  <member type="relation" ref="20136361" role=""/>
  <member type="relation" ref="20136360" role=""/>
  <member type="relation" ref="20136359" role=""/>
  <member type="relation" ref="20136358" role=""/>
  <member type="relation" ref="20136357" role=""/>
  <member type="relation" ref="20136356" role=""/>
  <member type="relation" ref="20136355" role=""/>
  <member type="relation" ref="20136354" role=""/>
  <member type="relation" ref="20136353" role=""/>
  <member type="relation" ref="20136352" role=""/>
  <tag k="name" v="대한민국 지방도 (전라남도)"/>
  <tag k="name:en" v="Local Road of Jeollanam-do, South Korea"/>
  <tag k="name:ko" v="대한민국 지방도 (전라남도)"/>
  <tag k="network" v="KR:local"/>
  <tag k="type" v="network"/>
 </relation>
 <relation id="16508741" visible="true" version="5" changeset="170248460" timestamp="2025-08-10T14:32:24Z" user="aaei924" uid="10626814">
  <member type="relation" ref="16509655" role=""/>
  <member type="relation" ref="16509663" role=""/>
  <member type="relation" ref="16509656" role=""/>
  <member type="relation" ref="16509667" role=""/>
  <member type="relation" ref="16509661" role=""/>
  <member type="relation" ref="16509657" role=""/>
  <member type="relation" ref="16508740" role=""/>
  <member type="relation" ref="16509670" role=""/>
  <member type="relation" ref="16509664" role=""/>
  <member type="relation" ref="16509671" role=""/>
  <member type="relation" ref="16509669" role=""/>
  <member type="relation" ref="16509668" role=""/>
  <member type="relation" ref="16509742" role=""/>
  <member type="relation" ref="16509674" role=""/>
  <member type="relation" ref="16509741" role=""/>
  <member type="relation" ref="16509676" role=""/>
  <member type="relation" ref="16509677" role=""/>
  <member type="relation" ref="16509660" role=""/>
  <member type="relation" ref="16509662" role=""/>
  <member type="relation" ref="16509673" role=""/>
  <member type="relation" ref="16508739" role=""/>
  <member type="relation" ref="16509675" role=""/>
  <member type="relation" ref="16509658" role=""/>
  <member type="relation" ref="16509665" role=""/>
  <member type="relation" ref="16509672" role=""/>
  <tag k="name" v="나주시도"/>
  <tag k="network" v="KR:46:Naju"/>
  <tag k="type" v="network"/>
 </relation>
 <relation id="16509677" visible="true" version="2" changeset="170167644" timestamp="2025-08-08T17:24:37Z" user="aaei924" uid="10626814">
  <member type="way" ref="1216295231" role=""/>
  <member type="way" ref="508038818" role=""/>
  <member type="way" ref="508038819" role=""/>
  <member type="way" ref="1216295233" role=""/>
  <member type="way" ref="1054973561" role=""/>
  <member type="way" ref="1102345398" role=""/>
  <member type="way" ref="1102345397" role=""/>
  <member type="way" ref="756916763" role=""/>
  <member type="way" ref="508038825" role=""/>
  <member type="way" ref="1102345401" role=""/>
  <member type="way" ref="1054973554" role=""/>
  <member type="way" ref="1216295234" role=""/>
  <member type="way" ref="508038824" role=""/>
  <member type="way" ref="508038823" role=""/>
  <tag k="name" v="나주시도 제29호선"/>
  <tag k="network" v="KR:46:Naju"/>
  <tag k="ref" v="29"/>
  <tag k="route" v="road"/>
  <tag k="type" v="route"/>
 </relation>
 <relation id="20125333" visible="true" version="3" changeset="185152579" timestamp="2026-07-05T17:30:33Z" user="aaei924" uid="10626814">
  <member type="way" ref="1098699775" role=""/>
  <member type="way" ref="474100299" role=""/>
  <member type="way" ref="1253820726" role=""/>
  <member type="way" ref="1323984996" role=""/>
  <member type="way" ref="1253820725" role=""/>
  <member type="way" ref="1323984997" role=""/>
  <member type="way" ref="718153566" role=""/>
  <member type="way" ref="629271058" role=""/>
  <member type="way" ref="629271061" role=""/>
  <member type="way" ref="957441931" role=""/>
  <member type="way" ref="957441930" role=""/>
  <member type="way" ref="1081082705" role=""/>
  <member type="way" ref="199400939" role=""/>
  <member type="way" ref="958878690" role=""/>
  <member type="way" ref="958878691" role=""/>
  <member type="way" ref="425370344" role=""/>
  <member type="way" ref="37411739" role=""/>
  <member type="way" ref="1081082706" role=""/>
  <member type="way" ref="37411742" role=""/>
  <member type="way" ref="68527920" role=""/>
  <member type="way" ref="658353307" role=""/>
  <member type="way" ref="37411741" role=""/>
  <member type="way" ref="199401034" role=""/>
  <member type="way" ref="199401035" role=""/>
  <member type="way" ref="199401038" role=""/>
  <member type="way" ref="199401039" role=""/>
  <member type="way" ref="199401036" role=""/>
  <member type="way" ref="199401037" role=""/>
  <member type="way" ref="199401042" role=""/>
  <member type="way" ref="425370347" role=""/>
  <member type="way" ref="606499476" role=""/>
  <member type="way" ref="199401040" role=""/>
  <member type="way" ref="199401041" role=""/>
  <member type="way" ref="611804100" role=""/>
  <member type="way" ref="611804099" role=""/>
  <member type="way" ref="606499475" role=""/>
  <member type="way" ref="474110586" role=""/>
  <member type="way" ref="37411715" role=""/>
  <member type="way" ref="491748366" role=""/>
  <member type="way" ref="491748365" role=""/>
  <member type="way" ref="1344072281" role=""/>
  <member type="way" ref="1344072282" role=""/>
  <member type="way" ref="256804616" role=""/>
  <member type="way" ref="820365620" role=""/>
  <member type="way" ref="820365619" role=""/>
  <member type="way" ref="481241973" role=""/>
  <member type="way" ref="481241972" role=""/>
  <member type="way" ref="540021997" role=""/>
  <member type="way" ref="718153107" role=""/>
  <member type="way" ref="540021998" role=""/>
  <member type="way" ref="68527818" role=""/>
  <member type="way" ref="486455708" role=""/>
  <member type="way" ref="486455709" role=""/>
  <member type="way" ref="68527858" role=""/>
  <member type="way" ref="611809167" role=""/>
  <member type="way" ref="611809166" role=""/>
  <member type="way" ref="491346739" role=""/>
  <member type="way" ref="1098699776" role=""/>
  <member type="way" ref="1292803570" role=""/>
  <member type="way" ref="1292803569" role=""/>
  <tag k="from" v="남평"/>
  <tag k="name" v="지방도 제822호선"/>
  <tag k="name:en" v="Local Road 822"/>
  <tag k="name:ko" v="지방도 제822호선"/>
  <tag k="network" v="KR:local"/>
  <tag k="ref" v="822"/>
  <tag k="ref:colour" v="#F5BF41"/>
  <tag k="ref:colour_tx" v="#29246C"/>
  <tag k="route" v="road"/>
  <tag k="to" v="노안"/>
  <tag k="type" v="route"/>
  <tag k="wikidata" v="Q17095048"/>
  <tag k="wikipedia" v="ko:지방도 제822호선"/>
 </relation>
</osm>
